flag,runner_name,is_wr,is_pb,in_game_time,re_timed_time,date,days_since,src_status,seed,instances(depracated),calc(depracated),link,minutes,seconds,milliseconds,total_milliseconds,retime_ms,retime,current_wr,cur_wr_normal_time,wr_at_time,normal_time,decay,weight,k,run_score,non_weighted_run_score,current_wr_run_score,dynamic_k,blank,iron_source,has_tnt,enter_type,enter_time,enter_structure1_split,structure_1_time,structure1_type,structure1_split,structure1_exit_time,structure1_structure2_split,structure2_time,structure2_type,structure_2_split,structure2_exit,blaze_rates_string,blaze_rods_collected,blazes_killed,blaze_rates_decimal,structure2_exit_exit1_split,rods_obtained_pre_exit1,num_exits,exit1_time,stronghold_travel_type,triangulation_split,eyes_thrown,eye_breaks,eyes_left,total_eye_loss,reenter_time,exit_2_split,stronghold_distance,<500,500-1000,1000-1500,1500-2000,2000+,exit_2_time,theoretical_blind,nether_split,total_nether,total_ow2,post_blind,structure2_finish_split,structure2_exit_stronghold_split,stronghold_time,portal_room_locator_type,stronghold_split,frames_filled,frames_needed,end_enter_time,end_type,explosives_used,rotations,zero_explosivies,perch_explosives,end_spawn_type,dragon_node,dragon_location,dragon_angle,tower_height,tower,standing_height,end_split,truncated_igt,bastion_type_2,bastion_route,chests_checked,depracated_bastion_info,bastion_enter_time,bastion_enter_route_start_split,route_start_time,route_split,total_bastion_split,bastion_exit_time,obsidian,string,glowstone,arrows,pearls,crying_obsidian,days_since_2,elo_weight,elo,timeloss
🇺🇸,lowkey,1,1,6:48.508,6:50.359,11 Jun 2025,391,(V),-8717682453392808086,,Yes,https://www.speedrun.com/mc/runs/m7l7960y,6,50,359,410359,1851,1.851,408508,1,421494,0.9735820676,,0.8224,0.5145509995,83.3832,101.3871,1000.0000,0.60000,,,,,,,,,,,,,,,,,,,,,,,,,,,,,,,,,,,,,,,,,,,,,,,,,,,,,,,,,,,,,,,,,,,,,,,,,,,,,,,,,,,,,
🇨🇦,Jay12310,0,1,6:56.051,6:56.731,04 Feb 2026,153,(V),6044301913007956989,,,https://www.speedrun.com/mc/runs/mep526qy,6,56,731,416731,680,0.68,416051,1.015527867,410359,1.015527867,,0.9264,0.6569457855,91.7023,98.9928,989.7499,0.66865,,,,,,,,,,,,,,,,,,,,,,,,,,,,,,,,,,,,,,,,,,,,,,,,,,,,,,,,,,,,,,,,,,,,,,,,,,,,,,,,,,,,,
🇮🇹,drip120,1,1,7:00.799,7:01.494,03 Jan 2024,916,(V),8802654848425114236,15,Yes,https://www.speedrun.com/mc/run/y8ko8qny,7,1,494,421494,695,0.695,420799,1.027134777,446254,0.9445159035,,0.6325,0.4353010615,64.8462,102.5159,980.7699,0.72526,,,,,,,,,,,,,,,,,,,,,,,,,,,,,,,,,,,,,,,,,,,,,,,,,,,,,,,,,,,,,,,,,,,,,,,,,,,,,,,,,,,,,
🇰🇷,pavkin,0,1,7:05.066,7:05.066,02 Jun 2026,35,(Q),-8631010155278757961,,,https://www.youtube.com/watch?v=D33RRwcqqY4,7,5,66,425066,0,0,425066,1.03583935,410359,1.03583935,,0.9827,0.7397596449,95.7386,97.4288,973.2199,0.77091,,,,,,,,,,,,,,,,,,,,,,,,,,,,,,,,,,,,,,,,,,,,,,,,,,,,,,,,,,,,,,,,,,,,,,,,,,,,,,,,,,,,,
🇨🇦,Aquacorde,0,1,7:08.699,7:08.699,10 Mar 2026,119,(V),2129033182999502069,,,https://www.speedrun.com/mc/runs/y4vwx5ny,7,8,699,428699,0,0,428699,1.044692574,410359,1.044692574,,0.9422,0.7790309314,91.0682,96.6512,964.7691,0.82032,,,,,,,,,,,,,,,,,,,,,,,,,,,,,,,,,,,,,,,,,,,,,,,,,,,,,,,,,,,,,,,,,,,,,,,,,,,,,,,,,,,,,
🇨🇦,Jay12310,0,0,7:09.845,7:09.845,29 May 2026,39,(U),video,,,https://www.youtube.com/watch?v=hP4_bUJulk4,7,9,845,429845,0,0,429845,1.047485251,410359,1.047485251,,0.9807,0.7918396051,94.5317,96.3931,961.9337,0.83655,,,,,,,,,,,,,,,,,,,,,,,,,,,,,,,,,,,,,,,,,,,,,,,,,,,,,,,,,,,,,,,,,,,,,,,,,,,,,,,,,,,,,
🇺🇦,loodlow,0,1,7:10.076,7:11.350,21 Oct 2025,259,(V),-1058044179150873683,,Yes,https://www.speedrun.com/mc/runs/ydo05ojz,7,11,350,431350,1274,1.274,430076,1.051152771,410359,1.051152771,,0.8785,0.8089749346,84.3785,96.0446,958.0821,0.85837,,,,,,,,,,,,,,,,,,,,,,,,,,,,,,,,,,,,,,,,,,,,,,,,,,,,,,,,,,,,,,,,,,,,,,,,,,,,,,,,,,,,,
🇨🇦,Aquacorde,0,1,7:09.181,7:11.993,16 Feb 2026,141,(V),-6645733506759892987,,,https://www.speedrun.com/mc/runs/zpvnl4gz,7,11,993,431993,2812,2.812,429181,1.052719692,410359,1.052719692,,0.9319,0.8164060284,89.3647,95.8923,956.3914,0.86786,,,,,,,,,,,,,,,,,,,,,,,,,,,,,,,,,,,,,,,,,,,,,,,,,,,,,,,,,,,,,,,,,,,,,,,,,,,,,,,,,,,,,
🇩🇰,Bloopy,0,1,7:13.157,7:13.157,16 Oct 2025,264,(V),-5449384532227041969,,Yes,https://www.speedrun.com/mc/runs/yv535lom,7,13,157,433157,0,0,433157,1.055556232,410359,1.055556232,,0.8763,0.8300281801,83.7882,95.6114,953.2609,0.88531,,,,,,,,,,,,,,,,,,,,,,,,,,,,,,,,,,,,,,,,,,,,,,,,,,,,,,,,,,,,,,,,,,,,,,,,,,,,,,,,,,,,,
🇨🇦,Aquacorde,0,0,7:13.017,7:13.178,04 Jun 2026,33,(U),todo,,,https://www.youtube.com/watch?v=th2B5695usM,7,13,178,433178,161,0.161,433017,1.055607407,410359,1.055607407,,0.9836,0.830275965,94.0417,95.6063,953.2036,0.88562,,,,,,,,,,,,,,,,,,,,,,,,,,,,,,,,,,,,,,,,,,,,,,,,,,,,,,,,,,,,,,,,,,,,,,,,,,,,,,,,,,,,,
🇵🇱,watermelon1708,0,1,7:16.326,7:16.326,07 Dec 2025,212,(V),-3009416634026052013,,Yes,https://www.speedrun.com/mc/runs/y9wx8x2z,7,16,326,436326,0,0,436326,1.063278739,410359,1.063278739,,0.8994,0.8682453027,85.2763,94.8121,944.2692,0.93459,,,,,,,,,,,,,,,,,,,,,,,,,,,,,,,,,,,,,,,,,,,,,,,,,,,,,,,,,,,,,,,,,,,,,,,,,,,,,,,,,,,,,
🇳🇴,skycrab1,0,1,7:16.474,7:16.560,02 Jan 2026,186,(V),-8753882162041693203,,Yes,https://www.speedrun.com/mc/runs/m320j36y,7,16,560,436560,86,0.086,436474,1.063848971,410359,1.063848971,,0.9112,0.8711339965,86.3365,94.7510,943.5775,0.93834,,,,,,,,,,,,,,,,,,,,,,,,,,,,,,,,,,,,,,,,,,,,,,,,,,,,,,,,,,,,,,,,,,,,,,,,,,,,,,,,,,,,,
🇨🇦,wethr,0,1,7:17.054,7:17.054,13 May 2026,55,(Q),-5868183305155852020,,,https://www.speedrun.com/mc/runs/z02q5n9m,7,17,54,437054,0,0,437054,1.065052795,410359,1.065052795,,0.9729,0.8772629382,92.0545,94.6212,942.1043,0.94629,,,,,,,,,,,,,,,,,,,,,,,,,,,,,,,,,,,,,,,,,,,,,,,,,,,,,,,,,,,,,,,,,,,,,,,,,,,,,,,,,,,,,
🇳🇱,Pjoes,0,1,7:17.039,7:17.356,27 Jun 2026,10,(V),-6627384740265529762,,,https://www.speedrun.com/mc/runs/mrpjve7z,7,17,356,437356,317,0.317,437039,1.065788736,410359,1.065788736,,0.9950,0.8810303078,94.0696,94.5412,941.1951,0.95118,,,,,,,,,,,,,,,,,,,,,,,,,,,,,,,,,,,,,,,,,,,,,,,,,,,,,,,,,,,,,,,,,,,,,,,,,,,,,,,,,,,,,
🇵🇱,okshey,0,1,7:21.820,7:21.820,22 Mar 2026,107,(Q),todo,,,https://www.speedrun.com/mc/runs/z5nrjxez,7,21,820,441820,0,0,441820,1.076667016,410359,1.076667016,,0.9479,0.9385710475,88.4412,93.3016,926.9752,1.02651,,,,,,,,,,,,,,,,,,,,,,,,,,,,,,,,,,,,,,,,,,,,,,,,,,,,,,,,,,,,,,,,,,,,,,,,,,,,,,,,,,,,,
🇨🇦,NoHacsJustRoblox,0,1,7:21.808,7:22.283,29 Apr 2024,799,(V),8722833245086318634,,Yes,https://www.speedrun.com/mc/runs/z58ewkez,7,22,283,442283,475,0.475,441808,1.077795296,421494,1.049322173,,0.6707,0.8003771264,64.5304,96.2199,925.4147,1.03465,,,,,,,,,,,,,,,,,,,,,,,,,,,,,,,,,,,,,,,,,,,,,,,,,,,,,,,,,,,,,,,,,,,,,,,,,,,,,,,,,,,,,
🇳🇴,skycrab1,0,1,7:22.684,7:23.784,19 Apr 2024,809,(V),6338107534563615641,,Yes,https://www.speedrun.com/mc/runs/mew18n2m,7,23,784,443784,1100,1.1,442684,1.081453069,421494,1.052883315,,0.6673,0.8171858444,63.9792,95.8763,920.2419,1.06147,,,,,,,,,,,,,,,,,,,,,,,,,,,,,,,,,,,,,,,,,,,,,,,,,,,,,,,,,,,,,,,,,,,,,,,,,,,,,,,,,,,,,
🇨🇦,Aquacorde,0,1,7:24.170,7:24.170,16 Oct 2025,264,(V),-1813865513517318496,,Yes,https://www.speedrun.com/mc/runs/ydo6pewz,7,24,170,444170,0,0,444170,1.082393709,410359,1.082393709,,0.8763,0.9702956646,81.1539,92.6054,918.8832,1.06847,,,,,,,,,,,,,,,,,,,,,,,,,,,,,,,,,,,,,,,,,,,,,,,,,,,,,,,,,,,,,,,,,,,,,,,,,,,,,,,,,,,,,
🇸🇰,NoFear1337,1,1,7:24.504,7:26.254,08 Dec 2023,942,(V),-8415980398606239765,12,Yes,https://www.speedrun.com/mc/run/m7308v9y,7,26,254,446254,1750,1.75,444504,1.087472189,465828,0.9579801987,,0.6244,0.4702249908,63.7109,102.0391,911.3441,1.10707,,,,,,,,,,,,,,,,,,,,,,,,,,,,,,,,,,,,,,,,,,,,,,,,,,,,,,,,,,,,,,,,,,,,,,,,,,,,,,,,,,,,,
🇳🇴,skycrab1,0,0,7:27.923,7:27.923,20 Mar 2026,109,(U),-5301700605608362807,,,https://www.youtube.com/watch?v=gd8ToSBA6yY,7,27,923,447923,0,0,447923,1.091539359,410359,1.091539359,,0.9470,1.023093743,86.5791,91.4286,905.0543,1.13896,,,,,,,,,,,,,,,,,,,,,,,,,,,,,,,,,,,,,,,,,,,,,,,,,,,,,,,,,,,,,,,,,,,,,,,,,,,,,,,,,,,,,
🇫🇮,AndrewCrow,0,1,7:28.358,7:28.874,17 Feb 2026,140,(Q),-346656346610546380,,,https://www.speedrun.com/mc/runs/m389g06y,7,28,874,448874,516,0.516,448358,1.093856842,410359,1.093856842,,0.9324,1.036900388,84.9574,91.1175,901.3684,1.15752,,,,,,,,,,,,,,,,,,,,,,,,,,,,,,,,,,,,,,,,,,,,,,,,,,,,,,,,,,,,,,,,,,,,,,,,,,,,,,,,,,,,,
🇨🇦,Jay12310,0,1,7:28.256,7:29.121,02 Aug 2024,704,(V),-6421260664080147265,,Yes,https://www.speedrun.com/mc/runs/y8prdrxz,7,29,121,449121,865,0.865,448256,1.094458754,421494,1.065545417,,0.7033,0.8797829997,66.5076,94.5677,900.3988,1.16239,,,,,,,,,,,,,,,,,,,,,,,,,,,,,,,,,,,,,,,,,,,,,,,,,,,,,,,,,,,,,,,,,,,,,,,,,,,,,,,,,,,,,
🇩🇪,jason_n,0,1,7:29.374,7:29.374,06 Oct 2024,639,(V),-4936383011000236174,,Yes,https://www.speedrun.com/mc/runs/znxxp6vy,7,29,374,449374,0,0,449374,1.095075288,421494,1.066145663,,0.7265,0.8828630866,68.6570,94.5022,899.4004,1.16740,,,,,,,,,,,,,,,,,,,,,,,,,,,,,,,,,,,,,,,,,,,,,,,,,,,,,,,,,,,,,,,,,,,,,,,,,,,,,,,,,,,,,
🇫🇮,sadekeppi,0,1,7:29.931,7:29.931,02 Apr 2025,461,(V),6582471955859004032,,Yes,https://www.speedrun.com/mc/runs/z5l4r5gy,7,29,931,449931,0,0,449931,1.096432636,421494,1.067467153,,0.7941,0.8896809198,74.9322,94.3569,897.1836,1.17850,,,,,,,,,,,,,,,,,,,,,,,,,,,,,,,,,,,,,,,,,,,,,,,,,,,,,,,,,,,,,,,,,,,,,,,,,,,,,,,,,,,,,
🇺🇸,doogile,0,1,7:29.752,7:30.439,12 Dec 2023,938,(V),-8404662731985464270,18,Yes,https://www.speedrun.com/mc/runs/m3kq8ddy,7,30,439,450439,687,0.687,449752,1.097670576,446254,1.009378067,,0.6256,0.6337612606,62.1937,99.4102,895.1392,1.18871,,,,,,,,,,,,,,,,,,,,,,,,,,,,,,,,,,,,,,,,,,,,,,,,,,,,,,,,,,,,,,,,,,,,,,,,,,,,,,,,,,,,,
🇵🇱,watermelon1708,0,1,7:30.263,7:30.682,04 Dec 2025,215,(U),-8027616666562891938,,Yes,https://www.youtube.com/watch?v=zaVHr65a7Uk&list=PLZ59bMb0zBUSR6W9smbN1LDkQJlGfPEUk&index=4,7,30,682,450682,419,0.419,450263,1.098262741,410359,1.098262741,,0.8981,1.063637639,81.2862,90.5114,894.1536,1.19362,,,,,,,,,,,,,,,,,,,,,,,,,,,,,,,,,,,,,,,,,,,,,,,,,,,,,,,,,,,,,,,,,,,,,,,,,,,,,,,,,,,,,
🇺🇸,itsnahan,0,1,7:32.783,7:32.783,04 Jun 2025,398,(V),4115833317145621618,,Yes,https://www.speedrun.com/mc/runs/zqp1639m,7,32,783,452783,0,0,452783,1.103382648,421494,1.07423356,,0.8195,0.9253934447,76.7003,93.5883,885.4230,1.23693,,,,,,,,,,,,,,,,,,,,,,,,,,,,,,,,,,,,,,,,,,,,,,,,,,,,,,,,,,,,,,,,,,,,,,,,,,,,,,,,,,,,,
🇳🇴,skycrab1,0,0,7:25.567,7:32.827,19 Aug 2024,687,(U),4927231128345776418,,Yes,https://www.youtube.com/watch?v=87ruBPBpgbg&list=PLU3_fvoJ1GyMStiA29z37DUPtG47PvOJz&index=57,7,32,827,452827,7260,7.26,445567,1.103489871,421494,1.07433795,,0.7093,0.925955072,66.3720,93.5761,885.2361,1.23785,,,,,,,,,,,,,,,,,,,,,,,,,,,,,,,,,,,,,,,,,,,,,,,,,,,,,,,,,,,,,,,,,,,,,,,,,,,,,,,,,,,,,
🇸🇰,NoFear1337,0,0,7:29.999,7:32.999,21 Jan 2024,898,(U),1330456095954625394,,Yes,https://www.youtube.com/watch?v=u1WAriPLZMQ,7,32,999,452999,3000,3,449999,1.103909016,421494,1.074746022,,0.6383,0.9281536684,59.6960,93.5284,884.5040,1.24147,,,,,,,,,,,,,,,,,,,,,,,,,,,,,,,,,,,,,,,,,,,,,,,,,,,,,,,,,,,,,,,,,,,,,,,,,,,,,,,,,,,,,
🇨🇦,Jay12310,0,0,7:33.098,7:33.098,28 May 2026,40,(U),unknown,,,https://www.youtube.com/watch?v=9UT5HUhM2k0,7,33,98,453098,0,0,453098,1.104150268,410359,1.104150268,,0.9802,1.100385253,87.8955,89.6711,884.0815,1.24355,,,,,,,,,,,,,,,,,,,,,,,,,,,,,,,,,,,,,,,,,,,,,,,,,,,,,,,,,,,,,,,,,,,,,,,,,,,,,,,,,,,,,
🇿🇦,Airpodsz,0,1,7:32.691,7:33.014,17 May 2026,51,(Q),852302592884050638,,,https://www.youtube.com/watch?v=nIqa8Is866M,7,33,14,453014,323,0.323,452691,1.10394557,410359,1.10394557,,0.9748,1.099087742,87.4424,89.7009,884.4400,1.24178,,,,,,,,,,,,,,,,,,,,,,,,,,,,,,,,,,,,,,,,,,,,,,,,,,,,,,,,,,,,,,,,,,,,,,,,,,,,,,,,,,,,,
🇨🇦,Aquacorde,0,0,7:33.640,7:33.803,21 May 2026,47,(U),7581169436172902984,,,https://www.youtube.com/watch?v=knjUWkPMBQ4,7,33,803,453803,163,0.163,453640,1.105868276,410359,1.105868276,,0.9768,1.111332125,87.3424,89.4192,881.0480,1.25849,,,,,,,,,,,,,,,,,,,,,,,,,,,,,,,,,,,,,,,,,,,,,,,,,,,,,,,,,,,,,,,,,,,,,,,,,,,,,,,,,,,,,
🇵🇱,kazzruns,0,1,7:33.804,7:33.804,24 Jul 2025,348,(V),-5890829594904468442,,Yes,https://www.speedrun.com/mc/runs/yjqo30nm,7,33,804,453804,0,0,453804,1.105870713,410359,1.105870713,,0.8403,1.111347725,75.1384,89.4189,881.0437,1.25851,,,,,,,,,,,,,,,,,,,,,,,,,,,,,,,,,,,,,,,,,,,,,,,,,,,,,,,,,,,,,,,,,,,,,,,,,,,,,,,,,,,,,
🇨🇦,Aquacorde,0,0,7:34.421,7:34.056,03 Mar 2026,126,(U),6573117783169949946,,,https://www.youtube.com/watch?v=l__1dhyvdjw,7,34,56,454056,-365,-0.365,454421,1.10648481,410359,1.10648481,,0.9389,1.115285531,83.8741,89.3281,879.9489,1.26390,,,,,,,,,,,,,,,,,,,,,,,,,,,,,,,,,,,,,,,,,,,,,,,,,,,,,,,,,,,,,,,,,,,,,,,,,,,,,,,,,,,,,
🇺🇸,Feinberg,0,1,7:34.367,7:34.367,28 Apr 2026,70,(Q),2511758293074259151,,,https://www.youtube.com/watch?v=iOWwIieY6C4,7,34,367,454367,0,0,454367,1.107242683,410359,1.107242683,,0.9656,1.120163395,86.1471,89.2156,878.5903,1.27057,,,,,,,,,,,,,,,,,,,,,,,,,,,,,,,,,,,,,,,,,,,,,,,,,,,,,,,,,,,,,,,,,,,,,,,,,,,,,,,,,,,,,
🇺🇸,itsnahan,0,0,7:34.447,7:34.546,19 Dec 2025,200,(U),-7173684177694873982,,Yes,https://www.youtube.com/watch?v=1_O9cZzkKpk,7,34,546,454546,99,0.099,454447,1.107678886,410359,1.107678886,,0.9048,1.122980009,80.6668,89.1506,877.8044,1.27443,,,,,,,,,,,,,,,,,,,,,,,,,,,,,,,,,,,,,,,,,,,,,,,,,,,,,,,,,,,,,,,,,,,,,,,,,,,,,,,,,,,,,
🇦🇿,KenanKardes,0,1,7:35.447,7:34.838,13 Sep 2024,662,(V),5361864572335160821,,Yes,https://www.speedrun.com/mc/runs/zx0e765z,7,34,838,454838,-609,-0.609,455447,1.108390458,421494,1.079109074,,0.7182,0.9519761064,66.7992,93.0085,876.5165,1.28074,,,,,,,,,,,,,,,,,,,,,,,,,,,,,,,,,,,,,,,,,,,,,,,,,,,,,,,,,,,,,,,,,,,,,,,,,,,,,,,,,,,,,
🇵🇱,watermelon1708,0,0,7:35.875,7:35.875,21 Feb 2026,136,(U),unknown,,,https://www.youtube.com/watch?v=3E-mIUUQVAU,7,35,875,455875,0,0,455875,1.110917514,410359,1.110917514,,0.9343,1.14410145,82.8330,88.6616,871.8824,1.30341,,,,,,,,,,,,,,,,,,,,,,,,,,,,,,,,,,,,,,,,,,,,,,,,,,,,,,,,,,,,,,,,,,,,,,,,,,,,,,,,,,,,,
🇩🇪,jason_n,0,0,7:36.562,7:36.562,27 Dec 2025,192,(U),5101166286806026119,,Yes,https://www.youtube.com/watch?v=PIIJU2GwFP4&list=PLZ59bMb0zBUSR6W9smbN1LDkQJlGfPEUk&index=1,7,36,562,456562,0,0,456562,1.112591658,410359,1.112591658,,0.9085,1.155165538,80.3123,88.4045,868.7603,1.31864,,,,,,,,,,,,,,,,,,,,,,,,,,,,,,,,,,,,,,,,,,,,,,,,,,,,,,,,,,,,,,,,,,,,,,,,,,,,,,,,,,,,,
🇩🇪,jason_n,0,0,7:38.273,7:38.273,12 Nov 2025,237,(U),2886416364403862215,,Yes,https://www.youtube.com/watch?v=bA3Sck4VKWw,7,38,273,458273,0,0,458273,1.116761177,410359,1.116761177,,0.8883,1.183158868,77.9456,87.7517,860.8025,1.35730,,,,,,,,,,,,,,,,,,,,,,,,,,,,,,,,,,,,,,,,,,,,,,,,,,,,,,,,,,,,,,,,,,,,,,,,,,,,,,,,,,,,,
🇩🇰,Bloopy,0,1,7:35.809,7:38.482,28 Nov 2024,586,(V),-7640184333545180122,,Yes,https://www.speedrun.com/mc/runs/zxj96rqy,7,38,482,458482,2673,2.673,455809,1.117270488,421494,1.087754511,,0.7460,1.000920059,68.5784,91.9254,859.8126,1.36209,,,,,,,,,,,,,,,,,,,,,,,,,,,,,,,,,,,,,,,,,,,,,,,,,,,,,,,,,,,,,,,,,,,,,,,,,,,,,,,,,,,,,
🇮🇱,orachi,0,1,7:36.656,7:38.738,17 Apr 2026,81,(Q),1736164389740735086,,,https://youtu.be/OYGFbW4afPw?si=is-E-XG_ij3QA938,7,38,738,458738,2082,2.082,456656,1.117894332,410359,1.117894332,,0.9603,1.190875737,84.0953,87.5711,858.5947,1.36799,,,,,,,,,,,,,,,,,,,,,,,,,,,,,,,,,,,,,,,,,,,,,,,,,,,,,,,,,,,,,,,,,,,,,,,,,,,,,,,,,,,,,
🇳🇴,skycrab1,0,0,7:39.667,7:39.667,08 Mar 2026,121,(U),488777781406333665,,,https://www.youtube.com/watch?v=bCf8wapBEIU,7,39,667,459667,0,0,459667,1.120158203,410359,1.120158203,,0.9413,1.206434093,82.0867,87.2063,854.1256,1.38959,,,,,,,,,,,,,,,,,,,,,,,,,,,,,,,,,,,,,,,,,,,,,,,,,,,,,,,,,,,,,,,,,,,,,,,,,,,,,,,,,,,,,
🇺🇸,Infume,0,1,7:39.778,7:39.778,06 Jun 2025,396,(?),-8467677866844055286,,,https://www.youtube.com/watch?v=UnKMvsVNbYU,7,39,778,459778,0,0,459778,1.120428698,421494,1.090829288,,0.8204,1.018898483,75.0826,91.5229,853.5864,1.39220,,,,,,,,,,,,,,,,,,,,,,,,,,,,,,,,,,,,,,,,,,,,,,,,,,,,,,,,,,,,,,,,,,,,,,,,,,,,,,,,,,,,,
🇺🇸,doogile,0,0,7:38.813,7:40.190,19 Oct 2025,261,(U),-6371149676202072948,,Yes,https://www.youtube.com/watch?v=HUv4d3f0b0Y,7,40,190,460190,1377,1.377,458813,1.121432697,410359,1.121432697,,0.8777,1.21527638,76.3548,86.9985,851.5754,1.40190,,,,,,,,,,,,,,,,,,,,,,,,,,,,,,,,,,,,,,,,,,,,,,,,,,,,,,,,,,,,,,,,,,,,,,,,,,,,,,,,,,,,,
🇬🇧,BeefSalad,0,1,7:40.572,7:40.572,27 Jan 2026,161,(V),-7982637122350751836,,,https://www.speedrun.com/mc/runs/ydop9ejz,7,40,572,460572,0,0,460572,1.122363589,410359,1.122363589,,0.9227,1.221773014,80.1286,86.8457,849.6972,1.41095,,,,,,,,,,,,,,,,,,,,,,,,,,,,,,,,,,,,,,,,,,,,,,,,,,,,,,,,,,,,,,,,,,,,,,,,,,,,,,,,,,,,,
🇳🇴,skycrab1,0,0,7:39.953,7:41.343,19 Dec 2025,200,(U),9053135870907266934,,Yes,https://www.youtube.com/watch?v=9YRVwmSP0e4&list=PLU3_fvoJ1GyMStiA29z37DUPtG47PvOJz&index=162,7,41,343,461343,1390,1.39,459953,1.124242432,410359,1.124242432,,0.9048,1.234984191,78.2996,86.5344,845.8659,1.42939,,,,,,,,,,,,,,,,,,,,,,,,,,,,,,,,,,,,,,,,,,,,,,,,,,,,,,,,,,,,,,,,,,,,,,,,,,,,,,,,,,,,,
🇹🇿,Kxpow,0,1,7:41.490,7:41.490,05 Oct 2025,275,(V),3413784149860051440,,Yes,https://www.speedrun.com/mc/runs/y2rqdr6m,7,41,490,461490,0,0,461490,1.124600655,410359,1.124600655,,0.8715,1.237518132,75.3656,86.4746,845.1293,1.43293,,,,,,,,,,,,,,,,,,,,,,,,,,,,,,,,,,,,,,,,,,,,,,,,,,,,,,,,,,,,,,,,,,,,,,,,,,,,,,,,,,,,,
🇩🇪,jason_n,0,0,7:42.171,7:42.171,12 May 2026,56,(U),-7549226815345637508,,,https://www.youtube.com/watch?v=XFafyirP82A,7,42,171,462171,0,0,462171,1.126260177,410359,1.126260177,,0.9724,1.249320367,83.8159,86.1959,841.6912,1.44944,,,,,,,,,,,,,,,,,,,,,,,,,,,,,,,,,,,,,,,,,,,,,,,,,,,,,,,,,,,,,,,,,,,,,,,,,,,,,,,,,,,,,
🇿🇦,Airpodsz,0,1,7:43.320,7:43.320,20 Mar 2026,109,(Q),253105556005796161,,,https://www.speedrun.com/mc/runs/zn6o493y,7,43,320,463320,0,0,463320,1.129060164,410359,1.129060164,,0.9470,1.269471381,81.1724,85.7190,835.7944,1.47771,,,,,,,,,,,,,,,,,,,,,,,,,,,,,,,,,,,,,,,,,,,,,,,,,,,,,,,,,,,,,,,,,,,,,,,,,,,,,,,,,,,,,
🇬🇧,priffie,0,1,7:43.529,7:43.909,24 Oct 2024,621,(V),-3978494106932821584,,Yes,https://www.speedrun.com/mc/runs/y6e87kpz,7,43,909,463909,380,0.38,463529,1.130495493,421494,1.100630139,,0.7331,1.078272428,66.1075,90.1777,832.7247,1.49240,,,,,,,,,,,,,,,,,,,,,,,,,,,,,,,,,,,,,,,,,,,,,,,,,,,,,,,,,,,,,,,,,,,,,,,,,,,,,,,,,,,,,
🇩🇰,Bloopy,0,0,7:44.248,7:44.248,07 Mar 2026,122,(U),-7077016121021295276,,,https://www.youtube.com/watch?v=1gyyI3VzVgg,7,44,248,464248,0,0,464248,1.131321599,410359,1.131321599,,0.9408,1.285966864,80.2783,85.3277,830.9435,1.50092,,,,,,,,,,,,,,,,,,,,,,,,,,,,,,,,,,,,,,,,,,,,,,,,,,,,,,,,,,,,,,,,,,,,,,,,,,,,,,,,,,,,,
🇺🇸,zylenox,0,1,7:44.775,7:45.223,12 Mar 2026,117,(Q),todo,,,https://www.youtube.com/watch?v=hi8zV9Wnris,7,45,223,465223,448,0.448,464775,1.133697567,410359,1.133697567,,0.9432,1.303512228,80.0859,84.9107,825.7617,1.52568,,,,,,,,,,,,,,,,,,,,,,,,,,,,,,,,,,,,,,,,,,,,,,,,,,,,,,,,,,,,,,,,,,,,,,,,,,,,,,,,,,,,,
🇸🇪,PAPLERR,0,1,7:45.368,7:45.368,15 May 2025,418,(V),2933743551005337304,,Yes,https://www.speedrun.com/mc/runs/zngk8olm,7,45,368,465368,0,0,465368,1.134050916,421494,1.104091636,,0.8114,1.100013455,72.7656,89.6796,824.9836,1.52939,,,,,,,,,,,,,,,,,,,,,,,,,,,,,,,,,,,,,,,,,,,,,,,,,,,,,,,,,,,,,,,,,,,,,,,,,,,,,,,,,,,,,
🇫🇷,M4xx,0,1,7:45.390,7:45.390,04 Mar 2026,125,(Q),805412740251903790,,,https://www.youtube.com/watch?v=dBMHGH7DJCc,7,45,390,465390,0,0,465390,1.134104528,410359,1.134104528,,0.9394,1.306539641,79.6985,84.8386,824.8654,1.52996,,,,,,,,,,,,,,,,,,,,,,,,,,,,,,,,,,,,,,,,,,,,,,,,,,,,,,,,,,,,,,,,,,,,,,,,,,,,,,,,,,,,,
🇹🇷,Ancoboy,0,1,7:40.016,7:45.590,11 Dec 2025,208,(V),-5628543556500972011,,,https://www.speedrun.com/mc/runs/yv580x4m,7,45,590,465590,5574,5.574,460016,1.134591906,410359,1.134591906,,0.9012,1.310173872,76.3807,84.7521,823.7886,1.53510,,,,,,,,,,,,,,,,,,,,,,,,,,,,,,,,,,,,,,,,,,,,,,,,,,,,,,,,,,,,,,,,,,,,,,,,,,,,,,,,,,,,,
🇺🇸,zylenox,1,1,7:42.999,7:45.828,07 Feb 2023,1246,(V),7499203634667178692,15,Yes,https://www.speedrun.com/mc/run/zg2q0lny,7,45,828,465828,2829,2.829,462999,1.135171886,495537,0.9400468583,,0.5363,0.4243519554,55.0590,102.6583,822.5023,1.54123,,,,,,,,,,,,,,,,,,,,,,,,,,,,,,,,,,,,,,,,,,,,,,,,,,,,,,,,,,,,,,,,,,,,,,,,,,,,,,,,,,,,,
?,maydough,0,1,7:40.098,7:45.924,04 May 2026,64,(Q),6846477327571075390,,,https://www.youtube.com/watch?v=AOm4aphnE44,7,45,924,465924,5826,5.826,460098,1.135405828,410359,1.135405828,,0.9685,1.316263957,81.9425,84.6071,821.9820,1.54372,,,,,,,,,,,,,,,,,,,,,,,,,,,,,,,,,,,,,,,,,,,,,,,,,,,,,,,,,,,,,,,,,,,,,,,,,,,,,,,,,,,,,
🇳🇴,skycrab1,0,0,7:46.784,7:46.784,20 May 2026,48,(U),-860262448598208531,,,https://youtu.be/nDX-9uxon4Y?si=uPyRZwkBgJizZuOD,7,46,784,466784,0,0,466784,1.137501554,410359,1.137501554,,0.9763,1.332066058,82.2328,84.2303,817.2831,1.56612,,,,,,,,,,,,,,,,,,,,,,,,,,,,,,,,,,,,,,,,,,,,,,,,,,,,,,,,,,,,,,,,,,,,,,,,,,,,,,,,,,,,,
🇮🇱,orachi,0,1,7:43.169,7:47.566,08 Jul 2025,364,(V),4897417229505621926,,Yes,https://www.speedrun.com/mc/runs/me2eeo2m,7,47,566,467566,4397,4.397,463169,1.139407202,410359,1.139407202,,0.8336,1.34658738,69.9254,83.8836,812.9510,1.58675,,,,,,,,,,,,,,,,,,,,,,,,,,,,,,,,,,,,,,,,,,,,,,,,,,,,,,,,,,,,,,,,,,,,,,,,,,,,,,,,,,,,,
🇺🇸,meebie,0,1,7:46.598,7:47.588,23 Nov 2024,591,(V),-6994443511834809581,,Yes,https://www.speedrun.com/mc/runs/y4lpk63z,7,47,588,467588,990,0.99,466598,1.139460814,421494,1.109358615,,0.7442,1.133888551,66.1545,88.8983,812.8284,1.58734,,,,,,,,,,,,,,,,,,,,,,,,,,,,,,,,,,,,,,,,,,,,,,,,,,,,,,,,,,,,,,,,,,,,,,,,,,,,,,,,,,,,,
🇳🇴,skycrab1,0,0,7:48.043,7:48.043,24 Apr 2025,439,(U),9061699410068612393,,Yes,https://www.youtube.com/watch?v=GoPCnP2PyWo&list=PLU3_fvoJ1GyMStiA29z37DUPtG47PvOJz&index=121,7,48,43,468043,0,0,468043,1.140569599,421494,1.110438108,,0.8029,1.140951529,71.2468,88.7346,810.2808,1.59947,,,,,,,,,,,,,,,,,,,,,,,,,,,,,,,,,,,,,,,,,,,,,,,,,,,,,,,,,,,,,,,,,,,,,,,,,,,,,,,,,,,,,
🇦🇿,KenanKardes,0,0,7:46.865,7:48.393,21 Aug 2025,320,(U),-11765461984395005,,Yes,https://www.youtube.com/watch?v=iKXaGZ3zmX8,7,48,393,468393,1528,1.528,466865,1.141422511,410359,1.141422511,,0.8521,1.362103691,71.1647,83.5126,808.3082,1.60886,,,,,,,,,,,,,,,,,,,,,,,,,,,,,,,,,,,,,,,,,,,,,,,,,,,,,,,,,,,,,,,,,,,,,,,,,,,,,,,,,,,,,
🇹🇿,Kxpow,0,1,7:48.623,7:48.623,09 Jun 2025,393,(V),692932803524010650,,Yes,https://www.speedrun.com/mc/runs/zpo1xonm,7,48,623,468623,0,0,468623,1.141982995,421494,1.111814166,,0.8216,1.150014814,72.7316,88.5243,807.0057,1.61505,,,,,,,,,,,,,,,,,,,,,,,,,,,,,,,,,,,,,,,,,,,,,,,,,,,,,,,,,,,,,,,,,,,,,,,,,,,,,,,,,,,,,
🇸🇪,v_strid,0,1,7:49.149,7:49.149,08 Jun 2025,394,(V),6117620716132541251,,Yes,https://www.speedrun.com/mc/runs/yw2qgp0y,7,49,149,469149,0,0,469149,1.1432648,421494,1.113062108,,0.8212,1.158292678,72.5372,88.3318,804.0086,1.62931,,,,,,,,,,,,,,,,,,,,,,,,,,,,,,,,,,,,,,,,,,,,,,,,,,,,,,,,,,,,,,,,,,,,,,,,,,,,,,,,,,,,,
🇺🇸,zylenox,0,0,7:49.391,7:49.391,06 May 2026,62,(U),unknown,,,https://www.youtube.com/watch?v=wJC3ok9Fln0,7,49,391,469391,0,0,469391,1.143854527,410359,1.143854527,,0.9695,1.381048501,80.5237,83.0591,802.6211,1.63591,,,,,,,,,,,,,,,,,,,,,,,,,,,,,,,,,,,,,,,,,,,,,,,,,,,,,,,,,,,,,,,,,,,,,,,,,,,,,,,,,,,,,
🇺🇸,doogile,0,0,7:48.748,7:50.206,29 Feb 2024,859,(U),8277071365134778012,,Yes,https://www.youtube.com/watch?v=ktTRyL2JWz0,7,50,206,470206,1458,1.458,468748,1.145840593,421494,1.115569854,,0.6508,1.175096364,57.2344,87.9401,797.9084,1.65832,,,,,,,,,,,,,,,,,,,,,,,,,,,,,,,,,,,,,,,,,,,,,,,,,,,,,,,,,,,,,,,,,,,,,,,,,,,,,,,,,,,,,
🇬🇧,priffie,0,1,7:50.291,7:50.291,05 Jun 2024,762,(V),6555576914548637179,,Yes,https://www.speedrun.com/mc/runs/ywg2ldnz,7,50,291,470291,0,0,470291,1.146047729,421494,1.115771518,,0.6832,1.176457532,60.0570,87.9083,797.4134,1.66068,,,,,,,,,,,,,,,,,,,,,,,,,,,,,,,,,,,,,,,,,,,,,,,,,,,,,,,,,,,,,,,,,,,,,,,,,,,,,,,,,,,,,
🇳🇴,skycrab1,0,0,7:50.670,7:50.670,18 Nov 2024,596,(U),-1765111318942208381,,Yes,https://www.youtube.com/watch?v=JfVKj2Nz5vE&list=PLU3_fvoJ1GyMStiA29z37DUPtG47PvOJz&index=97,7,50,670,470670,0,0,470670,1.14697131,421494,1.1166707,,0.7423,1.182544732,65.1488,87.7660,795.1980,1.67121,,,,,,,,,,,,,,,,,,,,,,,,,,,,,,,,,,,,,,,,,,,,,,,,,,,,,,,,,,,,,,,,,,,,,,,,,,,,,,,,,,,,,
🇺🇸,doogile,0,1,7:50.112,7:51.014,21 Jun 2023,1112,(V),291596226023214174,15,Yes,https://www.speedrun.com/mc/run/zgedgrvy,7,51,14,471014,902,0.902,470112,1.147809601,465828,1.011132864,,0.5735,0.6402908202,56.9447,99.2936,793.1756,1.68082,,,,,,,,,,,,,,,,,,,,,,,,,,,,,,,,,,,,,,,,,,,,,,,,,,,,,,,,,,,,,,,,,,,,,,,,,,,,,,,,,,,,,
🇨🇦,Jay12310,0,0,7:50.618,7:51.575,11 May 2026,57,(U),unknown,,,https://www.youtube.com/watch?v=XmFkaVjlP-k,7,51,575,471575,957,0.957,470618,1.149176697,410359,1.149176697,,0.9719,1.42335901,79.7389,82.0442,789.8542,1.69661,,,,,,,,,,,,,,,,,,,,,,,,,,,,,,,,,,,,,,,,,,,,,,,,,,,,,,,,,,,,,,,,,,,,,,,,,,,,,,,,,,,,,
🇦🇺,mikky_,0,1,7:51.104,7:51.620,19 Sep 2024,656,(V),-7641908410120115826,,Yes,https://www.speedrun.com/mc/runs/ydljp8jz,7,51,620,471620,516,0.516,471104,1.149286357,421494,1.118924587,,0.7204,1.197932711,62.9639,87.4057,789.5865,1.69789,,,,,,,,,,,,,,,,,,,,,,,,,,,,,,,,,,,,,,,,,,,,,,,,,,,,,,,,,,,,,,,,,,,,,,,,,,,,,,,,,,,,,
🇦🇺,blazem1nd,0,1,7:49.832,7:51.665,27 Jan 2026,161,(V),tbd,,,https://www.speedrun.com/mc/runs/yj7rg8dy,7,51,665,471665,1833,1.833,469832,1.149396017,410359,1.149396017,,0.9227,1.425127962,75.6593,82.0017,789.3186,1.69916,,,,,,,,,,,,,,,,,,,,,,,,,,,,,,,,,,,,,,,,,,,,,,,,,,,,,,,,,,,,,,,,,,,,,,,,,,,,,,,,,,,,,
🇳🇴,skycrab1,0,0,7:51.826,7:51.826,25 Dec 2024,559,(U),-7679264656588706480,,Yes,https://www.youtube.com/watch?v=Nag0tKfRWgc&list=PLU3_fvoJ1GyMStiA29z37DUPtG47PvOJz&index=106,7,51,826,471826,0,0,471826,1.149788356,421494,1.119413325,,0.7562,1.201294094,66.0333,87.3269,788.3587,1.70372,,,,,,,,,,,,,,,,,,,,,,,,,,,,,,,,,,,,,,,,,,,,,,,,,,,,,,,,,,,,,,,,,,,,,,,,,,,,,,,,,,,,,
🇨🇦,Jay12310,0,0,7:52.032,7:52.032,04 Jun 2026,33,(U),unknown,,,https://www.youtube.com/watch?v=PAri1bj0Lq0,7,52,32,472032,0,0,472032,1.150290356,410359,1.150290356,,0.9836,1.432362356,80.4889,81.8279,787.1269,1.70958,,,,,,,,,,,,,,,,,,,,,,,,,,,,,,,,,,,,,,,,,,,,,,,,,,,,,,,,,,,,,,,,,,,,,,,,,,,,,,,,,,,,,
🇨🇦,Jay12310,0,0,7:52.961,7:52.961,14 Mar 2026,115,(U),unknown,,,https://www.youtube.com/watch?v=z39xlzHCJik,7,52,961,472961,0,0,472961,1.152554227,410359,1.152554227,,0.9441,1.450826522,76.8366,81.3842,781.5237,1.73622,,,,,,,,,,,,,,,,,,,,,,,,,,,,,,,,,,,,,,,,,,,,,,,,,,,,,,,,,,,,,,,,,,,,,,,,,,,,,,,,,,,,,
🇳🇴,skycrab1,0,0,7:52.279,7:53.490,14 May 2024,784,(U),3412336035458832291,,Yes,https://www.youtube.com/watch?v=zY_QWRWxGE0&list=PLU3_fvoJ1GyMStiA29z37DUPtG47PvOJz&index=20,7,53,490,473490,1211,1.211,472279,1.153843342,421494,1.123361187,,0.6757,1.228771162,58.5706,86.6809,778.2975,1.75157,,,,,,,,,,,,,,,,,,,,,,,,,,,,,,,,,,,,,,,,,,,,,,,,,,,,,,,,,,,,,,,,,,,,,,,,,,,,,,,,,,,,,
🇺🇸,meebie,0,0,7:50.698,7:53.506,28 Jun 2025,374,(U),5748636184496198066,,Yes,https://www.youtube.com/watch?v=giuYrUlLBq8,7,53,506,473506,2808,2.808,470698,1.153882332,410359,1.153882332,,0.8294,1.461760304,67.2855,81.1213,778.1995,1.75203,,,,,,,,,,,,,,,,,,,,,,,,,,,,,,,,,,,,,,,,,,,,,,,,,,,,,,,,,,,,,,,,,,,,,,,,,,,,,,,,,,,,,
🇹🇷,ulsahin,0,1,7:51.545,7:53.512,24 Oct 2025,256,(V),7066468390795139054,,Yes,https://www.speedrun.com/mc/runs/mr5kp38y,7,53,512,473512,1967,1.967,471545,1.153896954,410359,1.153896954,,0.8799,1.461881097,71.3723,81.1184,778.1628,1.75221,,,,,,,,,,,,,,,,,,,,,,,,,,,,,,,,,,,,,,,,,,,,,,,,,,,,,,,,,,,,,,,,,,,,,,,,,,,,,,,,,,,,,
🇺🇸,doogile,0,0,7:52.863,7:53.548,27 Jan 2024,892,(U),-2273417716457818411,18,Yes,https://www.youtube.com/watch?v=E-qMOVRq0Go,7,53,548,473548,685,0.685,472863,1.153984682,421494,1.123498792,,0.6402,1.229739397,55.4771,86.6580,777.9422,1.75326,,,,,,,,,,,,,,,,,,,,,,,,,,,,,,,,,,,,,,,,,,,,,,,,,,,,,,,,,,,,,,,,,,,,,,,,,,,,,,,,,,,,,
🇳🇴,skycrab1,0,0,7:45.964,7:53.929,23 Oct 2025,257,(U),5643603245218707817,,Yes,https://www.youtube.com/watch?v=zg_t8sgrqFk&list=PLU3_fvoJ1GyMStiA29z37DUPtG47PvOJz&index=147,7,53,929,473929,7965,7.965,465964,1.154913137,410359,1.154913137,,0.8794,1.470298727,71.1585,80.9159,775.6007,1.76440,,,,,,,,,,,,,,,,,,,,,,,,,,,,,,,,,,,,,,,,,,,,,,,,,,,,,,,,,,,,,,,,,,,,,,,,,,,,,,,,,,,,,
🇳🇴,skycrab1,0,0,7:52.279,7:53.490,14 May 2024,784,(U),-3412336035458832291,,,https://www.youtube.com/watch?v=zY_QWRWxGE0&list=PLU3_fvoJ1GyMStiA29z37DUPtG47PvOJz&index=20,7,53,490,473490,1211,1.211,472279,1.153843342,421494,1.123361187,,0.6757,1.228771162,58.5706,86.6809,778.2975,1.75157,,,,,,,,,,,,,,,,,,,,,,,,,,,,,,,,,,,,,,,,,,,,,,,,,,,,,,,,,,,,,,,,,,,,,,,,,,,,,,,,,,,,,
🇺🇸,Infume,0,0,7:53.848,7:53.848,23 Jul 2025,349,(U),unknown,,,https://www.youtube.com/watch?v=dpJWEh0YCUo&list=PLNlBsWHYU3zCJ5XoAac-T3YF54AvqfXXn&index=22,7,53,848,473848,0,0,473848,1.154715749,410359,1.154715749,,0.8399,1.468660167,67.9925,80.9553,776.0996,1.76202,,,,,,,,,,,,,,,,,,,,,,,,,,,,,,,,,,,,,,,,,,,,,,,,,,,,,,,,,,,,,,,,,,,,,,,,,,,,,,,,,,,,,
🇸🇪,ANJOUU,0,1,7:54.143,7:54.143,28 Apr 2025,435,(V),5590192376632660897,,Yes,https://www.speedrun.com/mc/runs/y6j7vnpm,7,54,143,474143,0,0,474143,1.155434632,421494,1.124910438,,0.8045,1.239713335,69.5295,86.4228,774.2797,1.77068,,,,,,,,,,,,,,,,,,,,,,,,,,,,,,,,,,,,,,,,,,,,,,,,,,,,,,,,,,,,,,,,,,,,,,,,,,,,,,,,,,,,,
🇩🇪,Blad_d,0,1,7:52.310,7:54.145,14 Apr 2025,449,(V),-4813633027442683952,,Yes,https://www.speedrun.com/mc/runs/zgj4w4dz,7,54,145,474145,1835,1.835,472310,1.155439505,421494,1.124915183,,0.7989,1.239746987,69.0439,86.4220,774.2673,1.77074,,,,,,,,,,,,,,,,,,,,,,,,,,,,,,,,,,,,,,,,,,,,,,,,,,,,,,,,,,,,,,,,,,,,,,,,,,,,,,,,,,,,,
🇭🇷,Mar1n,0,1,7:55.128,7:55.128,22 Jun 2025,380,(V),-7684621580507828677,,Yes,https://www.speedrun.com/mc/runs/m7lwl84y,7,55,128,475128,0,0,475128,1.157834969,410359,1.157834969,,0.8270,1.494750861,66.4275,80.3275,768.1452,1.79989,,,,,,,,,,,,,,,,,,,,,,,,,,,,,,,,,,,,,,,,,,,,,,,,,,,,,,,,,,,,,,,,,,,,,,,,,,,,,,,,,,,,,
🇺🇸,meebie,0,0,7:55.456,7:55.456,07 Jun 2025,395,(U),3603293482983366385,,Yes,https://www.youtube.com/watch?v=caV9b4ltoSQ,7,55,456,475456,0,0,475456,1.158634269,421494,1.128025547,,0.8208,1.261990435,70.5019,85.8962,766.0827,1.80971,,,,,,,,,,,,,,,,,,,,,,,,,,,,,,,,,,,,,,,,,,,,,,,,,,,,,,,,,,,,,,,,,,,,,,,,,,,,,,,,,,,,,
🇺🇸,zylenox,0,0,7:52.850,7:55.550,22 Apr 2025,441,(U),-4019650266393698573,,Yes,http://youtube.com/watch?v=aEZQAJ5LhgA&list=PLZ59bMb0zBUSR6W9smbN1LDkQJlGfPEUk&index=51,7,55,550,475550,2700,2.7,472850,1.158863337,421494,1.128248563,,0.8021,1.263599508,68.8683,85.8581,765.4899,1.81253,,,,,,,,,,,,,,,,,,,,,,,,,,,,,,,,,,,,,,,,,,,,,,,,,,,,,,,,,,,,,,,,,,,,,,,,,,,,,,,,,,,,,
🇵🇱,pardonmc,0,1,7:55.683,7:55.683,17 Jul 2025,355,(V),6664192904935921173,,Yes,https://www.speedrun.com/mc/runs/yd4j7evy,7,55,683,475683,0,0,475683,1.159187443,410359,1.159187443,,0.8374,1.506195425,67.0324,80.0520,764.6497,1.81654,,,,,,,,,,,,,,,,,,,,,,,,,,,,,,,,,,,,,,,,,,,,,,,,,,,,,,,,,,,,,,,,,,,,,,,,,,,,,,,,,,,,,
🇸🇰,NoFear1337,0,0,7:55.287,7:55.883,22 Jun 2026,15,(U),unknown,,,https://www.youtube.com/watch?v=YVvICGLlzyw,7,55,883,475883,596,0.596,475287,1.159674821,410359,1.159674821,,0.9925,1.510339274,79.3548,79.9522,763.3831,1.82257,,,,,,,,,,,,,,,,,,,,,,,,,,,,,,,,,,,,,,,,,,,,,,,,,,,,,,,,,,,,,,,,,,,,,,,,,,,,,,,,,,,,,
🇩🇰,Bloopy,0,0,7:52.588,7:55.999,02 Jun 2025,400,(U),-1088594931172127368,,,https://www.youtube.com/watch?v=lAD-2zBAaWk,7,55,999,475999,3411,3.411,472588,1.159957501,421494,1.129313822,,0.8187,1.271311775,70.1451,85.6754,762.6469,1.82608,,,,,,,,,,,,,,,,,,,,,,,,,,,,,,,,,,,,,,,,,,,,,,,,,,,,,,,,,,,,,,,,,,,,,,,,,,,,,,,,,,,,,
🇳🇱,HDMICables,0,1,7:55.623,7:56.598,07 May 2025,426,(V),-2481499363875064100,,Yes,https://www.speedrun.com/mc/runs/yd437kxy,7,56,598,476598,975,0.975,475623,1.161417198,421494,1.130734957,,0.8082,1.281668709,69.0406,85.4297,758.8256,1.84430,,,,,,,,,,,,,,,,,,,,,,,,,,,,,,,,,,,,,,,,,,,,,,,,,,,,,,,,,,,,,,,,,,,,,,,,,,,,,,,,,,,,,
🇵🇱,okshey,0,1,7:56.752,7:56.752,17 Feb 2026,140,(Q),-6419209590101822881,,,https://www.speedrun.com/mc/runs/yo8v370z,7,56,752,476752,0,0,476752,1.161792479,410359,1.161792479,,0.9324,1.528466072,74.1400,79.5158,757.8379,1.84901,,,,,,,,,,,,,,,,,,,,,,,,,,,,,,,,,,,,,,,,,,,,,,,,,,,,,,,,,,,,,,,,,,,,,,,,,,,,,,,,,,,,,
🇩🇪,jason_n,0,0,7:56.903,7:56.903,16 May 2025,417,(U),8174323531600874073,,Yes,https://www.youtube.com/watch?v=mEjUzh-nDqI,7,56,903,476903,0,0,476903,1.16216045,421494,1.131458574,,0.8118,1.286972365,69.2497,85.3038,756.8674,1.85365,,,,,,,,,,,,,,,,,,,,,,,,,,,,,,,,,,,,,,,,,,,,,,,,,,,,,,,,,,,,,,,,,,,,,,,,,,,,,,,,,,,,,
🇳🇴,skycrab1,0,0,7:56.326,7:58.380,20 Sep 2024,655,(U),-630318768044632099,,Yes,https://www.youtube.com/watch?v=5xFvTb5MDmQ&list=PLU3_fvoJ1GyMStiA29z37DUPtG47PvOJz&index=71,7,58,380,478380,2054,2.054,476326,1.165759737,421494,1.134962775,,0.7207,1.312945613,61.0352,84.6861,747.2657,1.89952,,,,,,,,,,,,,,,,,,,,,,,,,,,,,,,,,,,,,,,,,,,,,,,,,,,,,,,,,,,,,,,,,,,,,,,,,,,,,,,,,,,,,
🇨🇦,Aquacorde,0,1,7:57.023,7:57.023,14 Mar 2025,480,(V),5239949107527415069,,Yes,https://www.speedrun.com/mc/runs/y9pe59em,7,57,23,477023,0,0,477023,1.162452877,421494,1.131743275,,0.7866,1.289064634,67.0633,85.2541,756.0946,1.85733,,,,,,,,,,,,,,,,,,,,,,,,,,,,,,,,,,,,,,,,,,,,,,,,,,,,,,,,,,,,,,,,,,,,,,,,,,,,,,,,,,,,,
🇿🇦,Airpodsz,0,1,7:57.301,7:57.301,20 Oct 2025,260,(V),1950744630814396345,,Yes,https://www.speedrun.com/mc/runs/z175257z,7,57,301,477301,0,0,477301,1.163130332,410359,1.163130332,,0.8781,1.540020499,69.5781,79.2375,754.2994,1.86590,,,,,,,,,,,,,,,,,,,,,,,,,,,,,,,,,,,,,,,,,,,,,,,,,,,,,,,,,,,,,,,,,,,,,,,,,,,,,,,,,,,,,
🇫🇮,sadekeppi,0,1,7:56.839,7:57.450,21 Feb 2025,501,(V),-8774410482674782880,,Yes,https://www.speedrun.com/mc/runs/zpkp2jvy,7,57,450,477450,611,0.611,476839,1.163493429,421494,1.132756338,,0.7784,1.296535286,66.2246,85.0766,753.3344,1.87051,,,,,,,,,,,,,,,,,,,,,,,,,,,,,,,,,,,,,,,,,,,,,,,,,,,,,,,,,,,,,,,,,,,,,,,,,,,,,,,,,,,,,
🇨🇦,Jay12310,0,0,7:57.965,7:57.965,25 Dec 2025,194,(U),unknown,,Yes,https://www.youtube.com/watch?v=Dsok_v8zWzA&list=PLZ59bMb0zBUSR6W9smbN1LDkQJlGfPEUk,7,57,965,477965,0,0,477965,1.164748428,410359,1.164748428,,0.9076,1.554102209,71.6048,78.8985,749.9834,1.88652,,,,,,,,,,,,,,,,,,,,,,,,,,,,,,,,,,,,,,,,,,,,,,,,,,,,,,,,,,,,,,,,,,,,,,,,,,,,,,,,,,,,,
🇵🇱,mati_lopez,0,1,7:58.102,7:58.102,01 Mar 2025,493,(V),-7204778880031266135,,Yes,https://www.speedrun.com/mc/runs/z08d87jm,7,58,102,478102,0,0,478102,1.165082282,421494,1.134303217,,0.7815,1.308020071,66.2765,84.8034,749.0879,1.89080,,,,,,,,,,,,,,,,,,,,,,,,,,,,,,,,,,,,,,,,,,,,,,,,,,,,,,,,,,,,,,,,,,,,,,,,,,,,,,,,,,,,,
🇨🇿,kohout135,0,1,7:57.901,7:58.328,16 Jun 2025,386,(V),505133867771410090,,Yes,https://www.speedrun.com/mc/runs/yd4epqwy,7,58,328,478328,427,0.427,477901,1.165633019,410359,1.165633019,,0.8245,1.561850271,64.8965,78.7119,747.6071,1.89788,,,,,,,,,,,,,,,,,,,,,,,,,,,,,,,,,,,,,,,,,,,,,,,,,,,,,,,,,,,,,,,,,,,,,,,,,,,,,,,,,,,,,
🇩🇰,Bloopy,0,0,7:58.540,7:58.540,04 Feb 2025,518,(U),9020295482724158911,,,https://www.youtube.com/watch?v=rB_AjEUIYWE,7,58,540,478540,0,0,478540,1.16614964,421494,1.135342377,,0.7718,1.315788255,65.3104,84.6184,746.2139,1.90455,,,,,,,,,,,,,,,,,,,,,,,,,,,,,,,,,,,,,,,,,,,,,,,,,,,,,,,,,,,,,,,,,,,,,,,,,,,,,,,,,,,,,
🇦🇺,bigbigmongey,0,1,7:58.900,7:59.372,20 Oct 2025,260,(V),4336613090571479730,,Yes,https://www.speedrun.com/mc/runs/zn5kqqvz,7,59,372,479372,472,0.472,478900,1.168177133,410359,1.168177133,,0.8781,1.584331515,68.6413,78.1707,740.7072,1.93091,,,,,,,,,,,,,,,,,,,,,,,,,,,,,,,,,,,,,,,,,,,,,,,,,,,,,,,,,,,,,,,,,,,,,,,,,,,,,,,,,,,,,
🇺🇦,dinonuggieboi,0,1,7:58.082,7:59.376,10 May 2025,423,(V),4495867891036383676,,Yes,https://www.speedrun.com/mc/runs/z16jpxwm,7,59,376,479376,1294,1.294,478082,1.16818688,421494,1.137325798,,0.8094,1.330734111,68.1991,84.2621,740.6806,1.93104,,,,,,,,,,,,,,,,,,,,,,,,,,,,,,,,,,,,,,,,,,,,,,,,,,,,,,,,,,,,,,,,,,,,,,,,,,,,,,,,,,,,,
🇺🇸,Infume,0,1,7:59.698,7:59.698,08 May 2025,425,(V),1457025420686153641,,Yes,https://www.speedrun.com/mc/runs/yd4634jy,7,59,698,479698,0,0,479698,1.168971559,421494,1.138089747,,0.8086,1.33653263,68.0191,84.1237,738.5328,1.94134,,,,,,,,,,,,,,,,,,,,,,,,,,,,,,,,,,,,,,,,,,,,,,,,,,,,,,,,,,,,,,,,,,,,,,,,,,,,,,,,,,,,,
🇨🇦,Aquacorde,0,0,7:59.882,8:00.035,19 Aug 2025,322,(U),-6415662147603823754,,,https://www.youtube.com/watch?v=WdnsDM7UisA,8,0,35,480035,153,0.153,479882,1.169792791,410359,1.169792791,,0.8513,1.59876171,66.2504,77.8234,736.2751,1.95216,,,,,,,,,,,,,,,,,,,,,,,,,,,,,,,,,,,,,,,,,,,,,,,,,,,,,,,,,,,,,,,,,,,,,,,,,,,,,,,,,,,,,
🇦🇺,bigbigmongey,0,1,7:58.808,8:00.202,05 May 2025,428,(V),1438072232147069823,,,https://www.speedrun.com/mc/runs/yd43n2xy,8,0,202,480202,1394,1.394,478808,1.170199752,421494,1.139285494,,0.8073,1.345655582,67.7412,83.9058,735.1526,1.95755,,,,,,,,,,,,,,,,,,,,,,,,,,,,,,,,,,,,,,,,,,,,,,,,,,,,,,,,,,,,,,,,,,,,,,,,,,,,,,,,,,,,,
🇵🇱,watermelon1708,0,0,8:00.245,8:00.245,18 Mar 2026,111,(U),unknown,,,https://www.youtube.com/watch?v=P99-S3NPS-k,8,0,245,480245,0,0,480245,1.170304538,410359,1.170304538,,0.9460,1.603357361,73.5172,77.7128,734.8631,1.95894,,,,,,,,,,,,,,,,,,,,,,,,,,,,,,,,,,,,,,,,,,,,,,,,,,,,,,,,,,,,,,,,,,,,,,,,,,,,,,,,,,,,,
🇦🇹,Mescht,0,1,8:00.384,8:00.384,09 Apr 2025,454,(V),8206887781532841360,,Yes,https://www.speedrun.com/mc/runs/mko6ex3z,8,0,384,480384,0,0,480384,1.170643266,421494,1.139717291,,0.7969,1.348964129,66.8033,83.8268,733.9264,1.96344,,,,,,,,,,,,,,,,,,,,,,,,,,,,,,,,,,,,,,,,,,,,,,,,,,,,,,,,,,,,,,,,,,,,,,,,,,,,,,,,,,,,,
🇺🇸,meebie,0,1,8:00.427,8:00.427,20 Apr 2024,808,(U),unknown,,,https://www.youtube.com/watch?v=lSiuiiMRays&list=PLaTJSsRuu2Ufk7cX7bUTt9V-IJxa8wqSM&index=14,8,0,427,480427,0,0,480427,1.170748052,421494,1.139819309,,0.6676,1.349746917,55.9540,83.8081,733.6363,1.96483,,,,,,,,,,,,,,,,,,,,,,,,,,,,,,,,,,,,,,,,,,,,,,,,,,,,,,,,,,,,,,,,,,,,,,,,,,,,,,,,,,,,,
🇸🇪,ANJOUU,0,1,8:00.043,8:00.657,26 Mar 2024,833,(V),-2769968102088679777,,,https://www.speedrun.com/mc/runs/mew7698m,8,0,657,480657,614,0.614,480043,1.171308537,421494,1.140364987,,0.6594,1.353941071,55.1928,83.7078,732.0817,1.97230,,,,,,,,,,,,,,,,,,,,,,,,,,,,,,,,,,,,,,,,,,,,,,,,,,,,,,,,,,,,,,,,,,,,,,,,,,,,,,,,,,,,,
🇩🇪,jason_n,0,0,8:00.870,8:00.870,15 Jun 2025,387,(U),see video,,,https://www.youtube.com/watch?v=WU1fSPhJGAk,8,0,870,480870,0,0,480870,1.171827595,410359,1.171827595,,0.8241,1.617106433,63.7682,77.3820,730.6379,1.97924,,,,,,,,,,,,,,,,,,,,,,,,,,,,,,,,,,,,,,,,,,,,,,,,,,,,,,,,,,,,,,,,,,,,,,,,,,,,,,,,,,,,,
🇺🇸,meebie,0,1,8:00.927,8:00.927,10 Dec 2023,940,(V),698408566767839427,,,https://www.youtube.com/watch?v=PUuvT8h96hI&list=PLaTJSsRuu2Ufk7cX7bUTt9V-IJxa8wqSM&index=9,8,0,927,480927,0,0,480927,1.171966498,446254,1.077697903,,0.6250,0.944207622,58.2368,93.1786,730.2509,1.98110,,,,,,,,,,,,,,,,,,,,,,,,,,,,,,,,,,,,,,,,,,,,,,,,,,,,,,,,,,,,,,,,,,,,,,,,,,,,,,,,,,,,,
🇹🇿,Kxpow,0,1,7:58.526,8:00.969,20 Jul 2024,717,(V),-2313608296694412917,,,https://www.speedrun.com/mc/runs/y8p9gwxz,8,0,969,480969,2443,2.443,478526,1.172068847,421494,1.141105211,,0.6987,1.359649811,58.3932,83.5713,729.9655,1.98247,,,,,,,,,,,,,,,,,,,,,,,,,,,,,,,,,,,,,,,,,,,,,,,,,,,,,,,,,,,,,,,,,,,,,,,,,,,,,,,,,,,,,
🇺🇸,thecamo6,0,1,8:00.680,8:01.217,28 May 2024,770,(V),8027147372185455800,,,https://www.speedrun.com/mc/runs/mel636qz,8,1,217,481217,537,0.537,480680,1.172673196,421494,1.141693595,,0.6805,1.364203406,56.7920,83.4624,728.2773,1.99059,,,,,,,,,,,,,,,,,,,,,,,,,,,,,,,,,,,,,,,,,,,,,,,,,,,,,,,,,,,,,,,,,,,,,,,,,,,,,,,,,,,,,
🇺🇦,7rowl,0,1,8:00.564,8:01.225,19 Jul 2024,718,(V),4542168202417465956,,,https://www.speedrun.com/mc/runs/y4l3p3qz,8,1,225,481225,661,0.661,480564,1.172692691,421494,1.141712575,,0.6984,1.36435053,58.2855,83.4588,728.2228,1.99086,,,,,,,,,,,,,,,,,,,,,,,,,,,,,,,,,,,,,,,,,,,,,,,,,,,,,,,,,,,,,,,,,,,,,,,,,,,,,,,,,,,,,
🇩🇪,jason_n,0,0,8:01.271,8:01.271,25 Oct 2024,620,(U),-8000908414180372217,,,https://www.youtube.com/watch?v=VmnT8lICQ94,8,1,271,481271,0,0,481271,1.172804788,421494,1.14182171,,0.7334,1.365196782,61.1978,83.4386,727.9090,1.99236,,,,,,,,,,,,,,,,,,,,,,,,,,,,,,,,,,,,,,,,,,,,,,,,,,,,,,,,,,,,,,,,,,,,,,,,,,,,,,,,,,,,,
🇫🇮,sadekeppi,0,0,8:00.342,8:01.352,15 Apr 2025,448,(U),unknown,,,https://www.youtube.com/watch?v=p5n5mCcWxvw,8,1,352,481352,1010,1.01,480342,1.173002176,421494,1.142013884,,0.7993,1.366688102,66.6652,83.4029,727.3561,1.99503,,,,,,,,,,,,,,,,,,,,,,,,,,,,,,,,,,,,,,,,,,,,,,,,,,,,,,,,,,,,,,,,,,,,,,,,,,,,,,,,,,,,,
🇧🇪,boyenn,0,1,7:59.551,8:01.422,08 Jun 2025,394,(V),254566834946075032,,,https://www.speedrun.com/mc/runs/z00rj59z,8,1,422,481422,1871,1.871,479551,1.173172758,421494,1.14217996,,0.8212,1.36797811,68.4643,83.3720,726.8778,1.99733,,,,,,,,,,,,,,,,,,,,,,,,,,,,,,,,,,,,,,,,,,,,,,,,,,,,,,,,,,,,,,,,,,,,,,,,,,,,,,,,,,,,,
🇫🇮,iluappi,0,1,7:59.559,8:01.633,15 Oct 2025,265,(V),-1502625211715149134,,,https://www.speedrun.com/mc/runs/y4016j2z,8,1,633,481633,2074,2.074,479559,1.173686942,410359,1.173686942,,0.8759,1.634037284,67.4225,76.9749,725.4334,2.00428,,,,,,,,,,,,,,,,,,,,,,,,,,,,,,,,,,,,,,,,,,,,,,,,,,,,,,,,,,,,,,,,,,,,,,,,,,,,,,,,,,,,,
🇬🇧,priffie,0,1,8:03.241,8:03.241,03 Dec 2023,947,(V),-4868324554498692300,12,Yes,https://www.speedrun.com/mc/run/yoole61y,8,3,241,483241,0,0,483241,1.177605463,465828,1.03738075,,0.6228,0.7464535101,60.5989,97.2978,714.2998,2.05803,,,,,,,,,,,,,,,,,,,,,,,,,,,,,,,,,,,,,,,,,,,,,,,,,,,,,,,,,,,,,,,,,,,,,,,,,,,,,,,,,,,,,
🇳🇴,skycrab1,0,0,8:03.337,8:03.337,17 Jun 2025,385,(U),-4304452735829751506,,,https://www.youtube.com/watch?v=ul-SUoNx_XU&list=PLU3_fvoJ1GyMStiA29z37DUPtG47PvOJz&index=131,8,3,337,483337,0,0,483337,1.177839404,410359,1.177839404,,0.8249,1.672434485,62.7352,76.0524,713.6281,2.06128,,,,,,,,,,,,,,,,,,,,,,,,,,,,,,,,,,,,,,,,,,,,,,,,,,,,,,,,,,,,,,,,,,,,,,,,,,,,,,,,,,,,,
Tenes9999,Tenes9999,0,1,8:03.631,8:03.631,16 May 2025,417,(V),-7442337813042441622,,,https://www.speedrun.com/mc/runs/zngk3x8m,8,3,631,483631,0,0,483631,1.17855585,421494,1.147420841,,0.8118,1.409269773,66.8781,82.3824,711.5661,2.07126,,,,,,,,,,,,,,,,,,,,,,,,,,,,,,,,,,,,,,,,,,,,,,,,,,,,,,,,,,,,,,,,,,,,,,,,,,,,,,,,,,,,,
🇸🇪,PAPLERR,0,1,8:04.190,8:04.190,26 Jan 2025,527,(V),-5524626450736366561,,,https://www.speedrun.com/mc/runs/m3w6egwy,8,4,190,484190,0,0,484190,1.179918072,421494,1.148747076,,0.7684,1.41989972,63.1031,82.1273,707.6252,2.09037,,,,,,,,,,,,,,,,,,,,,,,,,,,,,,,,,,,,,,,,,,,,,,,,,,,,,,,,,,,,,,,,,,,,,,,,,,,,,,,,,,,,,
🇳🇴,skycrab1,0,0,8:04.394,8:04.394,30 Sep 2025,280,(U),see video,,,https://www.youtube.com/watch?v=xW_pib-H4zw&list=PLU3_fvoJ1GyMStiA29z37DUPtG47PvOJz&index=143,8,4,394,484394,0,0,484394,1.180415197,410359,1.180415197,,0.8694,1.696664062,65.6115,75.4712,706.1805,2.09738,,,,,,,,,,,,,,,,,,,,,,,,,,,,,,,,,,,,,,,,,,,,,,,,,,,,,,,,,,,,,,,,,,,,,,,,,,,,,,,,,,,,,
🇨🇦,Jay12310,0,0,8:04.480,8:04.480,26 Jan 2025,527,(U),unknown,,,https://www.youtube.com/watch?v=jjYvP5zAbZg&list=PLaTJSsRuu2UcsiC6KEkJwrGp1GaGgPoVG&index=5,8,4,480,484480,0,0,484480,1.18062477,421494,1.149435105,,0.7684,1.425443444,63.0008,81.9941,705.5704,2.10034,,,,,,,,,,,,,,,,,,,,,,,,,,,,,,,,,,,,,,,,,,,,,,,,,,,,,,,,,,,,,,,,,,,,,,,,,,,,,,,,,,,,,
🇧🇷,brahmaquente,0,1,8:01.509,8:04.797,12 May 2025,421,(V),4176313215067158543,,,https://www.speedrun.com/mc/runs/y4nwjk3m,8,4,797,484797,3288,3.288,481509,1.181397264,421494,1.150187191,,0.8102,1.431526127,66.3116,81.8480,703.3162,2.11130,,,,,,,,,,,,,,,,,,,,,,,,,,,,,,,,,,,,,,,,,,,,,,,,,,,,,,,,,,,,,,,,,,,,,,,,,,,,,,,,,,,,,
🇺🇦,7rowl,0,1,8:04.491,8:05.070,13 May 2024,785,(U),3390807343358437717,,,https://www.youtube.com/watch?v=1KMm0eJPRws,8,5,70,485070,579,0.579,484491,1.182062535,421494,1.150834887,,0.6754,1.436783687,55.1921,81.7217,701.3681,2.12077,,,,,,,,,,,,,,,,,,,,,,,,,,,,,,,,,,,,,,,,,,,,,,,,,,,,,,,,,,,,,,,,,,,,,,,,,,,,,,,,,,,,,
🇧🇬,BlindTravel,0,1,8:03.959,8:05.167,10 May 2025,423,(V),3979016117801702341,,,https://www.speedrun.com/mc/runs/y8g1jl5z,8,5,167,485167,1208,1.208,483959,1.182298914,421494,1.151065021,,0.8094,1.438656037,66.1066,81.6767,700.6744,2.12415,,,,,,,,,,,,,,,,,,,,,,,,,,,,,,,,,,,,,,,,,,,,,,,,,,,,,,,,,,,,,,,,,,,,,,,,,,,,,,,,,,,,,
🇹🇿,Kxpow,0,0,8:02.735,8:05.252,10 May 2025,423,(U),-7680287748229501835,,,https://www.youtube.com/watch?v=B-KCsE-Rm1k,8,5,252,485252,2517,2.517,482735,1.18250605,421494,1.151266685,,0.8094,1.440298604,66.0747,81.6373,700.0659,2.12711,,,,,,,,,,,,,,,,,,,,,,,,,,,,,,,,,,,,,,,,,,,,,,,,,,,,,,,,,,,,,,,,,,,,,,,,,,,,,,,,,,,,,
🇸🇪,v_strid,0,1,8:04.428,8:05.428,05 Feb 2025,517,(V),-5544842606483643213,,,https://www.speedrun.com/mc/runs/z5lxpqny,8,5,428,485428,1000,1,484428,1.182934942,421494,1.151684247,,0.7722,1.443705175,62.9778,81.5554,698.8041,2.13326,,,,,,,,,,,,,,,,,,,,,,,,,,,,,,,,,,,,,,,,,,,,,,,,,,,,,,,,,,,,,,,,,,,,,,,,,,,,,,,,,,,,,
🇳🇴,skycrab1,0,0,8:05.447,8:05.447,13 Jul 2025,359,(U),8311211913392066784,,,https://www.youtube.com/watch?v=MPlhH010LdE&list=PLU3_fvoJ1GyMStiA29z37DUPtG47PvOJz&index=133,8,5,447,485447,0,0,485447,1.182981243,410359,1.182981243,,0.8357,1.721119446,62.5807,74.8853,698.6677,2.13393,,,,,,,,,,,,,,,,,,,,,,,,,,,,,,,,,,,,,,,,,,,,,,,,,,,,,,,,,,,,,,,,,,,,,,,,,,,,,,,,,,,,,
🇺🇦,loodlow,0,1,8:02.631,8:05.732,30 Jun 2025,372,(V),6502082647557812063,,,https://www.speedrun.com/mc/runs/z16gg09m,8,5,732,485732,3101,3.101,482631,1.183675757,410359,1.183675757,,0.8303,1.727793368,62.0426,74.7255,696.6185,2.14392,,,,,,,,,,,,,,,,,,,,,,,,,,,,,,,,,,,,,,,,,,,,,,,,,,,,,,,,,,,,,,,,,,,,,,,,,,,,,,,,,,,,,
🇵🇱,watermelon1708,0,1,8:03.854,8:07.194,06 Jul 2025,366,(V),9122600350394059007,,,https://www.speedrun.com/mc/runs/yw2v45ny,8,7,194,487194,3340,3.34,483854,1.187238491,410359,1.187238491,,0.8328,1.762400966,61.5401,73.8983,686.0016,2.19586,,,,,,,,,,,,,,,,,,,,,,,,,,,,,,,,,,,,,,,,,,,,,,,,,,,,,,,,,,,,,,,,,,,,,,,,,,,,,,,,,,,,,
🇩🇪,jason_n,0,0,8:07.349,8:07.349,10 Jun 2025,392,(U),6183710647574302652,,,https://www.youtube.com/watch?v=Logr5V0QDDk,8,7,349,487349,0,0,487349,1.187616209,421494,1.156241844,,0.8220,1.481372423,66.2948,80.6495,684.8659,2.20143,,,,,,,,,,,,,,,,,,,,,,,,,,,,,,,,,,,,,,,,,,,,,,,,,,,,,,,,,,,,,,,,,,,,,,,,,,,,,,,,,,,,,
🇭🇷,Mar1n,0,0,8:01.335,8:07.483,27 Oct 2025,253,(U),-1443559632698573650,,,https://www.youtube.com/watch?v=Sv5ky_n1Olo,8,7,483,487483,6148,6.148,481335,1.187942753,410359,1.187942753,,0.8812,1.769316133,64.9718,73.7332,683.8824,2.20626,,,,,,,,,,,,,,,,,,,,,,,,,,,,,,,,,,,,,,,,,,,,,,,,,,,,,,,,,,,,,,,,,,,,,,,,,,,,,,,,,,,,,
🇸🇪,PAPLERR,0,1,8:07.689,8:07.689,28 May 2024,770,(V),-2052078032780233310,,,https://www.speedrun.com/mc/runs/y22nr37y,8,7,689,487689,0,0,487689,1.188444752,421494,1.157048499,,0.6805,1.488132579,54.7673,80.4868,682.3678,2.21371,,,,,,,,,,,,,,,,,,,,,,,,,,,,,,,,,,,,,,,,,,,,,,,,,,,,,,,,,,,,,,,,,,,,,,,,,,,,,,,,,,,,,
🇨🇳,Acactus_,0,1,8:05.297,8:08.421,23 Feb 2024,865,(V),6832552403849051699,,,https://www.speedrun.com/mc/runs/zn28n27z,8,8,421,488421,3124,3.124,485297,1.190228556,421494,1.158785178,,0.6489,1.502783103,51.9978,80.1341,676.9584,2.24034,,,,,,,,,,,,,,,,,,,,,,,,,,,,,,,,,,,,,,,,,,,,,,,,,,,,,,,,,,,,,,,,,,,,,,,,,,,,,,,,,,,,,
🇮🇱,sagi_enderman,0,1,8:05.180,8:08.427,24 Jan 2024,895,(V),-1127568643405241248,,,https://www.speedrun.com/mc/runs/zqdn2l1m,8,8,427,488427,3247,3.247,485180,1.190243177,421494,1.158799414,,0.6392,1.502903735,51.2218,80.1312,676.9139,2.24056,,,,,,,,,,,,,,,,,,,,,,,,,,,,,,,,,,,,,,,,,,,,,,,,,,,,,,,,,,,,,,,,,,,,,,,,,,,,,,,,,,,,,
🇫🇮,Lathil,0,1,8:08.473,8:08.473,14 Apr 2025,449,(V),-1308536743164996263,,,https://www.speedrun.com/mc/runs/ylpgo0rm,8,8,473,488473,0,0,488473,1.190355274,421494,1.158908549,,0.7989,1.503828873,64.0003,80.1089,676.5725,2.24225,,,,,,,,,,,,,,,,,,,,,,,,,,,,,,,,,,,,,,,,,,,,,,,,,,,,,,,,,,,,,,,,,,,,,,,,,,,,,,,,,,,,,
🇺🇸,meebie,0,0,8:09.030,8:09.030,16 Oct 2025,264,(U),unknown,,,https://www.youtube.com/watch?v=uZ1E_scaXFA&list=PLaTJSsRuu2Ufk7cX7bUTt9V-IJxa8wqSM&index=20,8,9,30,489030,0,0,489030,1.191712622,410359,1.191712622,,0.8763,1.806753411,63.8337,72.8412,672.4258,2.26273,,,,,,,,,,,,,,,,,,,,,,,,,,,,,,,,,,,,,,,,,,,,,,,,,,,,,,,,,,,,,,,,,,,,,,,,,,,,,,,,,,,,,
🇸🇪,v_strid,0,0,8:09.512,8:10.109,24 Feb 2025,498,(U),unknown,,,https://www.youtube.com/watch?v=7pN0hljXFFU,8,10,109,490109,597,0.597,489512,1.194342027,421494,1.16278998,,0.7796,1.537073465,61.8273,79.3085,664.3245,2.30290,,,,,,,,,,,,,,,,,,,,,,,,,,,,,,,,,,,,,,,,,,,,,,,,,,,,,,,,,,,,,,,,,,,,,,,,,,,,,,,,,,,,,
🇩🇪,jason_n,0,1,8:10.305,8:10.305,12 May 2024,786,(V),-8081672849157921881,,,https://www.speedrun.com/mc/runs/y46kvjnz,8,10,305,490305,0,0,490305,1.194819658,421494,1.163254993,,0.6750,1.541101205,53.4700,79.2115,662.8434,2.31027,,,,,,,,,,,,,,,,,,,,,,,,,,,,,,,,,,,,,,,,,,,,,,,,,,,,,,,,,,,,,,,,,,,,,,,,,,,,,,,,,,,,,
🇺🇸,meebie,0,1,8:09.372,8:10.419,07 Jul 2023,1096,(V),-4538563713628989532,12,Yes,https://www.speedrun.com/mc/run/zge2pn0y,8,10,419,490419,1047,1.047,489372,1.195097463,465828,1.052789871,,0.5781,0.8167404078,55.4318,95.8854,661.9806,2.31456,,,,,,,,,,,,,,,,,,,,,,,,,,,,,,,,,,,,,,,,,,,,,,,,,,,,,,,,,,,,,,,,,,,,,,,,,,,,,,,,,,,,,
🇸🇰,NoFear1337,0,0,7:47.229,8:10.447,27 Dec 2023,923,(U),unknown,16,Yes,https://www.youtube.com/watch?v=GFz5UcBTrAk,8,10,447,490447,23218,23.218,467229,1.195165696,446254,1.099031045,,0.6303,1.068366434,56.9849,90.4037,661.7685,2.31562,,,,,,,,,,,,,,,,,,,,,,,,,,,,,,,,,,,,,,,,,,,,,,,,,,,,,,,,,,,,,,,,,,,,,,,,,,,,,,,,,,,,,
🇺🇸,itsnahan,0,1,8:10.502,8:10.502,19 May 2025,414,(U),-2397708846488236424,,,https://www.youtube.com/watch?v=U4hoPKXpmyo,8,10,502,490502,0,0,490502,1.195299725,421494,1.163722378,,0.8130,1.545159242,64.3211,79.1138,661.3518,2.31769,,,,,,,,,,,,,,,,,,,,,,,,,,,,,,,,,,,,,,,,,,,,,,,,,,,,,,,,,,,,,,,,,,,,,,,,,,,,,,,,,,,,,
🇳🇴,skycrab1,0,0,8:09.558,8:10.528,23 Jun 2024,744,(U),-6343411097658357214,,,https://www.youtube.com/watch?v=pmNaJCUang0&list=PLU3_fvoJ1GyMStiA29z37DUPtG47PvOJz&index=38,8,10,528,490528,970,0.97,489558,1.195363085,421494,1.163784063,,0.6894,1.545695551,54.5285,79.1009,661.1547,2.31867,,,,,,,,,,,,,,,,,,,,,,,,,,,,,,,,,,,,,,,,,,,,,,,,,,,,,,,,,,,,,,,,,,,,,,,,,,,,,,,,,,,,,
🇬🇧,Steez,0,1,8:10.112,8:10.627,14 Aug 2025,327,(V),-550357973299006184,,,https://www.speedrun.com/mc/runs/y4nn06nm,8,10,627,490627,515,0.515,490112,1.195604337,410359,1.195604337,,0.8492,1.846153327,61.0597,71.9054,660.4038,2.32242,,,,,,,,,,,,,,,,,,,,,,,,,,,,,,,,,,,,,,,,,,,,,,,,,,,,,,,,,,,,,,,,,,,,,,,,,,,,,,,,,,,,,
🇨🇦,Aquacorde,0,0,8:10.818,8:10.818,15 Jul 2025,357,(U),5155476148031295835,,,https://www.youtube.com/watch?v=m5GWURA89ts,8,10,818,490818,0,0,490818,1.196069783,410359,1.196069783,,0.8365,1.850917303,60.0562,71.7925,658.9530,2.32965,,,,,,,,,,,,,,,,,,,,,,,,,,,,,,,,,,,,,,,,,,,,,,,,,,,,,,,,,,,,,,,,,,,,,,,,,,,,,,,,,,,,,
🇳🇴,skycrab1,0,0,8:10.890,8:10.890,06 Jan 2025,547,(U),-7855142198495008899,,,https://www.youtube.com/watch?v=__bACJwOlow&list=PLU3_fvoJ1GyMStiA29z37DUPtG47PvOJz&index=107,8,10,890,490890,0,0,490890,1.196245239,421494,1.164642913,,0.7607,1.55318037,60.0359,78.9207,658.4054,2.33238,,,,,,,,,,,,,,,,,,,,,,,,,,,,,,,,,,,,,,,,,,,,,,,,,,,,,,,,,,,,,,,,,,,,,,,,,,,,,,,,,,,,,
🇳🇴,skycrab1,0,0,8:10.497,8:11.103,07 Feb 2026,150,(U),unknown,,,https://www.youtube.com/watch?v=c8Pr_8UkxF0&list=PLU3_fvoJ1GyMStiA29z37DUPtG47PvOJz&index=167,8,11,103,491103,606,0.606,490497,1.196764297,410359,1.196764297,,0.9277,1.858046567,66.4484,71.6236,656.7831,2.34048,,,,,,,,,,,,,,,,,,,,,,,,,,,,,,,,,,,,,,,,,,,,,,,,,,,,,,,,,,,,,,,,,,,,,,,,,,,,,,,,,,,,,
🇧🇷,brahmaquente,0,1,8:07.405,8:11.357,30 Jul 2024,707,(V),468064970823174801,,,https://www.speedrun.com/mc/runs/meg6x50y,8,11,357,491357,3952,3.952,487405,1.197383267,421494,1.165750877,,0.7022,1.562885244,55.2560,78.6870,654.8442,2.35018,,,,,,,,,,,,,,,,,,,,,,,,,,,,,,,,,,,,,,,,,,,,,,,,,,,,,,,,,,,,,,,,,,,,,,,,,,,,,,,,,,,,,
🇫🇷,M4xx,0,1,8:10.285,8:11.390,08 Jul 2025,364,(U),-7845767335663169011,,,https://www.youtube.com/watch?v=bqqPkFLKnU0,8,11,390,491390,1105,1.105,490285,1.197463684,410359,1.197463684,,0.8336,1.86525099,59.5634,71.4531,654.5920,2.35144,,,,,,,,,,,,,,,,,,,,,,,,,,,,,,,,,,,,,,,,,,,,,,,,,,,,,,,,,,,,,,,,,,,,,,,,,,,,,,,,,,,,,
🇩🇰,Bloopy,0,0,8:11.720,8:11.720,07 Mar 2026,122,(U),6328234340742294275,,,https://www.youtube.com/watch?v=_3NI29jbOy0,8,11,720,491720,0,0,491720,1.198267858,410359,1.198267858,,0.9408,1.873566084,67.0397,71.2564,652.0650,2.36410,,,,,,,,,,,,,,,,,,,,,,,,,,,,,,,,,,,,,,,,,,,,,,,,,,,,,,,,,,,,,,,,,,,,,,,,,,,,,,,,,,,,,
🇺🇸,itsnahan,0,1,8:11.731,8:12.061,26 Sep 2024,649,(V),8580381741511547234,,,https://www.speedrun.com/mc/runs/ydl27rxz,8,12,61,492061,330,0.33,491731,1.199098838,421494,1.167421126,,0.7229,1.577620273,56.6255,78.3322,649.4454,2.37724,,,,,,,,,,,,,,,,,,,,,,,,,,,,,,,,,,,,,,,,,,,,,,,,,,,,,,,,,,,,,,,,,,,,,,,,,,,,,,,,,,,,,
🇷🇴,tudorule,0,1,8:08.070,8:12.219,03 May 2025,430,(V),3079207861677416186,,,https://www.speedrun.com/mc/runs/y6jp6n0m,8,12,219,492219,4149,4.149,488070,1.199483867,421494,1.167795983,,0.8065,1.580944705,63.1136,78.2522,648.2288,2.38335,,,,,,,,,,,,,,,,,,,,,,,,,,,,,,,,,,,,,,,,,,,,,,,,,,,,,,,,,,,,,,,,,,,,,,,,,,,,,,,,,,,,,
🇦🇺,ParaFraser,0,1,8:10.103,8:12.481,05 Jul 2025,367,(V),-3856485852976638547,,,https://www.speedrun.com/mc/runs/y4nxdrdm,8,12,481,492481,2378,2.378,490103,1.200122332,410359,1.200122332,,0.8324,1.892869275,58.9309,70.8005,646.2074,2.39352,,,,,,,,,,,,,,,,,,,,,,,,,,,,,,,,,,,,,,,,,,,,,,,,,,,,,,,,,,,,,,,,,,,,,,,,,,,,,,,,,,,,,
🇳🇴,skycrab1,0,0,8:12.697,8:12.697,16 Jun 2025,386,(U),8459975692548252643,,,https://www.youtube.com/watch?v=snXcok9zxhU&list=PLU3_fvoJ1GyMStiA29z37DUPtG47PvOJz&index=130,8,12,697,492697,0,0,492697,1.2006487,410359,1.2006487,,0.8245,1.898380935,58.2666,70.6705,644.5372,2.40194,,,,,,,,,,,,,,,,,,,,,,,,,,,,,,,,,,,,,,,,,,,,,,,,,,,,,,,,,,,,,,,,,,,,,,,,,,,,,,,,,,,,,
🇺🇸,Infume,0,0,8:12.836,8:12.836,17 Jun 2025,385,(U),unknown,,,https://www.youtube.com/watch?v=IKZLFxXVutk,8,12,836,492836,0,0,492836,1.200987428,410359,1.200987428,,0.8249,1.901935465,58.2266,70.5867,643.4606,2.40736,,,,,,,,,,,,,,,,,,,,,,,,,,,,,,,,,,,,,,,,,,,,,,,,,,,,,,,,,,,,,,,,,,,,,,,,,,,,,,,,,,,,,
🇹🇿,Kxpow,0,0,8:11.452,8:12.866,09 Nov 2024,605,(U),-4774790054232718199,,,https://www.youtube.com/watch?v=hPLiTXbLFJs,8,12,866,492866,1414,1.414,491452,1.201060535,421494,1.169330999,,0.7390,1.594625009,57.5826,77.9229,643.2281,2.40854,,,,,,,,,,,,,,,,,,,,,,,,,,,,,,,,,,,,,,,,,,,,,,,,,,,,,,,,,,,,,,,,,,,,,,,,,,,,,,,,,,,,,
🇨🇦,wethr,0,1,8:13.175,8:13.175,22 Dec 2024,562,(V),4556224492622948754,,,https://www.speedrun.com/mc/runs/y9p0o6vm,8,13,175,493175,0,0,493175,1.201813534,421494,1.170064105,,0.7550,1.601196695,58.7146,77.7648,640.8292,2.42065,,,,,,,,,,,,,,,,,,,,,,,,,,,,,,,,,,,,,,,,,,,,,,,,,,,,,,,,,,,,,,,,,,,,,,,,,,,,,,,,,,,,,
🇺🇸,zylenox,0,0,8:11.111,8:13.283,16 Mar 2023,1209,(U),3386076644250915113,15,Yes,https://www.youtube.com/watch?v=t_huEH4IZxg,8,13,283,493283,2172,2.172,491111,1.202076718,465828,1.058938063,,0.5463,0.8465586261,52.0493,95.2677,639.9892,2.42490,,,,,,,,,,,,,,,,,,,,,,,,,,,,,,,,,,,,,,,,,,,,,,,,,,,,,,,,,,,,,,,,,,,,,,,,,,,,,,,,,,,,,
🇦🇺,bigbigmongey,0,1,8:12.044,8:12.649,02 Jul 2024,735,(V),8478412829008933608,,,https://www.speedrun.com/mc/runs/z0dvl6ey,8,12,649,492649,605,0.605,492044,1.20053173,421494,1.168816163,,0.6925,1.590024694,54.0354,78.0336,644.9086,2.40006,,,,,,,,,,,,,,,,,,,,,,,,,,,,,,,,,,,,,,,,,,,,,,,,,,,,,,,,,,,,,,,,,,,,,,,,,,,,,,,,,,,,,
🇬🇧,priffie,0,0,8:12.799,8:12.799,24 Nov 2024,590,(U),-8570838528164744494,,,https://www.youtube.com/watch?v=7FDQZBJ-OMw,8,12,799,492799,0,0,492799,1.200897263,421494,1.16917204,,0.7445,1.593203337,58.0415,77.9571,643.7473,2.40592,,,,,,,,,,,,,,,,,,,,,,,,,,,,,,,,,,,,,,,,,,,,,,,,,,,,,,,,,,,,,,,,,,,,,,,,,,,,,,,,,,,,,
🇨🇦,MrBudgie,0,1,8:10.638,8:13.690,16 Aug 2024,690,(V),1320019232325394424,,,https://www.speedrun.com/mc/runs/yvx1dexz,8,13,690,493690,3052,3.052,490638,1.203068533,421494,1.17128595,,0.7082,1.612204547,54.8870,77.4999,636.8163,2.44096,,,,,,,,,,,,,,,,,,,,,,,,,,,,,,,,,,,,,,,,,,,,,,,,,,,,,,,,,,,,,,,,,,,,,,,,,,,,,,,,,,,,,
🇨🇦,Aquacorde,0,0,8:14.109,8:14.109,05 Jul 2025,367,(U),6586350975935929914,,,https://www.youtube.com/watch?v=G0Hp7oeSKuw,8,14,109,494109,0,0,494109,1.20408959,410359,1.20408959,,0.8324,1.934769938,58.1100,69.8142,633.5378,2.45760,,,,,,,,,,,,,,,,,,,,,,,,,,,,,,,,,,,,,,,,,,,,,,,,,,,,,,,,,,,,,,,,,,,,,,,,,,,,,,,,,,,,,
🇬🇧,priffie,0,0,8:14.135,8:14.135,17 Nov 2024,597,(U),unknown,,,https://www.youtube.com/watch?v=vyuhDkjpgio,8,14,135,494135,0,0,494135,1.204152949,421494,1.172341718,,0.7419,1.621771835,57.3288,77.2698,633.3340,2.45864,,,,,,,,,,,,,,,,,,,,,,,,,,,,,,,,,,,,,,,,,,,,,,,,,,,,,,,,,,,,,,,,,,,,,,,,,,,,,,,,,,,,,
🇺🇸,Bloon,0,1,8:14.162,8:14.162,27 Oct 2025,253,(V),-960978816984086672,,,https://www.speedrun.com/mc/runs/z0k9kvjm,8,14,162,494162,0,0,494162,1.204218745,410359,1.204218745,,0.8812,1.936148012,61.4900,69.7818,633.1223,2.45972,,,,,,,,,,,,,,,,,,,,,,,,,,,,,,,,,,,,,,,,,,,,,,,,,,,,,,,,,,,,,,,,,,,,,,,,,,,,,,,,,,,,,
🇨🇦,Jay12310,0,0,8:14.911,8:14.911,01 Dec 2025,218,(U),unknown,,,https://www.youtube.com/watch?v=DQen1iTu-So&list=PLaTJSsRuu2UcsiC6KEkJwrGp1GaGgPoVG&index=9,8,14,911,494911,0,0,494911,1.206043976,410359,1.206043976,,0.8967,1.955718132,62.1639,69.3229,627.2291,2.48975,,,,,,,,,,,,,,,,,,,,,,,,,,,,,,,,,,,,,,,,,,,,,,,,,,,,,,,,,,,,,,,,,,,,,,,,,,,,,,,,,,,,,
🇸🇪,PAPLERR,0,0,8:14.936,8:14.936,23 Jan 2025,530,(U),unknown,,,https://www.youtube.com/watch?v=RzVXc5XHumc,8,14,936,494936,0,0,494936,1.206104898,421494,1.174242101,,0.7672,1.639123735,58.9618,76.8526,627.0318,2.49076,,,,,,,,,,,,,,,,,,,,,,,,,,,,,,,,,,,,,,,,,,,,,,,,,,,,,,,,,,,,,,,,,,,,,,,,,,,,,,,,,,,,,
🇺🇸,doogile,1,1,8:10.241,8:15.537,06 Nov 2022,1339,(V),9153513292182018950,,,https://www.youtube.com/watch?v=8DYIvJETTDE,8,15,537,495537,5296,5.296,490241,1.20756947,517884,0.9568494103,,0.5120,0.467176738,52.2624,102.0821,622.2749,2.51511,,,,,,,,,,,,,,,,,,,,,,,,,,,,,,,,,,,,,,,,,,,,,,,,,,,,,,,,,,,,,,,,,,,,,,,,,,,,,,,,,,,,,
🇩🇰,Bloopy,0,0,8:15.715,8:15.715,06 Apr 2026,92,(U),3795610833190711920,,,https://www.youtube.com/watch?v=Tk_-9crkNP0,8,15,715,495715,0,0,495715,1.208003236,410359,1.208003236,,0.9550,1.976924004,65.7325,68.8268,620.8615,2.52236,,,,,,,,,,,,,,,,,,,,,,,,,,,,,,,,,,,,,,,,,,,,,,,,,,,,,,,,,,,,,,,,,,,,,,,,,,,,,,,,,,,,,
🇨🇦,Aquacorde,0,0,8:16.080,8:16.080,19 Jul 2025,353,(U),-3413707190764289689,,,https://www.youtube.com/watch?v=ip7IP1Srx_o,8,16,80,496080,0,0,496080,1.208892701,410359,1.208892701,,0.8382,1.986619387,57.5008,68.6004,617.9568,2.53729,,,,,,,,,,,,,,,,,,,,,,,,,,,,,,,,,,,,,,,,,,,,,,,,,,,,,,,,,,,,,,,,,,,,,,,,,,,,,,,,,,,,,
🇧🇪,akbh,0,1,8:16.150,8:16.150,28 Oct 2025,252,(V),-494949671729861114,,,https://www.speedrun.com/mc/runs/y9w1kxrz,8,16,150,496150,0,0,496150,1.209063284,410359,1.209063284,,0.8816,1.988483673,60.4408,68.5569,617.3987,2.54017,,,,,,,,,,,,,,,,,,,,,,,,,,,,,,,,,,,,,,,,,,,,,,,,,,,,,,,,,,,,,,,,,,,,,,,,,,,,,,,,,,,,,
🇬🇧,Mauvu,0,1,8:16.269,8:16.269,04 Jun 2025,398,(V),7577249546337144986,,,https://www.speedrun.com/mc/runs/yvl7e48z,8,16,269,496269,0,0,496269,1.209353274,421494,1.177404661,,0.8195,1.668376254,62.4086,76.1499,616.4493,2.54506,,,,,,,,,,,,,,,,,,,,,,,,,,,,,,,,,,,,,,,,,,,,,,,,,,,,,,,,,,,,,,,,,,,,,,,,,,,,,,,,,,,,,
🇸🇰,NoFear1337,0,0,8:16.272,8:16.613,23 Apr 2026,75,(U),unknown,,,https://www.youtube.com/watch?v=NVqSAkRBd_4,8,16,613,496613,341,0.341,496272,1.210191564,410359,1.210191564,,0.9632,2.000854402,65.7559,68.2686,613.6998,2.55925,,,,,,,,,,,,,,,,,,,,,,,,,,,,,,,,,,,,,,,,,,,,,,,,,,,,,,,,,,,,,,,,,,,,,,,,,,,,,,,,,,,,,
🇦🇷,TuCara9,0,1,8:17.207,8:17.713,26 Nov 2025,223,(V),7314274440218677457,,,https://www.speedrun.com/mc/runs/m326p64y,8,17,713,497713,506,0.506,497207,1.212872144,410359,1.212872144,,0.8945,2.03052378,60.4488,67.5790,604.8578,2.60510,,,,,,,,,,,,,,,,,,,,,,,,,,,,,,,,,,,,,,,,,,,,,,,,,,,,,,,,,,,,,,,,,,,,,,,,,,,,,,,,,,,,,
🇨🇦,Aquacorde,0,0,8:17.895,8:17.895,12 Aug 2025,329,(U),-7262470716101336113,,,https://www.youtube.com/watch?v=ytYXAwlQPWg,8,17,895,497895,0,0,497895,1.213315658,410359,1.213315658,,0.8483,2.035470782,57.2311,67.4643,603.3878,2.61276,,,,,,,,,,,,,,,,,,,,,,,,,,,,,,,,,,,,,,,,,,,,,,,,,,,,,,,,,,,,,,,,,,,,,,,,,,,,,,,,,,,,,
🇮🇪,ContraVz,0,1,8:17.914,8:17.914,03 Apr 2025,460,(V),3844627486666536870,,,https://www.speedrun.com/mc/runs/y2n4p27y,8,17,914,497914,0,0,497914,1.213361959,421494,1.181307444,,0.7945,1.705131399,59.8031,75.2682,603.2342,2.61356,,,,,,,,,,,,,,,,,,,,,,,,,,,,,,,,,,,,,,,,,,,,,,,,,,,,,,,,,,,,,,,,,,,,,,,,,,,,,,,,,,,,,
🇸🇪,v_strid,0,0,8:16.534,8:17.953,15 Apr 2025,448,(U),unknown,,,https://www.youtube.com/watch?v=r74-BZB9cgs,8,17,953,497953,1419,1.419,496534,1.213456997,421494,1.181399972,,0.7993,1.706011679,60.1462,75.2471,602.9188,2.61521,,,,,,,,,,,,,,,,,,,,,,,,,,,,,,,,,,,,,,,,,,,,,,,,,,,,,,,,,,,,,,,,,,,,,,,,,,,,,,,,,,,,,
🇸🇪,PAPLERR,0,0,8:18.269,8:18.269,29 Oct 2024,616,(U),unknown,,,https://www.youtube.com/watch?v=ywRKfkc5_kM,8,18,269,498269,0,0,498269,1.214227055,421494,1.182149687,,0.7349,1.713159479,55.1744,75.0759,600.3606,2.62857,,,,,,,,,,,,,,,,,,,,,,,,,,,,,,,,,,,,,,,,,,,,,,,,,,,,,,,,,,,,,,,,,,,,,,,,,,,,,,,,,,,,,
🇺🇸,Feinberg,0,1,8:15.802,8:18.453,23 Oct 2025,257,(V),-4568351362798030549,,,https://www.speedrun.com/mc/runs/zp5lnlny,8,18,453,498453,2651,2.651,495802,1.214675443,410359,1.214675443,,0.8794,2.050705749,59.0188,67.1115,598.8682,2.63637,,,,,,,,,,,,,,,,,,,,,,,,,,,,,,,,,,,,,,,,,,,,,,,,,,,,,,,,,,,,,,,,,,,,,,,,,,,,,,,,,,,,,
🇩🇪,jason_n,0,0,8:18.588,8:18.588,19 Aug 2025,322,(U),4176206987315611766,,,https://www.youtube.com/watch?v=GBSM3X1G7Rg,8,18,588,498588,0,0,498588,1.215004423,410359,1.215004423,,0.8513,2.054407032,57.0586,67.0259,597.7720,2.64211,,,,,,,,,,,,,,,,,,,,,,,,,,,,,,,,,,,,,,,,,,,,,,,,,,,,,,,,,,,,,,,,,,,,,,,,,,,,,,,,,,,,,
🇩🇰,Bloopy,0,0,8:18.601,8:18.601,02 Aug 2025,339,(U),121410886578867315,,,https://www.youtube.com/watch?v=EwXtlrbNI1o,8,18,601,498601,0,0,498601,1.215036103,410359,1.215036103,,0.8441,2.054763769,56.5687,67.0177,597.6664,2.64267,,,,,,,,,,,,,,,,,,,,,,,,,,,,,,,,,,,,,,,,,,,,,,,,,,,,,,,,,,,,,,,,,,,,,,,,,,,,,,,,,,,,,
🇺🇸,zylenox,0,0,8:17.546,8:18.731,15 Apr 2024,813,(U),3379831003145275556,,,https://www.youtube.com/watch?v=JDIyooRslEc,8,18,731,498731,1185,1.185,497546,1.215352898,421494,1.183245788,,0.6660,1.723658811,49.8314,74.8245,596.6097,2.64821,,,,,,,,,,,,,,,,,,,,,,,,,,,,,,,,,,,,,,,,,,,,,,,,,,,,,,,,,,,,,,,,,,,,,,,,,,,,,,,,,,,,,
🇳🇴,skycrab1,0,0,8:17.174,8:19.441,19 May 2024,779,(U),3087289280453736272,,,https://www.youtube.com/watch?v=82fZlnldpjc&list=PLU3_fvoJ1GyMStiA29z37DUPtG47PvOJz&index=21,8,19,441,499441,2267,2.267,497174,1.217083091,421494,1.184930272,,0.6774,1.739908312,50.4224,74.4357,590.8214,2.67866,,,,,,,,,,,,,,,,,,,,,,,,,,,,,,,,,,,,,,,,,,,,,,,,,,,,,,,,,,,,,,,,,,,,,,,,,,,,,,,,,,,,,
🇫🇮,sadekeppi,0,0,8:19.618,8:19.618,22 Mar 2026,107,(U),6063058172507802220,,,https://www.youtube.com/watch?v=jy9oRPGabRY,8,19,618,499618,0,0,499618,1.21751442,410359,1.21751442,,0.9479,2.082845155,62.9123,66.3698,589.3739,2.68630,,,,,,,,,,,,,,,,,,,,,,,,,,,,,,,,,,,,,,,,,,,,,,,,,,,,,,,,,,,,,,,,,,,,,,,,,,,,,,,,,,,,,
🇳🇴,skycrab1,0,0,8:19.619,8:19.619,09 Oct 2024,636,(U),-7062641621573021177,,,https://www.youtube.com/watch?v=qIX6RDLk3Fw&list=PLU3_fvoJ1GyMStiA29z37DUPtG47PvOJz&index=79,8,19,619,499619,0,0,499619,1.217516857,421494,1.185352579,,0.7276,1.744003915,54.0884,74.3378,589.3657,2.68634,,,,,,,,,,,,,,,,,,,,,,,,,,,,,,,,,,,,,,,,,,,,,,,,,,,,,,,,,,,,,,,,,,,,,,,,,,,,,,,,,,,,,
🇸🇪,ANJOUU,0,0,8:19.728,8:19.728,11 May 2024,787,(U),3710899162090645928,,,https://www.youtube.com/watch?v=hFuSpaQiQAA,8,19,728,499728,0,0,499728,1.217782478,421494,1.185611183,,0.6747,1.746516222,50.1145,74.2777,588.4735,2.69106,,,,,,,,,,,,,,,,,,,,,,,,,,,,,,,,,,,,,,,,,,,,,,,,,,,,,,,,,,,,,,,,,,,,,,,,,,,,,,,,,,,,,
🇭🇷,Mar1n,0,1,8:19.806,8:19.806,21 Oct 2024,624,(V),698532108666567657,,,https://www.speedrun.com/mc/runs/z1n66ojy,8,19,806,499806,0,0,499806,1.217972556,421494,1.185796239,,0.7320,1.748316039,54.3384,74.2347,587.8346,2.69444,,,,,,,,,,,,,,,,,,,,,,,,,,,,,,,,,,,,,,,,,,,,,,,,,,,,,,,,,,,,,,,,,,,,,,,,,,,,,,,,,,,,,
🇺🇸,Reignex,0,1,8:19.298,8:19.817,24 Sep 2023,1017,(U),-3985147101755228047,,,https://www.youtube.com/watch?v=P5dL8lNC1pw,8,19,817,499817,519,0.519,499298,1.217999362,465828,1.072964699,,0.6014,0.9185930283,56.3723,93.7356,587.7445,2.69491,,,,,,,,,,,,,,,,,,,,,,,,,,,,,,,,,,,,,,,,,,,,,,,,,,,,,,,,,,,,,,,,,,,,,,,,,,,,,,,,,,,,,
🇺🇦,7rowl,0,1,8:17.517,8:20.033,31 May 2023,1133,(V),-3529659453233886563,,,https://www.speedrun.com/mc/runs/zqj4529m,8,20,33,500033,2516,2.516,497517,1.21852573,465828,1.07342839,,0.5675,0.9210725728,53.1653,93.6819,585.9733,2.70429,,,,,,,,,,,,,,,,,,,,,,,,,,,,,,,,,,,,,,,,,,,,,,,,,,,,,,,,,,,,,,,,,,,,,,,,,,,,,,,,,,,,,
🇿🇦,Airpodsz,0,1,8:20.084,8:20.084,22 Jun 2025,380,(U),-4055965136463756680,,,https://www.youtube.com/watch?v=TTa_ZbIyFbM&list=PLjW0OIc7zcEcqLcQwe9V6NfJUy0AUDomQ&index=11,8,20,84,500084,0,0,500084,1.218650011,410359,1.218650011,,0.8270,2.095827408,54.6382,66.0712,585.5548,2.70651,,,,,,,,,,,,,,,,,,,,,,,,,,,,,,,,,,,,,,,,,,,,,,,,,,,,,,,,,,,,,,,,,,,,,,,,,,,,,,,,,,,,,
🇳🇴,skycrab1,0,0,8:20.209,8:20.209,15 Dec 2024,569,(U),-6441503782371694371,,,https://www.youtube.com/watch?v=MBNYYvNrJZk&list=PLU3_fvoJ1GyMStiA29z37DUPtG47PvOJz&index=103,8,20,209,500209,0,0,500209,1.218954623,421494,1.186752362,,0.7524,1.757641982,55.6858,74.0119,584.5283,2.71196,,,,,,,,,,,,,,,,,,,,,,,,,,,,,,,,,,,,,,,,,,,,,,,,,,,,,,,,,,,,,,,,,,,,,,,,,,,,,,,,,,,,,
🇳🇴,skycrab1,0,0,8:20.575,8:20.575,29 Aug 2024,677,(U),6341036276828892777,,,https://www.youtube.com/watch?v=mUhBdkUS4Xo&list=PLU3_fvoJ1GyMStiA29z37DUPtG47PvOJz&index=61,8,20,575,500575,0,0,500575,1.219846525,421494,1.187620702,,0.7128,1.76615085,52.6137,73.8087,581.5179,2.72796,,,,,,,,,,,,,,,,,,,,,,,,,,,,,,,,,,,,,,,,,,,,,,,,,,,,,,,,,,,,,,,,,,,,,,,,,,,,,,,,,,,,,
🇺🇸,doogile,0,0,8:20.954,8:20.954,22 Sep 2024,653,(U),5840096564526051748,,,https://www.youtube.com/watch?v=GqY9MGcuvWk,8,20,954,500954,0,0,500954,1.220770106,421494,1.188519884,,0.7214,1.775001374,53.0965,73.5976,578.3931,2.74462,,,,,,,,,,,,,,,,,,,,,,,,,,,,,,,,,,,,,,,,,,,,,,,,,,,,,,,,,,,,,,,,,,,,,,,,,,,,,,,,,,,,,
🇹🇿,Kxpow,0,1,8:19.128,8:20.966,05 Dec 2023,945,(V),-207017292191506931,,,https://www.speedrun.com/mc/runs/z5ke9xjz,8,20,966,500966,1838,1.838,499128,1.220799349,465828,1.075431275,,0.6234,0.9318569318,58.2593,93.4479,578.2940,2.74515,,,,,,,,,,,,,,,,,,,,,,,,,,,,,,,,,,,,,,,,,,,,,,,,,,,,,,,,,,,,,,,,,,,,,,,,,,,,,,,,,,,,,
🇹🇿,Kxpow,0,1,8:19.488,8:21.011,09 Jan 2024,910,(V),4490097923820258206,,,https://www.speedrun.com/mc/runs/y8kg0e1y,8,21,11,501011,1523,1.523,499488,1.220909009,421494,1.188655117,,0.6344,1.776335935,46.6736,73.5657,577.9224,2.74713,,,,,,,,,,,,,,,,,,,,,,,,,,,,,,,,,,,,,,,,,,,,,,,,,,,,,,,,,,,,,,,,,,,,,,,,,,,,,,,,,,,,,
🇺🇦,dinonuggieboi,0,1,8:20.213,8:21.405,23 Dec 2024,561,(V),2194551805406621364,,,https://www.speedrun.com/mc/runs/zpk476gy,8,21,405,501405,1192,1.192,500213,1.221869144,421494,1.189589887,,0.7554,1.785585745,55.4054,73.3452,574.6648,2.76456,,,,,,,,,,,,,,,,,,,,,,,,,,,,,,,,,,,,,,,,,,,,,,,,,,,,,,,,,,,,,,,,,,,,,,,,,,,,,,,,,,,,,
🇫🇮,AndrewCrow,0,1,8:19.952,8:21.407,19 Oct 2025,261,(V),4078753902684247139,,,https://www.speedrun.com/mc/runs/yw580r9y,8,21,407,501407,1455,1.455,499952,1.221874018,410359,1.221874018,,0.8777,2.133082554,57.2387,65.2177,574.6483,2.76465,,,,,,,,,,,,,,,,,,,,,,,,,,,,,,,,,,,,,,,,,,,,,,,,,,,,,,,,,,,,,,,,,,,,,,,,,,,,,,,,,,,,,
🇳🇴,skycrab1,0,0,8:22.065,8:22.065,06 Mar 2026,123,(U),unknown,,,https://www.youtube.com/watch?v=WR8_NH2aZTo&list=PLU3_fvoJ1GyMStiA29z37DUPtG47PvOJz&index=171,8,22,65,502065,0,0,502065,1.223477492,410359,1.223477492,,0.9404,2.151832444,60.9255,64.7900,569.1902,2.79399,,,,,,,,,,,,,,,,,,,,,,,,,,,,,,,,,,,,,,,,,,,,,,,,,,,,,,,,,,,,,,,,,,,,,,,,,,,,,,,,,,,,,
🇺🇸,Feinberg,0,1,8:21.322,8:22.104,21 Oct 2025,259,(V),8513141949686627238,,,https://www.speedrun.com/mc/runs/yw58n63y,8,22,104,502104,782,0.782,501322,1.22357253,410359,1.22357253,,0.8785,2.152948396,56.8979,64.7646,568.8660,2.79574,,,,,,,,,,,,,,,,,,,,,,,,,,,,,,,,,,,,,,,,,,,,,,,,,,,,,,,,,,,,,,,,,,,,,,,,,,,,,,,,,,,,,
🇩🇪,jason_n,0,0,8:22.273,8:22.273,02 Feb 2026,155,(U),7995908203394493910,,,https://www.youtube.com/watch?v=JHDFp57LuTQ,8,22,273,502273,0,0,502273,1.223984365,410359,1.223984365,,0.9254,2.157790205,59.8329,64.6544,567.4604,2.80333,,,,,,,,,,,,,,,,,,,,,,,,,,,,,,,,,,,,,,,,,,,,,,,,,,,,,,,,,,,,,,,,,,,,,,,,,,,,,,,,,,,,,
🇳🇴,skycrab1,0,0,8:22.292,8:22.292,10 Dec 2024,574,(U),7706444672099891654,,,https://www.youtube.com/watch?v=VKGDkYwS24I&list=PLU3_fvoJ1GyMStiA29z37DUPtG47PvOJz&index=101,8,22,292,502292,0,0,502292,1.224030666,421494,1.191694306,,0.7505,1.806569797,54.6714,72.8455,567.3023,2.80418,,,,,,,,,,,,,,,,,,,,,,,,,,,,,,,,,,,,,,,,,,,,,,,,,,,,,,,,,,,,,,,,,,,,,,,,,,,,,,,,,,,,,
🇫🇷,M4xx,0,1,8:21.006,8:22.690,16 Aug 2024,690,(V),2010915653729741497,,,https://www.speedrun.com/mc/runs/y9d9rr2m,8,22,690,502690,1684,1.684,501006,1.225000548,421494,1.192638567,,0.7082,1.816057944,51.4309,72.6199,563.9862,2.82212,,,,,,,,,,,,,,,,,,,,,,,,,,,,,,,,,,,,,,,,,,,,,,,,,,,,,,,,,,,,,,,,,,,,,,,,,,,,,,,,,,,,,
🇸🇪,v_strid,0,0,8:22.895,8:23.209,24 Feb 2025,498,(U),unknown,,,https://www.youtube.com/watch?v=ghEHinYlhQ4,8,23,209,503209,314,0.314,502895,1.226265295,421494,1.193869901,,0.7796,1.828498578,56.3826,72.3243,559.6506,2.84568,,,,,,,,,,,,,,,,,,,,,,,,,,,,,,,,,,,,,,,,,,,,,,,,,,,,,,,,,,,,,,,,,,,,,,,,,,,,,,,,,,,,,
🇫🇮,Cube1337x,0,1,8:23.352,8:23.352,29 Feb 2024,859,(V),5421616656737029560,,,https://www.speedrun.com/mc/runs/yvl3g1ez,8,23,352,503352,0,0,503352,1.22661377,421494,1.19420917,,0.6508,1.831939897,47.0180,72.2426,558.4538,2.85220,,,,,,,,,,,,,,,,,,,,,,,,,,,,,,,,,,,,,,,,,,,,,,,,,,,,,,,,,,,,,,,,,,,,,,,,,,,,,,,,,,,,,
🇨🇦,wethr,0,0,8:23.718,8:23.718,04 Jun 2025,398,(U),unknown,,,https://www.youtube.com/watch?v=61Tio-zVNtk,8,23,718,503718,0,0,503718,1.227505672,421494,1.19507751,,0.8195,1.840774512,59.0346,72.0330,555.3865,2.86896,,,,,,,,,,,,,,,,,,,,,,,,,,,,,,,,,,,,,,,,,,,,,,,,,,,,,,,,,,,,,,,,,,,,,,,,,,,,,,,,,,,,,
🇿🇦,Airpodsz,0,1,8:23.804,8:23.804,13 Jun 2025,389,(U),-6210122066414894256,,,https://www.youtube.com/watch?v=ZR9aV6-3rnQ&list=PLjW0OIc7zcEcqLcQwe9V6NfJUy0AUDomQ&index=13,8,23,804,503804,0,0,503804,1.227715244,410359,1.227715244,,0.8232,2.20210083,52.3996,63.6499,554.6649,2.87291,,,,,,,,,,,,,,,,,,,,,,,,,,,,,,,,,,,,,,,,,,,,,,,,,,,,,,,,,,,,,,,,,,,,,,,,,,,,,,,,,,,,,
,lowkey,0,1,8:22.028,8:23.880,22 May 2023,1142,(V),9002087332504975257,,Yes,https://www.youtube.com/watch?v=jFKZ4TUPdmo,8,23,880,503880,1852,1.852,502028,1.227900448,465828,1.081686803,,0.5650,0.9663247505,52.3678,92.6930,554.0270,2.87640,,,,,,,,,,,,,,,,,,,,,,,,,,,,,,,,,,,,,,,,,,,,,,,,,,,,,,,,,,,,,,,,,,,,,,,,,,,,,,,,,,,,,
🇦🇺,Erikfzf,0,1,8:24.041,8:24.041,20 Nov 2024,594,(V),-6796941207508613900,,,https://www.speedrun.com/mc/runs/y8p52pnz,8,24,41,504041,0,0,504041,1.228292788,421494,1.195843832,,0.7430,1.848603239,53.3857,71.8473,552.6746,2.88382,,,,,,,,,,,,,,,,,,,,,,,,,,,,,,,,,,,,,,,,,,,,,,,,,,,,,,,,,,,,,,,,,,,,,,,,,,,,,,,,,,,,,
🇮🇹,Ale267,0,1,8:24.141,8:24.141,13 Jun 2025,389,(V),8802496130484979857,,,https://www.speedrun.com/mc/runs/zng0o67m,8,24,141,504141,0,0,504141,1.228536477,410359,1.228536477,,0.8232,2.211963432,52.2164,63.4274,551.8341,2.88843,,,,,,,,,,,,,,,,,,,,,,,,,,,,,,,,,,,,,,,,,,,,,,,,,,,,,,,,,,,,,,,,,,,,,,,,,,,,,,,,,,,,,
🇳🇴,skycrab1,0,0,8:24.266,8:24.266,25 Jan 2025,528,(U),-2192530939169664687,,,https://www.youtube.com/watch?v=G-ri7QuIsdY&list=PLU3_fvoJ1GyMStiA29z37DUPtG47PvOJz&index=110,8,24,266,504266,0,0,504266,1.228841088,421494,1.196377647,,0.7680,1.854074502,55.0773,71.7177,550.7829,2.89421,,,,,,,,,,,,,,,,,,,,,,,,,,,,,,,,,,,,,,,,,,,,,,,,,,,,,,,,,,,,,,,,,,,,,,,,,,,,,,,,,,,,,
🇸🇪,ANJOUU,0,0,8:24.061,8:24.602,12 Apr 2025,451,(U),unknown,,,https://www.youtube.com/watch?v=KTTE78z_rGI,8,24,602,504602,541,0.541,504061,1.229659883,421494,1.197174812,,0.7981,1.862272237,57.0842,71.5236,547.9538,2.90980,,,,,,,,,,,,,,,,,,,,,,,,,,,,,,,,,,,,,,,,,,,,,,,,,,,,,,,,,,,,,,,,,,,,,,,,,,,,,,,,,,,,,
🇦🇺,Erikfzf,0,1,8:24.756,8:24.826,02 Jan 2024,917,(V),3735207518751547870,,,https://www.speedrun.com/mc/runs/m73or65y,8,24,826,504826,70,0.07,504756,1.230205747,446254,1.131252605,,0.6322,1.285460671,53.9544,85.3397,546.0651,2.92023,,,,,,,,,,,,,,,,,,,,,,,,,,,,,,,,,,,,,,,,,,,,,,,,,,,,,,,,,,,,,,,,,,,,,,,,,,,,,,,,,,,,,
🇺🇸,zylenox,0,0,8:23.301,8:25.202,19 May 2025,414,(U),unknown,,,https://www.youtube.com/watch?v=g78Kgv4uZVI,8,25,202,505202,1901,1.901,503301,1.231122018,421494,1.198598319,,0.8130,1.876992746,57.8670,71.1754,542.8902,2.93782,,,,,,,,,,,,,,,,,,,,,,,,,,,,,,,,,,,,,,,,,,,,,,,,,,,,,,,,,,,,,,,,,,,,,,,,,,,,,,,,,,,,,
🇬🇧,priffie,0,0,8:25.369,8:25.369,07 Apr 2025,456,(U),unknown,,,https://www.youtube.com/watch?v=xm3MGlAITPE,8,25,369,505369,0,0,505369,1.231528978,421494,1.198994529,,0.7961,1.881108656,56.5871,71.0782,541.4783,2.94566,,,,,,,,,,,,,,,,,,,,,,,,,,,,,,,,,,,,,,,,,,,,,,,,,,,,,,,,,,,,,,,,,,,,,,,,,,,,,,,,,,,,,
🇦🇺,retropog,0,1,8:25.491,8:25.491,12 Aug 2025,329,(V),-6648406379191052807,,,https://www.speedrun.com/mc/runs/yljj7rkm,8,25,491,505491,0,0,505491,1.231826279,410359,1.231826279,,0.8483,2.251871125,53.0460,62.5308,540.4461,2.95140,,,,,,,,,,,,,,,,,,,,,,,,,,,,,,,,,,,,,,,,,,,,,,,,,,,,,,,,,,,,,,,,,,,,,,,,,,,,,,,,,,,,,
🇬🇧,priffie,0,0,8:25.648,8:25.993,31 Oct 2024,614,(U),-2544781040653393678,,,https://www.youtube.com/watch?v=jTd7zlC8Y_s,8,25,993,505993,345,0.345,505648,1.233049598,421494,1.200474977,,0.7357,1.896560257,52.0204,70.7135,536.1928,2.97513,,,,,,,,,,,,,,,,,,,,,,,,,,,,,,,,,,,,,,,,,,,,,,,,,,,,,,,,,,,,,,,,,,,,,,,,,,,,,,,,,,,,,
🇹🇷,Ancoboy,0,1,8:24.801,8:26.599,25 Jun 2025,377,(U),unknown,,,https://www.youtube.com/watch?v=H-nEwVxqPGQ,8,26,599,506599,1798,1.798,504801,1.234526354,410359,1.234526354,,0.8282,2.285106263,51.1738,61.7891,531.0459,3.00401,,,,,,,,,,,,,,,,,,,,,,,,,,,,,,,,,,,,,,,,,,,,,,,,,,,,,,,,,,,,,,,,,,,,,,,,,,,,,,,,,,,,,
🇨🇦,Jay12310,0,0,8:26.738,8:26.738,24 Nov 2025,225,(U),unknown,,,https://www.youtube.com/watch?v=fEau7iO9TJQ&list=PLaTJSsRuu2UcsiC6KEkJwrGp1GaGgPoVG&index=8,8,26,738,506738,0,0,506738,1.234865082,410359,1.234865082,,0.8936,2.289306547,55.1311,61.6957,529.8634,3.01067,,,,,,,,,,,,,,,,,,,,,,,,,,,,,,,,,,,,,,,,,,,,,,,,,,,,,,,,,,,,,,,,,,,,,,,,,,,,,,,,,,,,,
🇹🇿,Kxpow,0,0,8:24.614,8:26.794,16 Feb 2025,506,(U),5461458107701865257,,,https://www.youtube.com/watch?v=tlAI3ivGJ7E,8,26,794,506794,2180,2.18,504614,1.235001547,421494,1.20237536,,0.7765,1.916563061,54.5408,70.2422,529.3868,3.01336,,,,,,,,,,,,,,,,,,,,,,,,,,,,,,,,,,,,,,,,,,,,,,,,,,,,,,,,,,,,,,,,,,,,,,,,,,,,,,,,,,,,,
🇺🇸,zylenox,0,0,8:24.513,8:26.865,22 Apr 2023,1172,(U),2931282686903167782,12,Yes,https://www.youtube.com/watch?v=MBJI6KWkH2Q,8,26,865,506865,2352,2.352,504513,1.235174567,465828,1.088094747,,0.5565,1.002894487,51.1365,91.8813,528.7824,3.01677,,,,,,,,,,,,,,,,,,,,,,,,,,,,,,,,,,,,,,,,,,,,,,,,,,,,,,,,,,,,,,,,,,,,,,,,,,,,,,,,,,,,,
🇷🇸,skylewl,0,1,8:26.341,8:26.935,22 May 2025,411,(V),-1265497981289572825,,,https://www.speedrun.com/mc/runs/zpolr1nm,8,26,935,506935,594,0.594,506341,1.235345149,421494,1.202709884,,0.8142,1.920103839,57.1262,70.1589,528.1864,3.02013,,,,,,,,,,,,,,,,,,,,,,,,,,,,,,,,,,,,,,,,,,,,,,,,,,,,,,,,,,,,,,,,,,,,,,,,,,,,,,,,,,,,,
🇭🇷,Mar1n,0,0,8:26.721,8:26.944,10 May 2025,423,(U),3018044407090685600,,,https://www.youtube.com/watch?v=iprHOollKek,8,26,944,506944,223,0.223,506721,1.235367081,421494,1.202731237,,0.8094,1.920330047,56.7802,70.1536,528.1097,3.02056,,,,,,,,,,,,,,,,,,,,,,,,,,,,,,,,,,,,,,,,,,,,,,,,,,,,,,,,,,,,,,,,,,,,,,,,,,,,,,,,,,,,,
🇨🇦,Jay12310,0,1,8:26.957,8:26.957,07 May 2024,791,(V),608766675105077046,,,https://www.speedrun.com/mc/runs/y22k556y,8,26,957,506957,0,0,506957,1.235398761,421494,1.20276208,,0.6733,1.920656834,47.2323,70.1459,527.9990,3.02119,,,,,,,,,,,,,,,,,,,,,,,,,,,,,,,,,,,,,,,,,,,,,,,,,,,,,,,,,,,,,,,,,,,,,,,,,,,,,,,,,,,,,
🇿🇦,Airpodsz,0,0,8:26.899,8:27.143,10 Oct 2025,270,(U),8562500061980624537,,,https://www.youtube.com/watch?v=imhzoxbMZqY&list=PLjW0OIc7zcEcqLcQwe9V6NfJUy0AUDomQ&index=9,8,27,143,507143,244,0.244,506899,1.235852022,410359,1.235852022,,0.8737,2.301584263,53.6663,61.4231,526.4143,3.03015,,,,,,,,,,,,,,,,,,,,,,,,,,,,,,,,,,,,,,,,,,,,,,,,,,,,,,,,,,,,,,,,,,,,,,,,,,,,,,,,,,,,,
🇸🇪,v_strid,0,1,8:26.766,8:27.232,11 Oct 2024,634,(V),891768856307094834,,,https://www.speedrun.com/mc/runs/ydlvn3qz,8,27,232,507232,466,0.466,506766,1.236068906,421494,1.203414521,,0.7283,1.927581431,50.9708,69.9831,525.6556,3.03445,,,,,,,,,,,,,,,,,,,,,,,,,,,,,,,,,,,,,,,,,,,,,,,,,,,,,,,,,,,,,,,,,,,,,,,,,,,,,,,,,,,,,
🇫🇮,sadekeppi,0,0,8:26.965,8:27.444,01 Jan 2026,187,(U),unknown,,,https://www.youtube.com/watch?v=sHGcb5u_PzY,8,27,444,507444,479,0.479,506965,1.236585526,410359,1.236585526,,0.9107,2.310747371,55.7554,61.2200,523.8473,3.04470,,,,,,,,,,,,,,,,,,,,,,,,,,,,,,,,,,,,,,,,,,,,,,,,,,,,,,,,,,,,,,,,,,,,,,,,,,,,,,,,,,,,,
🇺🇸,zylenox,0,1,8:25.432,8:27.473,17 Dec 2022,1298,(V),-4934318869749955,12,Yes,https://www.speedrun.com/mc/run/yln0kekz,8,27,473,507473,2041,2.041,505432,1.236656196,495537,1.024087001,,0.5226,0.6906469667,51.4048,98.3696,523.5998,3.04611,,,,,,,,,,,,,,,,,,,,,,,,,,,,,,,,,,,,,,,,,,,,,,,,,,,,,,,,,,,,,,,,,,,,,,,,,,,,,,,,,,,,,
🇸🇪,PAPLERR,0,1,8:27.550,8:27.550,23 May 2024,775,(U),-7877528798242195282,,,https://www.youtube.com/watch?v=tTOKja_QD2M,8,27,550,507550,0,0,507550,1.236843837,421494,1.20416898,,0.6788,1.935616917,47.3730,69.7943,522.9425,3.04984,,,,,,,,,,,,,,,,,,,,,,,,,,,,,,,,,,,,,,,,,,,,,,,,,,,,,,,,,,,,,,,,,,,,,,,,,,,,,,,,,,,,,
🇹🇿,Kxpow,0,0,8:25.252,8:27.555,05 Dec 2024,579,(U),3327219662586290997,,,https://www.youtube.com/watch?v=7kGjbwncYQI,8,27,555,507555,2303,2.303,505252,1.236856021,421494,1.204180842,,0.7486,1.935743503,52.2484,69.7913,522.8999,3.05009,,,,,,,,,,,,,,,,,,,,,,,,,,,,,,,,,,,,,,,,,,,,,,,,,,,,,,,,,,,,,,,,,,,,,,,,,,,,,,,,,,,,,
🇬🇧,priffie,0,0,8:27.645,8:27.645,28 Nov 2024,586,(U),262246839183467995,,,https://www.youtube.com/watch?v=eUu1qVxiFSY,8,27,645,507645,0,0,507645,1.237075341,421494,1.204394369,,0.7460,1.938023323,52.0260,69.7378,522.1314,3.05446,,,,,,,,,,,,,,,,,,,,,,,,,,,,,,,,,,,,,,,,,,,,,,,,,,,,,,,,,,,,,,,,,,,,,,,,,,,,,,,,,,,,,
🇺🇸,meebie,0,0,8:27.708,8:28.050,19 Apr 2024,809,(U),-2948925549180981634,,,https://www.youtube.com/watch?v=bnxMyi5w0lE&list=PLaTJSsRuu2Ufk7cX7bUTt9V-IJxa8wqSM&index=13,8,28,50,508050,342,0.342,507708,1.238062282,421494,1.205355236,,0.6673,1.948312568,46.3757,69.4964,518.6701,3.07420,,,,,,,,,,,,,,,,,,,,,,,,,,,,,,,,,,,,,,,,,,,,,,,,,,,,,,,,,,,,,,,,,,,,,,,,,,,,,,,,,,,,,
🇳🇴,skycrab1,0,0,8:27.992,8:28.114,07 Feb 2026,150,(U),unknown,,,https://www.youtube.com/watch?v=h2JcBageD9o&list=PLU3_fvoJ1GyMStiA29z37DUPtG47PvOJz&index=165,8,28,114,508114,122,0.122,507992,1.238218243,410359,1.238218243,,0.9277,2.331261093,56.3759,60.7667,518.1227,3.07733,,,,,,,,,,,,,,,,,,,,,,,,,,,,,,,,,,,,,,,,,,,,,,,,,,,,,,,,,,,,,,,,,,,,,,,,,,,,,,,,,,,,,
🇨🇦,Aquacorde,0,0,8:28.191,8:28.191,21 Sep 2025,289,(U),-1431734441306868324,,,https://www.youtube.com/watch?v=Sr-fxjtImKM,8,28,191,508191,0,0,508191,1.238405884,410359,1.238405884,,0.8655,2.333629059,52.5456,60.7145,517.4639,3.08110,,,,,,,,,,,,,,,,,,,,,,,,,,,,,,,,,,,,,,,,,,,,,,,,,,,,,,,,,,,,,,,,,,,,,,,,,,,,,,,,,,,,,
🇨🇦,Aquacorde,0,0,8:28.262,8:28.262,03 Mar 2026,126,(U),unknown,,,https://www.youtube.com/watch?v=C1NRbd2o8VY&list=PL7aObukeMJOzC12YUkw7rFbzP2BzIhpXp&index=3,8,28,262,508262,0,0,508262,1.238578903,410359,1.238578903,,0.9389,2.335814416,56.9622,60.6663,516.8563,3.08458,,,,,,,,,,,,,,,,,,,,,,,,,,,,,,,,,,,,,,,,,,,,,,,,,,,,,,,,,,,,,,,,,,,,,,,,,,,,,,,,,,,,,
🇳🇴,skycrab1,0,0,8:27.909,8:28.430,05 Dec 2025,214,(U),see video,,,https://www.youtube.com/watch?v=whjGQXRNxTo&list=PLU3_fvoJ1GyMStiA29z37DUPtG47PvOJz&index=150,8,28,430,508430,521,0.521,507909,1.2389883,410359,1.2389883,,0.8985,2.340992703,54.4078,60.5523,515.4179,3.09282,,,,,,,,,,,,,,,,,,,,,,,,,,,,,,,,,,,,,,,,,,,,,,,,,,,,,,,,,,,,,,,,,,,,,,,,,,,,,,,,,,,,,
🇨🇦,Aquacorde,0,0,8:28.441,8:28.441,16 Oct 2025,264,(U),7318195485466118347,,,https://www.youtube.com/watch?v=RrhnX7u9LCk,8,28,441,508441,0,0,508441,1.239015106,410359,1.239015106,,0.8763,2.341332116,53.0579,60.5448,515.3237,3.09336,,,,,,,,,,,,,,,,,,,,,,,,,,,,,,,,,,,,,,,,,,,,,,,,,,,,,,,,,,,,,,,,,,,,,,,,,,,,,,,,,,,,,
🇳🇴,skycrab1,0,0,8:28.504,8:28.504,25 May 2025,408,(U),4268670771735988776,,,https://www.youtube.com/watch?v=CTzti8oVBRg&list=PLU3_fvoJ1GyMStiA29z37DUPtG47PvOJz&index=126,8,28,504,508504,0,0,508504,1.23916863,421494,1.206432357,,0.8155,1.959905341,56.4502,69.2248,514.7841,3.09646,,,,,,,,,,,,,,,,,,,,,,,,,,,,,,,,,,,,,,,,,,,,,,,,,,,,,,,,,,,,,,,,,,,,,,,,,,,,,,,,,,,,,
🇭🇺,fe666,0,1,8:27.472,8:28.669,04 Jun 2025,398,(V),6672725285728588092,,,https://www.speedrun.com/mc/runs/y8gv7gxz,8,28,669,508669,1197,1.197,507472,1.239570717,421494,1.206823822,,0.8195,1.964133986,56.6521,69.1259,513.3702,3.10459,,,,,,,,,,,,,,,,,,,,,,,,,,,,,,,,,,,,,,,,,,,,,,,,,,,,,,,,,,,,,,,,,,,,,,,,,,,,,,,,,,,,,
🇫🇮,AndrewCrow,0,1,8:27.109,8:28.982,12 Jun 2025,390,(V),-4964328459581115875,,,https://www.speedrun.com/mc/runs/y6j9rnjm,8,28,982,508982,1873,1.873,507109,1.240333464,410359,1.240333464,,0.8228,2.358079521,49.5155,60.1768,510.6861,3.12006,,,,,,,,,,,,,,,,,,,,,,,,,,,,,,,,,,,,,,,,,,,,,,,,,,,,,,,,,,,,,,,,,,,,,,,,,,,,,,,,,,,,,
🇹🇷,Ancoboy,0,1,8:25.439,8:29.247,22 Jun 2025,380,(V),2421657628675046534,,,https://www.speedrun.com/mc/runs/yljr5nxm,8,29,247,509247,3808,3.808,505439,1.24097924,410359,1.24097924,,0.8270,2.366322024,49.6143,59.9961,508.4114,3.13322,,,,,,,,,,,,,,,,,,,,,,,,,,,,,,,,,,,,,,,,,,,,,,,,,,,,,,,,,,,,,,,,,,,,,,,,,,,,,,,,,,,,,
🇫🇮,sadekeppi,0,1,8:29.360,8:29.360,18 Jan 2025,535,(V),-3537755011442785569,,,https://www.speedrun.com/mc/runs/y4j787qy,8,29,360,509360,0,0,509360,1.241254609,421494,1.208463228,,0.7653,1.981932684,52.5830,68.7098,507.4409,3.13884,,,,,,,,,,,,,,,,,,,,,,,,,,,,,,,,,,,,,,,,,,,,,,,,,,,,,,,,,,,,,,,,,,,,,,,,,,,,,,,,,,,,,
🇬🇧,priffie,0,0,8:26.220,8:29.674,06 Jan 2024,913,(U),2398058020999821172,12,Yes,https://www.youtube.com/watch?v=sPSq_jhIyhY,8,29,674,509674,3454,3.454,506220,1.242019792,421494,1.209208198,,0.6335,1.99006867,43.4072,68.5200,504.7422,3.15452,,,,,,,,,,,,,,,,,,,,,,,,,,,,,,,,,,,,,,,,,,,,,,,,,,,,,,,,,,,,,,,,,,,,,,,,,,,,,,,,,,,,,
🇳🇴,skycrab1,0,0,8:27.951,8:29.783,18 May 2024,780,(U),2517517963886160862,,,https://www.youtube.com/watch?v=Hd2X1E-Ms7c&list=PLU3_fvoJ1GyMStiA29z37DUPtG47PvOJz&index=24,8,29,783,509783,1832,1.832,507951,1.242285414,421494,1.209466801,,0.6771,1.992899986,46.3472,68.4540,503.8048,3.15998,,,,,,,,,,,,,,,,,,,,,,,,,,,,,,,,,,,,,,,,,,,,,,,,,,,,,,,,,,,,,,,,,,,,,,,,,,,,,,,,,,,,,
🇳🇴,skycrab1,0,0,8:29.901,8:29.901,06 Mar 2026,123,(U),unknown,,,https://www.youtube.com/watch?v=HUVPQIRwcK0&list=PLU3_fvoJ1GyMStiA29z37DUPtG47PvOJz&index=170,8,29,901,509901,0,0,509901,1.242572967,410359,1.242572967,,0.9404,2.386774341,55.9971,59.5491,502.7897,3.16590,,,,,,,,,,,,,,,,,,,,,,,,,,,,,,,,,,,,,,,,,,,,,,,,,,,,,,,,,,,,,,,,,,,,,,,,,,,,,,,,,,,,,
🇫🇮,AndrewCrow,0,0,8:28.900,8:29.924,25 Jan 2026,163,(U),unknown,,,https://www.youtube.com/watch?v=p-jx69uoxuQ,8,29,924,509924,1024,1.024,508900,1.242629015,410359,1.242629015,,0.9217,2.387496482,54.8738,59.5333,502.5918,3.16705,,,,,,,,,,,,,,,,,,,,,,,,,,,,,,,,,,,,,,,,,,,,,,,,,,,,,,,,,,,,,,,,,,,,,,,,,,,,,,,,,,,,,
🇺🇸,21MashedPotatoes,0,1,8:28.630,8:30.606,18 Mar 2025,476,(V),-1787025825846103322,,,https://www.speedrun.com/mc/runs/zn9gdp9y,8,30,606,510606,1976,1.976,508630,1.244290974,421494,1.21141938,,0.7882,2.014395317,53.5611,67.9535,496.7178,3.20148,,,,,,,,,,,,,,,,,,,,,,,,,,,,,,,,,,,,,,,,,,,,,,,,,,,,,,,,,,,,,,,,,,,,,,,,,,,,,,,,,,,,,
🇮🇹,Tiger,0,1,8:30.448,8:30.666,17 Nov 2025,232,(V),6903870760878118513,,,https://www.speedrun.com/mc/runs/zn50x99z,8,30,666,510666,218,0.218,510448,1.244437188,410359,1.244437188,,0.8905,2.410898496,52.5595,59.0242,496.2005,3.20452,,,,,,,,,,,,,,,,,,,,,,,,,,,,,,,,,,,,,,,,,,,,,,,,,,,,,,,,,,,,,,,,,,,,,,,,,,,,,,,,,,,,,
🇭🇷,Mar1n,0,0,8:30.935,8:30.935,17 Jun 2025,385,(U),-3500450800867252956,,,https://www.youtube.com/watch?v=lZDZTHVOkJs,8,30,935,510935,0,0,510935,1.245092712,410359,1.245092712,,0.8249,2.419433046,48.5360,58.8391,493.8804,3.21820,,,,,,,,,,,,,,,,,,,,,,,,,,,,,,,,,,,,,,,,,,,,,,,,,,,,,,,,,,,,,,,,,,,,,,,,,,,,,,,,,,,,,
🇺🇦,7rowl,0,0,8:31.022,8:31.022,29 Aug 2023,1043,(U),-849877744345333161,,,https://www.youtube.com/watch?v=rao2ee_878E,8,31,22,511022,0,0,511022,1.245304721,465828,1.097018642,,0.5936,1.056022379,53.8330,90.6845,493.1297,3.22264,,,,,,,,,,,,,,,,,,,,,,,,,,,,,,,,,,,,,,,,,,,,,,,,,,,,,,,,,,,,,,,,,,,,,,,,,,,,,,,,,,,,,
🇿🇦,Airpodsz,0,0,8:31.022,8:31.022,11 Dec 2025,208,(U),5299065848782546350,,,https://www.youtube.com/watch?v=wQtm-GDFqBc&list=PLjW0OIc7zcEcqLcQwe9V6NfJUy0AUDomQ&index=7,8,31,22,511022,0,0,511022,1.245304721,410359,1.245304721,,0.9012,2.422199066,52.9733,58.7792,493.1297,3.22264,,,,,,,,,,,,,,,,,,,,,,,,,,,,,,,,,,,,,,,,,,,,,,,,,,,,,,,,,,,,,,,,,,,,,,,,,,,,,,,,,,,,,
🇳🇴,skycrab1,0,0,8:30.987,8:31.085,08 Dec 2025,211,(U),unknown,,,https://www.youtube.com/watch?v=tLfXiUo2Dw0&list=PLU3_fvoJ1GyMStiA29z37DUPtG47PvOJz&index=157,8,31,85,511085,98,0.098,510987,1.245458245,410359,1.245458245,,0.8999,2.42420381,52.8548,58.7358,492.5860,3.22585,,,,,,,,,,,,,,,,,,,,,,,,,,,,,,,,,,,,,,,,,,,,,,,,,,,,,,,,,,,,,,,,,,,,,,,,,,,,,,,,,,,,,
🇳🇴,skycrab1,0,0,8:28.790,8:31.168,21 Oct 2025,259,(U),see video,,,https://www.youtube.com/watch?v=gGs-3BbCEWA&list=PLU3_fvoJ1GyMStiA29z37DUPtG47PvOJz&index=144,8,31,168,511168,2378,2.378,508790,1.245660507,410359,1.245660507,,0.8785,2.426847246,51.5512,58.6786,491.8696,3.23009,,,,,,,,,,,,,,,,,,,,,,,,,,,,,,,,,,,,,,,,,,,,,,,,,,,,,,,,,,,,,,,,,,,,,,,,,,,,,,,,,,,,,
🇿🇦,Airpodsz,0,0,8:31.428,8:31.428,26 Jan 2026,162,(U),-8578498424150323071,,,https://www.youtube.com/watch?v=GUFzoqNHpYY&list=PLjW0OIc7zcEcqLcQwe9V6NfJUy0AUDomQ&index=6,8,31,428,511428,0,0,511428,1.246294099,410359,1.246294099,,0.9222,2.435144576,53.9476,58.4992,489.6244,3.24341,,,,,,,,,,,,,,,,,,,,,,,,,,,,,,,,,,,,,,,,,,,,,,,,,,,,,,,,,,,,,,,,,,,,,,,,,,,,,,,,,,,,,
🇸🇪,PAPLERR,0,1,8:31.563,8:31.563,21 Apr 2024,807,(U),-4057584252523426618,,,https://www.youtube.com/watch?v=R4sJqvz0TX4,8,31,563,511563,0,0,511563,1.246623079,421494,1.213689875,,0.6680,2.039653283,44.9999,67.3673,488.4581,3.25035,,,,,,,,,,,,,,,,,,,,,,,,,,,,,,,,,,,,,,,,,,,,,,,,,,,,,,,,,,,,,,,,,,,,,,,,,,,,,,,,,,,,,
🇺🇸,doogile,0,0,8:31.156,8:31.904,27 Jan 2024,892,(U),-4987550100545669891,,,https://www.youtube.com/watch?v=K9wU6ilEDcc,8,31,904,511904,748,0.748,511156,1.247454059,421494,1.214498902,,0.6402,2.048722003,42.9931,67.1574,485.5107,3.26793,,,,,,,,,,,,,,,,,,,,,,,,,,,,,,,,,,,,,,,,,,,,,,,,,,,,,,,,,,,,,,,,,,,,,,,,,,,,,,,,,,,,,
🇸🇪,ANJOUU,0,0,8:32.254,8:32.388,16 Apr 2025,447,(U),unknown,,,https://www.youtube.com/watch?v=oTPuKYdcTac,8,32,388,512388,134,0.134,512254,1.248633514,421494,1.215647198,,0.7997,2.061656121,53.4677,66.8584,481.3238,3.29302,,,,,,,,,,,,,,,,,,,,,,,,,,,,,,,,,,,,,,,,,,,,,,,,,,,,,,,,,,,,,,,,,,,,,,,,,,,,,,,,,,,,,
🇸🇰,NoFear1337,0,0,8:32.422,8:32.422,14 Jul 2024,723,(U),unknown,,,https://www.youtube.com/watch?v=yw7-yaW4Nfk&list=PLaTJSsRuu2UeeWabBBfNVWALvnefBoL2C&index=21,8,32,422,512422,0,0,512422,1.248716368,421494,1.215727863,,0.6966,2.062567475,46.5609,66.8374,481.0295,3.29479,,,,,,,,,,,,,,,,,,,,,,,,,,,,,,,,,,,,,,,,,,,,,,,,,,,,,,,,,,,,,,,,,,,,,,,,,,,,,,,,,,,,,
🇹🇿,Kxpow,0,0,8:32.528,8:32.704,14 Apr 2025,449,(U),-7350225453272074548,,,https://www.youtube.com/watch?v=pNjykng4Vlo,8,32,704,512704,176,0.176,512528,1.249403571,421494,1.216396912,,0.7989,2.070140355,53.2578,66.6626,478.5881,3.30950,,,,,,,,,,,,,,,,,,,,,,,,,,,,,,,,,,,,,,,,,,,,,,,,,,,,,,,,,,,,,,,,,,,,,,,,,,,,,,,,,,,,,
🇨🇦,Aquacorde,0,0,8:32.755,8:32.755,08 Jul 2025,364,(U),4813852831291424591,,,https://www.youtube.com/watch?v=9t2wFDDYuWw,8,32,755,512755,0,0,512755,1.249527852,410359,1.249527852,,0.8336,2.47788908,47.9991,57.5803,478.1464,3.31217,,,,,,,,,,,,,,,,,,,,,,,,,,,,,,,,,,,,,,,,,,,,,,,,,,,,,,,,,,,,,,,,,,,,,,,,,,,,,,,,,,,,,
🇺🇦,7rowl,0,0,8:30.604,8:32.840,28 Aug 2023,1044,(U),-3689619904496856440,,,https://www.youtube.com/watch?v=fDjrOqatTAs,8,32,840,512840,2236,2.236,510604,1.249734988,465828,1.10092137,,0.5933,1.080085847,53.4808,90.1363,477.4103,3.31662,,,,,,,,,,,,,,,,,,,,,,,,,,,,,,,,,,,,,,,,,,,,,,,,,,,,,,,,,,,,,,,,,,,,,,,,,,,,,,,,,,,,,
🇷🇺,aleen,0,1,8:31.570,8:33.119,20 Jun 2025,382,(V),5001642787122467207,,,https://www.speedrun.com/mc/runs/y9ell6nz,8,33,119,513119,1549,1.549,511570,1.250414881,410359,1.250414881,,0.8261,2.489730564,47.3599,57.3273,474.9932,3.33126,,,,,,,,,,,,,,,,,,,,,,,,,,,,,,,,,,,,,,,,,,,,,,,,,,,,,,,,,,,,,,,,,,,,,,,,,,,,,,,,,,,,,
🇳🇴,skycrab1,0,0,8:33.231,8:33.231,23 May 2025,410,(U),4058006226311107449,,,https://www.youtube.com/watch?v=Gqyss7R7ZB0&list=PLU3_fvoJ1GyMStiA29z37DUPtG47PvOJz&index=125,8,33,231,513231,0,0,513231,1.250687812,421494,1.217647226,,0.8146,2.084359666,54.0396,66.3350,474.0226,3.33715,,,,,,,,,,,,,,,,,,,,,,,,,,,,,,,,,,,,,,,,,,,,,,,,,,,,,,,,,,,,,,,,,,,,,,,,,,,,,,,,,,,,,
🇳🇴,skycrab1,0,1,8:31.860,8:33.243,12 Jan 2024,907,(V),8794223043069861926,,,https://www.speedrun.com/mc/runs/zxw0jlqm,8,33,243,513243,1383,1.383,511860,1.250717055,421494,1.217675696,,0.6354,2.084684467,42.1445,66.3275,473.9186,3.33779,,,,,,,,,,,,,,,,,,,,,,,,,,,,,,,,,,,,,,,,,,,,,,,,,,,,,,,,,,,,,,,,,,,,,,,,,,,,,,,,,,,,,
🇿🇦,Airpodsz,0,0,8:33.474,8:33.474,30 Jan 2026,158,(U),3992068236416817288,,,https://www.youtube.com/watch?v=QdzeaYNQyw8&list=PLjW0OIc7zcEcqLcQwe9V6NfJUy0AUDomQ&index=5,8,33,474,513474,0,0,513474,1.251279977,410359,1.251279977,,0.9240,2.501327913,52.7443,57.0801,471.9162,3.34998,,,,,,,,,,,,,,,,,,,,,,,,,,,,,,,,,,,,,,,,,,,,,,,,,,,,,,,,,,,,,,,,,,,,,,,,,,,,,,,,,,,,,
🇺🇸,meebie,0,0,8:33.573,8:33.573,04 Dec 2023,946,(U),unknown,,,https://www.youtube.com/watch?v=tPDjceeZd7w&list=PLaTJSsRuu2Ufk7cX7bUTt9V-IJxa8wqSM&index=8,8,33,573,513573,0,0,513573,1.251521229,465828,1.102494912,,0.6231,1.089933821,56.0262,89.9109,471.0578,3.35521,,,,,,,,,,,,,,,,,,,,,,,,,,,,,,,,,,,,,,,,,,,,,,,,,,,,,,,,,,,,,,,,,,,,,,,,,,,,,,,,,,,,,
🇨🇦,Aquacorde,0,1,8:33.639,8:33.639,16 Aug 2024,690,(V),-8818959532856191300,,,https://www.speedrun.com/mc/runs/m3jr41wz,8,33,639,513639,0,0,513639,1.251682064,421494,1.218615212,,0.7082,2.095428493,46.7995,66.0804,470.4855,3.35871,,,,,,,,,,,,,,,,,,,,,,,,,,,,,,,,,,,,,,,,,,,,,,,,,,,,,,,,,,,,,,,,,,,,,,,,,,,,,,,,,,,,,
🇵🇱,kazzruns,0,0,8:33.801,8:33.801,28 Aug 2025,313,(U),unknown,,,https://www.youtube.com/watch?v=pXLKegNZ5CU,8,33,801,513801,0,0,513801,1.25207684,410359,1.25207684,,0.8551,2.512053192,48.6159,56.8520,469.0805,3.36730,,,,,,,,,,,,,,,,,,,,,,,,,,,,,,,,,,,,,,,,,,,,,,,,,,,,,,,,,,,,,,,,,,,,,,,,,,,,,,,,,,,,,
🇨🇦,Jay12310,0,0,8:33.946,8:33.946,07 Jan 2025,546,(U),unknown,,,https://www.youtube.com/watch?v=pROA_8k_5eg&list=PLaTJSsRuu2UcsiC6KEkJwrGp1GaGgPoVG&index=12,8,33,946,513946,0,0,513946,1.252430189,421494,1.219343573,,0.7611,2.103792096,50.1471,65.8883,467.8228,3.37500,,,,,,,,,,,,,,,,,,,,,,,,,,,,,,,,,,,,,,,,,,,,,,,,,,,,,,,,,,,,,,,,,,,,,,,,,,,,,,,,,,,,,
🇩🇰,Bloopy,0,1,8:33.952,8:33.952,03 Aug 2024,703,(V),255624109612098462,,,https://www.speedrun.com/mc/runs/yvx9vo8z,8,33,952,513952,0,0,513952,1.252444811,421494,1.219357808,,0.7036,2.103955853,46.3585,65.8846,467.7707,3.37532,,,,,,,,,,,,,,,,,,,,,,,,,,,,,,,,,,,,,,,,,,,,,,,,,,,,,,,,,,,,,,,,,,,,,,,,,,,,,,,,,,,,,
🇹🇿,Kxpow,0,0,8:33.650,8:34.025,07 Apr 2025,456,(U),6819794187957055616,,,https://www.youtube.com/watch?v=GgUTA6ioiaY,8,34,25,514025,375,0.375,513650,1.252622704,421494,1.219531002,,0.7961,2.105949147,52.4159,65.8389,467.1374,3.37921,,,,,,,,,,,,,,,,,,,,,,,,,,,,,,,,,,,,,,,,,,,,,,,,,,,,,,,,,,,,,,,,,,,,,,,,,,,,,,,,,,,,,
🇹🇿,Kxpow,0,0,8:34.869,8:34.122,09 Jun 2024,758,(U),2173195834724120179,,,https://www.youtube.com/watch?v=Kk_U2QpN_NU,8,34,122,514122,-747,-0.747,514869,1.252859082,421494,1.219761135,,0.6845,2.108600401,45.0281,65.7780,466.2958,3.38438,,,,,,,,,,,,,,,,,,,,,,,,,,,,,,,,,,,,,,,,,,,,,,,,,,,,,,,,,,,,,,,,,,,,,,,,,,,,,,,,,,,,,
🇵🇱,watermelon1708,0,0,8:33.349,8:34.250,27 Nov 2025,222,(U),unknown,,,https://www.youtube.com/watch?v=3mEKAQ3Z4RM,8,34,250,514250,901,0.901,513349,1.253171004,410359,1.253171004,,0.8949,2.526846832,50.5983,56.5383,465.1851,3.39122,,,,,,,,,,,,,,,,,,,,,,,,,,,,,,,,,,,,,,,,,,,,,,,,,,,,,,,,,,,,,,,,,,,,,,,,,,,,,,,,,,,,,
🇿🇦,Airpodsz,0,1,8:33.349,8:34.302,02 May 2025,431,(V),-1155336759388266365,,,https://www.speedrun.com/mc/runs/zpo0j7vm,8,34,302,514302,953,0.953,513349,1.253297722,421494,1.220188188,,0.8061,2.113528213,52.9351,65.6651,464.7339,3.39400,,,,,,,,,,,,,,,,,,,,,,,,,,,,,,,,,,,,,,,,,,,,,,,,,,,,,,,,,,,,,,,,,,,,,,,,,,,,,,,,,,,,,
🇳🇴,skycrab1,0,0,8:34.391,8:34.391,14 Jun 2025,388,(U),unknown,,,https://www.youtube.com/watch?v=mbQO0iA60UA&list=PLU3_fvoJ1GyMStiA29z37DUPtG47PvOJz&index=127,8,34,391,514391,0,0,514391,1.253514606,410359,1.253514606,,0.8237,2.531508512,46.4870,56.4397,463.9615,3.39876,,,,,,,,,,,,,,,,,,,,,,,,,,,,,,,,,,,,,,,,,,,,,,,,,,,,,,,,,,,,,,,,,,,,,,,,,,,,,,,,,,,,,
🇩🇰,Bloopy,0,0,8:34.410,8:34.410,31 Oct 2025,249,(U),-6611883265830397474,,,https://www.youtube.com/watch?v=WJlhnd9qMjI,8,34,410,514410,0,0,514410,1.253560906,410359,1.253560906,,0.8829,2.532137268,49.8210,56.4264,463.7966,3.39978,,,,,,,,,,,,,,,,,,,,,,,,,,,,,,,,,,,,,,,,,,,,,,,,,,,,,,,,,,,,,,,,,,,,,,,,,,,,,,,,,,,,,
🇺🇸,doogile,0,0,8:34.422,8:34.422,22 May 2025,411,(U),4475174620258750317,,,https://www.youtube.com/watch?v=rEmLQHlkBMs,8,34,422,514422,0,0,514422,1.253590149,421494,1.220472889,,0.8142,2.116819174,53.4058,65.5897,463.6924,3.40042,,,,,,,,,,,,,,,,,,,,,,,,,,,,,,,,,,,,,,,,,,,,,,,,,,,,,,,,,,,,,,,,,,,,,,,,,,,,,,,,,,,,,
🇺🇸,doogile,0,0,8:31.615,8:34.469,03 Oct 2023,1008,(U),2814215657097519375,,,https://www.youtube.com/watch?v=MruA0trsR5Y,8,34,469,514469,2854,2.854,511615,1.253704683,465828,1.104418369,,0.6041,1.102086828,54.1475,89.6320,463.2845,3.40294,,,,,,,,,,,,,,,,,,,,,,,,,,,,,,,,,,,,,,,,,,,,,,,,,,,,,,,,,,,,,,,,,,,,,,,,,,,,,,,,,,,,,
🇺🇸,Infume,0,0,8:34.629,8:34.629,08 Jul 2025,364,(U),unknown,,,https://www.youtube.com/watch?v=YAmH6pcDVA4,8,34,629,514629,0,0,514629,1.254094585,410359,1.254094585,,0.8336,2.539394576,46.9093,56.2731,461.8956,3.41152,,,,,,,,,,,,,,,,,,,,,,,,,,,,,,,,,,,,,,,,,,,,,,,,,,,,,,,,,,,,,,,,,,,,,,,,,,,,,,,,,,,,,
🇳🇴,skycrab1,0,0,8:34.709,8:34.709,13 Sep 2024,662,(U),-251105327808432283,,,https://www.youtube.com/watch?v=_Zw3t6qzR0A&list=PLU3_fvoJ1GyMStiA29z37DUPtG47PvOJz&index=69,8,34,709,514709,0,0,514709,1.254289537,421494,1.221153801,,0.7182,2.124708762,46.9772,65.4091,461.2011,3.41583,,,,,,,,,,,,,,,,,,,,,,,,,,,,,,,,,,,,,,,,,,,,,,,,,,,,,,,,,,,,,,,,,,,,,,,,,,,,,,,,,,,,,
🇺🇸,meebie,0,0,8:34.971,8:34.971,16 Nov 2025,233,(U),unknown,,,https://www.youtube.com/watch?v=NwUTr6N_4P0&list=PLaTJSsRuu2Ufk7cX7bUTt9V-IJxa8wqSM&index=21,8,34,971,514971,0,0,514971,1.254928002,410359,1.254928002,,0.8900,2.550765032,49.8714,56.0333,458.9262,3.42995,,,,,,,,,,,,,,,,,,,,,,,,,,,,,,,,,,,,,,,,,,,,,,,,,,,,,,,,,,,,,,,,,,,,,,,,,,,,,,,,,,,,,
🇹🇿,Kxpow,0,0,8:33.988,8:34.984,16 Jul 2024,721,(U),-1283922549785337759,,,https://www.youtube.com/watch?v=5AKtYY2dEFM,8,34,984,514984,996,0.996,513988,1.254959682,421494,1.221806242,,0.6973,2.132293275,45.4907,65.2357,458.8134,3.43065,,,,,,,,,,,,,,,,,,,,,,,,,,,,,,,,,,,,,,,,,,,,,,,,,,,,,,,,,,,,,,,,,,,,,,,,,,,,,,,,,,,,,
🇹🇿,Kxpow,0,0,8:34.236,8:34.986,09 Mar 2025,485,(U),1402888148426280669,,,https://www.youtube.com/watch?v=BSu7lGN61-M,8,34,986,514986,750,0.75,514236,1.254964555,421494,1.221810987,,0.7847,2.132348525,51.1871,65.2345,458.7960,3.43076,,,,,,,,,,,,,,,,,,,,,,,,,,,,,,,,,,,,,,,,,,,,,,,,,,,,,,,,,,,,,,,,,,,,,,,,,,,,,,,,,,,,,
🇬🇧,priffie,0,0,8:35.290,8:35.290,27 Oct 2024,618,(U),-4673564062193261365,,,https://www.youtube.com/watch?v=lzn3oArZTrQ,8,35,290,515290,0,0,515290,1.25570537,421494,1.222532231,,0.7342,2.140761383,47.7529,65.0424,456.1559,3.44721,,,,,,,,,,,,,,,,,,,,,,,,,,,,,,,,,,,,,,,,,,,,,,,,,,,,,,,,,,,,,,,,,,,,,,,,,,,,,,,,,,,,,
🇸🇰,NoFear1337,0,0,8:35.097,8:35.579,27 Dec 2023,923,(U),unknown,,,https://www.youtube.com/watch?v=op6VlwDM3Xo&list=PLaTJSsRuu2UeeWabBBfNVWALvnefBoL2C,8,35,579,515579,482,0.482,515097,1.256409632,446254,1.155348748,,0.6303,1.473920772,50.9494,80.8287,453.6457,3.46292,,,,,,,,,,,,,,,,,,,,,,,,,,,,,,,,,,,,,,,,,,,,,,,,,,,,,,,,,,,,,,,,,,,,,,,,,,,,,,,,,,,,,
🇳🇴,skycrab1,0,0,8:34.852,8:35.797,03 Aug 2024,703,(U),-5772469146569821756,,,https://www.youtube.com/watch?v=b47aZUBK814&list=PLU3_fvoJ1GyMStiA29z37DUPtG47PvOJz&index=47,8,35,797,515797,945,0.945,514852,1.256940874,421494,1.223735095,,0.7036,2.154858446,45.5398,64.7211,451.7519,3.47481,,,,,,,,,,,,,,,,,,,,,,,,,,,,,,,,,,,,,,,,,,,,,,,,,,,,,,,,,,,,,,,,,,,,,,,,,,,,,,,,,,,,,
🇳🇴,skycrab1,0,0,8:35.819,8:35.819,18 May 2025,415,(U),see video,,,https://www.youtube.com/watch?v=kDl3PmegjWA&list=PLU3_fvoJ1GyMStiA29z37DUPtG47PvOJz&index=124,8,35,819,515819,0,0,515819,1.256994485,421494,1.22378729,,0.8126,2.155472037,52.5819,64.7072,451.5608,3.47601,,,,,,,,,,,,,,,,,,,,,,,,,,,,,,,,,,,,,,,,,,,,,,,,,,,,,,,,,,,,,,,,,,,,,,,,,,,,,,,,,,,,,
🇺🇸,meebie,0,0,8:35.914,8:35.914,18 Nov 2023,962,(U),-2503873430617653818,,,https://www.youtube.com/watch?v=c2uu-GXtiIc&list=PLaTJSsRuu2Ufk7cX7bUTt9V-IJxa8wqSM&index=5,8,35,914,515914,0,0,515914,1.25722599,465828,1.107520372,,0.6182,1.121955698,55.1244,89.1742,450.7355,3.48120,,,,,,,,,,,,,,,,,,,,,,,,,,,,,,,,,,,,,,,,,,,,,,,,,,,,,,,,,,,,,,,,,,,,,,,,,,,,,,,,,,,,,
🇵🇱,watermelon1708,0,0,8:34.398,8:35.950,10 Nov 2025,239,(U),see video,,,https://www.youtube.com/watch?v=fEy7nXScnGI,8,35,950,515950,1552,1.552,514398,1.257313718,410359,1.257313718,,0.8874,2.583565293,49.1114,55.3453,450.4227,3.48318,,,,,,,,,,,,,,,,,,,,,,,,,,,,,,,,,,,,,,,,,,,,,,,,,,,,,,,,,,,,,,,,,,,,,,,,,,,,,,,,,,,,,
🇸🇰,NoFear1337,0,0,8:31.037,8:35.967,25 Dec 2023,925,(U),4143928542736581557,16,Yes,https://www.youtube.com/watch?v=wOf3KZ159XE,8,35,967,515967,4930,4.93,511037,1.257355145,446254,1.156218208,,0.6297,1.48117476,50.7886,80.6542,450.2750,3.48411,,,,,,,,,,,,,,,,,,,,,,,,,,,,,,,,,,,,,,,,,,,,,,,,,,,,,,,,,,,,,,,,,,,,,,,,,,,,,,,,,,,,,
🇫🇷,M4xx,0,0,8:35.503,8:35.977,01 May 2025,432,(U),3238275077272421619,,,https://www.youtube.com/watch?v=6XwmxcKBgW0,8,35,977,515977,474,0.474,515503,1.257379514,421494,1.224162147,,0.8057,2.159883356,52.0560,64.6068,450.1882,3.48465,,,,,,,,,,,,,,,,,,,,,,,,,,,,,,,,,,,,,,,,,,,,,,,,,,,,,,,,,,,,,,,,,,,,,,,,,,,,,,,,,,,,,
🇳🇴,skycrab1,0,0,8:36.102,8:36.102,29 Oct 2024,616,(U),-3646678682630251613,,,https://www.youtube.com/watch?v=okNmE6As3I8&list=PLU3_fvoJ1GyMStiA29z37DUPtG47PvOJz&index=90,8,36,102,516102,0,0,516102,1.257684125,421494,1.224458711,,0.7349,2.163379071,47.4221,64.5273,449.1022,3.49151,,,,,,,,,,,,,,,,,,,,,,,,,,,,,,,,,,,,,,,,,,,,,,,,,,,,,,,,,,,,,,,,,,,,,,,,,,,,,,,,,,,,,
🇳🇴,skycrab1,0,0,8:34.986,8:36.447,30 May 2024,768,(U),5645148096058568914,,,https://www.youtube.com/watch?v=qmxUkDzqJLA&list=PLU3_fvoJ1GyMStiA29z37DUPtG47PvOJz&index=25,8,36,447,516447,1461,1.461,514986,1.258524853,421494,1.225277228,,0.6811,2.173053641,43.8019,64.3076,446.1047,3.51048,,,,,,,,,,,,,,,,,,,,,,,,,,,,,,,,,,,,,,,,,,,,,,,,,,,,,,,,,,,,,,,,,,,,,,,,,,,,,,,,,,,,,
🇳🇴,skycrab1,0,0,8:35.909,8:36.678,13 Aug 2024,693,(U),-757577179228035098,,,https://www.youtube.com/watch?v=3jCFZ5mZbuw&list=PLU3_fvoJ1GyMStiA29z37DUPtG47PvOJz&index=53,8,36,678,516678,769,0.769,515909,1.259087774,421494,1.225825279,,0.7072,2.179553106,45.3714,64.1601,444.0976,3.52324,,,,,,,,,,,,,,,,,,,,,,,,,,,,,,,,,,,,,,,,,,,,,,,,,,,,,,,,,,,,,,,,,,,,,,,,,,,,,,,,,,,,,
🇹🇿,Kxpow,0,0,8:36.194,8:36.695,04 Nov 2024,610,(U),-8654711318816498039,,,https://www.youtube.com/watch?v=NiXw7_TxVeo,8,36,695,516695,501,0.501,516194,1.259129202,421494,1.225865611,,0.7371,2.180032111,47.2859,64.1493,443.9499,3.52418,,,,,,,,,,,,,,,,,,,,,,,,,,,,,,,,,,,,,,,,,,,,,,,,,,,,,,,,,,,,,,,,,,,,,,,,,,,,,,,,,,,,,
🇫🇮,AndrewCrow,0,0,8:33.154,8:36.802,20 Jul 2025,352,(U),unknown,,,https://www.youtube.com/watch?v=E1L_FPxRTuo,8,36,802,516802,3648,3.648,513154,1.259389949,410359,1.259389949,,0.8386,2.612416081,45.9097,54.7444,443.0202,3.53011,,,,,,,,,,,,,,,,,,,,,,,,,,,,,,,,,,,,,,,,,,,,,,,,,,,,,,,,,,,,,,,,,,,,,,,,,,,,,,,,,,,,,
🇳🇴,skycrab1,0,0,8:36.197,8:36.807,30 Sep 2025,280,(U),unknown,,,https://www.youtube.com/watch?v=dGXgTgEdGVY&list=PLU3_fvoJ1GyMStiA29z37DUPtG47PvOJz&index=142,8,36,807,516807,610,0.61,516197,1.259402133,410359,1.259402133,,0.8694,2.612586237,47.5894,54.7409,442.9768,3.53039,,,,,,,,,,,,,,,,,,,,,,,,,,,,,,,,,,,,,,,,,,,,,,,,,,,,,,,,,,,,,,,,,,,,,,,,,,,,,,,,,,,,,
🇺🇸,doogile,0,0,8:32.663,8:36.891,31 Mar 2024,828,(U),-8770456777787364691,,,https://www.youtube.com/watch?v=IRTvOCDfvbA,8,36,891,516891,4228,4.228,512663,1.259606832,421494,1.226330624,,0.6610,2.185561589,42.3199,64.0240,442.2469,3.53504,,,,,,,,,,,,,,,,,,,,,,,,,,,,,,,,,,,,,,,,,,,,,,,,,,,,,,,,,,,,,,,,,,,,,,,,,,,,,,,,,,,,,
🇵🇱,okshey,0,1,8:35.972,8:37.500,17 Apr 2025,446,(V),-1892453842458127965,,,https://www.speedrun.com/mc/runs/zn9dgq8y,8,37,500,517500,1528,1.528,515972,1.261090898,421494,1.227775484,,0.8001,2.202822938,50.9142,63.6336,436.9560,3.56898,,,,,,,,,,,,,,,,,,,,,,,,,,,,,,,,,,,,,,,,,,,,,,,,,,,,,,,,,,,,,,,,,,,,,,,,,,,,,,,,,,,,,
🇳🇴,skycrab1,0,0,8:36.373,8:37.680,12 Jun 2024,755,(U),8302535928926204218,,,https://www.youtube.com/watch?v=RUtcNVLefnE&list=PLU3_fvoJ1GyMStiA29z37DUPtG47PvOJz&index=28,8,37,680,517680,1307,1.307,516373,1.261529539,421494,1.228202537,,0.6856,2.2079482,43.5462,63.5180,435.3923,3.57907,,,,,,,,,,,,,,,,,,,,,,,,,,,,,,,,,,,,,,,,,,,,,,,,,,,,,,,,,,,,,,,,,,,,,,,,,,,,,,,,,,,,,
🇨🇦,sockmonkey737,0,1,8:36.752,8:37.739,14 May 2025,419,(V),-3879107049025834895,,,https://www.speedrun.com/mc/runs/z5w7nw5z,8,37,739,517739,987,0.987,516752,1.261673315,421494,1.228342515,,0.8110,2.209630476,51.4816,63.4800,434.8799,3.58238,,,,,,,,,,,,,,,,,,,,,,,,,,,,,,,,,,,,,,,,,,,,,,,,,,,,,,,,,,,,,,,,,,,,,,,,,,,,,,,,,,,,,
🇨🇦,rdpill,0,1,8:34.580,8:37.769,05 Nov 2024,609,(V),4338721383690060751,,,https://www.speedrun.com/mc/runs/m7nn9r0z,8,37,769,517769,3189,3.189,514580,1.261746422,421494,1.22841369,,0.7375,2.210486311,46.8018,63.4607,434.6193,3.58407,,,,,,,,,,,,,,,,,,,,,,,,,,,,,,,,,,,,,,,,,,,,,,,,,,,,,,,,,,,,,,,,,,,,,,,,,,,,,,,,,,,,,
🇮🇱,sagi_enderman,1,1,8:31.726,8:37.884,29 Jul 2022,1439,(V),-774874644388946464,,,https://www.speedrun.com/mc/runs/mkdld9xy,8,37,884,517884,6158,6.158,511726,1.262026664,548820,0.9436317918,,0.4870,0.4331102176,49.9388,102.5447,433.6204,3.59054,,,,,,,,,,,,,,,,,,,,,,,,,,,,,,,,,,,,,,,,,,,,,,,,,,,,,,,,,,,,,,,,,,,,,,,,,,,,,,,,,,,,,
🇺🇸,meebie,0,0,8:37.477,8:37.975,07 Aug 2023,1065,(U),1459462342630812192,,,https://www.youtube.com/watch?v=C983h_XUVjM&list=PLaTJSsRuu2Ufk7cX7bUTt9V-IJxa8wqSM&index=3,8,37,975,517975,498,0.498,517477,1.262248422,465828,1.111944752,,0.5871,1.150878413,51.9639,88.5042,432.8300,3.59566,,,,,,,,,,,,,,,,,,,,,,,,,,,,,,,,,,,,,,,,,,,,,,,,,,,,,,,,,,,,,,,,,,,,,,,,,,,,,,,,,,,,,
🇳🇴,skycrab1,0,0,8:38.021,8:38.021,06 May 2025,427,(U),unknown,,,https://www.youtube.com/watch?v=VTFc9umQMn8&list=PLU3_fvoJ1GyMStiA29z37DUPtG47PvOJz&index=120,8,38,21,518021,0,0,518021,1.262360518,421494,1.229011564,,0.8078,2.217687086,51.1294,63.2984,432.4305,3.59825,,,,,,,,,,,,,,,,,,,,,,,,,,,,,,,,,,,,,,,,,,,,,,,,,,,,,,,,,,,,,,,,,,,,,,,,,,,,,,,,,,,,,
🇰🇷,dwoh,0,1,8:48.684,8:38.155,02 Feb 2025,520,(V),3434004177647168368,,,https://www.speedrun.com/mc/runs/ylp19kkm,8,38,155,518155,-10529,-10.529,528684,1.262687062,421494,1.22932948,,0.7711,2.221524638,48.7397,63.2120,431.2668,3.60582,,,,,,,,,,,,,,,,,,,,,,,,,,,,,,,,,,,,,,,,,,,,,,,,,,,,,,,,,,,,,,,,,,,,,,,,,,,,,,,,,,,,,
🇹🇷,Ancoboy,0,1,8:34.984,8:38.476,14 Aug 2024,692,(U),unknown,,,https://www.youtube.com/watch?v=uCGnjOQtFoQ,8,38,476,518476,3492,3.492,514984,1.263469304,421494,1.230091057,,0.7075,2.230741832,44.5766,63.0047,428.4796,3.62399,,,,,,,,,,,,,,,,,,,,,,,,,,,,,,,,,,,,,,,,,,,,,,,,,,,,,,,,,,,,,,,,,,,,,,,,,,,,,,,,,,,,,
🇸🇪,v_strid,0,0,8:31.498,8:38.508,26 May 2025,407,(U),unknown,,,https://www.youtube.com/watch?v=g9DBl3awC4Q,8,38,508,518508,7010,7.01,511498,1.263547284,421494,1.230166977,,0.8159,2.231662558,51.3868,62.9840,428.2017,3.62581,,,,,,,,,,,,,,,,,,,,,,,,,,,,,,,,,,,,,,,,,,,,,,,,,,,,,,,,,,,,,,,,,,,,,,,,,,,,,,,,,,,,,
🇮🇸,Kind,0,1,8:37.353,8:38.527,24 Jun 2023,1109,(V),8707775504708410399,,,https://www.speedrun.com/mc/runs/znelek8z,8,38,527,518527,1174,1.174,517353,1.263593585,465828,1.113129739,,0.5744,1.158742884,50.7282,88.3213,428.0368,3.62689,,,,,,,,,,,,,,,,,,,,,,,,,,,,,,,,,,,,,,,,,,,,,,,,,,,,,,,,,,,,,,,,,,,,,,,,,,,,,,,,,,,,,
🇧🇷,misfitmcsr,0,1,8:38.209,8:38.728,15 Jul 2025,357,(V),2738581748136977282,,,https://www.speedrun.com/mc/runs/y9e8jwvz,8,38,728,518728,519,0.519,518209,1.2640834,410359,1.2640834,,0.8365,2.678695735,44.6532,53.3794,426.2920,3.63832,,,,,,,,,,,,,,,,,,,,,,,,,,,,,,,,,,,,,,,,,,,,,,,,,,,,,,,,,,,,,,,,,,,,,,,,,,,,,,,,,,,,,
🇵🇱,okshey,0,0,8:38.735,8:38.735,15 Nov 2025,234,(U),unknown,,,https://www.youtube.com/watch?v=TfnVJFvNoDY,8,38,735,518735,0,0,518735,1.264100458,410359,1.264100458,,0.8896,2.678939334,47.4811,53.3744,426.2312,3.63872,,,,,,,,,,,,,,,,,,,,,,,,,,,,,,,,,,,,,,,,,,,,,,,,,,,,,,,,,,,,,,,,,,,,,,,,,,,,,,,,,,,,,
🇸🇪,v_strid,0,0,8:38.425,8:38.789,24 Feb 2025,498,(U),unknown,,,https://www.youtube.com/watch?v=sjmsk61q-Mw,8,38,789,518789,364,0.364,518425,1.26423205,421494,1.230833654,,0.7796,2.239762343,48.9593,62.8022,425.7625,3.64180,,,,,,,,,,,,,,,,,,,,,,,,,,,,,,,,,,,,,,,,,,,,,,,,,,,,,,,,,,,,,,,,,,,,,,,,,,,,,,,,,,,,,
🇨🇦,Jay12310,0,0,8:36.088,8:38.790,24 Nov 2025,225,(U),unknown,,,https://www.youtube.com/watch?v=t3Th0f5TeHc&list=PLaTJSsRuu2UcsiC6KEkJwrGp1GaGgPoVG&index=7,8,38,790,518790,2702,2.702,516088,1.264234487,410359,1.264234487,,0.8936,2.680854006,47.6603,53.3353,425.7538,3.64185,,,,,,,,,,,,,,,,,,,,,,,,,,,,,,,,,,,,,,,,,,,,,,,,,,,,,,,,,,,,,,,,,,,,,,,,,,,,,,,,,,,,,
🇹🇿,Kxpow,0,0,8:37.259,8:38.835,02 Mar 2024,857,(U),8469828128004769896,,,https://www.youtube.com/watch?v=VU43_XgypsM,8,38,835,518835,1576,1.576,517259,1.264344147,421494,1.230942789,,0.6515,2.241090796,40.8953,62.7724,425.3633,3.64442,,,,,,,,,,,,,,,,,,,,,,,,,,,,,,,,,,,,,,,,,,,,,,,,,,,,,,,,,,,,,,,,,,,,,,,,,,,,,,,,,,,,,
🇿🇦,Airpodsz,0,0,8:39.098,8:39.098,12 May 2025,421,(U),1497324270395087566,,,https://www.youtube.com/watch?v=QcZ_tKesd74&list=PLjW0OIc7zcEcqLcQwe9V6NfJUy0AUDomQ&index=14,8,39,98,519098,0,0,519098,1.26498505,421494,1.23156676,,0.8102,2.248699665,50.7187,62.6019,423.0810,3.65945,,,,,,,,,,,,,,,,,,,,,,,,,,,,,,,,,,,,,,,,,,,,,,,,,,,,,,,,,,,,,,,,,,,,,,,,,,,,,,,,,,,,,
🇨🇦,Jay12310,0,0,8:39.147,8:39.147,06 Dec 2025,213,(U),unknown,,,https://www.youtube.com/watch?v=SSESxjNH_hk&list=PLaTJSsRuu2UcsiC6KEkJwrGp1GaGgPoVG&index=10,8,39,147,519147,0,0,519147,1.265104457,410359,1.265104457,,0.8990,2.693311617,47.7188,53.0813,422.6558,3.66226,,,,,,,,,,,,,,,,,,,,,,,,,,,,,,,,,,,,,,,,,,,,,,,,,,,,,,,,,,,,,,,,,,,,,,,,,,,,,,,,,,,,,
🇺🇸,doogile,0,0,8:39.037,8:39.282,30 Mar 2025,464,(U),8886412600271699411,,,https://www.youtube.com/watch?v=u6qbrlizGMM,8,39,282,519282,245,0.245,519037,1.265433438,421494,1.232003303,,0.7929,2.254036749,49.5452,62.4824,421.4846,3.67000,,,,,,,,,,,,,,,,,,,,,,,,,,,,,,,,,,,,,,,,,,,,,,,,,,,,,,,,,,,,,,,,,,,,,,,,,,,,,,,,,,,,,
🇺🇸,Reignex,0,1,8:39.268,8:39.218,18 Sep 2022,1388,(U),Unknown,12,Yes,https://www.youtube.com/watch?v=z1feRpPuykI,8,39,218,519218,-50,-0.05,519268,1.265277477,517884,1.002575866,,0.4996,0.6090855007,49.8792,99.8434,422.0398,3.66633,,,,,,,,,,,,,,,,,,,,,,,,,,,,,,,,,,,,,,,,,,,,,,,,,,,,,,,,,,,,,,,,,,,,,,,,,,,,,,,,,,,,,
🇿🇦,Airpodsz,0,0,8:39.411,8:39.411,05 Sep 2025,305,(U),-1145251015490040547,,,https://www.youtube.com/watch?v=X9g8K9tNTi8&list=PLjW0OIc7zcEcqLcQwe9V6NfJUy0AUDomQ&index=10,8,39,411,519411,0,0,519411,1.265747796,410359,1.265747796,,0.8586,2.702557085,45.4120,52.8933,420.3657,3.67741,,,,,,,,,,,,,,,,,,,,,,,,,,,,,,,,,,,,,,,,,,,,,,,,,,,,,,,,,,,,,,,,,,,,,,,,,,,,,,,,,,,,,
🇩🇰,Bloopy,0,0,8:39.524,8:39.524,08 Feb 2025,514,(U),-1918684009025106856,,,https://www.youtube.com/watch?v=4Ncc5fSS7fU,8,39,524,519524,0,0,519524,1.266023165,421494,1.232577451,,0.7734,2.261073473,48.2002,62.3250,419.3857,3.68392,,,,,,,,,,,,,,,,,,,,,,,,,,,,,,,,,,,,,,,,,,,,,,,,,,,,,,,,,,,,,,,,,,,,,,,,,,,,,,,,,,,,,
🇩🇪,jason_n,0,0,8:39.547,8:39.547,14 Sep 2024,661,(U),-6811725567637899791,,,https://www.youtube.com/watch?v=vO1lOV6z_rs,8,39,547,519547,0,0,519547,1.266079214,421494,1.232632018,,0.7186,2.261743276,44.7738,62.3100,419.1862,3.68524,,,,,,,,,,,,,,,,,,,,,,,,,,,,,,,,,,,,,,,,,,,,,,,,,,,,,,,,,,,,,,,,,,,,,,,,,,,,,,,,,,,,,
🇫🇮,sadekeppi,0,0,8:39.634,8:39.634,23 Nov 2025,226,(U),unknown,,,https://www.youtube.com/watch?v=7l0U6MbHxfo,8,39,634,519634,0,0,519634,1.266291223,410359,1.266291223,,0.8932,2.710388702,47.0998,52.7344,418.4318,3.69026,,,,,,,,,,,,,,,,,,,,,,,,,,,,,,,,,,,,,,,,,,,,,,,,,,,,,,,,,,,,,,,,,,,,,,,,,,,,,,,,,,,,,
🇳🇴,skycrab1,0,0,8:39.547,8:39.779,30 May 2025,403,(U),unknown,,,https://www.youtube.com/watch?v=NFMHJvhQb_w&list=PLU3_fvoJ1GyMStiA29z37DUPtG47PvOJz&index=129,8,39,779,519779,232,0.232,519547,1.266644572,421494,1.233182442,,0.8175,2.268509512,50.8152,62.1589,417.1746,3.69863,,,,,,,,,,,,,,,,,,,,,,,,,,,,,,,,,,,,,,,,,,,,,,,,,,,,,,,,,,,,,,,,,,,,,,,,,,,,,,,,,,,,,
🇫🇮,AndrewCrow,0,0,8:38.402,8:39.880,12 Aug 2025,329,(U),unknown,,,https://www.youtube.com/watch?v=psOz3n2aTy0,8,39,880,519880,1478,1.478,518402,1.266890698,410359,1.266890698,,0.8483,2.719051489,44.5867,52.5590,416.2991,3.70447,,,,,,,,,,,,,,,,,,,,,,,,,,,,,,,,,,,,,,,,,,,,,,,,,,,,,,,,,,,,,,,,,,,,,,,,,,,,,,,,,,,,,
🇵🇱,watermelon1708,0,0,8:39.647,8:40.008,29 Nov 2025,220,(U),unknown,,,https://www.youtube.com/watch?v=t10Ij-c_N2s,8,40,8,520008,361,0.361,519647,1.26720262,410359,1.26720262,,0.8958,2.723568693,47.0023,52.4677,415.1898,3.71189,,,,,,,,,,,,,,,,,,,,,,,,,,,,,,,,,,,,,,,,,,,,,,,,,,,,,,,,,,,,,,,,,,,,,,,,,,,,,,,,,,,,,
🇩🇪,jason_n,0,0,8:40.038,8:40.038,21 Aug 2024,685,(U),8973323366010797251,,,https://www.youtube.com/watch?v=wtVTAwET8cA,8,40,38,520038,0,0,520038,1.267275727,421494,1.233796922,,0.7100,2.276084635,44.0125,61.9900,414.9298,3.71363,,,,,,,,,,,,,,,,,,,,,,,,,,,,,,,,,,,,,,,,,,,,,,,,,,,,,,,,,,,,,,,,,,,,,,,,,,,,,,,,,,,,,
🇬🇧,priffie,0,0,8:40.155,8:40.155,11 Nov 2024,603,(U),-2522481865350924050,,,https://www.youtube.com/watch?v=ChKDeopLupA,8,40,155,520155,0,0,520155,1.267560843,421494,1.234074506,,0.7397,2.279514032,45.7980,61.9136,413.9160,3.72043,,,,,,,,,,,,,,,,,,,,,,,,,,,,,,,,,,,,,,,,,,,,,,,,,,,,,,,,,,,,,,,,,,,,,,,,,,,,,,,,,,,,,
🇨🇦,Aquacorde,0,0,8:40.408,8:40.408,08 Mar 2026,121,(U),unknown,,,https://www.youtube.com/watch?v=kjsEkRLLT8w&list=PL7aObukeMJOzC12YUkw7rFbzP2BzIhpXp&index=2,8,40,408,520408,0,0,520408,1.268177376,410359,1.268177376,,0.9413,2.737728026,49.1186,52.1821,411.7244,3.73516,,,,,,,,,,,,,,,,,,,,,,,,,,,,,,,,,,,,,,,,,,,,,,,,,,,,,,,,,,,,,,,,,,,,,,,,,,,,,,,,,,,,,
🇮🇹,nonshochiama,0,1,8:38.077,8:40.586,04 Jan 2024,915,(V),8591525407209828717,,,https://www.speedrun.com/mc/runs/m73l1key,8,40,586,520586,2509,2.509,518077,1.268611143,421494,1.23509706,,0.6329,2.292187104,39.0045,61.6317,410.1831,3.74555,,,,,,,,,,,,,,,,,,,,,,,,,,,,,,,,,,,,,,,,,,,,,,,,,,,,,,,,,,,,,,,,,,,,,,,,,,,,,,,,,,,,,
🇭🇷,Mar1n,0,1,8:40.648,8:40.648,20 Feb 2024,868,(V),2606077167266899890,,,https://www.speedrun.com/mc/runs/z0d1wvoy,8,40,648,520648,0,0,520648,1.26876223,421494,1.235244155,,0.6479,2.294015331,39.9056,61.5911,409.6464,3.74918,,,,,,,,,,,,,,,,,,,,,,,,,,,,,,,,,,,,,,,,,,,,,,,,,,,,,,,,,,,,,,,,,,,,,,,,,,,,,,,,,,,,,
🇵🇱,watermelon1708,0,0,8:39.979,8:40.694,15 Nov 2025,234,(U),unknown,,,https://www.youtube.com/watch?v=EKR-bvraczI,8,40,694,520694,715,0.715,519979,1.268874327,410359,1.268874327,,0.8896,2.747892062,46.2386,51.9777,409.2482,3.75187,,,,,,,,,,,,,,,,,,,,,,,,,,,,,,,,,,,,,,,,,,,,,,,,,,,,,,,,,,,,,,,,,,,,,,,,,,,,,,,,,,,,,
🇺🇸,doogile,0,0,8:39.729,8:40.725,09 Dec 2023,941,(U),-5412281049038794009,,,https://www.youtube.com/watch?v=Jv2jo4YQLrw,8,40,725,520725,996,0.996,519729,1.268949871,446254,1.166880297,,0.6247,1.572835187,49.0053,78.4474,408.9798,3.75369,,,,,,,,,,,,,,,,,,,,,,,,,,,,,,,,,,,,,,,,,,,,,,,,,,,,,,,,,,,,,,,,,,,,,,,,,,,,,,,,,,,,,
🇺🇸,doogile,0,0,8:40.768,8:40.768,16 Jul 2024,721,(U),8198000986967179551,,,https://www.youtube.com/watch?v=Ce_A0Sa97Hg,8,40,768,520768,0,0,520768,1.269054657,421494,1.235528857,,0.6973,2.297557547,42.8943,61.5124,408.6077,3.75621,,,,,,,,,,,,,,,,,,,,,,,,,,,,,,,,,,,,,,,,,,,,,,,,,,,,,,,,,,,,,,,,,,,,,,,,,,,,,,,,,,,,,
🇳🇴,skycrab1,0,0,8:40.888,8:40.888,08 Dec 2025,211,(U),unknown,,,https://www.youtube.com/watch?v=xihX3p1Fp4s&list=PLU3_fvoJ1GyMStiA29z37DUPtG47PvOJz&index=153,8,40,888,520888,0,0,520888,1.269347084,410359,1.269347084,,0.8999,2.754805641,46.6485,51.8389,407.5692,3.76325,,,,,,,,,,,,,,,,,,,,,,,,,,,,,,,,,,,,,,,,,,,,,,,,,,,,,,,,,,,,,,,,,,,,,,,,,,,,,,,,,,,,,
🇹🇷,Ancoboy,0,1,8:39.744,8:40.941,15 Dec 2023,935,(U),-2037700049700041325,,,https://www.youtube.com/watch?v=rIQn66zPVwM,8,40,941,520941,1197,1.197,519744,1.269476239,446254,1.167364326,,0.6266,1.577117102,49.0880,78.3443,407.1106,3.76636,,,,,,,,,,,,,,,,,,,,,,,,,,,,,,,,,,,,,,,,,,,,,,,,,,,,,,,,,,,,,,,,,,,,,,,,,,,,,,,,,,,,,
🇫🇮,megelimc,0,1,8:35.954,8:41.307,26 Jun 2024,741,(V),5074648903421430178,,,https://www.speedrun.com/mc/runs/zq8l7d1z,8,41,307,521307,5353,5.353,515954,1.270368141,421494,1.236807641,,0.6904,2.313528525,42.2231,61.1584,403.9452,3.78793,,,,,,,,,,,,,,,,,,,,,,,,,,,,,,,,,,,,,,,,,,,,,,,,,,,,,,,,,,,,,,,,,,,,,,,,,,,,,,,,,,,,,
🇳🇴,skycrab1,0,0,8:40.847,8:41.542,18 May 2025,415,(U),unknown,,,https://www.youtube.com/watch?v=xJ01M7bzZw4&list=PLU3_fvoJ1GyMStiA29z37DUPtG47PvOJz&index=123,8,41,542,521542,695,0.695,520847,1.27094081,421494,1.237365182,,0.8126,2.320522834,49.5725,61.0037,401.9141,3.80183,,,,,,,,,,,,,,,,,,,,,,,,,,,,,,,,,,,,,,,,,,,,,,,,,,,,,,,,,,,,,,,,,,,,,,,,,,,,,,,,,,,,,
🇳🇱,HDMICables,0,1,8:38.214,8:41.545,10 Apr 2024,818,(U),-1522606995764836308,,,https://www.youtube.com/watch?v=SJpWHtyDOMc,8,41,545,521545,3331,3.331,518214,1.270948121,421494,1.237372299,,0.6643,2.320612245,40.5243,61.0018,401.8882,3.80201,,,,,,,,,,,,,,,,,,,,,,,,,,,,,,,,,,,,,,,,,,,,,,,,,,,,,,,,,,,,,,,,,,,,,,,,,,,,,,,,,,,,,
🇨🇦,Jay12310,0,1,8:41.613,8:41.613,31 Jan 2024,888,(V),-2567989600321826795,,,https://www.speedrun.com/mc/runs/z1ke12jy,8,41,613,521613,0,0,521613,1.27111383,421494,1.23753363,,0.6415,2.322639731,39.1018,60.9570,401.3006,3.80604,,,,,,,,,,,,,,,,,,,,,,,,,,,,,,,,,,,,,,,,,,,,,,,,,,,,,,,,,,,,,,,,,,,,,,,,,,,,,,,,,,,,,
🇹🇿,Kxpow,0,0,8:40.524,8:41.729,26 Jun 2024,741,(U),-2265204569977030713,,,https://www.youtube.com/watch?v=HS2BLQxAvHQ,8,41,729,521729,1205,1.205,520524,1.271396509,421494,1.237808842,,0.6904,2.326102045,42.0312,60.8805,400.2986,3.81293,,,,,,,,,,,,,,,,,,,,,,,,,,,,,,,,,,,,,,,,,,,,,,,,,,,,,,,,,,,,,,,,,,,,,,,,,,,,,,,,,,,,,
🇿🇦,Airpodsz,0,0,8:42.023,8:42.023,13 Feb 2026,144,(U),3688076343083871671,,,https://www.youtube.com/watch?v=FDhUOxV4hnA&list=PLjW0OIc7zcEcqLcQwe9V6NfJUy0AUDomQ&index=4,8,42,23,522023,0,0,522023,1.272112955,410359,1.272112955,,0.9305,2.795564522,47.4813,51.0260,397.7601,3.83043,,,,,,,,,,,,,,,,,,,,,,,,,,,,,,,,,,,,,,,,,,,,,,,,,,,,,,,,,,,,,,,,,,,,,,,,,,,,,,,,,,,,,
🇬🇧,biased,0,1,8:39.479,8:42.046,21 Sep 2024,654,(V),-1851988790638545849,,,https://www.speedrun.com/mc/runs/z0qx9l9m,8,42,46,522046,2567,2.567,519479,1.272169003,421494,1.238560929,,0.7211,2.335587302,43.7491,60.6713,397.5616,3.83181,,,,,,,,,,,,,,,,,,,,,,,,,,,,,,,,,,,,,,,,,,,,,,,,,,,,,,,,,,,,,,,,,,,,,,,,,,,,,,,,,,,,,
🇨🇦,Aquacorde,0,0,8:42.341,8:42.341,21 Jun 2025,381,(U),-7609881780988686655,,,https://www.youtube.com/watch?v=MuohhSr-XiM,8,42,341,522341,0,0,522341,1.272887886,410359,1.272887886,,0.8265,2.807079922,41.9868,50.7979,395.0166,3.84945,,,,,,,,,,,,,,,,,,,,,,,,,,,,,,,,,,,,,,,,,,,,,,,,,,,,,,,,,,,,,,,,,,,,,,,,,,,,,,,,,,,,,
🇹🇿,Kxpow,0,0,8:40.539,8:42.547,14 Jul 2024,723,(U),-3078327032604818062,,,https://www.youtube.com/watch?v=6oDlGw6KjR8,8,42,547,522547,2008,2.008,520539,1.273389885,421494,1.239749558,,0.6966,2.350648835,42.0346,60.3399,393.2406,3.86182,,,,,,,,,,,,,,,,,,,,,,,,,,,,,,,,,,,,,,,,,,,,,,,,,,,,,,,,,,,,,,,,,,,,,,,,,,,,,,,,,,,,,
🇺🇸,doogile,0,0,8:42.117,8:42.986,28 Feb 2024,860,(U),5949882598636664818,,,https://www.youtube.com/watch?v=oCkkuqlQ9Po,8,42,986,522986,869,0.869,522117,1.27445968,421494,1.240791091,,0.6505,2.36391788,39.0623,60.0488,389.4591,3.88829,,,,,,,,,,,,,,,,,,,,,,,,,,,,,,,,,,,,,,,,,,,,,,,,,,,,,,,,,,,,,,,,,,,,,,,,,,,,,,,,,,,,,
🇵🇱,Mixray,0,1,8:38.475,8:43.007,24 Dec 2023,926,(V),-9159005293217893627,,,https://www.speedrun.com/mc/run/y2kweg9y,8,43,7,523007,4532,4.532,518475,1.274510855,446254,1.171993977,,0.6294,1.618614918,48.6808,77.3457,389.2783,3.88956,,,,,,,,,,,,,,,,,,,,,,,,,,,,,,,,,,,,,,,,,,,,,,,,,,,,,,,,,,,,,,,,,,,,,,,,,,,,,,,,,,,,,
🇫🇮,AndrewCrow,0,0,8:42.102,8:43.518,17 Jul 2025,355,(U),unknown,,,https://www.youtube.com/watch?v=uT5c_6-u4Ns,8,43,518,523518,1416,1.416,522102,1.275756106,410359,1.275756106,,0.8374,2.850069024,41.8280,49.9522,384.8831,3.92059,,,,,,,,,,,,,,,,,,,,,,,,,,,,,,,,,,,,,,,,,,,,,,,,,,,,,,,,,,,,,,,,,,,,,,,,,,,,,,,,,,,,,
🇹🇿,Kxpow,0,0,8:40.779,8:43.672,26 Jan 2024,893,(U),-8996510102519287588,,,https://www.youtube.com/watch?v=KF9Pal7AXdU,8,43,672,523672,2893,2.893,520779,1.276131387,421494,1.242418635,,0.6399,2.384786903,38.1310,59.5924,383.5599,3.92998,,,,,,,,,,,,,,,,,,,,,,,,,,,,,,,,,,,,,,,,,,,,,,,,,,,,,,,,,,,,,,,,,,,,,,,,,,,,,,,,,,,,,
🇿🇦,Airpodsz,0,0,8:43.709,8:43.709,25 Mar 2026,104,(U),7506275670866580323,,,https://www.youtube.com/watch?v=llpWdAgohkU&list=PLjW0OIc7zcEcqLcQwe9V6NfJUy0AUDomQ&index=1,8,43,709,523709,0,0,523709,1.276221552,410359,1.276221552,,0.9493,2.85710005,47.2907,49.8148,383.2421,3.93224,,,,,,,,,,,,,,,,,,,,,,,,,,,,,,,,,,,,,,,,,,,,,,,,,,,,,,,,,,,,,,,,,,,,,,,,,,,,,,,,,,,,,
🇸🇪,ANJOUU,0,0,8:43.166,8:43.894,16 May 2024,782,(U),unknown,,,https://www.youtube.com/watch?v=tdXSJlxSM0s,8,43,894,523894,728,0.728,523166,1.276672377,421494,1.242945333,,0.6764,2.391575652,40.2070,59.4444,381.6537,3.94356,,,,,,,,,,,,,,,,,,,,,,,,,,,,,,,,,,,,,,,,,,,,,,,,,,,,,,,,,,,,,,,,,,,,,,,,,,,,,,,,,,,,,
🇺🇸,doogile,0,0,8:43.991,8:43.991,13 Jul 2024,724,(U),-7771537069643682878,,,https://www.youtube.com/watch?v=TZ_zdyCgG4M,8,43,991,523991,0,0,523991,1.276908756,421494,1.243175466,,0.6963,2.39454733,41.3450,59.3796,380.8212,3.94950,,,,,,,,,,,,,,,,,,,,,,,,,,,,,,,,,,,,,,,,,,,,,,,,,,,,,,,,,,,,,,,,,,,,,,,,,,,,,,,,,,,,,
🇳🇴,skycrab1,0,0,8:43.592,8:44.066,13 Jul 2025,359,(U),see video,,,https://www.youtube.com/watch?v=jDNFlZ8Sg58&list=PLU3_fvoJ1GyMStiA29z37DUPtG47PvOJz&index=132,8,44,66,524066,474,0.474,523592,1.277091522,410359,1.277091522,,0.8357,2.870283133,41.4149,49.5579,380.1777,3.95411,,,,,,,,,,,,,,,,,,,,,,,,,,,,,,,,,,,,,,,,,,,,,,,,,,,,,,,,,,,,,,,,,,,,,,,,,,,,,,,,,,,,,
🇩🇰,Bloopy,0,0,8:44.147,8:44.147,14 Jan 2025,539,(U),865156050683453436,,,https://www.youtube.com/watch?v=mCIohgnMn6Q,8,44,147,524147,0,0,524147,1.27728891,421494,1.243545578,,0.7638,2.399333452,45.2723,59.2755,379.4829,3.95908,,,,,,,,,,,,,,,,,,,,,,,,,,,,,,,,,,,,,,,,,,,,,,,,,,,,,,,,,,,,,,,,,,,,,,,,,,,,,,,,,,,,,
🇸🇰,NoFear1337,0,0,8:43.284,8:44.223,01 Jan 2024,918,(U),unknown,,,https://www.youtube.com/watch?v=qY2cZ8Sy2uY&list=PLaTJSsRuu2UeeWabBBfNVWALvnefBoL2C&index=3,8,44,223,524223,939,0.939,523284,1.277474114,446254,1.174718882,,0.6319,1.643503615,48.4978,76.7473,378.8312,3.96376,,,,,,,,,,,,,,,,,,,,,,,,,,,,,,,,,,,,,,,,,,,,,,,,,,,,,,,,,,,,,,,,,,,,,,,,,,,,,,,,,,,,,
🇨🇦,Jay12310,0,0,8:44.276,8:44.276,10 Nov 2025,239,(U),unknown,,,https://www.youtube.com/watch?v=zPHrwr8ViFs&list=PLaTJSsRuu2UcsiC6KEkJwrGp1GaGgPoVG&index=6,8,44,276,524276,0,0,524276,1.277603269,410359,1.277603269,,0.8874,2.878063098,43.8417,49.4067,378.3769,3.96702,,,,,,,,,,,,,,,,,,,,,,,,,,,,,,,,,,,,,,,,,,,,,,,,,,,,,,,,,,,,,,,,,,,,,,,,,,,,,,,,,,,,,
🇺🇸,doogile,0,0,8:43.409,8:44.369,22 Mar 2024,837,(U),3833476757322719608,,,https://www.youtube.com/watch?v=ReityME0-V4,8,44,369,524369,960,0.96,523409,1.2778299,421494,1.244072276,,0.6580,2.406159223,38.9076,59.1271,377.5798,3.97275,,,,,,,,,,,,,,,,,,,,,,,,,,,,,,,,,,,,,,,,,,,,,,,,,,,,,,,,,,,,,,,,,,,,,,,,,,,,,,,,,,,,,
🇳🇴,skycrab1,0,0,8:43.341,8:44.403,08 May 2024,790,(U),unknown,,,https://www.youtube.com/watch?v=KxM7quLW_a0&list=PLU3_fvoJ1GyMStiA29z37DUPtG47PvOJz&index=19,8,44,403,524403,1062,1.062,523341,1.277912754,421494,1.244152942,,0.6737,2.407206144,39.8174,59.1043,377.2885,3.97485,,,,,,,,,,,,,,,,,,,,,,,,,,,,,,,,,,,,,,,,,,,,,,,,,,,,,,,,,,,,,,,,,,,,,,,,,,,,,,,,,,,,,
🇨🇦,Aquacorde,0,0,8:44.345,8:44.570,08 Jul 2025,364,(U),-1775700207608873533,,,https://www.youtube.com/watch?v=oEQpaV4i5Xo,8,44,570,524570,225,0.225,524345,1.278319715,410359,1.278319715,,0.8336,2.888986507,41.0089,49.1949,375.8580,3.98517,,,,,,,,,,,,,,,,,,,,,,,,,,,,,,,,,,,,,,,,,,,,,,,,,,,,,,,,,,,,,,,,,,,,,,,,,,,,,,,,,,,,,
🇺🇸,Infume,0,0,8:44.686,8:44.686,21 May 2025,412,(U),unknown,,,https://www.youtube.com/watch?v=sLVc8CxP9NU,8,44,686,524686,0,0,524686,1.278602394,421494,1.244824363,,0.8138,2.415936036,47.9469,58.9149,374.8649,3.99235,,,,,,,,,,,,,,,,,,,,,,,,,,,,,,,,,,,,,,,,,,,,,,,,,,,,,,,,,,,,,,,,,,,,,,,,,,,,,,,,,,,,,
🇳🇴,skycrab1,0,0,8:41.713,8:44.753,09 Jun 2024,758,(U),3601997149186064061,,,https://www.youtube.com/watch?v=ARk7_DpxA8k&list=PLU3_fvoJ1GyMStiA29z37DUPtG47PvOJz&index=27,8,44,753,524753,3040,3.04,521713,1.278765666,421494,1.244983321,,0.6845,2.418006971,40.2992,58.8700,374.2915,3.99650,,,,,,,,,,,,,,,,,,,,,,,,,,,,,,,,,,,,,,,,,,,,,,,,,,,,,,,,,,,,,,,,,,,,,,,,,,,,,,,,,,,,,
🇸🇰,NoFear1337,0,0,8:44.741,8:45.020,09 Dec 2025,210,(U),unknown,,,https://www.youtube.com/watch?v=LrqzlWWtJ5s,8,45,20,525020,279,0.279,524741,1.279416316,410359,1.279416316,,0.9003,2.905777306,43.9994,48.8706,372.0080,4.01308,,,,,,,,,,,,,,,,,,,,,,,,,,,,,,,,,,,,,,,,,,,,,,,,,,,,,,,,,,,,,,,,,,,,,,,,,,,,,,,,,,,,,
🇫🇮,sadekeppi,0,1,8:45.285,8:45.285,11 Jan 2025,542,(V),-7902621488584533605,,,https://www.speedrun.com/mc/runs/yoq7jxdz,8,45,285,525285,0,0,525285,1.280062092,421494,1.246245498,,0.7626,2.434507223,44.6230,58.5130,369.7439,4.02961,,,,,,,,,,,,,,,,,,,,,,,,,,,,,,,,,,,,,,,,,,,,,,,,,,,,,,,,,,,,,,,,,,,,,,,,,,,,,,,,,,,,,
🇳🇱,HDMICables,0,0,8:43.496,8:45.610,17 Oct 2024,628,(V),-7446789935577542856,,,https://www.speedrun.com/mc/runs/ywx24epm,8,45,610,525610,2114,2.114,523496,1.280854081,421494,1.247016565,,0.7305,2.444636718,42.5852,58.2945,366.9706,4.04995,,,,,,,,,,,,,,,,,,,,,,,,,,,,,,,,,,,,,,,,,,,,,,,,,,,,,,,,,,,,,,,,,,,,,,,,,,,,,,,,,,,,,
🇺🇸,zylenox,0,0,8:45.232,8:45.815,24 May 2024,774,(U),unknown,,,https://www.youtube.com/watch?v=9LHv2bh2PwU,8,45,815,525815,583,0.583,525232,1.281353644,421494,1.24750293,,0.6791,2.451045449,39.4935,58.1564,365.2232,4.06284,,,,,,,,,,,,,,,,,,,,,,,,,,,,,,,,,,,,,,,,,,,,,,,,,,,,,,,,,,,,,,,,,,,,,,,,,,,,,,,,,,,,,
🇺🇸,zylenox,0,0,8:43.999,8:45.999,06 Oct 2025,274,(U),unknown,,,https://www.youtube.com/watch?v=CPqlpG_fkso,8,45,999,525999,2000,2,523999,1.281802032,410359,1.281802032,,0.8720,2.942606168,41.9978,48.1643,363.6561,4.07443,,,,,,,,,,,,,,,,,,,,,,,,,,,,,,,,,,,,,,,,,,,,,,,,,,,,,,,,,,,,,,,,,,,,,,,,,,,,,,,,,,,,,
🇫🇮,iluappi,0,1,8:43.470,8:45.874,31 Jul 2025,341,(V),-5964250352143644519,,,https://www.speedrun.com/mc/runs/yljxnnkm,8,45,874,525874,2404,2.404,523470,1.281497421,410359,1.281497421,,0.8432,2.937880859,40.6903,48.2545,364.7206,4.06655,,,,,,,,,,,,,,,,,,,,,,,,,,,,,,,,,,,,,,,,,,,,,,,,,,,,,,,,,,,,,,,,,,,,,,,,,,,,,,,,,,,,,
🇹🇿,Kxpow,0,1,8:39.054,8:45.890,29 May 2023,1135,(X),-8065244563761891233,08,Yes,https://www.youtube.com/watch?v=_Wdwq60t9tg,8,45,890,525890,6836,6.836,519054,1.281536411,465828,1.128936002,,0.5669,1.268571434,48.6097,85.7403,364.5843,4.06756,,,,,,,,,,,,,,,,,,,,,,,,,,,,,,,,,,,,,,,,,,,,,,,,,,,,,,,,,,,,,,,,,,,,,,,,,,,,,,,,,,,,,
🇸🇰,NoFear1337,0,1,8:43.898,8:45.910,06 Apr 2023,1188,(V),-7753826472617365003,06,Yes,https://www.speedrun.com/mc/run/ywv7303z,8,45,910,525910,2012,2.012,523898,1.281585149,465828,1.128978936,,0.5521,1.268882561,47.3344,85.7330,364.4140,4.06882,,,,,,,,,,,,,,,,,,,,,,,,,,,,,,,,,,,,,,,,,,,,,,,,,,,,,,,,,,,,,,,,,,,,,,,,,,,,,,,,,,,,,
🇺🇸,doogile,0,1,8:46.031,8:46.031,27 Oct 2022,1349,(V),8426484340228880879,,,https://www.speedrun.com/mc/runs/zq95v58y,8,46,31,526031,0,0,526031,1.281880012,517884,1.015731322,,0.5094,0.6577273206,50.4208,98.9786,363.3837,4.07645,,,,,,,,,,,,,,,,,,,,,,,,,,,,,,,,,,,,,,,,,,,,,,,,,,,,,,,,,,,,,,,,,,,,,,,,,,,,,,,,,,,,,
🇳🇴,skycrab1,0,0,8:45.053,8:46.049,08 Nov 2025,241,(U),see video,,,https://www.youtube.com/watch?v=wAckC_nZcLI&list=PLU3_fvoJ1GyMStiA29z37DUPtG47PvOJz&index=148,8,46,49,526049,996,0.996,525053,1.281923876,410359,1.281923876,,0.8865,2.944498179,42.6646,48.1282,363.2305,4.07759,,,,,,,,,,,,,,,,,,,,,,,,,,,,,,,,,,,,,,,,,,,,,,,,,,,,,,,,,,,,,,,,,,,,,,,,,,,,,,,,,,,,,
🇺🇸,Bloon,0,1,8:44.182,8:46.079,16 Sep 2023,1025,(V),-6259156646960673664,,,https://www.speedrun.com/mc/runs/zne8x33z,8,46,79,526079,1897,1.897,524182,1.281996983,465828,1.129341731,,0.5990,1.271514422,51.3164,85.6706,362.9752,4.07948,,,,,,,,,,,,,,,,,,,,,,,,,,,,,,,,,,,,,,,,,,,,,,,,,,,,,,,,,,,,,,,,,,,,,,,,,,,,,,,,,,,,,
🇦🇿,KenanKardes,0,1,8:45.460,8:46.120,27 Jun 2024,740,(V),-2790104330333108477,,,https://www.speedrun.com/mc/runs/y9jrkkem,8,46,120,526120,660,0.66,525460,1.282096896,421494,1.248226547,,0.6907,2.460608176,40.0286,57.9508,362.6263,4.08207,,,,,,,,,,,,,,,,,,,,,,,,,,,,,,,,,,,,,,,,,,,,,,,,,,,,,,,,,,,,,,,,,,,,,,,,,,,,,,,,,,,,,
🇳🇴,skycrab1,0,0,8:46.360,8:46.475,05 Dec 2025,214,(U),see video,,,https://www.youtube.com/watch?v=21D0838rJEA&list=PLU3_fvoJ1GyMStiA29z37DUPtG47PvOJz&index=151,8,46,475,526475,115,0.115,526360,1.282961992,410359,1.282961992,,0.8985,2.960661937,42.9681,47.8207,359.6083,4.10456,,,,,,,,,,,,,,,,,,,,,,,,,,,,,,,,,,,,,,,,,,,,,,,,,,,,,,,,,,,,,,,,,,,,,,,,,,,,,,,,,,,,,
🇺🇸,Infume,0,1,8:45.718,8:45.457,22 Sep 2024,653,(V),3279252009956815997,,,https://www.speedrun.com/mc/runs/meg0139y,8,45,457,525457,-261,-0.261,525718,1.280481237,421494,1.24665357,,0.7214,2.43986338,42.1305,58.3974,368.2757,4.04036,,,,,,,,,,,,,,,,,,,,,,,,,,,,,,,,,,,,,,,,,,,,,,,,,,,,,,,,,,,,,,,,,,,,,,,,,,,,,,,,,,,,,
🇺🇸,zylenox,0,0,8:44.511,8:46.659,26 Jan 2025,527,(U),unknown,,,https://www.youtube.com/watch?v=x9s_NZF1vo0,8,46,659,526659,2148,2.148,524511,1.28341038,421494,1.249505331,,0.7684,2.477589084,44.2472,57.5868,358.0459,4.11626,,,,,,,,,,,,,,,,,,,,,,,,,,,,,,,,,,,,,,,,,,,,,,,,,,,,,,,,,,,,,,,,,,,,,,,,,,,,,,,,,,,,,
🇺🇸,meebie,0,0,8:46.730,8:46.730,31 Aug 2024,675,(U),-1594197392145476989,,,https://www.youtube.com/watch?v=zkLphmIsY5Y&list=PLaTJSsRuu2Ufk7cX7bUTt9V-IJxa8wqSM&index=16,8,46,730,526730,0,0,526730,1.283583399,421494,1.249673779,,0.7136,2.479833685,41.0569,57.5387,357.4434,4.12079,,,,,,,,,,,,,,,,,,,,,,,,,,,,,,,,,,,,,,,,,,,,,,,,,,,,,,,,,,,,,,,,,,,,,,,,,,,,,,,,,,,,,
🇳🇴,skycrab1,0,0,8:46.809,8:46.809,19 Dec 2025,200,(U),see video,,,https://www.youtube.com/watch?v=C7eIdtsV1E0&list=PLU3_fvoJ1GyMStiA29z37DUPtG47PvOJz&index=161,8,46,809,526809,0,0,526809,1.283775913,410359,1.283775913,,0.9048,2.97338993,43.0516,47.5794,356.7733,4.12583,,,,,,,,,,,,,,,,,,,,,,,,,,,,,,,,,,,,,,,,,,,,,,,,,,,,,,,,,,,,,,,,,,,,,,,,,,,,,,,,,,,,,
🇬🇧,priffie,0,0,8:46.823,8:46.823,04 Sep 2024,671,(U),-4378698081047373140,,,https://www.youtube.com/watch?v=PLgRssPZTBU,8,46,823,526823,0,0,526823,1.28381003,421494,1.249894423,,0.7150,2.482776545,41.0941,57.4758,356.6546,4.12672,,,,,,,,,,,,,,,,,,,,,,,,,,,,,,,,,,,,,,,,,,,,,,,,,,,,,,,,,,,,,,,,,,,,,,,,,,,,,,,,,,,,,
🇹🇿,Kxpow,0,0,8:45.615,8:46.891,23 May 2024,775,(U),unknown,,,https://www.youtube.com/watch?v=hyrD8CeOnTI,8,46,891,526891,1276,1.276,525615,1.283975738,421494,1.250055754,,0.6788,2.484930288,38.9806,57.4298,356.0780,4.13106,,,,,,,,,,,,,,,,,,,,,,,,,,,,,,,,,,,,,,,,,,,,,,,,,,,,,,,,,,,,,,,,,,,,,,,,,,,,,,,,,,,,,
🇺🇸,doogile,0,0,8:45.693,8:47.009,10 Jun 2023,1123,(U),3305404777235060755,,,https://www.youtube.com/watch?v=LJc8Ue_wMxc,8,47,9,527009,1316,1.316,525693,1.284263291,465828,1.131338176,,0.5704,1.286088516,48.6653,85.3248,355.0779,4.13861,,,,,,,,,,,,,,,,,,,,,,,,,,,,,,,,,,,,,,,,,,,,,,,,,,,,,,,,,,,,,,,,,,,,,,,,,,,,,,,,,,,,,
🇫🇷,Poni,0,1,8:45.604,8:47.223,02 Oct 2022,1374,(V),-1837751846856531191,,,https://www.youtube.com/watch?v=XF7fO8ptCng,8,47,223,527223,1619,1.619,525604,1.284784786,517884,1.018032996,,0.5031,0.6666344622,49.7125,98.8156,353.2657,4.15232,,,,,,,,,,,,,,,,,,,,,,,,,,,,,,,,,,,,,,,,,,,,,,,,,,,,,,,,,,,,,,,,,,,,,,,,,,,,,,,,,,,,,
🇫🇮,sadekeppi,0,0,8:46.062,8:47.235,05 Mar 2025,489,(U),unknown,,,https://www.youtube.com/watch?v=PmJBX5UDkaQ,8,47,235,527235,1173,1.173,526062,1.284814029,421494,1.250871899,,0.7831,2.49585128,44.7905,57.1967,353.1641,4.15309,,,,,,,,,,,,,,,,,,,,,,,,,,,,,,,,,,,,,,,,,,,,,,,,,,,,,,,,,,,,,,,,,,,,,,,,,,,,,,,,,,,,,
🇨🇦,bluescaled,0,1,8:47.616,8:47.616,21 Apr 2024,807,(V),2917123539303046566,,,https://www.speedrun.com/mc/runs/y22e7l7y,8,47,616,527616,0,0,527616,1.285742484,421494,1.251775826,,0.6680,2.507996916,38.0335,56.9382,349.9428,4.17761,,,,,,,,,,,,,,,,,,,,,,,,,,,,,,,,,,,,,,,,,,,,,,,,,,,,,,,,,,,,,,,,,,,,,,,,,,,,,,,,,,,,,
🇨🇦,21mustard,0,1,8:47.222,8:47.675,11 Oct 2024,634,(V),7459329575802108907,,,https://www.speedrun.com/mc/runs/yj9qjr3z,8,47,675,527675,453,0.453,527222,1.285886261,421494,1.251915804,,0.7283,2.509882448,41.4407,56.8981,349.4445,4.18142,,,,,,,,,,,,,,,,,,,,,,,,,,,,,,,,,,,,,,,,,,,,,,,,,,,,,,,,,,,,,,,,,,,,,,,,,,,,,,,,,,,,,
🇹🇿,Kxpow,0,0,8:44.127,8:47.693,03 Jul 2024,734,(U),-6959476761706024628,,,https://www.youtube.com/watch?v=lpnHvetQjc0,8,47,693,527693,3566,3.566,524127,1.285930125,421494,1.251958509,,0.6928,2.510457946,39.4111,56.8859,349.2925,4.18258,,,,,,,,,,,,,,,,,,,,,,,,,,,,,,,,,,,,,,,,,,,,,,,,,,,,,,,,,,,,,,,,,,,,,,,,,,,,,,,,,,,,,
🇸🇪,PAPLERR,0,1,8:47.146,8:47.928,26 Jan 2024,893,(V),3396794474458802452,,,https://www.speedrun.com/mc/runs/z5k414nz,8,47,928,527928,782,0.782,527146,1.286502794,421494,1.25251605,,0.6399,2.517982217,36.2970,56.7262,347.3096,4.19779,,,,,,,,,,,,,,,,,,,,,,,,,,,,,,,,,,,,,,,,,,,,,,,,,,,,,,,,,,,,,,,,,,,,,,,,,,,,,,,,,,,,,
🇺🇸,zylenox,0,0,8:45.712,8:47.948,29 Apr 2025,434,(U),unknown,,,https://www.youtube.com/watch?v=VeyaKgZL6W8,8,47,948,527948,2236,2.236,525712,1.286551532,421494,1.2525635,,0.8049,2.518623509,45.6496,56.7126,347.1410,4.19909,,,,,,,,,,,,,,,,,,,,,,,,,,,,,,,,,,,,,,,,,,,,,,,,,,,,,,,,,,,,,,,,,,,,,,,,,,,,,,,,,,,,,
🇳🇴,skycrab1,0,0,8:47.708,8:47.708,20 Sep 2025,290,(U),see video,,,https://www.youtube.com/watch?v=QaK_cdmaPKQ&list=PLU3_fvoJ1GyMStiA29z37DUPtG47PvOJz&index=138,8,47,708,527708,0,0,527708,1.285966678,410359,1.285966678,,0.8650,3.00789025,40.5954,46.9298,349.1659,4.18355,,,,,,,,,,,,,,,,,,,,,,,,,,,,,,,,,,,,,,,,,,,,,,,,,,,,,,,,,,,,,,,,,,,,,,,,,,,,,,,,,,,,,
🇫🇮,sadekeppi,0,0,8:47.747,8:47.747,08 Dec 2025,211,(U),unknown,,,https://www.youtube.com/watch?v=U0VSovfqp08,8,47,747,527747,0,0,527747,1.286061717,410359,1.286061717,,0.8999,3.009394927,42.2056,46.9016,348.8366,4.18607,,,,,,,,,,,,,,,,,,,,,,,,,,,,,,,,,,,,,,,,,,,,,,,,,,,,,,,,,,,,,,,,,,,,,,,,,,,,,,,,,,,,,
🇰🇷,temp_gd,0,1,8:44.823,8:47.833,16 Aug 2024,690,(V),7789304644075460763,,,https://www.speedrun.com/mc/runs/y2w7q3jy,8,47,833,527833,3010,3.01,524823,1.286271289,421494,1.252290661,,0.7082,2.51493807,40.2204,56.7908,348.1109,4.19164,,,,,,,,,,,,,,,,,,,,,,,,,,,,,,,,,,,,,,,,,,,,,,,,,,,,,,,,,,,,,,,,,,,,,,,,,,,,,,,,,,,,,
🇺🇸,doogile,0,0,8:46.578,8:47.860,20 Aug 2023,1052,(U),4103179370625614995,,,https://www.youtube.com/watch?v=uDN8xoI81Ys,8,47,860,527860,1282,1.282,526578,1.286337085,465828,1.133165031,,0.5910,1.299560486,50.2347,85.0047,347.8831,4.19338,,,,,,,,,,,,,,,,,,,,,,,,,,,,,,,,,,,,,,,,,,,,,,,,,,,,,,,,,,,,,,,,,,,,,,,,,,,,,,,,,,,,,
🇳🇴,skycrab1,0,0,8:47.874,8:47.874,27 Nov 2024,587,(U),6699117318653298892,,,https://www.youtube.com/watch?v=5ukarnI5ByU&list=PLU3_fvoJ1GyMStiA29z37DUPtG47PvOJz&index=99,8,47,874,527874,0,0,527874,1.286371202,421494,1.252387934,,0.7456,2.516251456,42.3252,56.7629,347.7650,4.19429,,,,,,,,,,,,,,,,,,,,,,,,,,,,,,,,,,,,,,,,,,,,,,,,,,,,,,,,,,,,,,,,,,,,,,,,,,,,,,,,,,,,,
🇩🇰,Bloopy,0,0,8:47.901,8:47.901,22 Sep 2024,653,(U),3928864958060769511,,,https://www.youtube.com/watch?v=aNxuLYPmOdo,8,47,901,527901,0,0,527901,1.286436998,421494,1.252451992,,0.7214,2.517116704,40.9380,56.7445,347.5373,4.19604,,,,,,,,,,,,,,,,,,,,,,,,,,,,,,,,,,,,,,,,,,,,,,,,,,,,,,,,,,,,,,,,,,,,,,,,,,,,,,,,,,,,,
🇨🇦,silverr,0,1,8:46.965,8:47.927,22 Oct 2022,1354,(V),2855607942042314683,,,https://www.speedrun.com/mc/runs/zgq688ey,8,47,927,527927,962,0.962,526965,1.286500357,517884,1.019392374,,0.5081,0.6719521086,50.1623,98.7177,347.3180,4.19772,,,,,,,,,,,,,,,,,,,,,,,,,,,,,,,,,,,,,,,,,,,,,,,,,,,,,,,,,,,,,,,,,,,,,,,,,,,,,,,,,,,,,
🇺🇸,doogile,0,0,8:46.669,8:48.064,10 Dec 2023,940,(U),-842020506674052183,,,https://www.youtube.com/watch?v=lirP0lAFhMI,8,48,64,528064,1395,1.395,526669,1.286834211,446254,1.183326088,,0.6250,1.724430288,46.7539,74.8060,346.1632,4.20661,,,,,,,,,,,,,,,,,,,,,,,,,,,,,,,,,,,,,,,,,,,,,,,,,,,,,,,,,,,,,,,,,,,,,,,,,,,,,,,,,,,,,
🇺🇸,doogile,0,0,8:48.089,8:48.089,23 Jul 2024,714,(U),-8431738247847193587,,,https://www.youtube.com/watch?v=RMvtU2KWgYM,8,48,89,528089,0,0,528089,1.286895133,421494,1.252898025,,0.6998,2.523148755,39.6188,56.6166,345.9526,4.20824,,,,,,,,,,,,,,,,,,,,,,,,,,,,,,,,,,,,,,,,,,,,,,,,,,,,,,,,,,,,,,,,,,,,,,,,,,,,,,,,,,,,,
🇳🇴,skycrab1,0,0,8:48.272,8:48.272,07 Feb 2026,150,(U),unknown,,,https://www.youtube.com/watch?v=mNshDsaAVzc&list=PLU3_fvoJ1GyMStiA29z37DUPtG47PvOJz&index=169,8,48,272,528272,0,0,528272,1.287341084,410359,1.287341084,,0.9277,3.029715247,43.1606,46.5221,344.4115,4.22014,,,,,,,,,,,,,,,,,,,,,,,,,,,,,,,,,,,,,,,,,,,,,,,,,,,,,,,,,,,,,,,,,,,,,,,,,,,,,,,,,,,,,
🇨🇦,NoHacsJustRoblox,0,0,8:48.505,8:48.505,08 May 2024,790,(U),unknown,,,https://www.youtube.com/watch?v=5UDUfLkhEoQ,8,48,505,528505,0,0,528505,1.28790888,421494,1.25388499,,0.6737,2.536542154,37.9506,56.3333,342.4518,4.23534,,,,,,,,,,,,,,,,,,,,,,,,,,,,,,,,,,,,,,,,,,,,,,,,,,,,,,,,,,,,,,,,,,,,,,,,,,,,,,,,,,,,,
🇩🇰,Bloopy,0,0,8:48.509,8:48.509,06 Apr 2026,92,(U),5863096878600780723,,,https://www.youtube.com/watch?v=VfwUs71-gkQ,8,48,509,528509,0,0,528509,1.287918627,410359,1.287918627,,0.9550,3.038928199,44.2669,46.3508,342.4181,4.23560,,,,,,,,,,,,,,,,,,,,,,,,,,,,,,,,,,,,,,,,,,,,,,,,,,,,,,,,,,,,,,,,,,,,,,,,,,,,,,,,,,,,,
🇳🇴,skycrab1,0,0,8:48.529,8:48.529,03 Feb 2025,519,(U),2881897363802283355,,,https://www.youtube.com/watch?v=-3u6nTAXcUM&list=PLU3_fvoJ1GyMStiA29z37DUPtG47PvOJz&index=114,8,48,529,528529,0,0,528529,1.287967365,421494,1.25394193,,0.7714,2.537316782,43.4450,56.3169,342.2501,4.23691,,,,,,,,,,,,,,,,,,,,,,,,,,,,,,,,,,,,,,,,,,,,,,,,,,,,,,,,,,,,,,,,,,,,,,,,,,,,,,,,,,,,,
🇳🇴,skycrab1,0,0,8:48.873,8:48.873,10 Dec 2024,574,(U),2315176208545760284,,,https://www.youtube.com/watch?v=_u3kwy8rXbI&list=PLU3_fvoJ1GyMStiA29z37DUPtG47PvOJz&index=102,8,48,873,528873,0,0,528873,1.288805656,421494,1.254758075,,0.7505,2.548443004,42.0904,56.0823,339.3619,4.25944,,,,,,,,,,,,,,,,,,,,,,,,,,,,,,,,,,,,,,,,,,,,,,,,,,,,,,,,,,,,,,,,,,,,,,,,,,,,,,,,,,,,,
🇺🇸,zylenox,0,0,8:45.820,8:48.997,15 Oct 2025,265,(U),unknown,,,https://www.youtube.com/watch?v=V6zCvGFaLyo,8,48,997,528997,3177,3.177,525820,1.28910783,410359,1.28910783,,0.8759,3.057976561,40.2897,45.9979,338.3222,4.26759,,,,,,,,,,,,,,,,,,,,,,,,,,,,,,,,,,,,,,,,,,,,,,,,,,,,,,,,,,,,,,,,,,,,,,,,,,,,,,,,,,,,,
🇸🇪,v_strid,0,0,8:48.261,8:49.251,16 Jan 2025,537,(U),unknown,,,https://www.youtube.com/watch?v=CVqwCa8cFmc,8,49,251,529251,990,0.99,528261,1.2897268,421494,1.255654885,,0.7645,2.560719086,42.6789,55.8240,336.1950,4.28433,,,,,,,,,,,,,,,,,,,,,,,,,,,,,,,,,,,,,,,,,,,,,,,,,,,,,,,,,,,,,,,,,,,,,,,,,,,,,,,,,,,,,
🇫🇮,sadekeppi,0,0,8:49.348,8:49.348,19 Feb 2026,138,(U),unknown,,,https://www.youtube.com/watch?v=DQEdLEhfIcw,8,49,348,529348,0,0,529348,1.289963179,410359,1.289963179,,0.9333,3.071742672,42.6942,45.7441,335.3835,4.29074,,,,,,,,,,,,,,,,,,,,,,,,,,,,,,,,,,,,,,,,,,,,,,,,,,,,,,,,,,,,,,,,,,,,,,,,,,,,,,,,,,,,,
🇳🇴,skycrab1,0,0,8:49.409,8:49.409,28 May 2025,405,(U),unknown,,,https://www.youtube.com/watch?v=xyDX6i-JbRU&list=PLU3_fvoJ1GyMStiA29z37DUPtG47PvOJz&index=128,8,49,409,529409,0,0,529409,1.290111829,421494,1.256029742,,0.8167,2.565865971,45.5025,55.7159,334.8734,4.29477,,,,,,,,,,,,,,,,,,,,,,,,,,,,,,,,,,,,,,,,,,,,,,,,,,,,,,,,,,,,,,,,,,,,,,,,,,,,,,,,,,,,,
🇳🇴,skycrab1,0,0,8:49.441,8:49.441,06 Mar 2026,123,(U),unknown,,,https://www.youtube.com/watch?v=IpU2pIs3HGI&list=PLU3_fvoJ1GyMStiA29z37DUPtG47PvOJz&index=163,8,49,441,529441,0,0,529441,1.290189809,410359,1.290189809,,0.9404,3.075399292,42.9523,45.6768,334.6059,4.29689,,,,,,,,,,,,,,,,,,,,,,,,,,,,,,,,,,,,,,,,,,,,,,,,,,,,,,,,,,,,,,,,,,,,,,,,,,,,,,,,,,,,,
🇵🇱,watermelon1708,0,0,8:45.180,8:49.596,22 Dec 2025,197,(U),see video,,,https://www.youtube.com/watch?v=oDrlzG59d00,8,49,596,529596,4416,4.416,525180,1.290567527,410359,1.290567527,,0.9062,3.081502229,41.2906,45.5647,333.3109,4.30716,,,,,,,,,,,,,,,,,,,,,,,,,,,,,,,,,,,,,,,,,,,,,,,,,,,,,,,,,,,,,,,,,,,,,,,,,,,,,,,,,,,,,
🇳🇴,skycrab1,0,0,8:49.496,8:49.628,07 Feb 2026,150,(U),unknown,,,https://www.youtube.com/watch?v=9i8Wohwq8no&list=PLU3_fvoJ1GyMStiA29z37DUPtG47PvOJz&index=168,8,49,628,529628,132,0.132,529496,1.290645508,410359,1.290645508,,0.9277,3.082763525,42.2509,45.5416,333.0437,4.30928,,,,,,,,,,,,,,,,,,,,,,,,,,,,,,,,,,,,,,,,,,,,,,,,,,,,,,,,,,,,,,,,,,,,,,,,,,,,,,,,,,,,,
🇺🇸,Feinberg,0,1,8:49.295,8:49.902,17 Apr 2025,446,(V),1158649802805325651,,,https://www.speedrun.com/mc/runs/m7erj55z,8,49,902,529902,607,0.607,529295,1.291313216,421494,1.257199391,,0.8001,2.581984914,44.3090,55.3783,330.7581,4.32750,,,,,,,,,,,,,,,,,,,,,,,,,,,,,,,,,,,,,,,,,,,,,,,,,,,,,,,,,,,,,,,,,,,,,,,,,,,,,,,,,,,,,
🇳🇴,skycrab1,0,0,8:49.936,8:49.936,08 Nov 2025,241,(U),see video,,,https://www.youtube.com/watch?v=5haOUDeGf-A&list=PLU3_fvoJ1GyMStiA29z37DUPtG47PvOJz&index=149,8,49,936,529936,0,0,529936,1.29139607,410359,1.29139607,,0.8865,3.094926909,40.1741,45.3189,330.4748,4.32977,,,,,,,,,,,,,,,,,,,,,,,,,,,,,,,,,,,,,,,,,,,,,,,,,,,,,,,,,,,,,,,,,,,,,,,,,,,,,,,,,,,,,
🇺🇸,meebie,0,0,8:48.596,8:50.051,03 Sep 2023,1038,(U),7299498132050335302,15,Yes,https://www.youtube.com/watch?v=LMy95QFL1VM,8,50,51,530051,1455,1.455,528596,1.291676313,465828,1.137868484,,0.5951,1.334850792,50.0872,84.1638,329.5169,4.33744,,,,,,,,,,,,,,,,,,,,,,,,,,,,,,,,,,,,,,,,,,,,,,,,,,,,,,,,,,,,,,,,,,,,,,,,,,,,,,,,,,,,,
🇫🇮,sadekeppi,0,0,8:50.468,8:50.468,30 Dec 2025,189,(U),unknown,,,https://www.youtube.com/watch?v=eoU6uHpwlCc,8,50,468,530468,0,0,530468,1.292692496,410359,1.292692496,,0.9098,3.11603654,40.8824,44.9342,326.0497,4.36535,,,,,,,,,,,,,,,,,,,,,,,,,,,,,,,,,,,,,,,,,,,,,,,,,,,,,,,,,,,,,,,,,,,,,,,,,,,,,,,,,,,,,
🇸🇰,NoFear1337,0,0,8:50.451,8:50.501,19 Oct 2023,992,(U),unknown,,,https://www.youtube.com/watch?v=Wq1CcMWfAsY,8,50,501,530501,50,0.05,530451,1.292772913,465828,1.138834505,,0.6090,1.342208011,51.1456,83.9882,325.7757,4.36757,,,,,,,,,,,,,,,,,,,,,,,,,,,,,,,,,,,,,,,,,,,,,,,,,,,,,,,,,,,,,,,,,,,,,,,,,,,,,,,,,,,,,
🇨🇦,Aquacorde,0,0,8:50.506,8:50.506,19 Jul 2025,353,(U),-7616555443413747711,,,https://www.youtube.com/watch?v=68HoZv27LzI,8,50,506,530506,0,0,530506,1.292785098,410359,1.292785098,,0.8382,3.117549239,37.6407,44.9067,325.7342,4.36791,,,,,,,,,,,,,,,,,,,,,,,,,,,,,,,,,,,,,,,,,,,,,,,,,,,,,,,,,,,,,,,,,,,,,,,,,,,,,,,,,,,,,
🇺🇸,Reignex,0,0,8:50.578,8:50.578,30 Sep 2023,1011,(U),unknown,,,https://www.youtube.com/watch?v=z1feRpPuykI,8,50,578,530578,0,0,530578,1.292960554,465828,1.138999803,,0.6032,1.343470669,50.6438,83.9580,325.1367,4.37275,,,,,,,,,,,,,,,,,,,,,,,,,,,,,,,,,,,,,,,,,,,,,,,,,,,,,,,,,,,,,,,,,,,,,,,,,,,,,,,,,,,,,
🇳🇴,skycrab1,0,0,8:50.803,8:50.803,05 May 2025,428,(U),unknown,,,https://www.youtube.com/watch?v=yXdhGgJyuoQ&list=PLU3_fvoJ1GyMStiA29z37DUPtG47PvOJz&index=119,8,50,803,530803,0,0,530803,1.293508854,421494,1.259337025,,0.8073,2.611677112,44.2102,54.7598,323.2713,4.38790,,,,,,,,,,,,,,,,,,,,,,,,,,,,,,,,,,,,,,,,,,,,,,,,,,,,,,,,,,,,,,,,,,,,,,,,,,,,,,,,,,,,,
🇳🇴,skycrab1,0,0,8:50.545,8:51.236,10 Aug 2024,696,(U),-3197286302200123556,,,https://www.youtube.com/watch?v=k1eYrv60vEg&list=PLU3_fvoJ1GyMStiA29z37DUPtG47PvOJz&index=50,8,51,236,531236,691,0.691,530545,1.294564028,421494,1.260364323,,0.7061,2.626054479,38.4554,54.4618,319.6897,4.41719,,,,,,,,,,,,,,,,,,,,,,,,,,,,,,,,,,,,,,,,,,,,,,,,,,,,,,,,,,,,,,,,,,,,,,,,,,,,,,,,,,,,,
🇸🇪,PAPLERR,0,0,8:51.820,8:51.820,22 May 2024,776,(U),unknown,,,https://www.youtube.com/watch?v=HxHftENNd5g,8,51,820,531820,0,0,531820,1.295987172,421494,1.261749871,,0.6784,2.645557354,36.6744,54.0592,314.8767,4.45698,,,,,,,,,,,,,,,,,,,,,,,,,,,,,,,,,,,,,,,,,,,,,,,,,,,,,,,,,,,,,,,,,,,,,,,,,,,,,,,,,,,,,
,,0,0,,8:52.087,30 Dec 1899,,,,,,,,,,,,,,,,,,,,,,,,,,,,,,,,,,,,,,,,,,,,,,,,,,,,,,,,,,,,,,,,,,,,,,,,,,,,,,,,,,,,,,,,,,,,,,,,,,,,,,,,,,,,
🇨🇦,NoHacsJustRoblox,0,0,8:51.843,8:52.318,01 Dec 2024,583,(U),unknown,,,https://www.youtube.com/watch?v=Z6z82Y5kP4k,8,52,318,532318,475,0.475,531843,1.297200744,421494,1.262931382,,0.7471,2.662290047,40.1329,53.7153,310.7891,4.49117,,,,,,,,,,,,,,,,,,,,,,,,,,,,,,,,,,,,,,,,,,,,,,,,,,,,,,,,,,,,,,,,,,,,,,,,,,,,,,,,,,,,,
🇿🇦,Airpodsz,0,0,8:52.362,8:52.362,16 Jun 2025,386,(U),-3727821509649303195,,,https://www.youtube.com/watch?v=nUrWuk_QNM8&list=PLjW0OIc7zcEcqLcQwe9V6NfJUy0AUDomQ&index=12,8,52,362,532362,0,0,532362,1.297307967,410359,1.297307967,,0.8245,3.192228655,35.9188,43.5653,310.4287,4.49420,,,,,,,,,,,,,,,,,,,,,,,,,,,,,,,,,,,,,,,,,,,,,,,,,,,,,,,,,,,,,,,,,,,,,,,,,,,,,,,,,,,,,
🇺🇸,doogile,0,0,8:51.678,8:52.413,10 Dec 2023,940,(U),-5260994394316547335,,,https://www.youtube.com/watch?v=OW5kwKZPOzU,8,52,413,532413,735,0.735,531678,1.297432248,446254,1.193071659,,0.6250,1.820424858,45.3227,72.5161,310.0111,4.49772,,,,,,,,,,,,,,,,,,,,,,,,,,,,,,,,,,,,,,,,,,,,,,,,,,,,,,,,,,,,,,,,,,,,,,,,,,,,,,,,,,,,,
🇸🇪,PAPLERR,0,0,8:52.438,8:52.722,22 Aug 2024,684,(U),unknown,,,https://www.youtube.com/watch?v=iTXvRag5q3w,8,52,722,532722,284,0.284,532438,1.298185248,421494,1.263889877,,0.7103,2.675933537,37.9581,53.4359,307.4845,4.51907,,,,,,,,,,,,,,,,,,,,,,,,,,,,,,,,,,,,,,,,,,,,,,,,,,,,,,,,,,,,,,,,,,,,,,,,,,,,,,,,,,,,,
🇸🇰,NoFear1337,0,0,8:51.877,8:53.246,20 Sep 2025,290,(U),unknown,,,https://www.youtube.com/watch?v=AEz9SIx1tgc,8,53,246,533246,1369,1.369,531877,1.299462178,410359,1.299462178,,0.8650,3.228351249,37.1329,42.9270,303.2143,4.55550,,,,,,,,,,,,,,,,,,,,,,,,,,,,,,,,,,,,,,,,,,,,,,,,,,,,,,,,,,,,,,,,,,,,,,,,,,,,,,,,,,,,,
🇬🇧,priffie,0,0,8:52.479,8:53.487,08 Jun 2024,759,(U),unknown,,,https://www.youtube.com/watch?v=uBb7nm63URY,8,53,487,533487,1008,1.008,532479,1.300049469,421494,1.26570485,,0.6842,2.701939019,36.1984,52.9059,301.2565,4.57234,,,,,,,,,,,,,,,,,,,,,,,,,,,,,,,,,,,,,,,,,,,,,,,,,,,,,,,,,,,,,,,,,,,,,,,,,,,,,,,,,,,,,
🇸🇪,Greetings,0,1,8:48.832,8:53.598,13 Dec 2023,937,(V),-1991754109876931903,,,https://www.speedrun.com/mc/runs/z1klew9y,8,53,598,533598,4766,4.766,528832,1.300319964,446254,1.195727097,,0.6259,1.847408736,44.9899,71.8757,300.3561,4.58012,,,,,,,,,,,,,,,,,,,,,,,,,,,,,,,,,,,,,,,,,,,,,,,,,,,,,,,,,,,,,,,,,,,,,,,,,,,,,,,,,,,,,
🇩🇰,Bloopy,0,0,8:52.223,8:53.623,28 Feb 2026,129,(U),945686901685258779,,,https://www.youtube.com/watch?v=F4IAOLQREog,8,53,623,533623,1400,1.4,532223,1.300380886,410359,1.300380886,,0.9375,3.243866133,39.9906,42.6550,300.1535,4.58187,,,,,,,,,,,,,,,,,,,,,,,,,,,,,,,,,,,,,,,,,,,,,,,,,,,,,,,,,,,,,,,,,,,,,,,,,,,,,,,,,,,,,
🇺🇸,zylenox,0,0,8:49.318,8:53.683,06 Mar 2026,123,(U),unknown,,,https://www.youtube.com/watch?v=atLqoAAuits,8,53,683,533683,4365,4.365,529318,1.300527099,410359,1.300527099,,0.9404,3.246341418,40.0701,42.6118,299.6672,4.58608,,,,,,,,,,,,,,,,,,,,,,,,,,,,,,,,,,,,,,,,,,,,,,,,,,,,,,,,,,,,,,,,,,,,,,,,,,,,,,,,,,,,,
🇹🇿,Kxpow,0,0,8:51.774,8:53.737,11 Oct 2025,269,(U),-6043942058155624568,,,https://www.youtube.com/watch?v=FRGK0mq-lPk,8,53,737,533737,1963,1.963,531774,1.300658692,410359,1.300658692,,0.8742,3.248570603,37.2151,42.5728,299.2298,4.58987,,,,,,,,,,,,,,,,,,,,,,,,,,,,,,,,,,,,,,,,,,,,,,,,,,,,,,,,,,,,,,,,,,,,,,,,,,,,,,,,,,,,,
🇮🇱,orachi,0,0,8:50.653,8:54.005,30 Mar 2026,99,(U),unknown,,,https://www.youtube.com/watch?v=2ZzDiVnz1n0,8,54,5,534005,3352,3.352,530653,1.301311778,410359,1.301311778,,0.9517,3.259654008,40.3328,42.3795,297.0620,4.60873,,,,,,,,,,,,,,,,,,,,,,,,,,,,,,,,,,,,,,,,,,,,,,,,,,,,,,,,,,,,,,,,,,,,,,,,,,,,,,,,,,,,,
🇵🇱,watermelon1708,0,0,8:52.609,8:54.133,05 Nov 2025,244,(U),unknown,,,https://www.youtube.com/watch?v=x_zdSf7bhIg,8,54,133,534133,1524,1.524,532609,1.3016237,410359,1.3016237,,0.8851,3.264959364,37.4305,42.2873,296.0283,4.61776,,,,,,,,,,,,,,,,,,,,,,,,,,,,,,,,,,,,,,,,,,,,,,,,,,,,,,,,,,,,,,,,,,,,,,,,,,,,,,,,,,,,,
🇳🇴,skycrab1,0,0,8:54.230,8:54.230,11 Nov 2024,603,(U),-2877178576147619973,,,https://www.youtube.com/watch?v=65224Q7ZkCQ&list=PLU3_fvoJ1GyMStiA29z37DUPtG47PvOJz&index=92,8,54,230,534230,0,0,534230,1.301860079,421494,1.267467627,,0.7397,2.727411726,38.7533,52.3900,295.2458,4.62462,,,,,,,,,,,,,,,,,,,,,,,,,,,,,,,,,,,,,,,,,,,,,,,,,,,,,,,,,,,,,,,,,,,,,,,,,,,,,,,,,,,,,
🇹🇿,Kxpow,0,0,8:53.387,8:54.313,24 May 2024,774,(U),3884560685979045965,,,https://www.youtube.com/watch?v=8VHwLAOXpXo,8,54,313,534313,926,0.926,533387,1.302062341,421494,1.267664546,,0.6791,2.730270491,35.5384,52.3324,294.5768,4.63049,,,,,,,,,,,,,,,,,,,,,,,,,,,,,,,,,,,,,,,,,,,,,,,,,,,,,,,,,,,,,,,,,,,,,,,,,,,,,,,,,,,,,
🇮🇪,Corobo,0,1,8:53.731,8:54.386,30 Apr 2023,1164,(V),1354172977527206994,,,https://www.speedrun.com/mc/run/y62775qz,8,54,386,534386,655,0.655,533731,1.302240234,465828,1.147174494,,0.5588,1.407303369,46.0600,82.4296,293.9887,4.63566,,,,,,,,,,,,,,,,,,,,,,,,,,,,,,,,,,,,,,,,,,,,,,,,,,,,,,,,,,,,,,,,,,,,,,,,,,,,,,,,,,,,,
🇺🇸,zylenox,0,0,8:52.432,8:54.500,24 May 2024,774,(U),unknown,,,https://www.youtube.com/watch?v=JuW_FPDArQw,8,54,500,534500,2068,2.068,532432,1.302518039,421494,1.268108206,,0.6791,2.736721094,35.4501,52.2023,293.0712,4.64375,,,,,,,,,,,,,,,,,,,,,,,,,,,,,,,,,,,,,,,,,,,,,,,,,,,,,,,,,,,,,,,,,,,,,,,,,,,,,,,,,,,,,
🇫🇮,sadekeppi,0,0,8:55.010,8:55.010,20 Dec 2025,199,(U),unknown,,,https://www.youtube.com/watch?v=j2ynm5Ra1MU,8,55,10,535010,0,0,535010,1.303760853,410359,1.303760853,,0.9053,3.301515154,37.7103,41.6555,288.9780,4.68008,,,,,,,,,,,,,,,,,,,,,,,,,,,,,,,,,,,,,,,,,,,,,,,,,,,,,,,,,,,,,,,,,,,,,,,,,,,,,,,,,,,,,
🇳🇴,skycrab1,0,0,8:53.059,8:55.075,17 Jun 2024,750,(U),-1214553875519321530,,,https://www.youtube.com/watch?v=UbiUU4PS8Yg&list=PLU3_fvoJ1GyMStiA29z37DUPtG47PvOJz&index=34,8,55,75,535075,2016,2.016,533059,1.303919251,421494,1.269472401,,0.6873,2.75664086,35.6031,51.8022,288.4577,4.68473,,,,,,,,,,,,,,,,,,,,,,,,,,,,,,,,,,,,,,,,,,,,,,,,,,,,,,,,,,,,,,,,,,,,,,,,,,,,,,,,,,,,,
🇸🇪,Greetings,0,1,8:51.442,8:55.091,16 Oct 2023,995,(V),-998303849944798184,,,https://www.speedrun.com/mc/runs/y6q69wpz,8,55,91,535091,3649,3.649,531442,1.303958241,465828,1.148687928,,0.6080,1.419424069,49.9443,82.1387,288.3297,4.68587,,,,,,,,,,,,,,,,,,,,,,,,,,,,,,,,,,,,,,,,,,,,,,,,,,,,,,,,,,,,,,,,,,,,,,,,,,,,,,,,,,,,,
🇺🇸,pizu,0,1,8:54.022,8:55.184,24 May 2025,409,(V),7703092344048773038,,,https://www.speedrun.com/mc/runs/mkw8dklm,8,55,184,535184,1162,1.162,534022,1.304184872,421494,1.269731004,,0.8151,2.760431461,42.1597,51.7262,287.5859,4.69253,,,,,,,,,,,,,,,,,,,,,,,,,,,,,,,,,,,,,,,,,,,,,,,,,,,,,,,,,,,,,,,,,,,,,,,,,,,,,,,,,,,,,
🇳🇴,skycrab1,0,0,8:55.209,8:55.494,29 Apr 2025,434,(U),unknown,,,https://www.youtube.com/watch?v=Jv4hwkbrykA&list=PLU3_fvoJ1GyMStiA29z37DUPtG47PvOJz&index=118,8,55,494,535494,285,0.285,535209,1.304940308,421494,1.270466484,,0.8049,2.771237424,41.4621,51.5102,285.1113,4.71479,,,,,,,,,,,,,,,,,,,,,,,,,,,,,,,,,,,,,,,,,,,,,,,,,,,,,,,,,,,,,,,,,,,,,,,,,,,,,,,,,,,,,
🇮🇹,Ale267,0,1,8:53.440,8:55.565,10 Dec 2023,940,(V),2654444086800961845,,,https://www.speedrun.com/mc/runs/y4kok52m,8,55,565,535565,2125,2.125,533440,1.305113328,446254,1.200134901,,0.6250,1.893000716,44.2485,70.7974,284.5456,4.71990,,,,,,,,,,,,,,,,,,,,,,,,,,,,,,,,,,,,,,,,,,,,,,,,,,,,,,,,,,,,,,,,,,,,,,,,,,,,,,,,,,,,,
🇺🇸,Feinberg,0,0,8:55.644,8:55.644,23 Apr 2025,440,(U),5199559453196523459,,,https://www.youtube.com/watch?v=3fE6RVy2Hns,8,55,644,535644,0,0,535644,1.305305842,421494,1.27082236,,0.8025,2.776479606,41.2540,51.4056,283.9165,4.72559,,,,,,,,,,,,,,,,,,,,,,,,,,,,,,,,,,,,,,,,,,,,,,,,,,,,,,,,,,,,,,,,,,,,,,,,,,,,,,,,,,,,,
🇵🇱,kazzruns,0,1,8:55.715,8:55.971,13 Nov 2024,601,(V),-8462465597101337145,,,https://www.speedrun.com/mc/runs/y9dr7oem,8,55,971,535971,256,0.256,535715,1.306102705,421494,1.271598172,,0.7404,2.787938138,37.8943,51.1775,281.3179,4.74923,,,,,,,,,,,,,,,,,,,,,,,,,,,,,,,,,,,,,,,,,,,,,,,,,,,,,,,,,,,,,,,,,,,,,,,,,,,,,,,,,,,,,
🇺🇸,doogile,0,0,8:56.053,8:56.053,24 Mar 2025,470,(U),-4743958313443045268,,,https://www.youtube.com/watch?v=MOF0Iu9SBKo,8,56,53,536053,0,0,536053,1.30630253,421494,1.271792718,,0.7906,2.790818116,40.4142,51.1203,280.6676,4.75517,,,,,,,,,,,,,,,,,,,,,,,,,,,,,,,,,,,,,,,,,,,,,,,,,,,,,,,,,,,,,,,,,,,,,,,,,,,,,,,,,,,,,
🇺🇸,Crimson,0,1,8:54.994,8:56.208,17 May 2023,1147,(V),3901188098282843839,,,https://www.speedrun.com/mc/run/m3q1wlgy,8,56,208,536208,1214,1.214,534994,1.306680248,465828,1.151085808,,0.5635,1.438825272,46.0266,81.6727,279.4397,4.76642,,,,,,,,,,,,,,,,,,,,,,,,,,,,,,,,,,,,,,,,,,,,,,,,,,,,,,,,,,,,,,,,,,,,,,,,,,,,,,,,,,,,,
🇫🇮,megelimc,0,1,8:53.668,8:56.251,03 Aug 2023,1069,(V),4759173544729623169,,,https://www.speedrun.com/mc/run/zqjp6wrm,8,56,251,536251,2583,2.583,533668,1.306785035,465828,1.151178117,,0.5860,1.439577002,47.8465,81.6546,279.0994,4.76955,,,,,,,,,,,,,,,,,,,,,,,,,,,,,,,,,,,,,,,,,,,,,,,,,,,,,,,,,,,,,,,,,,,,,,,,,,,,,,,,,,,,,
🇮🇱,Ranik_,0,1,8:46.425,8:56.260,09 Sep 2024,666,(V),-6541623548531621549,,,https://www.speedrun.com/mc/runs/y6eo9opz,8,56,260,536260,9835,9.835,526425,1.306806967,421494,1.272283828,,0.7168,2.798100073,36.5379,50.9757,279.0282,4.77020,,,,,,,,,,,,,,,,,,,,,,,,,,,,,,,,,,,,,,,,,,,,,,,,,,,,,,,,,,,,,,,,,,,,,,,,,,,,,,,,,,,,,
🇸🇰,NoFear1337,0,0,8:55.940,8:56.651,09 Sep 2024,666,(U),unknown,,,https://www.youtube.com/watch?v=OFKGxnx2P38&list=PLaTJSsRuu2UeeWabBBfNVWALvnefBoL2C&index=12,8,56,651,536651,711,0.711,535940,1.307759791,421494,1.273211481,,0.7168,2.811900977,36.3421,50.7026,275.9409,4.79871,,,,,,,,,,,,,,,,,,,,,,,,,,,,,,,,,,,,,,,,,,,,,,,,,,,,,,,,,,,,,,,,,,,,,,,,,,,,,,,,,,,,,
🇸🇰,NoFear1337,0,0,8:55.740,8:56.923,27 Mar 2024,832,(U),unknown,,,https://www.youtube.com/watch?v=NMjC1md2rGE&list=PLaTJSsRuu2UeeWabBBfNVWALvnefBoL2C&index=8,8,56,923,536923,1183,1.183,535740,1.308422625,421494,1.273856805,,0.6597,2.821537253,33.3221,50.5124,273.8004,4.81863,,,,,,,,,,,,,,,,,,,,,,,,,,,,,,,,,,,,,,,,,,,,,,,,,,,,,,,,,,,,,,,,,,,,,,,,,,,,,,,,,,,,,
🇹🇿,Kxpow,0,0,8:55.272,8:57.094,20 Jan 2024,899,(U),7446084260793059276,,,https://www.youtube.com/watch?v=_47g7wdLm7w,8,57,94,537094,1822,1.822,535272,1.308839333,421494,1.274262504,,0.6379,2.827610367,32.1480,50.3928,272.4578,4.83120,,,,,,,,,,,,,,,,,,,,,,,,,,,,,,,,,,,,,,,,,,,,,,,,,,,,,,,,,,,,,,,,,,,,,,,,,,,,,,,,,,,,,
🇺🇸,Reignex,0,0,8:57.103,8:57.103,04 Jul 2023,1099,(U),unknown,,,https://www.youtube.com/watch?v=zJuRWv35UOg,8,57,103,537103,0,0,537103,1.308861265,465828,1.153007119,,0.5772,1.454546518,46.9264,81.2947,272.3872,4.83186,,,,,,,,,,,,,,,,,,,,,,,,,,,,,,,,,,,,,,,,,,,,,,,,,,,,,,,,,,,,,,,,,,,,,,,,,,,,,,,,,,,,,
🇸🇪,PAPLERR,0,0,8:56.622,8:57.110,03 Aug 2024,703,(U),unknown,,,https://www.youtube.com/watch?v=iyVEoT_7Pxo,8,57,110,537110,488,0.488,536622,1.308878324,421494,1.274300465,,0.7036,2.828179205,35.4501,50.3816,272.3323,4.83237,,,,,,,,,,,,,,,,,,,,,,,,,,,,,,,,,,,,,,,,,,,,,,,,,,,,,,,,,,,,,,,,,,,,,,,,,,,,,,,,,,,,,
🇸🇪,v_strid,0,0,8:57.141,8:57.141,08 Feb 2025,514,(U),unknown,,,https://www.youtube.com/watch?v=D4_-DJDhbiI,8,57,141,537141,0,0,537141,1.308953867,421494,1.274374012,,0.7734,2.829281619,38.9468,50.3600,272.0892,4.83465,,,,,,,,,,,,,,,,,,,,,,,,,,,,,,,,,,,,,,,,,,,,,,,,,,,,,,,,,,,,,,,,,,,,,,,,,,,,,,,,,,,,,
🇩🇰,Bloopy,0,0,8:57.348,8:57.348,14 Mar 2026,115,(U),4967329614795166163,,,https://www.youtube.com/watch?v=fcX2MP-_y2E,8,57,348,537348,0,0,537348,1.309458304,410359,1.309458304,,0.9441,3.400743085,37.7424,39.9762,270.4679,4.84991,,,,,,,,,,,,,,,,,,,,,,,,,,,,,,,,,,,,,,,,,,,,,,,,,,,,,,,,,,,,,,,,,,,,,,,,,,,,,,,,,,,,,
🇿🇦,Airpodsz,0,0,8:57.540,8:57.540,20 Mar 2026,109,(U),-2146193489695759329,,,https://www.youtube.com/watch?v=MuYlBvogeeU&list=PLjW0OIc7zcEcqLcQwe9V6NfJUy0AUDomQ&index=3,8,57,540,537540,0,0,537540,1.309926187,410359,1.309926187,,0.9470,3.409007667,37.7256,39.8387,268.9674,4.86410,,,,,,,,,,,,,,,,,,,,,,,,,,,,,,,,,,,,,,,,,,,,,,,,,,,,,,,,,,,,,,,,,,,,,,,,,,,,,,,,,,,,,
🇨🇦,Aquacorde,0,1,8:57.720,8:57.720,25 Jul 2024,712,(V),3015905876303256572,,,https://www.speedrun.com/mc/runs/m3j14wdz,8,57,720,537720,0,0,537720,1.310364827,421494,1.275747697,,0.7005,2.849942142,34.9919,49.9547,267.5634,4.87744,,,,,,,,,,,,,,,,,,,,,,,,,,,,,,,,,,,,,,,,,,,,,,,,,,,,,,,,,,,,,,,,,,,,,,,,,,,,,,,,,,,,,
🇺🇸,meebie,0,0,8:57.348,8:57.738,18 Aug 2024,688,(U),7618635482659477050,,,https://www.youtube.com/watch?v=IJsF0R7FLR0&list=PLaTJSsRuu2Ufk7cX7bUTt9V-IJxa8wqSM&index=15,8,57,738,537738,390,0.39,537348,1.310408691,421494,1.275790403,,0.7089,2.850586581,35.4054,49.9421,267.4231,4.87877,,,,,,,,,,,,,,,,,,,,,,,,,,,,,,,,,,,,,,,,,,,,,,,,,,,,,,,,,,,,,,,,,,,,,,,,,,,,,,,,,,,,,
🇨🇦,Aquacorde,0,0,8:57.744,8:57.744,21 Jul 2025,351,(U),2089452302138806331,,,https://www.youtube.com/watch?v=4Cu-z1JTQKs,8,57,744,537744,0,0,537744,1.310423312,410359,1.310423312,,0.8390,3.417808214,33.3036,39.6926,267.3764,4.87922,,,,,,,,,,,,,,,,,,,,,,,,,,,,,,,,,,,,,,,,,,,,,,,,,,,,,,,,,,,,,,,,,,,,,,,,,,,,,,,,,,,,,
🇹🇿,Kxpow,0,0,8:55.692,8:57.890,05 May 2024,793,(U),-851024555308033013,,,https://www.youtube.com/watch?v=wCxU4ZJnPnM,8,57,890,537890,2198,2.198,535692,1.310779098,421494,1.276151025,,0.6727,2.85603367,33.5230,49.8356,266.2399,4.89006,,,,,,,,,,,,,,,,,,,,,,,,,,,,,,,,,,,,,,,,,,,,,,,,,,,,,,,,,,,,,,,,,,,,,,,,,,,,,,,,,,,,,
🇬🇧,priffie,0,0,8:57.964,8:57.964,01 Oct 2024,644,(U),unknown,,,https://www.youtube.com/watch?v=8xCnuc4E91k,8,57,964,537964,0,0,537964,1.310959428,421494,1.276326591,,0.7247,2.858688888,36.0782,49.7838,265.6645,4.89557,,,,,,,,,,,,,,,,,,,,,,,,,,,,,,,,,,,,,,,,,,,,,,,,,,,,,,,,,,,,,,,,,,,,,,,,,,,,,,,,,,,,,
🇺🇸,zylenox,0,0,8:56.538,8:58.136,09 Aug 2024,697,(U),unknown,,,https://www.youtube.com/watch?v=4YjWJ1kyVxA,8,58,136,538136,1598,1.598,536538,1.311378573,421494,1.276734663,,0.7057,2.864868946,35.0497,49.6633,264.3290,4.90839,,,,,,,,,,,,,,,,,,,,,,,,,,,,,,,,,,,,,,,,,,,,,,,,,,,,,,,,,,,,,,,,,,,,,,,,,,,,,,,,,,,,,
🇺🇸,zylenox,0,0,8:54.786,8:58.157,03 Dec 2024,581,(U),unknown,,,https://www.youtube.com/watch?v=3Lmg1lVyC00,8,58,157,538157,3371,3.371,534786,1.311429748,421494,1.276784486,,0.7479,2.8656243,37.1317,49.6486,264.1662,4.90995,,,,,,,,,,,,,,,,,,,,,,,,,,,,,,,,,,,,,,,,,,,,,,,,,,,,,,,,,,,,,,,,,,,,,,,,,,,,,,,,,,,,,
🇺🇸,zylenox,0,0,8:53.590,8:58.403,15 Apr 2024,813,(U),unknown,,,https://www.youtube.com/watch?v=pcKBj1_i-gM,8,58,403,538403,4813,4.813,533590,1.312029223,421494,1.277368124,,0.6660,2.874485917,32.9500,49.4762,262.2610,4.92835,,,,,,,,,,,,,,,,,,,,,,,,,,,,,,,,,,,,,,,,,,,,,,,,,,,,,,,,,,,,,,,,,,,,,,,,,,,,,,,,,,,,,
🇸🇪,v_strid,0,0,8.58.199,8:58.591,30 Oct 2024,615,(U),unknown,,,https://www.youtube.com/watch?v=PhloKVOmf3E,8,58,591,538591,392,0.392,538199,1.312487359,421494,1.277814156,,0.7353,2.881274606,36.2820,49.3443,260.8085,4.94244,,,,,,,,,,,,,,,,,,,,,,,,,,,,,,,,,,,,,,,,,,,,,,,,,,,,,,,,,,,,,,,,,,,,,,,,,,,,,,,,,,,,,
🇸🇪,v_strid,0,1,8:58.708,8:58.708,11 Mar 2024,848,(V),3370465676755234517,,,https://www.speedrun.com/mc/runs/yo0k5p0y,8,58,708,538708,0,0,538708,1.312772475,421494,1.27809174,,0.6544,2.885506665,32.2384,49.2623,259.9062,4.95123,,,,,,,,,,,,,,,,,,,,,,,,,,,,,,,,,,,,,,,,,,,,,,,,,,,,,,,,,,,,,,,,,,,,,,,,,,,,,,,,,,,,,
🇳🇴,xzeroxy,0,1,8:59.230,8:59.230,03 Dec 2024,581,(V),5478553775963038982,,,https://www.speedrun.com/mc/runs/y6g3kk6m,8,59,230,539230,0,0,539230,1.314044532,421494,1.279330192,,0.7479,2.904455477,36.5688,48.8960,255.8950,4.99062,,,,,,,,,,,,,,,,,,,,,,,,,,,,,,,,,,,,,,,,,,,,,,,,,,,,,,,,,,,,,,,,,,,,,,,,,,,,,,,,,,,,,
🇳🇴,skycrab1,0,0,8:59.293,8:59.293,11 Sep 2024,664,(U),-6389114711842986192,,,https://www.youtube.com/watch?v=8hzE9Hw6gAU&list=PLU3_fvoJ1GyMStiA29z37DUPtG47PvOJz&index=67,8,59,293,539293,0,0,539293,1.314198056,421494,1.27947966,,0.7175,2.906749857,35.0506,48.8518,255.4125,4.99540,,,,,,,,,,,,,,,,,,,,,,,,,,,,,,,,,,,,,,,,,,,,,,,,,,,,,,,,,,,,,,,,,,,,,,,,,,,,,,,,,,,,,
🇩🇰,Bloopy,0,0,8:59.432,8:59.432,16 May 2025,417,(U),-18983467290883032,,,https://www.youtube.com/watch?v=514JjNvEQK4,8,59,432,539432,0,0,539432,1.314536784,421494,1.27980944,,0.8118,2.911817752,39.5787,48.7542,254.3493,5.00594,,,,,,,,,,,,,,,,,,,,,,,,,,,,,,,,,,,,,,,,,,,,,,,,,,,,,,,,,,,,,,,,,,,,,,,,,,,,,,,,,,,,,
🇺🇸,meebie,0,0,8:59.573,8:59.573,19 Nov 2023,961,(U),-1575876630213539597,12,Yes,https://www.youtube.com/watch?v=zJnvTxa-tIw,8,59,573,539573,0,0,539573,1.314880385,465828,1.158309505,,0.6185,1.498757232,49.6208,80.2310,253.2726,5.01666,,,,,,,,,,,,,,,,,,,,,,,,,,,,,,,,,,,,,,,,,,,,,,,,,,,,,,,,,,,,,,,,,,,,,,,,,,,,,,,,,,,,,
🇬🇧,priffie,0,0,8:59.634,8:59.634,06 Jan 2025,547,(U),-1054620697924411104,,,https://www.youtube.com/watch?v=KOGQS3lFRgE,8,59,634,539634,0,0,539634,1.315029036,421494,1.280288687,,0.7607,2.919196587,36.9801,48.6124,252.8073,5.02130,,,,,,,,,,,,,,,,,,,,,,,,,,,,,,,,,,,,,,,,,,,,,,,,,,,,,,,,,,,,,,,,,,,,,,,,,,,,,,,,,,,,,
🇹🇿,Kxpow,0,0,8:58.491,8:59.754,25 Apr 2025,438,(U),-7011577718832438866,,,https://www.youtube.com/watch?v=R37ovz0afsw,8,59,754,539754,1263,1.263,538491,1.315321462,421494,1.280573389,,0.8033,2.923587907,38.9837,48.5281,251.8930,5.03045,,,,,,,,,,,,,,,,,,,,,,,,,,,,,,,,,,,,,,,,,,,,,,,,,,,,,,,,,,,,,,,,,,,,,,,,,,,,,,,,,,,,,
🇸🇪,v_strid,0,0,8:59.436,9:00.111,07 Jun 2024,760,(U),unknown,,,https://www.youtube.com/watch?v=02q09QjEldI,9,0,111,540111,675,0.675,539436,1.316191432,421494,1.281420376,,0.6839,2.936686768,33.0150,48.2774,249.1809,5.05774,,,,,,,,,,,,,,,,,,,,,,,,,,,,,,,,,,,,,,,,,,,,,,,,,,,,,,,,,,,,,,,,,,,,,,,,,,,,,,,,,,,,,
🇩🇰,Bloopy,0,0,9:00.170,9:00.170,05 Oct 2024,640,(U),-5352242782529280836,,,https://www.youtube.com/watch?v=fRLq2qYkV40,9,0,170,540170,0,0,540170,1.316335209,421494,1.281560354,,0.7261,2.938856573,35.0264,48.2359,248.7338,5.06227,,,,,,,,,,,,,,,,,,,,,,,,,,,,,,,,,,,,,,,,,,,,,,,,,,,,,,,,,,,,,,,,,,,,,,,,,,,,,,,,,,,,,
🇵🇱,okshey,0,0,9:00.060,9:00.305,15 Nov 2025,234,(U),unknown,,,https://www.youtube.com/watch?v=KsYm43TDgBw,9,0,305,540305,245,0.245,540060,1.316664189,410359,1.316664189,,0.8896,3.530008295,33.6852,37.8662,247.7120,5.07263,,,,,,,,,,,,,,,,,,,,,,,,,,,,,,,,,,,,,,,,,,,,,,,,,,,,,,,,,,,,,,,,,,,,,,,,,,,,,,,,,,,,,
🇨🇦,Aquacorde,0,0,9:00.365,9:00.365,21 Aug 2024,685,(U),-3831818911159801954,,,https://www.youtube.com/watch?v=3dW5m8cUe6A,9,0,365,540365,0,0,540365,1.316810403,421494,1.282022994,,0.7100,2.946038087,34.1499,48.0989,247.2584,5.07725,,,,,,,,,,,,,,,,,,,,,,,,,,,,,,,,,,,,,,,,,,,,,,,,,,,,,,,,,,,,,,,,,,,,,,,,,,,,,,,,,,,,,
🇵🇱,watermelon1708,0,0,8:59.980,9:00.400,06 Dec 2025,213,(U),unknown,,,https://www.youtube.com/watch?v=NKfTh40LmXo,9,0,400,540400,420,0.42,539980,1.316895694,410359,1.316895694,,0.8990,3.53423213,33.9802,37.7988,246.9940,5.07994,,,,,,,,,,,,,,,,,,,,,,,,,,,,,,,,,,,,,,,,,,,,,,,,,,,,,,,,,,,,,,,,,,,,,,,,,,,,,,,,,,,,,
🇳🇴,skycrab1,0,0,9:00.416,9:00.416,18 Dec 2024,566,(U),-2825863056396066441,,,https://www.youtube.com/watch?v=QuzaLR4dZX0&list=PLU3_fvoJ1GyMStiA29z37DUPtG47PvOJz&index=104,9,0,416,540416,0,0,540416,1.316934684,421494,1.282143993,,0.7535,2.947918896,36.2164,48.0630,246.8731,5.08117,,,,,,,,,,,,,,,,,,,,,,,,,,,,,,,,,,,,,,,,,,,,,,,,,,,,,,,,,,,,,,,,,,,,,,,,,,,,,,,,,,,,,
🇺🇸,Feinberg,0,1,8:57.718,9:00.487,15 Oct 2022,1361,(V),6318646588162790338,,,https://www.speedrun.com/mc/runs/z1gxnkrz,9,0,487,540487,2769,2.769,537718,1.317107703,517884,1.043644909,,0.5064,0.7742785069,48.9889,96.7464,246.3371,5.08664,,,,,,,,,,,,,,,,,,,,,,,,,,,,,,,,,,,,,,,,,,,,,,,,,,,,,,,,,,,,,,,,,,,,,,,,,,,,,,,,,,,,,
🇳🇴,skycrab1,0,0,8:59.994,9:00.517,15 Aug 2024,691,(U),6950286062050709827,,,https://www.youtube.com/watch?v=GdrxXjooUA4&list=PLU3_fvoJ1GyMStiA29z37DUPtG47PvOJz&index=56,9,0,517,540517,523,0.523,539994,1.31718081,421494,1.282383616,,0.7079,2.95164678,33.9719,47.9920,246.1108,5.08895,,,,,,,,,,,,,,,,,,,,,,,,,,,,,,,,,,,,,,,,,,,,,,,,,,,,,,,,,,,,,,,,,,,,,,,,,,,,,,,,,,,,,
🇨🇦,wethr,0,1,8:59.030,9:00.655,29 Aug 2024,677,(V),-2434861571968329619,,,https://www.speedrun.com/mc/runs/zpxdq3gm,9,0,655,540655,1625,1.625,539030,1.317517101,421494,1.282711023,,0.7128,2.956747085,34.1414,47.8950,245.0708,5.09959,,,,,,,,,,,,,,,,,,,,,,,,,,,,,,,,,,,,,,,,,,,,,,,,,,,,,,,,,,,,,,,,,,,,,,,,,,,,,,,,,,,,,
🇿🇦,Airpodsz,0,0,9:00.719,9:00.719,18 Jan 2026,170,(U),202293140077516834,,,https://www.youtube.com/watch?v=5CQDNMm5aWc&list=PLjW0OIc7zcEcCMM5essHmBGzf92S0FzKi&index=23,9,0,719,540719,0,0,540719,1.317673062,410359,1.317673062,,0.9185,3.548447959,34.5107,37.5724,244.5891,5.10454,,,,,,,,,,,,,,,,,,,,,,,,,,,,,,,,,,,,,,,,,,,,,,,,,,,,,,,,,,,,,,,,,,,,,,,,,,,,,,,,,,,,,
🇸🇰,NoFear1337,0,0,8:57.699,9:00.720,14 Apr 2023,1180,(U),unknown,,,https://www.youtube.com/watch?v=HRrYCllMZvI,9,0,720,540720,3021,3.021,537699,1.317675499,465828,1.160771787,,0.5543,1.519704345,44.1947,79.7267,244.5816,5.10462,,,,,,,,,,,,,,,,,,,,,,,,,,,,,,,,,,,,,,,,,,,,,,,,,,,,,,,,,,,,,,,,,,,,,,,,,,,,,,,,,,,,,
🇿🇦,Airpodsz,0,0,9:00.930,9:00.930,11 Dec 2025,208,(U),-6589365021336644663,,,https://www.youtube.com/watch?v=yl-ZE4j38zU&list=PLjW0OIc7zcEcCMM5essHmBGzf92S0FzKi&index=20,9,0,930,540930,0,0,540930,1.318187246,410359,1.318187246,,0.9012,3.557878595,33.7264,37.4228,243.0038,5.12087,,,,,,,,,,,,,,,,,,,,,,,,,,,,,,,,,,,,,,,,,,,,,,,,,,,,,,,,,,,,,,,,,,,,,,,,,,,,,,,,,,,,,
🇫🇮,AndrewCrow,0,0,9:00.882,9:00.977,18 Feb 2026,139,(U),unknown,,,https://www.youtube.com/watch?v=fdNNViVWFV8,9,0,977,540977,95,0.095,540882,1.31830178,410359,1.31830178,,0.9329,3.559982266,34.8791,37.3895,242.6512,5.12451,,,,,,,,,,,,,,,,,,,,,,,,,,,,,,,,,,,,,,,,,,,,,,,,,,,,,,,,,,,,,,,,,,,,,,,,,,,,,,,,,,,,,
🇳🇴,skycrab1,0,1,8:59.353,9:01.102,05 Nov 2023,975,(V),-7277035047426370667,,,https://www.speedrun.com/mc/runs/yd2e770m,9,1,102,541102,1749,1.749,539353,1.318606391,465828,1.161591832,,0.6142,1.526740047,48.8609,79.5573,241.7146,5.13421,,,,,,,,,,,,,,,,,,,,,,,,,,,,,,,,,,,,,,,,,,,,,,,,,,,,,,,,,,,,,,,,,,,,,,,,,,,,,,,,,,,,,
🇺🇸,doogile,0,0,8:59.983,9:01.127,06 Oct 2023,1005,(U),9195494537967252613,,,https://www.youtube.com/watch?v=lUWGWVc40zo,9,1,127,541127,1144,1.144,539983,1.318667313,465828,1.1616455,,0.6050,1.527201538,48.1267,79.5462,241.5275,5.13616,,,,,,,,,,,,,,,,,,,,,,,,,,,,,,,,,,,,,,,,,,,,,,,,,,,,,,,,,,,,,,,,,,,,,,,,,,,,,,,,,,,,,
🇩🇰,Bloopy,0,0,9:01.143,9:01.143,18 Jan 2025,535,(U),-7620737076103346510,,,https://www.youtube.com/watch?v=d9vkKsLySa0,9,1,143,541143,0,0,541143,1.318706304,421494,1.28386881,,0.7653,2.97484571,36.3910,47.5519,241.4077,5.13740,,,,,,,,,,,,,,,,,,,,,,,,,,,,,,,,,,,,,,,,,,,,,,,,,,,,,,,,,,,,,,,,,,,,,,,,,,,,,,,,,,,,,
🇸🇪,v_strid,0,0,9:01.212,9:01.212,09 Jun 2024,758,(U),unknown,,,https://www.youtube.com/watch?v=qJZd4klABQc,9,1,212,541212,0,0,541212,1.318874449,421494,1.284032513,,0.6845,2.977412651,32.5182,47.5034,240.8916,5.14277,,,,,,,,,,,,,,,,,,,,,,,,,,,,,,,,,,,,,,,,,,,,,,,,,,,,,,,,,,,,,,,,,,,,,,,,,,,,,,,,,,,,,
🇺🇸,doogile,0,0,9:01.449,9:01.449,25 May 2024,773,(U),-7536657347809840728,,,https://www.youtube.com/watch?v=fqNFbLGUKeA,9,1,449,541449,0,0,541449,1.319451992,421494,1.284594799,,0.6794,2.986244501,32.1620,47.3367,239.1225,5.16124,,,,,,,,,,,,,,,,,,,,,,,,,,,,,,,,,,,,,,,,,,,,,,,,,,,,,,,,,,,,,,,,,,,,,,,,,,,,,,,,,,,,,
🇩🇰,Bloopy,0,0,9:01.455,9:01.455,29 Jan 2025,524,(U),-3030095061520695931,,,https://www.youtube.com/watch?v=VGY1zOH0JTc,9,1,455,541455,0,0,541455,1.319466613,421494,1.284609034,,0.7695,2.986468393,36.4228,47.3324,239.0777,5.16170,,,,,,,,,,,,,,,,,,,,,,,,,,,,,,,,,,,,,,,,,,,,,,,,,,,,,,,,,,,,,,,,,,,,,,,,,,,,,,,,,,,,,
🇵🇱,watermelon1708,0,0,8:59.859,9:01.423,25 Dec 2025,194,(U),see video,,,https://www.youtube.com/watch?v=cE3J7k4Sshc,9,1,423,541423,1564,1.564,539859,1.319388633,410359,1.319388633,,0.9076,3.579999417,33.6464,37.0737,239.3163,5.15921,,,,,,,,,,,,,,,,,,,,,,,,,,,,,,,,,,,,,,,,,,,,,,,,,,,,,,,,,,,,,,,,,,,,,,,,,,,,,,,,,,,,,
🇵🇱,watermelon1708,0,0,8:57.165,9:01.510,21 Oct 2025,259,(U),unknown,,,https://www.youtube.com/watch?v=bgofOfS1s1A,9,1,510,541510,4345,4.345,537165,1.319600642,410359,1.319600642,,0.8785,3.583915655,32.5164,37.0121,238.6680,5.16600,,,,,,,,,,,,,,,,,,,,,,,,,,,,,,,,,,,,,,,,,,,,,,,,,,,,,,,,,,,,,,,,,,,,,,,,,,,,,,,,,,,,,
🇺🇸,Feinberg,0,0,9:01.535,9:01.535,02 May 2023,1162,(U),7702150658606563994,,,https://www.youtube.com/watch?v=2iCRD8BHCck,9,1,535,541535,0,0,541535,1.319661565,465828,1.16252136,,0.5593,1.534751188,44.3916,79.3644,238.4818,5.16795,,,,,,,,,,,,,,,,,,,,,,,,,,,,,,,,,,,,,,,,,,,,,,,,,,,,,,,,,,,,,,,,,,,,,,,,,,,,,,,,,,,,,
🇳🇴,skycrab1,0,0,9:01.581,9:01.581,24 Oct 2024,621,(U),5396784990910154852,,,https://www.youtube.com/watch?v=7QvmYogun44&list=PLU3_fvoJ1GyMStiA29z37DUPtG47PvOJz&index=88,9,1,581,541581,0,0,541581,1.319773662,421494,1.28490797,,0.7331,2.991173573,34.6335,47.2438,238.1395,5.17155,,,,,,,,,,,,,,,,,,,,,,,,,,,,,,,,,,,,,,,,,,,,,,,,,,,,,,,,,,,,,,,,,,,,,,,,,,,,,,,,,,,,,
🇨🇦,NoHacsJustRoblox,0,0,9:00.675,9:01.646,03 Sep 2024,672,(U),7108735323901756884,,,https://www.youtube.com/watch?v=1F8ZBRB354Y,9,1,646,541646,971,0.971,540675,1.319932059,421494,1.285062184,,0.7146,2.993603418,33.7288,47.1981,237.6560,5.17663,,,,,,,,,,,,,,,,,,,,,,,,,,,,,,,,,,,,,,,,,,,,,,,,,,,,,,,,,,,,,,,,,,,,,,,,,,,,,,,,,,,,,
🇳🇴,skycrab1,0,0,9:01.851,9:01.851,06 Oct 2024,639,(U),5584430862827466527,,,https://www.youtube.com/watch?v=XLXBEG_9Z2M&list=PLU3_fvoJ1GyMStiA29z37DUPtG47PvOJz&index=76,9,1,851,541851,0,0,541851,1.320431622,421494,1.285548549,,0.7265,3.001278243,34.1852,47.0538,236.1341,5.19270,,,,,,,,,,,,,,,,,,,,,,,,,,,,,,,,,,,,,,,,,,,,,,,,,,,,,,,,,,,,,,,,,,,,,,,,,,,,,,,,,,,,,
🇺🇸,doogile,0,0,9:01.361,9:01.856,17 Mar 2024,842,(U),-423824187334230143,,,https://www.youtube.com/watch?v=9aJOIrN2g-A,9,1,856,541856,495,0.495,541361,1.320443807,421494,1.285560411,,0.6564,3.001465652,30.8834,47.0503,236.0970,5.19309,,,,,,,,,,,,,,,,,,,,,,,,,,,,,,,,,,,,,,,,,,,,,,,,,,,,,,,,,,,,,,,,,,,,,,,,,,,,,,,,,,,,,
🇺🇸,FooN,0,1,8:57.293,9:01.942,23 Feb 2023,1230,(V),-5695877831493898620,,,https://www.speedrun.com/mc/run/zxnw86qm,9,1,942,541942,4649,4.649,537293,1.320653379,465828,1.163395073,,0.5406,1.542316413,42.8092,79.1822,235.4598,5.19984,,,,,,,,,,,,,,,,,,,,,,,,,,,,,,,,,,,,,,,,,,,,,,,,,,,,,,,,,,,,,,,,,,,,,,,,,,,,,,,,,,,,,
🇺🇸,FooN,0,0,8:57.834,9:01.977,27 Mar 2023,1198,(U),3309154460547738819,,,https://www.youtube.com/watch?v=lKsvBCOS7mY,9,1,977,541977,4143,4.143,537834,1.32073867,465828,1.163470208,,0.5494,1.542968578,43.4910,79.1665,235.2007,5.20259,,,,,,,,,,,,,,,,,,,,,,,,,,,,,,,,,,,,,,,,,,,,,,,,,,,,,,,,,,,,,,,,,,,,,,,,,,,,,,,,,,,,,
🇺🇸,Crimson,0,0,9:01.997,9:01.997,29 Aug 2023,1043,(U),-5988520828336756304,,,https://www.youtube.com/watch?v=RhhfwurxegQ,9,1,997,541997,0,0,541997,1.320787408,465828,1.163513142,,0.5936,1.543341358,46.9903,79.1576,235.0527,5.20417,,,,,,,,,,,,,,,,,,,,,,,,,,,,,,,,,,,,,,,,,,,,,,,,,,,,,,,,,,,,,,,,,,,,,,,,,,,,,,,,,,,,,
🇿🇦,Airpodsz,0,0,9:02.293,9:02.293,04 Oct 2025,276,(U),1464731346073354969,,,https://www.youtube.com/watch?v=XqbzG-qNr_Y&list=PLjW0OIc7zcEcCMM5essHmBGzf92S0FzKi&index=12,9,2,293,542293,0,0,542293,1.321508728,410359,1.321508728,,0.8711,3.619332129,31.7596,36.4592,232.8668,5.22749,,,,,,,,,,,,,,,,,,,,,,,,,,,,,,,,,,,,,,,,,,,,,,,,,,,,,,,,,,,,,,,,,,,,,,,,,,,,,,,,,,,,,
🇳🇴,skycrab1,0,0,9:02.423,9:02.423,30 Aug 2024,676,(U),3049901205395221348,,,https://www.youtube.com/watch?v=PPXIiFSl4dc&list=PLU3_fvoJ1GyMStiA29z37DUPtG47PvOJz&index=62,9,2,423,542423,0,0,542423,1.321825524,421494,1.286905626,,0.7132,3.022785211,33.2715,46.6513,231.9096,5.23776,,,,,,,,,,,,,,,,,,,,,,,,,,,,,,,,,,,,,,,,,,,,,,,,,,,,,,,,,,,,,,,,,,,,,,,,,,,,,,,,,,,,,
🇬🇧,priffie,0,0,9:02.615,9:02.615,29 Oct 2024,616,(U),-4445326317723697644,,,https://www.youtube.com/watch?v=i5jeAezrvl8,9,2,615,542615,0,0,542615,1.322293407,421494,1.287361149,,0.7349,3.030034899,34.1854,46.5162,230.4989,5.25297,,,,,,,,,,,,,,,,,,,,,,,,,,,,,,,,,,,,,,,,,,,,,,,,,,,,,,,,,,,,,,,,,,,,,,,,,,,,,,,,,,,,,
🇸🇪,v_strid,0,0,9:00.975,9:02.667,06 Feb 2025,516,(U),unknown,,,https://www.youtube.com/watch?v=5LcpAOQ33Fs,9,2,667,542667,1692,1.692,540975,1.322420125,421494,1.287484519,,0.7726,3.032001006,35.9099,46.4796,230.1175,5.25709,,,,,,,,,,,,,,,,,,,,,,,,,,,,,,,,,,,,,,,,,,,,,,,,,,,,,,,,,,,,,,,,,,,,,,,,,,,,,,,,,,,,,
🇸🇰,NoFear1337,0,0,9:02.402,9:02.859,30 Jun 2025,372,(U),unknown,,,https://www.youtube.com/watch?v=6HhUuitsxGs,9,2,859,542859,457,0.457,542402,1.322888008,410359,1.322888008,,0.8303,3.645125067,29.9402,36.0606,228.7115,5.27235,,,,,,,,,,,,,,,,,,,,,,,,,,,,,,,,,,,,,,,,,,,,,,,,,,,,,,,,,,,,,,,,,,,,,,,,,,,,,,,,,,,,,
🇩🇰,Bloopy,0,1,9:02.325,9:02.890,20 Jul 2024,717,(U),-3162138013269904068,,,https://www.youtube.com/watch?v=LQVoVG-qCYo,9,2,890,542890,565,0.565,542325,1.322963551,421494,1.28801359,,0.6987,3.040445411,32.3667,46.3226,228.4849,5.27481,,,,,,,,,,,,,,,,,,,,,,,,,,,,,,,,,,,,,,,,,,,,,,,,,,,,,,,,,,,,,,,,,,,,,,,,,,,,,,,,,,,,,
🇹🇿,Kxpow,0,0,9:03.078,9:03.054,21 Nov 2024,593,(U),7835830573202269696,,,https://www.youtube.com/watch?v=sjkM1cm4Mqw,9,3,54,543054,-24,-0.024,543078,1.323363201,421494,1.288402682,,0.7434,3.046668941,34.3511,46.2071,227.2875,5.28788,,,,,,,,,,,,,,,,,,,,,,,,,,,,,,,,,,,,,,,,,,,,,,,,,,,,,,,,,,,,,,,,,,,,,,,,,,,,,,,,,,,,,
🇩🇰,Bloopy,0,1,9:03.208,9:03.208,09 Mar 2024,850,(V),327741930004183264,,,https://www.speedrun.com/mc/runs/zq8w755z,9,3,208,543208,0,0,543208,1.323738483,421494,1.288768049,,0.6538,3.052523262,30.1380,46.0987,226.1656,5.30018,,,,,,,,,,,,,,,,,,,,,,,,,,,,,,,,,,,,,,,,,,,,,,,,,,,,,,,,,,,,,,,,,,,,,,,,,,,,,,,,,,,,,
🇺🇸,Jamyreaf,0,1,9:03.026,9:03.450,22 Dec 2023,928,(V),5419460951497660528,,,https://www.speedrun.com/mc/runs/zne212vz,9,3,450,543450,424,0.424,543026,1.32432821,446254,1.21780421,,0.6288,2.086151179,41.6831,66.2937,224.4076,5.31956,,,,,,,,,,,,,,,,,,,,,,,,,,,,,,,,,,,,,,,,,,,,,,,,,,,,,,,,,,,,,,,,,,,,,,,,,,,,,,,,,,,,,
🇨🇦,Aquacorde,0,0,9:03.483,9:03.483,15 Jul 2025,357,(U),3586604150107286256,,,https://www.youtube.com/watch?v=HlKgDCEfr1M,9,3,483,543483,0,0,543483,1.324408628,410359,1.324408628,,0.8365,3.67374872,29.7989,35.6223,224.1683,5.32220,,,,,,,,,,,,,,,,,,,,,,,,,,,,,,,,,,,,,,,,,,,,,,,,,,,,,,,,,,,,,,,,,,,,,,,,,,,,,,,,,,,,,
🇿🇦,Airpodsz,0,0,9:03.899,9:03.899,15 Apr 2026,83,(U),-5695150729901952096,,,https://www.youtube.com/watch?v=cX83xI84c9s&list=PLjW0OIc7zcEcCMM5essHmBGzf92S0FzKi&index=43,9,3,899,543899,0,0,543899,1.325422374,410359,1.325422374,,0.9593,3.69294101,33.8945,35.3307,221.1619,5.35567,,,,,,,,,,,,,,,,,,,,,,,,,,,,,,,,,,,,,,,,,,,,,,,,,,,,,,,,,,,,,,,,,,,,,,,,,,,,,,,,,,,,,
🇸🇪,PAPLERR,0,0,9:03.570,9:04.165,30 Jun 2024,737,(U),unknown,,,https://www.youtube.com/watch?v=Zd5UiZbhb2w,9,4,165,544165,595,0.595,543570,1.326070587,421494,1.291038544,,0.6918,3.089127653,31.4237,45.4250,219.2491,5.37717,,,,,,,,,,,,,,,,,,,,,,,,,,,,,,,,,,,,,,,,,,,,,,,,,,,,,,,,,,,,,,,,,,,,,,,,,,,,,,,,,,,,,
🇺🇸,doogile,0,0,8:58.672,9:04.680,20 Oct 2023,991,(U),5170768254742346902,,,https://www.youtube.com/watch?v=nX477DDwCp4,9,4,680,544680,6008,6.008,538672,1.327325586,465828,1.169272779,,0.6093,1.594104174,47.4834,77.9355,215.5670,5.41902,,,,,,,,,,,,,,,,,,,,,,,,,,,,,,,,,,,,,,,,,,,,,,,,,,,,,,,,,,,,,,,,,,,,,,,,,,,,,,,,,,,,,
🇳🇴,skycrab1,0,0,9:03.846,9:05.167,01 Dec 2023,949,(U),5228422525265565557,,,https://www.youtube.com/watch?v=Qe_QUpUyPbc&list=PLU3_fvoJ1GyMStiA29z37DUPtG47PvOJz&index=5,9,5,167,545167,1321,1.321,543846,1.328512351,465828,1.170318229,,0.6222,1.603480475,48.3507,77.7098,212.1114,5.45886,,,,,,,,,,,,,,,,,,,,,,,,,,,,,,,,,,,,,,,,,,,,,,,,,,,,,,,,,,,,,,,,,,,,,,,,,,,,,,,,,,,,,
🇺🇸,doogile,0,0,9:03.653,9:05.189,03 Jul 2024,734,(U),-1944357644516820181,,,https://www.youtube.com/watch?v=2PrVhqKEWwk,9,5,189,545189,1536,1.536,543653,1.328565963,421494,1.293467997,,0.6928,3.128724843,30.9714,44.7041,211.9559,5.46067,,,,,,,,,,,,,,,,,,,,,,,,,,,,,,,,,,,,,,,,,,,,,,,,,,,,,,,,,,,,,,,,,,,,,,,,,,,,,,,,,,,,,
🇮🇱,orachi,0,1,8:57.600,9:05.256,25 Jun 2025,377,(U),-7552354587565645070,,,https://www.youtube.com/watch?v=udGViBe-s18,9,5,256,545256,7656,7.656,537600,1.328729235,410359,1.328729235,,0.8282,3.756162058,28.4766,34.3837,211.4826,5.46617,,,,,,,,,,,,,,,,,,,,,,,,,,,,,,,,,,,,,,,,,,,,,,,,,,,,,,,,,,,,,,,,,,,,,,,,,,,,,,,,,,,,,
🇨🇦,Jay12310,0,0,9:05.451,9:05.451,16 Mar 2024,843,(U),see video,,,https://www.youtube.com/watch?v=ivDOaiqp9jM&list=PLaTJSsRuu2UcsiC6KEkJwrGp1GaGgPoVG&index=2,9,5,451,545451,0,0,545451,1.329204428,421494,1.294089596,,0.6561,3.138928086,29.2077,44.5197,210.1081,5.48222,,,,,,,,,,,,,,,,,,,,,,,,,,,,,,,,,,,,,,,,,,,,,,,,,,,,,,,,,,,,,,,,,,,,,,,,,,,,,,,,,,,,,
🇨🇿,90Tom,0,1,9:01.644,9:05.616,03 Mar 2023,1222,(V),8054207278677261153,,,https://www.speedrun.com/mc/run/ydgnxwqy,9,5,616,545616,3972,3.972,541644,1.329606515,465828,1.171282104,,0.5428,1.612169795,42.0680,77.5008,208.9483,5.49583,,,,,,,,,,,,,,,,,,,,,,,,,,,,,,,,,,,,,,,,,,,,,,,,,,,,,,,,,,,,,,,,,,,,,,,,,,,,,,,,,,,,,
🇺🇸,doogile,0,0,9:05.184,9:05.845,06 Nov 2023,974,(U),5873759299326194645,,,https://www.youtube.com/watch?v=5MtswX7IfB4,9,5,845,545845,661,0.661,545184,1.330164563,465828,1.171773702,,0.6145,1.616618093,47.5559,77.3938,207.3436,5.51477,,,,,,,,,,,,,,,,,,,,,,,,,,,,,,,,,,,,,,,,,,,,,,,,,,,,,,,,,,,,,,,,,,,,,,,,,,,,,,,,,,,,,
🇳🇴,skycrab1,0,0,9:04.821,9:06.518,16 Oct 2024,629,(U),1509054890108880200,,,https://www.youtube.com/watch?v=o2BhtRPoBl8&list=PLU3_fvoJ1GyMStiA29z37DUPtG47PvOJz&index=83,9,6,518,546518,1697,1.697,544821,1.331804591,421494,1.296621067,,0.7302,3.180785909,31.9580,43.7689,202.6613,5.57077,,,,,,,,,,,,,,,,,,,,,,,,,,,,,,,,,,,,,,,,,,,,,,,,,,,,,,,,,,,,,,,,,,,,,,,,,,,,,,,,,,,,,
🇺🇸,Feinberg,0,1,9:03.853,9:06.683,29 Aug 2022,1408,(U),8035153315721236887,,,https://www.youtube.com/watch?v=UbeZGrhbc4A,9,6,683,546683,2830,2.83,543853,1.332206678,517884,1.055608978,,0.4946,0.8302835723,47.2871,95.6061,201.5211,5.58457,,,,,,,,,,,,,,,,,,,,,,,,,,,,,,,,,,,,,,,,,,,,,,,,,,,,,,,,,,,,,,,,,,,,,,,,,,,,,,,,,,,,,
🇷🇺,aleen,0,1,9:06.179,9:06.732,06 May 2023,1157.458333,(V),4100897809495913321,,,https://www.speedrun.com/mc/run/y8693gdm,9,6,732,546732,553,0.553,546179,1.332326085,465828,1.173677838,,0.5606,1.63395399,43.1540,76.9769,201.1831,5.58868,,,,,,,,,,,,,,,,,,,,,,,,,,,,,,,,,,,,,,,,,,,,,,,,,,,,,,,,,,,,,,,,,,,,,,,,,,,,,,,,,,,,,
🇺🇸,Kruin,0,1,9:03.885,9:06.887,15 Oct 2023,996,(V),7290573103261113412,,,https://www.speedrun.com/mc/runs/m3knr56y,9,6,887,546887,3002,3.002,543885,1.332703803,465828,1.174010579,,0.6077,1.637000741,46.7378,76.9036,200.1157,5.60169,,,,,,,,,,,,,,,,,,,,,,,,,,,,,,,,,,,,,,,,,,,,,,,,,,,,,,,,,,,,,,,,,,,,,,,,,,,,,,,,,,,,,
🇺🇸,Reignex,0,0,9:07.014,9:07.014,06 Nov 2023,974,(U),Unknown,,,https://youtu.be/M7Q-8t9ktCs?si=MnwwCmv0kkfe0HjL,9,7,14,547014,0,0,547014,1.333013288,465828,1.174283212,,0.6145,1.639500976,47.2178,76.8435,199.2432,5.61236,,,,,,,,,,,,,,,,,,,,,,,,,,,,,,,,,,,,,,,,,,,,,,,,,,,,,,,,,,,,,,,,,,,,,,,,,,,,,,,,,,,,,
🇳🇴,skycrab1,0,0,9:07.149,9:07.149,10 Oct 2024,635,(U),-1175900086044057204,,,https://www.youtube.com/watch?v=A-29KTnAD2I&list=PLU3_fvoJ1GyMStiA29z37DUPtG47PvOJz&index=82,9,7,149,547149,0,0,547149,1.333342269,421494,1.298118123,,0.7280,3.205771466,31.5393,43.3252,198.3177,5.62373,,,,,,,,,,,,,,,,,,,,,,,,,,,,,,,,,,,,,,,,,,,,,,,,,,,,,,,,,,,,,,,,,,,,,,,,,,,,,,,,,,,,,
🇳🇴,skycrab1,0,0,9:07.112,9:07.112,28 Apr 2025,435,(U),unknown,,,https://www.youtube.com/watch?v=o710MyvzZRc&list=PLU3_fvoJ1GyMStiA29z37DUPtG47PvOJz&index=117,9,7,112,547112,0,0,547112,1.333252104,421494,1.29803034,,0.8045,3.204301607,34.8772,43.3512,198.5711,5.62062,,,,,,,,,,,,,,,,,,,,,,,,,,,,,,,,,,,,,,,,,,,,,,,,,,,,,,,,,,,,,,,,,,,,,,,,,,,,,,,,,,,,,
🇫🇮,sadekeppi,0,0,9:05.453,9:07.231,05 Apr 2025,458,(U),3784350697232535949,,,https://www.youtube.com/watch?v=_6D4CEjB7EI,9,7,231,547231,1778,1.778,545453,1.333542094,421494,1.298312669,,0.7953,3.209031116,34.4119,43.2676,197.7565,5.63065,,,,,,,,,,,,,,,,,,,,,,,,,,,,,,,,,,,,,,,,,,,,,,,,,,,,,,,,,,,,,,,,,,,,,,,,,,,,,,,,,,,,,
🇹🇿,Kxpow,0,0,9:06.897,9:07.297,05 May 2025,428,(U),5215338801678081222,,,https://www.youtube.com/watch?v=jzfuky40oOw,9,7,297,547297,400,0.4,546897,1.333702928,421494,1.298469255,,0.8073,3.211656867,34.8945,43.2212,197.3054,5.63622,,,,,,,,,,,,,,,,,,,,,,,,,,,,,,,,,,,,,,,,,,,,,,,,,,,,,,,,,,,,,,,,,,,,,,,,,,,,,,,,,,,,,
🇫🇮,AndrewCrow,0,0,9:06.737,9:07.310,04 Jul 2025,368,(U),unknown,,,https://www.youtube.com/watch?v=9ykWGMkAK-8,9,7,310,547310,573,0.573,546737,1.333734608,410359,1.333734608,,0.8319,3.853668775,27.4229,32.9628,197.2167,5.63732,,,,,,,,,,,,,,,,,,,,,,,,,,,,,,,,,,,,,,,,,,,,,,,,,,,,,,,,,,,,,,,,,,,,,,,,,,,,,,,,,,,,,
🇳🇴,skycrab1,0,0,9:07.485,9:07.485,08 Feb 2025,514,(U),3737533492080781915,,,https://www.youtube.com/watch?v=vIyLdcMlpzU&list=PLU3_fvoJ1GyMStiA29z37DUPtG47PvOJz&index=116,9,7,485,547485,0,0,547485,1.334161064,421494,1.298915287,,0.7734,3.219146699,33.3237,43.0890,196.0233,5.65212,,,,,,,,,,,,,,,,,,,,,,,,,,,,,,,,,,,,,,,,,,,,,,,,,,,,,,,,,,,,,,,,,,,,,,,,,,,,,,,,,,,,,
🇹🇷,ulsahin,0,1,9:06.967,9:07.594,16 Aug 2024,690,(U),6515232472019491580,,,https://www.youtube.com/watch?v=fQ_ZB25zjTw,9,7,594,547594,627,0.627,546967,1.334426685,421494,1.299173891,,0.7082,3.223496281,30.4623,43.0124,195.2818,5.66136,,,,,,,,,,,,,,,,,,,,,,,,,,,,,,,,,,,,,,,,,,,,,,,,,,,,,,,,,,,,,,,,,,,,,,,,,,,,,,,,,,,,,
🇬🇧,ninathepig,0,1,8:54.614,9:07.741,08 Nov 2022,1337,(V),1527477638666863321,,,https://www.speedrun.com/mc/run/z1g48nrz,9,7,741,547741,13127,13.127,534614,1.334784908,495537,1.105348339,,0.5125,1.108008388,45.8645,89.4958,194.2839,5.67384,,,,,,,,,,,,,,,,,,,,,,,,,,,,,,,,,,,,,,,,,,,,,,,,,,,,,,,,,,,,,,,,,,,,,,,,,,,,,,,,,,,,,
🇳🇴,skycrab1,0,0,9:07.893,9:07.893,16 Nov 2024,598,(U),3572344265609154792,,,https://www.youtube.com/watch?v=GB4EvDhnAj0&list=PLU3_fvoJ1GyMStiA29z37DUPtG47PvOJz&index=94,9,7,893,547893,0,0,547893,1.335155315,421494,1.299883272,,0.7416,3.235454404,31.7405,42.8024,193.2547,5.68677,,,,,,,,,,,,,,,,,,,,,,,,,,,,,,,,,,,,,,,,,,,,,,,,,,,,,,,,,,,,,,,,,,,,,,,,,,,,,,,,,,,,,
🇺🇸,doogile,0,0,9:07.950,9:07.950,16 Aug 2024,690,(U),unknown,,,https://www.youtube.com/watch?v=rVh_EFcoA_Q,9,7,950,547950,0,0,547950,1.335294218,421494,1.300018506,,0.7082,3.237738494,30.2851,42.7623,192.8695,5.69162,,,,,,,,,,,,,,,,,,,,,,,,,,,,,,,,,,,,,,,,,,,,,,,,,,,,,,,,,,,,,,,,,,,,,,,,,,,,,,,,,,,,,
🇳🇴,skycrab1,0,0,9:02.208,9:08.108,24 Aug 2024,682,(U),8200471492953039268,,,https://www.youtube.com/watch?v=7kCryLBekaY&list=PLU3_fvoJ1GyMStiA29z37DUPtG47PvOJz&index=59,9,8,108,548108,5900,5.9,542208,1.335679247,421494,1.300393363,,0.7111,3.244077288,30.3276,42.6513,191.8036,5.70510,,,,,,,,,,,,,,,,,,,,,,,,,,,,,,,,,,,,,,,,,,,,,,,,,,,,,,,,,,,,,,,,,,,,,,,,,,,,,,,,,,,,,
🇳🇴,skycrab1,0,0,9:08.173,9:08.173,22 Jul 2025,350,(U),unknown,,,https://www.youtube.com/watch?v=ywxlACuqAe0&list=PLU3_fvoJ1GyMStiA29z37DUPtG47PvOJz&index=137,9,8,173,548173,0,0,548173,1.335837645,410359,1.335837645,,0.8395,3.89529685,27.1738,32.3707,191.3660,5.71065,,,,,,,,,,,,,,,,,,,,,,,,,,,,,,,,,,,,,,,,,,,,,,,,,,,,,,,,,,,,,,,,,,,,,,,,,,,,,,,,,,,,,
🇹🇿,Kxpow,0,0,9:04.666,9:08.266,14 Nov 2023,966,(U),-4809940892150569008,,,https://www.youtube.com/watch?v=gg6rLSlqqqc,9,8,266,548266,3600,3.6,544666,1.336064275,465828,1.176970899,,0.6169,1.664336141,47.0390,76.2469,190.7406,5.71860,,,,,,,,,,,,,,,,,,,,,,,,,,,,,,,,,,,,,,,,,,,,,,,,,,,,,,,,,,,,,,,,,,,,,,,,,,,,,,,,,,,,,
🇧🇪,boyenn,0,0,9:08.407,9:08.407,09 Mar 2025,485,(U),unknown,,,https://www.youtube.com/watch?v=PIdpIYU0iN8,9,8,407,548407,0,0,548407,1.336407877,421494,1.301102744,,0.7847,3.256102898,33.3022,42.4414,189.7945,5.73068,,,,,,,,,,,,,,,,,,,,,,,,,,,,,,,,,,,,,,,,,,,,,,,,,,,,,,,,,,,,,,,,,,,,,,,,,,,,,,,,,,,,,
🇸🇰,NoFear1337,0,0,9:08.371,9:08.421,08 Jun 2023,1125,(U),unknown,,,https://www.youtube.com/watch?v=IffgSK8FXyU,9,8,421,548421,50,0.05,548371,1.336441993,465828,1.17730364,,0.5698,1.667434537,43.4018,76.1725,189.7007,5.73188,,,,,,,,,,,,,,,,,,,,,,,,,,,,,,,,,,,,,,,,,,,,,,,,,,,,,,,,,,,,,,,,,,,,,,,,,,,,,,,,,,,,,
🇨🇦,Aquacorde,0,0,9:08.473,9:08.473,17 Jul 2025,355,(U),-4757456621971521047,,,https://www.youtube.com/watch?v=3NgUon3iBFM,9,8,473,548473,0,0,548473,1.336568712,410359,1.336568712,,0.8374,3.909860173,26.9342,32.1656,189.3525,5.73634,,,,,,,,,,,,,,,,,,,,,,,,,,,,,,,,,,,,,,,,,,,,,,,,,,,,,,,,,,,,,,,,,,,,,,,,,,,,,,,,,,,,,
🇸🇰,NoFear1337,0,0,9:05.980,9:08.551,02 Feb 2024,886,(U),unknown,,,https://www.youtube.com/watch?v=4fdVhFGeQgo&list=PLaTJSsRuu2UeeWabBBfNVWALvnefBoL2C&index=5,9,8,551,548551,2571,2.571,545980,1.336758789,421494,1.301444386,,0.6421,3.261908547,27.1870,42.3403,188.8307,5.74304,,,,,,,,,,,,,,,,,,,,,,,,,,,,,,,,,,,,,,,,,,,,,,,,,,,,,,,,,,,,,,,,,,,,,,,,,,,,,,,,,,,,,
🇺🇸,zylenox,0,0,9:05.143,9:08.616,28 Apr 2024,800,(U),unknown,,,https://www.youtube.com/watch?v=Tkpk81EmGKE,9,8,616,548616,3473,3.473,545143,1.336917187,421494,1.301598599,,0.6703,3.26453215,28.3510,42.2947,188.3964,5.74862,,,,,,,,,,,,,,,,,,,,,,,,,,,,,,,,,,,,,,,,,,,,,,,,,,,,,,,,,,,,,,,,,,,,,,,,,,,,,,,,,,,,,
🇮🇹,drip120,0,0,9:07.364,9:08.692,01 Nov 2025,248,(U),unknown,,,https://www.youtube.com/watch?v=xe-spdcY7jk,9,8,692,548692,1328,1.328,547364,1.337102391,410359,1.337102391,,0.8834,3.920521621,28.2824,32.0161,187.8893,5.75516,,,,,,,,,,,,,,,,,,,,,,,,,,,,,,,,,,,,,,,,,,,,,,,,,,,,,,,,,,,,,,,,,,,,,,,,,,,,,,,,,,,,,
🇺🇸,doogile,0,0,9:08.808,9:08.808,22 May 2025,411,(U),7495631434322162088,,,https://www.youtube.com/watch?v=p9ACbnS-GcQ,9,8,808,548808,0,0,548808,1.33738507,421494,1.302054122,,0.8142,3.272292768,34.3283,42.1600,187.1166,5.76515,,,,,,,,,,,,,,,,,,,,,,,,,,,,,,,,,,,,,,,,,,,,,,,,,,,,,,,,,,,,,,,,,,,,,,,,,,,,,,,,,,,,,
🇫🇮,Cube1337x,1,1,9:06.178,9:08.820,22 Jan 2022,1627,(V),5182416045755256460,,,https://www.speedrun.com/mc/runs/mr673jdm,9,8,820,548820,2642,2.642,546178,1.337414313,576000,0.9528125,,0.4433,0.4564692945,45.3194,102.2310,187.0368,5.76619,,,,,,,,,,,,,,,,,,,,,,,,,,,,,,,,,,,,,,,,,,,,,,,,,,,,,,,,,,,,,,,,,,,,,,,,,,,,,,,,,,,,,
🇳🇴,skycrab1,0,0,9:09.076,9:09.076,26 Nov 2024,588,(U),9146773889861471357,,,https://www.youtube.com/watch?v=YABLZ52h9Ug&list=PLU3_fvoJ1GyMStiA29z37DUPtG47PvOJz&index=98,9,9,76,549076,0,0,549076,1.338038157,421494,1.302689955,,0.7453,3.283152571,31.2807,41.9720,185.3375,5.78829,,,,,,,,,,,,,,,,,,,,,,,,,,,,,,,,,,,,,,,,,,,,,,,,,,,,,,,,,,,,,,,,,,,,,,,,,,,,,,,,,,,,,
🇭🇺,Fe666,0,1,9:06.021,9:09.448,23 Jan 2023,1261,(V),2113816333217399931,,,https://www.speedrun.com/mc/run/y4g7pk2y,9,9,448,549448,3427,3.427,546021,1.33894468,495537,1.108793087,,0.5323,1.130204806,47.3682,88.9836,182.8822,5.82055,,,,,,,,,,,,,,,,,,,,,,,,,,,,,,,,,,,,,,,,,,,,,,,,,,,,,,,,,,,,,,,,,,,,,,,,,,,,,,,,,,,,,
🇳🇴,skycrab1,0,0,9:02.533,9:09.719,10 Apr 2024,818,(U),unknown,,,https://www.youtube.com/watch?v=s7Oyw0cBsDM&list=PLU3_fvoJ1GyMStiA29z37DUPtG47PvOJz&index=14,9,9,719,549719,7186,7.186,542533,1.339605078,421494,1.304215481,,0.6643,3.309338022,27.5831,41.5212,181.1040,5.84416,,,,,,,,,,,,,,,,,,,,,,,,,,,,,,,,,,,,,,,,,,,,,,,,,,,,,,,,,,,,,,,,,,,,,,,,,,,,,,,,,,,,,
🇺🇸,doogile,0,0,9:08.362,9:09.903,03 Feb 2024,885,(U),4060064418388945747,,,https://www.youtube.com/watch?v=z1xyWdGMjq8,9,9,903,549903,1541,1.541,548362,1.340053465,421494,1.304652024,,0.6424,3.316865105,26.5916,41.3923,179.9017,5.86023,,,,,,,,,,,,,,,,,,,,,,,,,,,,,,,,,,,,,,,,,,,,,,,,,,,,,,,,,,,,,,,,,,,,,,,,,,,,,,,,,,,,,
🇹🇿,Kxpow,0,0,9:08.845,9:10.172,29 Oct 2024,616,(U),-4790850567885431426,,,https://www.youtube.com/watch?v=RbtDei5_zJ4,9,10,172,550172,1327,1.327,548845,1.340708989,421494,1.30529023,,0.7349,3.327896603,30.2814,41.2039,178.1514,5.88380,,,,,,,,,,,,,,,,,,,,,,,,,,,,,,,,,,,,,,,,,,,,,,,,,,,,,,,,,,,,,,,,,,,,,,,,,,,,,,,,,,,,,
🇸🇰,NoFear1337,0,0,9:09.128,9:10.259,08 Jun 2025,394,(U),unknown,,,https://www.youtube.com/watch?v=SiADDCUpd7E,9,10,259,550259,1131,1.131,549128,1.340920998,421494,1.305496638,,0.8212,3.331471342,33.7863,41.1430,177.5872,5.89144,,,,,,,,,,,,,,,,,,,,,,,,,,,,,,,,,,,,,,,,,,,,,,,,,,,,,,,,,,,,,,,,,,,,,,,,,,,,,,,,,,,,,
🇹🇿,Kxpow,0,0,9:05.662,9:10.523,09 Nov 2023,971,(U),78496239085493281,,,https://www.youtube.com/watch?v=gieho9nQgi0,9,10,523,550523,4861,4.861,545662,1.341564338,465828,1.181816035,,0.6154,1.709975074,46.2478,75.1522,175.8808,5.91468,,,,,,,,,,,,,,,,,,,,,,,,,,,,,,,,,,,,,,,,,,,,,,,,,,,,,,,,,,,,,,,,,,,,,,,,,,,,,,,,,,,,,
🇺🇸,doogile,0,0,9:07.746,9:10.622,05 Nov 2023,975,(U),1666689678537156689,,,https://www.youtube.com/watch?v=VZnZzz2vZfk,9,10,622,550622,2876,2.876,547746,1.34180559,465828,1.18202856,,0.6142,1.712002809,46.1256,75.1036,175.2431,5.92342,,,,,,,,,,,,,,,,,,,,,,,,,,,,,,,,,,,,,,,,,,,,,,,,,,,,,,,,,,,,,,,,,,,,,,,,,,,,,,,,,,,,,
🇳🇴,skycrab1,0,0,9:09.863,9:10.809,08 Mar 2024,851,(U),unknown,,,https://www.youtube.com/watch?v=LhLJ0UepT94&list=PLU3_fvoJ1GyMStiA29z37DUPtG47PvOJz&index=11,9,10,809,550809,946,0.946,549863,1.342261288,421494,1.30680152,,0.6534,3.354148905,26.6332,40.7583,174.0418,5.93995,,,,,,,,,,,,,,,,,,,,,,,,,,,,,,,,,,,,,,,,,,,,,,,,,,,,,,,,,,,,,,,,,,,,,,,,,,,,,,,,,,,,,
🇨🇦,wethr,0,0,9:07.990,9:10.876,11 Sep 2024,664,(U),8925439864684904975,,,https://www.youtube.com/watch?v=KXY6Mxtdm1U,9,10,876,550876,2886,2.886,547990,1.34242456,421494,1.306960479,,0.7175,3.356920742,29.2099,40.7114,173.6125,5.94589,,,,,,,,,,,,,,,,,,,,,,,,,,,,,,,,,,,,,,,,,,,,,,,,,,,,,,,,,,,,,,,,,,,,,,,,,,,,,,,,,,,,,
🇭🇷,CroProYT,0,1,9:10.972,9:10.972,06 May 2023,1157.645833,(V),-3937688426642137933,,,https://www.speedrun.com/mc/run/z5p1o7dm,9,10,972,550972,0,0,550972,1.342658501,465828,1.18277991,,0.5606,1.71918913,42.0034,74.9315,172.9982,5.95440,,,,,,,,,,,,,,,,,,,,,,,,,,,,,,,,,,,,,,,,,,,,,,,,,,,,,,,,,,,,,,,,,,,,,,,,,,,,,,,,,,,,,
🇺🇸,Feinberg,0,0,9:07.558,9:11.108,05 Mar 2024,854,(U),-6417905259519219654,,,https://www.youtube.com/watch?v=OEKYeJXKFLs,9,11,108,551108,3550,3.55,547558,1.342989919,421494,1.307510902,,0.6525,3.366534388,26.4569,40.5493,172.1300,5.96648,,,,,,,,,,,,,,,,,,,,,,,,,,,,,,,,,,,,,,,,,,,,,,,,,,,,,,,,,,,,,,,,,,,,,,,,,,,,,,,,,,,,,
🇨🇦,catJAM19,0,1,9:09.695,9:11.108,21 Oct 2025,259,(V),8621681605212957189,,,https://www.speedrun.com/mc/runs/yw58nw2y,9,11,108,551108,1413,1.413,549695,1.342989919,410359,1.342989919,,0.8785,4.039846234,26.6910,30.3813,172.1300,5.96648,,,,,,,,,,,,,,,,,,,,,,,,,,,,,,,,,,,,,,,,,,,,,,,,,,,,,,,,,,,,,,,,,,,,,,,,,,,,,,,,,,,,,
🇳🇴,skycrab1,0,0,9:10.726,9:11.397,13 Jun 2024,754,(U),-8879598757614006862,,,https://www.youtube.com/watch?v=cIcsjmes9iM&list=PLU3_fvoJ1GyMStiA29z37DUPtG47PvOJz&index=29,9,11,397,551397,671,0.671,550726,1.34369418,421494,1.308196558,,0.6859,3.378544019,27.6749,40.3474,170.2927,5.99222,,,,,,,,,,,,,,,,,,,,,,,,,,,,,,,,,,,,,,,,,,,,,,,,,,,,,,,,,,,,,,,,,,,,,,,,,,,,,,,,,,,,,
🇫🇮,sadekeppi,0,0,9:11.155,9:11.500,28 Mar 2026,101,(U),unknown,,,https://www.youtube.com/watch?v=n1bfxslQnoY,9,11,500,551500,345,0.345,551155,1.34394518,410359,1.34394518,,0.9508,4.059504875,28.6354,30.1186,169.6404,6.00141,,,,,,,,,,,,,,,,,,,,,,,,,,,,,,,,,,,,,,,,,,,,,,,,,,,,,,,,,,,,,,,,,,,,,,,,,,,,,,,,,,,,,
🇳🇴,skycrab1,0,0,9:11.538,9:11.538,19 Dec 2025,200,(U),unknown,,,https://www.youtube.com/watch?v=cGZBFX1-arU&list=PLU3_fvoJ1GyMStiA29z37DUPtG47PvOJz&index=160,9,11,538,551538,0,0,551538,1.344037782,410359,1.344037782,,0.9048,4.061415022,27.2294,30.0932,169.4001,6.00481,,,,,,,,,,,,,,,,,,,,,,,,,,,,,,,,,,,,,,,,,,,,,,,,,,,,,,,,,,,,,,,,,,,,,,,,,,,,,,,,,,,,,
🇫🇮,sadekeppi,0,0,9:11.468,9:11.596,25 Jan 2026,163,(U),unknown,,,https://www.youtube.com/watch?v=bauK5JutqFo,9,11,596,551596,128,0.128,551468,1.344179121,410359,1.344179121,,0.9217,4.064332033,27.7021,30.0544,169.0336,6.01000,,,,,,,,,,,,,,,,,,,,,,,,,,,,,,,,,,,,,,,,,,,,,,,,,,,,,,,,,,,,,,,,,,,,,,,,,,,,,,,,,,,,,
🇳🇴,xzeroxy,0,1,9:04.267,9:11.604,25 Dec 2023,925,(V),861747958763840487,,,https://www.speedrun.com/mc/runs/yjwoo7dm,9,11,604,551604,7337,7.337,544267,1.344198616,446254,1.236076315,,0.6297,2.304382723,38.6395,61.3610,168.9831,6.01071,,,,,,,,,,,,,,,,,,,,,,,,,,,,,,,,,,,,,,,,,,,,,,,,,,,,,,,,,,,,,,,,,,,,,,,,,,,,,,,,,,,,,
🇳🇴,skycrab1,0,0,9:11.051,9:11.608,20 Sep 2025,290,(U),unknown,,,https://www.youtube.com/watch?v=jITLzyt8gXQ&list=PLU3_fvoJ1GyMStiA29z37DUPtG47PvOJz&index=141,9,11,608,551608,557,0.557,551051,1.344208364,410359,1.344208364,,0.8650,4.064935782,25.9908,30.0463,168.9579,6.01107,,,,,,,,,,,,,,,,,,,,,,,,,,,,,,,,,,,,,,,,,,,,,,,,,,,,,,,,,,,,,,,,,,,,,,,,,,,,,,,,,,,,,
🇿🇦,Airpodsz,0,0,9:11.814,9:11.814,14 Jan 2026,174,(U),1219385164880601751,,,https://www.youtube.com/watch?v=qmwuUfY7LMs&list=PLjW0OIc7zcEcCMM5essHmBGzf92S0FzKi&index=22,9,11,814,551814,0,0,551814,1.344710363,410359,1.344710363,,0.9167,4.075312439,27.4166,29.9087,167.6600,6.02953,,,,,,,,,,,,,,,,,,,,,,,,,,,,,,,,,,,,,,,,,,,,,,,,,,,,,,,,,,,,,,,,,,,,,,,,,,,,,,,,,,,,,
🇵🇱,pardonmc,0,0,9:11.900,9:11.900,21 Jan 2025,532,(U),6217084092394614607,,,https://www.speedrun.com/mc/runs/y4j7p1ny,9,11,900,551900,0,0,551900,1.344919936,421494,1.309389932,,0.7664,3.399536867,30.6547,39.9963,167.1197,6.03725,,,,,,,,,,,,,,,,,,,,,,,,,,,,,,,,,,,,,,,,,,,,,,,,,,,,,,,,,,,,,,,,,,,,,,,,,,,,,,,,,,,,,
🇳🇴,skycrab1,0,0,9:11.308,9:12.058,19 Dec 2025,200,(U),see video,,,https://www.youtube.com/watch?v=Z1rqujzYKV8&list=PLU3_fvoJ1GyMStiA29z37DUPtG47PvOJz&index=159,9,12,58,552058,750,0.75,551308,1.345304965,410359,1.345304965,,0.9048,4.087633342,26.9153,29.7460,166.1296,6.05146,,,,,,,,,,,,,,,,,,,,,,,,,,,,,,,,,,,,,,,,,,,,,,,,,,,,,,,,,,,,,,,,,,,,,,,,,,,,,,,,,,,,,
🇮🇹,drip120,0,0,9:10.678,9:12.062,29 Aug 2024,677,(U),unknown,,,https://www.youtube.com/watch?v=LSRuTRyAUfA,9,12,62,552062,1384,1.384,550678,1.345314712,421494,1.309774279,,0.7128,3.406322465,28.4304,39.8833,166.1045,6.05182,,,,,,,,,,,,,,,,,,,,,,,,,,,,,,,,,,,,,,,,,,,,,,,,,,,,,,,,,,,,,,,,,,,,,,,,,,,,,,,,,,,,,
🇦🇺,Erikfzf,0,1,9:12.227,9:12.227,05 Jul 2023,1098,(V),7337174511026994351,,,https://www.speedrun.com/mc/runs/znvqd5lm,9,12,227,552227,0,0,552227,1.345716799,465828,1.185474038,,0.5775,1.74518346,42.9158,74.3096,165.0740,6.06669,,,,,,,,,,,,,,,,,,,,,,,,,,,,,,,,,,,,,,,,,,,,,,,,,,,,,,,,,,,,,,,,,,,,,,,,,,,,,,,,,,,,,
🇫🇮,AndrewCrow,0,0,9:12.154,9:12.313,18 Jun 2025,384,(U),unknown,,,https://www.youtube.com/watch?v=mgqba8qgpQE,9,12,313,552313,159,0.159,552154,1.345926372,410359,1.345926372,,0.8253,4.100544661,24.4094,29.5762,164.5382,6.07445,,,,,,,,,,,,,,,,,,,,,,,,,,,,,,,,,,,,,,,,,,,,,,,,,,,,,,,,,,,,,,,,,,,,,,,,,,,,,,,,,,,,,
🇵🇱,okshey,0,1,9:09.804,9:12.402,11 Aug 2024,695,(V),-2254865974237692647,,,https://www.speedrun.com/mc/runs/z0qrw64m,9,12,402,552402,2598,2.598,549804,1.346143255,421494,1.310580934,,0.7065,3.420602747,28.0082,39.6463,163.9847,6.08249,,,,,,,,,,,,,,,,,,,,,,,,,,,,,,,,,,,,,,,,,,,,,,,,,,,,,,,,,,,,,,,,,,,,,,,,,,,,,,,,,,,,,
🇳🇴,skycrab1,0,0,9:10.431,9:12.727,07 Feb 2026,150,(U),unknown,,,https://www.youtube.com/watch?v=__q_TjQ_FMo&list=PLU3_fvoJ1GyMStiA29z37DUPtG47PvOJz&index=164,9,12,727,552727,2296,2.296,550431,1.346935245,410359,1.346935245,,0.9277,4.12158288,27.1841,29.3013,161.9720,6.11195,,,,,,,,,,,,,,,,,,,,,,,,,,,,,,,,,,,,,,,,,,,,,,,,,,,,,,,,,,,,,,,,,,,,,,,,,,,,,,,,,,,,,
🇦🇺,mikky_,0,0,9:12.885,9:12.885,28 May 2025,405,(U),unknown,,,https://www.youtube.com/watch?v=p26FVhuUzA8,9,12,885,552885,0,0,552885,1.347320273,421494,1.311726857,,0.8167,3.440980027,32.1040,39.3100,160.9983,6.12631,,,,,,,,,,,,,,,,,,,,,,,,,,,,,,,,,,,,,,,,,,,,,,,,,,,,,,,,,,,,,,,,,,,,,,,,,,,,,,,,,,,,,
🇨🇿,Cursed_Carrot,0,1,9:00.750,9:12.941,11 Mar 2023,1214,(U),2638661032627702990,,,https://www.youtube.com/watch?v=xsjwfJw8KyQ,9,12,941,552941,12191,12.191,540750,1.347456739,465828,1.187006792,,0.5450,1.76013128,40.3029,73.9525,160.6540,6.13141,,,,,,,,,,,,,,,,,,,,,,,,,,,,,,,,,,,,,,,,,,,,,,,,,,,,,,,,,,,,,,,,,,,,,,,,,,,,,,,,,,,,,
🇹🇿,Kxpow,0,0,9:12.892,9:13.067,13 Apr 2025,450,(U),-7593319761722198140,,,https://www.youtube.com/watch?v=5-GsNMW2ryY,9,13,67,553067,175,0.175,552892,1.347763787,421494,1.312158655,,0.7985,3.448686176,31.2886,39.1834,159.8807,6.14290,,,,,,,,,,,,,,,,,,,,,,,,,,,,,,,,,,,,,,,,,,,,,,,,,,,,,,,,,,,,,,,,,,,,,,,,,,,,,,,,,,,,,
🇿🇦,Airpodsz,0,0,9:13.123,9:13.123,31 Jan 2026,157,(U),2793387180528208862,,,https://www.youtube.com/watch?v=tWXMNab6zb8&list=PLjW0OIc7zcEcCMM5essHmBGzf92S0FzKi&index=26,9,13,123,553123,0,0,553123,1.347900253,410359,1.347900253,,0.9245,4.141795058,26.8468,29.0392,159.5377,6.14801,,,,,,,,,,,,,,,,,,,,,,,,,,,,,,,,,,,,,,,,,,,,,,,,,,,,,,,,,,,,,,,,,,,,,,,,,,,,,,,,,,,,,
🇳🇴,skycrab1,0,0,9:11.847,9:13.147,18 Feb 2024,870,(U),unknown,,,https://www.youtube.com/watch?v=kFt_4d61onA&list=PLU3_fvoJ1GyMStiA29z37DUPtG47PvOJz&index=10,9,13,147,553147,1300,1.3,551847,1.347958739,421494,1.312348456,,0.6473,3.452078312,25.3260,39.1278,159.3908,6.15020,,,,,,,,,,,,,,,,,,,,,,,,,,,,,,,,,,,,,,,,,,,,,,,,,,,,,,,,,,,,,,,,,,,,,,,,,,,,,,,,,,,,,
🇺🇸,zylenox,0,0,9:11.361,9:13.246,23 Apr 2024,805,(U),unknown,,,https://www.youtube.com/watch?v=o0rQGFOfasI,9,13,246,553246,1885,1.885,551361,1.348199991,421494,1.312583335,,0.6686,3.456280157,26.1166,39.0589,158.7856,6.15925,,,,,,,,,,,,,,,,,,,,,,,,,,,,,,,,,,,,,,,,,,,,,,,,,,,,,,,,,,,,,,,,,,,,,,,,,,,,,,,,,,,,,
🇺🇸,doogile,0,0,9:13.305,9:13.305,18 May 2025,415,(U),5319889205923870675,,,https://www.youtube.com/watch?v=ztGEXhDZfOU,9,13,305,553305,0,0,553305,1.348343767,421494,1.312723313,,0.8126,3.458786433,31.7065,39.0179,158.4256,6.16464,,,,,,,,,,,,,,,,,,,,,,,,,,,,,,,,,,,,,,,,,,,,,,,,,,,,,,,,,,,,,,,,,,,,,,,,,,,,,,,,,,,,,
🇵🇱,okshey,0,0,9:12.171,9:13.635,17 Jul 2025,355,(U),unknown,,,https://www.youtube.com/watch?v=ty4JUqRnYw0,9,13,635,553635,1464,1.464,552171,1.349147941,410359,1.349147941,,0.8374,4.168056997,24.0335,28.7015,156.4200,6.19491,,,,,,,,,,,,,,,,,,,,,,,,,,,,,,,,,,,,,,,,,,,,,,,,,,,,,,,,,,,,,,,,,,,,,,,,,,,,,,,,,,,,,
🇨🇦,Aquacorde,0,1,9:13.730,9:13.730,02 May 2023,1162,(V),1132467978693802935,,,https://www.speedrun.com/mc/runs/z5poxedm,9,13,730,553730,0,0,553730,1.349379446,465828,1.18870055,,0.5593,1.776784501,41.1422,73.5550,155.8453,6.20365,,,,,,,,,,,,,,,,,,,,,,,,,,,,,,,,,,,,,,,,,,,,,,,,,,,,,,,,,,,,,,,,,,,,,,,,,,,,,,,,,,,,,
🇸🇰,NoFear1337,0,0,9:10.602,9:13.999,04 Jul 2025,368,(U),unknown,,,https://www.youtube.com/watch?v=yNwHcISAArA,9,13,999,553999,3397,3.397,550602,1.350034969,410359,1.350034969,,0.8319,4.186816426,23.6788,28.4623,154.2240,6.22845,,,,,,,,,,,,,,,,,,,,,,,,,,,,,,,,,,,,,,,,,,,,,,,,,,,,,,,,,,,,,,,,,,,,,,,,,,,,,,,,,,,,,
🇫🇷,AstraF,0,1,9:12.826,9:14.135,24 Oct 2023,987,(V),8692637984665644759,,,https://www.speedrun.com/mc/runs/y4krq6nm,9,14,135,554135,1309,1.309,552826,1.350366387,465828,1.18956997,,0.6105,1.785388202,44.7791,73.3499,153.4080,6.24103,,,,,,,,,,,,,,,,,,,,,,,,,,,,,,,,,,,,,,,,,,,,,,,,,,,,,,,,,,,,,,,,,,,,,,,,,,,,,,,,,,,,,
🇳🇴,skycrab1,0,0,9:10.467,9:14.159,20 Sep 2025,290,(U),unknown,,,https://www.youtube.com/watch?v=OEZzZLeynP0&list=PLU3_fvoJ1GyMStiA29z37DUPtG47PvOJz&index=139,9,14,159,554159,3692,3.692,550467,1.350424872,410359,1.350424872,,0.8650,4.195085759,24.5297,28.3573,153.2642,6.24325,,,,,,,,,,,,,,,,,,,,,,,,,,,,,,,,,,,,,,,,,,,,,,,,,,,,,,,,,,,,,,,,,,,,,,,,,,,,,,,,,,,,,
🇳🇴,skycrab1,0,0,9:13.279,9:14.255,15 Feb 2024,873,(U),unknown,,,https://www.youtube.com/watch?v=WLjCJKEsbRU&list=PLU3_fvoJ1GyMStiA29z37DUPtG47PvOJz&index=9,9,14,255,554255,976,0.976,553279,1.350658813,421494,1.3149772,,0.6463,3.499363165,24.7909,38.3585,152.6899,6.25214,,,,,,,,,,,,,,,,,,,,,,,,,,,,,,,,,,,,,,,,,,,,,,,,,,,,,,,,,,,,,,,,,,,,,,,,,,,,,,,,,,,,,
🇳🇴,skycrab1,0,0,9:12.682,9:14.598,17 Aug 2024,689,(U),-7884786286742246917,,,https://www.youtube.com/watch?v=AzF0dGCk1Ow&list=PLU3_fvoJ1GyMStiA29z37DUPtG47PvOJz&index=56,9,14,598,554598,1916,1.916,552682,1.351494667,421494,1.315790972,,0.7086,3.514116374,27.0115,38.1209,150.6476,6.28400,,,,,,,,,,,,,,,,,,,,,,,,,,,,,,,,,,,,,,,,,,,,,,,,,,,,,,,,,,,,,,,,,,,,,,,,,,,,,,,,,,,,,
🇵🇱,watermelon1708,0,0,9:12.401,9:14.662,24 Jul 2025,348,(U),unknown,,,https://www.youtube.com/watch?v=4QYqWY63NSU,9,14,662,554662,2261,2.261,552401,1.351650628,410359,1.351650628,,0.8403,4.221175959,23.5522,28.0284,150.2683,6.28996,,,,,,,,,,,,,,,,,,,,,,,,,,,,,,,,,,,,,,,,,,,,,,,,,,,,,,,,,,,,,,,,,,,,,,,,,,,,,,,,,,,,,
🇺🇸,doogile,0,0,9:14.024,9:14.498,29 Jan 2024,890,(U),6589962244023862742,,,https://www.youtube.com/watch?v=-hzOpmkTbDU,9,14,498,554498,474,0.474,554024,1.351250978,421494,1.315553721,,0.6408,3.50980949,24.4732,38.1902,151.2415,6.27470,,,,,,,,,,,,,,,,,,,,,,,,,,,,,,,,,,,,,,,,,,,,,,,,,,,,,,,,,,,,,,,,,,,,,,,,,,,,,,,,,,,,,
🇹🇿,Kxpow,0,0,9:14.187,9:14.913,24 Mar 2025,470,(U),-2641175186777624724,,,https://www.youtube.com/watch?v=kCgKV0ghctY,9,14,913,554913,726,0.726,554187,1.352262287,421494,1.316538314,,0.7906,3.527713549,29.9650,37.9029,148.7856,6.31339,,,,,,,,,,,,,,,,,,,,,,,,,,,,,,,,,,,,,,,,,,,,,,,,,,,,,,,,,,,,,,,,,,,,,,,,,,,,,,,,,,,,,
🇺🇸,Feinberg,0,0,9:11.174,9:14.994,27 Oct 2022,1349,(U),2915556913390472646,,,https://www.youtube.com/watch?v=DWH0YeK2M_A,9,14,994,554994,3820,3.82,551174,1.352459676,517884,1.071656973,,0.5094,0.9116346219,47.8265,93.8858,148.3088,6.32097,,,,,,,,,,,,,,,,,,,,,,,,,,,,,,,,,,,,,,,,,,,,,,,,,,,,,,,,,,,,,,,,,,,,,,,,,,,,,,,,,,,,,
🇺🇸,doogile,0,0,9:14.533,9:15.162,26 Apr 2024,802,(U),-3919243300877167705,,,https://www.youtube.com/watch?v=GeoFh01Ym_4,9,15,162,555162,629,0.629,554533,1.352869073,421494,1.317129069,,0.6697,3.538494614,25.2664,37.7308,147.3228,6.33671,,,,,,,,,,,,,,,,,,,,,,,,,,,,,,,,,,,,,,,,,,,,,,,,,,,,,,,,,,,,,,,,,,,,,,,,,,,,,,,,,,,,,
🇹🇿,Kxpow,0,0,9:11.735,9:15.261,31 Mar 2025,463,(U),-6009471755051022829,,,6009471755051022829,9,15,261,555261,3526,3.526,551735,1.353110325,421494,1.317363948,,0.7933,3.54278913,29.8792,37.6624,146.7435,6.34600,,,,,,,,,,,,,,,,,,,,,,,,,,,,,,,,,,,,,,,,,,,,,,,,,,,,,,,,,,,,,,,,,,,,,,,,,,,,,,,,,,,,,
🇫🇮,sadekeppi,0,0,9:13.584,9:15.527,14 Apr 2025,449,(U),-8290656219591381128,,,https://www.youtube.com/watch?v=Zz14GZVj_0g,9,15,527,555527,1943,1.943,553584,1.353758538,421494,1.317995037,,0.7989,3.554350709,29.9423,37.4787,145.1933,6.37103,,,,,,,,,,,,,,,,,,,,,,,,,,,,,,,,,,,,,,,,,,,,,,,,,,,,,,,,,,,,,,,,,,,,,,,,,,,,,,,,,,,,,
🇺🇸,doogile,0,0,9:14.089,9:15.601,11 Nov 2023,969,(U),2174062846577023263,,,https://www.youtube.com/watch?v=pUgJefjM1GA,9,15,601,555601,1512,1.512,554089,1.353938868,465828,1.192717054,,0.6160,1.816848639,44.7226,72.6011,144.7637,6.37801,,,,,,,,,,,,,,,,,,,,,,,,,,,,,,,,,,,,,,,,,,,,,,,,,,,,,,,,,,,,,,,,,,,,,,,,,,,,,,,,,,,,,
🇹🇿,Kxpow,0,0,9:15.051,9:15.727,26 Feb 2025,496,(U),-8993383903360972932,,,https://www.youtube.com/watch?v=hyPRZkxhZtg,9,15,727,555727,676,0.676,555051,1.354245916,421494,1.318469539,,0.7804,3.563065528,29.1392,37.3407,144.0339,6.38991,,,,,,,,,,,,,,,,,,,,,,,,,,,,,,,,,,,,,,,,,,,,,,,,,,,,,,,,,,,,,,,,,,,,,,,,,,,,,,,,,,,,,
🇳🇴,skycrab1,0,0,9:14.966,9:16.045,09 Jul 2024,728,(U),1846406805123780457,,,https://www.youtube.com/watch?v=6Yj7_cuk-uM&list=PLU3_fvoJ1GyMStiA29z37DUPtG47PvOJz&index=41,9,16,45,556045,1079,1.079,554966,1.355020848,421494,1.319223998,,0.6949,3.576960894,25.7954,37.1215,142.2012,6.42003,,,,,,,,,,,,,,,,,,,,,,,,,,,,,,,,,,,,,,,,,,,,,,,,,,,,,,,,,,,,,,,,,,,,,,,,,,,,,,,,,,,,,
🇨🇦,rdpill,0,1,9:09.681,9:16.183,20 Oct 2023,991,(V),7156324769459840152,,,https://www.speedrun.com/mc/runs/y9kngrnz,9,16,183,556183,6502,6.502,549681,1.355357139,465828,1.193966443,,0.6093,1.829477234,44.0506,72.3011,141.4101,6.43314,,,,,,,,,,,,,,,,,,,,,,,,,,,,,,,,,,,,,,,,,,,,,,,,,,,,,,,,,,,,,,,,,,,,,,,,,,,,,,,,,,,,,
🇫🇮,sadekeppi,0,0,9:16.215,9:16.215,06 Apr 2025,457,(U),unknown,,,https://www.youtube.com/watch?v=yJf1cOGUM_k,9,16,215,556215,0,0,556215,1.355435119,421494,1.319627326,,0.7957,3.584408817,29.4454,37.0044,141.2270,6.43618,,,,,,,,,,,,,,,,,,,,,,,,,,,,,,,,,,,,,,,,,,,,,,,,,,,,,,,,,,,,,,,,,,,,,,,,,,,,,,,,,,,,,
🇬🇧,priffie,0,0,9:16.227,9:16.227,10 Jul 2024,727,(U),unknown,,,https://www.youtube.com/watch?v=hXej8RHuZnY,9,16,227,556227,0,0,556227,1.355464362,421494,1.319655796,,0.6952,3.584935069,25.7211,36.9961,141.1583,6.43732,,,,,,,,,,,,,,,,,,,,,,,,,,,,,,,,,,,,,,,,,,,,,,,,,,,,,,,,,,,,,,,,,,,,,,,,,,,,,,,,,,,,,
🇫🇮,megelimc,0,1,9:09.754,9:16.343,17 Nov 2022,1327.25,(U),-892141537493528746,,,https://www.speedrun.com/mc/run/y4xdkwdz,9,16,343,556343,6589,6.589,549754,1.355747041,495537,1.122707285,,0.5150,1.224179832,44.6947,86.7890,140.4959,6.44836,,,,,,,,,,,,,,,,,,,,,,,,,,,,,,,,,,,,,,,,,,,,,,,,,,,,,,,,,,,,,,,,,,,,,,,,,,,,,,,,,,,,,
🇸🇰,NoFear1337,0,0,9:14.913,9:16.380,10 Feb 2024,878,(U),unknown,,,https://www.youtube.com/watch?v=5zSaBWQqr4U&list=PLaTJSsRuu2UeeWabBBfNVWALvnefBoL2C&index=6,9,16,380,556380,1467,1.467,554913,1.355837206,421494,1.32001879,,0.6447,3.591650756,23.7828,36.8908,140.2850,6.45189,,,,,,,,,,,,,,,,,,,,,,,,,,,,,,,,,,,,,,,,,,,,,,,,,,,,,,,,,,,,,,,,,,,,,,,,,,,,,,,,,,,,,
🇺🇸,zylenox,0,0,9:14.387,9:16.437,20 May 2023,1144,(U),8905593962406892009,,,https://www.youtube.com/watch?v=hGU9t4TJ2m0,9,16,437,556437,2050,2.05,554387,1.355976109,465828,1.194511708,,0.5644,1.835013589,40.7322,72.1696,139.9605,6.45733,,,,,,,,,,,,,,,,,,,,,,,,,,,,,,,,,,,,,,,,,,,,,,,,,,,,,,,,,,,,,,,,,,,,,,,,,,,,,,,,,,,,,
🇫🇮,AndrewCrow,0,1,9:14.036,9:16.477,02 Apr 2025,461,(V),-6799269420836569969,,,https://www.speedrun.com/mc/runs/y9pq32vm,9,16,477,556477,2441,2.441,554036,1.356073584,421494,1.320248924,,0.7941,3.595914158,29.2434,36.8241,139.7330,6.46114,,,,,,,,,,,,,,,,,,,,,,,,,,,,,,,,,,,,,,,,,,,,,,,,,,,,,,,,,,,,,,,,,,,,,,,,,,,,,,,,,,,,,
🇨🇦,Aquacorde,0,0,9:15.604,9:16.493,26 Jan 2024,893,(U),-1042044413178476719,,,https://www.youtube.com/watch?v=pAhnFo4AVnE,9,16,493,556493,889,0.889,555604,1.356112575,421494,1.320286884,,0.6399,3.596617828,23.5554,36.8131,139.6420,6.46267,,,,,,,,,,,,,,,,,,,,,,,,,,,,,,,,,,,,,,,,,,,,,,,,,,,,,,,,,,,,,,,,,,,,,,,,,,,,,,,,,,,,,
🇺🇸,zylenox,0,0,9:03.668,9:16.588,31 May 2024,767,(U),unknown,,,https://www.youtube.com/watch?v=wWtTDwxgvwI,9,16,588,556588,12920,12.92,543668,1.356344079,421494,1.320512273,,0.6815,3.600798369,25.0426,36.7478,139.1028,6.47175,,,,,,,,,,,,,,,,,,,,,,,,,,,,,,,,,,,,,,,,,,,,,,,,,,,,,,,,,,,,,,,,,,,,,,,,,,,,,,,,,,,,,
🇳🇴,skycrab1,0,0,9:16.645,9:16.645,17 Oct 2024,628,(U),6561585119955405427,,,https://www.youtube.com/watch?v=MkMf2lrPDJk&list=PLU3_fvoJ1GyMStiA29z37DUPtG47PvOJz&index=85,9,16,645,556645,0,0,556645,1.356482982,421494,1.320647506,,0.7305,3.60330875,26.8163,36.7086,138.7798,6.47720,,,,,,,,,,,,,,,,,,,,,,,,,,,,,,,,,,,,,,,,,,,,,,,,,,,,,,,,,,,,,,,,,,,,,,,,,,,,,,,,,,,,,
🇹🇿,Kxpow,0,0,9:15.670,9:16.934,13 Jan 2024,906,(U),-6971781653969664165,,,https://www.youtube.com/watch?v=LSWoZhH81gU,9,16,934,556934,1264,1.264,555670,1.357187243,421494,1.321333163,,0.6357,3.616060579,23.2101,36.5100,137.1488,6.50490,,,,,,,,,,,,,,,,,,,,,,,,,,,,,,,,,,,,,,,,,,,,,,,,,,,,,,,,,,,,,,,,,,,,,,,,,,,,,,,,,,,,,
🇺🇸,Infume,0,1,9:13.433,9:16.955,05 Nov 2023,975,(V),2006249756228583623,09,Yes,https://www.speedrun.com/mc/runs/yoo68gjy,9,16,955,556955,3522,3.522,553433,1.357238418,465828,1.195623707,,0.6142,1.846351362,44.1585,71.9007,137.0308,6.50691,,,,,,,,,,,,,,,,,,,,,,,,,,,,,,,,,,,,,,,,,,,,,,,,,,,,,,,,,,,,,,,,,,,,,,,,,,,,,,,,,,,,,
🇨🇦,NoHacsJustRoblox,0,0,9:17.060,9:17.060,04 Oct 2024,641,(U),-7707972832259680714,,,https://www.youtube.com/watch?v=OErmac0MJfo,9,17,60,557060,0,0,557060,1.357494292,421494,1.321632099,,0.7258,3.621632641,26.4357,36.4235,136.4412,6.51701,,,,,,,,,,,,,,,,,,,,,,,,,,,,,,,,,,,,,,,,,,,,,,,,,,,,,,,,,,,,,,,,,,,,,,,,,,,,,,,,,,,,,
🇺🇸,doogile,0,0,9:17.074,9:17.074,22 Sep 2024,653,(U),7208789671149948230,,,https://www.youtube.com/watch?v=GoOPg6uyw0M,9,17,74,557074,0,0,557074,1.357528408,421494,1.321665314,,0.7214,3.622252226,26.2706,36.4139,136.3627,6.51835,,,,,,,,,,,,,,,,,,,,,,,,,,,,,,,,,,,,,,,,,,,,,,,,,,,,,,,,,,,,,,,,,,,,,,,,,,,,,,,,,,,,,
🇿🇦,Airpodsz,0,0,9:17.082,9:17.082,09 May 2025,424,(U),-7592157151259512396,,,https://www.youtube.com/watch?v=dGtOu27tzuo&list=PLjW0OIc7zcEcCMM5essHmBGzf92S0FzKi&index=5,9,17,82,557082,0,0,557082,1.357547903,421494,1.321684294,,0.8090,3.622606317,29.4531,36.4084,136.3179,6.51912,,,,,,,,,,,,,,,,,,,,,,,,,,,,,,,,,,,,,,,,,,,,,,,,,,,,,,,,,,,,,,,,,,,,,,,,,,,,,,,,,,,,,
🇸🇰,NoFear1337,0,0,9:17.140,9:17.140,12 Dec 2022,1303,(U),unknown,,,https://www.youtube.com/watch?v=6nhON_z_fUs,9,17,140,557140,0,0,557140,1.357689243,495537,1.124315641,,0.5213,1.235501657,45.1008,86.5222,135.9931,6.52470,,,,,,,,,,,,,,,,,,,,,,,,,,,,,,,,,,,,,,,,,,,,,,,,,,,,,,,,,,,,,,,,,,,,,,,,,,,,,,,,,,,,,
🇸🇪,v_strid,0,1,9:15.088,9:17.250,02 Feb 2024,886,(V),6716184189249673793,,,https://www.speedrun.com/mc/runs/z0xg7k8z,9,17,250,557250,2162,2.162,555088,1.357957301,421494,1.322082877,,0.6421,3.630049269,23.3041,36.2932,135.3782,6.53530,,,,,,,,,,,,,,,,,,,,,,,,,,,,,,,,,,,,,,,,,,,,,,,,,,,,,,,,,,,,,,,,,,,,,,,,,,,,,,,,,,,,,
🇩🇰,Bloopy,0,0,9:17.397,9:17.397,31 Oct 2024,614,(U),-8999228905854836808,,,https://www.youtube.com/watch?v=3DH8mKGha0g,9,17,397,557397,0,0,557397,1.358315524,421494,1.322431636,,0.7357,3.636572906,26.6250,36.1924,134.5591,6.54949,,,,,,,,,,,,,,,,,,,,,,,,,,,,,,,,,,,,,,,,,,,,,,,,,,,,,,,,,,,,,,,,,,,,,,,,,,,,,,,,,,,,,
🇫🇮,AndrewCrow,0,1,9:16.632,9:17.414,04 Mar 2025,490,(V),-7135634061431368207,,,https://www.speedrun.com/mc/runs/y6geo5jm,9,17,414,557414,782,0.782,556632,1.358356951,421494,1.322471969,,0.7827,3.637328006,28.3188,36.1808,134.4646,6.55114,,,,,,,,,,,,,,,,,,,,,,,,,,,,,,,,,,,,,,,,,,,,,,,,,,,,,,,,,,,,,,,,,,,,,,,,,,,,,,,,,,,,,
🇺🇸,zylenox,0,0,9:10.985,9:17.522,15 May 2023,1148.104167,(U),-7323274319262585461,15,Yes,https://www.youtube.com/watch?v=EUYjJCqOPdc,9,17,522,557522,6537,6.537,550985,1.358620135,465828,1.196840894,,0.5632,1.858834369,40.3307,71.6050,133.8649,6.56158,,,,,,,,,,,,,,,,,,,,,,,,,,,,,,,,,,,,,,,,,,,,,,,,,,,,,,,,,,,,,,,,,,,,,,,,,,,,,,,,,,,,,
🇺🇸,zylenox,0,0,9:13.869,9:17.609,30 Jan 2023,1254,(U),-7020151109902988040,15,Yes,https://www.youtube.com/watch?v=LFG9a3caV7M,9,17,609,557609,3740,3.74,553869,1.358832145,495537,1.125262089,,0.5342,1.242209629,46.1349,86.3639,133.3829,6.57000,,,,,,,,,,,,,,,,,,,,,,,,,,,,,,,,,,,,,,,,,,,,,,,,,,,,,,,,,,,,,,,,,,,,,,,,,,,,,,,,,,,,,
🇫🇮,sadekeppi,0,1,9:16.512,9:17.825,18 Sep 2024,657,(V),-8519881394831868986,,,https://www.speedrun.com/mc/runs/yvxpxe6z,9,17,825,557825,1313,1.313,556512,1.359358513,421494,1.323447072,,0.7200,3.655625773,25.8476,35.8993,132.1906,6.59096,,,,,,,,,,,,,,,,,,,,,,,,,,,,,,,,,,,,,,,,,,,,,,,,,,,,,,,,,,,,,,,,,,,,,,,,,,,,,,,,,,,,,
🇸🇪,PAPLERR,0,0,9:17.999,9:17.999,28 May 2024,770,(U),unknown,,,https://www.youtube.com/watch?v=aONTzzYtIQc,9,17,999,557999,0,0,557999,1.359782532,421494,1.323859889,,0.6805,3.663396682,24.3467,35.7803,131.2348,6.60789,,,,,,,,,,,,,,,,,,,,,,,,,,,,,,,,,,,,,,,,,,,,,,,,,,,,,,,,,,,,,,,,,,,,,,,,,,,,,,,,,,,,,
🇳🇴,skycrab1,0,0,9:18.049,9:18.049,10 Oct 2024,635,(U),7717196540961604110,,,https://www.youtube.com/watch?v=zMUJ5AJmou8&list=PLU3_fvoJ1GyMStiA29z37DUPtG47PvOJz&index=80,9,18,49,558049,0,0,558049,1.359904376,421494,1.323978515,,0.7280,3.665632392,26.0220,35.7462,130.9609,6.61276,,,,,,,,,,,,,,,,,,,,,,,,,,,,,,,,,,,,,,,,,,,,,,,,,,,,,,,,,,,,,,,,,,,,,,,,,,,,,,,,,,,,,
🇳🇴,skycrab1,0,0,9:18.430,9:18.430,22 Jul 2025,350,(U),unknown,,,https://www.youtube.com/watch?v=za-UzBn_QrM&list=PLU3_fvoJ1GyMStiA29z37DUPtG47PvOJz&index=134,9,18,430,558430,0,0,558430,1.360832832,410359,1.360832832,,0.8395,4.421190918,21.4992,25.6108,128.8846,6.64998,,,,,,,,,,,,,,,,,,,,,,,,,,,,,,,,,,,,,,,,,,,,,,,,,,,,,,,,,,,,,,,,,,,,,,,,,,,,,,,,,,,,,
🇦🇺,mikky_,0,0,9:16.496,9:18.536,09 Feb 2026,148,(U),unknown,,,https://www.youtube.com/watch?v=5nIhFrFytpk,9,18,536,558536,2040,2.04,556496,1.361091142,410359,1.361091142,,0.9287,4.426935863,23.7220,25.5441,128.3104,6.66037,,,,,,,,,,,,,,,,,,,,,,,,,,,,,,,,,,,,,,,,,,,,,,,,,,,,,,,,,,,,,,,,,,,,,,,,,,,,,,,,,,,,,
🇺🇸,Reignex,0,0,9:18.705,9:18.705,14 Oct 2023,997,(U),unknown,12,Yes,https://www.youtube.com/watch?v=4FF1nTxjHGU,9,18,705,558705,0,0,558705,1.361502977,465828,1.199380458,,0.6074,1.885125621,43.1182,70.9833,127.3981,6.67696,,,,,,,,,,,,,,,,,,,,,,,,,,,,,,,,,,,,,,,,,,,,,,,,,,,,,,,,,,,,,,,,,,,,,,,,,,,,,,,,,,,,,
🇵🇱,okshey,0,0,9:15.055,9:18.727,18 Oct 2025,262,(U),see video,,,https://www.youtube.com/watch?v=dMuMFmERlLs,9,18,727,558727,3672,3.672,555055,1.361556588,410359,1.361556588,,0.8772,4.437304133,22.3023,25.4239,127.2797,6.67912,,,,,,,,,,,,,,,,,,,,,,,,,,,,,,,,,,,,,,,,,,,,,,,,,,,,,,,,,,,,,,,,,,,,,,,,,,,,,,,,,,,,,
🇦🇿,KenanKardes,0,0,9:18.778,9:18.778,27 Jan 2025,526,(U),-6623698323742859643,,,https://www.youtube.com/watch?v=rL1KGMFLajg,9,18,778,558778,0,0,558778,1.36168087,421494,1.325708077,,0.7687,3.698365872,27.0971,35.2487,127.0053,6.68414,,,,,,,,,,,,,,,,,,,,,,,,,,,,,,,,,,,,,,,,,,,,,,,,,,,,,,,,,,,,,,,,,,,,,,,,,,,,,,,,,,,,,
🇸🇰,NoFear1337,0,0,9:16.999,9:18.825,30 Dec 2023,920,(U),unknown,,,https://www.youtube.com/watch?v=LBJgput7Jd4&list=PLaTJSsRuu2UeeWabBBfNVWALvnefBoL2C&index=2,9,18,825,558825,1826,1.826,556999,1.361795404,446254,1.252257683,,0.6313,2.514492931,35.8570,56.8002,126.7527,6.68877,,,,,,,,,,,,,,,,,,,,,,,,,,,,,,,,,,,,,,,,,,,,,,,,,,,,,,,,,,,,,,,,,,,,,,,,,,,,,,,,,,,,,
🇸🇰,NoFear1337,0,0,9:18.887,9:18.887,23 Jun 2024,744,(U),unknown,,,https://www.youtube.com/watch?v=07u83rRMp7g&list=PLaTJSsRuu2UeeWabBBfNVWALvnefBoL2C&index=10,9,18,887,558887,0,0,558887,1.361946491,421494,1.32596668,,0.6894,3.703282244,24.2476,35.1744,126.4200,6.69487,,,,,,,,,,,,,,,,,,,,,,,,,,,,,,,,,,,,,,,,,,,,,,,,,,,,,,,,,,,,,,,,,,,,,,,,,,,,,,,,,,,,,
🇹🇷,ulsahin,0,1,9:11.907,9:18.901,22 Oct 2022,1354,(V),-9175405862479286955,01,Yes,https://www.speedrun.com/mc/run/yw62x49m,9,18,901,558901,6994,6.994,551907,1.361980607,517884,1.079201134,,0.5081,0.9524850175,47.2556,92.9973,126.3449,6.69625,,,,,,,,,,,,,,,,,,,,,,,,,,,,,,,,,,,,,,,,,,,,,,,,,,,,,,,,,,,,,,,,,,,,,,,,,,,,,,,,,,,,,
🇳🇴,skycrab1,0,0,9:17.770,9:18.915,05 Jul 2024,732,(U),9011816872477408016,,,https://www.youtube.com/watch?v=LWG_qoaOPj0&list=PLU3_fvoJ1GyMStiA29z37DUPtG47PvOJz&index=39,9,18,915,558915,1145,1.145,557770,1.362014724,421494,1.326033111,,0.6935,3.704546094,24.3803,35.1554,126.2699,6.69763,,,,,,,,,,,,,,,,,,,,,,,,,,,,,,,,,,,,,,,,,,,,,,,,,,,,,,,,,,,,,,,,,,,,,,,,,,,,,,,,,,,,,
🇹🇿,Kxpow,0,0,9:18.000,9:19.060,28 May 2024,770,(U),5540784854483904308,,,https://www.youtube.com/watch?v=vgONoZbPcTc,9,19,60,559060,1060,1.06,558000,1.362368073,421494,1.326377125,,0.6805,3.711097113,23.8543,35.0567,125.4943,6.71194,,,,,,,,,,,,,,,,,,,,,,,,,,,,,,,,,,,,,,,,,,,,,,,,,,,,,,,,,,,,,,,,,,,,,,,,,,,,,,,,,,,,,
🇬🇧,priffie,0,0,9:19.148,9:19.148,23 Nov 2024,591,(U),7827145101962216509,,,https://www.youtube.com/watch?v=3iy1RYg4UfQ,9,19,148,559148,0,0,559148,1.362582519,421494,1.326585906,,0.7442,3.715077878,26.0432,34.9968,125.0250,6.72063,,,,,,,,,,,,,,,,,,,,,,,,,,,,,,,,,,,,,,,,,,,,,,,,,,,,,,,,,,,,,,,,,,,,,,,,,,,,,,,,,,,,,
🇩🇰,Bloopy,0,0,9:18.948,9:19.201,15 May 2024,783,(U),-4253594903097616882,,,https://www.youtube.com/watch?v=phM9zY5QURA,9,19,201,559201,253,0.253,558948,1.362711674,421494,1.32671165,,0.6760,3.717477199,23.6350,34.9608,124.7429,6.72587,,,,,,,,,,,,,,,,,,,,,,,,,,,,,,,,,,,,,,,,,,,,,,,,,,,,,,,,,,,,,,,,,,,,,,,,,,,,,,,,,,,,,
🇺🇸,Feinberg,0,0,9:19.272,9:19.272,27 Aug 2025,314,(U),5931765018474160498,,,https://www.youtube.com/watch?v=AW8biucjxzA,9,19,272,559272,0,0,559272,1.362884694,410359,1.362884694,,0.8547,4.467006143,21.4381,25.0825,124.3655,6.73290,,,,,,,,,,,,,,,,,,,,,,,,,,,,,,,,,,,,,,,,,,,,,,,,,,,,,,,,,,,,,,,,,,,,,,,,,,,,,,,,,,,,,
🇺🇸,Redstcne,0,1,9:18.180,9:19.332,25 Dec 2023,925,(V),-6193469961585936628,,,https://www.speedrun.com/mc/run/zqd8p78m,9,19,332,559332,1152,1.152,558180,1.363030907,446254,1.253393807,,0.6297,2.529868753,35.5623,56.4744,124.0471,6.73885,,,,,,,,,,,,,,,,,,,,,,,,,,,,,,,,,,,,,,,,,,,,,,,,,,,,,,,,,,,,,,,,,,,,,,,,,,,,,,,,,,,,,
🇧🇷,sanjinhu,0,1,9:17.533,9:19.616,14 Jul 2025,358,(V),7650618747477981610,,,https://www.speedrun.com/mc/runs/z5wplwgz,9,19,616,559616,2083,2.083,557533,1.363722984,410359,1.363722984,,0.8361,4.485843443,20.7922,24.8679,122.5468,6.76705,,,,,,,,,,,,,,,,,,,,,,,,,,,,,,,,,,,,,,,,,,,,,,,,,,,,,,,,,,,,,,,,,,,,,,,,,,,,,,,,,,,,,
🇺🇦,7rowl,0,0,9:20.008,9:20.008,09 Dec 2023,941,(U),-3950245049777822737,12,Yes,https://www.youtube.com/watch?v=h-SMqgJqpj8,9,20,8,560008,0,0,560008,1.364678245,446254,1.254908639,,0.6247,2.55050035,35.0069,56.0389,120.4938,6.80614,,,,,,,,,,,,,,,,,,,,,,,,,,,,,,,,,,,,,,,,,,,,,,,,,,,,,,,,,,,,,,,,,,,,,,,,,,,,,,,,,,,,,
🇸🇰,NoFear1337,0,0,9:20.067,9:20.067,17 Mar 2024,842,(U),unknown,,,https://www.youtube.com/watch?v=wx_CPxzxwnY&list=PLaTJSsRuu2UeeWabBBfNVWALvnefBoL2C&index=7,9,20,67,560067,0,0,560067,1.364822022,421494,1.328766246,,0.6564,3.756875002,22.5622,34.3731,120.1866,6.81204,,,,,,,,,,,,,,,,,,,,,,,,,,,,,,,,,,,,,,,,,,,,,,,,,,,,,,,,,,,,,,,,,,,,,,,,,,,,,,,,,,,,,
🇩🇰,Bloopy,0,0,9:20.313,9:20.313,14 Sep 2024,661,(U),1197606622777508367,,,https://www.youtube.com/watch?v=uvKQQ_wiAXU,9,20,313,560313,0,0,560313,1.365421497,421494,1.329349884,,0.7186,3.768133374,24.5797,34.2067,118.9109,6.83670,,,,,,,,,,,,,,,,,,,,,,,,,,,,,,,,,,,,,,,,,,,,,,,,,,,,,,,,,,,,,,,,,,,,,,,,,,,,,,,,,,,,,
🇸🇰,NoFear1337,0,1,9:20.103,9:20.564,05 Nov 2022,1340,(V),-04661894098057216280,,,https://www.speedrun.com/mc/runs/znq62l9z,9,20,564,560564,461,0.461,560103,1.366033156,517884,1.082412278,,0.5117,0.970400181,47.3858,92.6031,117.6178,6.86194,,,,,,,,,,,,,,,,,,,,,,,,,,,,,,,,,,,,,,,,,,,,,,,,,,,,,,,,,,,,,,,,,,,,,,,,,,,,,,,,,,,,,
🇿🇦,Airpodsz,0,0,9:20.764,9:20.764,10 Oct 2025,270,(U),8202288226526358896,,,https://www.youtube.com/watch?v=aTw9MuaTVCc&list=PLjW0OIc7zcEcCMM5essHmBGzf92S0FzKi&index=13,9,20,764,560764,0,0,560764,1.366520534,410359,1.366520534,,0.8737,4.549212404,21.1069,24.1576,116.5935,6.88211,,,,,,,,,,,,,,,,,,,,,,,,,,,,,,,,,,,,,,,,,,,,,,,,,,,,,,,,,,,,,,,,,,,,,,,,,,,,,,,,,,,,,
🇨🇦,dandannyboy,0,1,9:17.413,9:20.810,17 Aug 2024,689,(V),5069141939301614256,,,https://www.speedrun.com/mc/runs/zqqv725z,9,20,810,560810,3397,3.397,557413,1.366632631,421494,1.330529023,,0.7086,3.790969619,24.0001,33.8710,116.3587,6.88676,,,,,,,,,,,,,,,,,,,,,,,,,,,,,,,,,,,,,,,,,,,,,,,,,,,,,,,,,,,,,,,,,,,,,,,,,,,,,,,,,,,,,
🇿🇦,Airpodsz,0,0,9:20.925,9:20.925,22 Jul 2025,350,(U),-5682170692209227387,,,https://www.youtube.com/watch?v=LlCBi4LbqvQ&list=PLjW0OIc7zcEcCMM5essHmBGzf92S0FzKi&index=8,9,20,925,560925,0,0,560925,1.366912874,410359,1.366912874,,0.8395,4.55816195,20.1962,24.0587,115.7729,6.89839,,,,,,,,,,,,,,,,,,,,,,,,,,,,,,,,,,,,,,,,,,,,,,,,,,,,,,,,,,,,,,,,,,,,,,,,,,,,,,,,,,,,,
🇫🇮,sadekeppi,0,0,9:20.981,9:20.981,17 Feb 2026,140,(U),unknown,,,https://www.youtube.com/watch?v=UcBuJ---HfI,9,20,981,560981,0,0,560981,1.36704934,410359,1.36704934,,0.9324,4.561278451,22.4001,24.0243,115.4883,6.90406,,,,,,,,,,,,,,,,,,,,,,,,,,,,,,,,,,,,,,,,,,,,,,,,,,,,,,,,,,,,,,,,,,,,,,,,,,,,,,,,,,,,,
🇹🇿,Kxpow,0,0,9:18.860,9:21.100,25 Feb 2024,863,(U),-1070171335018102689,,,https://www.youtube.com/watch?v=7qv8ewBebLE,9,21,100,561100,2240,2.24,558860,1.36733933,421494,1.331217052,,0.6495,3.804350803,21.8734,33.6755,114.8850,6.91612,,,,,,,,,,,,,,,,,,,,,,,,,,,,,,,,,,,,,,,,,,,,,,,,,,,,,,,,,,,,,,,,,,,,,,,,,,,,,,,,,,,,,
🇳🇴,skycrab1,0,0,9:21.103,9:21.103,20 Sep 2025,290,(U),see video,,,https://www.youtube.com/watch?v=GHKDc6d-Fes&list=PLU3_fvoJ1GyMStiA29z37DUPtG47PvOJz&index=140,9,21,103,561103,0,0,561103,1.36734664,410359,1.36734664,,0.8650,4.568074436,20.7168,23.9495,114.8698,6.91642,,,,,,,,,,,,,,,,,,,,,,,,,,,,,,,,,,,,,,,,,,,,,,,,,,,,,,,,,,,,,,,,,,,,,,,,,,,,,,,,,,,,,
🇺🇸,doogile,0,0,9:20.519,9:21.114,10 Dec 2023,940,(U),-3029852224010085717,,,https://www.youtube.com/watch?v=ddJ5zdyslbw,9,21,114,561114,595,0.595,560519,1.367373446,446254,1.257387049,,0.6250,2.584579418,34.5777,55.3241,114.8141,6.91754,,,,,,,,,,,,,,,,,,,,,,,,,,,,,,,,,,,,,,,,,,,,,,,,,,,,,,,,,,,,,,,,,,,,,,,,,,,,,,,,,,,,,
🇺🇸,doogile,0,1,9:18.601,9:21.223,31 Aug 2022,1406,(V),-926914523663257060,,,https://www.speedrun.com/mc/runs/znq7rllz,9,21,223,561223,2622,2.622,558601,1.367639067,517884,1.083684763,,0.4951,0.9775881996,45.7689,92.4441,114.2634,6.92861,,,,,,,,,,,,,,,,,,,,,,,,,,,,,,,,,,,,,,,,,,,,,,,,,,,,,,,,,,,,,,,,,,,,,,,,,,,,,,,,,,,,,
🇵🇱,okshey,0,0,9:19.696,9:21.313,12 Jul 2025,360,(U),9087194925192302501,,,https://www.youtube.com/watch?v=YhRxM08p0zE,9,21,313,561313,1617,1.617,559696,1.367858387,410359,1.367858387,,0.8353,4.579793226,19.8970,23.8210,113.8099,6.93775,,,,,,,,,,,,,,,,,,,,,,,,,,,,,,,,,,,,,,,,,,,,,,,,,,,,,,,,,,,,,,,,,,,,,,,,,,,,,,,,,,,,,
🇺🇸,zylenox,0,0,9:21.318,9:21.318,04 Jul 2025,368,(U),unknown,,,https://www.youtube.com/watch?v=sDo5pv-8AWo,9,21,318,561318,0,0,561318,1.367870572,410359,1.367870572,,0.8319,4.580072566,19.8150,23.8179,113.7847,6.93826,,,,,,,,,,,,,,,,,,,,,,,,,,,,,,,,,,,,,,,,,,,,,,,,,,,,,,,,,,,,,,,,,,,,,,,,,,,,,,,,,,,,,
🇮🇱,orachi,0,1,9:17.041,9:21.403,15 Oct 2024,630,(V),-6838685268510991553,,,https://www.speedrun.com/mc/runs/y8po4rxz,9,21,403,561403,4362,4.362,557041,1.368077708,421494,1.331935923,,0.7298,3.818376231,24.4272,33.4715,113.3575,6.94691,,,,,,,,,,,,,,,,,,,,,,,,,,,,,,,,,,,,,,,,,,,,,,,,,,,,,,,,,,,,,,,,,,,,,,,,,,,,,,,,,,,,,
🇺🇸,zylenox,0,0,9:19.844,9:21.472,13 May 2024,785,(U),unknown,,,,9,21,472,561472,1628,1.628,559844,1.368245853,421494,1.332099627,,0.6754,3.821576496,22.5742,33.4252,113.0114,6.95394,,,,,,,,,,,,,,,,,,,,,,,,,,,,,,,,,,,,,,,,,,,,,,,,,,,,,,,,,,,,,,,,,,,,,,,,,,,,,,,,,,,,,
🇺🇸,doogile,0,0,9:18.200,9:21.657,13 Oct 2023,998,(U),5505825860127473867,,,https://www.youtube.com/watch?v=ePu9GV9eOKA,9,21,657,561657,3457,3.457,558200,1.368696678,465828,1.205717561,,0.6071,1.952205241,42.1385,69.4052,112.0866,6.97282,,,,,,,,,,,,,,,,,,,,,,,,,,,,,,,,,,,,,,,,,,,,,,,,,,,,,,,,,,,,,,,,,,,,,,,,,,,,,,,,,,,,,
🇳🇴,skycrab1,0,0,9:21.700,9:21.700,18 Nov 2024,596,(U),4892185153542737576,,,https://www.youtube.com/watch?v=ZDMheI2JkhE&list=PLU3_fvoJ1GyMStiA29z37DUPtG47PvOJz&index=95,9,21,700,561700,0,0,561700,1.368801464,421494,1.33264056,,0.7423,3.832168078,24.6978,33.2720,111.8723,6.97722,,,,,,,,,,,,,,,,,,,,,,,,,,,,,,,,,,,,,,,,,,,,,,,,,,,,,,,,,,,,,,,,,,,,,,,,,,,,,,,,,,,,,
🇿🇦,Airpodsz,0,0,9:21.746,9:21.746,04 Oct 2025,276,(U),8717532358866919839,,,https://www.youtube.com/watch?v=GaRAj44ZXQU&list=PLjW0OIc7zcEcCMM5essHmBGzf92S0FzKi&index=11,9,21,746,561746,0,0,561746,1.368913561,410359,1.368913561,,0.8711,4.604039443,20.5204,23.5570,111.6434,6.98192,,,,,,,,,,,,,,,,,,,,,,,,,,,,,,,,,,,,,,,,,,,,,,,,,,,,,,,,,,,,,,,,,,,,,,,,,,,,,,,,,,,,,
🇺🇸,oxidiot,0,1,9:21.111,9:21.759,30 Apr 2023,1163.291667,(V),-5459883539213513455,,,https://www.speedrun.com/mc/run/m3qd5r6y,9,21,759,561759,648,0.648,561111,1.368945241,465828,1.205936526,,0.5590,1.954561119,38.7651,69.3500,111.5788,6.98325,,,,,,,,,,,,,,,,,,,,,,,,,,,,,,,,,,,,,,,,,,,,,,,,,,,,,,,,,,,,,,,,,,,,,,,,,,,,,,,,,,,,,
🇳🇴,skycrab1,0,0,9:21.933,9:21.933,21 Oct 2024,624,(U),-5604599059233679142,,,https://www.youtube.com/watch?v=IfSVkk_BYyI&list=PLU3_fvoJ1GyMStiA29z37DUPtG47PvOJz&index=87,9,21,933,561933,0,0,561933,1.36936926,421494,1.333193355,,0.7320,3.843018615,24.2400,33.1157,110.7157,7.00108,,,,,,,,,,,,,,,,,,,,,,,,,,,,,,,,,,,,,,,,,,,,,,,,,,,,,,,,,,,,,,,,,,,,,,,,,,,,,,,,,,,,,
🇸🇰,NoFear1337,0,0,9:22.270,9:22.270,06 Dec 2023,944,(U),unknown,,,https://www.youtube.com/watch?v=4AiI-9WGRVg,9,22,270,562270,0,0,562270,1.370190492,465828,1.207033497,,0.6238,1.96640231,43.0844,69.0728,109.0558,7.03571,,,,,,,,,,,,,,,,,,,,,,,,,,,,,,,,,,,,,,,,,,,,,,,,,,,,,,,,,,,,,,,,,,,,,,,,,,,,,,,,,,,,,
🇿🇦,Airpodsz,0,0,9:22.276,9:22.276,30 Jan 2026,158,(U),-7344504832917567171,,,https://www.youtube.com/watch?v=mW0bPVkZyHc&list=PLjW0OIc7zcEcCMM5essHmBGzf92S0FzKi&index=25,9,22,276,562276,0,0,562276,1.370205113,410359,1.370205113,,0.9240,4.633870288,21.4706,23.2356,109.0264,7.03633,,,,,,,,,,,,,,,,,,,,,,,,,,,,,,,,,,,,,,,,,,,,,,,,,,,,,,,,,,,,,,,,,,,,,,,,,,,,,,,,,,,,,
🇺🇸,zylenox,0,0,9:21.183,9:22.434,23 Apr 2024,805,(U),unknown,,,https://www.youtube.com/watch?v=NL_05o0zjKg&pp=0gcJCQQLAYcqIYzv,9,22,434,562434,1251,1.251,561183,1.370590142,421494,1.334381984,,0.6686,3.866441209,21.9184,32.7802,108.2537,7.05262,,,,,,,,,,,,,,,,,,,,,,,,,,,,,,,,,,,,,,,,,,,,,,,,,,,,,,,,,,,,,,,,,,,,,,,,,,,,,,,,,,,,,
🇨🇦,Aquacorde,0,0,9:22.481,9:22.481,26 May 2024,772,(U),2029778823013494560,,,https://www.youtube.com/watch?v=A__tIzZKmi4,9,22,481,562481,0,0,562481,1.370704676,421494,1.334493492,,0.6798,3.868644969,22.2617,32.7488,108.0245,7.05747,,,,,,,,,,,,,,,,,,,,,,,,,,,,,,,,,,,,,,,,,,,,,,,,,,,,,,,,,,,,,,,,,,,,,,,,,,,,,,,,,,,,,
🇨🇦,Aquacorde,0,0,9:22.502,9:22.502,07 Jun 2025,395,(U),-803046318085136033,,,https://www.youtube.com/watch?v=XDNtWhu2Vbk,9,22,502,562502,0,0,562502,1.37075585,421494,1.334543315,,0.8208,3.869629986,26.8680,32.7347,107.9222,7.05964,,,,,,,,,,,,,,,,,,,,,,,,,,,,,,,,,,,,,,,,,,,,,,,,,,,,,,,,,,,,,,,,,,,,,,,,,,,,,,,,,,,,,
🇿🇦,Airpodsz,0,0,9:22.503,9:22.503,13 Feb 2026,144,(U),-8952982730153359190,,,https://www.youtube.com/watch?v=qr85451zGsc&list=PLjW0OIc7zcEcCMM5essHmBGzf92S0FzKi&index=30,9,22,503,562503,0,0,562503,1.370758287,410359,1.370758287,,0.9305,4.646698599,21.4939,23.0985,107.9173,7.05975,,,,,,,,,,,,,,,,,,,,,,,,,,,,,,,,,,,,,,,,,,,,,,,,,,,,,,,,,,,,,,,,,,,,,,,,,,,,,,,,,,,,,
🇹🇿,Kxpow,0,0,9:21.477,9:22.628,25 Nov 2024,589,(U),-7404386622282913682,,,https://www.youtube.com/watch?v=8Oy2tN5jbxQ,9,22,628,562628,1151,1.151,561477,1.371062899,421494,1.334842252,,0.7449,3.875544718,24.3215,32.6506,107.3096,7.07267,,,,,,,,,,,,,,,,,,,,,,,,,,,,,,,,,,,,,,,,,,,,,,,,,,,,,,,,,,,,,,,,,,,,,,,,,,,,,,,,,,,,,
🇨🇦,Aquacorde,0,0,9:22.630,9:22.919,24 Jun 2025,378,(U),-731369506168980347,,,https://www.youtube.com/watch?v=JWt0HXHpP90,9,22,919,562919,289,0.289,562630,1.371772034,410359,1.371772034,,0.8278,4.670288513,18.9135,22.8483,105.9030,7.10284,,,,,,,,,,,,,,,,,,,,,,,,,,,,,,,,,,,,,,,,,,,,,,,,,,,,,,,,,,,,,,,,,,,,,,,,,,,,,,,,,,,,,
🇿🇦,Airpodsz,0,0,9:22.992,9:22.992,04 Feb 2026,153,(U),9186072717829534641,,,https://www.youtube.com/watch?v=xd8luqUIyHQ&list=PLjW0OIc7zcEcCMM5essHmBGzf92S0FzKi&index=28,9,22,992,562992,0,0,562992,1.371949927,410359,1.371949927,,0.9264,4.67443889,21.1250,22.8045,105.5520,7.11043,,,,,,,,,,,,,,,,,,,,,,,,,,,,,,,,,,,,,,,,,,,,,,,,,,,,,,,,,,,,,,,,,,,,,,,,,,,,,,,,,,,,,
🇭🇷,CroProYT,0,0,9:23.011,9:23.011,05 Sep 2023,1036,(U),-6782874286453284642,,,https://www.youtube.com/watch?v=t5T7-utQrwk,9,23,11,563011,0,0,563011,1.371996228,465828,1.208624213,,0.5957,1.98368829,40.9068,68.6688,105.4607,7.11240,,,,,,,,,,,,,,,,,,,,,,,,,,,,,,,,,,,,,,,,,,,,,,,,,,,,,,,,,,,,,,,,,,,,,,,,,,,,,,,,,,,,,
🇺🇸,meebie,0,0,9:22.696,9:23.114,24 Dec 2023,926,(U),-915907836254045753,06,Yes,https://www.youtube.com/watch?v=Dr2HLNRqUNg,9,23,114,563114,418,0.418,562696,1.372247227,446254,1.261868801,,0.6294,2.64723741,34.0027,54.0246,104.9669,7.12312,,,,,,,,,,,,,,,,,,,,,,,,,,,,,,,,,,,,,,,,,,,,,,,,,,,,,,,,,,,,,,,,,,,,,,,,,,,,,,,,,,,,,
🇺🇸,zylenox,0,0,9:18.196,9:23.126,17 Dec 2025,202,(U),unknown,,,https://www.youtube.com/watch?v=Egmf75w86ko&t=465s,9,23,126,563126,4930,4.93,558196,1.37227647,410359,1.37227647,,0.9039,4.682065799,20.5412,22.7242,104.9095,7.12437,,,,,,,,,,,,,,,,,,,,,,,,,,,,,,,,,,,,,,,,,,,,,,,,,,,,,,,,,,,,,,,,,,,,,,,,,,,,,,,,,,,,,
🇹🇿,Kxpow,0,0,9:22.800,9:23.240,15 Aug 2024,691,(U),6054288791678680157,,,https://www.youtube.com/watch?v=AnGRa7hNR5Q,9,23,240,563240,440,0.44,562800,1.372554276,421494,1.33629423,,0.7079,3.904386707,22.8234,32.2426,104.3649,7.13625,,,,,,,,,,,,,,,,,,,,,,,,,,,,,,,,,,,,,,,,,,,,,,,,,,,,,,,,,,,,,,,,,,,,,,,,,,,,,,,,,,,,,
🇺🇸,Saturn1249,0,1,9:20.714,9:23.292,14 Oct 2023,997,(V),4043113488438547453,09,Yes,https://www.speedrun.com/mc/runs/ywn0489y,9,23,292,563292,2578,2.578,560714,1.372680994,465828,1.20922744,,0.6074,1.990279222,41.6189,68.5151,104.1170,7.14168,,,,,,,,,,,,,,,,,,,,,,,,,,,,,,,,,,,,,,,,,,,,,,,,,,,,,,,,,,,,,,,,,,,,,,,,,,,,,,,,,,,,,
🇺🇸,zylenox,0,0,9:20.840,9:23.393,29 Jun 2025,373,(U),unknown,,,https://www.youtube.com/watch?v=A_AutcLK3j0,9,23,393,563393,2553,2.553,560840,1.37292712,410359,1.37292712,,0.8299,4.697295201,18.7255,22.5647,103.6367,7.15223,,,,,,,,,,,,,,,,,,,,,,,,,,,,,,,,,,,,,,,,,,,,,,,,,,,,,,,,,,,,,,,,,,,,,,,,,,,,,,,,,,,,,
🇫🇮,Cube1337x,0,0,9:23.434,9:23.434,05 Dec 2022,1310,(U),unknown,12,Yes,https://www.youtube.com/watch?v=DabM3su7vRg,9,23,434,563434,0,0,563434,1.373027032,495537,1.137017014,,0.5194,1.328397002,43.7982,84.3178,103.4421,7.15652,,,,,,,,,,,,,,,,,,,,,,,,,,,,,,,,,,,,,,,,,,,,,,,,,,,,,,,,,,,,,,,,,,,,,,,,,,,,,,,,,,,,,
🇸🇰,NoFear1337,0,0,9:23.530,9:23.530,09 Sep 2024,666,(U),unknown,,,https://www.youtube.com/watch?v=LcP3_KsnQBU&list=PLaTJSsRuu2UeeWabBBfNVWALvnefBoL2C&index=13,9,23,530,563530,0,0,563530,1.373260974,421494,1.336982258,,0.7168,3.918119475,22.9723,32.0498,102.9874,7.16656,,,,,,,,,,,,,,,,,,,,,,,,,,,,,,,,,,,,,,,,,,,,,,,,,,,,,,,,,,,,,,,,,,,,,,,,,,,,,,,,,,,,,
🇫🇮,AndrewCrow,0,0,9:22.604,9:23.535,21 Apr 2025,442,(U),unknown,,,https://www.youtube.com/watch?v=5q8FW1Ippp0,9,23,535,563535,931,0.931,562604,1.373273158,421494,1.336994121,,0.8017,3.918356619,25.6922,32.0464,102.9637,7.16709,,,,,,,,,,,,,,,,,,,,,,,,,,,,,,,,,,,,,,,,,,,,,,,,,,,,,,,,,,,,,,,,,,,,,,,,,,,,,,,,,,,,,
🇸🇪,v_strid,0,0,9:21.355,9:23.554,12 Feb 2024,876,(U),unknown,,,https://www.youtube.com/watch?v=0F9IHJbbpEo,9,23,554,563554,2199,2.199,561355,1.373319459,421494,1.337039199,,0.6453,3.919257881,20.6722,32.0338,102.8739,7.16908,,,,,,,,,,,,,,,,,,,,,,,,,,,,,,,,,,,,,,,,,,,,,,,,,,,,,,,,,,,,,,,,,,,,,,,,,,,,,,,,,,,,,
🇨🇦,Aquacorde,0,0,9:22.799,9:23.620,20 Jun 2025,382,(U),-4713042810041071084,,,https://www.youtube.com/watch?v=tUPPN8xWm5Q,9,23,620,563620,821,0.821,562799,1.373480294,410359,1.373480294,,0.8261,4.710277148,18.5297,22.4294,102.5622,7.17599,,,,,,,,,,,,,,,,,,,,,,,,,,,,,,,,,,,,,,,,,,,,,,,,,,,,,,,,,,,,,,,,,,,,,,,,,,,,,,,,,,,,,
🇳🇴,skycrab1,0,0,9:23.687,9:23.687,03 Oct 2024,642,(U),-7384765236082352690,,,https://www.youtube.com/watch?v=F1V1bKWF_BA&list=PLU3_fvoJ1GyMStiA29z37DUPtG47PvOJz&index=74,9,23,687,563687,0,0,563687,1.373643566,421494,1.337354743,,0.7254,3.925571824,23.1740,31.9455,102.2464,7.18302,,,,,,,,,,,,,,,,,,,,,,,,,,,,,,,,,,,,,,,,,,,,,,,,,,,,,,,,,,,,,,,,,,,,,,,,,,,,,,,,,,,,,
🇳🇴,skycrab1,0,0,9:23.710,9:23.710,05 Sep 2024,670,(U),9087246093674379559,,,https://www.youtube.com/watch?v=4u3juUdWOrY&list=PLU3_fvoJ1GyMStiA29z37DUPtG47PvOJz&index=64,9,23,710,563710,0,0,563710,1.373699614,421494,1.337409311,,0.7153,3.926664616,22.8409,31.9302,102.1382,7.18543,,,,,,,,,,,,,,,,,,,,,,,,,,,,,,,,,,,,,,,,,,,,,,,,,,,,,,,,,,,,,,,,,,,,,,,,,,,,,,,,,,,,,
🇸🇪,PAPLERR,0,0,9:23.097,9:23.711,30 Mar 2024,829,(U),unknown,,,https://www.youtube.com/watch?v=-TXVz2UyhXI,9,23,711,563711,614,0.614,563097,1.373702051,421494,1.337411683,,0.6607,3.926712134,21.0949,31.9296,102.1335,7.18554,,,,,,,,,,,,,,,,,,,,,,,,,,,,,,,,,,,,,,,,,,,,,,,,,,,,,,,,,,,,,,,,,,,,,,,,,,,,,,,,,,,,,
🇸🇰,NoFear1337,0,1,9:22.527,9:23.863,20 Aug 2022,1417,(V),-6071912128039465735,,,https://www.speedrun.com/mc/runs/y4x2xndz,9,23,863,563863,1336,1.336,562527,1.374072459,517884,1.08878243,,0.4924,1.006896513,45.1967,91.7919,101.4198,7.20151,,,,,,,,,,,,,,,,,,,,,,,,,,,,,,,,,,,,,,,,,,,,,,,,,,,,,,,,,,,,,,,,,,,,,,,,,,,,,,,,,,,,,
🇩🇰,Bloopy,0,0,9:23.928,9:23.928,28 Nov 2024,586,(U),-2126051371963399188,,,https://www.youtube.com/watch?v=Q0HBLIfoV5A,9,23,928,563928,0,0,563928,1.374230856,421494,1.337926519,,0.7460,3.937035674,23.7128,31.7857,101.1156,7.20834,,,,,,,,,,,,,,,,,,,,,,,,,,,,,,,,,,,,,,,,,,,,,,,,,,,,,,,,,,,,,,,,,,,,,,,,,,,,,,,,,,,,,
🇸🇪,PAPLERR,0,0,9:23.948,9:23.948,22 Oct 2024,623,(U),unknown,,,https://www.youtube.com/watch?v=YX0hgdKIZLY,9,23,948,563948,0,0,563948,1.374279594,421494,1.337973969,,0.7323,3.937988353,23.2685,31.7724,101.0221,7.21045,,,,,,,,,,,,,,,,,,,,,,,,,,,,,,,,,,,,,,,,,,,,,,,,,,,,,,,,,,,,,,,,,,,,,,,,,,,,,,,,,,,,,
🇺🇸,Feinberg,0,0,9:24.066,9:24.066,05 Dec 2022,1310,(U),7850065604828970526,,,https://www.youtube.com/watch?v=9O21256DGy8,9,24,66,564066,0,0,564066,1.374567147,495537,1.138292398,,0.5194,1.33807471,43.6783,84.0869,100.4716,7.22288,,,,,,,,,,,,,,,,,,,,,,,,,,,,,,,,,,,,,,,,,,,,,,,,,,,,,,,,,,,,,,,,,,,,,,,,,,,,,,,,,,,,,
🇺🇸,doogile,0,0,9:23.427,9:24.091,02 Mar 2024,857,(U),-1696208169374363336,,,https://www.youtube.com/watch?v=dGmT4jJ31yM,9,24,91,564091,664,0.664,563427,1.37462807,421494,1.338313238,,0.6515,3.944805914,20.6376,31.6777,100.3553,7.22552,,,,,,,,,,,,,,,,,,,,,,,,,,,,,,,,,,,,,,,,,,,,,,,,,,,,,,,,,,,,,,,,,,,,,,,,,,,,,,,,,,,,,
🇳🇴,skycrab1,0,0,9:24.105,9:24.105,15 Jan 2025,538,(U),3842162755449251697,,,https://www.youtube.com/watch?v=XO9rgYbn6Bw&list=PLU3_fvoJ1GyMStiA29z37DUPtG47PvOJz&index=108,9,24,105,564105,0,0,564105,1.374662186,421494,1.338346453,,0.7641,3.945473925,24.1992,31.6685,100.2901,7.22700,,,,,,,,,,,,,,,,,,,,,,,,,,,,,,,,,,,,,,,,,,,,,,,,,,,,,,,,,,,,,,,,,,,,,,,,,,,,,,,,,,,,,
🇺🇸,doogile,0,0,9:22.116,9:24.247,24 Mar 2025,470,(U),-6047098650778031938,,,https://www.youtube.com/watch?v=NN8rfsl5mJo,9,24,247,564247,2131,2.131,562116,1.375008225,421494,1.33868335,,0.7906,3.95225509,24.9619,31.5745,99.6310,7.24199,,,,,,,,,,,,,,,,,,,,,,,,,,,,,,,,,,,,,,,,,,,,,,,,,,,,,,,,,,,,,,,,,,,,,,,,,,,,,,,,,,,,,
🇫🇷,emia,0,1,9:23.219,9:24.448,29 Jun 2024,738,(V),2145701135424086428,,,https://www.speedrun.com/mc/runs/zxqevkkm,9,24,448,564448,1229,1.229,563219,1.37549804,421494,1.339160225,,0.6914,3.961871302,21.7396,31.4417,98.7027,7.26326,,,,,,,,,,,,,,,,,,,,,,,,,,,,,,,,,,,,,,,,,,,,,,,,,,,,,,,,,,,,,,,,,,,,,,,,,,,,,,,,,,,,,
🇨🇦,Aquacorde,0,0,9:24.529,9:24.529,18 Jul 2025,354,(U),-9197658143197340999,,,https://www.youtube.com/watch?v=LeAZ9kcT4ks,9,24,529,564529,0,0,564529,1.375695428,410359,1.375695428,,0.8378,4.762577474,18.3403,21.8916,98.3302,7.27185,,,,,,,,,,,,,,,,,,,,,,,,,,,,,,,,,,,,,,,,,,,,,,,,,,,,,,,,,,,,,,,,,,,,,,,,,,,,,,,,,,,,,
🇵🇱,watermelon1708,0,0,9:24.119,9:24.537,14 Sep 2025,296,(U),unknown,,,https://www.youtube.com/watch?v=Y6Sokcc9jqc,9,24,537,564537,418,0.418,564119,1.375714923,410359,1.375714923,,0.8624,4.763040011,18.8759,21.8869,98.2934,7.27270,,,,,,,,,,,,,,,,,,,,,,,,,,,,,,,,,,,,,,,,,,,,,,,,,,,,,,,,,,,,,,,,,,,,,,,,,,,,,,,,,,,,,
🇸🇰,NoFear1337,0,0,9:23.488,9:24.567,01 Jul 2023,1102,(U),unknown,,,https://www.youtube.com/watch?v=PuoZym6BBOw,9,24,567,564567,1079,1.079,563488,1.37578803,465828,1.211964502,,0.5764,2.020433627,39.0857,67.8132,98.1557,7.27588,,,,,,,,,,,,,,,,,,,,,,,,,,,,,,,,,,,,,,,,,,,,,,,,,,,,,,,,,,,,,,,,,,,,,,,,,,,,,,,,,,,,,
🇦🇿,KenanKardes,0,0,9:24.603,9:24.603,12 Jun 2025,390,(U),unknown,,,https://www.youtube.com/watch?v=_XhRM7ZS_eo,9,24,603,564603,0,0,564603,1.375875758,410359,1.375875758,,0.8228,4.766857441,17.9773,21.8480,97.9906,7.27970,,,,,,,,,,,,,,,,,,,,,,,,,,,,,,,,,,,,,,,,,,,,,,,,,,,,,,,,,,,,,,,,,,,,,,,,,,,,,,,,,,,,,
🇮🇱,orachi,0,1,9:22.560,9:24.684,31 Dec 2022,1284,(V),4355905136547056729,09,Yes,https://www.speedrun.com/mc/run/y2jdqg9z,9,24,684,564684,2124,2.124,562560,1.376073146,495537,1.13953953,,0.5262,1.347601162,44.1300,83.8593,97.6198,7.28831,,,,,,,,,,,,,,,,,,,,,,,,,,,,,,,,,,,,,,,,,,,,,,,,,,,,,,,,,,,,,,,,,,,,,,,,,,,,,,,,,,,,,
🇮🇱,Ranik_,0,1,9:20.683,9:24.724,24 Nov 2023,956,(U),1109837926684475838,10,Yes,https://www.youtube.com/watch?v=dV1aDceWUCA,9,24,724,564724,4041,4.041,560683,1.376170621,465828,1.212301536,,0.6200,2.024175111,41.9918,67.7263,97.4370,7.29256,,,,,,,,,,,,,,,,,,,,,,,,,,,,,,,,,,,,,,,,,,,,,,,,,,,,,,,,,,,,,,,,,,,,,,,,,,,,,,,,,,,,,
🇺🇸,doogile,0,0,9:23.811,9:24.766,15 May 2023,1149,(U),8584643897871750893,,,https://www.youtube.com/watch?v=JGxZAVwLpq0,9,24,766,564766,955,0.955,563811,1.376272971,465828,1.212391698,,0.5630,2.025177076,38.1159,67.7030,97.2453,7.29703,,,,,,,,,,,,,,,,,,,,,,,,,,,,,,,,,,,,,,,,,,,,,,,,,,,,,,,,,,,,,,,,,,,,,,,,,,,,,,,,,,,,,
🇺🇸,meebie,0,0,9:25.282,9:25.282,30 Mar 2024,829,(U),unknown,,,https://www.youtube.com/watch?v=H78JhqT_JAE&list=PLaTJSsRuu2Ufk7cX7bUTt9V-IJxa8wqSM&index=12,9,25,282,565282,0,0,565282,1.377530406,421494,1.341138901,,0.6607,4.001991539,20.4097,30.8924,94.9099,7.35212,,,,,,,,,,,,,,,,,,,,,,,,,,,,,,,,,,,,,,,,,,,,,,,,,,,,,,,,,,,,,,,,,,,,,,,,,,,,,,,,,,,,,
🇸🇰,NoFear1337,0,0,9:25.453,9:25.453,01 Jul 2023,1102,(U),unknown,,,https://www.youtube.com/watch?v=5J0MBJD0At4,9,25,453,565453,0,0,565453,1.377947115,465828,1.213866491,,0.5764,2.041629962,38.8023,67.3216,94.1439,7.37046,,,,,,,,,,,,,,,,,,,,,,,,,,,,,,,,,,,,,,,,,,,,,,,,,,,,,,,,,,,,,,,,,,,,,,,,,,,,,,,,,,,,,
🇸🇪,PAPLERR,0,0,9:25.530,9:25.530,18 Aug 2024,688,(U),unknown,,,https://www.youtube.com/watch?v=LA8pvRHpJq8,9,25,530,565530,0,0,565530,1.378134755,421494,1.341727284,,0.7089,4.01399047,21.7851,30.7296,93.8003,7.37873,,,,,,,,,,,,,,,,,,,,,,,,,,,,,,,,,,,,,,,,,,,,,,,,,,,,,,,,,,,,,,,,,,,,,,,,,,,,,,,,,,,,,
🇨🇦,Aquacorde,0,0,9:24.313,9:25.637,26 Sep 2024,649,(U),8823111015249469125,,,https://www.youtube.com/watch?v=9xLUevZxPBM,9,25,637,565637,1324,1.324,564313,1.378395502,421494,1.341981143,,0.7229,4.019177185,22.1634,30.6595,93.3242,7.39024,,,,,,,,,,,,,,,,,,,,,,,,,,,,,,,,,,,,,,,,,,,,,,,,,,,,,,,,,,,,,,,,,,,,,,,,,,,,,,,,,,,,,
🇦🇺,Erikfzf,0,0,9:25.466,9:25.850,05 Nov 2023,975,(U),-7014933560991100257,09,Yes,https://www.youtube.com/watch?v=yTC-CTw-S9M,9,25,850,565850,384,0.384,565466,1.37891456,465828,1.214718737,,0.6142,2.051192504,41.2103,67.1002,92.3810,7.41319,,,,,,,,,,,,,,,,,,,,,,,,,,,,,,,,,,,,,,,,,,,,,,,,,,,,,,,,,,,,,,,,,,,,,,,,,,,,,,,,,,,,,
🇺🇸,Reignex,0,0,9:25.893,9:25.893,22 Jun 2023,1111,(U),-3154839464526750191,12,Yes,https://www.youtube.com/watch?v=ODPP7xDMpkg,9,25,893,565893,0,0,565893,1.379019346,465828,1.214811046,,0.5738,2.052230664,38.4873,67.0762,92.1914,7.41783,,,,,,,,,,,,,,,,,,,,,,,,,,,,,,,,,,,,,,,,,,,,,,,,,,,,,,,,,,,,,,,,,,,,,,,,,,,,,,,,,,,,,
🇨🇿,Cursed_Carrot,0,0,9:22.576,9:26.302,15 Nov 2023,965,(U),Unknown,06,Yes,https://www.youtube.com/watch?v=Jz8Dku3uzKM,9,26,302,566302,3726,3.726,562576,1.380016035,465828,1.215689053,,0.6172,2.062128949,41.2608,66.8475,90.4001,7.46211,,,,,,,,,,,,,,,,,,,,,,,,,,,,,,,,,,,,,,,,,,,,,,,,,,,,,,,,,,,,,,,,,,,,,,,,,,,,,,,,,,,,,
🇺🇸,doogile,0,0,9:26.244,9:26.244,08 Jul 2024,729,(U),-6098241121848454577,,,https://www.youtube.com/watch?v=yjRzgyThepc,9,26,244,566244,0,0,566244,1.379874695,421494,1.343421259,,0.6945,4.048712543,21.0187,30.2626,90.6527,7.45582,,,,,,,,,,,,,,,,,,,,,,,,,,,,,,,,,,,,,,,,,,,,,,,,,,,,,,,,,,,,,,,,,,,,,,,,,,,,,,,,,,,,,
🇺🇸,Feinberg,0,0,9:23.304,9:26.292,23 Oct 2022,1353,(U),8012915193548119046,,,https://www.youtube.com/watch?v=II4PzqmdYaU,9,26,292,566292,2988,2.988,563304,1.379991666,517884,1.09347267,,0.5084,1.034599476,46.3499,91.1694,90.4436,7.46103,,,,,,,,,,,,,,,,,,,,,,,,,,,,,,,,,,,,,,,,,,,,,,,,,,,,,,,,,,,,,,,,,,,,,,,,,,,,,,,,,,,,,
🇳🇴,skycrab1,0,0,9:26.342,9:26.342,29 Nov 2024,585,(U),-573879670804358217,,,https://www.youtube.com/watch?v=ljKL-oDGeS4&list=PLU3_fvoJ1GyMStiA29z37DUPtG47PvOJz&index=100,9,26,342,566342,0,0,566342,1.38011351,421494,1.343653765,,0.7464,4.05349886,22.5401,30.1986,90.2261,7.46646,,,,,,,,,,,,,,,,,,,,,,,,,,,,,,,,,,,,,,,,,,,,,,,,,,,,,,,,,,,,,,,,,,,,,,,,,,,,,,,,,,,,,
🇿🇦,Airpodsz,0,0,9:26.396,9:26.396,06 Jan 2026,182,(U),-2175784441475197621,,,https://www.youtube.com/watch?v=LQDOgYw8GFM&list=PLjW0OIc7zcEcCMM5essHmBGzf92S0FzKi&index=21,9,26,396,566396,0,0,566396,1.380245102,410359,1.380245102,,0.9130,4.871594265,18.9963,20.8061,89.9916,7.47232,,,,,,,,,,,,,,,,,,,,,,,,,,,,,,,,,,,,,,,,,,,,,,,,,,,,,,,,,,,,,,,,,,,,,,,,,,,,,,,,,,,,,
🇸🇰,NoFear1337,0,0,9:25.778,9:26.417,11 Jun 2025,391,(U),unknown,,,https://www.youtube.com/watch?v=oA02Os8avDY,9,26,417,566417,639,0.639,565778,1.380296277,421494,1.343831703,,0.8224,4.057165217,24.7959,30.1497,89.9005,7.47461,,,,,,,,,,,,,,,,,,,,,,,,,,,,,,,,,,,,,,,,,,,,,,,,,,,,,,,,,,,,,,,,,,,,,,,,,,,,,,,,,,,,,
🇫🇮,AndrewCrow,0,0,9:25.617,9:26.432,26 Mar 2025,468,(U),unknown,,,https://www.youtube.com/watch?v=P0dZdFlev4k,9,26,432,566432,815,0.815,565617,1.380332831,421494,1.343867291,,0.7914,4.057898838,23.8516,30.1400,89.8355,7.47624,,,,,,,,,,,,,,,,,,,,,,,,,,,,,,,,,,,,,,,,,,,,,,,,,,,,,,,,,,,,,,,,,,,,,,,,,,,,,,,,,,,,,
🇨🇦,silverr,0,0,9:26.582,9:26.582,20 Nov 2022,1325,(U),1572653948546520317,15,No,https://www.youtube.com/watch?v=144OjtguCG0,9,26,582,566582,0,0,566582,1.380698364,495537,1.143369718,,0.5156,1.377252629,42.8689,83.1500,89.1868,7.49256,,,,,,,,,,,,,,,,,,,,,,,,,,,,,,,,,,,,,,,,,,,,,,,,,,,,,,,,,,,,,,,,,,,,,,,,,,,,,,,,,,,,,
🇳🇴,skycrab1,0,0,9:25.953,9:26.605,16 Jun 2024,751,(U),4052163355630291928,,,https://www.youtube.com/watch?v=5UOYqMnbR5Q&list=PLU3_fvoJ1GyMStiA29z37DUPtG47PvOJz&index=33,9,26,605,566605,652,0.652,565953,1.380754413,421494,1.344277736,,0.6869,4.066368362,20.6271,30.0273,89.0877,7.49507,,,,,,,,,,,,,,,,,,,,,,,,,,,,,,,,,,,,,,,,,,,,,,,,,,,,,,,,,,,,,,,,,,,,,,,,,,,,,,,,,,,,,
🇫🇮,sadekeppi,0,0,9:26.631,9:26.895,07 Feb 2026,150,(U),unknown,,,https://www.youtube.com/watch?v=2A6FRsoQeMs,9,26,895,566895,264,0.264,566631,1.381461111,410359,1.381461111,,0.9277,4.901098879,19.0377,20.5204,87.8432,7.52673,,,,,,,,,,,,,,,,,,,,,,,,,,,,,,,,,,,,,,,,,,,,,,,,,,,,,,,,,,,,,,,,,,,,,,,,,,,,,,,,,,,,,
🇿🇦,Airpodsz,0,0,9:27.357,9:27.357,22 Jul 2025,350,(U),-2604853440259743565,,,https://www.youtube.com/watch?v=VAFkDLDPYUQ&list=PLjW0OIc7zcEcCMM5essHmBGzf92S0FzKi&index=9,9,27,357,567357,0,0,567357,1.382586954,410359,1.382586954,,0.8395,4.928555051,17.0054,20.2577,85.8843,7.57742,,,,,,,,,,,,,,,,,,,,,,,,,,,,,,,,,,,,,,,,,,,,,,,,,,,,,,,,,,,,,,,,,,,,,,,,,,,,,,,,,,,,,
🇸🇪,PAPLERR,0,0,9:27.395,9:27.395,18 Sep 2024,657,(U),unknown,,,https://www.youtube.com/watch?v=UGZCTtyyeLM,9,27,395,567395,0,0,567395,1.382679556,421494,1.346152021,,0.7200,4.105241962,21.2506,29.5146,85.7244,7.58161,,,,,,,,,,,,,,,,,,,,,,,,,,,,,,,,,,,,,,,,,,,,,,,,,,,,,,,,,,,,,,,,,,,,,,,,,,,,,,,,,,,,,
🇺🇸,Feinberg,0,0,9:25.548,9:27.465,17 Nov 2022,1328,(U),-9141701029188025583,,,https://www.youtube.com/watch?v=csGOZLziuNI,9,27,465,567465,1917,1.917,565548,1.382850139,495537,1.145151623,,0.5148,1.391251848,42.6320,82.8146,85.4305,7.58932,,,,,,,,,,,,,,,,,,,,,,,,,,,,,,,,,,,,,,,,,,,,,,,,,,,,,,,,,,,,,,,,,,,,,,,,,,,,,,,,,,,,,
🇫🇮,sadekeppi,0,0,9:27.613,9:27.613,08 Feb 2026,149,(U),unknown,,,https://www.youtube.com/watch?v=QDSeKwk5Zx4,9,27,613,567613,0,0,567613,1.383210798,410359,1.383210798,,0.9282,4.943826727,18.6688,20.1128,84.8112,7.60564,,,,,,,,,,,,,,,,,,,,,,,,,,,,,,,,,,,,,,,,,,,,,,,,,,,,,,,,,,,,,,,,,,,,,,,,,,,,,,,,,,,,,
🇹🇿,Kxpow,0,0,9:23.950,9:27.626,29 Oct 2023,982,(U),-6876585563479815399,09,Yes,https://www.youtube.com/watch?v=cSA8vjfDlfU,9,27,626,567626,3676,3.676,563950,1.383242478,465828,1.218531303,,0.6120,2.09446692,40.4557,66.1025,84.7570,7.60708,,,,,,,,,,,,,,,,,,,,,,,,,,,,,,,,,,,,,,,,,,,,,,,,,,,,,,,,,,,,,,,,,,,,,,,,,,,,,,,,,,,,,
🇦🇺,mikky_,0,0,9:27.707,9:27.707,19 Jun 2025,383,(U),unknown,,,https://www.youtube.com/watch?v=26OmORHE-BA,9,27,707,567707,0,0,567707,1.383439866,410359,1.383439866,,0.8257,4.949444678,16.5637,20.0597,84.4194,7.61603,,,,,,,,,,,,,,,,,,,,,,,,,,,,,,,,,,,,,,,,,,,,,,,,,,,,,,,,,,,,,,,,,,,,,,,,,,,,,,,,,,,,,
🇦🇺,mikky_,0,0,9:26.634,9:27.743,16 Jul 2024,721,(U),unknown,,,https://www.youtube.com/watch?v=cMKcfX6az-o,9,27,743,567743,1109,1.109,566634,1.383527594,421494,1.346977656,,0.6973,4.122469361,20.4246,29.2898,84.2697,7.62001,,,,,,,,,,,,,,,,,,,,,,,,,,,,,,,,,,,,,,,,,,,,,,,,,,,,,,,,,,,,,,,,,,,,,,,,,,,,,,,,,,,,,
🇬🇧,biased,0,1,9:26.052,9:27.836,10 Dec 2023,940,(U),-7133651556852481155,12,Yes,https://www.speedrun.com/mc/runs/ywnrrk9y,9,27,836,567836,1784,1.784,566052,1.383754225,446254,1.272450219,,0.6250,2.800571063,31.8293,50.9268,83.8837,7.63030,,,,,,,,,,,,,,,,,,,,,,,,,,,,,,,,,,,,,,,,,,,,,,,,,,,,,,,,,,,,,,,,,,,,,,,,,,,,,,,,,,,,,
🇺🇸,doogile,0,0,9:27.915,9:27.915,24 Mar 2025,470,(U),-5268124447019689631,,,https://www.youtube.com/watch?v=uCE8j5wqBaA,9,27,915,567915,0,0,567915,1.383946739,421494,1.347385728,,0.7906,4.13100748,23.0679,29.1788,83.5568,7.63905,,,,,,,,,,,,,,,,,,,,,,,,,,,,,,,,,,,,,,,,,,,,,,,,,,,,,,,,,,,,,,,,,,,,,,,,,,,,,,,,,,,,,
🇳🇴,skycrab1,0,0,9:28.206,9:28.206,22 Jul 2025,350,(U),unknown,,,https://www.youtube.com/watch?v=ENH9wNoiQAo&list=PLU3_fvoJ1GyMStiA29z37DUPtG47PvOJz&index=135,9,28,206,568206,0,0,568206,1.384655874,410359,1.384655874,,0.8395,4.979361242,16.6038,19.7792,82.3596,7.67137,,,,,,,,,,,,,,,,,,,,,,,,,,,,,,,,,,,,,,,,,,,,,,,,,,,,,,,,,,,,,,,,,,,,,,,,,,,,,,,,,,,,,
🇨🇦,dandannyboy,0,1,9:27.290,9:28.538,18 Mar 2023,1207,(V),9012700196601131274,11,Yes,https://www.speedrun.com/mc/run/yv87r88m,9,28,538,568538,1248,1.248,567290,1.385464922,465828,1.220489108,,0.5469,2.117006786,35.8683,65.5854,81.0077,7.70839,,,,,,,,,,,,,,,,,,,,,,,,,,,,,,,,,,,,,,,,,,,,,,,,,,,,,,,,,,,,,,,,,,,,,,,,,,,,,,,,,,,,,
🇳🇴,skycrab1,0,0,9:28.538,9:28.538,25 Dec 2025,194,(U),1919295731799192555,,,https://www.youtube.com/watch?v=1c-F687nKas&list=PLU3_fvoJ1GyMStiA29z37DUPtG47PvOJz&index=105,9,28,538,568538,0,0,568538,1.385464922,410359,1.385464922,,0.9076,4.999353168,17.7823,19.5936,81.0077,7.70839,,,,,,,,,,,,,,,,,,,,,,,,,,,,,,,,,,,,,,,,,,,,,,,,,,,,,,,,,,,,,,,,,,,,,,,,,,,,,,,,,,,,,
🇨🇦,Aquacorde,0,0,9:28.545,9:28.545,28 May 2025,405,(U),8276441451627221996,,,https://www.youtube.com/watch?v=qGEzygjg50o,9,28,545,568545,0,0,568545,1.38548198,421494,1.348880411,,0.8167,4.16241361,23.4991,28.7738,80.9794,7.70917,,,,,,,,,,,,,,,,,,,,,,,,,,,,,,,,,,,,,,,,,,,,,,,,,,,,,,,,,,,,,,,,,,,,,,,,,,,,,,,,,,,,,
🇿🇦,Airpodsz,0,0,9:26.396,9:26.396,06 Jan 2025,547,(U),-2175784441475197621,,,https://www.youtube.com/watch?v=LQDOgYw8GFM&list=PLjW0OIc7zcEcCMM5essHmBGzf92S0FzKi&index=21,9,26,396,566396,0,0,566396,1.380245102,421494,1.343781881,,0.7607,4.056138343,22.9457,30.1634,89.9916,7.47232,,,,,,,,,,,,,,,,,,,,,,,,,,,,,,,,,,,,,,,,,,,,,,,,,,,,,,,,,,,,,,,,,,,,,,,,,,,,,,,,,,,,,
🇿🇦,Airpodsz,0,0,9:26.613,9:26.613,09 Nov 2025,240,(U),-2354651812036719635,,,https://www.youtube.com/watch?v=P0EKdJ-0n-k&list=PLjW0OIc7zcEcCMM5essHmBGzf92S0FzKi&index=17,9,26,613,566613,0,0,566613,1.380773908,410359,1.380773908,,0.8869,4.884405775,18.3429,20.6816,89.0532,7.49594,,,,,,,,,,,,,,,,,,,,,,,,,,,,,,,,,,,,,,,,,,,,,,,,,,,,,,,,,,,,,,,,,,,,,,,,,,,,,,,,,,,,,
🇳🇱,HDMICables,0,1,9:24.483,9:27.135,22 Feb 2024,866,(U),unknown,,,https://www.youtube.com/watch?v=oaMAqOj0SCk,9,27,135,567135,2652,2.652,564483,1.382045965,421494,1.345535168,,0.6486,4.092412228,19.2512,29.6830,86.8220,7.55303,,,,,,,,,,,,,,,,,,,,,,,,,,,,,,,,,,,,,,,,,,,,,,,,,,,,,,,,,,,,,,,,,,,,,,,,,,,,,,,,,,,,,
🇿🇦,Airpodsz,0,0,9:27.943,9:27.943,09 Nov 2025,240,(U),-1774896006983302139,,,https://www.youtube.com/watch?v=HW1RGgQ0eBU&list=PLjW0OIc7zcEcCMM5essHmBGzf92S0FzKi&index=18,9,27,943,567943,0,0,567943,1.384014972,410359,1.384014972,,0.8869,4.963573939,17.6735,19.9268,83.4411,7.64216,,,,,,,,,,,,,,,,,,,,,,,,,,,,,,,,,,,,,,,,,,,,,,,,,,,,,,,,,,,,,,,,,,,,,,,,,,,,,,,,,,,,,
🇿🇦,Airpodsz,0,0,9:28.092,9:28.092,26 Jan 2026,162,(U),-2419031821582277757,,,https://www.youtube.com/watch?v=O-h0iAKkziw&list=PLjW0OIc7zcEcCMM5essHmBGzf92S0FzKi&index=24,9,28,92,568092,0,0,568092,1.384378069,410359,1.384378069,,0.9222,4.972512692,18.2992,19.8431,82.8272,7.65870,,,,,,,,,,,,,,,,,,,,,,,,,,,,,,,,,,,,,,,,,,,,,,,,,,,,,,,,,,,,,,,,,,,,,,,,,,,,,,,,,,,,,
🇨🇦,Aquacorde,0,0,9:28.680,9:28.680,25 Jun 2025,377,(U),-1610154249394651609,,,https://www.youtube.com/watch?v=SsOvlZxk2S0,9,28,680,568680,0,0,568680,1.385810961,410359,1.385810961,,0.8282,5.007925343,16.1619,19.5145,80.4340,7.72427,,,,,,,,,,,,,,,,,,,,,,,,,,,,,,,,,,,,,,,,,,,,,,,,,,,,,,,,,,,,,,,,,,,,,,,,,,,,,,,,,,,,,
🇬🇧,Mauvu,0,1,9:27.622,9:28.892,21 Apr 2023,1173,(V),7554296837427947431,09,Yes,https://www.speedrun.com/mc/run/y2g97jjz,9,28,892,568892,1270,1.27,567622,1.386327581,465828,1.221249045,,0.5563,2.125814444,36.3711,65.3838,79.5826,7.74804,,,,,,,,,,,,,,,,,,,,,,,,,,,,,,,,,,,,,,,,,,,,,,,,,,,,,,,,,,,,,,,,,,,,,,,,,,,,,,,,,,,,,
🇬🇧,priffie,0,1,9:28.626,9:29.199,08 Apr 2023,1186,(V),-7240688859963036907,12,Yes,https://www.speedrun.com/mc/run/y804n81m,9,29,199,569199,573,0.573,568626,1.387075707,465828,1.221908086,,0.5527,2.133479396,36.0386,65.2086,78.3603,7.78257,,,,,,,,,,,,,,,,,,,,,,,,,,,,,,,,,,,,,,,,,,,,,,,,,,,,,,,,,,,,,,,,,,,,,,,,,,,,,,,,,,,,,
🇺🇸,zylenox,0,0,9:26.039,9:29.346,26 May 2025,407,(U),unknown,,,https://www.youtube.com/watch?v=c2Ydcw7kyzQ,9,29,346,569346,3307,3.307,566039,1.38743393,421494,1.350780794,,0.8159,4.202646929,23.0579,28.2617,77.7794,7.79915,,,,,,,,,,,,,,,,,,,,,,,,,,,,,,,,,,,,,,,,,,,,,,,,,,,,,,,,,,,,,,,,,,,,,,,,,,,,,,,,,,,,,
🇺🇸,zylenox,0,0,9:23.337,9:29.349,21 Apr 2023,1173,(U),-9047486339153673349,12,Yes,https://www.youtube.com/watch?v=YnxRG1jCZTA,9,29,349,569349,6012,6.012,563337,1.38744124,465828,1.222230094,,0.5563,2.137233517,36.2260,65.1229,77.7676,7.79949,,,,,,,,,,,,,,,,,,,,,,,,,,,,,,,,,,,,,,,,,,,,,,,,,,,,,,,,,,,,,,,,,,,,,,,,,,,,,,,,,,,,,
🇺🇸,doogile,0,0,9:28.970,9:29.443,26 Apr 2024,802,(U),-2635465260695469451,,,https://www.youtube.com/watch?v=pcDuyhI1pfU,9,29,443,569443,473,0.473,568970,1.387670308,421494,1.351010928,,0.6697,4.207542233,18.8841,28.1999,77.3978,7.81011,,,,,,,,,,,,,,,,,,,,,,,,,,,,,,,,,,,,,,,,,,,,,,,,,,,,,,,,,,,,,,,,,,,,,,,,,,,,,,,,,,,,,
🇷🇺,aleen,0,0,9:26.515,9:29.470,28 Dec 2023,922,(U),8241236612932344167,,,https://www.youtube.com/watch?v=kWIGRiiqiSY,9,29,470,569470,2955,2.955,566515,1.387736104,446254,1.276111811,,0.6307,2.855440908,31.4363,49.8472,77.2917,7.81316,,,,,,,,,,,,,,,,,,,,,,,,,,,,,,,,,,,,,,,,,,,,,,,,,,,,,,,,,,,,,,,,,,,,,,,,,,,,,,,,,,,,,
🇿🇦,Airpodsz,0,0,9:29.281,9:29.281,20 Mar 2026,109,(U),6777406368169812581,,,https://www.youtube.com/watch?v=whpjt7M0YYg&list=PLjW0OIc7zcEcCMM5essHmBGzf92S0FzKi&index=38,9,29,281,569281,0,0,569281,1.387275532,410359,1.387275532,,0.9470,5.044348676,18.1640,19.1815,78.0359,7.79181,,,,,,,,,,,,,,,,,,,,,,,,,,,,,,,,,,,,,,,,,,,,,,,,,,,,,,,,,,,,,,,,,,,,,,,,,,,,,,,,,,,,,
🇳🇴,skycrab1,0,0,9:26.981,9:29.598,07 May 2024,791,(U),unknown,,,https://www.youtube.com/watch?v=HE41uYZ0V0c&list=PLU3_fvoJ1GyMStiA29z37DUPtG47PvOJz&index=18,9,29,598,569598,2617,2.617,566981,1.388048026,421494,1.351378667,,0.6733,4.215375017,18.9218,28.1013,76.7905,7.82765,,,,,,,,,,,,,,,,,,,,,,,,,,,,,,,,,,,,,,,,,,,,,,,,,,,,,,,,,,,,,,,,,,,,,,,,,,,,,,,,,,,,,
🇳🇴,skycrab1,0,0,9:27.107,9:29.673,13 Aug 2024,693,(U),-3946489265844514970,,,https://www.youtube.com/watch?v=M5EHSGhejt8&list=PLU3_fvoJ1GyMStiA29z37DUPtG47PvOJz&index=52,9,29,673,569673,2566,2.566,567107,1.388230793,421494,1.351556606,,0.7072,4.219169668,19.8383,28.0536,76.4978,7.83615,,,,,,,,,,,,,,,,,,,,,,,,,,,,,,,,,,,,,,,,,,,,,,,,,,,,,,,,,,,,,,,,,,,,,,,,,,,,,,,,,,,,,
🇨🇳,pluginL,0,1,9:27.131,9:29.681,24 Dec 2023,926,(V),unknown,,,https://www.speedrun.com/mc/runs/mkqp0p1m,9,29,681,569681,2550,2.55,567131,1.388250288,446254,1.276584636,,0.6294,2.862595478,31.2856,49.7076,76.4666,7.83706,,,,,,,,,,,,,,,,,,,,,,,,,,,,,,,,,,,,,,,,,,,,,,,,,,,,,,,,,,,,,,,,,,,,,,,,,,,,,,,,,,,,,
🇩🇰,Bloopy,0,0,9:29.719,9:29.719,04 May 2024,794,(U),2537181557128625381,,,https://www.youtube.com/watch?v=rmm0JiGtxuA,9,29,719,569719,0,0,569719,1.38834289,421494,1.351665741,,0.6723,4.221498537,18.8417,28.0243,76.3186,7.84137,,,,,,,,,,,,,,,,,,,,,,,,,,,,,,,,,,,,,,,,,,,,,,,,,,,,,,,,,,,,,,,,,,,,,,,,,,,,,,,,,,,,,
🇩🇰,Bloopy,0,0,9:29.416,9:29.779,21 Sep 2024,654,(U),-4222360412448811712,,,https://www.youtube.com/watch?v=mWQwmeDz0b8,9,29,779,569779,363,0.363,569416,1.388489103,421494,1.351808092,,0.7211,4.224537889,20.1804,27.9862,76.0854,7.84818,,,,,,,,,,,,,,,,,,,,,,,,,,,,,,,,,,,,,,,,,,,,,,,,,,,,,,,,,,,,,,,,,,,,,,,,,,,,,,,,,,,,,
🇷🇺,aleen,0,1,9:27.498,9:29.799,30 Mar 2023,1195,(V),-3937335511967148505,04,Yes,https://www.speedrun.com/mc/runs/meed7lqm,9,29,799,569799,2301,2.301,567498,1.388537841,465828,1.223196115,,0.5502,2.148531547,35.6879,64.8652,76.0077,7.85045,,,,,,,,,,,,,,,,,,,,,,,,,,,,,,,,,,,,,,,,,,,,,,,,,,,,,,,,,,,,,,,,,,,,,,,,,,,,,,,,,,,,,
🇸🇰,NoFear1337,0,0,9:28.431,9:29.817,17 Jan 2024,902,(U),unknown,,,https://www.youtube.com/watch?v=2cTYxX1bq7o&list=PLaTJSsRuu2UeeWabBBfNVWALvnefBoL2C&index=4,9,29,817,569817,1386,1.386,568431,1.388581705,421494,1.351898248,,0.6370,4.226463805,17.8116,27.9621,75.9379,7.85250,,,,,,,,,,,,,,,,,,,,,,,,,,,,,,,,,,,,,,,,,,,,,,,,,,,,,,,,,,,,,,,,,,,,,,,,,,,,,,,,,,,,,
🇱🇹,Fluhhe,0,1,9:29.980,9:29.980,18 Nov 2022,1327,(V),2080172975809117900,12,Yes,https://www.speedrun.com/mc/run/y6x1gp1y,9,29,980,569980,0,0,569980,1.388978918,495537,1.150226926,,0.5150,1.431848152,42.1515,81.8403,75.3074,7.87103,,,,,,,,,,,,,,,,,,,,,,,,,,,,,,,,,,,,,,,,,,,,,,,,,,,,,,,,,,,,,,,,,,,,,,,,,,,,,,,,,,,,,
🇺🇸,doogile,0,0,9:27.467,9:29.905,19 Oct 2022,1357,(U),-6120632814765297894,,,https://www.youtube.com/watch?v=KngO-bBQ6z0,9,29,905,569905,2438,2.438,567467,1.388796152,517884,1.100449135,,0.5074,1.077146811,45.7672,90.2034,75.5971,7.86250,,,,,,,,,,,,,,,,,,,,,,,,,,,,,,,,,,,,,,,,,,,,,,,,,,,,,,,,,,,,,,,,,,,,,,,,,,,,,,,,,,,,,
🇳🇴,skycrab1,0,0,9:29.936,9:29.936,24 Sep 2024,651,(U),-5978876616461348700,,,https://www.youtube.com/watch?v=lNwP-AfLpC4&list=PLU3_fvoJ1GyMStiA29z37DUPtG47PvOJz&index=73,9,29,936,569936,0,0,569936,1.388871695,421494,1.352180577,,0.7222,4.232499951,20.1388,27.8866,75.4773,7.86602,,,,,,,,,,,,,,,,,,,,,,,,,,,,,,,,,,,,,,,,,,,,,,,,,,,,,,,,,,,,,,,,,,,,,,,,,,,,,,,,,,,,,
🇺🇦,7rowl,0,0,9:30.025,9:30.025,19 Dec 2023,931,(U),5331888045547392312,12,Yes,https://www.youtube.com/watch?v=7ub8Kvb-CkY,9,30,25,570025,0,0,570025,1.389088579,446254,1.277355497,,0.6278,2.874293942,31.0645,49.4799,75.1340,7.87616,,,,,,,,,,,,,,,,,,,,,,,,,,,,,,,,,,,,,,,,,,,,,,,,,,,,,,,,,,,,,,,,,,,,,,,,,,,,,,,,,,,,,
🇫🇮,AndrewCrow,0,0,9:29.406,9:30.054,04 Jul 2025,368,(U),unknown,,,https://www.youtube.com/watch?v=vaF2tNGXMo4,9,30,54,570054,648,0.648,569406,1.389159248,410359,1.389159248,,0.8319,5.091536446,15.6050,18.7574,75.0224,7.87946,,,,,,,,,,,,,,,,,,,,,,,,,,,,,,,,,,,,,,,,,,,,,,,,,,,,,,,,,,,,,,,,,,,,,,,,,,,,,,,,,,,,,
🇺🇸,zylenox,0,0,9:26.907,9:30.104,25 Sep 2023,1016,(U),unknown,,,https://www.youtube.com/watch?v=-xiJj1JVujk,9,30,104,570104,3197,3.197,566907,1.389281093,465828,1.223850863,,0.6017,2.156219599,38.9239,64.6901,74.8302,7.88516,,,,,,,,,,,,,,,,,,,,,,,,,,,,,,,,,,,,,,,,,,,,,,,,,,,,,,,,,,,,,,,,,,,,,,,,,,,,,,,,,,,,,
🇨🇦,silverr,0,0,9:30.447,9:30.447,04 Sep 2023,1037,(U),unknown,??,Yes,https://www.youtube.com/watch?v=YUQuFcbgMHQ,9,30,447,570447,0,0,570447,1.390116946,465828,1.224587187,,0.5954,2.164895039,38.3999,64.4928,73.5208,7.92436,,,,,,,,,,,,,,,,,,,,,,,,,,,,,,,,,,,,,,,,,,,,,,,,,,,,,,,,,,,,,,,,,,,,,,,,,,,,,,,,,,,,,
🇵🇱,Mixray,0,1,9:25.735,9:30.513,04 Nov 2023,976,(U),-5905769840829513487,04,Yes,https://www.youtube.com/watch?v=WElcYQqI0oQ,9,30,513,570513,4778,4.778,565735,1.390277781,465828,1.22472887,,0.6139,2.16656796,39.5658,64.4548,73.2706,7.93192,,,,,,,,,,,,,,,,,,,,,,,,,,,,,,,,,,,,,,,,,,,,,,,,,,,,,,,,,,,,,,,,,,,,,,,,,,,,,,,,,,,,,
🇹🇿,Kxpow,0,0,9:29.834,9:30.586,02 Feb 2024,886,(U),920429739470121297,,,https://www.youtube.com/watch?v=OauRzq1hZQc,9,30,586,570586,752,0.752,569834,1.390455674,421494,1.35372271,,0.6421,4.265604247,17.6422,27.4755,72.9946,7.94029,,,,,,,,,,,,,,,,,,,,,,,,,,,,,,,,,,,,,,,,,,,,,,,,,,,,,,,,,,,,,,,,,,,,,,,,,,,,,,,,,,,,,
🇺🇦,7rowl,0,0,9:30.657,9:30.657,02 Jun 2023,1131,(U),Unknown,12,Yes,https://www.youtube.com/watch?v=y7I-tBARvMo,9,30,657,570657,0,0,570657,1.390628693,465828,1.225037997,,0.5681,2.170222002,36.5681,64.3718,72.7268,7.94844,,,,,,,,,,,,,,,,,,,,,,,,,,,,,,,,,,,,,,,,,,,,,,,,,,,,,,,,,,,,,,,,,,,,,,,,,,,,,,,,,,,,,
🇵🇱,watermelon1708,0,0,9:30.313,9:30.785,08 Nov 2025,241,(U),unknown,,,https://www.youtube.com/watch?v=Pm6Yt1efFdU,9,30,785,570785,472,0.472,570313,1.390940615,410359,1.390940615,,0.8865,5.136514924,16.2765,18.3609,72.2457,7.96315,,,,,,,,,,,,,,,,,,,,,,,,,,,,,,,,,,,,,,,,,,,,,,,,,,,,,,,,,,,,,,,,,,,,,,,,,,,,,,,,,,,,,
🇺🇸,Kruin,0,1,9:24.729,9:30.812,09 Aug 2023,1063,(V),7325938221011148995,15,Yes,https://www.speedrun.com/mc/runs/mrl56x4m,9,30,812,570812,6083,6.083,564729,1.391006411,465828,1.225370738,,0.5877,2.17416136,37.7802,64.2824,72.1445,7.96626,,,,,,,,,,,,,,,,,,,,,,,,,,,,,,,,,,,,,,,,,,,,,,,,,,,,,,,,,,,,,,,,,,,,,,,,,,,,,,,,,,,,,
🇺🇸,doogile,0,0,9:30.866,9:30.866,14 Aug 2024,692,(U),-5785712557054868103,,,https://www.youtube.com/watch?v=IaJnBpkCYeE,9,30,866,570866,0,0,570866,1.391138004,421494,1.354387014,,0.7075,4.279934451,19.3145,27.2992,71.9423,7.97248,,,,,,,,,,,,,,,,,,,,,,,,,,,,,,,,,,,,,,,,,,,,,,,,,,,,,,,,,,,,,,,,,,,,,,,,,,,,,,,,,,,,,
🇩🇰,Bloopy,0,0,9:30.985,9:30.985,23 Feb 2025,499,(U),4074137476637722037,,,https://www.youtube.com/watch?v=fidYadn3gaU,9,30,985,570985,0,0,570985,1.391427994,421494,1.354669343,,0.7792,4.286037571,21.2129,27.2243,71.4983,7.98619,,,,,,,,,,,,,,,,,,,,,,,,,,,,,,,,,,,,,,,,,,,,,,,,,,,,,,,,,,,,,,,,,,,,,,,,,,,,,,,,,,,,,
🇨🇦,EvanKeen,0,1,9:28.162,9:31.118,19 May 2022,1510,(V),6318159047332790071,,,https://www.speedrun.com/mc/runs/z1pxrk7z,9,31,118,571118,2956,2.956,568162,1.3917521,548820,1.040628986,,0.4700,0.7607564858,45.5984,97.0157,71.0042,8.00154,,,,,,,,,,,,,,,,,,,,,,,,,,,,,,,,,,,,,,,,,,,,,,,,,,,,,,,,,,,,,,,,,,,,,,,,,,,,,,,,,,,,,
🇫🇮,sadekeppi,0,0,9:30.876,9:31.265,31 May 2025,402,(U),unknown,,,https://www.youtube.com/watch?v=iJRCQkhKdPs,9,31,265,571265,389,0.389,570876,1.392110323,421494,1.355333647,,0.8179,4.300427991,22.1234,27.0486,70.4608,8.01854,,,,,,,,,,,,,,,,,,,,,,,,,,,,,,,,,,,,,,,,,,,,,,,,,,,,,,,,,,,,,,,,,,,,,,,,,,,,,,,,,,,,,
🇳🇴,skycrab1,0,0,9:30.274,9:31.319,16 Jun 2024,751,(U),1613878261208097476,,,https://www.youtube.com/watch?v=8s8EV_O6Ndk&list=PLU3_fvoJ1GyMStiA29z37DUPtG47PvOJz&index=32,9,31,319,571319,1045,1.045,570274,1.392241915,421494,1.355461762,,0.6869,4.303208158,18.5577,27.0148,70.2619,8.02479,,,,,,,,,,,,,,,,,,,,,,,,,,,,,,,,,,,,,,,,,,,,,,,,,,,,,,,,,,,,,,,,,,,,,,,,,,,,,,,,,,,,,
🇫🇮,AndrewCrow,0,0,9:31.244,9:31.377,28 Nov 2025,221,(U),unknown,,,https://www.youtube.com/watch?v=lKt9DvJSsdE,9,31,377,571377,133,0.133,571244,1.392383255,410359,1.392383255,,0.8954,5.173194885,16.1554,18.0430,70.0486,8.03151,,,,,,,,,,,,,,,,,,,,,,,,,,,,,,,,,,,,,,,,,,,,,,,,,,,,,,,,,,,,,,,,,,,,,,,,,,,,,,,,,,,,,
🇿🇦,Airpodsz,0,0,9:31.446,9:31.446,10 Oct 2025,270,(U),5371483678379121796,,,https://www.youtube.com/watch?v=FLtLJIjnd-I&list=PLjW0OIc7zcEcCMM5essHmBGzf92S0FzKi&index=14,9,31,446,571446,0,0,571446,1.3925514,410359,1.3925514,,0.8737,5.177484944,15.7322,18.0061,69.7956,8.03951,,,,,,,,,,,,,,,,,,,,,,,,,,,,,,,,,,,,,,,,,,,,,,,,,,,,,,,,,,,,,,,,,,,,,,,,,,,,,,,,,,,,,
🇸🇪,PAPLERR,0,0,9:31.570,9:31.570,26 Jul 2024,711,(U),unknown,,,https://www.youtube.com/watch?v=llnmfz4ICI4,9,31,570,571570,0,0,571570,1.392853575,421494,1.356057263,,0.7008,4.3161515,18.8225,26.8576,69.3423,8.05391,,,,,,,,,,,,,,,,,,,,,,,,,,,,,,,,,,,,,,,,,,,,,,,,,,,,,,,,,,,,,,,,,,,,,,,,,,,,,,,,,,,,,
🇬🇧,priffie,0,0,9:31.697,9:31.697,26 Apr 2024,802,(U),unknown,,,https://www.youtube.com/watch?v=wXAoFAxdCBE,9,31,697,571697,0,0,571697,1.39316306,421494,1.356358572,,0.6697,4.322713528,17.9321,26.7783,68.8802,8.06868,,,,,,,,,,,,,,,,,,,,,,,,,,,,,,,,,,,,,,,,,,,,,,,,,,,,,,,,,,,,,,,,,,,,,,,,,,,,,,,,,,,,,
🇺🇸,doogile,0,0,9:29.751,9:32.126,10 May 2023,1154,(U),1251289617466531900,,,https://www.youtube.com/watch?v=y6WViu7_6NI,9,32,126,572126,2375,2.375,569751,1.394208486,465828,1.228191521,,0.5616,2.207815865,35.6721,63.5209,67.3348,8.11875,,,,,,,,,,,,,,,,,,,,,,,,,,,,,,,,,,,,,,,,,,,,,,,,,,,,,,,,,,,,,,,,,,,,,,,,,,,,,,,,,,,,,
🇸🇪,v_strid,0,0,9:31.248,9:32.248,24 Feb 2024,864,(U),unknown,,,https://www.youtube.com/watch?v=l2zo2jvif04,9,32,248,572248,1000,1,571248,1.394505786,421494,1.357665827,,0.6492,4.351284911,17.1619,26.4351,66.8997,8.13304,,,,,,,,,,,,,,,,,,,,,,,,,,,,,,,,,,,,,,,,,,,,,,,,,,,,,,,,,,,,,,,,,,,,,,,,,,,,,,,,,,,,,
🇯🇵,mebuki117,0,1,9:28.810,9:32.312,10 Nov 2022,1335,(V),3603260969608126058,09,Yes,https://www.speedrun.com/mc/run/zx8r8dem,9,32,312,572312,3502,3.502,568810,1.394661747,495537,1.154932931,,0.5130,1.470463137,41.5070,80.9119,66.6723,8.14054,,,,,,,,,,,,,,,,,,,,,,,,,,,,,,,,,,,,,,,,,,,,,,,,,,,,,,,,,,,,,,,,,,,,,,,,,,,,,,,,,,,,,
🇳🇴,skycrab1,0,0,9:31.708,9:32.427,14 Jun 2024,753,(U),2235642990872806134,,,https://www.youtube.com/watch?v=TK7I7irT2Ig&list=PLU3_fvoJ1GyMStiA29z37DUPtG47PvOJz&index=30,9,32,427,572427,719,0.719,571708,1.39494199,421494,1.358090507,,0.6863,4.360602307,18.0650,26.3239,66.2649,8.15404,,,,,,,,,,,,,,,,,,,,,,,,,,,,,,,,,,,,,,,,,,,,,,,,,,,,,,,,,,,,,,,,,,,,,,,,,,,,,,,,,,,,,
🇿🇦,Airpodsz,0,0,9:32.438,9:32.438,27 Oct 2025,253,(U),2979817871645690531,,,https://www.youtube.com/watch?v=yAvo-mhmCUw&list=PLjW0OIc7zcEcCMM5essHmBGzf92S0FzKi&index=15,9,32,438,572438,0,0,572438,1.394968796,410359,1.394968796,,0.8812,5.239506913,15.4033,17.4805,66.2260,8.15533,,,,,,,,,,,,,,,,,,,,,,,,,,,,,,,,,,,,,,,,,,,,,,,,,,,,,,,,,,,,,,,,,,,,,,,,,,,,,,,,,,,,,
🇺🇸,doogile,0,0,9:32.194,9:32.494,25 May 2025,408,(U),-1725089180716272190,,,https://www.youtube.com/watch?v=wXXYlwLqc64,9,32,494,572494,300,0.3,572194,1.395105261,421494,1.358249465,,0.8155,4.364094323,21.4323,26.2824,66.0283,8.16192,,,,,,,,,,,,,,,,,,,,,,,,,,,,,,,,,,,,,,,,,,,,,,,,,,,,,,,,,,,,,,,,,,,,,,,,,,,,,,,,,,,,,
🇿🇦,Airpodsz,0,0,9:32.712,9:32.712,04 Feb 2026,153,(U),-5491553150795514793,,,https://www.youtube.com/watch?v=gUqcgYIBV68&list=PLjW0OIc7zcEcCMM5essHmBGzf92S0FzKi&index=29,9,32,712,572712,0,0,572712,1.395636504,410359,1.395636504,,0.9264,5.256751995,16.0600,17.3368,65.2626,8.18759,,,,,,,,,,,,,,,,,,,,,,,,,,,,,,,,,,,,,,,,,,,,,,,,,,,,,,,,,,,,,,,,,,,,,,,,,,,,,,,,,,,,,
🇸🇰,NoFear1337,0,0,9:32.897,9:32.897,15 Dec 2023,935,(U),unknown,,,https://www.youtube.com/watch?v=SROkWtFTBvE,9,32,897,572897,0,0,572897,1.396087328,446254,1.283791294,,0.6266,2.973630914,29.8088,47.5749,64.6176,8.20943,,,,,,,,,,,,,,,,,,,,,,,,,,,,,,,,,,,,,,,,,,,,,,,,,,,,,,,,,,,,,,,,,,,,,,,,,,,,,,,,,,,,,
🇸🇪,PAPLERR,0,0,9:33.074,9:33.074,12 Apr 2024,816,(U),unknown,,,https://www.youtube.com/watch?v=enTTmFZU3D8,9,33,74,573074,0,0,573074,1.396518658,421494,1.359625523,,0.6650,4.394426395,17.2388,25.9238,64.0047,8.23037,,,,,,,,,,,,,,,,,,,,,,,,,,,,,,,,,,,,,,,,,,,,,,,,,,,,,,,,,,,,,,,,,,,,,,,,,,,,,,,,,,,,,
🇺🇸,Feinberg,0,0,9:33.123,9:33.123,21 Dec 2025,198,(U),1570558326201400964,,No,https://www.youtube.com/watch?v=6rzjZzzcGeA,9,33,123,573123,0,0,573123,1.396638066,410359,1.396638066,,0.9057,5.282712608,15.5085,17.1224,63.8357,8.23618,,,,,,,,,,,,,,,,,,,,,,,,,,,,,,,,,,,,,,,,,,,,,,,,,,,,,,,,,,,,,,,,,,,,,,,,,,,,,,,,,,,,,
🇳🇴,skycrab1,0,0,9:32.943,9:33.168,21 Oct 2025,259,(U),see video,,,https://www.youtube.com/watch?v=lHiL5mg3oA4&list=PLU3_fvoJ1GyMStiA29z37DUPtG47PvOJz&index=145,9,33,168,573168,225,0.225,572943,1.396747726,410359,1.396747726,,0.8785,5.285561803,15.0220,17.0990,63.6808,8.24151,,,,,,,,,,,,,,,,,,,,,,,,,,,,,,,,,,,,,,,,,,,,,,,,,,,,,,,,,,,,,,,,,,,,,,,,,,,,,,,,,,,,,
🇵🇱,mati_lopez,0,1,9:33.192,9:33.192,12 Dec 2023,938,(V),6639007270022584625,06,Yes,https://www.speedrun.com/mc/runs/mr2l5n4y,9,33,192,573192,0,0,573192,1.396806211,446254,1.284452352,,0.6256,2.984004895,29.6415,47.3789,63.5983,8.24436,,,,,,,,,,,,,,,,,,,,,,,,,,,,,,,,,,,,,,,,,,,,,,,,,,,,,,,,,,,,,,,,,,,,,,,,,,,,,,,,,,,,,
🇸🇰,NoFear1337,0,0,9:33.243,9:33.243,23 Jul 2025,349,(U),unknown,,,https://www.youtube.com/watch?v=Ucnbg8kATvI,9,33,243,573243,0,0,573243,1.396930493,410359,1.396930493,,0.8399,5.290313444,14.3283,17.0600,63.4232,8.25041,,,,,,,,,,,,,,,,,,,,,,,,,,,,,,,,,,,,,,,,,,,,,,,,,,,,,,,,,,,,,,,,,,,,,,,,,,,,,,,,,,,,,
🇵🇱,watermelon1708,0,0,9:33.249,9:33.249,20 Nov 2025,229,(U),unknown,,,https://www.youtube.com/watch?v=FIQZdzOU1z0,9,33,249,573249,0,0,573249,1.396945114,410359,1.396945114,,0.8918,5.290693737,15.2116,17.0569,63.4026,8.25112,,,,,,,,,,,,,,,,,,,,,,,,,,,,,,,,,,,,,,,,,,,,,,,,,,,,,,,,,,,,,,,,,,,,,,,,,,,,,,,,,,,,,
🇿🇦,Airpodsz,0,0,9:29.788,9:33.273,13 Feb 2026,144,(U),8037488532370898787,,,https://www.youtube.com/watch?v=wCmYoF-sS1s&list=PLjW0OIc7zcEcCMM5essHmBGzf92S0FzKi&index=32,9,33,273,573273,3485,3.485,569788,1.397003599,410359,1.397003599,,0.9305,5.292215145,15.8604,17.0445,63.3204,8.25397,,,,,,,,,,,,,,,,,,,,,,,,,,,,,,,,,,,,,,,,,,,,,,,,,,,,,,,,,,,,,,,,,,,,,,,,,,,,,,,,,,,,,
🇨🇦,Mynski,0,1,9:26.553,9:33.317,01 Jul 2023,1101.416667,(?),Unknown,??,Yes,https://www.youtube.com/watch?v=Eu51zmyVc4U,9,33,317,573317,6764,6.764,566553,1.397110822,465828,1.230748259,,0.5765,2.23872337,36.2215,62.8255,63.1697,8.25920,,,,,,,,,,,,,,,,,,,,,,,,,,,,,,,,,,,,,,,,,,,,,,,,,,,,,,,,,,,,,,,,,,,,,,,,,,,,,,,,,,,,,
🇮🇱,Ranik_,0,1,9:23.709,9:33.385,10 Oct 2023,1001,(U),-8488106891176696564,08,Yes,https://www.youtube.com/watch?v=hpavr1Umah8,9,33,385,573385,9676,9.676,563709,1.397276531,465828,1.230894236,,0.6062,2.24049969,38.0624,62.7857,62.9375,8.26729,,,,,,,,,,,,,,,,,,,,,,,,,,,,,,,,,,,,,,,,,,,,,,,,,,,,,,,,,,,,,,,,,,,,,,,,,,,,,,,,,,,,,
🇨🇦,Aquacorde,0,0,9:33.414,9:33.414,14 Jul 2025,358,(U),3745240715930610868,,,https://www.youtube.com/watch?v=irG5odl9FWc,9,33,414,573414,0,0,573414,1.397347201,410359,1.397347201,,0.8361,5.301161144,14.1899,16.9714,62.8386,8.27074,,,,,,,,,,,,,,,,,,,,,,,,,,,,,,,,,,,,,,,,,,,,,,,,,,,,,,,,,,,,,,,,,,,,,,,,,,,,,,,,,,,,,
🇦🇺,mikky_,0,0,9:32.437,9:33.614,03 Feb 2025,519,(U),unknown,,,https://www.youtube.com/watch?v=2pyaFcddFTA,9,33,614,573614,1177,1.177,572437,1.397834579,421494,1.36090668,,0.7714,4.422832661,19.7424,25.5917,62.1596,8.29456,,,,,,,,,,,,,,,,,,,,,,,,,,,,,,,,,,,,,,,,,,,,,,,,,,,,,,,,,,,,,,,,,,,,,,,,,,,,,,,,,,,,,
🇬🇧,priffie,0,0,9:33.654,9:33.654,21 Dec 2024,563,(U),-5242741980440312420,,,https://www.youtube.com/watch?v=jZn7gEOo0EE,9,33,654,573654,0,0,573654,1.397932055,421494,1.36100158,,0.7547,4.42494322,19.2943,25.5672,62.0244,8.29934,,,,,,,,,,,,,,,,,,,,,,,,,,,,,,,,,,,,,,,,,,,,,,,,,,,,,,,,,,,,,,,,,,,,,,,,,,,,,,,,,,,,,
🇺🇦,7rowl,0,1,9:33.656,9:33.656,27 May 2023,1137,(U),-280346871610267376,12,Yes,https://www.youtube.com/watch?v=pfJ6_SIVQsE,9,33,656,573656,0,0,573656,1.397936928,465828,1.231475995,,0.5664,2.247591417,35.4701,62.6267,62.0176,8.29957,,,,,,,,,,,,,,,,,,,,,,,,,,,,,,,,,,,,,,,,,,,,,,,,,,,,,,,,,,,,,,,,,,,,,,,,,,,,,,,,,,,,,
🇮🇹,Ale267,0,1,9:31.798,9:33.920,18 Mar 2023,1207,(V),6878392714686165176,12,Yes,https://www.speedrun.com/mc/run/m3lv7dwm,9,33,920,573920,2122,2.122,571798,1.398580268,465828,1.232042728,,0.5469,2.254519319,34.1653,62.4716,61.1306,8.33114,,,,,,,,,,,,,,,,,,,,,,,,,,,,,,,,,,,,,,,,,,,,,,,,,,,,,,,,,,,,,,,,,,,,,,,,,,,,,,,,,,,,,
🇫🇮,sadekeppi,0,0,9:33.933,9:33.933,27 Nov 2025,222,(U),unknown,,,https://www.youtube.com/watch?v=v5aAY7aHxAc,9,33,933,573933,0,0,573933,1.398611947,410359,1.398611947,,0.8949,5.334203944,14.9491,16.7040,61.0871,8.33269,,,,,,,,,,,,,,,,,,,,,,,,,,,,,,,,,,,,,,,,,,,,,,,,,,,,,,,,,,,,,,,,,,,,,,,,,,,,,,,,,,,,,
🇺🇦,loodlow,0,1,9:31.417,9:34.074,03 Jan 2024,916,(V),223037202453904849,,,https://www.speedrun.com/mc/runs/y8kod21y,9,34,74,574074,2657,2.657,571417,1.398955549,446254,1.286428805,,0.6325,3.015213031,29.5986,46.7928,60.6172,8.34960,,,,,,,,,,,,,,,,,,,,,,,,,,,,,,,,,,,,,,,,,,,,,,,,,,,,,,,,,,,,,,,,,,,,,,,,,,,,,,,,,,,,,
🇳🇴,skycrab1,0,0,9:31.539,9:34.051,05 Feb 2024,883,(U),unknown,,,https://www.youtube.com/watch?v=7WaCloKkkXQ&list=PLU3_fvoJ1GyMStiA29z37DUPtG47PvOJz&index=8,9,34,51,574051,2512,2.512,571539,1.3988995,421494,1.361943468,,0.6431,4.445938453,16.2853,25.3243,60.6937,8.34684,,,,,,,,,,,,,,,,,,,,,,,,,,,,,,,,,,,,,,,,,,,,,,,,,,,,,,,,,,,,,,,,,,,,,,,,,,,,,,,,,,,,,
🇳🇴,skycrab1,0,0,9:33.046,9:34.091,21 Jun 2024,746,(U),6111477306279101383,,,https://www.youtube.com/watch?v=SjpGEQo2qAI&list=PLU3_fvoJ1GyMStiA29z37DUPtG47PvOJz&index=36,9,34,91,574091,1045,1.045,573046,1.398996976,421494,1.362038368,,0.6887,4.448058678,17.4231,25.2998,60.5608,8.35164,,,,,,,,,,,,,,,,,,,,,,,,,,,,,,,,,,,,,,,,,,,,,,,,,,,,,,,,,,,,,,,,,,,,,,,,,,,,,,,,,,,,,
🇺🇸,doogile,0,0,9:34.348,9:34.348,21 Mar 2025,473,(U),3428741567389448584,,,https://www.youtube.com/watch?v=ON2kExN455Q,9,34,348,574348,0,0,574348,1.399623257,421494,1.362648104,,0.7894,4.461702282,19.8477,25.1432,59.7114,8.38253,,,,,,,,,,,,,,,,,,,,,,,,,,,,,,,,,,,,,,,,,,,,,,,,,,,,,,,,,,,,,,,,,,,,,,,,,,,,,,,,,,,,,
🇺🇸,zylenox,0,0,9:32.347,9:34.472,23 Apr 2024,805,(U),unknown,,,https://www.youtube.com/watch?v=XmDeU8epxY8,9,34,472,574472,2125,2.125,572347,1.399925431,421494,1.362942296,,0.6686,4.468298302,16.7614,25.0677,59.3045,8.39747,,,,,,,,,,,,,,,,,,,,,,,,,,,,,,,,,,,,,,,,,,,,,,,,,,,,,,,,,,,,,,,,,,,,,,,,,,,,,,,,,,,,,
🇺🇸,Infume,0,1,9:34.494,9:34.494,12 Mar 2023,1213,(V),-5346143310482159884,,,https://www.speedrun.com/mc/runs/znj9q59m,9,34,494,574494,0,0,574494,1.399979043,465828,1.233274943,,0.5453,2.26964839,33.8787,62.1335,59.2325,8.40013,,,,,,,,,,,,,,,,,,,,,,,,,,,,,,,,,,,,,,,,,,,,,,,,,,,,,,,,,,,,,,,,,,,,,,,,,,,,,,,,,,,,,
🇿🇦,Airpodsz,0,0,9:34.549,9:34.549,25 Mar 2026,104,(U),5812532133711140207,,,https://www.youtube.com/watch?v=asR4UWgtxFQ&list=PLjW0OIc7zcEcCMM5essHmBGzf92S0FzKi&index=40,9,34,549,574549,0,0,574549,1.400113072,410359,1.400113072,,0.9493,5.373655744,15.5592,16.3897,59.0529,8.40677,,,,,,,,,,,,,,,,,,,,,,,,,,,,,,,,,,,,,,,,,,,,,,,,,,,,,,,,,,,,,,,,,,,,,,,,,,,,,,,,,,,,,
🇺🇸,doogile,0,0,9:27.828,9:34.557,12 Apr 2023,1182,(U),-1996716733981977639,,,https://www.youtube.com/watch?v=uv1DYktuHdQ,9,34,557,574557,6729,6.729,567828,1.400132567,465828,1.233410186,,0.5538,2.271314429,34.3873,62.0964,59.0268,8.40773,,,,,,,,,,,,,,,,,,,,,,,,,,,,,,,,,,,,,,,,,,,,,,,,,,,,,,,,,,,,,,,,,,,,,,,,,,,,,,,,,,,,,
🇸🇪,PAPLERR,0,0,9:34.745,9:34.745,13 Sep 2024,662,(U),unknown,,,https://www.youtube.com/watch?v=gTtnN7qzmW8,9,34,745,574745,0,0,574745,1.400590702,421494,1.363589992,,0.7182,4.482850323,17.8847,24.9019,58.4157,8.43046,,,,,,,,,,,,,,,,,,,,,,,,,,,,,,,,,,,,,,,,,,,,,,,,,,,,,,,,,,,,,,,,,,,,,,,,,,,,,,,,,,,,,
🇨🇦,Aquacorde,0,0,9:35.061,9:35.061,11 Feb 2024,877,(U),5916322168139045813,,,https://www.youtube.com/watch?v=_kB4l1r6Z_U,9,35,61,575061,0,0,575061,1.40136076,421494,1.364339706,,0.6450,4.499746286,15.9384,24.7106,57.3985,8.46878,,,,,,,,,,,,,,,,,,,,,,,,,,,,,,,,,,,,,,,,,,,,,,,,,,,,,,,,,,,,,,,,,,,,,,,,,,,,,,,,,,,,,
🇳🇴,skycrab1,0,0,9:33.390,9:35.170,05 Jul 2025,367,(U),3232995416196274049,,,https://www.youtube.com/watch?v=kxZT3ObGb8g&list=PLU3_fvoJ1GyMStiA29z37DUPtG47PvOJz&index=40,9,35,170,575170,1780,1.78,573390,1.401626381,410359,1.401626381,,0.8324,5.413685488,13.3809,16.0760,57.0506,8.48203,,,,,,,,,,,,,,,,,,,,,,,,,,,,,,,,,,,,,,,,,,,,,,,,,,,,,,,,,,,,,,,,,,,,,,,,,,,,,,,,,,,,,
🇳🇴,skycrab1,0,0,9:35.237,9:35.237,16 Sep 2024,659,(U),3490610711658203102,,,https://www.youtube.com/watch?v=_H66aNYnVX4&list=PLU3_fvoJ1GyMStiA29z37DUPtG47PvOJz&index=71,9,35,237,575237,0,0,575237,1.401789652,421494,1.364757268,,0.7193,4.50918088,17.6974,24.6043,56.8375,8.49019,,,,,,,,,,,,,,,,,,,,,,,,,,,,,,,,,,,,,,,,,,,,,,,,,,,,,,,,,,,,,,,,,,,,,,,,,,,,,,,,,,,,,
🇳🇴,skycrab1,0,0,9:33.936,9:35.543,05 Aug 2024,701,(U),8022322116352656572,,,https://www.youtube.com/watch?v=4ly8bruecIw&list=PLU3_fvoJ1GyMStiA29z37DUPtG47PvOJz&index=48,9,35,543,575543,1607,1.607,573936,1.402535341,421494,1.365483257,,0.7043,4.525625495,17.1998,24.4199,55.8712,8.52753,,,,,,,,,,,,,,,,,,,,,,,,,,,,,,,,,,,,,,,,,,,,,,,,,,,,,,,,,,,,,,,,,,,,,,,,,,,,,,,,,,,,,
🇳🇴,skycrab1,0,0,9:35.206,9:35.594,10 Sep 2024,665,(U),4102653367681446187,,,https://www.youtube.com/watch?v=yy661jRyqhw&list=PLU3_fvoJ1GyMStiA29z37DUPtG47PvOJz&index=66,9,35,594,575594,388,0.388,575206,1.402659622,421494,1.365604255,,0.7171,4.528371369,17.4902,24.3893,55.7113,8.53377,,,,,,,,,,,,,,,,,,,,,,,,,,,,,,,,,,,,,,,,,,,,,,,,,,,,,,,,,,,,,,,,,,,,,,,,,,,,,,,,,,,,,
🇿🇦,Airpodsz,0,0,9:34.064,9:35.608,07 May 2025,426,(U),492596804425449081,,,https://www.youtube.com/watch?v=ivfJVCUNFEQ&list=PLjW0OIc7zcEcCMM5essHmBGzf92S0FzKi&index=4,9,35,608,575608,1544,1.544,574064,1.402693739,421494,1.365637471,,0.8082,4.529125393,19.7035,24.3809,55.6674,8.53548,,,,,,,,,,,,,,,,,,,,,,,,,,,,,,,,,,,,,,,,,,,,,,,,,,,,,,,,,,,,,,,,,,,,,,,,,,,,,,,,,,,,,
🇸🇰,NoFear1337,0,0,9:35.670,9:35.670,20 Dec 2023,930,(U),unknown,,,https://www.youtube.com/watch?v=Dsj0KzbzY60,9,35,670,575670,0,0,575670,1.402844826,446254,1.290005244,,0.6281,3.072421088,28.7256,45.7316,55.4736,8.54307,,,,,,,,,,,,,,,,,,,,,,,,,,,,,,,,,,,,,,,,,,,,,,,,,,,,,,,,,,,,,,,,,,,,,,,,,,,,,,,,,,,,,
🇨🇦,silverr,0,0,9:35.814,9:35.814,05 Feb 2023,1248,(U),8973390315724050418,15,Yes,https://www.youtube.com/watch?v=6EHuNGxSBko,9,35,814,575814,0,0,575814,1.403195738,495537,1.162000012,,0.5358,1.530253214,42.5812,79.4727,55.0252,8.56072,,,,,,,,,,,,,,,,,,,,,,,,,,,,,,,,,,,,,,,,,,,,,,,,,,,,,,,,,,,,,,,,,,,,,,,,,,,,,,,,,,,,,
🇺🇸,zylenox,0,0,9:30.131,9:35.861,04 Dec 2024,580,(U),unknown,,,https://www.youtube.com/watch?v=NkdqmkVubFA,9,35,861,575861,5730,5.73,570131,1.403310272,421494,1.366237716,,0.7483,4.542770672,18.1297,24.2290,54.8794,8.56649,,,,,,,,,,,,,,,,,,,,,,,,,,,,,,,,,,,,,,,,,,,,,,,,,,,,,,,,,,,,,,,,,,,,,,,,,,,,,,,,,,,,,
🇵🇱,watermelon1708,0,0,9:34.440,9:35.912,13 Oct 2025,267,(U),unknown,,,https://www.youtube.com/watch?v=YxzgDYgm8AE,9,35,912,575912,1472,1.472,574440,1.403434554,410359,1.403434554,,0.8750,5.461856161,13.7429,15.7057,54.7215,8.57275,,,,,,,,,,,,,,,,,,,,,,,,,,,,,,,,,,,,,,,,,,,,,,,,,,,,,,,,,,,,,,,,,,,,,,,,,,,,,,,,,,,,,
🇿🇦,Airpodsz,0,0,9:35.503,9:35.919,26 Feb 2026,131,(U),-1555971930486417562,,,https://www.youtube.com/watch?v=LH375ak-SW4&list=PLjW0OIc7zcEcCMM5essHmBGzf92S0FzKi&index=39,9,35,919,575919,416,0.416,575503,1.403451612,410359,1.403451612,,0.9366,5.462312378,14.7067,15.7022,54.6998,8.57361,,,,,,,,,,,,,,,,,,,,,,,,,,,,,,,,,,,,,,,,,,,,,,,,,,,,,,,,,,,,,,,,,,,,,,,,,,,,,,,,,,,,,
🇺🇸,doogile,0,0,9:35.919,9:35.919,23 May 2025,410,(U),369201841316479078,,,https://www.youtube.com/watch?v=m5WY6SiLPH8,9,35,919,575919,0,0,575919,1.403451612,421494,1.366375322,,0.8146,4.545903911,19.7098,24.1942,54.6998,8.57361,,,,,,,,,,,,,,,,,,,,,,,,,,,,,,,,,,,,,,,,,,,,,,,,,,,,,,,,,,,,,,,,,,,,,,,,,,,,,,,,,,,,,
🇬🇧,Brentilda,1,1,9:38.000,9:36.000,19 Apr 2021,1905,(V),-8422260959436812016,01,No,https://www.speedrun.com/mc/run/zq13899m,9,36,0,576000,-2000,-2,578000,1.403649,667000,0.8635682159,,0.3858,0.2790797795,40.1895,104.1786,54.4498,8.58357,,,,,,,,,,,,,,,,,,,,,,,,,,,,,,,,,,,,,,,,,,,,,,,,,,,,,,,,,,,,,,,,,,,,,,,,,,,,,,,,,,,,,
🇵🇱,okshey,0,0,9:36.198,9:36.198,09 Nov 2025,240,(U),unknown,,,https://www.youtube.com/watch?v=EPY9lEApMl8,9,36,198,576198,0,0,576198,1.404131504,410359,1.404131504,,0.8869,5.480522974,13.8043,15.5643,53.8420,8.60795,,,,,,,,,,,,,,,,,,,,,,,,,,,,,,,,,,,,,,,,,,,,,,,,,,,,,,,,,,,,,,,,,,,,,,,,,,,,,,,,,,,,,
🇸🇪,Crookst,0,1,9:31.823,9:36.696,05 Mar 2022,1585,(V),1234475058860136521,06,Yes,https://www.speedrun.com/mc/run/zn75ro9m,9,36,696,576696,4873,4.873,571823,1.405345076,548820,1.05079261,,0.4527,0.8072762451,43.4962,96.0793,52.3346,8.66955,,,,,,,,,,,,,,,,,,,,,,,,,,,,,,,,,,,,,,,,,,,,,,,,,,,,,,,,,,,,,,,,,,,,,,,,,,,,,,,,,,,,,
🇩🇰,Bloopy,0,0,9:36.244,9:36.244,27 Oct 2024,618,(U),3241660036235146313,,,https://www.youtube.com/watch?v=KEaHoB1_iY4,9,36,244,576244,0,0,576244,1.404243601,421494,1.367146389,,0.7342,4.563495917,17.6202,23.9999,53.7015,8.61362,,,,,,,,,,,,,,,,,,,,,,,,,,,,,,,,,,,,,,,,,,,,,,,,,,,,,,,,,,,,,,,,,,,,,,,,,,,,,,,,,,,,,
🇨🇦,Jay12310,0,0,9:36.303,9:36.303,07 Jan 2026,181,(U),unknown,,,https://www.youtube.com/watch?v=pROA_8k_5eg&list=PLaTJSsRuu2UcsiC6KEkJwrGp1GaGgPoVG&index=12,9,36,303,576303,0,0,576303,1.404387378,410359,1.404387378,,0.9135,5.487390139,14.1703,15.5125,53.5216,8.62091,,,,,,,,,,,,,,,,,,,,,,,,,,,,,,,,,,,,,,,,,,,,,,,,,,,,,,,,,,,,,,,,,,,,,,,,,,,,,,,,,,,,,
🇺🇸,doogile,0,0,9:36.342,9:36.342,06 Jun 2025,396,(U),3942752838021789289,,,https://www.youtube.com/watch?v=Kwy4Xk-e0q8,9,36,342,576342,0,0,576342,1.404482417,421494,1.367378895,,0.8204,4.568812278,19.6408,23.9414,53.4030,8.62572,,,,,,,,,,,,,,,,,,,,,,,,,,,,,,,,,,,,,,,,,,,,,,,,,,,,,,,,,,,,,,,,,,,,,,,,,,,,,,,,,,,,,
🇸🇪,PAPLERR,0,0,9:36.264,9:36.524,16 Oct 2024,629,(U),unknown,,,https://www.youtube.com/watch?v=qfcWXXvUAJs,9,36,524,576524,260,0.26,576264,1.404925931,421494,1.367810692,,0.7302,4.57869992,17.4017,23.8329,52.8518,8.64823,,,,,,,,,,,,,,,,,,,,,,,,,,,,,,,,,,,,,,,,,,,,,,,,,,,,,,,,,,,,,,,,,,,,,,,,,,,,,,,,,,,,,
🇧🇪,boyenn,0,1,9:36.771,9:36.771,02 Jan 2024,917,(U),-4821689901528726194,18,Yes,https://www.youtube.com/watch?v=_6pn-zw0hAg,9,36,771,576771,0,0,576771,1.405527843,446254,1.292472448,,0.6322,3.112444557,28.4501,44.9995,52.1102,8.67886,,,,,,,,,,,,,,,,,,,,,,,,,,,,,,,,,,,,,,,,,,,,,,,,,,,,,,,,,,,,,,,,,,,,,,,,,,,,,,,,,,,,,
🇳🇴,skycrab1,0,0,9:35.664,9:36.849,26 Mar 2024,833,(U),unknown,,,https://www.youtube.com/watch?v=R_kkDzbVPHM&list=PLU3_fvoJ1GyMStiA29z37DUPtG47PvOJz&index=13,9,36,849,576849,1185,1.185,575664,1.40571792,421494,1.368581759,,0.6594,4.596403068,15.5869,23.6399,51.8775,8.68855,,,,,,,,,,,,,,,,,,,,,,,,,,,,,,,,,,,,,,,,,,,,,,,,,,,,,,,,,,,,,,,,,,,,,,,,,,,,,,,,,,,,,
🇳🇴,skycrab1,0,0,9:36.996,9:36.996,08 Oct 2024,637,(U),7453415470551744389,,,https://www.youtube.com/watch?v=kSKZSx3MlS0&list=PLU3_fvoJ1GyMStiA29z37DUPtG47PvOJz&index=77,9,36,996,576996,0,0,576996,1.406076143,421494,1.368930519,,0.7272,4.604430017,17.1285,23.5527,51.4411,8.70684,,,,,,,,,,,,,,,,,,,,,,,,,,,,,,,,,,,,,,,,,,,,,,,,,,,,,,,,,,,,,,,,,,,,,,,,,,,,,,,,,,,,,
🇸🇪,PAPLERR,0,0,9:36.624,9:37.140,31 Mar 2024,828,(U),unknown,,,https://www.youtube.com/watch?v=M35thmap7LY,9,37,140,577140,516,0.516,576624,1.406427055,421494,1.36927216,,0.6610,4.612305056,15.5121,23.4675,51.0162,8.72479,,,,,,,,,,,,,,,,,,,,,,,,,,,,,,,,,,,,,,,,,,,,,,,,,,,,,,,,,,,,,,,,,,,,,,,,,,,,,,,,,,,,,
🇮🇹,chiodus2472,0,1,9:34.948,9:37.268,09 Jan 2024,910,(V),-969821978931819875,01,Yes,https://www.speedrun.com/mc/runs/yd2409vm,9,37,268,577268,2320,2.32,574948,1.406738977,421494,1.369575842,,0.6344,4.619314996,14.8410,23.3919,50.6405,8.74078,,,,,,,,,,,,,,,,,,,,,,,,,,,,,,,,,,,,,,,,,,,,,,,,,,,,,,,,,,,,,,,,,,,,,,,,,,,,,,,,,,,,,
🇳🇴,skycrab1,0,0,9:36.604,9:37.350,26 May 2024,772,(U),546895512825728469,,,https://www.youtube.com/watch?v=13DWhOeZhQ0&list=PLU3_fvoJ1GyMStiA29z37DUPtG47PvOJz&index=23,9,37,350,577350,746,0.746,576604,1.406938802,421494,1.369770388,,0.6798,4.623810642,15.8682,23.3435,50.4009,8.75103,,,,,,,,,,,,,,,,,,,,,,,,,,,,,,,,,,,,,,,,,,,,,,,,,,,,,,,,,,,,,,,,,,,,,,,,,,,,,,,,,,,,,
🇺🇸,doogile,0,0,9:36.895,9:37.361,14 Feb 2024,874,(U),8840188245230081545,,,https://www.youtube.com/watch?v=vGXGBTmZ5tU,9,37,361,577361,466,0.466,576895,1.406965608,421494,1.369796486,,0.6460,4.624414008,15.0751,23.3370,50.3689,8.75241,,,,,,,,,,,,,,,,,,,,,,,,,,,,,,,,,,,,,,,,,,,,,,,,,,,,,,,,,,,,,,,,,,,,,,,,,,,,,,,,,,,,,
🇨🇦,21mustard,0,1,9:22.292,9:37.383,21 Jul 2023,1082,(V),unknown,09,Yes,https://www.speedrun.com/mc/runs/mrlv1p4m,9,37,383,577383,15091,15.091,562292,1.40701922,465828,1.239476803,,0.5822,2.347184995,35.1721,60.4160,50.3048,8.75516,,,,,,,,,,,,,,,,,,,,,,,,,,,,,,,,,,,,,,,,,,,,,,,,,,,,,,,,,,,,,,,,,,,,,,,,,,,,,,,,,,,,,
🇨🇦,Aquacorde,0,0,9:37.428,9:37.428,12 Jun 2025,390,(U),5411072566358981877,,,https://www.youtube.com/watch?v=8qtirJeKx8I,9,37,428,577428,0,0,577428,1.40712888,410359,1.40712888,,0.8228,5.561439667,12.3130,14.9641,50.1738,8.76080,,,,,,,,,,,,,,,,,,,,,,,,,,,,,,,,,,,,,,,,,,,,,,,,,,,,,,,,,,,,,,,,,,,,,,,,,,,,,,,,,,,,,
🇨🇦,Aquacorde,0,0,9:37.634,9:37.634,22 May 2024,776,(U),-2489974967494847394,,,https://www.youtube.com/watch?v=VE9n0qCjt7w,9,37,634,577634,0,0,577634,1.407630879,421494,1.370444182,,0.6784,4.639410569,15.7231,23.1763,49.5774,8.78663,,,,,,,,,,,,,,,,,,,,,,,,,,,,,,,,,,,,,,,,,,,,,,,,,,,,,,,,,,,,,,,,,,,,,,,,,,,,,,,,,,,,,
🇳🇴,skycrab1,0,0,9:38.062,9:38.159,08 Dec 2025,211,(U),unknown,,,https://www.youtube.com/watch?v=ZuI2ve_w9q0&list=PLU3_fvoJ1GyMStiA29z37DUPtG47PvOJz&index=158,9,38,159,578159,97,0.097,578062,1.408910247,410359,1.408910247,,0.8999,5.610021563,13.1505,14.6137,48.0805,8.85278,,,,,,,,,,,,,,,,,,,,,,,,,,,,,,,,,,,,,,,,,,,,,,,,,,,,,,,,,,,,,,,,,,,,,,,,,,,,,,,,,,,,,
🇺🇸,Reignex,0,0,9:38.147,9:38.262,11 Jul 2023,1092,(U),unknown,12,Yes,https://www.youtube.com/watch?v=z-OO3UOtPY88,9,38,262,578262,115,0.115,578147,1.409161247,465828,1.241363765,,0.5793,2.371242232,34.6911,59.8884,47.7907,8.86580,,,,,,,,,,,,,,,,,,,,,,,,,,,,,,,,,,,,,,,,,,,,,,,,,,,,,,,,,,,,,,,,,,,,,,,,,,,,,,,,,,,,,
🇨🇦,Aquacorde,0,0,9:38.350,9:38.350,13 Apr 2024,815,(U),-9127982004582887256,,,https://www.youtube.com/watch?v=J3IDVImiBgk,9,38,350,578350,0,0,578350,1.409375693,421494,1.372142901,,0.6653,4.678944781,15.1405,22.7571,47.5441,8.87695,,,,,,,,,,,,,,,,,,,,,,,,,,,,,,,,,,,,,,,,,,,,,,,,,,,,,,,,,,,,,,,,,,,,,,,,,,,,,,,,,,,,,
🇧🇷,shyaya,0,1,9:24.030,9:38.411,30 Apr 2022,1529,(V),2054193579190053167,,,https://www.speedrun.com/mc/runs/znpk5w3m,9,38,411,578411,14381,14.381,564030,1.409524343,548820,1.053917496,,0.4656,0.8221315227,44.5894,95.7745,47.3737,8.88468,,,,,,,,,,,,,,,,,,,,,,,,,,,,,,,,,,,,,,,,,,,,,,,,,,,,,,,,,,,,,,,,,,,,,,,,,,,,,,,,,,,,,
🇳🇴,skycrab1,0,0,9:37.169,9:38.505,15 Jun 2024,752,(U),-6835923738561090524,,,https://www.youtube.com/watch?v=DiB9QaNNmPs&list=PLU3_fvoJ1GyMStiA29z37DUPtG47PvOJz&index=31&pp=iAQB,9,38,505,578505,1336,1.336,577169,1.409753411,421494,1.372510641,,0.6866,4.687541913,15.5630,22.6668,47.1120,8.89661,,,,,,,,,,,,,,,,,,,,,,,,,,,,,,,,,,,,,,,,,,,,,,,,,,,,,,,,,,,,,,,,,,,,,,,,,,,,,,,,,,,,,
🇷🇺,aleen,0,0,9:38.572,9:38.572,11 Jul 2023,1092,(U),-2116083140785115834,04,Yes,https://www.youtube.com/watch?v=LVB2XbfIBdY,9,38,572,578572,0,0,578572,1.409916683,465828,1.242029247,,0.5793,2.379779071,34.5830,59.7017,46.9261,8.90512,,,,,,,,,,,,,,,,,,,,,,,,,,,,,,,,,,,,,,,,,,,,,,,,,,,,,,,,,,,,,,,,,,,,,,,,,,,,,,,,,,,,,
🇸🇪,PAPLERR,0,0,9:36.026,9:38.587,01 Jul 2024,736,(U),unknown,,,https://www.youtube.com/watch?v=XTUe5tawd1s,9,38,587,578587,2561,2.561,576026,1.409953236,421494,1.372705187,,0.6921,4.692095666,15.6550,22.6190,46.8845,8.90703,,,,,,,,,,,,,,,,,,,,,,,,,,,,,,,,,,,,,,,,,,,,,,,,,,,,,,,,,,,,,,,,,,,,,,,,,,,,,,,,,,,,,
🇿🇦,Airpodsz,0,0,9:38.670,9:38.670,02 Jun 2025,400,(U),5921062734951902024,,,https://www.youtube.com/watch?v=O4iSypYT2y4&list=PLjW0OIc7zcEcCMM5essHmBGzf92S0FzKi&index=6,9,38,670,578670,0,0,578670,1.410155498,421494,1.372902105,,0.8187,4.696708898,18.4794,22.5708,46.6551,8.91758,,,,,,,,,,,,,,,,,,,,,,,,,,,,,,,,,,,,,,,,,,,,,,,,,,,,,,,,,,,,,,,,,,,,,,,,,,,,,,,,,,,,,
🇨🇦,Aquacorde,0,0,9:38.736,9:38.736,06 Jun 2025,396,(U),9010889274559730847,,,https://www.youtube.com/watch?v=bVVdKUflSME,9,38,736,578736,0,0,578736,1.410316333,421494,1.373058691,,0.8204,4.700380086,18.4850,22.5325,46.4733,8.92598,,,,,,,,,,,,,,,,,,,,,,,,,,,,,,,,,,,,,,,,,,,,,,,,,,,,,,,,,,,,,,,,,,,,,,,,,,,,,,,,,,,,,
🇵🇱,watermelon1708,0,0,9:37.975,9:38.760,14 Nov 2025,235,(U),unknown,,,https://www.youtube.com/watch?v=i8Pi7aIULKc,9,38,760,578760,785,0.785,577975,1.410374818,410359,1.410374818,,0.8891,5.650240733,12.7407,14.3293,46.4073,8.92904,,,,,,,,,,,,,,,,,,,,,,,,,,,,,,,,,,,,,,,,,,,,,,,,,,,,,,,,,,,,,,,,,,,,,,,,,,,,,,,,,,,,,
🇮🇹,drip120,0,0,9:37.558,9:39.066,24 Oct 2025,256,(U),unknown,,,https://www.youtube.com/watch?v=wyhD_ahpxGU,9,39,66,579066,1508,1.508,577558,1.411120507,410359,1.411120507,,0.8799,5.670814874,12.4813,14.1857,45.5717,8.96809,,,,,,,,,,,,,,,,,,,,,,,,,,,,,,,,,,,,,,,,,,,,,,,,,,,,,,,,,,,,,,,,,,,,,,,,,,,,,,,,,,,,,
🇨🇦,EvanKeen,0,0,9:34.747,9:39.089,18 Aug 2022,1419,(U),3017816655898544242,15,Yes,https://www.youtube.com/watch?v=aFLHdmK11hU,9,39,89,579089,4342,4.342,574747,1.411176555,517884,1.118182836,,0.4919,1.192847986,43.0526,87.5249,45.5093,8.97104,,,,,,,,,,,,,,,,,,,,,,,,,,,,,,,,,,,,,,,,,,,,,,,,,,,,,,,,,,,,,,,,,,,,,,,,,,,,,,,,,,,,,
🇺🇸,zylenox,0,0,9:37.585,9:39.144,04 Jun 2024,763,(U),unknown,,,https://www.youtube.com/watch?v=A6xkO0SfvHs,9,39,144,579144,1559,1.559,577585,1.411310584,421494,1.374026677,,0.6828,4.723130539,15.2247,22.2962,45.3605,8.97807,,,,,,,,,,,,,,,,,,,,,,,,,,,,,,,,,,,,,,,,,,,,,,,,,,,,,,,,,,,,,,,,,,,,,,,,,,,,,,,,,,,,,
🇦🇺,MoleyG,0,1,9:34.824,9:39.177,03 Jul 2023,1100,(V),2069048257442487259,05,Yes,https://www.speedrun.com/mc/run/z5peddgm,9,39,177,579177,4353,4.353,574824,1.411391002,465828,1.243328009,,0.5769,2.396518914,34.2343,59.3367,45.2713,8.98230,,,,,,,,,,,,,,,,,,,,,,,,,,,,,,,,,,,,,,,,,,,,,,,,,,,,,,,,,,,,,,,,,,,,,,,,,,,,,,,,,,,,,
🇳🇴,skycrab1,0,0,9:39.300,9:39.928,28 Jul 2024,709,(U),1220434626875752910,,,https://www.youtube.com/watch?v=mFNMOnaFXaY&list=PLU3_fvoJ1GyMStiA29z37DUPtG47PvOJz&index=45,9,39,928,579928,628,0.628,579300,1.413221106,421494,1.375886727,,0.7015,4.767117892,15.3251,21.8454,43.2766,9.07893,,,,,,,,,,,,,,,,,,,,,,,,,,,,,,,,,,,,,,,,,,,,,,,,,,,,,,,,,,,,,,,,,,,,,,,,,,,,,,,,,,,,,
🇺🇦,dinonuggieboi,0,1,9:35.023,9:39.334,22 Apr 2023,1172,(V),-6590499565572039174,04,Yes,https://www.speedrun.com/mc/run/m3q9d2dy,9,39,334,579334,4311,4.311,575023,1.411773593,465828,1.243665044,,0.5565,2.40088015,32.9710,59.2418,44.8489,9.00242,,,,,,,,,,,,,,,,,,,,,,,,,,,,,,,,,,,,,,,,,,,,,,,,,,,,,,,,,,,,,,,,,,,,,,,,,,,,,,,,,,,,,
🇵🇱,Mixray,0,1,9:34.946,9:39.423,15 Sep 2023,1026,(U),6988294764721144612,04,Yes,https://www.youtube.com/watch?v=BtKOerBoYtI,9,39,423,579423,4477,4.477,574946,1.411990477,465828,1.243856101,,0.5987,2.403355595,35.4357,59.1880,44.6107,9.01385,,,,,,,,,,,,,,,,,,,,,,,,,,,,,,,,,,,,,,,,,,,,,,,,,,,,,,,,,,,,,,,,,,,,,,,,,,,,,,,,,,,,,
🇵🇱,watermelon1708,0,0,9:37.815,9:39.646,12 Oct 2025,268,(U),see video,,,https://www.youtube.com/watch?v=0Sux8DzQKHg,9,39,646,579646,1831,1.831,577815,1.412533903,410359,1.412533903,,0.8746,5.709991036,12.1706,13.9158,44.0180,9.04254,,,,,,,,,,,,,,,,,,,,,,,,,,,,,,,,,,,,,,,,,,,,,,,,,,,,,,,,,,,,,,,,,,,,,,,,,,,,,,,,,,,,,
🇳🇴,skycrab1,0,0,9:39.881,9:39.881,20 Oct 2024,625,(U),-8605506067910459007,,,https://www.youtube.com/watch?v=Qo6r_k863hs&list=PLU3_fvoJ1GyMStiA29z37DUPtG47PvOJz&index=86,9,39,881,579881,0,0,579881,1.413106573,421494,1.375775219,,0.7316,4.764470825,16.0021,21.8723,43.3995,9.07285,,,,,,,,,,,,,,,,,,,,,,,,,,,,,,,,,,,,,,,,,,,,,,,,,,,,,,,,,,,,,,,,,,,,,,,,,,,,,,,,,,,,,
🇨🇦,Aquacorde,0,0,9:39.937,9:39.937,12 Jul 2025,360,(U),3456563830022902090,,,https://www.youtube.com/watch?v=9W4oVjvPLO8,9,39,937,579937,0,0,579937,1.413243038,410359,1.413243038,,0.8353,5.729735462,11.5113,13.7815,43.2531,9.08009,,,,,,,,,,,,,,,,,,,,,,,,,,,,,,,,,,,,,,,,,,,,,,,,,,,,,,,,,,,,,,,,,,,,,,,,,,,,,,,,,,,,,
🇳🇴,skycrab1,0,0,9:39.675,9:39.946,17 May 2025,416,(U),unknown,,,https://www.youtube.com/watch?v=7_u4r-5wbBw&list=PLU3_fvoJ1GyMStiA29z37DUPtG47PvOJz&index=122,9,39,946,579946,271,0.271,579675,1.41326497,421494,1.375929432,,0.8122,4.768132004,17.7346,21.8351,43.2296,9.08125,,,,,,,,,,,,,,,,,,,,,,,,,,,,,,,,,,,,,,,,,,,,,,,,,,,,,,,,,,,,,,,,,,,,,,,,,,,,,,,,,,,,,
🇨🇦,silverr,0,0,9:39.993,9:39.993,21 Jan 2023,1263,(U),5152803780424896801,15,Yes,https://www.youtube.com/watch?v=4SxUSWR0AKk,9,39,993,579993,0,0,579993,1.413379504,495537,1.170433288,,0.5318,1.60451547,41.3123,77.6849,43.1070,9.08733,,,,,,,,,,,,,,,,,,,,,,,,,,,,,,,,,,,,,,,,,,,,,,,,,,,,,,,,,,,,,,,,,,,,,,,,,,,,,,,,,,,,,
🇹🇿,Kxpow,0,1,9:35.931,9:40.072,13 Feb 2023,1240,(V),-2352610708955668290,06,Yes,https://www.speedrun.com/mc/run/meeedq3m,9,40,72,580072,4141,4.141,575931,1.413572019,465828,1.245249319,,0.5379,2.421475987,31.6284,58.7948,42.9016,9.09756,,,,,,,,,,,,,,,,,,,,,,,,,,,,,,,,,,,,,,,,,,,,,,,,,,,,,,,,,,,,,,,,,,,,,,,,,,,,,,,,,,,,,
🇨🇦,silverr,0,0,9:39.324,9:40.144,13 Sep 2023,1028,(U),unknown,??,Yes,https://www.youtube.com/watch?v=7Qgs9qVAEYg,9,40,144,580144,820,0.82,579324,1.413747475,465828,1.245403883,,0.5981,2.423493771,35.1390,58.7511,42.7150,9.10689,,,,,,,,,,,,,,,,,,,,,,,,,,,,,,,,,,,,,,,,,,,,,,,,,,,,,,,,,,,,,,,,,,,,,,,,,,,,,,,,,,,,,
🇺🇸,Feinberg,0,0,9:38.533,9:40.201,22 Nov 2022,1323,(U),3763410502063067245,,,https://www.youtube.com/watch?v=X5XKUnji4HM,9,40,201,580201,1668,1.668,578533,1.413886378,495537,1.170853034,,0.5161,1.608296434,40.0444,77.5939,42.5676,9.11428,,,,,,,,,,,,,,,,,,,,,,,,,,,,,,,,,,,,,,,,,,,,,,,,,,,,,,,,,,,,,,,,,,,,,,,,,,,,,,,,,,,,,
🇿🇦,Airpodsz,0,0,9:40.203,9:40.203,18 Feb 2026,139,(U),1567644666340618744,,,https://www.youtube.com/watch?v=Xmbntq1hvyM&list=PLjW0OIc7zcEcCMM5essHmBGzf92S0FzKi&index=36,9,40,203,580203,0,0,580203,1.413891251,410359,1.413891251,,0.9329,5.747835708,12.7424,13.6595,42.5625,9.11454,,,,,,,,,,,,,,,,,,,,,,,,,,,,,,,,,,,,,,,,,,,,,,,,,,,,,,,,,,,,,,,,,,,,,,,,,,,,,,,,,,,,,
🇬🇧,priffie,0,0,9:34.622,9:40.319,02 Feb 2025,520,(U),unknown,,,https://www.youtube.com/watch?v=WmMhRnKR004,9,40,319,580319,5697,5.697,574622,1.414173931,421494,1.376814379,,0.7711,4.789189198,16.6718,21.6222,42.2639,9.12960,,,,,,,,,,,,,,,,,,,,,,,,,,,,,,,,,,,,,,,,,,,,,,,,,,,,,,,,,,,,,,,,,,,,,,,,,,,,,,,,,,,,,
🇺🇸,doogile,0,0,9:38.425,9:40.319,20 Jan 2024,899,(U),-4077851580953068746,,,https://www.youtube.com/watch?v=qYuK9wNO7GQ,9,40,319,580319,1894,1.894,578425,1.414173931,421494,1.376814379,,0.6379,4.789189198,13.7938,21.6222,42.2639,9.12960,,,,,,,,,,,,,,,,,,,,,,,,,,,,,,,,,,,,,,,,,,,,,,,,,,,,,,,,,,,,,,,,,,,,,,,,,,,,,,,,,,,,,
🇳🇱,HDMICables,0,1,9:35.842,9:40.337,30 Dec 2023,920,(U),-2883304325678276407,06,Yes,https://www.youtube.com/watch?v=fsCAdRBeb3s,9,40,337,580337,4495,4.495,575842,1.414217795,446254,1.300463413,,0.6313,3.245263052,26.9120,42.6306,42.2177,9.13194,,,,,,,,,,,,,,,,,,,,,,,,,,,,,,,,,,,,,,,,,,,,,,,,,,,,,,,,,,,,,,,,,,,,,,,,,,,,,,,,,,,,,
🇨🇦,NoHacsJustRoblox,0,0,9:39.837,9:40.348,22 Apr 2024,806,(U),7851252288319915185,,,https://www.youtube.com/watch?v=yxr4anf52rI,9,40,348,580348,511,0.511,579837,1.4142446,421494,1.376883182,,0.6683,4.790829758,14.4393,21.6057,42.1894,9.13337,,,,,,,,,,,,,,,,,,,,,,,,,,,,,,,,,,,,,,,,,,,,,,,,,,,,,,,,,,,,,,,,,,,,,,,,,,,,,,,,,,,,,
🇿🇦,Airpodsz,0,0,9:40.353,9:40.353,18 Feb 2026,139,(U),5652081996775429995,,,https://www.youtube.com/watch?v=fz2WSDzfu1Y&list=PLjW0OIc7zcEcCMM5essHmBGzf92S0FzKi&index=34,9,40,353,580353,0,0,580353,1.414256785,410359,1.414256785,,0.9329,5.758064592,12.6784,13.5909,42.1766,9.13402,,,,,,,,,,,,,,,,,,,,,,,,,,,,,,,,,,,,,,,,,,,,,,,,,,,,,,,,,,,,,,,,,,,,,,,,,,,,,,,,,,,,,
🇳🇴,skycrab1,0,0,9:39.314,9:40.387,13 Aug 2024,693,(U),-7637821071124496857,,,https://www.youtube.com/watch?v=aFxizpVM6-c&list=PLU3_fvoJ1GyMStiA29z37DUPtG47PvOJz&index=51,9,40,387,580387,1073,1.073,579314,1.414339639,421494,1.37697571,,0.7072,4.793036804,15.2629,21.5835,42.0895,9.13844,,,,,,,,,,,,,,,,,,,,,,,,,,,,,,,,,,,,,,,,,,,,,,,,,,,,,,,,,,,,,,,,,,,,,,,,,,,,,,,,,,,,,
🇳🇴,skycrab1,0,0,9:40.817,9:40.817,08 Dec 2025,211,(U),unknown,,,https://www.youtube.com/watch?v=WAg6hWbZyx4&list=PLU3_fvoJ1GyMStiA29z37DUPtG47PvOJz&index=154,9,40,817,580817,0,0,580817,1.415387502,410359,1.415387502,,0.8999,5.789806534,12.0405,13.3801,40.9992,9.19451,,,,,,,,,,,,,,,,,,,,,,,,,,,,,,,,,,,,,,,,,,,,,,,,,,,,,,,,,,,,,,,,,,,,,,,,,,,,,,,,,,,,,
🇮🇪,Skyro,0,1,9:38.568,9:40.820,01 Oct 2023,1010,(V),2608440908150331699,11,Yes,https://www.speedrun.com/mc/runs/y8k29gdy,9,40,820,580820,2252,2.252,578568,1.415394813,465828,1.246855062,,0.6035,2.442511948,35.2087,58.3403,40.9917,9.19490,,,,,,,,,,,,,,,,,,,,,,,,,,,,,,,,,,,,,,,,,,,,,,,,,,,,,,,,,,,,,,,,,,,,,,,,,,,,,,,,,,,,,
🇺🇸,doogile,0,0,9:40.835,9:40.835,07 Jul 2024,730,(U),2139235147472927794,,,https://www.youtube.com/watch?v=SIsWU7n7Y1Q,9,40,835,580835,0,0,580835,1.415431366,421494,1.378038596,,0.6942,4.818453445,14.8067,21.3292,40.9540,9.19686,,,,,,,,,,,,,,,,,,,,,,,,,,,,,,,,,,,,,,,,,,,,,,,,,,,,,,,,,,,,,,,,,,,,,,,,,,,,,,,,,,,,,
🇹🇿,Kxpow,0,0,9:36.126,9:40.897,01 Dec 2023,949,(U),259107068981043696,09,Yes,https://www.youtube.com/watch?v=QfrFgDFKD5w,9,40,897,580897,4771,4.771,576126,1.415582453,465828,1.247020359,,0.6222,2.44468666,36.2699,58.2934,40.7986,9.20497,,,,,,,,,,,,,,,,,,,,,,,,,,,,,,,,,,,,,,,,,,,,,,,,,,,,,,,,,,,,,,,,,,,,,,,,,,,,,,,,,,,,,
🇳🇴,skycrab1,0,0,9:40.016,9:40.947,25 Jan 2024,894,(U),unknown,,,https://www.youtube.com/watch?v=BfPtmmhAcv8&list=PLU3_fvoJ1GyMStiA29z37DUPtG47PvOJz&index=7,9,40,947,580947,931,0.931,580016,1.415704298,421494,1.378304317,,0.6395,4.824826009,13.6005,21.2659,40.6737,9.21152,,,,,,,,,,,,,,,,,,,,,,,,,,,,,,,,,,,,,,,,,,,,,,,,,,,,,,,,,,,,,,,,,,,,,,,,,,,,,,,,,,,,,
🇳🇴,skycrab1,0,0,9:40.952,9:40.952,17 Oct 2024,628,(U),-6693970200234515187,,,https://www.youtube.com/watch?v=KoyMQIZpl2M&list=PLU3_fvoJ1GyMStiA29z37DUPtG47PvOJz&index=84,9,40,952,580952,0,0,580952,1.415716482,421494,1.37831618,,0.7305,4.825110671,15.5331,21.2631,40.6612,9.21217,,,,,,,,,,,,,,,,,,,,,,,,,,,,,,,,,,,,,,,,,,,,,,,,,,,,,,,,,,,,,,,,,,,,,,,,,,,,,,,,,,,,,
🇵🇱,watermelon1708,0,0,9:40.214,9:40.974,10 Nov 2025,239,(U),unknown,,,https://www.youtube.com/watch?v=BRWCw1TJJ8I,9,40,974,580974,760,0.76,580214,1.415770094,410359,1.415770094,,0.8874,5.800581305,11.8102,13.3093,40.6063,9.21506,,,,,,,,,,,,,,,,,,,,,,,,,,,,,,,,,,,,,,,,,,,,,,,,,,,,,,,,,,,,,,,,,,,,,,,,,,,,,,,,,,,,,
🇸🇰,NoFear1337,0,0,9:41.386,9:41.386,29 Jul 2025,343,(U),unknown,,,https://www.youtube.com/watch?v=IPeeYl5K1dw,9,41,386,581386,0,0,581386,1.416774093,410359,1.416774093,,0.8424,5.828939708,11.0560,13.1244,39.5885,9.26917,,,,,,,,,,,,,,,,,,,,,,,,,,,,,,,,,,,,,,,,,,,,,,,,,,,,,,,,,,,,,,,,,,,,,,,,,,,,,,,,,,,,,
🇳🇴,skycrab1,0,0,9:40.139,9:41.483,30 Apr 2024,798,(U),unknown,,,https://www.youtube.com/watch?v=eg2ekkY0cNE&list=PLU3_fvoJ1GyMStiA29z37DUPtG47PvOJz&index=17,9,41,483,581483,1344,1.344,580139,1.417010471,421494,1.379575984,,0.6710,4.855425514,14.0667,20.9641,39.3516,9.28195,,,,,,,,,,,,,,,,,,,,,,,,,,,,,,,,,,,,,,,,,,,,,,,,,,,,,,,,,,,,,,,,,,,,,,,,,,,,,,,,,,,,,
🇦🇺,jojoe77777,0,1,9:39.300,9:41.498,05 Nov 2022,1339.833333,(V),2255857141275608054,15,Yes,https://www.speedrun.com/mc/run/z0l2kr4z,9,41,498,581498,2198,2.198,579300,1.417047025,517884,1.122834457,,0.5118,1.225071506,44.4036,86.7680,39.3151,9.28393,,,,,,,,,,,,,,,,,,,,,,,,,,,,,,,,,,,,,,,,,,,,,,,,,,,,,,,,,,,,,,,,,,,,,,,,,,,,,,,,,,,,,
🇺🇸,zylenox,0,0,9:40.320,9:41.714,09 Aug 2024,697,(U),unknown,,,https://www.youtube.com/watch?v=iyKmNd3j2Fc,9,41,714,581714,1394,1.394,580320,1.417573393,421494,1.380124035,,0.7057,4.868665271,14.7039,20.8346,38.7917,9.31245,,,,,,,,,,,,,,,,,,,,,,,,,,,,,,,,,,,,,,,,,,,,,,,,,,,,,,,,,,,,,,,,,,,,,,,,,,,,,,,,,,,,,
🇫🇮,sadekeppi,0,1,9:39.980,9:41.717,09 Sep 2024,666,(V),-8310562937047784479,,,https://www.speedrun.com/mc/runs/y2wjvj9y,9,41,717,581717,1737,1.737,579980,1.417580704,421494,1.380131153,,0.7168,4.868837423,14.9324,20.8329,38.7845,9.31285,,,,,,,,,,,,,,,,,,,,,,,,,,,,,,,,,,,,,,,,,,,,,,,,,,,,,,,,,,,,,,,,,,,,,,,,,,,,,,,,,,,,,
🇳🇴,skycrab1,0,0,9:41.890,9:41.890,31 Jan 2025,522,(U),3885342470278498728,,,https://www.youtube.com/watch?v=UnIxyUgilX4&list=PLU3_fvoJ1GyMStiA29z37DUPtG47PvOJz&index=111,9,41,890,581890,0,0,581890,1.418002286,421494,1.380541597,,0.7703,4.878773899,15.9727,20.7362,38.3691,9.33575,,,,,,,,,,,,,,,,,,,,,,,,,,,,,,,,,,,,,,,,,,,,,,,,,,,,,,,,,,,,,,,,,,,,,,,,,,,,,,,,,,,,,
🇿🇦,Airpodsz,0,1,9:33.100,9:41.925,01 Mar 2025,493,(U),-3371920592229005214,,,https://www.youtube.com/watch?v=mLH7Nj2vjNo&list=PLjW0OIc7zcEcCMM5essHmBGzf92S0FzKi,9,41,925,581925,8825,8.825,573100,1.418087577,421494,1.380624635,,0.7815,4.880786326,16.1908,20.7167,38.2854,9.34039,,,,,,,,,,,,,,,,,,,,,,,,,,,,,,,,,,,,,,,,,,,,,,,,,,,,,,,,,,,,,,,,,,,,,,,,,,,,,,,,,,,,,
🇵🇱,PolishedAqua,0,1,9:39.321,9:42.034,21 Sep 2023,1020,(U),979111991370166301,16,Yes,https://www.youtube.com/watch?v=s3Oi91oPL5k,9,42,34,582034,2713,2.713,579321,1.418353198,465828,1.249461175,,0.6005,2.477000991,34.5882,57.5994,38.0258,9.35486,,,,,,,,,,,,,,,,,,,,,,,,,,,,,,,,,,,,,,,,,,,,,,,,,,,,,,,,,,,,,,,,,,,,,,,,,,,,,,,,,,,,,
🇫🇷,Launey,0,1,9:40.641,9:42.307,13 Dec 2023,937,(V),-5104865867818754932,15,Yes,https://www.speedrun.com/mc/runs/z1kl44gy,9,42,307,582307,1666,1.666,580641,1.419018469,446254,1.304877939,,0.6259,3.320766399,25.8674,41.3256,37.3814,9.39117,,,,,,,,,,,,,,,,,,,,,,,,,,,,,,,,,,,,,,,,,,,,,,,,,,,,,,,,,,,,,,,,,,,,,,,,,,,,,,,,,,,,,
🇨🇦,Jay12310,0,0,9:42.316,9:42.316,19 Mar 2026,110,(U),unknown,,,https://www.youtube.com/watch?v=nPvbjR72aFs,9,42,316,582316,0,0,582316,1.419040401,410359,1.419040401,,0.9465,5.893397489,12.0323,12.7126,37.3602,9.39236,,,,,,,,,,,,,,,,,,,,,,,,,,,,,,,,,,,,,,,,,,,,,,,,,,,,,,,,,,,,,,,,,,,,,,,,,,,,,,,,,,,,,
🇳🇴,skycrab1,0,0,9:41.631,9:42.343,21 Aug 2024,685,(U),2108680863366446173,,,https://www.youtube.com/watch?v=c-yAb9s6b5Y&list=PLU3_fvoJ1GyMStiA29z37DUPtG47PvOJz&index=58,9,42,343,582343,712,0.712,581631,1.419106197,421494,1.381616346,,0.7100,4.904876649,14.5436,20.4841,37.2970,9.39596,,,,,,,,,,,,,,,,,,,,,,,,,,,,,,,,,,,,,,,,,,,,,,,,,,,,,,,,,,,,,,,,,,,,,,,,,,,,,,,,,,,,,
🇨🇦,dandannyboy,0,0,9:41.050,9:42.433,16 Aug 2023,1056,(U),unknown,09,Yes,https://www.youtube.com/watch?v=FayhjYLbY_k,9,42,433,582433,1383,1.383,581050,1.419325517,465828,1.250317714,,0.5898,2.488430964,33.8270,57.3550,37.0866,9.40797,,,,,,,,,,,,,,,,,,,,,,,,,,,,,,,,,,,,,,,,,,,,,,,,,,,,,,,,,,,,,,,,,,,,,,,,,,,,,,,,,,,,,
🇹🇿,Kxpow,0,0,9:41.314,9:42.605,27 Jun 2024,740,(U),8823674453656876265,,,https://www.youtube.com/watch?v=_ISsYlysXBY,9,42,605,582605,1291,1.291,581314,1.419744663,421494,1.382237944,,0.6907,4.920029311,14.0488,20.3389,36.6871,9.43094,,,,,,,,,,,,,,,,,,,,,,,,,,,,,,,,,,,,,,,,,,,,,,,,,,,,,,,,,,,,,,,,,,,,,,,,,,,,,,,,,,,,,
🇿🇦,Airpodsz,0,0,9:41.788,9:43.182,09 Mar 2025,485,(U),8620606746179560231,,,https://www.youtube.com/watch?v=dW2HQGl9GPg&list=PLjW0OIc7zcEcCMM5essHmBGzf92S0FzKi&index=3,9,43,182,583182,1394,1.394,581788,1.421150748,421494,1.383606884,,0.7847,4.953544362,15.7098,20.0211,35.3703,9.50839,,,,,,,,,,,,,,,,,,,,,,,,,,,,,,,,,,,,,,,,,,,,,,,,,,,,,,,,,,,,,,,,,,,,,,,,,,,,,,,,,,,,,
🇳🇱,HDMICables,0,0,9:41.619,9:43.308,03 Mar 2024,856,(U),unknown,,,https://www.youtube.com/watch?v=JBMbNgbPO7I,9,43,308,583308,1689,1.689,581619,1.421457797,421494,1.383905821,,0.6518,4.960889585,13.0049,19.9520,35.0874,9.52538,,,,,,,,,,,,,,,,,,,,,,,,,,,,,,,,,,,,,,,,,,,,,,,,,,,,,,,,,,,,,,,,,,,,,,,,,,,,,,,,,,,,,
🇿🇦,Airpodsz,0,0,9:43.508,9:43.508,04 Feb 2026,153,(U),-8168269101579894154,,,https://www.youtube.com/watch?v=BrnZn3f01qk&list=PLjW0OIc7zcEcCMM5essHmBGzf92S0FzKi&index=27,9,43,508,583508,0,0,583508,1.421945175,410359,1.421945175,,0.9264,5.97692255,11.2982,12.1964,34.6420,9.55239,,,,,,,,,,,,,,,,,,,,,,,,,,,,,,,,,,,,,,,,,,,,,,,,,,,,,,,,,,,,,,,,,,,,,,,,,,,,,,,,,,,,,
🇿🇦,Airpodsz,0,0,9:41.032,9:43.825,13 Jun 2025,389,(U),-7444531998155004388,,,https://www.youtube.com/watch?v=U_Yrt25TN3M&list=PLjW0OIc7zcEcCMM5essHmBGzf92S0FzKi&index=7,9,43,825,583825,2793,2.793,581032,1.422717669,410359,1.422717669,,0.8232,5.999308129,9.9294,12.0613,33.9446,9.59536,,,,,,,,,,,,,,,,,,,,,,,,,,,,,,,,,,,,,,,,,,,,,,,,,,,,,,,,,,,,,,,,,,,,,,,,,,,,,,,,,,,,,
🇹🇿,Kxpow,0,0,9:41.967,9:45.805,30 Oct 2024,615,(U),-5615062906610971575,,,https://www.youtube.com/watch?v=H7rdovQKdbk,9,45,805,585805,3838,3.838,581967,1.427542713,421494,1.389829986,,0.7353,5.108431589,13.6818,18.6076,29.8244,9.86763,,,,,,,,,,,,,,,,,,,,,,,,,,,,,,,,,,,,,,,,,,,,,,,,,,,,,,,,,,,,,,,,,,,,,,,,,,,,,,,,,,,,,
🇹🇷,Ancoboy,0,1,9:40.615,9:42.910,21 Aug 2023,1051,(U),6827480725930071979,06,Yes,https://www.youtube.com/watch?v=29VY3VmMX2Y,9,42,910,582910,2295,2.295,580615,1.420487914,465828,1.251341697,,0.5913,2.502157164,33.7387,57.0624,35.9866,9.47181,,,,,,,,,,,,,,,,,,,,,,,,,,,,,,,,,,,,,,,,,,,,,,,,,,,,,,,,,,,,,,,,,,,,,,,,,,,,,,,,,,,,,
🇨🇦,dandannyboy,0,0,9:41.711,9:43.217,09 Dec 2023,941,(U),-5167919398774938171,06,Yes,https://www.youtube.com/watch?v=TTcFB-C6V9w,9,43,217,583217,1506,1.506,581711,1.42123604,446254,1.306917137,,0.6247,3.356164769,25.4400,40.7242,35.2915,9.51310,,,,,,,,,,,,,,,,,,,,,,,,,,,,,,,,,,,,,,,,,,,,,,,,,,,,,,,,,,,,,,,,,,,,,,,,,,,,,,,,,,,,,
🇹🇿,Kxpow,0,0,9:42.751,9:43.252,24 Jun 2024,743,(U),-9121307343439300002,,,https://www.youtube.com/watch?v=Di84HYamO6U,9,43,252,583252,501,0.501,582751,1.421321331,421494,1.38377296,,0.6897,4.957623866,13.7820,19.9827,35.2129,9.51782,,,,,,,,,,,,,,,,,,,,,,,,,,,,,,,,,,,,,,,,,,,,,,,,,,,,,,,,,,,,,,,,,,,,,,,,,,,,,,,,,,,,,
🇳🇴,skycrab1,0,0,9:42.450,9:43.523,19 Jul 2024,718,(U),-1964772688075275318,,,https://www.youtube.com/watch?v=HHrKcvSjew0&list=PLU3_fvoJ1GyMStiA29z37DUPtG47PvOJz&index=43,9,43,523,583523,1073,1.073,582450,1.421981728,421494,1.384415911,,0.6984,4.973445101,13.8518,19.8344,34.6087,9.55442,,,,,,,,,,,,,,,,,,,,,,,,,,,,,,,,,,,,,,,,,,,,,,,,,,,,,,,,,,,,,,,,,,,,,,,,,,,,,,,,,,,,,
🇺🇸,Feinberg,0,0,9:41.438,9:43.540,26 Oct 2022,1350,(U),-2089918399750478607,,,https://www.youtube.com/watch?v=_4Xmoefjpso,9,43,540,583540,2102,2.102,581438,1.422023155,517884,1.126777425,,0.5092,1.253020332,43.8427,86.1084,34.5711,9.55672,,,,,,,,,,,,,,,,,,,,,,,,,,,,,,,,,,,,,,,,,,,,,,,,,,,,,,,,,,,,,,,,,,,,,,,,,,,,,,,,,,,,,
🇹🇿,Kxpow,0,0,9:42.746,9:43.785,10 Apr 2024,818,(U),3395353047088768454,,,https://www.youtube.com/watch?v=neTav4dEcFw,9,43,785,583785,1039,1.039,582746,1.422620194,421494,1.385037509,,0.6643,4.98878288,13.0814,19.6915,34.0320,9.58993,,,,,,,,,,,,,,,,,,,,,,,,,,,,,,,,,,,,,,,,,,,,,,,,,,,,,,,,,,,,,,,,,,,,,,,,,,,,,,,,,,,,,
🇳🇴,skycrab1,0,0,9:41.443,9:43.808,12 Mar 2024,847,(U),unknown,,,https://www.youtube.com/watch?v=VoCX3_TnqHI&list=PLU3_fvoJ1GyMStiA29z37DUPtG47PvOJz&index=12,9,43,808,583808,2365,2.365,581443,1.422676242,421494,1.385092077,,0.6548,4.990131299,12.8848,19.6790,33.9818,9.59305,,,,,,,,,,,,,,,,,,,,,,,,,,,,,,,,,,,,,,,,,,,,,,,,,,,,,,,,,,,,,,,,,,,,,,,,,,,,,,,,,,,,,
🇨🇦,Aquacorde,0,0,9:43.870,9:43.870,26 Jan 2024,893,(U),2993955281694429561,,,https://www.youtube.com/watch?v=E1hFL8IGFnc,9,43,870,583870,0,0,583870,1.422827329,421494,1.385239173,,0.6399,4.993767757,12.5703,19.6453,33.8465,9.60147,,,,,,,,,,,,,,,,,,,,,,,,,,,,,,,,,,,,,,,,,,,,,,,,,,,,,,,,,,,,,,,,,,,,,,,,,,,,,,,,,,,,,
🇬🇧,ripfc,0,1,9:42.376,9:43.932,17 Jul 2023,1086,(V),2787334030513605072,09,Yes,https://www.speedrun.com/mc/runs/yonolq0z,9,43,932,583932,1556,1.556,582376,1.422978416,465828,1.25353564,,0.5810,2.531794136,32.7881,56.4336,33.7116,9.60990,,,,,,,,,,,,,,,,,,,,,,,,,,,,,,,,,,,,,,,,,,,,,,,,,,,,,,,,,,,,,,,,,,,,,,,,,,,,,,,,,,,,,
🇹🇼,turboOuO,0,1,9:37.270,9:44.088,03 Aug 2023,1069,(V),-7588074491361705118,06,Yes,https://www.speedrun.com/mc/run/ywrwll3m,9,44,88,584088,6818,6.818,577270,1.423358571,465828,1.253870527,,0.5860,2.536345433,33.0116,56.3375,33.3741,9.63113,,,,,,,,,,,,,,,,,,,,,,,,,,,,,,,,,,,,,,,,,,,,,,,,,,,,,,,,,,,,,,,,,,,,,,,,,,,,,,,,,,,,,
🇨🇦,catJAM19,0,1,9:42.637,9:44.141,20 Sep 2022,1386,(V),-1641393840275072504,09,Yes,https://www.speedrun.com/mc/run/yv0po0oz,9,44,141,584141,1504,1.504,582637,1.423487727,517884,1.127937917,,0.5001,1.261358698,42.9619,85.9112,33.2600,9.63836,,,,,,,,,,,,,,,,,,,,,,,,,,,,,,,,,,,,,,,,,,,,,,,,,,,,,,,,,,,,,,,,,,,,,,,,,,,,,,,,,,,,,
🇸🇰,NoFear1337,0,0,9:42.464,9:44.152,09 Dec 2023,941,(U),Unknown,??,Yes,https://www.youtube.com/watch?v=rlc36sXmCDk,9,44,152,584152,1688,1.688,582464,1.423514532,446254,1.309012356,,0.6247,3.392882442,25.0546,40.1073,33.2363,9.63986,,,,,,,,,,,,,,,,,,,,,,,,,,,,,,,,,,,,,,,,,,,,,,,,,,,,,,,,,,,,,,,,,,,,,,,,,,,,,,,,,,,,,
🇨🇦,silverr,0,0,9:39.420,9:44.275,21 May 2023,1143,(U),Unknown,12,Yes,https://www.youtube.com/watch?v=vJQDBHHepPE,9,44,275,584275,4855,4.855,579420,1.42381427,465828,1.254271963,,0.5647,2.541810776,31.7474,56.2221,32.9728,9.65664,,,,,,,,,,,,,,,,,,,,,,,,,,,,,,,,,,,,,,,,,,,,,,,,,,,,,,,,,,,,,,,,,,,,,,,,,,,,,,,,,,,,,
🇨🇦,Aquacorde,0,0,9:44.349,9:44.349,12 Jul 2025,360,(U),1087998950322160223,,,https://www.youtube.com/watch?v=H0hSYxjyzsI,9,44,349,584349,0,0,584349,1.4239946,410359,1.4239946,,0.8353,6.036471686,9.8896,11.8400,32.8150,9.66676,,,,,,,,,,,,,,,,,,,,,,,,,,,,,,,,,,,,,,,,,,,,,,,,,,,,,,,,,,,,,,,,,,,,,,,,,,,,,,,,,,,,,
🇳🇴,skycrab1,0,0,9:44.358,9:44.358,02 Feb 2025,520,(U),1322346143525327365,,,https://www.youtube.com/watch?v=7qXx3IHHQhA&list=PLU3_fvoJ1GyMStiA29z37DUPtG47PvOJz&index=112,9,44,358,584358,0,0,584358,1.424016532,421494,1.386396959,,0.7711,5.022471211,14.9437,19.3809,32.7958,9.66799,,,,,,,,,,,,,,,,,,,,,,,,,,,,,,,,,,,,,,,,,,,,,,,,,,,,,,,,,,,,,,,,,,,,,,,,,,,,,,,,,,,,,
🇳🇴,skycrab1,0,0,9:44.424,9:44.424,26 Oct 2024,619,(U),-5203179418336138120,,,https://www.youtube.com/watch?v=FwxAelAatn8&list=PLU3_fvoJ1GyMStiA29z37DUPtG47PvOJz&index=89,9,44,424,584424,0,0,584424,1.424177367,421494,1.386553545,,0.7338,5.026364291,14.1958,19.3453,32.6557,9.67701,,,,,,,,,,,,,,,,,,,,,,,,,,,,,,,,,,,,,,,,,,,,,,,,,,,,,,,,,,,,,,,,,,,,,,,,,,,,,,,,,,,,,
🇮🇹,Ale267,0,0,9:44.431,9:44.481,29 Nov 2022,1316,(U),1581367532737313085,12,Yes,https://www.youtube.com/watch?v=XFvJQEhQJrw,9,44,481,584481,50,0.05,584431,1.424316269,495537,1.179490129,,0.5179,1.687925704,39.1940,75.6807,32.5349,9.68482,,,,,,,,,,,,,,,,,,,,,,,,,,,,,,,,,,,,,,,,,,,,,,,,,,,,,,,,,,,,,,,,,,,,,,,,,,,,,,,,,,,,,
🇳🇴,skycrab1,0,0,9:44.489,9:44.489,08 Feb 2025,514,(U),76808428139630285,,,https://www.youtube.com/watch?v=A1g4bfj2Byw&list=PLU3_fvoJ1GyMStiA29z37DUPtG47PvOJz&index=115,9,44,489,584489,0,0,584489,1.424335765,421494,1.386707759,,0.7734,5.030200964,14.9339,19.3102,32.5180,9.68591,,,,,,,,,,,,,,,,,,,,,,,,,,,,,,,,,,,,,,,,,,,,,,,,,,,,,,,,,,,,,,,,,,,,,,,,,,,,,,,,,,,,,
🇸🇪,Crookst,0,0,9:44.556,9:44.556,14 Mar 2022,1576,(U),Unknown,06,Yes,https://www.youtube.com/watch?v=31OsmvNWQaE,9,44,556,584556,0,0,584556,1.424499036,548820,1.065114245,,0.4548,0.8775769102,43.0263,94.6145,32.3766,9.69509,,,,,,,,,,,,,,,,,,,,,,,,,,,,,,,,,,,,,,,,,,,,,,,,,,,,,,,,,,,,,,,,,,,,,,,,,,,,,,,,,,,,,
🇳🇴,skycrab1,0,0,9:44.649,9:44.649,10 Oct 2024,635,(U),-1175900086044057204,,,https://www.youtube.com/watch?v=A-29KTnAD2I&list=PLU3_fvoJ1GyMStiA29z37DUPtG47PvOJz&index=82,9,44,649,584649,0,0,584649,1.424725667,421494,1.387087361,,0.7280,5.039655996,13.9945,19.2241,32.1811,9.70784,,,,,,,,,,,,,,,,,,,,,,,,,,,,,,,,,,,,,,,,,,,,,,,,,,,,,,,,,,,,,,,,,,,,,,,,,,,,,,,,,,,,,
🇺🇸,zylenox,0,0,9:38.527,9:44.801,09 Feb 2023,1244,(U),-3251173191348135293,15,Yes,https://www.youtube.com/watch?v=FS5mcKtJB7M,9,44,801,584801,6274,6.274,578527,1.425096074,465828,1.255401135,,0.5369,2.557240267,30.0095,55.8971,31.8635,9.72872,,,,,,,,,,,,,,,,,,,,,,,,,,,,,,,,,,,,,,,,,,,,,,,,,,,,,,,,,,,,,,,,,,,,,,,,,,,,,,,,,,,,,
🇵🇱,watermelon1708,0,0,9:42.792,9:44.899,29 Jul 2025,343,(U),unknown,,,https://www.youtube.com/watch?v=HecWdO0ujt8,9,44,899,584899,2107,2.107,582792,1.42533489,410359,1.42533489,,0.8424,6.075694912,9.7806,11.6104,31.6599,9.74220,,,,,,,,,,,,,,,,,,,,,,,,,,,,,,,,,,,,,,,,,,,,,,,,,,,,,,,,,,,,,,,,,,,,,,,,,,,,,,,,,,,,,
🇩🇪,jason_n,0,1,9:44.284,9:44.931,01 May 2024,797,(V),-7717725771183973328,,,https://www.speedrun.com/mc/runs/y8w63edy,9,44,931,584931,647,0.647,584284,1.42541287,421494,1.387756409,,0.6713,5.056358328,12.8040,19.0727,31.5937,9.74661,,,,,,,,,,,,,,,,,,,,,,,,,,,,,,,,,,,,,,,,,,,,,,,,,,,,,,,,,,,,,,,,,,,,,,,,,,,,,,,,,,,,,
🇦🇺,mikky_,0,0,9:43.709,9:44.999,08 Feb 2026,149,(U),unknown,,,https://www.youtube.com/watch?v=OQDdz9bC4Rk,9,44,999,584999,1290,1.29,583709,1.425578579,410359,1.425578579,,0.9282,6.082850221,10.7384,11.5690,31.4533,9.75598,,,,,,,,,,,,,,,,,,,,,,,,,,,,,,,,,,,,,,,,,,,,,,,,,,,,,,,,,,,,,,,,,,,,,,,,,,,,,,,,,,,,,
🇳🇴,skycrab1,0,0,9:45.037,9:45.037,23 Oct 2025,257,(U),unknown,,,https://www.youtube.com/watch?v=T9vM7OUlcEI&list=PLU3_fvoJ1GyMStiA29z37DUPtG47PvOJz&index=146,9,45,37,585037,0,0,585037,1.425671181,410359,1.425671181,,0.8794,6.085571162,10.1601,11.5532,31.3750,9.76122,,,,,,,,,,,,,,,,,,,,,,,,,,,,,,,,,,,,,,,,,,,,,,,,,,,,,,,,,,,,,,,,,,,,,,,,,,,,,,,,,,,,,
🇫🇮,Cube1337x,0,0,9:45.156,9:45.156,09 Nov 2022,1336,(U),-3144910399269136910,12,Yes,https://www.youtube.com/watch?v=GHxivohX8Z4,9,45,156,585156,0,0,585156,1.425961171,495537,1.180852288,,0.5127,1.700807207,38.6456,75.3719,31.1308,9.77764,,,,,,,,,,,,,,,,,,,,,,,,,,,,,,,,,,,,,,,,,,,,,,,,,,,,,,,,,,,,,,,,,,,,,,,,,,,,,,,,,,,,,
🇳🇴,skycrab1,0,0,9:42.436,9:45.242,03 Aug 2024,703,(U),-2702230192878188102,,,https://www.youtube.com/watch?v=-sDFnCpd8j4&list=PLU3_fvoJ1GyMStiA29z37DUPtG47PvOJz&index=46,9,45,242,585242,2806,2.806,582436,1.426170743,421494,1.388494261,,0.7036,5.074834385,13.3033,18.9066,30.9553,9.78952,,,,,,,,,,,,,,,,,,,,,,,,,,,,,,,,,,,,,,,,,,,,,,,,,,,,,,,,,,,,,,,,,,,,,,,,,,,,,,,,,,,,,
🇺🇸,doogile,0,0,9:42.858,9:45.286,13 Mar 2023,1212,(U),7973705383474527466,,,https://www.youtube.com/watch?v=Cf8Sk1XdjME,9,45,286,585286,2428,2.428,582858,1.426277966,465828,1.256442292,,0.5455,2.571541055,30.3297,55.5969,30.8658,9.79560,,,,,,,,,,,,,,,,,,,,,,,,,,,,,,,,,,,,,,,,,,,,,,,,,,,,,,,,,,,,,,,,,,,,,,,,,,,,,,,,,,,,,
🇺🇸,thecamo6,0,1,9:45.287,9:45.287,02 Jan 2023,1282,(V),-4279335892801629149,16,Yes,https://www.speedrun.com/mc/run/ydg0jj0y,9,45,287,585287,0,0,585287,1.426280403,495537,1.181116647,,0.5268,1.703317523,39.6716,75.3117,30.8637,9.79574,,,,,,,,,,,,,,,,,,,,,,,,,,,,,,,,,,,,,,,,,,,,,,,,,,,,,,,,,,,,,,,,,,,,,,,,,,,,,,,,,,,,,
🇬🇧,priffie,0,0,9:45.290,9:45.290,11 Nov 2024,603,(V),-4050653622908300535,,,https://www.youtube.com/watch?v=Cv7b7MD5xGM,9,45,290,585290,0,0,585290,1.426287714,421494,1.388608142,,0.7397,5.077691247,13.9664,18.8810,30.8576,9.79616,,,,,,,,,,,,,,,,,,,,,,,,,,,,,,,,,,,,,,,,,,,,,,,,,,,,,,,,,,,,,,,,,,,,,,,,,,,,,,,,,,,,,
🇵🇱,watermelon1708,0,0,9:44.114,9:45.496,26 Sep 2025,284,(U),unknown,,,https://www.youtube.com/watch?v=fT6s7ACmW9o,9,45,496,585496,1382,1.382,584114,1.426789713,410359,1.426789713,,0.8676,6.118521155,9.8600,11.3644,30.4412,9.82469,,,,,,,,,,,,,,,,,,,,,,,,,,,,,,,,,,,,,,,,,,,,,,,,,,,,,,,,,,,,,,,,,,,,,,,,,,,,,,,,,,,,,
🇭🇷,Mar1n,0,1,9:45.500,9:45.500,07 Jul 2023,1096,(V),-4334114590353594879,06,Yes,https://www.speedrun.com/mc/run/zpwgxjxy,9,45,500,585500,0,0,585500,1.426799461,465828,1.256901689,,0.5781,2.577873741,32.0642,55.4643,30.4331,9.82524,,,,,,,,,,,,,,,,,,,,,,,,,,,,,,,,,,,,,,,,,,,,,,,,,,,,,,,,,,,,,,,,,,,,,,,,,,,,,,,,,,,,,
🇮🇹,drip120,0,0,9:45.216,9:45.567,12 Jan 2026,176,(U),unknown,,,https://www.youtube.com/watch?v=ZZyjifZwkio,9,45,567,585567,351,0.351,585216,1.426962733,410359,1.426962733,,0.9158,6.123631853,10.3804,11.3353,30.2986,9.83454,,,,,,,,,,,,,,,,,,,,,,,,,,,,,,,,,,,,,,,,,,,,,,,,,,,,,,,,,,,,,,,,,,,,,,,,,,,,,,,,,,,,,
🇫🇮,sadekeppi,0,1,9:45.154,9:45.634,11 Jun 2024,756,(V),-3039294032806863041,,,https://www.speedrun.com/mc/runs/yjo700dz,9,45,634,585634,480,0.48,585154,1.427126004,421494,1.389424286,,0.6852,5.098206608,12.8125,18.6981,30.1645,9.84385,,,,,,,,,,,,,,,,,,,,,,,,,,,,,,,,,,,,,,,,,,,,,,,,,,,,,,,,,,,,,,,,,,,,,,,,,,,,,,,,,,,,,
🇩🇰,Bloopy,0,0,9:42.547,9:45.668,23 May 2024,775,(U),7218213766237196138,,,https://www.youtube.com/watch?v=0A2pZcw7nKA,9,45,668,585668,3121,3.121,582547,1.427208859,421494,1.389504951,,0.6788,5.100238219,12.6792,18.6801,30.0967,9.84857,,,,,,,,,,,,,,,,,,,,,,,,,,,,,,,,,,,,,,,,,,,,,,,,,,,,,,,,,,,,,,,,,,,,,,,,,,,,,,,,,,,,,
🇬🇧,priffie,0,0,9:45.748,9:45.748,24 Jan 2024,895,(U),unknown,,,https://www.youtube.com/watch?v=d3UwAclT_0U,9,45,748,585748,0,0,585748,1.42740381,421494,1.389694752,,0.6392,5.105021272,11.9137,18.6377,29.9375,9.85969,,,,,,,,,,,,,,,,,,,,,,,,,,,,,,,,,,,,,,,,,,,,,,,,,,,,,,,,,,,,,,,,,,,,,,,,,,,,,,,,,,,,,
🇩🇰,Bloopy,0,0,9:44.536,9:45.834,08 May 2024,790,(U),5767139754953530122,,,https://www.youtube.com/watch?v=t48Dg8QRZ7I,9,45,834,585834,1298,1.298,584536,1.427613382,421494,1.389898789,,0.6737,5.110167427,12.5252,18.5923,29.7670,9.87167,,,,,,,,,,,,,,,,,,,,,,,,,,,,,,,,,,,,,,,,,,,,,,,,,,,,,,,,,,,,,,,,,,,,,,,,,,,,,,,,,,,,,
🇿🇦,Airpodsz,0,0,9:45.866,9:45.866,01 Nov 2025,248,(U),2980329477150004114,,,https://www.youtube.com/watch?v=jEn63TVyftA&list=PLjW0OIc7zcEcCMM5essHmBGzf92S0FzKi&index=16,9,45,866,585866,0,0,585866,1.427691363,410359,1.427691363,,0.8834,6.145195211,9.9058,11.2135,29.7038,9.87612,,,,,,,,,,,,,,,,,,,,,,,,,,,,,,,,,,,,,,,,,,,,,,,,,,,,,,,,,,,,,,,,,,,,,,,,,,,,,,,,,,,,,
🇫🇮,AndrewCrow,0,1,9:43.880,9:45.961,18 Oct 2024,627,(V),-6157791681411663320,,,https://www.speedrun.com/mc/runs/z0q0r8om,9,45,961,585961,2081,2.081,583880,1.427922868,421494,1.390200098,,0.7309,5.117775276,13.5398,18.5252,29.5167,9.88937,,,,,,,,,,,,,,,,,,,,,,,,,,,,,,,,,,,,,,,,,,,,,,,,,,,,,,,,,,,,,,,,,,,,,,,,,,,,,,,,,,,,,
🇵🇱,okshey,0,0,9:46.003,9:46.003,09 Nov 2025,240,(U),unknown,,,https://www.youtube.com/watch?v=fWRA9j5_-ZI,9,46,3,586003,0,0,586003,1.428025217,410359,1.428025217,,0.8869,6.155097494,9.8962,11.1580,29.4343,9.89523,,,,,,,,,,,,,,,,,,,,,,,,,,,,,,,,,,,,,,,,,,,,,,,,,,,,,,,,,,,,,,,,,,,,,,,,,,,,,,,,,,,,,
🇺🇸,doogile,0,0,9:46.008,9:46.008,16 Aug 2024,690,(U),see video,,,https://www.youtube.com/watch?v=Qf_GLwKVINE,9,46,8,586008,0,0,586008,1.428037401,421494,1.390311606,,0.7082,5.120593289,13.1024,18.5004,29.4245,9.89593,,,,,,,,,,,,,,,,,,,,,,,,,,,,,,,,,,,,,,,,,,,,,,,,,,,,,,,,,,,,,,,,,,,,,,,,,,,,,,,,,,,,,
🇺🇸,doogile,0,0,9:46.009,9:46.009,22 May 2025,411,(U),-3736586617850065730,,,https://www.youtube.com/watch?v=ccQtcViua94,9,46,9,586009,0,0,586009,1.428039838,421494,1.390313978,,0.8142,5.120653261,15.0633,18.4999,29.4225,9.89607,,,,,,,,,,,,,,,,,,,,,,,,,,,,,,,,,,,,,,,,,,,,,,,,,,,,,,,,,,,,,,,,,,,,,,,,,,,,,,,,,,,,,
🇿🇦,Airpodsz,0,0,9:45.625,9:46.075,18 Aug 2025,323,(U),6726877034938436606,,,https://www.youtube.com/watch?v=zn8P1NqVyKM&list=PLjW0OIc7zcEcCMM5essHmBGzf92S0FzKi&index=10,9,46,75,586075,450,0.45,585625,1.428200673,410359,1.428200673,,0.8509,6.160307184,9.4692,11.1289,29.2933,9.90528,,,,,,,,,,,,,,,,,,,,,,,,,,,,,,,,,,,,,,,,,,,,,,,,,,,,,,,,,,,,,,,,,,,,,,,,,,,,,,,,,,,,,
🇫🇮,Cube1337x,0,0,9:27.463,9:46.096,06 May 2023,1157.5625,(U),4516026993066851706,15,Yes,https://www.youtube.com/watch?v=2OO7LbGcnw8,9,46,96,586096,18633,18.633,567463,1.428251848,465828,1.258181131,,0.5606,2.595583923,30.8849,55.0945,29.2523,9.90822,,,,,,,,,,,,,,,,,,,,,,,,,,,,,,,,,,,,,,,,,,,,,,,,,,,,,,,,,,,,,,,,,,,,,,,,,,,,,,,,,,,,,
🇨🇦,Aquacorde,0,0,9:46.107,9:46.107,27 Jun 2024,740,(U),9049033619582385475,,,https://www.youtube.com/watch?v=Ye9k6KJM768,9,46,107,586107,0,0,586107,1.428278654,421494,1.390546485,,0.6907,5.12653354,12.7428,18.4482,29.2309,9.90975,,,,,,,,,,,,,,,,,,,,,,,,,,,,,,,,,,,,,,,,,,,,,,,,,,,,,,,,,,,,,,,,,,,,,,,,,,,,,,,,,,,,,
🇩🇰,Bloopy,0,0,9:46.158,9:46.158,08 Mar 2025,486,(U),6216282210011845491,,,https://www.youtube.com/watch?v=ONuQrlNvhS8,9,46,158,586158,0,0,586158,1.428402935,421494,1.390667483,,0.7843,5.12959602,14.4474,18.4214,29.1315,9.91688,,,,,,,,,,,,,,,,,,,,,,,,,,,,,,,,,,,,,,,,,,,,,,,,,,,,,,,,,,,,,,,,,,,,,,,,,,,,,,,,,,,,,
🇩🇰,Bloopy,0,0,9:46.195,9:46.195,20 Jan 2025,533,(U),-7985963383704728573,,,https://www.youtube.com/watch?v=29tEBxruVpI,9,46,195,586195,0,0,586195,1.4284931,421494,1.390755266,,0.7661,5.13181882,14.0969,18.4019,29.0596,9.92206,,,,,,,,,,,,,,,,,,,,,,,,,,,,,,,,,,,,,,,,,,,,,,,,,,,,,,,,,,,,,,,,,,,,,,,,,,,,,,,,,,,,,
🇮🇳,AnkurGaming,0,1,9:41.450,9:46.230,21 Dec 2023,929,(V),-4850311888308513929,01,Yes,https://www.speedrun.com/mc/runs/y8kk4rxy,9,46,230,586230,4780,4.78,581450,1.428578391,446254,1.313668897,,0.6284,3.475758944,24.3468,38.7411,28.9917,9.92696,,,,,,,,,,,,,,,,,,,,,,,,,,,,,,,,,,,,,,,,,,,,,,,,,,,,,,,,,,,,,,,,,,,,,,,,,,,,,,,,,,,,,
🇨🇦,Aquacorde,0,0,9:46.271,9:46.271,28 Mar 2025,466,(U),-07976283618262231963,,,https://www.youtube.com/watch?v=jSkSLZfGAwQ,9,46,271,586271,0,0,586271,1.428678304,421494,1.390935577,,0.7922,5.136387213,14.5455,18.3620,28.9123,9.93270,,,,,,,,,,,,,,,,,,,,,,,,,,,,,,,,,,,,,,,,,,,,,,,,,,,,,,,,,,,,,,,,,,,,,,,,,,,,,,,,,,,,,
🇩🇰,Bloopy,0,0,9:46.391,9:46.391,27 Jun 2024,740,(U),-7127755779148304965,,,https://www.youtube.com/watch?v=NYuEksXYaCU,9,46,391,586391,0,0,586391,1.428970731,421494,1.391220278,,0.6907,5.143607703,12.6398,18.2990,28.6809,9.94951,,,,,,,,,,,,,,,,,,,,,,,,,,,,,,,,,,,,,,,,,,,,,,,,,,,,,,,,,,,,,,,,,,,,,,,,,,,,,,,,,,,,,
🇨🇦,NoHacsJustRoblox,0,1,9:45.421,9:46.316,13 Jan 2024,906,(U),-4263921606035060816,,,https://www.youtube.com/watch?v=6KMSa52qjCM,9,46,316,586316,895,0.895,585421,1.428787964,421494,1.39104234,,0.6357,5.139093858,11.6580,18.3384,28.8254,9.93900,,,,,,,,,,,,,,,,,,,,,,,,,,,,,,,,,,,,,,,,,,,,,,,,,,,,,,,,,,,,,,,,,,,,,,,,,,,,,,,,,,,,,
🇵🇱,okshey,0,0,9:44.147,9:46.558,28 Aug 2025,313,(U),unknown,,,https://www.youtube.com/watch?v=YU2CeRzbikQ,9,46,558,586558,2411,2.411,584147,1.429377691,410359,1.429377691,,0.8551,6.195354963,9.3507,10.9348,28.3612,9.97296,,,,,,,,,,,,,,,,,,,,,,,,,,,,,,,,,,,,,,,,,,,,,,,,,,,,,,,,,,,,,,,,,,,,,,,,,,,,,,,,,,,,,
🇿🇦,Airpodsz,0,0,9:45.809,9:46.507,13 Feb 2026,144,(U),7871916503547653355,,,https://www.youtube.com/watch?v=uGDL3hmBCkg&list=PLjW0OIc7zcEcCMM5essHmBGzf92S0FzKi&index=33,9,46,507,586507,698,0.698,585809,1.42925341,410359,1.42925341,,0.9305,6.191646082,10.1941,10.9552,28.4586,9.96580,,,,,,,,,,,,,,,,,,,,,,,,,,,,,,,,,,,,,,,,,,,,,,,,,,,,,,,,,,,,,,,,,,,,,,,,,,,,,,,,,,,,,
🇺🇸,doogile,0,0,9:41.283,9:46.909,28 Oct 2023,983,(U),8031767395139939967,,,https://www.youtube.com/watch?v=qMYf-lt2Gik,9,46,909,586909,5626,5.626,581283,1.43023304,465828,1.259926411,,0.6117,2.619917151,33.3924,54.5888,27.6981,10.02240,,,,,,,,,,,,,,,,,,,,,,,,,,,,,,,,,,,,,,,,,,,,,,,,,,,,,,,,,,,,,,,,,,,,,,,,,,,,,,,,,,,,,
🇿🇦,Airpodsz,0,0,9:46.378,9:46.937,25 Mar 2026,104,(U),-3576720130354991042,,,https://www.youtube.com/watch?v=aRWqHkwoVuk&list=PLjW0OIc7zcEcCMM5essHmBGzf92S0FzKi&index=41,9,46,937,586937,559,0.559,586378,1.430301273,410359,1.430301273,,0.9493,6.222977733,10.2375,10.7840,27.6457,10.02636,,,,,,,,,,,,,,,,,,,,,,,,,,,,,,,,,,,,,,,,,,,,,,,,,,,,,,,,,,,,,,,,,,,,,,,,,,,,,,,,,,,,,
🇬🇧,DECTHEELITE,0,1,9:45.625,9:47.012,08 Jul 2022,1460,(V),-7457612752333916459,,,https://www.speedrun.com/mc/runs/m33v8k4m,9,47,12,587012,1387,1.387,585625,1.43048404,548820,1.069589301,,0.4819,0.9007359994,45.3574,94.1203,27.5058,10.03695,,,,,,,,,,,,,,,,,,,,,,,,,,,,,,,,,,,,,,,,,,,,,,,,,,,,,,,,,,,,,,,,,,,,,,,,,,,,,,,,,,,,,
🇺🇸,doogile,0,0,9:45.866,9:47.031,17 Jan 2024,902,(U),659506891402994010,,,https://www.youtube.com/watch?v=xvG0ou32Tn4,9,47,31,587031,1165,1.165,585866,1.430530341,421494,1.392738687,,0.6370,5.182267029,11.4436,17.9651,27.4704,10.03964,,,,,,,,,,,,,,,,,,,,,,,,,,,,,,,,,,,,,,,,,,,,,,,,,,,,,,,,,,,,,,,,,,,,,,,,,,,,,,,,,,,,,
🇫🇮,AndrewCrow,0,0,9:45.854,9:47.136,26 Feb 2025,496,(U),unknown,,,https://www.youtube.com/watch?v=mYqtUu-wQLA,9,47,136,587136,1282,1.282,585854,1.430786214,421494,1.392987801,,0.7804,5.188633765,13.9767,17.9106,27.2756,10.05449,,,,,,,,,,,,,,,,,,,,,,,,,,,,,,,,,,,,,,,,,,,,,,,,,,,,,,,,,,,,,,,,,,,,,,,,,,,,,,,,,,,,,
🇹🇿,Kxpow,0,0,9:41.724,9:47.267,03 Nov 2023,977,(U),-4292657386397314439,09,Yes,https://www.youtube.com/watch?v=Mvek4DydEWs,9,47,267,587267,5543,5.543,581724,1.431105447,465828,1.260694935,,0.6135,2.630696471,33.3559,54.3658,27.0341,10.07305,,,,,,,,,,,,,,,,,,,,,,,,,,,,,,,,,,,,,,,,,,,,,,,,,,,,,,,,,,,,,,,,,,,,,,,,,,,,,,,,,,,,,
🇺🇸,meebie,0,0,9:47.293,9:47.293,28 Mar 2024,831,(U),unknown,,,https://www.youtube.com/watch?v=iyNfS8lVaQA&list=PLaTJSsRuu2Ufk7cX7bUTt9V-IJxa8wqSM&index=11,9,47,293,587293,0,0,587293,1.431168806,421494,1.393360285,,0.6600,5.198166303,11.7675,17.8293,26.9863,10.07674,,,,,,,,,,,,,,,,,,,,,,,,,,,,,,,,,,,,,,,,,,,,,,,,,,,,,,,,,,,,,,,,,,,,,,,,,,,,,,,,,,,,,
🇿🇦,Airpodsz,0,0,9:47.295,9:47.295,25 Feb 2026,132,(U),4742531329891271699,,,https://www.youtube.com/watch?v=MexvV-xiZSY&list=PLjW0OIc7zcEcCMM5essHmBGzf92S0FzKi&index=37,9,47,295,587295,0,0,587295,1.43117368,410359,1.43117368,,0.9361,6.249168429,9.9630,10.6427,26.9826,10.07702,,,,,,,,,,,,,,,,,,,,,,,,,,,,,,,,,,,,,,,,,,,,,,,,,,,,,,,,,,,,,,,,,,,,,,,,,,,,,,,,,,,,,
🇳🇴,skycrab1,0,0,9:46.198,9:47.329,23 Jul 2024,714,(U),-8584715713734940155,,,https://www.youtube.com/watch?v=SxKsNmBrYIo&list=PLU3_fvoJ1GyMStiA29z37DUPtG47PvOJz&index=44,9,47,329,587329,1131,1.131,586198,1.431256534,421494,1.393445696,,0.6998,5.200354264,12.4634,17.8107,26.9203,10.08185,,,,,,,,,,,,,,,,,,,,,,,,,,,,,,,,,,,,,,,,,,,,,,,,,,,,,,,,,,,,,,,,,,,,,,,,,,,,,,,,,,,,,
🇺🇸,21MashedPotatoes,0,1,9:44.649,9:47.360,25 Dec 2023,925,(V),-7351805823559982561,06,Yes,https://www.speedrun.com/mc/run/z1k9vrjy,9,47,360,587360,2711,2.711,584649,1.431332078,446254,1.316201087,,0.6297,3.521572296,23.9297,38.0013,26.8636,10.08625,,,,,,,,,,,,,,,,,,,,,,,,,,,,,,,,,,,,,,,,,,,,,,,,,,,,,,,,,,,,,,,,,,,,,,,,,,,,,,,,,,,,,
🇫🇮,AndrewCrow,0,0,9:42.268,9:47.403,27 Apr 2025,436,(U),unknown,,,https://www.youtube.com/watch?v=463kp9iPmH4,9,47,403,587403,5135,5.135,582268,1.431436864,421494,1.393621262,,0.8041,5.204854268,14.2913,17.7725,26.7850,10.09235,,,,,,,,,,,,,,,,,,,,,,,,,,,,,,,,,,,,,,,,,,,,,,,,,,,,,,,,,,,,,,,,,,,,,,,,,,,,,,,,,,,,,
🇺🇸,21MashedPotatoes,0,1,9:46.720,9:47.583,08 Nov 2023,972,(V),-5257780577259106882,09,Yes,https://www.speedrun.com/mc/runs/y4k8qonm,9,47,583,587583,863,0.863,586720,1.431875504,465828,1.261373297,,0.6151,2.640243994,33.3182,54.1687,26.4581,10.11795,,,,,,,,,,,,,,,,,,,,,,,,,,,,,,,,,,,,,,,,,,,,,,,,,,,,,,,,,,,,,,,,,,,,,,,,,,,,,,,,,,,,,
🇫🇮,sadekeppi,0,0,9:47.221,9:47.714,22 Nov 2025,227,(U),unknown,,,https://www.youtube.com/watch?v=0bzWARh6UHk,9,47,714,587714,493,0.493,587221,1.432194737,410359,1.432194737,,0.8927,6.279943693,9.3546,10.4789,26.2221,10.13662,,,,,,,,,,,,,,,,,,,,,,,,,,,,,,,,,,,,,,,,,,,,,,,,,,,,,,,,,,,,,,,,,,,,,,,,,,,,,,,,,,,,,
🇮🇱,orachi,0,0,9:41.673,9:47.777,22 Dec 2024,562,(U),-8104953406256303591,,,https://www.youtube.com/watch?v=MReHAsZORLk,9,47,777,587777,6104,6.104,581673,1.432348261,421494,1.394508581,,0.7550,5.227649628,13.2733,17.5799,26.1091,10.14560,,,,,,,,,,,,,,,,,,,,,,,,,,,,,,,,,,,,,,,,,,,,,,,,,,,,,,,,,,,,,,,,,,,,,,,,,,,,,,,,,,,,,
🇨🇦,NoHacsJustRoblox,0,0,9:43.761,9:47.778,10 Nov 2023,970,(V),-4347952844736501796,,,https://www.speedrun.com/mc/runs/mr26ln4y,9,47,778,587778,4017,4.017,583761,1.432350698,465828,1.261791906,,0.6157,2.646151052,33.2766,54.0470,26.1073,10.14575,,,,,,,,,,,,,,,,,,,,,,,,,,,,,,,,,,,,,,,,,,,,,,,,,,,,,,,,,,,,,,,,,,,,,,,,,,,,,,,,,,,,,
🇨🇦,NoHacsJustRoblox,0,0,9:46.999,9:47.999,11 Oct 2024,634,(U),unknown,,,https://www.youtube.com/watch?v=sbS8Zko1TlQ,9,47,999,587999,1000,1,586999,1.432889251,421494,1.395035279,,0.7283,5.241221786,12.7211,17.4661,25.7142,10.17733,,,,,,,,,,,,,,,,,,,,,,,,,,,,,,,,,,,,,,,,,,,,,,,,,,,,,,,,,,,,,,,,,,,,,,,,,,,,,,,,,,,,,
🇷🇸,skylewl,0,1,9:47.407,9:48.024,15 Aug 2023,1057,(V),890221444930485769,09,Yes,https://www.speedrun.com/mc/runs/znv67o7m,9,48,24,588024,617,0.617,587407,1.432950173,465828,1.262319998,,0.5895,2.653619826,31.7695,53.8933,25.6700,10.18091,,,,,,,,,,,,,,,,,,,,,,,,,,,,,,,,,,,,,,,,,,,,,,,,,,,,,,,,,,,,,,,,,,,,,,,,,,,,,,,,,,,,,
🇨🇦,Aquacorde,0,0,9:48.026,9:48.026,22 Feb 2024,866,(U),9118196624093387626,,,https://www.youtube.com/watch?v=mIFXvcg5exc,9,48,26,588026,0,0,588026,1.432955047,421494,1.395099337,,0.6486,5.242874552,11.3189,17.4523,25.6665,10.18119,,,,,,,,,,,,,,,,,,,,,,,,,,,,,,,,,,,,,,,,,,,,,,,,,,,,,,,,,,,,,,,,,,,,,,,,,,,,,,,,,,,,,
🇭🇰,hackingnoises,0,1,9:38.340,9:48.065,23 Oct 2023,988,(V),-7758362008447828656,06,Yes,https://www.speedrun.com/mc/runs/y4ovn03z,9,48,65,588065,9725,9.725,578340,1.433050085,465828,1.262408013,,0.6102,2.654866446,32.8690,53.8677,25.5977,10.18678,,,,,,,,,,,,,,,,,,,,,,,,,,,,,,,,,,,,,,,,,,,,,,,,,,,,,,,,,,,,,,,,,,,,,,,,,,,,,,,,,,,,,
🇸🇰,NoFear1337,0,0,9:48.163,9:48.213,27 Aug 2023,1045,(U),unknown,,,https://www.youtube.com/watch?v=z-TqSwvseQM,9,48,213,588213,50,0.05,588163,1.433410745,465828,1.262725727,,0.5930,2.659370779,31.8906,53.7752,25.3378,10.20799,,,,,,,,,,,,,,,,,,,,,,,,,,,,,,,,,,,,,,,,,,,,,,,,,,,,,,,,,,,,,,,,,,,,,,,,,,,,,,,,,,,,,
🇺🇸,Feinberg,0,0,9:45.144,9:48.285,13 Jun 2025,389,(U),4446857090278773345,,,https://www.youtube.com/watch?v=8_LXKuVw1SU,9,48,285,588285,3141,3.141,585144,1.433586201,410359,1.433586201,,0.8232,6.322095739,8.4451,10.2583,25.2121,10.21833,,,,,,,,,,,,,,,,,,,,,,,,,,,,,,,,,,,,,,,,,,,,,,,,,,,,,,,,,,,,,,,,,,,,,,,,,,,,,,,,,,,,,
🇿🇦,Airpodsz,0,0,9:48.321,9:48.321,11 Dec 2025,208,(U),5951888916887174113,,,https://www.youtube.com/watch?v=GcwHXzxV3kY&list=PLjW0OIc7zcEcCMM5essHmBGzf92S0FzKi&index=19,9,48,321,588321,0,0,588321,1.433673929,410359,1.433673929,,0.9012,6.324761549,9.2326,10.2444,25.1495,10.22350,,,,,,,,,,,,,,,,,,,,,,,,,,,,,,,,,,,,,,,,,,,,,,,,,,,,,,,,,,,,,,,,,,,,,,,,,,,,,,,,,,,,,
🇳🇴,skycrab1,0,0,9:47.690,9:48.353,19 Jul 2024,718,(U),-209222904514390450,,,https://www.youtube.com/watch?v=SHAbsCkd9IA&list=PLU3_fvoJ1GyMStiA29z37DUPtG47PvOJz&index=42,9,48,353,588353,663,0.663,587690,1.43375191,421494,1.395875149,,0.6984,5.262927572,12.0718,17.2855,25.0939,10.22810,,,,,,,,,,,,,,,,,,,,,,,,,,,,,,,,,,,,,,,,,,,,,,,,,,,,,,,,,,,,,,,,,,,,,,,,,,,,,,,,,,,,,
🇺🇸,zylenox,0,0,9:43.663,9:48.405,23 Dec 2022,1292,(U),4650296313107653918,,,https://www.youtube.com/watch?v=c6A7e74XY5g,9,48,405,588405,4742,4.742,583663,1.433878628,495537,1.187408811,,0.5241,1.764071088,38.7120,73.8584,25.0038,10.23558,,,,,,,,,,,,,,,,,,,,,,,,,,,,,,,,,,,,,,,,,,,,,,,,,,,,,,,,,,,,,,,,,,,,,,,,,,,,,,,,,,,,,
🇸🇪,v_strid,0,0,9:48.473,9:48.473,07 Jun 2024,760,(U),unknown,,,https://www.youtube.com/watch?v=op574QzMvUc,9,48,473,588473,0,0,588473,1.434044337,421494,1.39615985,,0.6839,5.270303269,11.7792,17.2245,24.8863,10.24536,,,,,,,,,,,,,,,,,,,,,,,,,,,,,,,,,,,,,,,,,,,,,,,,,,,,,,,,,,,,,,,,,,,,,,,,,,,,,,,,,,,,,
🇬🇧,priffie,0,0,9:48.683,9:48.683,10 Jul 2023,1093,(U),-3758866594075536122,12,Yes,https://www.youtube.com/watch?v=yirO2rZBNk8,9,48,683,588683,0,0,588683,1.434556084,465828,1.263734683,,0.5790,2.673720243,30.9641,53.4811,24.5261,10.27563,,,,,,,,,,,,,,,,,,,,,,,,,,,,,,,,,,,,,,,,,,,,,,,,,,,,,,,,,,,,,,,,,,,,,,,,,,,,,,,,,,,,,
🇨🇳,xiamoys,0,1,9:46.458,9:48.732,25 Nov 2023,955,(U),-2621669063246225494,06,Yes,https://www.bilibili.com/video/BV1ww411H7kc/,9,48,732,588732,2274,2.274,586458,1.434675491,465828,1.263839872,,0.6203,2.675220212,33.1570,53.4504,24.4426,10.28271,,,,,,,,,,,,,,,,,,,,,,,,,,,,,,,,,,,,,,,,,,,,,,,,,,,,,,,,,,,,,,,,,,,,,,,,,,,,,,,,,,,,,
🇺🇸,meebie,0,1,9:47.567,9:48.735,13 Mar 2023,1212,(V),5085481578685051061,12,Yes,https://www.speedrun.com/mc/run/yj8eo2gm,9,48,735,588735,1168,1.168,587567,1.434682802,465828,1.263846312,,0.5455,2.675312071,29.1577,53.4486,24.4375,10.28314,,,,,,,,,,,,,,,,,,,,,,,,,,,,,,,,,,,,,,,,,,,,,,,,,,,,,,,,,,,,,,,,,,,,,,,,,,,,,,,,,,,,,
🇵🇱,okshey,0,0,9:45.350,9:48.739,09 Jun 2025,393,(U),-7611614719566896812,,,https://www.youtube.com/watch?v=im7AKnGBPGA,9,48,739,588739,3389,3.389,585350,1.43469255,421494,1.396790939,,0.8216,5.286684937,14.0410,17.0898,24.4307,10.28372,,,,,,,,,,,,,,,,,,,,,,,,,,,,,,,,,,,,,,,,,,,,,,,,,,,,,,,,,,,,,,,,,,,,,,,,,,,,,,,,,,,,,
🇫🇮,AndrewCrow,0,0,9:48.071,9:48.755,06 Jul 2025,366,(U),unknown,,,https://www.youtube.com/watch?v=G3w8ujqom1I,9,48,755,588755,684,0.684,588071,1.43473154,410359,1.43473154,,0.8328,6.356976493,8.3934,10.0789,24.4035,10.28603,,,,,,,,,,,,,,,,,,,,,,,,,,,,,,,,,,,,,,,,,,,,,,,,,,,,,,,,,,,,,,,,,,,,,,,,,,,,,,,,,,,,,
🇸🇰,NoFear1337,0,0,9:46.172,9:48.868,04 Nov 2025,245,(U),unknown,,,https://www.youtube.com/watch?v=nWG0IBAK484,9,48,868,588868,2696,2.696,586172,1.435006909,410359,1.435006909,,0.8847,6.365387665,8.8790,10.0361,24.2121,10.30236,,,,,,,,,,,,,,,,,,,,,,,,,,,,,,,,,,,,,,,,,,,,,,,,,,,,,,,,,,,,,,,,,,,,,,,,,,,,,,,,,,,,,
🇳🇴,skycrab1,0,0,9:48.787,9:49.039,08 Dec 2025,211,(U),unknown,,,https://www.youtube.com/watch?v=nuRVx79nIxg&list=PLU3_fvoJ1GyMStiA29z37DUPtG47PvOJz&index=155,9,49,39,589039,252,0.252,588787,1.435423617,410359,1.435423617,,0.8999,6.378134504,8.9731,9.9715,23.9247,10.32713,,,,,,,,,,,,,,,,,,,,,,,,,,,,,,,,,,,,,,,,,,,,,,,,,,,,,,,,,,,,,,,,,,,,,,,,,,,,,,,,,,,,,
🇳🇴,skycrab1,0,0,9:49.051,9:49.051,07 Sep 2024,668,(U),-5901488670443987544,,,https://www.youtube.com/watch?v=QTUOtzq4PCM&list=PLU3_fvoJ1GyMStiA29z37DUPtG47PvOJz&index=65,9,49,51,589051,0,0,589051,1.43545286,421494,1.397531163,,0.7161,5.305956202,12.1245,16.9324,23.9046,10.32887,,,,,,,,,,,,,,,,,,,,,,,,,,,,,,,,,,,,,,,,,,,,,,,,,,,,,,,,,,,,,,,,,,,,,,,,,,,,,,,,,,,,,
🇫🇮,sadekeppi,0,0,9:49.103,9:49.103,22 Nov 2025,227,(U),unknown,,,https://www.youtube.com/watch?v=qKrWvNJtuGc,9,49,103,589103,0,0,589103,1.435579578,410359,1.435579578,,0.8927,6.382910964,8.8801,9.9474,23.8178,10.33641,,,,,,,,,,,,,,,,,,,,,,,,,,,,,,,,,,,,,,,,,,,,,,,,,,,,,,,,,,,,,,,,,,,,,,,,,,,,,,,,,,,,,
🇺🇸,pizu,0,1,9:44.325,9:49.133,16 Aug 2023,1056,(V),8008279034697202098,??,Yes,https://www.speedrun.com/mc/runs/m3q86pqy,9,49,133,589133,4808,4.808,584325,1.435652685,465828,1.264700705,,0.5898,2.687523656,31.3760,53.1992,23.7678,10.34076,,,,,,,,,,,,,,,,,,,,,,,,,,,,,,,,,,,,,,,,,,,,,,,,,,,,,,,,,,,,,,,,,,,,,,,,,,,,,,,,,,,,,
🇸🇪,v_strid,0,0,9:40.786,9:49.292,24 Feb 2025,498,(U),unknown,,,https://www.youtube.com/watch?v=i9cjYiXJH1s,9,49,292,589292,8506,8.506,580786,1.43604015,421494,1.398102939,,0.7796,5.320884001,13.1058,16.8114,23.5043,10.36387,,,,,,,,,,,,,,,,,,,,,,,,,,,,,,,,,,,,,,,,,,,,,,,,,,,,,,,,,,,,,,,,,,,,,,,,,,,,,,,,,,,,,
🇵🇱,kazzruns,0,1,9:47.765,9:49.408,21 Oct 2024,624,(V),-5518127791753338364,,,https://www.speedrun.com/mc/runs/y6ejg9jz,9,49,408,589408,1643,1.643,587765,1.43632283,421494,1.39837815,,0.7320,5.328082236,12.2631,16.7533,23.3134,10.38075,,,,,,,,,,,,,,,,,,,,,,,,,,,,,,,,,,,,,,,,,,,,,,,,,,,,,,,,,,,,,,,,,,,,,,,,,,,,,,,,,,,,,
🇸🇪,Crookst,0,0,9:49.408,9:49.408,24 May 2022,1505,(U),unknown,06,Yes,https://www.youtube.com/watch?v=uV8TKcBR9fY,9,49,408,589408,0,0,589408,1.43632283,548820,1.073955031,,0.4712,0.9238965447,44.1129,93.6207,23.3134,10.38075,,,,,,,,,,,,,,,,,,,,,,,,,,,,,,,,,,,,,,,,,,,,,,,,,,,,,,,,,,,,,,,,,,,,,,,,,,,,,,,,,,,,,
🇹🇿,Kxpow,0,0,9:40.156,9:49.436,30 Jul 2023,1073,(U),-5875652353814320049,08,Yes,https://www.youtube.com/watch?v=c4mVL3Qoois,9,49,436,589436,9280,9.28,580156,1.436391062,465828,1.26535116,,0.5848,2.696853659,30.9994,53.0093,23.2675,10.38483,,,,,,,,,,,,,,,,,,,,,,,,,,,,,,,,,,,,,,,,,,,,,,,,,,,,,,,,,,,,,,,,,,,,,,,,,,,,,,,,,,,,,
🇺🇸,doogile,0,0,9:48.125,9:49.511,22 Jan 2023,1262,(U),-5847241643383056057,,,https://www.youtube.com/watch?v=svPe9bvWOZs,9,49,511,589511,1386,1.386,588125,1.436573829,495537,1.189640733,,0.5321,1.78609013,39.0176,73.3332,23.1450,10.39576,,,,,,,,,,,,,,,,,,,,,,,,,,,,,,,,,,,,,,,,,,,,,,,,,,,,,,,,,,,,,,,,,,,,,,,,,,,,,,,,,,,,,
🇫🇮,sadekeppi,0,0,9:49.523,9:49.523,03 Jan 2026,185,(U),unknown,,,https://www.youtube.com/watch?v=DuhuMBSklKw,9,49,523,589523,0,0,589523,1.436603072,410359,1.436603072,,0.9116,6.414333845,8.9252,9.7901,23.1254,10.39751,,,,,,,,,,,,,,,,,,,,,,,,,,,,,,,,,,,,,,,,,,,,,,,,,,,,,,,,,,,,,,,,,,,,,,,,,,,,,,,,,,,,,
🇺🇸,zylenox,0,0,9:46.820,9:49.532,02 Jul 2023,1101,(U),8044565015290039310,15,Yes,https://www.youtube.com/watch?v=sDcIlMtOOmE,9,49,532,589532,2712,2.712,586820,1.436625004,465828,1.265557244,,0.5767,2.699815708,30.5337,52.9490,23.1107,10.39882,,,,,,,,,,,,,,,,,,,,,,,,,,,,,,,,,,,,,,,,,,,,,,,,,,,,,,,,,,,,,,,,,,,,,,,,,,,,,,,,,,,,,
🇵🇱,okshey,0,0,9:44.226,9:49.660,16 Apr 2025,447,(U),-1149895041785241433,,,https://www.youtube.com/watch?v=FwZbmFXsgSw,9,49,660,589660,5434,5.434,584226,1.436936926,421494,1.398976023,,0.7997,5.343749099,13.2972,16.6275,22.9029,10.41751,,,,,,,,,,,,,,,,,,,,,,,,,,,,,,,,,,,,,,,,,,,,,,,,,,,,,,,,,,,,,,,,,,,,,,,,,,,,,,,,,,,,,
🇨🇦,Specnr,0,1,9:46.156,9:49.681,27 Dec 2022,1288,(V),7237098484174827022,18,Yes,https://www.speedrun.com/mc/run/y8020ewm,9,49,681,589681,3525,3.525,586156,1.436988101,495537,1.189983795,,0.5252,1.789496655,38.4710,73.2520,22.8690,10.42058,,,,,,,,,,,,,,,,,,,,,,,,,,,,,,,,,,,,,,,,,,,,,,,,,,,,,,,,,,,,,,,,,,,,,,,,,,,,,,,,,,,,,
🇧🇪,boyenn,0,0,9:49.577,9:49.697,09 Mar 2025,485,(U),unknown,,,https://www.youtube.com/watch?v=V12SrHOwNBQ,9,49,697,589697,120,0.12,589577,1.437027091,421494,1.399063806,,0.7847,5.346052777,13.0325,16.6091,22.8432,10.42292,,,,,,,,,,,,,,,,,,,,,,,,,,,,,,,,,,,,,,,,,,,,,,,,,,,,,,,,,,,,,,,,,,,,,,,,,,,,,,,,,,,,,
🇺🇸,zylenox,0,0,9:39.888,9:49.703,07 May 2024,791,(U),unknown,,,https://www.youtube.com/watch?v=NfuxXQCM1gk,9,49,703,589703,9815,9.815,579888,1.437041712,421494,1.399078041,,0.6733,5.346426428,11.1816,16.6061,22.8335,10.42379,,,,,,,,,,,,,,,,,,,,,,,,,,,,,,,,,,,,,,,,,,,,,,,,,,,,,,,,,,,,,,,,,,,,,,,,,,,,,,,,,,,,,
🇳🇴,skycrab1,0,0,9:49.773,9:49.773,18 Nov 2024,596,(U),8995165694867144478,,,https://www.youtube.com/watch?v=OrzWR9MX7RQ&list=PLU3_fvoJ1GyMStiA29z37DUPtG47PvOJz&index=96,9,49,773,589773,0,0,589773,1.437212295,421494,1.399244117,,0.7423,5.350787377,12.3009,16.5712,22.7207,10.43403,,,,,,,,,,,,,,,,,,,,,,,,,,,,,,,,,,,,,,,,,,,,,,,,,,,,,,,,,,,,,,,,,,,,,,,,,,,,,,,,,,,,,
🇺🇸,Semperz,0,1,9:46.795,9:49.877,16 Jan 2023,1268,(V),-9130200200703997782,08,Yes,https://www.speedrun.com/mc/run/mro1w68m,9,49,877,589877,3082,3.082,586795,1.437465731,495537,1.190379326,,0.5305,1.793431498,38.8080,73.1583,22.5540,10.44926,,,,,,,,,,,,,,,,,,,,,,,,,,,,,,,,,,,,,,,,,,,,,,,,,,,,,,,,,,,,,,,,,,,,,,,,,,,,,,,,,,,,,
🇵🇱,watermelon1708,0,0,9:49.338,9:49.896,15 Aug 2025,326,(U),unknown,,,https://www.youtube.com/watch?v=N1MKoW8JtrU,9,49,896,589896,558,0.558,589338,1.437512032,410359,1.437512032,,0.8496,6.442353197,8.2001,9.6519,22.5236,10.45204,,,,,,,,,,,,,,,,,,,,,,,,,,,,,,,,,,,,,,,,,,,,,,,,,,,,,,,,,,,,,,,,,,,,,,,,,,,,,,,,,,,,,
🇭🇰,hackingnoises,0,0,9:43.081,9:49.943,16 Aug 2023,1056,(U),-7758362008447828656,06,Yes,https://www.youtube.com/watch?v=zcw53uYt37o,9,49,943,589943,6862,6.862,583081,1.437626566,465828,1.266439544,,0.5898,2.712529745,31.0763,52.6910,22.4487,10.45893,,,,,,,,,,,,,,,,,,,,,,,,,,,,,,,,,,,,,,,,,,,,,,,,,,,,,,,,,,,,,,,,,,,,,,,,,,,,,,,,,,,,,
🇳🇴,skycrab1,0,0,9:49.969,9:50.065,13 Nov 2024,601,(U),4962570127198828524,,,https://www.youtube.com/watch?v=6eV5G75VplI&list=PLU3_fvoJ1GyMStiA29z37DUPtG47PvOJz&index=93,9,50,65,590065,96,0.096,589969,1.437923867,421494,1.399936891,,0.7404,5.369012294,12.1629,16.4264,22.2550,10.47683,,,,,,,,,,,,,,,,,,,,,,,,,,,,,,,,,,,,,,,,,,,,,,,,,,,,,,,,,,,,,,,,,,,,,,,,,,,,,,,,,,,,,
🇦🇺,Erikfzf,0,1,9:47.896,9:50.075,19 Apr 2023,1175,(V),-3556903538673690675,09,Yes,https://www.speedrun.com/mc/run/y2jlp8wz,9,50,75,590075,2179,2.179,587896,1.437948236,465828,1.266722911,,0.5557,2.716624375,29.2351,52.6081,22.2392,10.47830,,,,,,,,,,,,,,,,,,,,,,,,,,,,,,,,,,,,,,,,,,,,,,,,,,,,,,,,,,,,,,,,,,,,,,,,,,,,,,,,,,,,,
🇵🇱,okshey,0,0,9:50.421,9:50.421,15 Nov 2025,234,(U),unknown,,,https://www.youtube.com/watch?v=3ag6jYLEATw,9,50,421,590421,0,0,590421,1.4387914,410359,1.4387914,,0.8896,6.481971151,8.4149,9.4594,21.6973,10.52922,,,,,,,,,,,,,,,,,,,,,,,,,,,,,,,,,,,,,,,,,,,,,,,,,,,,,,,,,,,,,,,,,,,,,,,,,,,,,,,,,,,,,
🇺🇸,doogile,0,0,9:49.649,9:50.424,12 Sep 2023,1029,(U),-1655592444366996481,,,https://www.youtube.com/watch?v=FBTXjli9DBQ,9,50,424,590424,775,0.775,589649,1.43879871,465828,1.267472114,,0.5978,2.727476838,31.3180,52.3887,21.6926,10.52966,,,,,,,,,,,,,,,,,,,,,,,,,,,,,,,,,,,,,,,,,,,,,,,,,,,,,,,,,,,,,,,,,,,,,,,,,,,,,,,,,,,,,
🇸🇰,NoFear1337,0,0,9:50.463,9:50.463,20 Aug 2023,1052,(U),unknown,,,https://www.youtube.com/watch?v=48-PM4b2mhk,9,50,463,590463,0,0,590463,1.438893749,465828,1.267555836,,0.5910,2.728691971,30.9454,52.3642,21.6322,10.53542,,,,,,,,,,,,,,,,,,,,,,,,,,,,,,,,,,,,,,,,,,,,,,,,,,,,,,,,,,,,,,,,,,,,,,,,,,,,,,,,,,,,,
🇳🇴,skycrab1,0,0,9:49.721,9:50.491,21 Jun 2024,746,(U),-6497843382079027047,,,https://www.youtube.com/watch?v=F8E2ivfO0zk&list=PLU3_fvoJ1GyMStiA29z37DUPtG47PvOJz&index=37,9,50,491,590491,770,0.77,589721,1.438961982,421494,1.400947582,,0.6887,5.39569794,11.1676,16.2163,21.5889,10.53955,,,,,,,,,,,,,,,,,,,,,,,,,,,,,,,,,,,,,,,,,,,,,,,,,,,,,,,,,,,,,,,,,,,,,,,,,,,,,,,,,,,,,
🇺🇸,doogile,0,0,9:39.067,9:50.542,28 Oct 2023,983,(U),9080996345703823922,,,https://www.youtube.com/watch?v=_V6MkKldJvY,9,50,542,590542,11475,11.475,579067,1.439086263,465828,1.267725427,,0.6117,2.731154869,32.0012,52.3145,21.5102,10.54708,,,,,,,,,,,,,,,,,,,,,,,,,,,,,,,,,,,,,,,,,,,,,,,,,,,,,,,,,,,,,,,,,,,,,,,,,,,,,,,,,,,,,
🇳🇴,skycrab1,0,0,9:50.665,9:50.665,23 Sep 2024,652,(U),2493200409668593062,,,https://www.youtube.com/watch?v=EEEQo8N6gQU&list=PLU3_fvoJ1GyMStiA29z37DUPtG47PvOJz&index=72,9,50,665,590665,0,0,590665,1.439386001,421494,1.401360399,,0.7218,5.406630986,11.6434,16.1309,21.3214,10.56527,,,,,,,,,,,,,,,,,,,,,,,,,,,,,,,,,,,,,,,,,,,,,,,,,,,,,,,,,,,,,,,,,,,,,,,,,,,,,,,,,,,,,
🇺🇸,doogile,0,0,9:43.048,9:50.671,06 Jun 2023,1127,(U),5486779662085254088,,,https://www.youtube.com/watch?v=GNfBvK-DdeI,9,50,671,590671,7623,7.623,583048,1.439400622,465828,1.268002353,,0.5692,2.735180815,29.7319,52.2334,21.3122,10.56615,,,,,,,,,,,,,,,,,,,,,,,,,,,,,,,,,,,,,,,,,,,,,,,,,,,,,,,,,,,,,,,,,,,,,,,,,,,,,,,,,,,,,
🇨🇦,Aquacorde,0,0,9:50.705,9:50.705,28 May 2025,405,(U),1875131557642639498,,,https://www.youtube.com/watch?v=WHI4EIF361I,9,50,705,590705,0,0,590705,1.439483477,421494,1.401455299,,0.8167,5.409147063,13.1579,16.1113,21.2602,10.57118,,,,,,,,,,,,,,,,,,,,,,,,,,,,,,,,,,,,,,,,,,,,,,,,,,,,,,,,,,,,,,,,,,,,,,,,,,,,,,,,,,,,,
🇳🇴,skycrab1,0,0,9:48.924,9:50.706,14 Apr 2024,814,(U),unknown,,,https://www.youtube.com/watch?v=sr2kZbeK9UA&list=PLU3_fvoJ1GyMStiA29z37DUPtG47PvOJz&index=15,9,50,706,590706,1782,1.782,588924,1.439485914,421494,1.401457672,,0.6656,5.409209978,10.7241,16.1108,21.2587,10.57133,,,,,,,,,,,,,,,,,,,,,,,,,,,,,,,,,,,,,,,,,,,,,,,,,,,,,,,,,,,,,,,,,,,,,,,,,,,,,,,,,,,,,
🇺🇸,doogile,0,0,9:49.586,9:50.726,23 Jan 2024,896,(U),-584548052417778455,,,https://www.youtube.com/watch?v=ql5yaRF0gCE,9,50,726,590726,1140,1.14,589586,1.439534651,421494,1.401505122,,0.6389,5.410468412,10.2870,16.1010,21.2282,10.57429,,,,,,,,,,,,,,,,,,,,,,,,,,,,,,,,,,,,,,,,,,,,,,,,,,,,,,,,,,,,,,,,,,,,,,,,,,,,,,,,,,,,,
🇳🇴,skycrab1,0,0,9:50.792,9:50.792,07 Nov 2024,607,(U),7554489611952099407,,,https://www.youtube.com/watch?v=6-ETpuXoEEk&list=PLU3_fvoJ1GyMStiA29z37DUPtG47PvOJz&index=91,9,50,792,590792,0,0,590792,1.439695486,421494,1.401661708,,0.7382,5.414623061,11.8624,16.0688,21.1277,10.58407,,,,,,,,,,,,,,,,,,,,,,,,,,,,,,,,,,,,,,,,,,,,,,,,,,,,,,,,,,,,,,,,,,,,,,,,,,,,,,,,,,,,,
🇫🇮,AndrewCrow,0,0,9:50.666,9:50.833,12 Aug 2025,329,(U),unknown,,,https://www.youtube.com/watch?v=a9jbQgG4J-I,9,50,833,590833,167,0.167,590666,1.439795399,410359,1.439795399,,0.8483,6.513210182,7.8979,9.3101,21.0655,10.59015,,,,,,,,,,,,,,,,,,,,,,,,,,,,,,,,,,,,,,,,,,,,,,,,,,,,,,,,,,,,,,,,,,,,,,,,,,,,,,,,,,,,,
🇳🇱,HDMICables,0,0,9:47.685,9:50.847,01 Apr 2024,827,(U),-6489983192419872775,,,https://www.youtube.com/watch?v=QyDlPL4PetM,9,50,847,590847,3162,3.162,587685,1.439829515,421494,1.401792196,,0.6613,5.418087396,10.6090,16.0419,21.0443,10.59222,,,,,,,,,,,,,,,,,,,,,,,,,,,,,,,,,,,,,,,,,,,,,,,,,,,,,,,,,,,,,,,,,,,,,,,,,,,,,,,,,,,,,
🇮🇹,drip120,0,1,9:50.878,9:50.878,04 Oct 2023,1007,(V),-1789423009707373733,,Yes,https://www.speedrun.com/mc/runs/y6q50l6z,9,50,878,590878,0,0,590878,1.439905059,465828,1.268446723,,0.6044,2.741652089,31.4917,52.1031,20.9974,10.59682,,,,,,,,,,,,,,,,,,,,,,,,,,,,,,,,,,,,,,,,,,,,,,,,,,,,,,,,,,,,,,,,,,,,,,,,,,,,,,,,,,,,,
🇨🇦,bluescaled,0,1,9:50.982,9:50.982,20 Sep 2023,1021,(V),924997636585373701,12,Yes,https://www.speedrun.com/mc/runs/z5k12xdz,9,50,982,590982,0,0,590982,1.440158495,465828,1.268669981,,0.6002,2.744908495,31.2327,52.0376,20.8406,10.61226,,,,,,,,,,,,,,,,,,,,,,,,,,,,,,,,,,,,,,,,,,,,,,,,,,,,,,,,,,,,,,,,,,,,,,,,,,,,,,,,,,,,,
🇸🇰,NoFear1337,0,0,9:48.795,9:51.150,17 Jun 2025,385,(U),unknown,,,https://www.youtube.com/watch?v=EZF1Z0DG-74,9,51,150,591150,2355,2.355,588795,1.440567893,410359,1.440567893,,0.8249,6.537335172,7.5860,9.1963,20.5892,10.63723,,,,,,,,,,,,,,,,,,,,,,,,,,,,,,,,,,,,,,,,,,,,,,,,,,,,,,,,,,,,,,,,,,,,,,,,,,,,,,,,,,,,,
🇳🇴,skycrab1,0,0,9:51.158,9:51.158,08 Dec 2025,211,(U),unknown,,,https://www.youtube.com/watch?v=fKGyoMdXDzc&list=PLU3_fvoJ1GyMStiA29z37DUPtG47PvOJz&index=156,9,51,158,591158,0,0,591158,1.440587388,410359,1.440587388,,0.8999,6.537945009,8.2729,9.1934,20.5773,10.63843,,,,,,,,,,,,,,,,,,,,,,,,,,,,,,,,,,,,,,,,,,,,,,,,,,,,,,,,,,,,,,,,,,,,,,,,,,,,,,,,,,,,,
🇺🇸,Dylqn,0,1,9:54.988,9:51.164,01 Aug 2022,1436,(V),-7315821799138863380,,,https://www.speedrun.com/mc/runs/yod43rjm,9,51,164,591164,-3824,-3.824,594988,1.440602009,517884,1.141498868,,0.4877,1.362694828,40.7244,83.4985,20.5684,10.63932,,,,,,,,,,,,,,,,,,,,,,,,,,,,,,,,,,,,,,,,,,,,,,,,,,,,,,,,,,,,,,,,,,,,,,,,,,,,,,,,,,,,,
🇳🇴,skycrab1,0,0,9:50.489,9:51.181,20 Mar 2026,109,(U),unknown,,,https://www.youtube.com/watch?v=_SXbQSqj37s&list=PLU3_fvoJ1GyMStiA29z37DUPtG47PvOJz&index=173,9,51,181,591181,692,0.692,590489,1.440643437,410359,1.440643437,,0.9470,6.539698568,8.6980,9.1852,20.5431,10.64185,,,,,,,,,,,,,,,,,,,,,,,,,,,,,,,,,,,,,,,,,,,,,,,,,,,,,,,,,,,,,,,,,,,,,,,,,,,,,,,,,,,,,
🇨🇦,sockmonkey747,0,1,9:45.214,9:51.192,22 Sep 2022,1384,(V),-7834893168215751805,09,Yes,https://www.speedrun.com/mc/run/yl16p3xm,9,51,192,591192,5978,5.978,585214,1.440670242,517884,1.141552935,,0.5006,1.363113533,41.7921,83.4884,20.5267,10.64349,,,,,,,,,,,,,,,,,,,,,,,,,,,,,,,,,,,,,,,,,,,,,,,,,,,,,,,,,,,,,,,,,,,,,,,,,,,,,,,,,,,,,
🇳🇴,skycrab1,0,0,9:51.202,9:51.202,09 Oct 2024,636,(U),6786942152196432309,,,https://www.youtube.com/watch?v=qIX6RDLk3Fw&list=PLU3_fvoJ1GyMStiA29z37DUPtG47PvOJz&index=79,9,51,202,591202,0,0,591202,1.440694611,421494,1.402634438,,0.7276,5.440494706,11.5463,15.8690,20.5119,10.64498,,,,,,,,,,,,,,,,,,,,,,,,,,,,,,,,,,,,,,,,,,,,,,,,,,,,,,,,,,,,,,,,,,,,,,,,,,,,,,,,,,,,,
🇦🇺,mikky_,0,0,9:51.206,9:51.206,07 Feb 2026,150,(U),unknown,,,https://www.youtube.com/watch?v=6vTH4hhhXXE,9,51,206,591206,0,0,591206,1.440704359,410359,1.440704359,,0.9277,6.541605074,8.5132,9.1763,20.5059,10.64557,,,,,,,,,,,,,,,,,,,,,,,,,,,,,,,,,,,,,,,,,,,,,,,,,,,,,,,,,,,,,,,,,,,,,,,,,,,,,,,,,,,,,
🇳🇴,skycrab1,0,0,9:51.237,9:51.237,04 Sep 2024,671,(U),-5564102044404778436,,,https://www.youtube.com/watch?v=J6913JzSFoI&list=PLU3_fvoJ1GyMStiA29z37DUPtG47PvOJz&index=63,9,51,237,591237,0,0,591237,1.440779902,421494,1.402717476,,0.7150,5.442708253,11.3339,15.8520,20.4600,10.65019,,,,,,,,,,,,,,,,,,,,,,,,,,,,,,,,,,,,,,,,,,,,,,,,,,,,,,,,,,,,,,,,,,,,,,,,,,,,,,,,,,,,,
🇮🇹,drip120,0,0,9:49.755,9:51.238,17 Dec 2025,202,(U),unknown,,,https://www.youtube.com/watch?v=wz6HL9sHv3A,9,51,238,591238,1483,1.483,589755,1.440782339,410359,1.440782339,,0.9039,6.544046108,8.2844,9.1648,20.4585,10.65034,,,,,,,,,,,,,,,,,,,,,,,,,,,,,,,,,,,,,,,,,,,,,,,,,,,,,,,,,,,,,,,,,,,,,,,,,,,,,,,,,,,,,
🇫🇮,AndrewCrow,0,0,9:51.066,9:51.257,09 Jun 2025,393,(U),unknown,,,https://www.youtube.com/watch?v=v8YGkPkyD8w,9,51,257,591257,191,0.191,591066,1.44082864,421494,1.402764927,,0.8216,5.44397349,13.0161,15.8423,20.4303,10.65317,,,,,,,,,,,,,,,,,,,,,,,,,,,,,,,,,,,,,,,,,,,,,,,,,,,,,,,,,,,,,,,,,,,,,,,,,,,,,,,,,,,,,
🇫🇮,megelimc,0,0,9:47.731,9:51.467,01 Jan 2024,918,(U),unknown,??,Yes,https://www.youtube.com/watch?v=ZnJ9vJWKmrI,9,51,467,591467,3736,3.736,587731,1.441340387,446254,1.325404366,,0.6319,3.692599314,22.3293,35.3359,20.1214,10.68451,,,,,,,,,,,,,,,,,,,,,,,,,,,,,,,,,,,,,,,,,,,,,,,,,,,,,,,,,,,,,,,,,,,,,,,,,,,,,,,,,,,,,
🇸🇪,v_strid,0,0,9:51.570,9:51.570,03 Feb 2025,519,(U),unknown,,,https://www.youtube.com/watch?v=yfW9c75NRgA,9,51,570,591570,0,0,591570,1.441591387,421494,1.403507523,,0.7714,5.46380794,12.1045,15.6909,19.9711,10.69991,,,,,,,,,,,,,,,,,,,,,,,,,,,,,,,,,,,,,,,,,,,,,,,,,,,,,,,,,,,,,,,,,,,,,,,,,,,,,,,,,,,,,
🇫🇷,AstraF,0,0,9:51.720,9:51.720,27 Oct 2023,984,(U),-337439981175768477,01,Yes,https://www.youtube.com/watch?v=2BIv_Ia0X00,9,51,720,591720,0,0,591720,1.441956921,465828,1.270254257,,0.6114,2.768115448,31.5316,51.5726,19.7540,10.72237,,,,,,,,,,,,,,,,,,,,,,,,,,,,,,,,,,,,,,,,,,,,,,,,,,,,,,,,,,,,,,,,,,,,,,,,,,,,,,,,,,,,,
🇷🇺,aleen,0,0,9:51.372,9:51.955,13 Jun 2023,1120,(U),527896806905356617,04,Yes,https://www.youtube.com/watch?v=T3tdEJDfjbA,9,51,955,591955,583,0.583,591372,1.44252959,465828,1.270758735,,0.5712,2.775541736,29.3740,51.4243,19.4174,10.75765,,,,,,,,,,,,,,,,,,,,,,,,,,,,,,,,,,,,,,,,,,,,,,,,,,,,,,,,,,,,,,,,,,,,,,,,,,,,,,,,,,,,,
🇬🇧,priffie,0,1,9:52.129,9:52.129,06 Apr 2023,1188,(V),-6774371518579710751,12,Yes,https://www.speedrun.com/mc/run/y4g4q23y,9,52,129,592129,0,0,592129,1.442953609,465828,1.271132263,,0.5521,2.781051757,28.3315,51.3145,19.1712,10.78384,,,,,,,,,,,,,,,,,,,,,,,,,,,,,,,,,,,,,,,,,,,,,,,,,,,,,,,,,,,,,,,,,,,,,,,,,,,,,,,,,,,,,
🇩🇰,Bloopy,0,0,9:51.888,9:52.213,01 Dec 2024,583,(U),-585511820718115060,,,https://www.youtube.com/watch?v=NZGdtGg7EMI,9,52,213,592213,325,0.325,591888,1.443158308,421494,1.405033049,,0.7471,5.504752151,11.4928,15.3823,19.0531,10.79650,,,,,,,,,,,,,,,,,,,,,,,,,,,,,,,,,,,,,,,,,,,,,,,,,,,,,,,,,,,,,,,,,,,,,,,,,,,,,,,,,,,,,
🇿🇦,Airpodsz,0,0,9:52.329,9:52.329,18 Feb 2026,139,(U),-865004664165552620,,,https://www.youtube.com/watch?v=jvUCdetNvWc&list=PLjW0OIc7zcEcCMM5essHmBGzf92S0FzKi&index=35,9,52,329,592329,0,0,592329,1.443440987,410359,1.443440987,,0.9329,6.627745829,8.1914,8.7810,18.8911,10.81401,,,,,,,,,,,,,,,,,,,,,,,,,,,,,,,,,,,,,,,,,,,,,,,,,,,,,,,,,,,,,,,,,,,,,,,,,,,,,,,,,,,,,
🇧🇪,boyenn,0,0,9:52.329,9:52.329,02 May 2025,431,(U),unknown,,,https://www.youtube.com/watch?v=d_SBrMIiMm4,9,52,329,592329,0,0,592329,1.443440987,421494,1.405308261,,0.8061,5.512167115,12.3557,15.3270,18.8911,10.81401,,,,,,,,,,,,,,,,,,,,,,,,,,,,,,,,,,,,,,,,,,,,,,,,,,,,,,,,,,,,,,,,,,,,,,,,,,,,,,,,,,,,,
🇺🇸,doogile,0,0,9:47.627,9:52.339,30 Mar 2025,464,(U),unknown,,,https://www.youtube.com/watch?v=qhwp9ohvjNc,9,52,339,592339,4712,4.712,587627,1.443465356,421494,1.405331986,,0.7929,5.512806744,12.1497,15.3223,18.8772,10.81552,,,,,,,,,,,,,,,,,,,,,,,,,,,,,,,,,,,,,,,,,,,,,,,,,,,,,,,,,,,,,,,,,,,,,,,,,,,,,,,,,,,,,
🇸🇪,PAPLERR,0,0,9:50.806,9:52.473,12 Oct 2024,633,(U),unknown,,,https://www.youtube.com/watch?v=5MVwaZKykSA,9,52,473,592473,1667,1.667,590806,1.443791899,421494,1.405649902,,0.7287,5.521384028,11.1188,15.2586,18.6915,10.83578,,,,,,,,,,,,,,,,,,,,,,,,,,,,,,,,,,,,,,,,,,,,,,,,,,,,,,,,,,,,,,,,,,,,,,,,,,,,,,,,,,,,,
🇫🇮,sadekeppi,0,0,9:52.481,9:52.481,18 Feb 2026,139,(U),unknown,,,https://www.youtube.com/watch?v=2Lpf6uTKLWQ,9,52,481,592481,0,0,592481,1.443811394,410359,1.443811394,,0.9329,6.639480644,8.1424,8.7284,18.6804,10.83699,,,,,,,,,,,,,,,,,,,,,,,,,,,,,,,,,,,,,,,,,,,,,,,,,,,,,,,,,,,,,,,,,,,,,,,,,,,,,,,,,,,,,
🇦🇺,retropog,0,1,9:52.143,9:52.559,14 Mar 2023,1211,(V),-5536233051706105500,01,Yes,https://www.speedrun.com/mc/run/mro0xldm,9,52,559,592559,416,0.416,592143,1.444001472,465828,1.272055351,,0.5458,2.794710214,27.8593,51.0430,18.5731,10.84879,,,,,,,,,,,,,,,,,,,,,,,,,,,,,,,,,,,,,,,,,,,,,,,,,,,,,,,,,,,,,,,,,,,,,,,,,,,,,,,,,,,,,
🇸🇰,NoFear1337,0,0,9:50.254,9:52.607,29 Aug 2025,312,(U),unknown,,,https://www.youtube.com/watch?v=1CSaPJ3zD9E,9,52,607,592607,2353,2.353,590254,1.444118443,410359,1.444118443,,0.8556,6.649221889,7.4305,8.6849,18.5072,10.85607,,,,,,,,,,,,,,,,,,,,,,,,,,,,,,,,,,,,,,,,,,,,,,,,,,,,,,,,,,,,,,,,,,,,,,,,,,,,,,,,,,,,,
🇸🇰,NoFear1337,0,0,9:52.674,9:52.674,14 Jul 2023,1089,(U),3311070428506478041,,,https://www.youtube.com/watch?v=0xG_Me1Rz5g,9,52,674,592674,0,0,592674,1.444281714,465828,1.272302223,,0.5801,2.798373149,29.5695,50.9703,18.4156,10.86623,,,,,,,,,,,,,,,,,,,,,,,,,,,,,,,,,,,,,,,,,,,,,,,,,,,,,,,,,,,,,,,,,,,,,,,,,,,,,,,,,,,,,
🇸🇰,NoFear1337,0,0,9:51.200,9:52.693,27 Nov 2024,587,(U),unknown,,,https://www.youtube.com/watch?v=fOaCQDFWOJY&list=PLaTJSsRuu2UeeWabBBfNVWALvnefBoL2C&index=14,9,52,693,592693,1493,1.493,591200,1.444328015,421494,1.406171855,,0.7456,5.535491401,11.2998,15.1543,18.3897,10.86911,,,,,,,,,,,,,,,,,,,,,,,,,,,,,,,,,,,,,,,,,,,,,,,,,,,,,,,,,,,,,,,,,,,,,,,,,,,,,,,,,,,,,
🇫🇮,AndrewCrow,0,0,9:51.787,9:52.736,08 Feb 2025,514,(U),unknown,,,https://www.youtube.com/watch?v=3nU_mEfgpK0,9,52,736,592736,949,0.949,591787,1.444432802,421494,1.406273873,,0.7734,5.538252425,11.7041,15.1339,18.3312,10.87563,,,,,,,,,,,,,,,,,,,,,,,,,,,,,,,,,,,,,,,,,,,,,,,,,,,,,,,,,,,,,,,,,,,,,,,,,,,,,,,,,,,,,
🇸🇰,NoFear1337,0,0,9:52.350,9:52.741,04 Nov 2025,245,(U),unknown,,,https://www.youtube.com/watch?v=OHpcSW2oLMw,9,52,741,592741,391,0.391,592350,1.444444986,410359,1.444444986,,0.8847,6.659595272,7.6428,8.6389,18.3244,10.87639,,,,,,,,,,,,,,,,,,,,,,,,,,,,,,,,,,,,,,,,,,,,,,,,,,,,,,,,,,,,,,,,,,,,,,,,,,,,,,,,,,,,,
🇨🇳,pluginL,0,1,9:50.137,9:52.818,24 Aug 2022,1413,(V),656442864665422707,09,Yes,https://www.speedrun.com/mc/run/mrr1172m,9,52,818,592818,2681,2.681,590137,1.444632627,517884,1.144692634,,0.4934,1.387633364,40.9008,82.9013,18.2200,10.88809,,,,,,,,,,,,,,,,,,,,,,,,,,,,,,,,,,,,,,,,,,,,,,,,,,,,,,,,,,,,,,,,,,,,,,,,,,,,,,,,,,,,,
🇺🇸,zylenox,0,1,9:50.003,9:52.982,01 Oct 2022,1375,(X),7341342396448378050,06,Yes,https://www.speedrun.com/mc/run/zgqlvxey,9,52,982,592982,2979,2.979,590003,1.445032277,517884,1.145009307,,0.5028,1.390128954,41.6553,82.8415,17.9991,10.91303,,,,,,,,,,,,,,,,,,,,,,,,,,,,,,,,,,,,,,,,,,,,,,,,,,,,,,,,,,,,,,,,,,,,,,,,,,,,,,,,,,,,,
🇫🇮,AndrewCrow,0,0,9:51.477,9:53.013,04 Jul 2025,368,(U),unknown,,,https://www.youtube.com/watch?v=CjilClmnXOo,9,53,13,593013,1536,1.536,591477,1.44510782,410359,1.44510782,,0.8319,6.680695004,7.1096,8.5458,17.9576,10.91775,,,,,,,,,,,,,,,,,,,,,,,,,,,,,,,,,,,,,,,,,,,,,,,,,,,,,,,,,,,,,,,,,,,,,,,,,,,,,,,,,,,,,
🇨🇦,Mynski,0,0,9:50.933,9:53.151,01 Jul 2023,1101.333333,(U),unknown,??,Yes,https://www.youtube.com/watch?v=cXPQARw8DO8,9,53,151,593151,2218,2.218,590933,1.445444111,465828,1.273326206,,0.5766,2.813611967,29.2139,50.6688,17.7737,10.93879,,,,,,,,,,,,,,,,,,,,,,,,,,,,,,,,,,,,,,,,,,,,,,,,,,,,,,,,,,,,,,,,,,,,,,,,,,,,,,,,,,,,,
🇸🇪,v_strid,0,0,9:53.228,9:53.228,24 Feb 2024,864,(U),unknown,,,https://www.youtube.com/watch?v=M7vo-rJIJjU,9,53,228,593228,0,0,593228,1.445631752,421494,1.40744115,,0.6492,5.569929334,9.6747,14.9023,17.6718,10.95055,,,,,,,,,,,,,,,,,,,,,,,,,,,,,,,,,,,,,,,,,,,,,,,,,,,,,,,,,,,,,,,,,,,,,,,,,,,,,,,,,,,,,
🇨🇦,Aquacorde,0,0,9:52.194,9:53.340,22 Sep 2024,653,(U),-9213133469295055645,,,https://www.youtube.com/watch?v=WlkQTuuVfUg,9,53,340,593340,1146,1.146,592194,1.445904683,421494,1.407706871,,0.7214,5.577162395,10.7134,14.8499,17.5244,10.96766,,,,,,,,,,,,,,,,,,,,,,,,,,,,,,,,,,,,,,,,,,,,,,,,,,,,,,,,,,,,,,,,,,,,,,,,,,,,,,,,,,,,,
🇬🇧,priffie,0,0,9:56.852,9:58.362,12 May 2024,786,(U),unknown,,,https://www.youtube.com/watch?v=9gVNq-W0_m8,9,58,362,598362,1510,1.51,596852,1.458142748,421494,1.419621632,,0.6750,5.910028499,8.5109,12.6083,11.8496,11.76005,,,,,,,,,,,,,,,,,,,,,,,,,,,,,,,,,,,,,,,,,,,,,,,,,,,,,,,,,,,,,,,,,,,,,,,,,,,,,,,,,,,,,
🇫🇮,AndrewCrow,0,1,9:53.628,9:53.628,09 Mar 2022,1581,(V),-4620186726931781022,,,https://www.speedrun.com/mc/runs/yvq5e58m,9,53,628,593628,0,0,593628,1.446606508,548820,1.081644255,,0.4536,0.9660862418,42.0496,92.6982,17.1496,11.01179,,,,,,,,,,,,,,,,,,,,,,,,,,,,,,,,,,,,,,,,,,,,,,,,,,,,,,,,,,,,,,,,,,,,,,,,,,,,,,,,,,,,,
🇰🇷,temp_gd,0,1,9:49.097,9:53.643,28 Dec 2023,922,(V),6992561561030864143,12,Yes,https://www.speedrun.com/mc/run/ywnx46ny,9,53,643,593643,4546,4.546,589097,1.446643061,446254,1.330280513,,0.6307,3.786146646,21.4054,33.9416,17.1303,11.01409,,,,,,,,,,,,,,,,,,,,,,,,,,,,,,,,,,,,,,,,,,,,,,,,,,,,,,,,,,,,,,,,,,,,,,,,,,,,,,,,,,,,,
🇳🇴,skycrab1,0,0,9:52.003,9:53.778,08 Aug 2024,698,(U),-7456900742999053389,,,https://www.youtube.com/watch?v=nJT3-TIU4ak&list=PLU3_fvoJ1GyMStiA29z37DUPtG47PvOJz&index=49,9,53,778,593778,1775,1.775,592003,1.446972042,421494,1.408746032,,0.7054,5.605527608,10.3311,14.6458,16.9570,11.03483,,,,,,,,,,,,,,,,,,,,,,,,,,,,,,,,,,,,,,,,,,,,,,,,,,,,,,,,,,,,,,,,,,,,,,,,,,,,,,,,,,,,,
🇵🇱,DoWiii,0,1,9:49.255,9:53.787,01 Aug 2023,1071,(X),4890156782028618335,08,Yes,https://www.speedrun.com/mc/runs/m3qw49dy,9,53,787,593787,4532,4.532,589255,1.446993974,465828,1.274691517,,0.5854,2.834045096,29.4247,50.2663,16.9455,11.03622,,,,,,,,,,,,,,,,,,,,,,,,,,,,,,,,,,,,,,,,,,,,,,,,,,,,,,,,,,,,,,,,,,,,,,,,,,,,,,,,,,,,,
🇫🇮,AndrewCrow,0,0,9:51.947,9:53.877,28 May 2025,405,(U),unknown,,,https://www.youtube.com/watch?v=f7zANgiWh0A,9,53,877,593877,1930,1.93,591947,1.447213294,421494,1.408980911,,0.8167,5.611956339,11.9236,14.5999,16.8308,11.05007,,,,,,,,,,,,,,,,,,,,,,,,,,,,,,,,,,,,,,,,,,,,,,,,,,,,,,,,,,,,,,,,,,,,,,,,,,,,,,,,,,,,,
🇮🇹,Tiger,0,1,9:52.512,9:53.934,09 Jan 2024,910,(U),-3526546892064748908,09,Yes,https://www.youtube.com/watch?v=WxdVXejncoc,9,53,934,593934,1422,1.422,592512,1.447352196,421494,1.409116144,,0.6344,5.615660648,9.2462,14.5736,16.7585,11.05884,,,,,,,,,,,,,,,,,,,,,,,,,,,,,,,,,,,,,,,,,,,,,,,,,,,,,,,,,,,,,,,,,,,,,,,,,,,,,,,,,,,,,
🇺🇸,zylenox,0,0,9:52.464,9:53.967,08 Jun 2023,1125,(U),unknown,15,Yes,https://www.youtube.com/watch?v=tgOPJWqSS2A,9,53,967,593967,1503,1.503,592464,1.447432614,465828,1.275077926,,0.5698,2.839851945,28.5759,50.1524,16.7167,11.06393,,,,,,,,,,,,,,,,,,,,,,,,,,,,,,,,,,,,,,,,,,,,,,,,,,,,,,,,,,,,,,,,,,,,,,,,,,,,,,,,,,,,,
🇺🇸,Reignex,0,0,9:54.301,9:54.301,27 Oct 2023,984,(U),Unknown,12,Yes,https://www.youtube.com/watch?v=NT6B08BXV4c,9,54,301,594301,0,0,594301,1.448246535,465828,1.275794929,,0.6114,2.850654886,30.5339,49.9408,16.2987,11.11552,,,,,,,,,,,,,,,,,,,,,,,,,,,,,,,,,,,,,,,,,,,,,,,,,,,,,,,,,,,,,,,,,,,,,,,,,,,,,,,,,,,,,
🇸🇰,NoFear1337,0,0,9:54.420,9:54.420,03 Jul 2024,734,(U),unknown,,,https://www.youtube.com/watch?v=wLSjADbTw0g&list=PLaTJSsRuu2UeeWabBBfNVWALvnefBoL2C&index=11,9,54,420,594420,0,0,594420,1.448536525,421494,1.410269185,,0.6928,5.647331513,9.9416,14.3497,16.1518,11.13395,,,,,,,,,,,,,,,,,,,,,,,,,,,,,,,,,,,,,,,,,,,,,,,,,,,,,,,,,,,,,,,,,,,,,,,,,,,,,,,,,,,,,
🇺🇸,doogile,0,0,9:48.840,9:54.481,30 Nov 2023,950,(U),984680660246125124,,,https://www.youtube.com/watch?v=o4MQAI-5dNk,9,54,481,594481,5641,5.641,588840,1.448685176,465828,1.276181337,,0.6219,2.856491955,30.9865,49.8267,16.0769,11.14341,,,,,,,,,,,,,,,,,,,,,,,,,,,,,,,,,,,,,,,,,,,,,,,,,,,,,,,,,,,,,,,,,,,,,,,,,,,,,,,,,,,,,
🇿🇦,Airpodsz,0,0,9:54.544,9:54.544,25 Mar 2026,104,(U),-9029504240721945909,,,https://www.youtube.com/watch?v=YG0SUvGeG7Q&list=PLjW0OIc7zcEcCMM5essHmBGzf92S0FzKi&index=42,9,54,544,594544,0,0,594544,1.4488387,410359,1.4488387,,0.9493,6.800547177,7.6277,8.0348,15.9998,11.15318,,,,,,,,,,,,,,,,,,,,,,,,,,,,,,,,,,,,,,,,,,,,,,,,,,,,,,,,,,,,,,,,,,,,,,,,,,,,,,,,,,,,,
🇳🇴,skycrab1,0,0,9:53.575,9:54.586,23 May 2024,775,(U),891404935747886516,,,https://www.youtube.com/watch?v=Jej0PF9SsMc&list=PLU3_fvoJ1GyMStiA29z37DUPtG47PvOJz&index=22,9,54,586,594586,1011,1.011,593575,1.448941049,421494,1.410663022,,0.6788,5.658184785,9.6883,14.2737,15.9486,11.15970,,,,,,,,,,,,,,,,,,,,,,,,,,,,,,,,,,,,,,,,,,,,,,,,,,,,,,,,,,,,,,,,,,,,,,,,,,,,,,,,,,,,,
🇺🇸,Reignex,0,0,9:54.710,9:54.710,13 Aug 2023,1059,(U),Unknown,12,Yes,https://www.youtube.com/watch?v=NT6B08BXV4c,9,54,710,594710,0,0,594710,1.449243224,465828,1.276672935,,0.5889,2.863933347,29.2574,49.6815,15.7981,11.17898,,,,,,,,,,,,,,,,,,,,,,,,,,,,,,,,,,,,,,,,,,,,,,,,,,,,,,,,,,,,,,,,,,,,,,,,,,,,,,,,,,,,,
🇺🇸,doogile,0,0,9:53.274,9:54.737,30 Apr 2023,1164,(U),8647590348212055728,,,https://www.youtube.com/watch?v=LCDb8vZEG8M,9,54,737,594737,1463,1.463,593274,1.44930902,465828,1.276730896,,0.5588,2.86481185,27.7515,49.6644,15.7655,11.18318,,,,,,,,,,,,,,,,,,,,,,,,,,,,,,,,,,,,,,,,,,,,,,,,,,,,,,,,,,,,,,,,,,,,,,,,,,,,,,,,,,,,,
🇳🇴,skycrab1,0,1,9:48.928,9:54.790,17 Aug 2023,1055,(V),4841977551772325086,,,https://www.speedrun.com/mc/runs/zx3pxk8z,9,54,790,594790,5862,5.862,588928,1.449438175,465828,1.276844672,,0.5901,2.866537015,29.2861,49.6308,15.7016,11.19143,,,,,,,,,,,,,,,,,,,,,,,,,,,,,,,,,,,,,,,,,,,,,,,,,,,,,,,,,,,,,,,,,,,,,,,,,,,,,,,,,,,,,
🇫🇮,AndrewCrow,0,0,9:52.821,9:54.803,26 May 2025,407,(U),unknown,,,https://www.youtube.com/watch?v=26-ceURSKcg,9,54,803,594803,1982,1.982,592821,1.449469854,421494,1.411177858,,0.8159,5.672399941,11.5647,14.1747,15.6860,11.19345,,,,,,,,,,,,,,,,,,,,,,,,,,,,,,,,,,,,,,,,,,,,,,,,,,,,,,,,,,,,,,,,,,,,,,,,,,,,,,,,,,,,,
🇺🇸,Feinberg,0,0,9:54.890,9:54.890,03 Apr 2023,1191,(U),Unknown,15,Yes,https://www.youtube.com/watch?v=o4EgXKKjRmg,9,54,890,594890,0,0,594890,1.449681864,465828,1.277059344,,0.5513,2.869794556,27.3258,49.5674,15.5817,11.20701,,,,,,,,,,,,,,,,,,,,,,,,,,,,,,,,,,,,,,,,,,,,,,,,,,,,,,,,,,,,,,,,,,,,,,,,,,,,,,,,,,,,,
🇺🇸,Feinberg,0,0,9:50.556,9:55.093,28 May 2024,770,(U),330307922541256134,,,https://www.youtube.com/watch?v=9kp1QTbxTGM,9,55,93,595093,4537,4.537,590556,1.450176553,421494,1.411865887,,0.6805,5.691445794,9.5555,14.0430,15.3405,11.23870,,,,,,,,,,,,,,,,,,,,,,,,,,,,,,,,,,,,,,,,,,,,,,,,,,,,,,,,,,,,,,,,,,,,,,,,,,,,,,,,,,,,,
🇳🇴,skycrab1,0,0,9:51.595,9:55.093,04 Nov 2023,976,(U),unknown,,,https://www.youtube.com/watch?v=6XR2MBsNb6k&list=PLU3_fvoJ1GyMStiA29z37DUPtG47PvOJz&index=3,9,55,93,595093,3498,3.498,591595,1.450176553,465828,1.277495127,,0.6139,2.876417477,30.3480,49.4386,15.3405,11.23870,,,,,,,,,,,,,,,,,,,,,,,,,,,,,,,,,,,,,,,,,,,,,,,,,,,,,,,,,,,,,,,,,,,,,,,,,,,,,,,,,,,,,
🇵🇱,watermelon1708,0,0,9:55.102,9:55.102,09 Nov 2025,240,(U),unknown,,,https://www.youtube.com/watch?v=ZPS7AydV7hs,9,55,102,595102,0,0,595102,1.450198485,410359,1.450198485,,0.8869,6.844692175,6.9657,7.8538,15.3299,11.24010,,,,,,,,,,,,,,,,,,,,,,,,,,,,,,,,,,,,,,,,,,,,,,,,,,,,,,,,,,,,,,,,,,,,,,,,,,,,,,,,,,,,,
🇺🇸,AceRPx,0,1,9:54.223,9:55.141,30 Mar 2023,1195,(V),8614971074767213425,12,Yes,https://www.speedrun.com/mc/run/zqenvvrz,9,55,141,595141,918,0.918,594223,1.450293523,465828,1.277598169,,0.5502,2.877985471,27.1837,49.4082,15.2839,11.24620,,,,,,,,,,,,,,,,,,,,,,,,,,,,,,,,,,,,,,,,,,,,,,,,,,,,,,,,,,,,,,,,,,,,,,,,,,,,,,,,,,,,,
🇳🇴,skycrab1,0,0,9:55.288,9:55.288,11 Sep 2024,664,(U),-7383229006023208125,,,https://www.youtube.com/watch?v=hsEjtrLyOUM&list=PLU3_fvoJ1GyMStiA29z37DUPtG47PvOJz&index=68,9,55,288,595288,0,0,595288,1.450651746,421494,1.412328527,,0.7175,5.704283839,10.0124,13.9548,15.1116,11.26921,,,,,,,,,,,,,,,,,,,,,,,,,,,,,,,,,,,,,,,,,,,,,,,,,,,,,,,,,,,,,,,,,,,,,,,,,,,,,,,,,,,,,
🇬🇧,priffie,0,0,9:55.321,9:55.750,14 Nov 2023,966,(U),unknown,,,https://www.youtube.com/watch?v=d1kM15Jyaco,9,55,750,595750,429,0.429,595321,1.45177759,465828,1.278905519,,0.6169,2.897945395,30.2429,49.0217,14.5802,11.34180,,,,,,,,,,,,,,,,,,,,,,,,,,,,,,,,,,,,,,,,,,,,,,,,,,,,,,,,,,,,,,,,,,,,,,,,,,,,,,,,,,,,,
🇧🇷,sanjinhu,0,1,9:53.150,9:55.335,07 Jul 2023,1095.291667,(V),-7500588924072040295,04,Yes,https://www.speedrun.com/mc/run/y8600ndm,9,55,335,595335,2185,2.185,593150,1.45076628,465828,1.278014632,,0.5783,2.884330514,28.5020,49.2851,15.0569,11.27657,,,,,,,,,,,,,,,,,,,,,,,,,,,,,,,,,,,,,,,,,,,,,,,,,,,,,,,,,,,,,,,,,,,,,,,,,,,,,,,,,,,,,
🇸🇰,NoFear1337,0,0,9:55.440,9:55.440,02 Oct 2023,1009,(U),unknown,,,https://www.youtube.com/watch?v=wSvd77nUE5w,9,55,440,595440,0,0,595440,1.451022154,465828,1.278240037,,0.6038,2.887769866,29.7185,49.2184,14.9351,11.29305,,,,,,,,,,,,,,,,,,,,,,,,,,,,,,,,,,,,,,,,,,,,,,,,,,,,,,,,,,,,,,,,,,,,,,,,,,,,,,,,,,,,,
🇸🇰,NoFear1337,0,0,9:55.325,9:55.616,06 May 2024,792,(U),unknown,,,https://www.youtube.com/watch?v=SGv4ZI8oRZs&list=PLaTJSsRuu2UeeWabBBfNVWALvnefBoL2C&index=9,9,55,616,595616,291,0.291,595325,1.451451047,421494,1.413106711,,0.6730,5.725935082,9.2924,13.8073,14.7327,11.32070,,,,,,,,,,,,,,,,,,,,,,,,,,,,,,,,,,,,,,,,,,,,,,,,,,,,,,,,,,,,,,,,,,,,,,,,,,,,,,,,,,,,,
🇹🇿,Kxpow,0,0,9:54.397,9:55.748,04 Dec 2023,946,(U),5607338791284436984,09,Yes,https://www.youtube.com/watch?v=A7-MF6MUslQ,9,55,748,595748,1351,1.351,594397,1.451772716,465828,1.278901225,,0.6231,2.897879645,30.5477,49.0229,14.5824,11.34148,,,,,,,,,,,,,,,,,,,,,,,,,,,,,,,,,,,,,,,,,,,,,,,,,,,,,,,,,,,,,,,,,,,,,,,,,,,,,,,,,,,,,
🇭🇷,CroProYT,0,0,9:55.868,9:55.868,14 Oct 2023,997,(U),unknown,09,Yes,https://www.youtube.com/watch?v=Q7ZSubOMa5Y,9,55,868,595868,0,0,595868,1.452065143,465828,1.279158831,,0.6074,2.901827018,29.7323,48.9467,14.4468,11.36040,,,,,,,,,,,,,,,,,,,,,,,,,,,,,,,,,,,,,,,,,,,,,,,,,,,,,,,,,,,,,,,,,,,,,,,,,,,,,,,,,,,,,
🇸🇪,PAPLERR,0,0,9:55.994,9:55.994,12 Sep 2024,663,(U),unknown,,,https://www.youtube.com/watch?v=7P9wkB9Q8CM,9,55,994,595994,0,0,595994,1.452372191,421494,1.414003521,,0.7178,5.750975706,9.7903,13.6384,14.3055,11.38030,,,,,,,,,,,,,,,,,,,,,,,,,,,,,,,,,,,,,,,,,,,,,,,,,,,,,,,,,,,,,,,,,,,,,,,,,,,,,,,,,,,,,
🇺🇸,doogile,0,0,9:54.943,9:55.997,03 Mar 2024,856,(U),-6539725761091483883,,,https://www.youtube.com/watch?v=xPmNTEmWuPM,9,55,997,595997,1054,1.054,594943,1.452379502,421494,1.414010638,,0.6518,5.751174822,8.8888,13.6370,14.3022,11.38077,,,,,,,,,,,,,,,,,,,,,,,,,,,,,,,,,,,,,,,,,,,,,,,,,,,,,,,,,,,,,,,,,,,,,,,,,,,,,,,,,,,,,
🇵🇱,Comprex,0,1,9:55.317,9:56.068,24 Feb 2023,1229,(V),237696946987480485,09,Yes,https://www.speedrun.com/mc/run/z5e85lez,9,56,68,596068,751,0.751,595317,1.452552521,465828,1.279588174,,0.5409,2.908416581,26.4071,48.8197,14.2231,11.39200,,,,,,,,,,,,,,,,,,,,,,,,,,,,,,,,,,,,,,,,,,,,,,,,,,,,,,,,,,,,,,,,,,,,,,,,,,,,,,,,,,,,,
🇸🇰,NoFear1337,0,0,9:55.940,9:56.174,17 Jun 2025,385,(U),unknown,,,https://www.youtube.com/watch?v=Ueljb7uj3fA,9,56,174,596174,234,0.234,595940,1.452810831,410359,1.452810831,,0.8249,6.930201057,6.1981,7.5138,14.1056,11.40878,,,,,,,,,,,,,,,,,,,,,,,,,,,,,,,,,,,,,,,,,,,,,,,,,,,,,,,,,,,,,,,,,,,,,,,,,,,,,,,,,,,,,
🇸🇰,NoFear1337,0,0,9:56.184,9:56.184,10 Dec 2023,940,(U),unknown,,,https://www.youtube.com/watch?v=qT6Bdh7x3RY,9,56,184,596184,0,0,596184,1.4528352,446254,1.335974579,,0.6250,3.898021042,20.2077,32.3323,14.0946,11.41036,,,,,,,,,,,,,,,,,,,,,,,,,,,,,,,,,,,,,,,,,,,,,,,,,,,,,,,,,,,,,,,,,,,,,,,,,,,,,,,,,,,,,
🇵🇱,watermelon1708,0,0,9:55.885,9:56.256,03 Oct 2025,277,(U),unknown,,,https://www.youtube.com/watch?v=LJp8oxqNGWs,9,56,256,596256,371,0.371,595885,1.453010657,410359,1.453010657,,0.8707,6.936779931,6.5197,7.4882,14.0153,11.42177,,,,,,,,,,,,,,,,,,,,,,,,,,,,,,,,,,,,,,,,,,,,,,,,,,,,,,,,,,,,,,,,,,,,,,,,,,,,,,,,,,,,,
🇮🇱,Megafox,0,1,9:56.371,9:56.371,17 Jul 2023,1086,(U),720747584717436667,06,Yes,https://www.youtube.com/watch?v=PvIWuH2TISQ,9,56,371,596371,0,0,596371,1.453290899,465828,1.280238629,,0.5810,2.918425075,28.2525,48.6272,13.8894,11.44002,,,,,,,,,,,,,,,,,,,,,,,,,,,,,,,,,,,,,,,,,,,,,,,,,,,,,,,,,,,,,,,,,,,,,,,,,,,,,,,,,,,,,
🇺🇸,doogile,0,0,9:54.068,9:56.523,23 Feb 2023,1230,(U),6408064456688013983,,,https://www.youtube.com/watch?v=GdCYkElNK1M,9,56,523,596523,2455,2.455,594068,1.453661306,465828,1.28056493,,0.5406,2.923457342,26.2376,48.5306,13.7244,11.46418,,,,,,,,,,,,,,,,,,,,,,,,,,,,,,,,,,,,,,,,,,,,,,,,,,,,,,,,,,,,,,,,,,,,,,,,,,,,,,,,,,,,,
🇳🇴,skycrab1,0,0,9:56.544,9:56.544,17 Jan 2025,536,(U),4734961951437511625,,,https://www.youtube.com/watch?v=b02Hcjv7jIE&list=PLU3_fvoJ1GyMStiA29z37DUPtG47PvOJz&index=109,9,56,544,596544,0,0,596544,1.453712481,421494,1.415308403,,0.7649,5.787581076,10.2458,13.3948,13.7017,11.46752,,,,,,,,,,,,,,,,,,,,,,,,,,,,,,,,,,,,,,,,,,,,,,,,,,,,,,,,,,,,,,,,,,,,,,,,,,,,,,,,,,,,,
🇺🇸,TalkingMime,0,1,9:51.349,9:56.594,14 Aug 2022,1423,(V),1393345256630748585,09,Yes,https://www.speedrun.com/mc/run/mrrkdx4m,9,56,594,596594,5245,5.245,591349,1.453834326,517884,1.151983842,,0.4909,1.446153912,40.0072,81.4965,13.6478,11.47548,,,,,,,,,,,,,,,,,,,,,,,,,,,,,,,,,,,,,,,,,,,,,,,,,,,,,,,,,,,,,,,,,,,,,,,,,,,,,,,,,,,,,
Lysotroph,Lysotroph,0,1,9:55.526,9:56.616,22 Jan 2023,1261.125,(V),9105264807391681609,05,Yes,https://www.speedrun.com/mc/run/ydge7p0y,9,56,616,596616,1090,1.09,595526,1.453887937,495537,1.203978714,,0.5323,1.933587611,37.1763,69.8420,13.6242,11.47898,,,,,,,,,,,,,,,,,,,,,,,,,,,,,,,,,,,,,,,,,,,,,,,,,,,,,,,,,,,,,,,,,,,,,,,,,,,,,,,,,,,,,
🇳🇴,skycrab1,0,0,9:56.649,9:56.649,08 Dec 2025,211,(U),unknown,,,https://www.youtube.com/watch?v=P0qk2AGV3VY&list=PLU3_fvoJ1GyMStiA29z37DUPtG47PvOJz&index=152,9,56,649,596649,0,0,596649,1.453968355,410359,1.453968355,,0.8999,6.968385839,6.6288,7.3664,13.5888,11.48424,,,,,,,,,,,,,,,,,,,,,,,,,,,,,,,,,,,,,,,,,,,,,,,,,,,,,,,,,,,,,,,,,,,,,,,,,,,,,,,,,,,,,
🇫🇷,emia,0,1,9:52.573,9:56.696,13 Mar 2023,1212,(V),-4604899140506065416,??,Yes,https://www.speedrun.com/mc/run/y4gjx4qy,9,56,696,596696,4123,4.123,592573,1.454082888,465828,1.280936311,,0.5455,2.929194226,26.4149,48.4207,13.5385,11.49173,,,,,,,,,,,,,,,,,,,,,,,,,,,,,,,,,,,,,,,,,,,,,,,,,,,,,,,,,,,,,,,,,,,,,,,,,,,,,,,,,,,,,
🇦🇺,mikky_,0,0,9:56.602,9:56.755,29 Sep 2025,281,(U),unknown,,,https://www.youtube.com/watch?v=GX4eRGMvr_g,9,56,755,596755,153,0.153,596602,1.454226665,410359,1.454226665,,0.8689,6.976932001,6.3725,7.3338,13.4755,11.50113,,,,,,,,,,,,,,,,,,,,,,,,,,,,,,,,,,,,,,,,,,,,,,,,,,,,,,,,,,,,,,,,,,,,,,,,,,,,,,,,,,,,,
🇫🇮,Cube1337x,0,0,9:53.648,9:56.811,11 Aug 2022,1426,(U),3321772121899891075,12,Yes,https://www.youtube.com/watch?v=yMueH_YNJGs,9,56,811,596811,3163,3.163,593648,1.454363131,517884,1.152402855,,0.4902,1.449585123,39.9068,81.4140,13.4160,11.51007,,,,,,,,,,,,,,,,,,,,,,,,,,,,,,,,,,,,,,,,,,,,,,,,,,,,,,,,,,,,,,,,,,,,,,,,,,,,,,,,,,,,,
🇺🇸,oxidiot,0,0,9:55.037,9:56.868,09 Oct 2023,1002,(U),-6457179111567451217,06,Yes,https://www.twitch.tv/videos/1947223035,9,56,868,596868,1831,1.831,595037,1.454502034,465828,1.281305546,,0.6059,2.93490785,29.2730,48.3114,13.3557,11.51917,,,,,,,,,,,,,,,,,,,,,,,,,,,,,,,,,,,,,,,,,,,,,,,,,,,,,,,,,,,,,,,,,,,,,,,,,,,,,,,,,,,,,
🇫🇮,AndrewCrow,0,0,9:55.082,9:56.893,07 Oct 2025,273,(U),unknown,,,https://www.youtube.com/watch?v=X6H87b0GOCI,9,56,893,596893,1811,1.811,595082,1.454562956,410359,1.454562956,,0.8724,6.988071794,6.3611,7.2914,13.3293,11.52317,,,,,,,,,,,,,,,,,,,,,,,,,,,,,,,,,,,,,,,,,,,,,,,,,,,,,,,,,,,,,,,,,,,,,,,,,,,,,,,,,,,,,
🇳🇴,skycrab1,0,0,9:56.902,9:56.902,04 Oct 2024,641,(U),-633820598283488717,,,https://www.youtube.com/watch?v=PI6D8MfZuDk&list=PLU3_fvoJ1GyMStiA29z37DUPtG47PvOJz&index=75,9,56,902,596902,0,0,596902,1.454584888,421494,1.416157763,,0.7258,5.811516887,9.6077,13.2377,13.3198,11.52461,,,,,,,,,,,,,,,,,,,,,,,,,,,,,,,,,,,,,,,,,,,,,,,,,,,,,,,,,,,,,,,,,,,,,,,,,,,,,,,,,,,,,
🇧🇷,misfitmcsr,0,1,9:55.677,9:56.907,16 Dec 2023,934,(U),3052884545493129632,06,Yes,https://www.youtube.com/watch?v=OZaMvNf50tY,9,56,907,596907,1230,1.23,595677,1.454597072,446254,1.337594733,,0.6269,3.930379941,19.9839,31.8784,13.3145,11.52541,,,,,,,,,,,,,,,,,,,,,,,,,,,,,,,,,,,,,,,,,,,,,,,,,,,,,,,,,,,,,,,,,,,,,,,,,,,,,,,,,,,,,
🇨🇦,Aquacorde,0,0,9:56.926,9:56.926,27 Mar 2025,467,(U),5157843297046225006,,,https://www.youtube.com/watch?v=hGn2BSJHRhA,9,56,926,596926,0,0,596926,1.454643373,421494,1.416214703,,0.7918,5.813124606,10.4727,13.2272,13.2945,11.52844,,,,,,,,,,,,,,,,,,,,,,,,,,,,,,,,,,,,,,,,,,,,,,,,,,,,,,,,,,,,,,,,,,,,,,,,,,,,,,,,,,,,,
🇹🇿,Kxpow,0,0,9:55.380,9:56.965,01 May 2024,797,(U),unknown,,,https://www.youtube.com/watch?v=nCuW5wIlqNg,9,56,965,596965,1585,1.585,595380,1.454738412,421494,1.416307231,,0.6713,5.815737976,8.8683,13.2101,13.2534,11.53468,,,,,,,,,,,,,,,,,,,,,,,,,,,,,,,,,,,,,,,,,,,,,,,,,,,,,,,,,,,,,,,,,,,,,,,,,,,,,,,,,,,,,
🇨🇦,NoHacsJustRoblox,0,0,9:57.026,9:57.026,17 Apr 2024,811,(U),-3757955350309369688,,,https://www.youtube.com/watch?v=P8t-qbFZ-BY,9,57,26,597026,0,0,597026,1.454887062,421494,1.416451954,,0.6666,5.819827611,8.7887,13.1835,13.1895,11.54444,,,,,,,,,,,,,,,,,,,,,,,,,,,,,,,,,,,,,,,,,,,,,,,,,,,,,,,,,,,,,,,,,,,,,,,,,,,,,,,,,,,,,
🇿🇦,Airpodsz,0,0,9:56.613,9:57.034,28 Apr 2025,435,(U),-8896362419824518776,,,https://www.youtube.com/watch?v=cr-Z9x-EDyQ&list=PLjW0OIc7zcEcCMM5essHmBGzf92S0FzKi&index=3,9,57,34,597034,421,0.421,596613,1.454906557,421494,1.416470934,,0.8045,5.820364142,10.6037,13.1800,13.1811,11.54572,,,,,,,,,,,,,,,,,,,,,,,,,,,,,,,,,,,,,,,,,,,,,,,,,,,,,,,,,,,,,,,,,,,,,,,,,,,,,,,,,,,,,
🇮🇹,drip120,0,1,9:55.892,9:57.317,03 Jul 2023,1100,(V),2452531967130653073,,Yes,https://www.speedrun.com/mc/runs/z1lg9prm,9,57,317,597317,1425,1.425,595892,1.455596197,465828,1.282269421,,0.5769,2.949869699,27.7085,48.0259,12.8877,11.59110,,,,,,,,,,,,,,,,,,,,,,,,,,,,,,,,,,,,,,,,,,,,,,,,,,,,,,,,,,,,,,,,,,,,,,,,,,,,,,,,,,,,,
🇳🇴,skycrab1,0,1,9:51.461,9:57.147,11 May 2023,1153,(U),2605522184157601882,,,https://www.youtube.com/watch?v=jYU7tFrq3Kw,9,57,147,597147,5686,5.686,591461,1.455181926,465828,1.28190448,,0.5619,2.944196915,27.0446,48.1340,13.0633,11.56382,,,,,,,,,,,,,,,,,,,,,,,,,,,,,,,,,,,,,,,,,,,,,,,,,,,,,,,,,,,,,,,,,,,,,,,,,,,,,,,,,,,,,
🇰🇷,dwoh,0,1,9:55.109,9:57.474,13 Apr 2023,1180.583333,(V),6418322400071711774,06,Yes,https://www.speedrun.com/mc/run/zxn1np8m,9,57,474,597474,2365,2.365,595109,1.455978789,465828,1.282606456,,0.5542,2.955117294,26.5589,47.9260,12.7273,11.61634,,,,,,,,,,,,,,,,,,,,,,,,,,,,,,,,,,,,,,,,,,,,,,,,,,,,,,,,,,,,,,,,,,,,,,,,,,,,,,,,,,,,,
🇺🇸,doogile,0,0,9:56.917,9:57.529,17 Oct 2023,994,(U),-5689854122444057127,,,https://www.youtube.com/watch?v=2BCjNspgecU,9,57,529,597529,612,0.612,596917,1.456112818,465828,1.282724525,,0.6084,2.956957581,29.1346,47.8910,12.6714,11.62520,,,,,,,,,,,,,,,,,,,,,,,,,,,,,,,,,,,,,,,,,,,,,,,,,,,,,,,,,,,,,,,,,,,,,,,,,,,,,,,,,,,,,
🇳🇴,skycrab1,0,0,9:56.188,9:57.562,02 Jun 2024,765,(U),3940068487217196837,,,https://www.youtube.com/watch?v=iAdpF0Sqc88&list=PLU3_fvoJ1GyMStiA29z37DUPtG47PvOJz&index=26,9,57,562,597562,1374,1.374,596188,1.456193236,421494,1.417723621,,0.6822,5.855870733,8.8345,12.9509,12.6380,11.63052,,,,,,,,,,,,,,,,,,,,,,,,,,,,,,,,,,,,,,,,,,,,,,,,,,,,,,,,,,,,,,,,,,,,,,,,,,,,,,,,,,,,,
🇳🇴,skycrab1,0,0,9:56.329,9:57.615,29 Aug 2024,677,(U),-4480279023059321104,,,https://www.youtube.com/watch?v=c_knIEDIN0Q&list=PLU3_fvoJ1GyMStiA29z37DUPtG47PvOJz&index=60,9,57,615,597615,1286,1.286,596329,1.456322391,421494,1.417849364,,0.7128,5.859445251,9.2156,12.9280,12.5845,11.63906,,,,,,,,,,,,,,,,,,,,,,,,,,,,,,,,,,,,,,,,,,,,,,,,,,,,,,,,,,,,,,,,,,,,,,,,,,,,,,,,,,,,,
🇨🇦,wethr,0,1,9:57.367,9:57.696,21 Jun 2024,746,(V),-6145288381644357549,,,https://www.speedrun.com/mc/runs/m7nk21wz,9,57,696,597696,329,0.329,597367,1.456519779,421494,1.418041538,,0.6887,5.86491187,8.8790,12.8931,12.5031,11.65212,,,,,,,,,,,,,,,,,,,,,,,,,,,,,,,,,,,,,,,,,,,,,,,,,,,,,,,,,,,,,,,,,,,,,,,,,,,,,,,,,,,,,
🇹🇿,Kxpow,0,0,9:57.510,9:57.747,16 Mar 2025,478,(U),2785234047287094459,,,https://www.youtube.com/watch?v=dlgVvN9lQsA,9,57,747,597747,237,0.237,597510,1.45664406,421494,1.418162536,,0.7874,5.868356097,10.1349,12.8712,12.4520,11.66036,,,,,,,,,,,,,,,,,,,,,,,,,,,,,,,,,,,,,,,,,,,,,,,,,,,,,,,,,,,,,,,,,,,,,,,,,,,,,,,,,,,,,
🇫🇷,M4xx,0,1,9:55.651,9:57.799,04 Jan 2024,915,(U),-4379387358301058454,,,https://www.youtube.com/watch?v=fMMKu6iewvw,9,57,799,597799,2148,2.148,595651,1.456770779,421494,1.418285907,,0.6329,5.871869673,8.1315,12.8488,12.4002,11.66876,,,,,,,,,,,,,,,,,,,,,,,,,,,,,,,,,,,,,,,,,,,,,,,,,,,,,,,,,,,,,,,,,,,,,,,,,,,,,,,,,,,,,
🇳🇴,skycrab1,0,0,9:56.538,9:57.820,14 Aug 2024,692,(U),479487356210199051,,,https://www.youtube.com/watch?v=1M8TGn4UPXE&list=PLU3_fvoJ1GyMStiA29z37DUPtG47PvOJz&index=54,9,57,820,597820,1282,1.282,596538,1.456821953,421494,1.41833573,,0.7075,5.873289137,9.0843,12.8398,12.3793,11.67215,,,,,,,,,,,,,,,,,,,,,,,,,,,,,,,,,,,,,,,,,,,,,,,,,,,,,,,,,,,,,,,,,,,,,,,,,,,,,,,,,,,,,
🇸🇪,Crookst,0,0,9:57.002,9:57.919,08 Mar 2022,1582,(U),unknown,06,Yes,https://www.youtube.com/watch?v=vyr9SKotEcg,9,57,919,597919,917,0.917,597002,1.457063206,548820,1.089462848,,0.4534,1.010871214,41.5773,91.7029,12.2811,11.68816,,,,,,,,,,,,,,,,,,,,,,,,,,,,,,,,,,,,,,,,,,,,,,,,,,,,,,,,,,,,,,,,,,,,,,,,,,,,,,,,,,,,,
🇸🇰,NoFear1337,0,0,9:54.437,9:57.999,09 Oct 2025,271,(U),unknown,,,https://www.youtube.com/watch?v=ksuzNN1cGZo,9,57,999,597999,3562,3.562,594437,1.457258157,410359,1.457258157,,0.8733,7.077911689,6.0765,6.9583,12.2023,11.70112,,,,,,,,,,,,,,,,,,,,,,,,,,,,,,,,,,,,,,,,,,,,,,,,,,,,,,,,,,,,,,,,,,,,,,,,,,,,,,,,,,,,,
🇳🇴,skycrab1,0,0,9:57.276,9:58.045,20 Jun 2024,747,(U),1800265226031074073,,,https://www.youtube.com/watch?v=wnyuQs9XN68&list=PLU3_fvoJ1GyMStiA29z37DUPtG47PvOJz&index=35,9,58,45,598045,769,0.769,597276,1.457370254,421494,1.418869545,,0.6883,5.88851647,8.7715,12.7434,12.1571,11.70857,,,,,,,,,,,,,,,,,,,,,,,,,,,,,,,,,,,,,,,,,,,,,,,,,,,,,,,,,,,,,,,,,,,,,,,,,,,,,,,,,,,,,
🇨🇦,sockmonkey747,0,0,9:57.801,9:58.333,25 Nov 2023,955,(U),-8427285629800657032,??,Yes,https://www.youtube.com/watch?v=3F5CGvGt_LI,9,58,333,598333,532,0.532,597801,1.458072078,465828,1.284450484,,0.6203,2.98397553,29.3910,47.3795,11.8775,11.75533,,,,,,,,,,,,,,,,,,,,,,,,,,,,,,,,,,,,,,,,,,,,,,,,,,,,,,,,,,,,,,,,,,,,,,,,,,,,,,,,,,,,,
🇺🇸,meebie,0,0,9:57.945,9:58.412,03 Dec 2023,947,(U),unknown,,,https://www.youtube.com/watch?v=nh-UhStAL0s&list=PLaTJSsRuu2Ufk7cX7bUTt9V-IJxa8wqSM&index=7,9,58,412,598412,467,0.467,597945,1.458264593,465828,1.284620074,,0.6228,2.986642055,29.4775,47.3292,11.8017,11.76819,,,,,,,,,,,,,,,,,,,,,,,,,,,,,,,,,,,,,,,,,,,,,,,,,,,,,,,,,,,,,,,,,,,,,,,,,,,,,,,,,,,,,
🇫🇮,Cube1337x,0,0,9:55.068,9:58.451,27 Jul 2022,1441,(U),1636443196252554241,09,Yes,https://www.youtube.com/watch?v=_NFvINz4TsM,9,58,451,598451,3383,3.383,595068,1.458359631,548820,1.0904322,,0.4865,1.01655953,44.5522,91.5754,11.7644,11.77454,,,,,,,,,,,,,,,,,,,,,,,,,,,,,,,,,,,,,,,,,,,,,,,,,,,,,,,,,,,,,,,,,,,,,,,,,,,,,,,,,,,,,
🇬🇧,ripfc,0,1,9:55.558,9:58.660,04 Nov 2022,1341,(X),-2253327910789881780,09,Yes,https://www.speedrun.com/mc/run/m3x8v5qm,9,58,660,598660,3102,3.102,595558,1.458868942,517884,1.155973152,,0.5115,1.479126926,41.2760,80.7035,11.5663,11.80863,,,,,,,,,,,,,,,,,,,,,,,,,,,,,,,,,,,,,,,,,,,,,,,,,,,,,,,,,,,,,,,,,,,,,,,,,,,,,,,,,,,,,
🇺🇸,doogile,0,0,9:56.283,9:58.776,24 Oct 2023,987,(U),-7334551745838915059,,,https://www.youtube.com/watch?v=m6JOuubXYqM,9,58,776,598776,2493,2.493,596283,1.459151621,465828,1.285401479,,0.6105,2.998955645,28.7523,47.0975,11.4575,11.82758,,,,,,,,,,,,,,,,,,,,,,,,,,,,,,,,,,,,,,,,,,,,,,,,,,,,,,,,,,,,,,,,,,,,,,,,,,,,,,,,,,,,,
🇺🇸,21MashedPotatoes,0,1,9:56.111,9:58.823,03 Sep 2023,1038,(V),-1035469571452416469,06,Yes,https://www.speedrun.com/mc/runs/y865kpwm,9,58,823,598823,2712,2.712,596111,1.459266155,465828,1.285502374,,0.5951,3.000548863,28.0106,47.0675,11.4136,11.83527,,,,,,,,,,,,,,,,,,,,,,,,,,,,,,,,,,,,,,,,,,,,,,,,,,,,,,,,,,,,,,,,,,,,,,,,,,,,,,,,,,,,,
🇸🇪,PAPLERR,0,0,9:58.891,9:58.891,21 Sep 2024,654,(U),unknown,,,https://www.youtube.com/watch?v=QBvBLUt-A7E,9,58,891,598891,0,0,598891,1.459431863,421494,1.420876691,,0.7211,5.946079721,8.9304,12.3848,11.3504,11.84640,,,,,,,,,,,,,,,,,,,,,,,,,,,,,,,,,,,,,,,,,,,,,,,,,,,,,,,,,,,,,,,,,,,,,,,,,,,,,,,,,,,,,
🇫🇮,Cube1337x,0,0,9:53.821,9:58.933,04 Aug 2022,1433,(U),1141273619118518696,09,Yes,https://www.youtube.com/watch?v=Et8CHmD6UpY,9,58,933,598933,5112,5.112,593821,1.459534213,517884,1.156500297,,0.4885,1.483535304,39.3685,80.5974,11.3115,11.85328,,,,,,,,,,,,,,,,,,,,,,,,,,,,,,,,,,,,,,,,,,,,,,,,,,,,,,,,,,,,,,,,,,,,,,,,,,,,,,,,,,,,,
🇳🇴,skycrab1,0,0,9:58.937,9:58.937,22 Jul 2025,350,(U),unknown,,,https://www.youtube.com/watch?v=GyLMFvz9RwQ&list=PLU3_fvoJ1GyMStiA29z37DUPtG47PvOJz&index=136,9,58,937,598937,0,0,598937,1.45954396,410359,1.45954396,,0.8395,7.154890302,5.6110,6.6841,11.3078,11.85394,,,,,,,,,,,,,,,,,,,,,,,,,,,,,,,,,,,,,,,,,,,,,,,,,,,,,,,,,,,,,,,,,,,,,,,,,,,,,,,,,,,,,
🇨🇦,Mynski,0,0,9:59.220,9:59.220,06 Nov 2023,974,(V),7446447594827026325,??,No,https://youtu.be/mlR8Lt7uwx0?si=KURJjIfR69oRZ5Gs,9,59,220,599220,0,0,599220,1.4602336,465828,1.28635462,,0.6145,3.014036446,28.7661,46.8148,11.0487,11.90039,,,,,,,,,,,,,,,,,,,,,,,,,,,,,,,,,,,,,,,,,,,,,,,,,,,,,,,,,,,,,,,,,,,,,,,,,,,,,,,,,,,,,
🇧🇾,MiGor,0,1,9:58.953,9:59.304,09 Mar 2023,1216,(V),-9045855264029833300,,,https://www.speedrun.com/mc/runs/ywvx7j9z,9,59,304,599304,351,0.351,598953,1.460438299,465828,1.286534944,,0.5444,3.016897122,25.4586,46.7613,10.9727,11.91421,,,,,,,,,,,,,,,,,,,,,,,,,,,,,,,,,,,,,,,,,,,,,,,,,,,,,,,,,,,,,,,,,,,,,,,,,,,,,,,,,,,,,
🇨🇦,dandannyboy,0,0,9:55.330,9:59.330,25 Mar 2023,1200,(U),5058479966883990032,09,Yes,https://www.youtube.com/watch?v=hGloyYoEpBY,9,59,330,599330,4000,4,595330,1.460501658,465828,1.286590759,,0.5488,3.017783057,25.6540,46.7447,10.9492,11.91849,,,,,,,,,,,,,,,,,,,,,,,,,,,,,,,,,,,,,,,,,,,,,,,,,,,,,,,,,,,,,,,,,,,,,,,,,,,,,,,,,,,,,
🇳🇴,skycrab1,0,0,9:59.434,9:59.434,03 Feb 2025,519,(U),1510017576030083045,,,https://www.youtube.com/watch?v=2hEq9CQ2tCI&list=PLU3_fvoJ1GyMStiA29z37DUPtG47PvOJz&index=113,9,59,434,599434,0,0,599434,1.460755095,421494,1.422164966,,0.7714,5.983284291,9.3790,12.1579,10.8559,11.93563,,,,,,,,,,,,,,,,,,,,,,,,,,,,,,,,,,,,,,,,,,,,,,,,,,,,,,,,,,,,,,,,,,,,,,,,,,,,,,,,,,,,,
🇵🇱,okshey,0,0,9:58.895,9:59.567,11 Oct 2025,269,(U),unknown,,,https://www.youtube.com/watch?v=8dxPz9_7hnI,9,59,567,599567,672,0.672,598895,1.461079201,410359,1.461079201,,0.8742,7.206999982,5.6857,6.5042,10.7374,11.95758,,,,,,,,,,,,,,,,,,,,,,,,,,,,,,,,,,,,,,,,,,,,,,,,,,,,,,,,,,,,,,,,,,,,,,,,,,,,,,,,,,,,,
🇺🇸,Dav1E,0,1,9:56.187,9:59.801,04 Mar 2023,1221,(V),-4842662315057252519,,,https://www.speedrun.com/mc/runs/ydglnxxy,9,59,801,599801,3614,3.614,596187,1.461649434,465828,1.287601862,,0.5431,3.033872091,25.2232,46.4448,10.5316,11.99627,,,,,,,,,,,,,,,,,,,,,,,,,,,,,,,,,,,,,,,,,,,,,,,,,,,,,,,,,,,,,,,,,,,,,,,,,,,,,,,,,,,,,
🇬🇧,biased,0,1,9:59.077,9:59.852,20 Aug 2023,1051.520833,(V),-3140469198043345700,12,Yes,https://www.speedrun.com/mc/runs/z1l4jgjm,9,59,852,599852,775,0.775,599077,1.461773715,465828,1.287711344,,0.5911,3.035618769,27.4346,46.4123,10.4872,12.00472,,,,,,,,,,,,,,,,,,,,,,,,,,,,,,,,,,,,,,,,,,,,,,,,,,,,,,,,,,,,,,,,,,,,,,,,,,,,,,,,,,,,,
🇹🇿,Kxpow,0,0,9:57.406,9:59.883,13 Nov 2023,967,(U),2010962759059367227,,,https://www.youtube.com/watch?v=Um24X3kHXaQ,9,59,883,599883,2477,2.477,597406,1.461849259,465828,1.287777892,,0.6166,3.036680911,28.6066,46.3925,10.4603,12.00986,,,,,,,,,,,,,,,,,,,,,,,,,,,,,,,,,,,,,,,,,,,,,,,,,,,,,,,,,,,,,,,,,,,,,,,,,,,,,,,,,,,,,
🇧🇷,sanjinhu,0,1,9:55.617,9:59.887,16 Jun 2023,1117,(V),216474505679534839,04,Yes,https://www.speedrun.com/mc/run/mel4ee8z,9,59,887,599887,4270,4.27,595617,1.461859006,465828,1.287786479,,0.5721,3.036817986,26.5382,46.3900,10.4568,12.01052,,,,,,,,,,,,,,,,,,,,,,,,,,,,,,,,,,,,,,,,,,,,,,,,,,,,,,,,,,,,,,,,,,,,,,,,,,,,,,,,,,,,,
🇸🇰,NoFear1337,0,0,9:59.977,9:59.977,26 Jul 2023,1077,(U),unknown,,,https://www.youtube.com/watch?v=jIXSA_OzqEo,9,59,977,599977,0,0,599977,1.462078327,465828,1.287979683,,0.5836,3.039903614,27.0408,46.3327,10.3790,12.02545,,,,,,,,,,,,,,,,,,,,,,,,,,,,,,,,,,,,,,,,,,,,,,,,,,,,,,,,,,,,,,,,,,,,,,,,,,,,,,,,,,,,,
,test,0,1,9:59.977,9:59.977,01 Jan 2021,2013,,,,,,,,,,,,599977,,,,,,,,,,,,,,,,,,,,,,,,,,,,,,,,,,,,,,,,,,,,,,,,,,,,,,,,,,,,,,,,,,,,,,,,,,,,,,,,,,,,,,,,,,,,,,,
,test,0,1,9:59.977,9:59.977,30 Dec 1899,46210,,,,,,,,,,,,599977,,,,,,,,,,,,,,,,,,,,,,,,,,,,,,,,,,,,,,,,,,,,,,,,,,,,,,,,,,,,,,,,,,,,,,,,,,,,,,,,,,,,,,,,,,,,,,,
,,0,0,,,30 Dec 1899,,,,,,,,,,,,,#VALUE!,,,,,,,,,,,,,,,,,,,,,,,,,,,,,,,,,,,,,,,,,,,,,,,,,,,,,,,,,,,,,,,,,,,,,,,,,,,,,,,,,,,,,,,,,,,,,,,
,,0,0,,,30 Dec 1899,,,,,,,,,,,,,#VALUE!,,,,,,,,,,,,,,,,,,,,,,,,,,,,,,,,,,,,,,,,,,,,,,,,,,,,,,,,,,,,,,,,,,,,,,,,,,,,,,,,,,,,,,,,,,,,,,,
,,0,0,,,30 Dec 1899,,,,,,,,,,,,,#VALUE!,,,,,,,,,,,,,,,,,,,,,,,,,,,,,,,,,,,,,,,,,,,,,,,,,,,,,,,,,,,,,,,,,,,,,,,,,,,,,,,,,,,,,,,,,,,,,,,
,,0,0,,,30 Dec 1899,,,,,,,,,,,,,#VALUE!,,,,,,,,,,,,,,,,,,,,,,,,,,,,,,,,,,,,,,,,,,,,,,,,,,,,,,,,,,,,,,,,,,,,,,,,,,,,,,,,,,,,,,,,,,,,,,,