flag,runner_name,is_wr,is_pb,in_game_time,re_timed_time,date,days_since,src_status,seed,instances(depracated),calc(depracated),link,minutes,seconds,milliseconds,total_milliseconds,retime_ms,retime,current_wr,cur_wr_normal_time,wr_at_time,normal_time,decay,weight,k,run_score,non_weighted_run_score,current_wr_run_score,dynamic_k,blank,iron_source,has_tnt,enter_type,enter_time,enter_structure1_split,structure_1_time,structure1_type,structure1_split,structure1_exit_time,structure1_structure2_split,structure2_time,structure2_type,structure_2_split,structure2_exit,blaze_rates_string,blaze_rods_collected,blazes_killed,blaze_rates_decimal,structure2_exit_exit1_split,rods_obtained_pre_exit1,num_exits,exit1_time,stronghold_travel_type,triangulation_split,eyes_thrown,eye_breaks,eyes_left,total_eye_loss,reenter_time,exit_2_split,stronghold_distance,<500,500-1000,1000-1500,1500-2000,2000+,exit_2_time,theoretical_blind,nether_split,total_nether,total_ow2,post_blind,structure2_finish_split,structure2_exit_stronghold_split,stronghold_time,portal_room_locator_type,stronghold_split,frames_filled,frames_needed,end_enter_time,end_type,explosives_used,rotations,zero_explosivies,perch_explosives,end_spawn_type,dragon_node,dragon_location,dragon_angle,tower_height,tower,standing_height,end_split,truncated_igt,bastion_type_2,bastion_route,chests_checked,depracated_bastion_info,bastion_enter_time,bastion_enter_route_start_split,route_start_time,route_split,total_bastion_split,bastion_exit_time,obsidian,string,glowstone,arrows,pearls,crying_obsidian,days_since_2,elo_weight,elo,timeloss,,,,,,,,,,,
🇺🇸,lowkey,1,1,6:48.508,6:50.359,11 Jun 2025,359,(V),-8717682453392808086,,Yes,https://www.speedrun.com/mc/runs/m7l7960y,6,50,359,410359,1851,1.851,408508,1,421494,0.9735820676,,0.8357,0.5145509995,84.7280,101.3871,1000.0000,0.60000,,BT,🗙,2x1 Magma,1:39,0:23,2:02,Bridge,1:58,4:00,0:00,4:00,Fort,0:32,4:32,6/6,6,6,1.00,0:12,Yes,6,2,4:44,Calc,0:25,2,0,0,0,5:09,0:33,1289,0,0,1,0,0,5:42,4:44,3:05,3:38,1:12,2:04,2:48,1:10,5:42,Prempt,0:14,1,,5:56,Zero,6,4,6,--,O,B Diag,B,Diag,85,M85,99,0:52,6:48,Bridge,DK,6,DT,2:02,,,,1:58,4:00,28,82,22,40,,24,359,0.009785751303,9.921494183,1,39,99,3,5,185,1,12,72,0,52
🇨🇦,Jay12310,0,1,6:56.051,6:56.731,04 Feb 2026,121,(V),6044301913007956989,,,https://www.speedrun.com/mc/runs/mep526qy,6,56,731,416731,680,0.68,416051,1.015527867,410359,1.015527867,,0.9413,0.6569457855,93.1814,98.9928,989.7499,0.66865,,BT,,2x1 Magma,1:08,0:28,1:36,Stables,2:00,3:36,0:03,3:39,Fort,1:38,5:28,6/12,6,12,0.50,--,No,,2,4:59,Calc,0:11,1,0,1,1,5:10,0:23,739,0,1,0,0,0,5:51,5:17,4:09,4:32,0:47,1:39,3:17,0:23,5:51,Prempt,0:13,1,,6:04,Zero,5,,5,--,B57,F Diag,F,Diag,83,Small Cage,94,0:52,6:56,Stables,GAP,1,B-TST,1:36,,,,2:00,3:36,20,60,30,0,28,16,121,0.8376490173,829.2126212,1,8,68,4,9,249,0,47,47,0,52
🇮🇹,drip120,1,1,7:00.799,7:01.494,03 Jan 2024,884,(V),8802654848425114236,15,Yes,https://www.speedrun.com/mc/run/y8ko8qny,7,1,494,421494,695,0.695,420799,1.027134777,446254,0.9445159035,,0.6427,0.4353010615,65.8921,102.5159,980.7699,0.72526,,BT,,2x1 Magma,1:18,0:15,1:33,Treasure,1:38,3:11,0:21,3:32,Fort,0:58,4:57,6/9,6,9,0.67,--,No,,2,4:26,Calc,0:27,1,0,0,0,4:53,0:25,821,0,1,0,0,0,5:22,4:30,3:12,3:37,1:14,2:30,3:28,0:25,5:22,Prempt,0:22,0,,5:44,Perch,5,--,--,5,NZ-O,--,--,,--,--,--,1:16,7:00,Treasure,BOOMR,4,8/12,1:33,,,,1:38,3:11,21,70,26,0,,22,884,0,0,1,18,78,3,12,192,1,14,74,1,16
?,pavkin,0,1,7:05.066,7:05.066,02 Jun 2026,3,(Q),-8631010155278757961,,,https://www.youtube.com/watch?v=D33RRwcqqY4,7,5,66,425066,0,0,425066,1.03583935,410359,1.03583935,,0.9985,0.7397596449,97.2828,97.4288,973.2199,0.77091,,SH,🗙,2x1 Magma,1:27,0:15,1:42,Housing,1:42,3:24,0:27,3:51,Fort,0:56,4:47,6/11,6,11,0.55,0:14,Yes,6,1,5:01,Blind,0:46,1,1,0,1,--,--,175,1,0,0,0,0,--,5:01,3:34,3:34,1:18,2:04,3:14,1:00,5:47,Prempt,0:32,2,1,6:19,Zero,5,3,5,--,O,B Diag,B,Diag,91,M91,99,0:46,7:05,Housing,TOPD,3,RT,1:42,0:14,1:56,1:28,1:42,3:24,12,90,51,28,33,18,3,0.9999973,974.2852396,1,27,87,3,34,214,1,18,78,0,46
🇨🇦,Aquacorde,0,1,7:08.699,7:08.699,10 Mar 2026,87,(Q),2129033182999502069,,,https://www.speedrun.com/mc/runs/y4vwx5ny,7,8,699,428699,0,0,428699,1.044692574,410359,1.044692574,,0.9574,0.7790309314,92.5370,96.6512,964.7691,0.82032,,BT,✔,2x1 Magma,1:29,0:07,1:36,Housing,1:37,3:13,0:12,3:25,Fort,1:04,4:29,6/10,6,10,0.60,0:12,Yes,,2,4:41,Calc,0:15,1,0,0,0,4:56,1:07,1773,0,0,0,1,0,6:03,4:41,3:12,4:19,1:39,2:27,3:43,1:34,6:03,Prempt,0:17,1,,6:20,Zero,5,,5,--,O,B 1/8,B,1/8,--,--,93,0:48,7:08,Housing,TOPD,3,--,1:36,,,,1:37,3:13,24,67,31,53,58,13,87,0.9362710136,904.9174089,1,29,89,3,12,192,1,39,99,0,48
🇨🇦,Jay12310,0,0,7:09.845,7:09.845,29 May 2026,7,(U),video,,,https://www.youtube.com/watch?v=hP4_bUJulk4,7,9,845,429845,0,0,429845,1.047485251,410359,1.047485251,,0.9965,0.7918396051,96.0563,96.3931,961.9337,0.83655,,BT,✔,2x1 Magma,1:07,0:49,1:56,Bridge,1:43,3:39,0:01,3:40,Fort,1:41,5:32,7/19,7,19,0.37,--,No,,2,5:16,Calc,0:11,1,0,1,1,5:27,0:20,851,0,1,0,0,0,5:52,5:21,4:14,4:34,1:01,1:48,3:29,0:20,5:52,Prempt,0:30,2,0,6:22,Zero,5,3,5,--,O,F Diag,F,Diag,88,M88,99,0:47,7:09,Bridge,LODES,3,--,1:56,0:13,2:09,1:30,1:43,3:39,23,150,27,25,27,24,7,0.9999657006,963.8982359,1,7,67,4,14,254,1,1,61,0,47
🇺🇦,loodlow,0,1,7:10.076,7:11.350,21 Oct 2025,227,(V),-1058044179150873683,,Yes,https://www.speedrun.com/mc/runs/ydo05ojz,7,11,350,431350,1274,1.274,430076,1.051152771,410359,1.051152771,,0.8927,0.8089749346,85.7394,96.0446,958.0821,0.85837,,BT,,2x1 Magma,1:31,0:35,2:06,Housing,1:45,3:51,0:05,3:56,Fort,0:37,4:33,6/7,6,7,0.86,0:13,Yes,,1,4:46,Blind,1:05,1,0,0,0,--,--,136,1,0,0,0,0,--,4:46,3:15,3:15,1:34,2:24,3:14,1:18,5:51,Prempt,0:29,0,,6:20,Zero,5,,5,--,O,B Diag,B,Diag,103,Tall Boi,95,0:50,7:10,Housing,TOPD,5,TR,2:06,,,,1:45,3:51,23,80,25,15,,32,227,0.3104574885,298.1776027,1,31,91,3,15,195,1,34,94,0,50
🇨🇦,Aquacorde,0,1,7:09.181,7:12.114,16 Feb 2026,109,(Q),-6645733506759892987,,,https://www.speedrun.com/mc/runs/zpvnl4gz,7,12,114,432114,2933,2.933,429181,1.053014556,410359,1.053014556,,0.9470,0.8178118521,90.7787,95.8634,956.0702,0.86966,,BT,,RP,1:08,0:48,1:56,Bridge,2:04,4:00,0:11,4:11,Fort,1:15,5:26,7/10,7,10,0.70,0:10,Yes,,1,5:36,Blind,0:41,2,0,0,0,--,--,180,1,0,0,0,0,--,5:36,4:28,4:28,0:47,1:33,2:58,0:51,6:17,OEPR,0:06,1,,6:23,Zero,5,,5,--,O,B Diag,B,Diag,91,M91,99,0:46,7:09,Bridge,DK,4,TS,1:56,,,,2:04,4:00,18,109,19,19,24,30,109,0.8785320407,842.190829,1,8,68,4,28,268,0,47,47,0,46
🇩🇰,Bloopy,0,1,7:13.157,7:13.157,16 Oct 2025,232,(V),-5449384532227041969,,Yes,https://www.speedrun.com/mc/runs/yv535lom,7,13,157,433157,0,0,433157,1.055556232,410359,1.055556232,,0.8905,0.8300281801,85.1396,95.6114,953.2609,0.88531,,BT,,2x1 Magma,1:03,0:24,1:27,Housing,1:49,3:16,0:12,3:28,Fort,1:14,4:42,5/9,5,9,0.56,0:15,Yes,,1,4:57,Blind,1:11,1,0,0,0,--,--,587,0,1,0,0,0,--,4:57,3:54,3:54,1:23,2:16,3:45,1:26,6:08,OEPR,0:12,2,,6:20,Zero,6,,6,--,O,F Diag,F,Diag,103,Tall Boi,95,0:53,7:13,Housing,MANH,3,SINGLE,1:27,,,,1:49,3:16,18,108,43,44,,16,232,0.2868726758,274.2830574,1,3,63,3,54,234,1,23,83,0,53
🇨🇦,Aquacorde,0,0,7:13.017,7:13.178,04 Jun 2026,1,(U),todo,,,https://www.youtube.com/watch?v=th2B5695usM,7,13,178,433178,161,0.161,433017,1.055607407,410359,1.055607407,,0.9995,0.830275965,95.5585,95.6063,953.2036,0.88562,,BT,✔,2x1 Magma,1:15,0:17,1:32,Housing,1:33,3:05,0:41,3:46,Fort,1:04,5:10,6/8,6,8,0.75,--,No,5,2,4:44,Calc,0:20,1,0,0,0,5:04,0:49,1480,0,0,1,0,0,5:59,4:50,3:35,4:24,1:31,2:23,3:27,0:49,5:59,Prempt,0:22,2,0,6:21,Zero,6,4,6,--,B57,B Diag,B,Diag,97,T97,95,0:52,7:13,Housing,MANH,3,--,1:32,0:09,1:41,1:24,1:33,3:05,26,132,43,40,33,15,1,0.9999999,956.0628756,1,15,75,3,35,215,1,31,91,0,52
🇵🇱,watermelon1708,0,1,7:16.326,7:16.326,07 Dec 2025,180,(V),-3009416634026052013,,Yes,https://www.speedrun.com/mc/runs/y9wx8x2z,7,16,326,436326,0,0,436326,1.063278739,410359,1.063278739,,0.9139,0.8682453027,86.6517,94.8121,944.2692,0.93459,,BT,,2x1 Magma,1:24,0:05,1:29,Bridge,1:59,3:28,0:15,3:43,Fort,1:42,5:45,6/14,6,14,0.43,--,No,,2,5:17,Calc,0:20,1,0,0,0,5:37,0:25,671,0,1,0,0,0,6:10,5:25,4:01,4:26,1:01,1:50,3:32,0:25,6:10,Prempt,0:16,2,,6:26,Zero,6,,6,--,O,F Diag,F,Diag,91,M91,99,0:49,7:15,Bridge,SOOG,4,RT,1:29,,,,1:59,3:28,21,128,60,12,32,49,180,0.5581095554,529.1553761,1,24,84,4,1,241,1,1,61,0,49
🇳🇴,skycrab1,0,1,7:16.474,7:16.560,02 Jan 2026,154,(V),-8753882162041693203,,Yes,https://www.speedrun.com/mc/runs/m320j36y,7,16,560,436560,86,0.086,436474,1.063848971,410359,1.063848971,,0.9259,0.8711339965,87.7290,94.7510,943.5775,0.93834,,BT,,2x1 Magma,1:47,0:16,2:03,Treasure,1:40,3:43,0:29,4:12,Fort,0:58,5:25,6/9,6,9,0.67,--,No,,2,4:56,Calc,0:15,1,0,0,0,5:11,0:30,1066,0,0,1,0,0,5:55,5:10,3:23,3:53,1:14,2:04,3:02,0:30,5:55,Prempt,0:29,3,,6:24,Zero,6,,6,--,O,F Diag,F,Diag,88,M88,99,0:50,7:14,Treasure,BOOMR,4,--,2:03,,,,1:40,3:43,22,110,45,31,29,21,154,0.6940395025,657.6095737,1,47,107,3,23,203,1,14,74,0,50
🇨🇦,wethr,0,1,7:17.054,7:17.054,13 May 2026,23,(Q),-5868183305155852020,,,https://www.speedrun.com/mc/runs/z02q5n9m,7,17,54,437054,0,0,437054,1.065052795,410359,1.065052795,,0.9886,0.8772629382,93.5393,94.6212,942.1043,0.94629,,BT,✔,Cave Lava,1:34,1:07,2:41,Stables,1:36,4:17,0:00,4:17,Fort,0:44,5:01,6/7,6,7,0.86,0:12,Yes,,1,5:13,Blind,0:56,2,1,0,1,--,--,537,0,1,0,0,0,--,5:13,3:39,3:39,1:12,2:04,3:00,1:08,6:09,OEPR,0:16,2,1,6:25,F.Zero,4,--,--,4,--,--,--,--,--,--,--,0:52,7:17,Stables,DBTRPL,6,DBTRPL,2:41,0:26,3:07,1:10,1:36,4:17,15,57,0,9,38,32,23,0.9987840399,945.0611498,1,34,94,3,39,219,1,12,72,0,52
🇵🇱,okshey,0,1,7:21.820,7:21.820,22 Mar 2026,75,(Q),todo,,,https://www.speedrun.com/mc/runs/z5nrjxez,7,21,820,441820,0,0,441820,1.076667016,410359,1.076667016,,0.9632,0.9385710475,89.8676,93.3016,926.9752,1.02651,,BT,✔,2x1 Magma,1:13,0:27,1:40,Treasure,1:50,3:30,0:13,3:43,Fort,1:32,5:15,6/11,6,11,0.55,0:11,Yes,,2,5:26,Calc,0:19,1,0,0,0,5:45,0:23,558,0,1,0,0,0,6:08,5:26,4:13,4:36,1:07,1:55,3:38,0:53,6:08,Prempt,0:25,1,0,6:33,Zero,5,3,5,--,B58,F Diag,F,Diag,86,Tall Cage,95,0:48,7:21,Treasure,BOOMR,4,--,1:40,,,,1:50,3:30,20,79,58,36,23,29,75,0.9586900093,894.4735862,1,13,73,4,13,253,1,7,67,0,48
🇨🇦,NoHacsJustRoblox,0,1,7:21.808,7:22.283,29 Apr 2024,767,(V),8722833245086318634,,Yes,https://www.speedrun.com/mc/runs/z58ewkez,7,22,283,442283,475,0.475,441808,1.077795296,421494,1.049322173,,0.6815,0.8003771264,65.5712,96.2199,925.4147,1.03465,,BT,,2x1 Magma,1:13,0:25,1:38,Bridge,1:40,3:18,0:24,3:42,Fort,0:59,4:41,6/9,6,9,0.67,0:02,Yes,,2,4:39,Calc,0:14,1,0,1,1,4:53,0:41,1939,0,0,0,1,0,5:34,4:39,3:26,4:07,1:16,2:42,3:39,0:53,5:34,Prempt,0:21,1,,5:55,F.PC,4,--,--,4,NZ-B57,--,--,,--,--,--,1:26,7:21,Bridge,OLD,3,--,1:38,,,,1:40,3:18,24,49,35,0,,11,767,0,0,1,13,73,3,26,206,1,16,76,1,26
🇳🇴,skycrab1,0,1,7:22.684,7:23.784,19 Apr 2024,777,(V),6338107534563615641,,Yes,https://www.speedrun.com/mc/runs/mew18n2m,7,23,784,443784,1100,1.1,442684,1.081453069,421494,1.052883315,,0.6781,0.8171858444,65.0111,95.8763,920.2419,1.06147,,BT,,1x1 Magma,1:49,0:05,1:54,Housing,1:51,3:45,0:26,4:11,Fort,0:30,4:41,6/7,6,7,0.86,0:09,Yes,,2,4:50,Calc,0:25,1,0,0,0,5:15,0:55,1439,0,0,1,0,0,6:10,4:50,3:01,3:56,1:38,2:32,3:11,1:29,6:10,Prempt,0:18,2,,6:28,Zero,7,,7,--,O,F Diag,F,Diag,94,T94,99,0:54,7:22,Housing,MANJ,5,DT,1:54,,,,1:51,3:45,21,57,56,0,,38,777,0,0,1,49,109,3,1,181,1,38,98,0,54
🇨🇦,Aquacorde,0,1,7:24.170,7:24.170,16 Oct 2025,232,(V),-1813865513517318496,,Yes,https://www.speedrun.com/mc/runs/ydo6pewz,7,24,170,444170,0,0,444170,1.082393709,410359,1.082393709,,0.8905,0.9702956646,82.4628,92.6054,918.8832,1.06847,,BT,,2x1 Magma,1:16,0:38,1:54,Housing,1:43,3:37,0:39,4:16,Fort,1:03,5:41,6/8,6,8,0.75,--,No,,2,5:11,Calc,0:22,2,0,0,0,5:33,0:34,867,0,1,0,0,0,6:15,5:19,4:03,4:37,1:17,2:05,3:08,0:34,6:15,Prempt,0:21,1,,6:36,Zero,5,,5,--,H,F Diag,F,Diag,86,Tall Cage,99,0:48,7:24,Housing,TOPD,3,--,1:54,,,,1:43,3:37,27,75,18,46,,26,232,0.2868726758,265.6594787,1,16,76,4,3,243,1,17,77,0,48
🇸🇰,NoFear1337,1,1,7:24.504,7:26.254,08 Dec 2023,910,(V),-8415980398606239765,12,Yes,https://www.speedrun.com/mc/run/m7308v9y,7,26,254,446254,1750,1.75,444504,1.087472189,465828,0.9579801987,,0.6344,0.4702249908,64.7385,102.0391,911.3441,1.10707,,BT,,RP,1:39,0:33,2:12,Treasure,1:50,4:02,0:19,4:21,Fort,0:34,4:55,5/6,5,6,0.83,0:06,Yes,,2,5:01,HP,0:36,2,0,0,0,5:37,0:36,1489,0,0,1,0,0,6:13,5:01,3:22,3:58,1:28,2:23,3:03,1:18,6:13,Prempt,0:16,4,,6:29,Zero,6,,6,--,O,F Diag,F,Diag,85,M85,95,0:55,7:24,Treasure,BOOMR,4,8/10,2:12,,,,1:50,4:02,10,121,55,25,44,26,910,0,0,1,39,99,3,22,202,1,28,88,0,55
🇳🇴,skycrab1,0,0,7:27.923,7:27.923,20 Mar 2026,77,(U),-5301700605608362807,,,https://www.youtube.com/watch?v=gd8ToSBA6yY,7,27,923,447923,0,0,447923,1.091539359,410359,1.091539359,,0.9622,1.023093743,87.9755,91.4286,905.0543,1.13896,,BT,🗙,2x1 Magma,1:35,0:50,2:25,Treasure,1:40,4:05,0:15,4:20,Fort,0:31,4:51,6/7,6,7,0.86,0:11,Yes,,2,5:02,Calc,0:10,1,1,0,1,5:12,1:07,1745,0,0,0,1,0,6:19,5:02,3:27,4:34,1:39,2:25,3:07,1:28,6:19,Prempt,0:22,1,1,6:41,Zero,5,,5,--,O,B Diag,B,Diag,91,M91,99,0:46,7:27,Treasure,BOOMR,4,10/15,2:25,,,,1:40,4:05,18,112,11,25,39,31,77,0.9553731326,873.4843962,1,35,95,3,27,207,1,39,99,0,46
🇫🇮,AndrewCrow,0,1,7:28.358,7:28.874,17 Feb 2026,108,(Q),-346656346610546380,,,https://www.speedrun.com/mc/runs/m389g06y,7,28,874,448874,516,0.516,448358,1.093856842,410359,1.093856842,,0.9474,1.036900388,86.3277,91.1175,901.3684,1.15752,,BT,,2x1 Magma,1:25,0:36,2:01,Bridge,1:53,3:54,0:13,4:07,Fort,0:52,4:59,6/7,6,7,0.86,0:09,Yes,,2,5:08,Calc,0:30,1,0,0,0,5:38,0:44,1131,0,0,1,0,0,6:22,5:08,3:43,4:27,1:26,2:20,3:21,1:23,6:22,PR,0:12,2,,6:34,Zero,7,,7,--,O,F Diag,F,Diag,91,M91,99,0:54,7:28,Bridge,CRKSMK,3,--,2:01,,,,1:53,3:54,29,94,36,26,32,27,108,0.8816402377,803.3286538,1,25,85,3,43,223,1,26,86,0,54
🇨🇦,Jay12310,0,1,7:28.256,7:29.121,02 Aug 2024,672,(V),-6421260664080147265,,Yes,https://www.speedrun.com/mc/runs/y8prdrxz,7,29,121,449121,865,0.865,448256,1.094458754,421494,1.065545417,,0.7146,0.8797829997,67.5802,94.5677,900.3988,1.16239,,BT,,2x1 Magma,1:48,0:28,2:16,Fort,0:37,2:53,0:20,3:13,Housing,1:38,5:08,5/6,5,6,0.83,--,No,,2,4:23,Calc,0:17,1,0,0,0,4:40,0:42,600,0,1,0,0,0,5:50,4:51,3:03,3:45,1:42,2:37,4:15,0:42,5:50,Prempt,0:43,3,,6:33,Zero,6,,6,--,O,F Diag,F,Diag,86,Tall Cage,95,0:55,7:28,Housing,MANH,3,--,3:13,,,,1:55,5:08,22,70,19,0,14,22,672,0,0,1,48,108,3,3,183,1,42,102,0,55
🇩🇪,jason_n,0,1,7:29.374,7:29.374,06 Oct 2024,607,(V),-4936383011000236174,,Yes,https://www.speedrun.com/mc/runs/znxxp6vy,7,29,374,449374,0,0,449374,1.095075288,421494,1.066145663,,0.7382,0.8828630866,69.7643,94.5022,899.4004,1.16740,,BT,,Lava Pool,1:26,1:00,2:26,Stables,1:20,3:46,0:13,3:59,Fort,1:12,5:28,6/9,6,9,0.67,--,No,,2,5:06,Calc,0:17,1,0,0,0,5:23,0:23,349,1,0,0,0,0,5:51,5:11,3:45,4:08,1:26,2:18,3:30,0:31,5:59,Prempt,0:38,1,,6:37,Zero,5,,5,--,H,F Diag,F,Diag,88,M88,95,0:52,7:29,Stables,DBTRPL,6,--,2:26,,,,1:20,3:46,21,63,6,0,52,17,607,0.0000000001936721568,0.0000001830243987,1,26,86,3,45,225,1,26,86,0,52
🇫🇮,sadekeppi,0,1,7:29.931,7:29.931,02 Apr 2025,429,(V),6582471955859004032,,Yes,https://www.speedrun.com/mc/runs/z5l4r5gy,7,29,931,449931,0,0,449931,1.096432636,421494,1.067467153,,0.8069,0.8896809198,76.1408,94.3569,897.1836,1.17850,,BT,,2x1 Magma,1:23,0:31,1:54,Housing,1:46,3:40,0:19,3:59,Fort,0:51,4:50,6/7,6,7,0.86,0:10,Yes,,2,5:00,Calc,0:44,1,0,0,0,5:44,0:25,583,0,1,0,0,0,6:09,5:00,3:37,4:02,1:38,2:29,3:30,1:19,6:09,Prempt,0:29,1,,6:38,Zero,6,,6,--,O,F Diag,F,Diag,91,M91,99,0:51,7:29,Housing,MANH,5,--,1:54,,,,1:46,3:40,40,57,8,14,23,1,429,0.0003724681974,0.3514493315,1,23,83,3,37,217,1,38,98,0,51
🇺🇸,doogile,0,1,7:29.752,7:30.439,12 Dec 2023,906,(V),-8404662731985464270,18,Yes,https://www.speedrun.com/mc/runs/m3kq8ddy,7,30,439,450439,687,0.687,449752,1.097670576,446254,1.009378067,,0.6357,0.6337612606,63.1968,99.4102,895.1392,1.18871,,SH,,RP,1:46,0:35,2:21,Housing,1:28,3:49,0:31,4:20,Fort,0:31,4:51,5/7,5,7,0.71,0:12,Yes,,2,5:03,HP,0:27,1,0,0,0,5:30,0:35,1102,0,0,1,0,0,6:05,5:03,3:17,3:52,1:12,2:26,3:09,1:14,6:05,Prempt,0:10,2,,6:15,F.Zero,5,--,--,5,F-B56,F-F F-Diag,F-F,F-Diag,F-91,F-M91,--,1:14,7:29,Housing,MANH,3,--,2:21,,,,1:28,3:49,17,68,15,25,33,21,906,0,0,1,46,106,3,17,197,1,12,72,1,14
🇵🇱,watermelon1708,0,1,7:30.263,7:30.682,04 Dec 2025,183,(U),-8027616666562891938,,Yes,https://www.youtube.com/watch?v=zaVHr65a7Uk&list=PLZ59bMb0zBUSR6W9smbN1LDkQJlGfPEUk&index=4,7,30,682,450682,419,0.419,450263,1.098262741,410359,1.098262741,,0.9126,1.063637639,82.5972,90.5114,894.1536,1.19362,,BT,,2x1 Magma,1:12,0:57,2:09,Housing,1:34,3:43,0:10,3:53,Fort,1:34,5:40,5/9,5,9,0.56,--,No,,2,5:13,Calc,0:13,1,0,1,1,5:26,0:37,1450,0,0,1,0,0,6:17,5:27,4:15,4:52,1:12,2:03,3:37,0:37,6:17,Prempt,0:22,1,,6:39,Zero,5,,5,--,H,F Diag,F,Diag,85,M85,95,0:51,7:30,Housing,TOPD,5,DBTRPL,2:09,,,,1:34,3:43,24,57,65,42,19,32,183,0.541805228,490.3955172,1,12,72,4,15,255,1,12,72,0,51
🇺🇸,itsnahan,0,1,7:32.783,7:32.783,04 Jun 2025,366,(V),4115833317145621618,,Yes,https://www.speedrun.com/mc/runs/zqp1639m,7,32,783,452783,0,0,452783,1.103382648,421494,1.07423356,,0.8328,0.9253934447,77.9373,93.5883,885.4230,1.23693,,BT,,Lava Pool,1:31,0:10,1:41,Bridge,1:58,3:39,0:14,3:53,Fort,1:07,5:00,5/11,5,11,0.45,0:17,Yes,,2,5:17,Calc,0:36,1,0,0,0,5:53,0:29,unknown,0,0,0,0,0,6:22,5:17,3:46,4:15,1:23,2:15,3:39,1:22,6:22,Prempt,0:18,2,,6:40,Zero,6,,6,--,O,B Diag,B,Diag,85,M85,95,0:52,7:32,Bridge,SOOG,3,DT,1:41,,,,1:58,3:39,24,101,40,32,30,30,366,0.00742583903,6.949714807,1,31,91,3,46,226,1,23,83,0,52
🇳🇴,skycrab1,0,0,7:25.567,7:32.827,19 Aug 2024,655,(U),4927231128345776418,,Yes,https://www.youtube.com/watch?v=87ruBPBpgbg&list=PLU3_fvoJ1GyMStiA29z37DUPtG47PvOJz&index=57,7,32,827,452827,7260,7.26,445567,1.103489871,421494,1.07433795,,0.7207,0.925955072,67.4425,93.5761,885.2361,1.23785,,BT,,2x1 Magma,1:13,0:37,1:50,Bridge,1:59,3:49,0:14,4:03,Fort,0:45,4:48,6/11,6,11,0.55,0:10,Yes,,2,4:58,Calc,0:19,1,0,0,0,5:17,0:45,1485,0,0,1,0,0,6:02,4:58,3:45,4:30,1:28,2:27,3:22,1:14,6:02,Prempt,0:24,2,,6:26,Zero,6,,6,--,O,B Diag,B,Diag,76,Small Boi,90,0:59,7:25,Bridge,OLD,6,DT,1:50,,,,1:59,3:49,20,135,72,0,35,29,655,0,0.000000000584784642,1,13,73,3,45,225,1,28,88,0,59
🇸🇰,NoFear1337,0,0,7:29.999,7:32.999,21 Jan 2024,866,(U),1330456095954625394,,Yes,https://www.youtube.com/watch?v=u1WAriPLZMQ,7,32,999,452999,3000,3,449999,1.103909016,421494,1.074746022,,0.6486,0.9281536684,60.6588,93.5284,884.5040,1.24147,,BT,,2x1 Magma,1:23,0:13,1:36,Housing,1:00,2:36,0:15,2:51,Fort,1:52,5:10,6/12,6,12,0.50,--,No,,2,3:42,Calc,0:27,1,0,0,0,4:09,0:33,198,1,0,0,0,0,5:43,4:43,3:20,3:53,1:19,2:46,4:38,0:33,5:43,Prempt,0:19,1,,6:02,Perch,4,--,--,4,NZ-B58,--,--,,--,--,--,1:27,7:29,Housing,MANH,3,--,1:36,,,,1:00,2:36,20,56,0,0,17,8,866,0,0,1,23,83,3,20,200,1,19,79,1,27
🇨🇦,Jay12310,0,0,7:33.098,7:33.098,28 May 2026,8,(U),unknown,,,https://www.youtube.com/watch?v=9UT5HUhM2k0,7,33,98,453098,0,0,453098,1.104150268,410359,1.104150268,,0.9960,1.100385253,89.3131,89.6711,884.0815,1.24355,,BT,✔,2x1 Magma,1:10,0:22,1:32,Bridge,1:48,3:20,0:27,3:47,Fort,0:57,4:44,6/8,6,8,,0:11,Yes,,2,4:55,Calc,0:17,2,0,2,2,5:12,,,,,,,,,,,,,,3:47,4:44,,,,,,,,,,,,,,,,,,,,,Bridge,SOOG,3,--,1:32,0:15,1:47,1:33,1:48,3:20,22,105,18,9,37,24,8,0.9999488013,896.6649355,1,10,70,#VALUE!,,#VALUE!,#VALUE!,,#VALUE!,#VALUE!,
🇿🇦,Airpodsz,0,1,7:32.691,7:33.014,17 May 2026,19,(Q),852302592884050638,,,https://www.youtube.com/watch?v=nIqa8Is866M,7,33,14,453014,323,0.323,452691,1.10394557,410359,1.10394557,,0.9905,1.099087742,88.8528,89.7009,884.4400,1.24178,,,,,,,,,,,,,,,,,,,,,No,,2,,Blind,,,,,,,,visible,1,0,0,0,0,,,,,,,,,,OEPR,,3,,,Zero,,,,,O,F Diag,F,Diag,94,T94,99,,7:32,,,,,,1:47,1:47,1:47,,,,,,,,,19,0.9993143352,896.3938531,#VALUE!,,#VALUE!,#VALUE!,,#VALUE!,#VALUE!,,#VALUE!,#VALUE!,
🇨🇦,Aquacorde,0,0,7:33.640,7:33.803,21 May 2026,15,(U),7581169436172902984,,,https://www.youtube.com/watch?v=knjUWkPMBQ4,7,33,803,453803,163,0.163,453640,1.105868276,410359,1.105868276,,0.9925,1.111332125,88.7511,89.4192,881.0480,1.25849,,,,,,,,,,,,,,,,,,,,,,,,,,,,,,,,,,,,,,,,,,,,,,,,,,,,,,,,,,,,,,,,,,,,,,,,1:47,1:47,1:47,,,,,,,,,15,0.9996625569,893.89073,#VALUE!,,#VALUE!,#VALUE!,,#VALUE!,#VALUE!,,#VALUE!,#VALUE!,
🇵🇱,kazzruns,0,1,7:33.804,7:33.804,24 Jul 2025,316,(V),-5890829594904468442,,Yes,https://www.speedrun.com/mc/runs/yjqo30nm,7,33,804,453804,0,0,453804,1.105870713,410359,1.105870713,,0.8538,1.111347725,76.3503,89.4189,881.0437,1.25851,,BT,,2x1 Magma,1:13,0:14,1:27,Stables,1:39,3:06,0:09,3:15,Fort,1:23,5:01,6/8,6,8,0.75,--,No,,2,4:20,Calc,0:23,2,1,1,2,4:43,1:13,2302,0,0,0,0,1,6:14,4:38,3:25,4:38,1:56,2:55,4:18,1:13,6:14,Prempt,0:20,2,,6:34,Perch,5,--,--,5,NZ-O,--,--,,--,--,--,0:59,7:33,Stables,DBTRPL,7,TTD,1:27,,,,1:39,3:06,20,72,20,33,17,13,316,0.04261923508,38.10964588,1,13,73,3,25,205,1,56,116,0,59
🇨🇦,Aquacorde,0,0,7:34.421,7:34.056,03 Mar 2026,94,(U),6573117783169949946,,,https://www.youtube.com/watch?v=l__1dhyvdjw,7,34,56,454056,-365,-0.365,454421,1.10648481,410359,1.10648481,,0.9541,1.115285531,85.2268,89.3281,879.9489,1.26390,,BT,✔,Lava Pool,1:01,0:16,1:17,Housing,1:24,2:41,1:04,3:45,Fort,2:03,6:05,5/12,5,12,0.42,--,No,,2,4:42,Calc,0:17,1,0,0,0,4:59,0:32,333,1,0,0,0,0,6:37,5:48,4:47,5:19,1:02,1:46,3:49,0:32,6:37,Prempt,0:13,3,,6:50,Zero,4,2,4,--,O,F Diag,F,Diag,88,M88,99,0:44,7:34,Housing,MANH,3,--,1:17,,,,1:24,2:41,23,31,44,26,47,23,94,0.9202974003,822.0845076,1,1,61,4,47,287,1,2,62,0,44
🇺🇸,Feinberg,0,1,7:34.367,7:34.367,28 Apr 2026,38,(Q),2511758293074259151,,,https://www.youtube.com/watch?v=iOWwIieY6C4,7,34,367,454367,0,0,454367,1.107242683,410359,1.107242683,,0.9812,1.120163395,87.5365,89.2156,878.5903,1.27057,,BT,✔,2x1 Magma,1:34,0:34,2:08,Housing,1:46,3:54,0:27,4:21,Fort,1:11,6:06,6/11,6,11,0.55,--,No,,2,5:21,Calc,0:34,2,0,0,0,5:55,0:24,1381,0,0,1,0,0,6:30,5:32,3:58,4:22,1:15,2:02,3:13,0:24,6:30,Prempt,0:17,1,0,6:47,Zero,5,3,5,--,O,B Diag,B,Diag,91,M91,99,0:47,7:34,Housing,TOPD,3,--,2:08,0:06,2:14,1:40,1:46,3:54,28,88,64,12,33,23,38,0.9945278272,887.2739952,1,34,94,3,58,238,1,15,75,0,47
🇺🇸,itsnahan,0,0,7:34.447,7:34.546,19 Dec 2025,168,(U),-7173684177694873982,,Yes,https://www.youtube.com/watch?v=1_O9cZzkKpk,7,34,546,454546,99,0.099,454447,1.107678886,410359,1.107678886,,0.9194,1.122980009,81.9678,89.1506,877.8044,1.27443,,BT,,2x1 Magma,1:24,0:34,1:58,Housing,1:45,3:43,0:04,3:47,Fort,1:53,5:56,6/7,6,7,0.86,--,No,,2,5:07,Calc,0:16,1,0,0,0,5:23,0:24,unknown,0,0,0,0,0,6:20,5:40,4:16,4:40,1:02,1:54,3:47,0:24,6:20,Prempt,0:22,1,,6:42,Zero,6,,6,--,O,F 1/8,F,1/8,--,--,92,0:52,7:34,Housing,TOPD,8,DBTRPL,1:58,,,,1:45,3:43,35,128,49,25,26,14,168,0.6224056677,554.8781738,1,24,84,4,16,256,1,2,62,0,52
🇦🇿,KenanKardes,0,1,7:35.447,7:34.838,13 Sep 2024,630,(V),5361864572335160821,,Yes,https://www.speedrun.com/mc/runs/zx0e765z,7,34,838,454838,-609,-0.609,455447,1.108390458,421494,1.079109074,,0.7298,0.9519761064,67.8766,93.0085,876.5165,1.28074,,BT,✔,2x1 Magma,1:37,0:52,2:29,Housing,1:14,3:43,0:15,3:58,Fort,1:38,5:48,6/9,6,9,0.67,--,No,,2,5:17,Calc,0:12,1,1,0,1,5:29,0:28,895,0,1,0,0,0,6:16,5:36,3:59,4:27,1:12,1:59,3:37,0:28,6:16,Prempt,0:32,1,,6:48,Zero,4,2,4,--,B56,F Diag,F,Diag,91,M91,95,0:47,7:35,Housing,MANH,3,DBTRPL,2:29,,,,1:14,3:43,20,79,54,27,34,19,630,0,0.00000001285639924,1,37,97,3,59,239,1,12,72,0,47
🇵🇱,watermelon1708,0,0,7:35.875,7:35.875,21 Feb 2026,104,(U),unknown,,,https://www.youtube.com/watch?v=3E-mIUUQVAU,7,35,875,455875,0,0,455875,1.110917514,410359,1.110917514,,0.9493,1.14410145,84.1690,88.6616,871.8824,1.30341,,BT,🗙,2x1 Magma,1:36,0:19,1:55,Housing,1:39,3:34,0:36,4:10,Fort,1:17,5:27,6/11,6,11,0.55,0:05,Yes,,2,5:32,Calc,0:39,1,0,0,0,6:11,0:20,349,1,0,0,0,0,6:31,5:32,3:56,4:16,1:15,2:03,3:25,1:04,6:31,Prempt,0:16,2,0,6:47,Zero,6,3,6,--,O,B 1/8,B,1/8,--,--,93,0:48,7:35,Housing,MANH,4,,1:55,,,,1:39,3:34,26,139,28,8,54,25,104,0.8936095001,792.2881277,1,36,96,3,56,236,1,15,75,0,48
🇩🇪,jason_n,0,0,7:36.562,7:36.562,27 Dec 2025,160,(U),5101166286806026119,,Yes,https://www.youtube.com/watch?v=PIIJU2GwFP4&list=PLZ59bMb0zBUSR6W9smbN1LDkQJlGfPEUk&index=1,7,36,562,456562,0,0,456562,1.112591658,410359,1.112591658,,0.9231,1.155165538,81.6077,88.4045,868.7603,1.31864,,BT,,2x1 Magma,1:20,0:32,1:52,Housing,1:39,3:31,0:03,3:34,Fort,0:26,4:00,5/6,5,6,0.83,0:23,Yes,,2,4:23,HP,0:36,1,0,0,0,4:59,0:32,1611,0,0,0,1,0,5:31,4:23,3:03,3:35,1:36,3:13,4:02,1:31,5:31,Prempt,0:28,2,,5:59,F.Zero,5,--,--,5,F-O,F-B F-Diag,F-B,F-Diag,F-97,T97(F),--,1:37,7:36,Housing,MANH,3,N/A,1:52,,,,1:39,3:31,13,52,48,35,32,24,160,0.6639157633,586.9315589,1,20,80,3,3,183,1,36,96,1,37
🇩🇪,jason_n,0,0,7:38.273,7:38.273,12 Nov 2025,205,(U),2886416364403862215,,Yes,https://www.youtube.com/watch?v=bA3Sck4VKWw,7,38,273,458273,0,0,458273,1.116761177,410359,1.116761177,,0.9026,1.183158868,79.2027,87.7517,860.8025,1.35730,,BT,✔,2x1 Magma,1:13,0:39,1:52,Treasure,2:03,3:55,0:14,4:09,Fort,1:11,5:20,7/8,7,8,0.88,0:07,Yes,,1,5:27,Blind,0:49,1,0,1,1,--,--,243,1,0,0,0,0,--,5:27,4:14,4:14,1:20,2:11,3:29,0:56,6:16,Prempt,0:31,1,0,6:47,Zero,6,4,6,--,O,B Diag,B,Diag,91,M91,99,0:51,7:38,Treasure,NEW,4,--,1:52,,,,2:03,3:55,16,140,64,15,32,38,205,0.4225225334,370.7705332,1,13,73,4,14,254,1,20,80,0,51
🇩🇰,Bloopy,0,1,7:35.809,7:38.482,28 Nov 2024,554,(V),-7640184333545180122,,Yes,https://www.speedrun.com/mc/runs/zxj96rqy,7,38,482,458482,2673,2.673,455809,1.117270488,421494,1.087754511,,0.7581,1.000920059,69.6845,91.9254,859.8126,1.36209,,BT,✔,Lava Pool,1:21,0:00,1:21,Stables,2:06,3:27,0:12,3:39,Fort,1:33,5:45,6/8,6,8,0.75,--,No,,2,5:02,Calc,0:33,1,0,0,0,5:35,0:43,965,0,1,0,0,0,6:28,5:12,3:51,4:34,1:31,2:23,3:56,0:43,6:28,Prempt,0:15,2,0,6:43,Perch,4,,--,4,NZ-B57,NZ-B NZ-Diag,NZ-B,NZ-Diag,--,--,--,0:52,7:35,Stables,DBTRPL,6,--,1:21,,,,2:06,3:27,39,99,56,0,19,28,554,0.0000000412693229,0.00003793698735,1,21,81,3,51,231,1,31,91,0,52
🇮🇱,orachi,0,1,7:36.656,7:38.738,17 Apr 2026,49,(Q),1736164389740735086,,,https://youtu.be/OYGFbW4afPw?si=is-E-XG_ij3QA938,7,38,738,458738,2082,2.082,456656,1.117894332,410359,1.117894332,,0.9758,1.190875737,85.4517,87.5711,858.5947,1.36799,,BT,✔,Cave Lava,1:39,0:33,2:12,Housing,01:47,3:59,0:26,4:25,Fort,1:06,5:31,7/8,7,8,0.88,0:15,Yes,,2,5:46,Calc,0:11,1,0,1,1,5:57,0:28,695,0,1,0,0,0,6:25,5:46,4:07,4:35,1:02,1:50,3:11,0:54,6:25,Prempt,0:23,2,0,6:48,Zero,5,4,5,--,O,B Diag,B,Diag,94,T94,99,0:48,7:36,Housing,MANH,4,--,2:12,0:12,2:24,1:35,1:47,3:59,21,46,64,39,48,29,49,0.9883040358,865.468539,1,39,99,4,7,247,1,2,62,0,48
🇳🇴,skycrab1,0,0,7:39.667,7:39.667,08 Mar 2026,89,(U),488777781406333665,,,https://www.youtube.com/watch?v=bCf8wapBEIU,7,39,667,459667,0,0,459667,1.120158203,410359,1.120158203,,0.9565,1.206434093,83.4107,87.2063,854.1256,1.38959,,BT,✔,2x1 Magma,1:16,0:53,2:09,Housing,01:39,3:48,0:18,4:06,Fort,1:20,5:39,6/8,6,8,0.75,--,No,,2,5:21,Calc,0:13,1,0,0,0,5:34,0:31,755,0,1,0,0,0,6:10,5:26,4:10,4:41,1:28,2:13,3:33,0:31,6:10,Prempt,0:44,1,0,6:54,Zero,5,3,5,--,H,F Diag,F,Diag,91,M91,99,0:45,7:39,Housing,TOPD,5,--,2:09,,,,1:39,3:48,20,130,34,34,32,33,89,0.9319306285,812.7019112,1,16,76,4,10,250,1,28,88,0,45
🇺🇸,Infume,0,1,7:39.778,7:39.778,06 Jun 2025,364,(?),-8467677866844055286,,,https://www.youtube.com/watch?v=UnKMvsVNbYU,7,39,778,459778,0,0,459778,1.120428698,421494,1.090829288,,0.8336,1.018898483,76.2936,91.5229,853.5864,1.39220,,BT,✔,2x1 Magma,1:08,0:38,1:46,Treasure,01:44,3:30,0:29,3:59,Fort,1:28,5:58,6/8,6,8,0.75,--,No,,2,5:21,Calc,0:31,1,0,0,0,5:52,0:34,610,0,1,0,0,0,6:32,5:27,4:19,4:53,1:26,2:12,3:40,0:34,6:32,Prempt,0:21,0,0,6:53,Zero,4,2,4,--,H,B 1/8,B,1/8,--,--,92,0:46,7:39,Treasure,BOOMR,4,--,1:46,,,,1:44,3:30,29,100,28,24,31,25,364,0.008043794133,7.361911816,1,8,68,4,19,259,1,26,86,0,46
🇺🇸,doogile,0,0,7:38.813,7:40.190,19 Oct 2025,229,(U),-6371149676202072948,,Yes,https://www.youtube.com/watch?v=HUv4d3f0b0Y,7,40,190,460190,1377,1.377,458813,1.121432697,410359,1.121432697,,0.8918,1.21527638,77.5863,86.9985,851.5754,1.40190,,BT,🗙,2x1 Magma,1:17,0:32,1:49,Treasure,02:25,4:14,0:11,4:25,Fort,0:40,5:05,5/7,5,7,0.71,0:11,Yes,,2,5:16,Blind,0:43,1,0,0,0,--,--,269,1,0,0,0,0,--,5:16,3:59,3:59,0:46,2:22,3:13,0:54,5:59,OEPR,0:03,2,2,6:02,Perch,3,--,--,3,NZ-H,--,--,,--,--,--,1:36,7:38,Treasure,BOOMR,5,--,1:49,,,,2:25,4:14,17,15,40,28,37,28,229,0.3009235901,261.7990237,1,17,77,3,59,239,0,46,46,1,36
🇬🇧,BeefSalad,0,1,7:40.572,7:40.572,27 Jan 2026,129,(V),-7982637122350751836,,,https://www.speedrun.com/mc/runs/ydop9ejz,7,40,572,460572,0,0,460572,1.122363589,410359,1.122363589,,0.9375,1.221773014,81.4209,86.8457,849.6972,1.41095,,,,,,,,,,,,,,,,,,,,,,,,,,,,,,,,,,,,,,,,,,,,,,,,,,,,,,,,,,,,,,,,,,,,,,,,,,,,,,,,,,,129,0.8068085303,700.6782545,#VALUE!,,#VALUE!,#VALUE!,,#VALUE!,#VALUE!,,#VALUE!,#VALUE!,
🇳🇴,skycrab1,0,0,7:39.953,7:41.343,19 Dec 2025,168,(U),9053135870907266934,,Yes,https://www.youtube.com/watch?v=9YRVwmSP0e4&list=PLU3_fvoJ1GyMStiA29z37DUPtG47PvOJz&index=162,7,41,343,461343,1390,1.39,459953,1.124242432,410359,1.124242432,,0.9194,1.234984191,79.5624,86.5344,845.8659,1.42939,,BT,✔,2x1 Magma,1:31,0:34,2:05,Bridge,02:04,4:09,0:13,4:22,Fort,1:37,6:14,5/13,5,13,0.38,--,No,,2,5:39,Calc,0:15,1,0,0,0,5:54,0:16,692,0,1,0,0,0,6:30,5:59,4:28,4:44,0:45,1:40,3:17,0:16,6:30,Prempt,0:14,3,2,6:44,Zero,6,6,6,--,H,F Diag,F,Diag,85,M85,94,0:55,7:39,Bridge,DK,3,--,2:05,,,,2:04,4:09,31,194,43,0,19,55,168,0.6224056677,538.5949495,1,31,91,4,28,268,0,45,45,0,55
🇹🇿,Kxpow,0,1,7:41.490,7:41.490,05 Oct 2025,243,(V),3413784149860051440,,Yes,https://www.speedrun.com/mc/runs/y2rqdr6m,7,41,490,461490,0,0,461490,1.124600655,410359,1.124600655,,0.8856,1.237518132,76.5811,86.4746,845.1293,1.43293,,BT,✔,Cave Lava,1:39,0:23,2:02,Stables,01:48,3:50,0:39,4:29,Fort,0:54,5:48,6/7,6,7,0.86,--,No,,2,5:15,Calc,0:25,1,0,0,0,5:40,0:39,1383,0,0,1,0,0,6:27,5:23,3:44,4:23,1:27,2:18,3:12,0:39,6:27,Prempt,0:23,1,0,6:50,Zero,5,4,5,--,O,B Diag,B,Diag,85,M85,95,0:51,7:41,Stables,GAP,3,--,2:02,,,,1:48,3:50,21,64,11,14,42,14,243,0.2381413914,205.9318525,1,39,99,3,44,224,1,27,87,0,51
🇩🇪,jason_n,0,0,7:42.171,7:42.171,12 May 2026,24,(U),-7549226815345637508,,,https://www.youtube.com/watch?v=XFafyirP82A,7,42,171,462171,0,0,462171,1.126260177,410359,1.126260177,,0.9881,1.249320367,85.1677,86.1959,841.6912,1.44944,,,,,,,,,,,,,,,,,,,,,,,,,,,,,,,,,,,,,,,,,,,,,,,,,,,,,,,,,,,,,,,,,,,,,,,,,,,,,,,,,,,24,0.9986185551,860.7684023,#VALUE!,,#VALUE!,#VALUE!,,#VALUE!,#VALUE!,,#VALUE!,#VALUE!,
🇿🇦,Airpodsz,0,1,7:43.320,7:43.320,20 Mar 2026,77,(Q),253105556005796161,,,https://www.speedrun.com/mc/runs/zn6o493y,7,43,320,463320,0,0,463320,1.129060164,410359,1.129060164,,0.9622,1.269471381,82.4816,85.7190,835.7944,1.47771,,BT,✔,2x1 Magma,1:29,0:40,2:09,Bridge,02:14,4:23,0:15,4:38,Fort,0:49,5:27,5/6,5,6,0.83,0:10,Yes,,1,5:37,Blind,0:50,1,0,0,0,--,--,109,1,0,0,0,0,--,5:37,4:08,4:08,1:17,2:06,3:05,1:00,6:27,Prempt,0:27,2,2,6:54,Zero,5,3,5,--,O,B Diag,B,Diag,86,Tall Cage,95,0:49,7:43,Bridge,CRKSMK,3,DBTRPL,2:09,0:43,2:52,1:31,2:14,4:23,21,69,53,11,49,35,77,0.9553731326,818.9364343,1,29,89,4,8,248,1,17,77,0,49
🇬🇧,priffie,0,1,7:43.529,7:43.909,24 Oct 2024,589,(V),-3978494106932821584,,Yes,https://www.speedrun.com/mc/runs/y6e87kpz,7,43,909,463909,380,0.38,463529,1.130495493,421494,1.100630139,,0.7449,1.078272428,67.1737,90.1777,832.7247,1.49240,,BT,✔,Cave Lava,1:23,0:38,2:01,Stables,01:42,3:43,0:18,4:01,Fort,0:56,4:57,6/10,6,10,0.60,0:15,Yes,,1,5:12,Blind,0:40,1,0,0,0,--,--,90,1,0,0,0,0,6:27,5:12,3:49,3:49,1:39,2:31,3:42,0:55,5:52,Prempt,0:59,0,0,6:51,Zero,5,4,5,--,O,F Diag,F,Diag,85,M85,95,0:52,7:43,Stables,DBTRPL,8,DBTRPL,2:01,0:26,2:27,1:16,1:42,3:43,14,107,40,39,27,18,589,0.000000001335918322,0.000001204700613,1,23,83,3,49,229,1,39,99,0,52
🇩🇰,Bloopy,0,0,7:44.248,7:44.248,07 Mar 2026,90,(U),-7077016121021295276,,,https://www.youtube.com/watch?v=1gyyI3VzVgg,7,44,248,464248,0,0,464248,1.131321599,410359,1.131321599,,0.9560,1.285966864,81.5731,85.3277,830.9435,1.50092,,BT,✔,2x1 Magma,1:32,0:39,2:11,Housing,01:25,3:36,0:07,3:43,Fort,1:06,4:49,6/7,6,7,0.86,0:11,Yes,,2,5:00,Calc,0:32,2,0,0,0,5:32,0:38,1522,0,0,0,1,0,6:10,5:00,3:28,4:06,1:53,2:44,4:01,1:21,6:10,Prempt,0:43,0,0,6:53,Zero,5,4,5,--,O,F Diag,F,Diag,85,M85,95,0:51,7:44,Housing,MANH,5,RUIN,2:11,0:09,2:20,1:16,1:25,3:36,26,92,39,11,39,24,90,0.9296937948,793.2864035,1,32,92,3,28,208,1,53,113,0,51
🇺🇸,zylenox,0,1,7:44.775,7:45.223,12 Mar 2026,85,(Q),todo,,,https://www.youtube.com/watch?v=hi8zV9Wnris,7,45,223,465223,448,0.448,464775,1.133697567,410359,1.133697567,,0.9584,1.303512228,81.3776,84.9107,825.7617,1.52568,,BT,🗙,Lava Pool,1:16,0:12,1:28,Housing,01:35,3:03,0:28,3:31,Fort,1:27,5:13,5/9,5,9,0.56,--,No,,2,4:45,Calc,0:15,1,0,0,0,5:00,0:41,1826,0,0,0,1,0,5:54,4:58,3:42,4:23,1:56,2:46,4:13,0:41,5:54,Prempt,1:00,3,2,6:54,Zero,6,4,6,--,O,B Diag,B,Diag,97,T97,100,0:50,7:44,Housing,MANH,5,--,1:28,0:30,1:58,1:05,1:35,3:03,26,98,12,39,21,21,85,0.9404352302,798.5297565,1,16,76,3,42,222,1,56,116,0,50
🇸🇪,PAPLERR,0,1,7:45.368,7:45.368,15 May 2025,386,(V),2933743551005337304,,Yes,https://www.speedrun.com/mc/runs/zngk8olm,7,45,368,465368,0,0,465368,1.134050916,421494,1.104091636,,0.8245,1.100013455,73.9392,89.6796,824.9836,1.52939,,BT,🗙,2x1 Magma,1:23,0:38,2:01,Bridge,01:44,3:45,0:06,3:51,Fort,1:24,5:34,5/10,5,10,0.50,--,No,,2,5:02,Calc,0:19,2,0,1,1,5:21,0:38,1333,0,0,1,0,0,6:12,5:15,3:52,4:30,1:43,2:30,3:54,0:38,6:12,Prempt,0:46,4,3,6:58,Zero,5,3,5,--,O,B 1/8,B,1/8,--,--,93,0:47,7:45,Bridge,PAPL,3,,2:01,0:33,2:34,1:11,1:44,3:45,20,73,44,35,32,17,386,0.003178818793,2.850752812,1,23,83,3,52,232,1,43,103,0,47
🇫🇷,M4xx,0,1,7:45.390,7:45.390,04 Mar 2026,93,(Q),805412740251903790,,,https://www.youtube.com/watch?v=dBMHGH7DJCc,7,45,390,465390,0,0,465390,1.134104528,410359,1.134104528,,0.9546,1.306539641,80.9839,84.8386,824.8654,1.52996,,BT,🗙,2x1 Magma,1:28,0:15,1:43,Housing,01:43,3:26,0:10,3:36,Fort,1:46,5:34,6/12,6,12,0.50,--,No,,2,4:34,Calc,0:12,1,1,0,1,4:46,0:28,751,0,1,0,0,0,6:02,5:22,3:54,4:22,1:33,2:23,4:09,0:31,6:05,Prempt,0:50,2,1,6:55,Zero,5,3,5,--,B56,F Diag,F,Diag,88,M88,95,0:50,7:45,Housing,MANH,3,,1:43,0:06,1:49,1:37,1:43,3:26,26,100,36,57,20,12,93,0.9227142322,782.8179908,1,28,88,3,54,234,1,33,93,0,50
🇹🇷,Ancoboy,0,1,7:40.016,7:45.590,11 Dec 2025,176,(V),-5628543556500972011,,,https://www.speedrun.com/mc/runs/yv580x4m,7,45,590,465590,5574,5.574,460016,1.134591906,410359,1.134591906,,0.9158,1.310173872,77.6127,84.7521,823.7886,1.53510,,BT,✔,2x1 Magma,1:28,0:52,2:20,Treasure,01:43,4:03,0:12,4:15,Fort,1:06,6:01,7/9,7,9,0.78,--,No,,2,5:15,Calc,0:40,2,1,0,1,5:55,0:24,1203,0,0,1,0,0,6:25,5:21,3:53,4:17,1:23,2:19,3:25,0:24,6:25,Prempt,0:19,0,0,6:44,Zero,6,6,6,--,B58,F diag,F,diag,100,T100,95,0:56,7:40,Treasure,BOOMR,4,,2:20,0:03,2:23,1:40,1:43,4:03,22,109,55,0,48,24,176,0.5797388126,491.3408348,1,28,88,3,53,233,1,23,83,0,56
🇺🇸,zylenox,1,1,7:42.999,7:45.828,07 Feb 2023,1214,(V),7499203634667178692,15,Yes,https://www.speedrun.com/mc/run/zg2q0lny,7,45,828,465828,2829,2.829,462999,1.135171886,495537,0.9400468583,,0.5450,0.4243519554,55.9471,102.6583,822.5023,1.54123,,BT,✔,2x1 Magma,1:08,0:34,1:42,Housing,01:17,2:59,0:12,3:11,Fort,1:42,5:16,6/9,6,9,0.67,--,No,,2,4:40,Calc,0:23,2,1,0,1,5:03,0:34,1111,0,0,1,0,0,5:50,4:53,3:45,4:19,1:21,2:49,4:31,0:34,5:50,Prempt,0:24,1,1,6:14,Perch,5,--,--,5,--,--,--,--,--,--,--,1:28,7:42,Housing,MANH,3,,1:42,0:06,1:48,1:11,1:17,2:59,20,84,54,0,17,11,1214,0,0,1,8,68,3,45,225,1,21,81,1,28
?,maydough,0,1,7:40.098,7:45.924,04 May 2026,32,(Q),6846477327571075390,,,https://www.youtube.com/watch?v=AOm4aphnE44,7,45,924,465924,5826,5.826,460098,1.135405828,410359,1.135405828,,0.9841,1.316263957,83.2641,84.6071,821.9820,1.54372,,BT,✔,2x1 Magma,1:32,0:04,1:36,Housing,01:36,3:12,0:13,3:25,Fort,2:04,5:53,5/13,5,13,0.38,--,No,,2,4:41,Calc,0:24,1,0,0,0,5:05,0:32,1457,0,0,1,0,0,6:25,5:29,3:57,4:29,1:20,2:11,4:15,0:32,6:25,Prempt,0:24,1,0,6:49,Zero,6,6,6,--,O,B Diag,B,Diag,88,M88,95,0:51,7:40,Housing,MANH,3,,1:36,0:05,1:41,1:31,1:36,3:12,30,104,21,0,22,26,32,0.9967285628,843.3026669,1,32,92,3,57,237,1,20,80,0,51
🇳🇴,skycrab1,0,0,7:46.784,7:46.784,20 May 2026,16,(U),-860262448598208531,,,https://youtu.be/nDX-9uxon4Y?si=uPyRZwkBgJizZuOD,7,46,784,466784,0,0,466784,1.137501554,410359,1.137501554,,0.9920,1.332066058,83.5591,84.2303,817.2831,1.56612,,,,,,,,,,,,,,,,,,,,,,,,,,,,,,,,,,,,,,,,,,,,,,,,,,,,,,,,,,,,,,,,,,,,,,,,,,,,,,,,,,,16,0.9995904839,841.9578587,#VALUE!,,#VALUE!,#VALUE!,,#VALUE!,#VALUE!,,#VALUE!,#VALUE!,
🇮🇱,orachi,0,1,7:43.169,7:47.566,08 Jul 2025,332,(V),4897417229505621926,,Yes,https://www.speedrun.com/mc/runs/me2eeo2m,7,47,566,467566,4397,4.397,463169,1.139407202,410359,1.139407202,,0.8470,1.34658738,71.0532,83.8836,812.9510,1.58675,,BT,✔,2x1 Magma,1:18,0:34,1:52,Housing,01:48,3:40,0:13,3:53,Fort,1:15,5:08,6/11,6,11,0.55,0:12,Yes,,2,5:20,Calc,0:32,1,0,0,0,5:52,0:35,1666,0,0,0,1,0,6:27,5:20,4:02,4:37,1:30,2:23,3:50,1:19,6:27,Prempt,0:23,1,0,6:50,Zero,6,5,6,--,O,B Diag,B,Diag,83,Small Cage,95,0:53,7:43,Housing,TOPD,6,,1:52,0:14,2:06,1:34,1:48,3:40,20,100,59,30,35,24,332,0.02574700936,21.59750675,1,18,78,4,2,242,1,30,90,0,53
🇺🇸,meebie,0,1,7:46.598,7:47.588,23 Nov 2024,559,(V),-6994443511834809581,,Yes,https://www.speedrun.com/mc/runs/y4lpk63z,7,47,588,467588,990,0.99,466598,1.139460814,421494,1.109358615,,0.7562,1.133888551,67.2215,88.8983,812.8284,1.58734,,BT,✔,2x1 Magma,1:42,0:47,2:29,Bridge,01:42,4:11,0:23,4:34,Fort,1:29,5:12,6/6,6,6,1.00,--,No,,2,5:24,Calc,0:27,1,1,0,1,5:51,1:29,1044,0,0,1,0,0,6:41,6:03,4:21,4:32,0:56,1:43,3:12,1:29,6:41,Prempt,0:18,1,1,6:59,Zero,5,4,5,--,O,F Diag,F,Diag,103,T103,104,0:47,7:46,Bridge,CRKSMK,3,,2:29,0:38,3:07,1:04,1:42,4:11,22,63,14,43,32,29,559,0.00000002593459877,0.00002305541551,1,42,102,4,21,261,0,56,56,0,47
🇳🇴,skycrab1,0,0,7:48.043,7:48.043,24 Apr 2025,407,(U),9061699410068612393,,Yes,https://www.youtube.com/watch?v=GoPCnP2PyWo&list=PLU3_fvoJ1GyMStiA29z37DUPtG47PvOJz&index=121,7,48,43,468043,0,0,468043,1.140569599,421494,1.110438108,,0.8159,1.140951529,72.3959,88.7346,810.2808,1.59947,,SH,🗙,Lava Pool,1:19,0:38,1:57,Housing,01:34,3:31,0:21,3:52,Fort,1:05,5:25,6/6,6,6,1.00,--,No,,2,4:50,Calc,0:28,1,1,0,1,5:18,0:38,1450,0,0,1,0,0,6:03,4:57,3:38,4:16,1:27,2:51,3:56,0:38,6:03,Prempt,0:21,1,1,6:24,Flew,4,--,F1,4,F-O,FB FDiag,FB,FDiag,F95,Tall Cage (F),F86,1:24,7:48,Housing,TOPD,6,DBTRPL,1:57,0:16,2:13,1:18,1:34,3:31,35,76,48,3,25,27,407,0.001180385381,1.047410601,1,19,79,3,38,218,1,27,87,1,24
🇦🇿,KenanKardes,0,0,7:46.865,7:48.393,21 Aug 2025,288,(U),-11765461984395005,,Yes,https://www.youtube.com/watch?v=iKXaGZ3zmX8,7,48,393,468393,1528,1.528,466865,1.141422511,410359,1.141422511,,0.8659,1.362103691,72.3125,83.5126,808.3082,1.60886,,BT,✔,2x1 Magma,1:21,0:44,2:05,Stables,01:29,3:34,0:23,3:57,Fort,1:39,5:55,6/13,6,13,0.46,,No,,2,5:32,Calc,0:19,1,0,0,0,5:51,0:22,566,0,1,0,0,0,6:17,5:36,4:15,4:37,1:21,2:10,3:49,0:22,6:17,Prempt,0:40,0,1,6:57,Zero,5,3,5,--,B57,F Diag,F,Diag,88,M88,95,0:49,7:46,Stables,DBTRPL,6,SDD,2:05,0:25,2:30,1:04,1:29,3:34,28,93,26,64,47,22,288,0.09174087977,76.61519334,1,21,81,4,15,255,1,21,81,0,49
🇹🇿,Kxpow,0,1,7:48.623,7:48.623,09 Jun 2025,361,(V),692932803524010650,,Yes,https://www.speedrun.com/mc/runs/zpo1xonm,7,48,623,468623,0,0,468623,1.141982995,421494,1.111814166,,0.8349,1.150014814,73.9047,88.5243,807.0057,1.61505,,,,,,,,,,,,,Fort,,,,,,,,,,,,,,,,,,,,,,,,,,,,,,,,,,,,,,,,,,,,,,,,,,,,,,,,,,,,,,,,,,,,,,361,0.009053642645,8.014669775,#VALUE!,,#VALUE!,#VALUE!,,#VALUE!,#VALUE!,,#VALUE!,#VALUE!,
🇸🇪,v_strid,0,1,7:49.149,7:49.149,08 Jun 2025,362,(V),6117620716132541251,,Yes,https://www.speedrun.com/mc/runs/yw2qgp0y,7,49,149,469149,0,0,469149,1.1432648,421494,1.113062108,,0.8344,1.158292678,73.7072,88.3318,804.0086,1.62931,,,,,,,,,,,,,Fort,,,,,,,,,,,,,,,,,,,,,,,,,,,,,,,,,,,,,,,,,,,--,,,,,,,,,,,,,,,,,,,,,,,,,,,362,0.008705565023,7.689779474,#VALUE!,,#VALUE!,#VALUE!,,#VALUE!,#VALUE!,,#VALUE!,#VALUE!,
🇺🇸,zylenox,0,0,7:49.391,7:49.391,06 May 2026,30,(U),unknown,,,https://www.youtube.com/watch?v=wJC3ok9Fln0,7,49,391,469391,0,0,469391,1.143854527,410359,1.143854527,,0.9851,1.381048501,81.8225,83.0591,802.6211,1.63591,,,,,,,,,,,,,Fort,,,,,,,,,,,,,,,,,,,,,,,,,,,,,,,,,,,,,,,,,,,,,,,,,,,,,,,,,,,,,,,,,,,,,,30,0.9973036417,828.3511993,#VALUE!,,#VALUE!,#VALUE!,,#VALUE!,#VALUE!,,#VALUE!,#VALUE!,
🇺🇸,doogile,0,0,7:48.748,7:50.206,29 Feb 2024,827,(U),8277071365134778012,,Yes,https://www.youtube.com/watch?v=ktTRyL2JWz0,7,50,206,470206,1458,1.458,468748,1.145840593,421494,1.115569854,,0.6613,1.175096364,58.1575,87.9401,797.9084,1.65832,,,,,,,,,,,,,Fort,,,,,,,,,,,,,,,,,,,,,,,,,,,,,,,,,,,,,,,,,,,--,,,,,,,,,,,,,,,,,,,,,,,,,,,827,0,0,#VALUE!,,#VALUE!,#VALUE!,,#VALUE!,#VALUE!,,#VALUE!,#VALUE!,
🇬🇧,priffie,0,1,7:50.291,7:50.291,05 Jun 2024,730,(V),6555576914548637179,,Yes,https://www.speedrun.com/mc/runs/ywg2ldnz,7,50,291,470291,0,0,470291,1.146047729,421494,1.115771518,,0.6942,1.176457532,61.0256,87.9083,797.4134,1.66068,,,,,,,,,,,,,Fort,,,,,,,,,,,,,,,,,,,,,,,,,,,,,,,,,,,,,,,,,,,--,,,,,,,,,,,,,,,,,,,,,,,,,,,730,0,0,#VALUE!,,#VALUE!,#VALUE!,,#VALUE!,#VALUE!,,#VALUE!,#VALUE!,
🇳🇴,skycrab1,0,0,7:50.670,7:50.670,18 Nov 2024,564,(U),-1765111318942208381,,Yes,https://www.youtube.com/watch?v=JfVKj2Nz5vE&list=PLU3_fvoJ1GyMStiA29z37DUPtG47PvOJz&index=97,7,50,670,470670,0,0,470670,1.14697131,421494,1.1166707,,0.7543,1.182544732,66.1996,87.7660,795.1980,1.67121,,,,,,,,,,,,,Fort,,,,,,,,,,,,,,,,,,,,,,,,,,,,,,,,,,,,,,,,,,,--,,,,,,,,,,,,,,,,,,,,,,,,,,,564,0.00000001616181623,0.00001418458274,#VALUE!,,#VALUE!,#VALUE!,,#VALUE!,#VALUE!,,#VALUE!,#VALUE!,
🇺🇸,doogile,0,1,7:50.112,7:51.014,21 Jun 2023,1080,(V),291596226023214174,15,Yes,https://www.speedrun.com/mc/run/zgedgrvy,7,51,14,471014,902,0.902,470112,1.147809601,465828,1.011132864,,0.5827,0.6402908202,57.8632,99.2936,793.1756,1.68082,,,,,,,,,,,,,Fort,,,,,,,,,,,,,,,,,,,,,,,,,,,,,,,,,,,,,,,,,,,--,,,,,,,,,,,,,,,,,,,,,,,,,,,1080,0,0,#VALUE!,,#VALUE!,#VALUE!,,#VALUE!,#VALUE!,,#VALUE!,#VALUE!,
🇨🇦,Jay12310,0,0,7:50.618,7:51.575,11 May 2026,25,(U),unknown,,,https://www.youtube.com/watch?v=XmFkaVjlP-k,7,51,575,471575,957,0.957,470618,1.149176697,410359,1.149176697,,0.9876,1.42335901,81.0250,82.0442,789.8542,1.69661,,BT,🗙,Lava Pool,1:37,0:31,2:08,Treasure,01:51,3:59,0:37,4:36,Fort,,,,,,,,No,,2,5:34,Calc,0:12,1,0,1,,5:46,,1634,0,0,0,1,0,6:21,,,,,,3:14,,6:21,Prempt,0:39,0,0,7:00,Zero,5,3,5,--,B57,B Diag,,,83,Small Cage,95,0:50,7:50,Treasure,BOOMR,4,,2:08,,,,,,,,,,,,25,0.9984387201,819.1610687,1,37,97,#VALUE!,,#VALUE!,#VALUE!,,#VALUE!,0,50
🇦🇺,mikky_,0,1,7:51.104,7:51.620,19 Sep 2024,624,(V),-7641908410120115826,,Yes,https://www.speedrun.com/mc/runs/ydljp8jz,7,51,620,471620,516,0.516,471104,1.149286357,421494,1.118924587,,0.7320,1.197932711,63.9794,87.4057,789.5865,1.69789,,,,,,,,,,,,,Fort,,,,,,,,,,,,,,,,,,,,,,,,,,,,,,,,,,,,,,,,,,,--,,,,,,,,,,,,,,,,,,,,,,,,,,,624,0,0.00000002451657384,#VALUE!,,#VALUE!,#VALUE!,,#VALUE!,#VALUE!,,#VALUE!,#VALUE!,
BlazeMind,BlazeMind,0,1,7:49.832,7:51.665,27 Jan 2026,129,(Q),tbd,,,https://www.youtube.com/watch?v=0e-OYyUWBT0,7,51,665,471665,1833,1.833,469832,1.149396017,410359,1.149396017,,0.9375,1.425127962,76.8796,82.0017,789.3186,1.69916,,,,,,,,,,,,,Fort,,,,,,,,,,,,,,,,,,,,,,,,,,,,,,,,,,,,,,,,,,,--,,,,,,,,,,,,,,,,,,,,,,,,,,,129,0.8068085303,661.5968648,#VALUE!,,#VALUE!,#VALUE!,,#VALUE!,#VALUE!,,#VALUE!,#VALUE!,
🇳🇴,skycrab1,0,0,7:51.826,7:51.826,25 Dec 2024,527,(U),-7679264656588706480,,Yes,https://www.youtube.com/watch?v=Nag0tKfRWgc&list=PLU3_fvoJ1GyMStiA29z37DUPtG47PvOJz&index=106,7,51,826,471826,0,0,471826,1.149788356,421494,1.119413325,,0.7684,1.201294094,67.0983,87.3269,788.3587,1.70372,,,,,,,,,,,,,Fort,,,,,,,,,,,,,,,,,,,,,,,,,,,,,,,,,,,,,,,,,,,--,,,,,,,,,,,,,,,,,,,,,,,,,,,527,0.000000440076043,0.0003843047585,#VALUE!,,#VALUE!,#VALUE!,,#VALUE!,#VALUE!,,#VALUE!,#VALUE!,
🇨🇦,Jay12310,0,0,7:52.032,7:52.032,04 Jun 2026,01,(U),unknown,,,https://www.youtube.com/watch?v=PAri1bj0Lq0,7,52,32,472032,0,0,472032,1.150290356,410359,1.150290356,,0.9995,1.432362356,81.7870,81.8279,787.1269,1.70958,,,,,,,,,,,,,,,,,,,,,,,,,,,,,,,,,,,,,,,,,,,,,,,,,,,,,,,,,,,,,,,,,,,,,,,,,,,,,,,,,,,01,0.9999999,818.2793912,#VALUE!,,#VALUE!,#VALUE!,,#VALUE!,#VALUE!,,#VALUE!,#VALUE!,
🇨🇦,Jay12310,0,0,7:52.961,7:52.961,14 Mar 2026,83,(U),unknown,,,https://www.youtube.com/watch?v=z39xlzHCJik,7,52,961,472961,0,0,472961,1.152554227,410359,1.152554227,,0.9593,1.450826522,78.0759,81.3842,781.5237,1.73622,,,,,,,,,,,,,,,,,,,,,,,,,,,,,,,,,,,,,,,,,,,,,,,,,,,,,,,,,,,,,,,,,,,,,,,,,,,,,,,,,,,83,0.9444252855,768.6128808,#VALUE!,,#VALUE!,#VALUE!,,#VALUE!,#VALUE!,,#VALUE!,#VALUE!,
🇳🇴,skycrab1,0,0,7:52.279,7:53.490,14 May 2024,752,(U),3412336035458832291,,Yes,https://www.youtube.com/watch?v=zY_QWRWxGE0&list=PLU3_fvoJ1GyMStiA29z37DUPtG47PvOJz&index=20,7,53,490,473490,1211,1.211,472279,1.153843342,421494,1.123361187,,0.6866,1.228771162,59.5153,86.6809,778.2975,1.75157,,,,,,,,,,,,,,,,,,,,,,,,,,,,,,,,,,,,,,,,,,,,,,,,,,,,,,,,--,,,,,,,,,,,,,,,,,,,,,,,,,,,752,0,0,#VALUE!,,#VALUE!,#VALUE!,,#VALUE!,#VALUE!,,#VALUE!,#VALUE!,
🇺🇸,meebie,0,0,7:50.698,7:53.506,28 Jun 2025,342,(U),5748636184496198066,,Yes,https://www.youtube.com/watch?v=giuYrUlLBq8,7,53,506,473506,2808,2.808,470698,1.153882332,410359,1.153882332,,0.8428,1.461760304,68.3708,81.1213,778.1995,1.75203,,,,,,,,,,,,,,,,,,,,,,,,,,,,,,,,,,,,,,,,,,,,,,,,,,,,,,,,--,,,,,,,,,,,,,,,,,,,,,,,,,,,342,0.01831254747,14.85537145,#VALUE!,,#VALUE!,#VALUE!,,#VALUE!,#VALUE!,,#VALUE!,#VALUE!,
🇹🇷,ulsahin,0,1,7:51.545,7:53.512,24 Oct 2025,224,(V),7066468390795139054,,Yes,https://www.speedrun.com/mc/runs/mr5kp38y,7,53,512,473512,1967,1.967,471545,1.153896954,410359,1.153896954,,0.8940,1.461881097,72.5234,81.1184,778.1628,1.75221,,,,,,,,,,,,,,,,,,,,,,,,,,,,,,,,,,,,,,,,,,,,,,,,,,,,,,,,--,,,,,,,,,,,,,,,,,,,,,,,,,,,224,0.3249960014,263.6314488,#VALUE!,,#VALUE!,#VALUE!,,#VALUE!,#VALUE!,,#VALUE!,#VALUE!,
🇺🇸,doogile,0,0,7:52.863,7:53.548,27 Jan 2024,860,(U),-2273417716457818411,18,Yes,https://www.youtube.com/watch?v=E-qMOVRq0Go,7,53,548,473548,685,0.685,472863,1.153984682,421494,1.123498792,,0.6505,1.229739397,56.3718,86.6580,777.9422,1.75326,,,,,,,,,,,,,,,,,,,,,,,,,,,,,,,,,,,,,,,,,,,,,,,,,,,,,,,,--,,,,,,,,,,,,,,,,,,,,,,,,,,,860,0,0,#VALUE!,,#VALUE!,#VALUE!,,#VALUE!,#VALUE!,,#VALUE!,#VALUE!,
🇳🇴,skycrab1,0,0,7:45.964,7:53.929,23 Oct 2025,225,(U),5643603245218707817,,Yes,https://www.youtube.com/watch?v=zg_t8sgrqFk&list=PLU3_fvoJ1GyMStiA29z37DUPtG47PvOJz&index=147,7,53,929,473929,7965,7.965,465964,1.154913137,410359,1.154913137,,0.8936,1.470298727,72.3062,80.9159,775.6007,1.76440,,,,,,,,,,,,,,,,,,,,,,,,,,,,,,,,,,,,,,,,,,,,,,,,,,,,,,,,--,,,,,,,,,,,,,,,,,,,,,,,,,,,225,0.3201189927,259.0271302,#VALUE!,,#VALUE!,#VALUE!,,#VALUE!,#VALUE!,,#VALUE!,#VALUE!,
🇳🇴,skycrab1,0,0,7:52.279,7:53.490,14 May 2024,752,(U),-3412336035458832291,,,https://www.youtube.com/watch?v=zY_QWRWxGE0&list=PLU3_fvoJ1GyMStiA29z37DUPtG47PvOJz&index=20,7,53,490,473490,1211,1.211,472279,1.153843342,421494,1.123361187,,0.6866,1.228771162,59.5153,86.6809,778.2975,1.75157,,,,,,,,,,,,,,,,,,,,,,,,,,,,,,,,,,,,,,,,,,,,,,,,,,,,,,,,--,,,,,,,,,,,,,,,,,,,,,,,,,,,752,0,0,#VALUE!,,#VALUE!,#VALUE!,,#VALUE!,#VALUE!,,#VALUE!,#VALUE!,
🇺🇸,Infume,0,0,7:53.848,7:53.848,23 Jul 2025,317,(U),unknown,,,https://www.youtube.com/watch?v=dpJWEh0YCUo&list=PLNlBsWHYU3zCJ5XoAac-T3YF54AvqfXXn&index=22,7,53,848,473848,0,0,473848,1.154715749,410359,1.154715749,,0.8534,1.468660167,69.0891,80.9553,776.0996,1.76202,,,,,,,,,,,,,,,,,,,,,,,,,,,,,,,,,,,,,,,,,,,,,,,,,,,,,,,,--,,,,,,,,,,,,,,,,,,,,,,,,,,,317,0.04135750808,33.48109773,#VALUE!,,#VALUE!,#VALUE!,,#VALUE!,#VALUE!,,#VALUE!,#VALUE!,
🇸🇪,ANJOUU,0,1,7:54.143,7:54.143,28 Apr 2025,403,(V),5590192376632660897,,Yes,https://www.speedrun.com/mc/runs/y6j7vnpm,7,54,143,474143,0,0,474143,1.155434632,421494,1.124910438,,0.8175,1.239713335,70.6510,86.4228,774.2797,1.77068,,,,,,,,,,,,,,,,,,,,,,,,,,,,,,,,,,,,,,,,,,,,,,,,,,,,,,,,--,,,,,,,,,,,,,,,,,,,,,,,,,,,403,0.001437165224,1.24203862,#VALUE!,,#VALUE!,#VALUE!,,#VALUE!,#VALUE!,,#VALUE!,#VALUE!,
🇩🇪,Blad_d,0,1,7:52.310,7:54.145,14 Apr 2025,417,(V),-4813633027442683952,,Yes,https://www.speedrun.com/mc/runs/zgj4w4dz,7,54,145,474145,1835,1.835,472310,1.155439505,421494,1.124915183,,0.8118,1.239746987,70.1575,86.4220,774.2673,1.77074,,,,,,,,,,,,,,,,,,,,,,,,,,,,,,,,,,,,,,,,,,,,,,,,,,,,,,,,--,,,,,,,,,,,,,,,,,,,,,,,,,,,417,0.0007093430486,0.6130285851,#VALUE!,,#VALUE!,#VALUE!,,#VALUE!,#VALUE!,,#VALUE!,#VALUE!,
🇭🇷,Mar1n,0,1,7:55.128,7:55.128,22 Jun 2025,348,(V),-7684621580507828677,,Yes,https://www.speedrun.com/mc/runs/m7lwl84y,7,55,128,475128,0,0,475128,1.157834969,410359,1.157834969,,0.8403,1.494750861,67.4989,80.3275,768.1452,1.79989,,,,,,,,,,,,,,,,,,,,,,,,,,,,,,,,,,,,,,,,,,,,,,,,,,,,,,,,--,,,,,,,,,,,,,,,,,,,,,,,,,,,348,0.01478090402,11.87312648,#VALUE!,,#VALUE!,#VALUE!,,#VALUE!,#VALUE!,,#VALUE!,#VALUE!,
🇺🇸,meebie,0,0,7:55.456,7:55.456,07 Jun 2025,363,(U),3603293482983366385,,Yes,https://www.youtube.com/watch?v=caV9b4ltoSQ,7,55,456,475456,0,0,475456,1.158634269,421494,1.128025547,,0.8340,1.261990435,71.6390,85.8962,766.0827,1.80971,,,,,,,,,,,,,,,,,,,,,,,,,,,,,,,,,,,,,,,,,,,,,,,,,,,,,,,,--,,,,,,,,,,,,,,,,,,,,,,,,,,,363,0.008369051687,7.188698243,#VALUE!,,#VALUE!,#VALUE!,,#VALUE!,#VALUE!,,#VALUE!,#VALUE!,
🇺🇸,zylenox,0,0,7:52.850,7:55.550,22 Apr 2025,409,(U),-4019650266393698573,,Yes,http://youtube.com/watch?v=aEZQAJ5LhgA&list=PLZ59bMb0zBUSR6W9smbN1LDkQJlGfPEUk&index=51,7,55,550,475550,2700,2.7,472850,1.158863337,421494,1.128248563,,0.8151,1.263599508,69.9791,85.8581,765.4899,1.81253,,,,,,,,,,,,,,,,,,,,,,,,,,,,,,,,,,,,,,,,,,,,,,,,,,,,,,,,--,,,,,,,,,,,,,,,,,,,,,,,,,,,409,0.00106818653,0.9171247872,#VALUE!,,#VALUE!,#VALUE!,,#VALUE!,#VALUE!,,#VALUE!,#VALUE!,
🇵🇱,pardonmc,0,1,7:55.683,7:55.683,17 Jul 2025,323,(V),6664192904935921173,,Yes,https://www.speedrun.com/mc/runs/yd4j7evy,7,55,683,475683,0,0,475683,1.159187443,410359,1.159187443,,0.8509,1.506195425,68.1135,80.0520,764.6497,1.81654,,,,,,,,,,,,,,,,,,,,,,,,,,,,,,,,,,,,,,,,,,,,,,,,,,,,,,,,--,,,,,,,,,,,,,,,,,,,,,,,,,,,323,0.03439559758,27.5343544,#VALUE!,,#VALUE!,#VALUE!,,#VALUE!,#VALUE!,,#VALUE!,#VALUE!,
🇩🇰,Bloopy,0,0,7:52.588,7:55.999,02 Jun 2025,368,(U),-1088594931172127368,,,https://www.youtube.com/watch?v=lAD-2zBAaWk,7,55,999,475999,3411,3.411,472588,1.159957501,421494,1.129313822,,0.8319,1.271311775,71.2764,85.6754,762.6469,1.82608,,,,,,,,,,,,,,,,,,,,,,,,,,,,,,,,,,,,,,,,,,,,,,,,,,,,,,,,--,,,,,,,,,,,,,,,,,,,,,,,,,,,368,0.006849338505,5.868197905,#VALUE!,,#VALUE!,#VALUE!,,#VALUE!,#VALUE!,,#VALUE!,#VALUE!,
🇳🇱,HDMICables,0,1,7:55.623,7:56.598,07 May 2025,394,(V),-2481499363875064100,,Yes,https://www.speedrun.com/mc/runs/yd437kxy,7,56,598,476598,975,0.975,475623,1.161417198,421494,1.130734957,,0.8212,1.281668709,70.1541,85.4297,758.8256,1.84430,,,,,,,,,,,,,,,,,,,,,,,,,,,,,,,,,,,,,,,,,,,,,,,,,,,,,,,,--,,,,,,,,,,,,,,,,,,,,,,,,,,,394,0.002206608848,1.885100304,#VALUE!,,#VALUE!,#VALUE!,,#VALUE!,#VALUE!,,#VALUE!,#VALUE!,
🇵🇱,okshey,0,1,7:56.752,7:56.752,17 Feb 2026,108,(Q),-6419209590101822881,,,https://www.speedrun.com/mc/runs/yo8v370z,7,56,752,476752,0,0,476752,1.161792479,410359,1.161792479,,0.9474,1.528466072,75.3358,79.5158,757.8379,1.84901,,,,,,,,,,,,,,,,,,,,,,,,,,,,,,,,,,,,,,,,,,,,,,,,,,,,,,,,--,,,,,,,,,,,,,,,,,,,,,,,,,,,108,0.8816402377,701.0429197,#VALUE!,,#VALUE!,#VALUE!,,#VALUE!,#VALUE!,,#VALUE!,#VALUE!,
🇩🇪,jason_n,0,0,7:56.903,7:56.903,16 May 2025,385,(U),8174323531600874073,,Yes,https://www.youtube.com/watch?v=mEjUzh-nDqI,7,56,903,476903,0,0,476903,1.16216045,421494,1.131458574,,0.8249,1.286972365,70.3666,85.3038,756.8674,1.85365,,,,,,,,,,,,,,,,,,,,,,,,,,,,,,,,,,,,,,,,,,,,,,,,,,,,,,,,--,,,,,,,,,,,,,,,,,,,,,,,,,,,385,0.00332374706,2.835283537,#VALUE!,,#VALUE!,#VALUE!,,#VALUE!,#VALUE!,,#VALUE!,#VALUE!,
🇳🇴,skycrab1,0,0,7:56.326,7:58.380,20 Sep 2024,623,(U),-630318768044632099,,Yes,https://www.youtube.com/watch?v=5xFvTb5MDmQ&list=PLU3_fvoJ1GyMStiA29z37DUPtG47PvOJz&index=71,7,58,380,478380,2054,2.054,476326,1.165759737,421494,1.134962775,,0.7323,1.312945613,62.0197,84.6861,747.2657,1.89952,,,,,,,,,,,,,,,,,,,,,,,,,,,,,,,,,,,,,,,,,,,,,,,,,,,,,,,,--,,,,,,,,,,,,,,,,,,,,,,,,,,,623,0,0.00000002669204802,#VALUE!,,#VALUE!,#VALUE!,,#VALUE!,#VALUE!,,#VALUE!,#VALUE!,
🇨🇦,Aquacorde,0,1,7:57.023,7:57.023,14 Mar 2025,448,(V),5239949107527415069,,Yes,https://www.speedrun.com/mc/runs/y9pe59em,7,57,23,477023,0,0,477023,1.162452877,421494,1.131743275,,0.7993,1.289064634,68.1449,85.2541,756.0946,1.85733,,,,,,,,,,,,,,,,,,,,,,,,,,,,,,,,,,,,,,,,,,,,,,,,,,,,,,,,--,,,,,,,,,,,,,,,,,,,,,,,,,,,448,0.0001244583794,0.1061059152,#VALUE!,,#VALUE!,#VALUE!,,#VALUE!,#VALUE!,,#VALUE!,#VALUE!,
🇿🇦,Airpodsz,0,1,7:57.301,7:57.301,20 Oct 2025,228,(V),1950744630814396345,,Yes,https://www.speedrun.com/mc/runs/z175257z,7,57,301,477301,0,0,477301,1.163130332,410359,1.163130332,,0.8923,1.540020499,70.7003,79.2375,754.2994,1.86590,,,,,,,,,,,,,,,,,,,,,,,,,,,,,,,,,,,,,,,,,,,,,,,,,,,,,,,,--,,,,,,,,,,,,,,,,,,,,,,,,,,,228,0.3056742765,242.2087566,#VALUE!,,#VALUE!,#VALUE!,,#VALUE!,#VALUE!,,#VALUE!,#VALUE!,
🇫🇮,sadekeppi,0,1,7:56.839,7:57.450,21 Feb 2025,469,(V),-8774410482674782880,,Yes,https://www.speedrun.com/mc/runs/zpkp2jvy,7,57,450,477450,611,0.611,476839,1.163493429,421494,1.132756338,,0.7910,1.296535286,67.2927,85.0766,753.3344,1.87051,,,,,,,,,,,,,,,,,,,,,,,,,,,,,,,,,,,,,,,,,,,,,,,,,,,,,,,,--,,,,,,,,,,,,,,,,,,,,,,,,,,,469,0.00003309359165,0.02815490201,#VALUE!,,#VALUE!,#VALUE!,,#VALUE!,#VALUE!,,#VALUE!,#VALUE!,
🇨🇦,Jay12310,0,0,7:57.965,7:57.965,25 Dec 2025,162,(U),unknown,,Yes,https://www.youtube.com/watch?v=Dsok_v8zWzA&list=PLZ59bMb0zBUSR6W9smbN1LDkQJlGfPEUk,7,57,965,477965,0,0,477965,1.164748428,410359,1.164748428,,0.9222,1.554102209,72.7597,78.8985,749.9834,1.88652,,,,,,,,,,,,,,,,,,,,,,,,,,,,,,,,,,,,,,,,,,,,,,,,,,,,,,,,--,,,,,,,,,,,,,,,,,,,,,,,,,,,162,0.6536698967,515.735446,#VALUE!,,#VALUE!,#VALUE!,,#VALUE!,#VALUE!,,#VALUE!,#VALUE!,
🇵🇱,mati_lopez,0,1,7:58.102,7:58.102,01 Mar 2025,461,(V),-7204778880031266135,,Yes,https://www.speedrun.com/mc/runs/z08d87jm,7,58,102,478102,0,0,478102,1.165082282,421494,1.134303217,,0.7941,1.308020071,67.3455,84.8034,749.0879,1.89080,,,,,,,,,,,,,,,,,,,,,,,,,,,,,,,,,,,,,,,,,,,,,,,,,,,,,,,,--,,,,,,,,,,,,,,,,,,,,,,,,,,,461,0.000055606075,0.04715583036,#VALUE!,,#VALUE!,#VALUE!,,#VALUE!,#VALUE!,,#VALUE!,#VALUE!,
🇨🇿,kohout135,0,1,7:57.901,7:58.328,16 Jun 2025,354,(V),505133867771410090,,Yes,https://www.speedrun.com/mc/runs/yd4epqwy,7,58,328,478328,427,0.427,477901,1.165633019,410359,1.165633019,,0.8378,1.561850271,65.9432,78.7119,747.6071,1.89788,,,,,,,,,,,,,,,,,,,,,,,,,,,,,,,,,,,,,,,,,,,,,,,,,,,,,,,,--,,,,,,,,,,,,,,,,,,,,,,,,,,,354,0.0118410094,9.320282927,#VALUE!,,#VALUE!,#VALUE!,,#VALUE!,#VALUE!,,#VALUE!,#VALUE!,
🇩🇰,Bloopy,0,0,7:58.540,7:58.540,04 Feb 2025,486,(U),9020295482724158911,,,https://www.youtube.com/watch?v=rB_AjEUIYWE,7,58,540,478540,0,0,478540,1.16614964,421494,1.135342377,,0.7843,1.315788255,66.3638,84.6184,746.2139,1.90455,,,,,,,,,,,,,,,,,,,,,,,,,,,,,,,,,,,,,,,,,,,,,,,,,,,,,,,,--,,,,,,,,,,,,,,,,,,,,,,,,,,,486,0.00001034377571,0.008752736113,#VALUE!,,#VALUE!,#VALUE!,,#VALUE!,#VALUE!,,#VALUE!,#VALUE!,
🇦🇺,bigbigmongey,0,1,7:58.900,7:59.372,20 Oct 2025,228,(V),4336613090571479730,,Yes,https://www.speedrun.com/mc/runs/zn5kqqvz,7,59,372,479372,472,0.472,478900,1.168177133,410359,1.168177133,,0.8923,1.584331515,69.7484,78.1707,740.7072,1.93091,,,,,,,,,,,,,,,,,,,,,,,,,,,,,,,,,,,,,,,,,,,,,,,,,,,,,,,,--,,,,,,,,,,,,,,,,,,,,,,,,,,,228,0.3056742765,238.947632,#VALUE!,,#VALUE!,#VALUE!,,#VALUE!,#VALUE!,,#VALUE!,#VALUE!,
🇺🇦,dinonuggieboi,0,1,7:58.082,7:59.376,10 May 2025,391,(V),4495867891036383676,,Yes,https://www.speedrun.com/mc/runs/z16jpxwm,7,59,376,479376,1294,1.294,478082,1.16818688,421494,1.137325798,,0.8224,1.330734111,69.2991,84.2621,740.6806,1.93104,,,,,,,,,,,,,,,,,,,,,,,,,,,,,,,,,,,,,,,,,,,,,,,,,,,,,,,,--,,,,,,,,,,,,,,,,,,,,,,,,,,,391,0.002534783373,2.135860675,#VALUE!,,#VALUE!,#VALUE!,,#VALUE!,#VALUE!,,#VALUE!,#VALUE!,
🇺🇸,Infume,0,1,7:59.698,7:59.698,08 May 2025,393,(V),1457025420686153641,,Yes,https://www.speedrun.com/mc/runs/yd4634jy,7,59,698,479698,0,0,479698,1.168971559,421494,1.138089747,,0.8216,1.33653263,69.1161,84.1237,738.5328,1.94134,,,,,,,,,,,,,,,,,,,,,,,,,,,,,,,,,,,,,,,,,,,,,,,,,,,,,,,,--,,,,,,,,,,,,,,,,,,,,,,,,,,,393,0.002311529852,1.944543964,#VALUE!,,#VALUE!,#VALUE!,,#VALUE!,#VALUE!,,#VALUE!,#VALUE!,
🇨🇦,Aquacorde,0,0,7:59.882,8:00.035,19 Aug 2025,290,(U),-6415662147603823754,,,https://www.youtube.com/watch?v=WdnsDM7UisA,8,0,35,480035,153,0.153,479882,1.169792791,410359,1.169792791,,0.8650,1.59876171,67.3190,77.8234,736.2751,1.95216,,,,,,,,,,,,,,,,,,,,,,,,,,,,,,,,,,,,,,,,,,,,,,,,,,,,,,,,--,,,,,,,,,,,,,,,,,,,,,,,,,,,290,0.08725678115,67.90616769,#VALUE!,,#VALUE!,#VALUE!,,#VALUE!,#VALUE!,,#VALUE!,#VALUE!,
🇦🇺,bigbigmongey,0,1,7:58.808,8:00.202,05 May 2025,396,(V),1438072232147069823,,,https://www.speedrun.com/mc/runs/yd43n2xy,8,0,202,480202,1394,1.394,478808,1.170199752,421494,1.139285494,,0.8204,1.345655582,68.8338,83.9058,735.1526,1.95755,,,,,,,,,,,,,,,,,,,,,,,,,,,,,,,,,,,,,,,,,,,,,,,,,,,,,,,,,,,,,,,,,,,,,,,,,,,,,,,,,,,396,0.00200941107,1.686012769,#VALUE!,,#VALUE!,#VALUE!,,#VALUE!,#VALUE!,,#VALUE!,#VALUE!,
🇵🇱,watermelon1708,0,0,8:00.245,8:00.245,18 Mar 2026,79,(U),unknown,,,https://www.youtube.com/watch?v=P99-S3NPS-k,8,0,245,480245,0,0,480245,1.170304538,410359,1.170304538,,0.9613,1.603357361,74.7030,77.7128,734.8631,1.95894,,,,,,,,,,,,,,,,,,,,,,,,,,,,,,,,,,,,,,,,,,,,,,,,,,,,,,,,,,,,,,,,,,,,,,,,,,,,,,,,,,,79,0.9518918058,739.7416329,#VALUE!,,#VALUE!,#VALUE!,,#VALUE!,#VALUE!,,#VALUE!,#VALUE!,
🇫🇮,sadekeppi,0,0,8:00.342,8:01.352,15 Apr 2025,416,(U),unknown,,,https://www.youtube.com/watch?v=p5n5mCcWxvw,8,1,352,481352,1010,1.01,480342,1.173002176,421494,1.142013884,,0.8122,1.366688102,67.7404,83.4029,727.3561,1.99503,,,,,,,,,,,,,,,,,,,,,,,,,,,,,,,,,,,,,,,,,,,,,,,,,,,,,,,,,,,,,,,,,,,,,,,,,,,,,,,,,,,416,0.0007472359196,0.6232165044,#VALUE!,,#VALUE!,#VALUE!,,#VALUE!,#VALUE!,,#VALUE!,#VALUE!,
🇦🇹,Mescht,0,1,8:00.384,8:00.384,09 Apr 2025,422,(V),8206887781532841360,,Yes,https://www.speedrun.com/mc/runs/mko6ex3z,8,0,384,480384,0,0,480384,1.170643266,421494,1.139717291,,0.8098,1.348964129,67.8807,83.8268,733.9264,1.96344,,,,,,,,,,,,,,,,,,,,,,,,,,,,,,,,,,,,,,,,,,,,,,,,,,,,,,,,--,,,,,,,,,,,,,,,,,,,,,,,,,,,422,0.0005447711281,0.4566640057,#VALUE!,,#VALUE!,#VALUE!,,#VALUE!,#VALUE!,,#VALUE!,#VALUE!,
🇺🇸,meebie,0,1,8:00.427,8:00.427,20 Apr 2024,776,(U),unknown,,,https://www.youtube.com/watch?v=lSiuiiMRays&list=PLaTJSsRuu2Ufk7cX7bUTt9V-IJxa8wqSM&index=14,8,0,427,480427,0,0,480427,1.170748052,421494,1.139819309,,0.6784,1.349746917,56.8564,83.8081,733.6363,1.96483,,,,,,,,,,,,,,,,,,,,,,,,,,,,,,,,,,,,,,,,,,,,,,,,,,,,,,,,,,,,,,,,,,,,,,,,,,,,,,,,,,,776,0,0,#VALUE!,,#VALUE!,#VALUE!,,#VALUE!,#VALUE!,,#VALUE!,#VALUE!,
🇩🇪,jason_n,0,0,8:00.870,8:00.870,15 Jun 2025,355,(U),see video,,,https://www.youtube.com/watch?v=WU1fSPhJGAk,8,0,870,480870,0,0,480870,1.171827595,410359,1.171827595,,0.8374,1.617106433,64.7967,77.3820,730.6379,1.97924,,,,,,,,,,,,,,,,,,,,,,,,,,,,,,,,,,,,,,,,,,,,,,,,,,,,,,,,--,,,,,,,,,,,,,,,,,,,,,,,,,,,355,0.0114029008,8.823794399,#VALUE!,,#VALUE!,#VALUE!,,#VALUE!,#VALUE!,,#VALUE!,#VALUE!,
🇺🇸,meebie,0,1,8:00.927,8:00.927,10 Dec 2023,908,(V),698408566767839427,,,https://www.youtube.com/watch?v=PUuvT8h96hI&list=PLaTJSsRuu2Ufk7cX7bUTt9V-IJxa8wqSM&index=9,8,0,927,480927,0,0,480927,1.171966498,446254,1.077697903,,0.6351,0.944207622,59.1761,93.1786,730.2509,1.98110,,,,,,,,,,,,,,,,,,,,,,,,,,,,,,,,,,,,,,,,,,,,,,,,,,,,,,,,--,,,,,,,,,,,,,,,,,,,,,,,,,,,908,0,0,#VALUE!,,#VALUE!,#VALUE!,,#VALUE!,#VALUE!,,#VALUE!,#VALUE!,
🇹🇿,Kxpow,0,1,7:58.526,8:00.969,20 Jul 2024,685,(V),-2313608296694412917,,,https://www.speedrun.com/mc/runs/y8p9gwxz,8,0,969,480969,2443,2.443,478526,1.172068847,421494,1.141105211,,0.7100,1.359649811,59.3350,83.5713,729.9655,1.98247,,,,,,,,,,,,,,,,,,,,,,,,,,,,,,,,,,,,,,,,,,,,,,,,,,,,,,,,,,,,,,,,,,,,,,,,,,,,,,,,,,,685,0,0,#VALUE!,,#VALUE!,#VALUE!,,#VALUE!,#VALUE!,,#VALUE!,#VALUE!,
🇺🇸,thecamo6,0,1,8:00.680,8:01.217,28 May 2024,738,(V),8027147372185455800,,,https://www.speedrun.com/mc/runs/mel636qz,8,1,217,481217,537,0.537,480680,1.172673196,421494,1.141693595,,0.6914,1.364203406,57.7080,83.4624,728.2773,1.99059,,,,,,,,,,,,,,,,,,,,,,,,,,,,,,,,,,,,,,,,,,,,,,,,,,,,,,,,--,,,,,,,,,,,,,,,,,,,,,,,,,,,738,0,0,#VALUE!,,#VALUE!,#VALUE!,,#VALUE!,#VALUE!,,#VALUE!,#VALUE!,
🇺🇦,7rowl,0,1,8:00.564,8:01.225,19 Jul 2024,686,(V),4542168202417465956,,,https://www.speedrun.com/mc/runs/y4l3p3qz,8,1,225,481225,661,0.661,480564,1.172692691,421494,1.141712575,,0.7096,1.36435053,59.2256,83.4588,728.2228,1.99086,,,,,,,,,,,,,,,,,,,,,,,,,,,,,,,,,,,,,,,,,,,,,,,,,,,,,,,,--,,,,,,,,,,,,,,,,,,,,,,,,,,,686,0,0,#VALUE!,,#VALUE!,#VALUE!,,#VALUE!,#VALUE!,,#VALUE!,#VALUE!,
🇩🇪,jason_n,0,0,8:01.271,8:01.271,25 Oct 2024,588,(U),-8000908414180372217,,,https://www.youtube.com/watch?v=VmnT8lICQ94,8,1,271,481271,0,0,481271,1.172804788,421494,1.14182171,,0.7453,1.365196782,62.1848,83.4386,727.9090,1.99236,,,,,,,,,,,,,,,,,,,,,,,,,,,,,,,,,,,,,,,,,,,,,,,,,,,,,,,,--,,,,,,,,,,,,,,,,,,,,,,,,,,,588,0.000000001482186907,0.000001236715955,#VALUE!,,#VALUE!,#VALUE!,,#VALUE!,#VALUE!,,#VALUE!,#VALUE!,
🇧🇪,boyenn,0,1,7:59.551,8:01.422,08 Jun 2025,362,(V),254566834946075032,,,https://www.speedrun.com/mc/runs/z00rj59z,8,1,422,481422,1871,1.871,479551,1.173172758,421494,1.14217996,,0.8344,1.36797811,69.5686,83.3720,726.8778,1.99733,,,,,,,,,,,,,,,,,,,,,,,,,,,,,,,,,,,,,,,,,,,,,,,,,,,,,,,,--,,,,,,,,,,,,,,,,,,,,,,,,,,,362,0.008705565023,7.258006992,#VALUE!,,#VALUE!,#VALUE!,,#VALUE!,#VALUE!,,#VALUE!,#VALUE!,
🇫🇮,iluappi,0,1,7:59.559,8:01.633,15 Oct 2025,233,(V),-1502625211715149134,,,https://www.speedrun.com/mc/runs/y4016j2z,8,1,633,481633,2074,2.074,479559,1.173686942,410359,1.173686942,,0.8900,1.634037284,68.5100,76.9749,725.4334,2.00428,,,,,,,,,,,,,,,,,,,,,,,,,,,,,,,,,,,,,,,,,,,,,,,,,,,,,,,,--,,,,,,,,,,,,,,,,,,,,,,,,,,,233,0.2822580092,217.26775,#VALUE!,,#VALUE!,#VALUE!,,#VALUE!,#VALUE!,,#VALUE!,#VALUE!,
🇬🇧,priffie,0,1,8:03.241,8:03.241,03 Dec 2023,915,(V),-4868324554498692300,12,Yes,https://www.speedrun.com/mc/run/yoole61y,8,3,241,483241,0,0,483241,1.177605463,465828,1.03738075,,0.6329,0.7464535101,61.5762,97.2978,714.2998,2.05803,,,,,,,,,,,,,,,,,,,,,,,,,,,,,,,,,,,,,,,,,,,,,,,,,,,,,,,,--,,,,,,,,,,,,,,,,,,,,,,,,,,,915,0,0,#VALUE!,,#VALUE!,#VALUE!,,#VALUE!,#VALUE!,,#VALUE!,#VALUE!,
🇳🇴,skycrab1,0,0,8:03.337,8:03.337,17 Jun 2025,353,(U),-4304452735829751506,,,https://www.youtube.com/watch?v=ul-SUoNx_XU&list=PLU3_fvoJ1GyMStiA29z37DUPtG47PvOJz&index=131,8,3,337,483337,0,0,483337,1.177839404,410359,1.177839404,,0.8382,1.672434485,63.7471,76.0524,713.6281,2.06128,,,,,,,,,,,,,,,,,,,,,,,,,,,,,,,,,,,,,,,,,,,,,,,,,,,,,,,,--,,,,,,,,,,,,,,,,,,,,,,,,,,,353,0.0122933391,9.349385147,#VALUE!,,#VALUE!,#VALUE!,,#VALUE!,#VALUE!,,#VALUE!,#VALUE!,
Tenes9999,Tenes9999,0,1,8:03.631,8:03.631,16 May 2025,385,(V),-7442337813042441622,,,https://www.speedrun.com/mc/runs/zngk3x8m,8,3,631,483631,0,0,483631,1.17855585,421494,1.147420841,,0.8249,1.409269773,67.9568,82.3824,711.5661,2.07126,,,,,,,,,,,,,,,,,,,,,,,,,,,,,,,,,,,,,,,,,,,,,,,,,,,,,,,,--,,,,,,,,,,,,,,,,,,,,,,,,,,,385,0.00332374706,2.738183332,#VALUE!,,#VALUE!,#VALUE!,,#VALUE!,#VALUE!,,#VALUE!,#VALUE!,
🇸🇪,PAPLERR,0,1,8:04.190,8:04.190,26 Jan 2025,495,(V),-5524626450736366561,,,https://www.speedrun.com/mc/runs/m3w6egwy,8,4,190,484190,0,0,484190,1.179918072,421494,1.148747076,,0.7808,1.41989972,64.1209,82.1273,707.6252,2.09037,,,,,,,,,,,,,,,,,,,,,,,,,,,,,,,,,,,,,,,,,,,,,,,,,,,,,,,,,,,,,,,,,,,,,,,,,,,,,,,,,,,495,0.000005402020542,0.004436531769,#VALUE!,,#VALUE!,#VALUE!,,#VALUE!,#VALUE!,,#VALUE!,#VALUE!,
🇳🇴,skycrab1,0,0,8:04.394,8:04.394,30 Sep 2025,248,(U),see video,,,https://www.youtube.com/watch?v=xW_pib-H4zw&list=PLU3_fvoJ1GyMStiA29z37DUPtG47PvOJz&index=143,8,4,394,484394,0,0,484394,1.180415197,410359,1.180415197,,0.8834,1.696664062,66.6697,75.4712,706.1805,2.09738,,,,,,,,,,,,,,,,,,,,,,,,,,,,,,,,,,,,,,,,,,,,,,,,,,,,,,,,--,,,,,,,,,,,,,,,,,,,,,,,,,,,248,0.2175559544,164.1920522,#VALUE!,,#VALUE!,#VALUE!,,#VALUE!,#VALUE!,,#VALUE!,#VALUE!,
🇨🇦,Jay12310,0,0,8:04.480,8:04.480,26 Jan 2025,495,(U),unknown,,,https://www.youtube.com/watch?v=jjYvP5zAbZg&list=PLaTJSsRuu2UcsiC6KEkJwrGp1GaGgPoVG&index=5,8,4,480,484480,0,0,484480,1.18062477,421494,1.149435105,,0.7808,1.425443444,64.0169,81.9941,705.5704,2.10034,,,,,,,,,,,,,,,,,,,,,,,,,,,,,,,,,,,,,,,,,,,,,,,,,,,,,,,,--,,,,,,,,,,,,,,,,,,,,,,,,,,,495,0.000005402020542,0.004429340415,#VALUE!,,#VALUE!,#VALUE!,,#VALUE!,#VALUE!,,#VALUE!,#VALUE!,
🇧🇷,brahmaquente,0,1,8:01.509,8:04.797,12 May 2025,389,(V),4176313215067158543,,,https://www.speedrun.com/mc/runs/y4nwjk3m,8,4,797,484797,3288,3.288,481509,1.181397264,421494,1.150187191,,0.8232,1.431526127,67.3811,81.8480,703.3162,2.11130,,,,,,,,,,,,,,,,,,,,,,,,,,,,,,,,,,,,,,,,,,,,,,,,,,,,,,,,,,,,,,,,,,,,,,,,,,,,,,,,,,,389,0.002776992143,2.272913546,#VALUE!,,#VALUE!,#VALUE!,,#VALUE!,#VALUE!,,#VALUE!,#VALUE!,
🇺🇦,7rowl,0,1,8:04.491,8:05.070,13 May 2024,753,(U),3390807343358437717,,,https://www.youtube.com/watch?v=1KMm0eJPRws,8,5,70,485070,579,0.579,484491,1.182062535,421494,1.150834887,,0.6863,1.436783687,56.0823,81.7217,701.3681,2.12077,,,,,,,,,,,,,,,,,,,,,,,,,,,,,,,,,,,,,,,,,,,,,,,,,,,,,,,,--,,,,,,,,,,,,,,,,,,,,,,,,,,,753,0,0,#VALUE!,,#VALUE!,#VALUE!,,#VALUE!,#VALUE!,,#VALUE!,#VALUE!,
🇧🇬,BlindTravel,0,1,8:03.959,8:05.167,10 May 2025,391,(V),3979016117801702341,,,https://www.speedrun.com/mc/runs/y8g1jl5z,8,5,167,485167,1208,1.208,483959,1.182298914,421494,1.151065021,,0.8224,1.438656037,67.1728,81.6767,700.6744,2.12415,,,,,,,,,,,,,,,,,,,,,,,,,,,,,,,,,,,,,,,,,,,,,,,,,,,,,,,,,,,,,,,,,,,,,,,,,,,,,,,,,,,391,0.002534783373,2.070328078,#VALUE!,,#VALUE!,#VALUE!,,#VALUE!,#VALUE!,,#VALUE!,#VALUE!,
🇹🇿,Kxpow,0,0,8:02.735,8:05.252,10 May 2025,391,(U),-7680287748229501835,,,https://www.youtube.com/watch?v=B-KCsE-Rm1k,8,5,252,485252,2517,2.517,482735,1.18250605,421494,1.151266685,,0.8224,1.440298604,67.1404,81.6373,700.0659,2.12711,,,,,,,,,,,,,,,,,,,,,,,,,,,,,,,,,,,,,,,,,,,,,,,,,,,,,,,,,,,,,,,,,,,,,,,,,,,,,,,,,,,391,0.002534783373,2.069327516,#VALUE!,,#VALUE!,#VALUE!,,#VALUE!,#VALUE!,,#VALUE!,#VALUE!,
🇸🇪,v_strid,0,1,8:04.428,8:05.428,05 Feb 2025,485,(V),-5544842606483643213,,,https://www.speedrun.com/mc/runs/z5lxpqny,8,5,428,485428,1000,1,484428,1.182934942,421494,1.151684247,,0.7847,1.443705175,63.9935,81.5554,698.8041,2.13326,,,,,,,,,,,,,,,,,,,,,,,,,,,,,,,,,,,,,,,,,,,,,,,,,,,,,,,,,,,,,,,,,,,,,,,,,,,,,,,,,,,485,0.00001110169787,0.009054031867,#VALUE!,,#VALUE!,#VALUE!,,#VALUE!,#VALUE!,,#VALUE!,#VALUE!,
🇳🇴,skycrab1,0,0,8:05.447,8:05.447,13 Jul 2025,327,(U),8311211913392066784,,,https://www.youtube.com/watch?v=MPlhH010LdE&list=PLU3_fvoJ1GyMStiA29z37DUPtG47PvOJz&index=133,8,5,447,485447,0,0,485447,1.182981243,410359,1.182981243,,0.8492,1.721119446,63.5901,74.8853,698.6677,2.13393,,,,,,,,,,,,,,,,,,,,,,,,,,,,,,,,,,,,,,,,,,,,,,,,,,,,,,,,--,,,,,,,,,,,,,,,,,,,,,,,,,,,327,0.03030088679,22.69090027,#VALUE!,,#VALUE!,#VALUE!,,#VALUE!,#VALUE!,,#VALUE!,#VALUE!,
🇺🇦,loodlow,0,1,8:02.631,8:05.732,30 Jun 2025,340,(V),6502082647557812063,,,https://www.speedrun.com/mc/runs/z16gg09m,8,5,732,485732,3101,3.101,482631,1.183675757,410359,1.183675757,,0.8437,1.727793368,63.0433,74.7255,696.6185,2.14392,,,,,,,,,,,,,,,,,,,,,,,,,,,,,,,,,,,,,,,,,,,,,,,,,,,,,,,,--,,,,,,,,,,,,,,,,,,,,,,,,,,,340,0.01963581666,14.67296574,#VALUE!,,#VALUE!,#VALUE!,,#VALUE!,#VALUE!,,#VALUE!,#VALUE!,
🇵🇱,watermelon1708,0,1,8:03.854,8:07.194,06 Jul 2025,334,(V),9122600350394059007,,,https://www.speedrun.com/mc/runs/yw2v45ny,8,7,194,487194,3340,3.34,483854,1.187238491,410359,1.187238491,,0.8462,1.762400966,62.5327,73.8983,686.0016,2.19586,,,,,,,,,,,,,,,,,,,,,,,,,,,,,,,,,,,,,,,,,,,,,,,,,,,,,,,,--,,,,,,,,,,,,,,,,,,,,,,,,,,,334,0.02408971242,17.80187832,#VALUE!,,#VALUE!,#VALUE!,,#VALUE!,#VALUE!,,#VALUE!,#VALUE!,
🇩🇪,jason_n,0,0,8:07.349,8:07.349,10 Jun 2025,360,(U),6183710647574302652,,,https://www.youtube.com/watch?v=Logr5V0QDDk,8,7,349,487349,0,0,487349,1.187616209,421494,1.156241844,,0.8353,1.481372423,67.3641,80.6495,684.8659,2.20143,,,,,,,,,,,,,,,,,,,,,,,,,,,,,,,,,,,,,,,,,,,,,,,,,,,,,,,,--,,,,,,,,,,,,,,,,,,,,,,,,,,,360,0.00941359837,7.592015494,#VALUE!,,#VALUE!,#VALUE!,,#VALUE!,#VALUE!,,#VALUE!,#VALUE!,
🇸🇪,PAPLERR,0,1,8:07.689,8:07.689,28 May 2024,738,(V),-2052078032780233310,,,https://www.speedrun.com/mc/runs/y22nr37y,8,7,689,487689,0,0,487689,1.188444752,421494,1.157048499,,0.6914,1.488132579,55.6506,80.4868,682.3678,2.21371,,,,,,,,,,,,,,,,,,,,,,,,,,,,,,,,,,,,,,,,,,,,,,,,,,,,,,,,,,,,,,,,,,,,,,,,,,,,,,,,,,,738,0,0,#VALUE!,,#VALUE!,#VALUE!,,#VALUE!,#VALUE!,,#VALUE!,#VALUE!,
🇨🇳,Acactus_,0,1,8:05.297,8:08.421,23 Feb 2024,833,(V),6832552403849051699,,,https://www.speedrun.com/mc/runs/zn28n27z,8,8,421,488421,3124,3.124,485297,1.190228556,421494,1.158785178,,0.6594,1.502783103,52.8365,80.1341,676.9584,2.24034,,,,,,,,,,,,,,,,,,,,,,,,,,,,,,,,,,,,,,,,,,,,,,,,,,,,,,,,,,,,,,,,,,,,,,,,,,,,,,,,,,,833,0,0,#VALUE!,,#VALUE!,#VALUE!,,#VALUE!,#VALUE!,,#VALUE!,#VALUE!,
🇮🇱,sagi_enderman,0,1,8:05.180,8:08.427,24 Jan 2024,863,(V),-1127568643405241248,,,https://www.speedrun.com/mc/runs/zqdn2l1m,8,8,427,488427,3247,3.247,485180,1.190243177,421494,1.158799414,,0.6495,1.502903735,52.0480,80.1312,676.9139,2.24056,,,,,,,,,,,,,,,,,,,,,,,,,,,,,,,,,,,,,,,,,,,,,,,,,,,,,,,,--,,,,,,,,,,,,,,,,,,,,,,,,,,,863,0,0,#VALUE!,,#VALUE!,#VALUE!,,#VALUE!,#VALUE!,,#VALUE!,#VALUE!,
🇫🇮,Lathil,0,1,8:08.473,8:08.473,14 Apr 2025,417,(V),-1308536743164996263,,,https://www.speedrun.com/mc/runs/ylpgo0rm,8,8,473,488473,0,0,488473,1.190355274,421494,1.158908549,,0.8118,1.503828873,65.0325,80.1089,676.5725,2.24225,,,,,,,,,,,,,,,,,,,,,,,,,,,,,,,,,,,,,,,,,,,,,,,,,,,,,,,,,,,,,,,,,,,,,,,,,,,,,,,,,,,417,0.0007093430486,0.5682472348,#VALUE!,,#VALUE!,#VALUE!,,#VALUE!,#VALUE!,,#VALUE!,#VALUE!,
🇺🇸,meebie,0,0,8:09.030,8:09.030,16 Oct 2025,232,(U),unknown,,,https://www.youtube.com/watch?v=uZ1E_scaXFA&list=PLaTJSsRuu2Ufk7cX7bUTt9V-IJxa8wqSM&index=20,8,9,30,489030,0,0,489030,1.191712622,410359,1.191712622,,0.8905,1.806753411,64.8632,72.8412,672.4258,2.26273,,,,,,,,,,,,,,,,,,,,,,,,,,,,,,,,,,,,,,,,,,,,,,,,,,,,,,,,,,,,,,,,,,,,,,,,,,,,,,,,,,,232,0.2868726758,208.9613646,#VALUE!,,#VALUE!,#VALUE!,,#VALUE!,#VALUE!,,#VALUE!,#VALUE!,
🇸🇪,v_strid,0,0,8:09.512,8:10.109,24 Feb 2025,466,(U),unknown,,,https://www.youtube.com/watch?v=7pN0hljXFFU,8,10,109,490109,597,0.597,489512,1.194342027,421494,1.16278998,,0.7922,1.537073465,62.8245,79.3085,664.3245,2.30290,,,,,,,,,,,,,,,,,,,,,,,,,,,,,,,,,,,,,,,,,,,,,,,,,,,,,,,,,,,,,,,,,,,,,,,,,,,,,,,,,,,,,,,,,,,,,,,,
🇩🇪,jason_n,0,1,8:10.305,8:10.305,12 May 2024,754,(V),-8081672849157921881,,,https://www.speedrun.com/mc/runs/y46kvjnz,8,10,305,490305,0,0,490305,1.194819658,421494,1.163254993,,0.6859,1.541101205,54.3324,79.2115,662.8434,2.31027,,,,,,,,,,,,,,,,,,,,,,,,,,,,,,,,,,,,,,,,,,,,,,,,,,,,,,,,--,,,,,,,,,,,,,,,,,,,,,,,,,,,754,0,0,#VALUE!,,#VALUE!,#VALUE!,,#VALUE!,#VALUE!,,#VALUE!,#VALUE!,
🇺🇸,meebie,0,1,8:09.372,8:10.419,07 Jul 2023,1064,(V),-4538563713628989532,12,Yes,https://www.speedrun.com/mc/run/zge2pn0y,8,10,419,490419,1047,1.047,489372,1.195097463,465828,1.052789871,,0.5874,0.8167404078,56.3259,95.8854,661.9806,2.31456,,,,,,,,,,,,,,,,,,,,,,,,,,,,,,,,,,,,,,,,,,,,,,,,,,,,,,,,--,,,,,,,,,,,,,,,,,,,,,,,,,,,1064,0,0,#VALUE!,,#VALUE!,#VALUE!,,#VALUE!,#VALUE!,,#VALUE!,#VALUE!,
🇸🇰,NoFear1337,0,0,7:47.229,8:10.447,27 Dec 2023,891,(U),unknown,16,Yes,https://www.youtube.com/watch?v=GFz5UcBTrAk,8,10,447,490447,23218,23.218,467229,1.195165696,446254,1.099031045,,0.6405,1.068366434,57.9039,90.4037,661.7685,2.31562,,,,,,,,,,,,,,,,,,,,,,,,,,,,,,,,,,,,,,,,,,,,,,,,,,,,,,,,--,,,,,,,,,,,,,,,,,,,,,,,,,,,891,0,0,#VALUE!,,#VALUE!,#VALUE!,,#VALUE!,#VALUE!,,#VALUE!,#VALUE!,
🇺🇸,itsnahan,0,1,8:10.502,8:10.502,19 May 2025,382,(U),-2397708846488236424,,,https://www.youtube.com/watch?v=U4hoPKXpmyo,8,10,502,490502,0,0,490502,1.195299725,421494,1.163722378,,0.8261,1.545159242,65.3585,79.1138,661.3518,2.31769,,,,,,,,,,,,,,,,,,,,,,,,,,,,,,,,,,,,,,,,,,,,,,,,,,,,,,,,,,,,,,,,,,,,,,,,,,,,,,,,,,,382,0.003794142685,3.001690234,#VALUE!,,#VALUE!,#VALUE!,,#VALUE!,#VALUE!,,#VALUE!,#VALUE!,
🇳🇴,skycrab1,0,0,8:09.558,8:10.528,23 Jun 2024,712,(U),-6343411097658357214,,,https://www.youtube.com/watch?v=pmNaJCUang0&list=PLU3_fvoJ1GyMStiA29z37DUPtG47PvOJz&index=38,8,10,528,490528,970,0.97,489558,1.195363085,421494,1.163784063,,0.7005,1.545695551,55.4080,79.1009,661.1547,2.31867,,,,,,,,,,,,,,,,,,,,,,,,,,,,,,,,,,,,,,,,,,,,,,,,,,,,,,,,--,,,,,,,,,,,,,,,,,,,,,,,,,,,712,0,0,#VALUE!,,#VALUE!,#VALUE!,,#VALUE!,#VALUE!,,#VALUE!,#VALUE!,
🇬🇧,Steez,0,1,8:10.112,8:10.627,14 Aug 2025,295,(V),-550357973299006184,,,https://www.speedrun.com/mc/runs/y4nn06nm,8,10,627,490627,515,0.515,490112,1.195604337,410359,1.195604337,,0.8629,1.846153327,62.0445,71.9054,660.4038,2.32242,,,,,,,,,,,,,,,,,,,,,,,,,,,,,,,,,,,,,,,,,,,,,,,,,,,,,,,,,,,,,,,,,,,,,,,,,,,,,,,,,,,295,0.07674726717,55.18544293,#VALUE!,,#VALUE!,#VALUE!,,#VALUE!,#VALUE!,,#VALUE!,#VALUE!,
🇨🇦,Aquacorde,0,0,8:10.818,8:10.818,15 Jul 2025,325,(U),5155476148031295835,,,https://www.youtube.com/watch?v=m5GWURA89ts,8,10,818,490818,0,0,490818,1.196069783,410359,1.196069783,,0.8500,1.850917303,61.0248,71.7925,658.9530,2.32965,,,,,,,,,,,,,,,,,,,,,,,,,,,,,,,,,,,,,,,,,,,,,,,,,,,,,,,,--,,,,,,,,,,,,,,,,,,,,,,,,,,,325,0.03229598047,23.18609378,#VALUE!,,#VALUE!,#VALUE!,,#VALUE!,#VALUE!,,#VALUE!,#VALUE!,
🇳🇴,skycrab1,0,0,8:10.890,8:10.890,06 Jan 2025,515,(U),-7855142198495008899,,,https://www.youtube.com/watch?v=__bACJwOlow&list=PLU3_fvoJ1GyMStiA29z37DUPtG47PvOJz&index=107,8,10,890,490890,0,0,490890,1.196245239,421494,1.164642913,,0.7730,1.55318037,61.0042,78.9207,658.4054,2.33238,,,,,,,,,,,,,,,,,,,,,,,,,,,,,,,,,,,,,,,,,,,,,,,,,,,,,,,,--,,,,,,,,,,,,,,,,,,,,,,,,,,,515,0.000001169320789,0.0009228355822,#VALUE!,,#VALUE!,#VALUE!,,#VALUE!,#VALUE!,,#VALUE!,#VALUE!,
🇳🇴,skycrab1,0,0,8:10.497,8:11.103,07 Feb 2026,118,(U),unknown,,,https://www.youtube.com/watch?v=c8Pr_8UkxF0&list=PLU3_fvoJ1GyMStiA29z37DUPtG47PvOJz&index=167,8,11,103,491103,606,0.606,490497,1.196764297,410359,1.196764297,,0.9427,1.858046567,67.5201,71.6236,656.7831,2.34048,,,,,,,,,,,,,,,,,,,,,,,,,,,,,,,,,,,,,,,,,,,,,,,,,,,,,,,,,,,,,,,,,,,,,,,,,,,,,,,,,,,118,0.8484847223,607.7155798,#VALUE!,,#VALUE!,#VALUE!,,#VALUE!,#VALUE!,,#VALUE!,#VALUE!,
🇧🇷,brahmaquente,0,1,8:07.405,8:11.357,30 Jul 2024,675,(V),468064970823174801,,,https://www.speedrun.com/mc/runs/meg6x50y,8,11,357,491357,3952,3.952,487405,1.197383267,421494,1.165750877,,0.7136,1.562885244,56.1472,78.6870,654.8442,2.35018,,,,,,,,,,,,,,,,,,,,,,,,,,,,,,,,,,,,,,,,,,,,,,,,,,,,,,,,,,,,,,,,,,,,,,,,,,,,,,,,,,,675,0,0,#VALUE!,,#VALUE!,#VALUE!,,#VALUE!,#VALUE!,,#VALUE!,#VALUE!,
🇫🇷,M4xx,0,1,8:10.285,8:11.390,08 Jul 2025,332,(U),-7845767335663169011,,,https://www.youtube.com/watch?v=bqqPkFLKnU0,8,11,390,491390,1105,1.105,490285,1.197463684,410359,1.197463684,,0.8470,1.86525099,60.5241,71.4531,654.5920,2.35144,,,,,,,,,,,,,,,,,,,,,,,,,,,,,,,,,,,,,,,,,,,,,,,,,,,,,,,,,,,,,,,,,,,,,,,,,,,,,,,,,,,332,0.02574700936,18.39703619,#VALUE!,,#VALUE!,#VALUE!,,#VALUE!,#VALUE!,,#VALUE!,#VALUE!,
🇩🇰,Bloopy,0,0,8:11.720,8:11.720,07 Mar 2026,90,(U),6328234340742294275,,,https://www.youtube.com/watch?v=_3NI29jbOy0,8,11,720,491720,0,0,491720,1.198267858,410359,1.198267858,,0.9560,1.873566084,68.1210,71.2564,652.0650,2.36410,,,,,,,,,,,,,,,,,,,,,,,,,,,,,,,,,,,,,,,,,,,,,,,,,,,,,,,,,,,,,,,,,,,,,,,,,,,,,,,,,,,90,0.9296937948,662.4666052,#VALUE!,,#VALUE!,#VALUE!,,#VALUE!,#VALUE!,,#VALUE!,#VALUE!,
🇺🇸,itsnahan,0,1,8:11.731,8:12.061,26 Sep 2024,617,(V),8580381741511547234,,,https://www.speedrun.com/mc/runs/ydl27rxz,8,12,61,492061,330,0.33,491731,1.199098838,421494,1.167421126,,0.7345,1.577620273,57.5388,78.3322,649.4454,2.37724,,,,,,,,,,,,,,,,,,,,,,,,,,,,,,,,,,,,,,,,,,,,,,,,,,,,,,,,,,,,,,,,,,,,,,,,,,,,,,,,,,,617,0,0.00000004931847187,#VALUE!,,#VALUE!,#VALUE!,,#VALUE!,#VALUE!,,#VALUE!,#VALUE!,
🇷🇴,tudorule,0,1,8:08.070,8:12.219,03 May 2025,398,(V),3079207861677416186,,,https://www.speedrun.com/mc/runs/y6jp6n0m,8,12,219,492219,4149,4.149,488070,1.199483867,421494,1.167795983,,0.8195,1.580944705,64.1316,78.2522,648.2288,2.38335,,,,,,,,,,,,,,,,,,,,,,,,,,,,,,,,,,,,,,,,,,,,,,,,,,,,,,,,,,,,,,,,,,,,,,,,,,,,,,,,,,,398,0.001828097994,1.430526827,#VALUE!,,#VALUE!,#VALUE!,,#VALUE!,#VALUE!,,#VALUE!,#VALUE!,
🇦🇺,ParaFraser,0,1,8:10.103,8:12.481,05 Jul 2025,335,(V),-3856485852976638547,,,https://www.speedrun.com/mc/runs/y4nxdrdm,8,12,481,492481,2378,2.378,490103,1.200122332,410359,1.200122332,,0.8458,1.892869275,59.8814,70.8005,646.2074,2.39352,,,,,,,,,,,,,,,,,,,,,,,,,,,,,,,,,,,,,,,,,,,,,,,,,,,,,,,,,,,,,,,,,,,,,,,,,,,,,,,,,,,335,0.0232945116,16.49263554,#VALUE!,,#VALUE!,#VALUE!,,#VALUE!,#VALUE!,,#VALUE!,#VALUE!,
🇳🇴,skycrab1,0,0,8:12.697,8:12.697,16 Jun 2025,354,(U),8459975692548252643,,,https://www.youtube.com/watch?v=snXcok9zxhU&list=PLU3_fvoJ1GyMStiA29z37DUPtG47PvOJz&index=130,8,12,697,492697,0,0,492697,1.2006487,410359,1.2006487,,0.8378,1.898380935,59.2063,70.6705,644.5372,2.40194,,,,,,,,,,,,,,,,,,,,,,,,,,,,,,,,,,,,,,,,,,,,,,,,,,,,,,,,--,,,,,,,,,,,,,,,,,,,,,,,,,,,354,0.0118410094,8.368102491,#VALUE!,,#VALUE!,#VALUE!,,#VALUE!,#VALUE!,,#VALUE!,#VALUE!,
🇺🇸,Infume,0,0,8:12.836,8:12.836,17 Jun 2025,353,(U),unknown,,,https://www.youtube.com/watch?v=IKZLFxXVutk,8,12,836,492836,0,0,492836,1.200987428,410359,1.200987428,,0.8382,1.901935465,59.1657,70.5867,643.4606,2.40736,,,,,,,,,,,,,,,,,,,,,,,,,,,,,,,,,,,,,,,,,,,,,,,,,,,,,,,,,,,,,,,,,,,,,,,,,,,,,,,,,,,353,0.0122933391,8.677464409,#VALUE!,,#VALUE!,#VALUE!,,#VALUE!,#VALUE!,,#VALUE!,#VALUE!,
🇹🇿,Kxpow,0,0,8:11.452,8:12.866,09 Nov 2024,573,(U),-4774790054232718199,,,https://www.youtube.com/watch?v=hPLiTXbLFJs,8,12,866,492866,1414,1.414,491452,1.201060535,421494,1.169330999,,0.7509,1.594625009,58.5113,77.9229,643.2281,2.40854,,,,,,,,,,,,,,,,,,,,,,,,,,,,,,,,,,,,,,,,,,,,,,,,,,,,,,,,,,,,,,,,,,,,,,,,,,,,,,,,,,,573,0.000000006753184267,0.000005262278424,#VALUE!,,#VALUE!,#VALUE!,,#VALUE!,#VALUE!,,#VALUE!,#VALUE!,
🇨🇦,wethr,0,1,8:13.175,8:13.175,22 Dec 2024,530,(V),4556224492622948754,,,https://www.speedrun.com/mc/runs/y9p0o6vm,8,13,175,493175,0,0,493175,1.201813534,421494,1.170064105,,0.7672,1.601196695,59.6616,77.7648,640.8292,2.42065,,,,,,,,,,,,,,,,,,,,,,,,,,,,,,,,,,,,,,,,,,,,,,,,,,,,,,,,,,,,,,,,,,,,,,,,,,,,,,,,,,,530,0.0000003422583417,0.0002661564316,#VALUE!,,#VALUE!,#VALUE!,,#VALUE!,#VALUE!,,#VALUE!,#VALUE!,
🇺🇸,zylenox,0,0,8:11.111,8:13.283,16 Mar 2023,1177,(U),3386076644250915113,15,Yes,https://www.youtube.com/watch?v=t_huEH4IZxg,8,13,283,493283,2172,2.172,491111,1.202076718,465828,1.058938063,,0.5552,0.8465586261,52.8888,95.2677,639.9892,2.42490,,,,,,,,,,,,,,,,,,,,,,,,,,,,,,,,,,,,,,,,,,,,,,,,,,,,,,,,--,,,,,,,,,,,,,,,,,,,,,,,,,,,1177,0,0,#VALUE!,,#VALUE!,#VALUE!,,#VALUE!,#VALUE!,,#VALUE!,#VALUE!,
🇦🇺,bigbigmongey,0,1,8:12.044,8:12.649,02 Jul 2024,703,(V),8478412829008933608,,,https://www.speedrun.com/mc/runs/z0dvl6ey,8,12,649,492649,605,0.605,492044,1.20053173,421494,1.168816163,,0.7036,1.590024694,54.9070,78.0336,644.9086,2.40006,,,,,,,,,,,,,,,,,,,,,,,,,,,,,,,,,,,,,,,,,,,,,,,,,,,,,,,,,,,,,,,,,,,,,,,,,,,,,,,,,,,703,0,0,#VALUE!,,#VALUE!,#VALUE!,,#VALUE!,#VALUE!,,#VALUE!,#VALUE!,
🇬🇧,priffie,0,0,8:12.799,8:12.799,24 Nov 2024,558,(U),-8570838528164744494,,,https://www.youtube.com/watch?v=7FDQZBJ-OMw,8,12,799,492799,0,0,492799,1.200897263,421494,1.16917204,,0.7565,1.593203337,58.9777,77.9571,643.7473,2.40592,,,,,,,,,,,,,,,,,,,,,,,,,,,,,,,,,,,,,,,,,,,,,,,,,,,,,,,,,,,,,,,,,,,,,,,,,,,,,,,,,,,558,0.00000002847864867,0.00002220113874,#VALUE!,,#VALUE!,#VALUE!,,#VALUE!,#VALUE!,,#VALUE!,#VALUE!,
🇨🇦,MrBudgie,0,1,8:10.638,8:13.690,16 Aug 2024,658,(V),1320019232325394424,,,https://www.speedrun.com/mc/runs/yvx1dexz,8,13,690,493690,3052,3.052,490638,1.203068533,421494,1.17128595,,0.7196,1.612204547,55.7723,77.4999,636.8163,2.44096,,,,,,,,,,,,,,,,,,,,,,,,,,,,,,,,,,,,,,,,,,,,,,,,,,,,,,,,,,,,,,,,,,,,,,,,,,,,,,,,,,,658,0,0.0000000003286035578,#VALUE!,,#VALUE!,#VALUE!,,#VALUE!,#VALUE!,,#VALUE!,#VALUE!,
🇨🇦,Aquacorde,0,0,8:14.109,8:14.109,05 Jul 2025,335,(U),6586350975935929914,,,https://www.youtube.com/watch?v=G0Hp7oeSKuw,8,14,109,494109,0,0,494109,1.20408959,410359,1.20408959,,0.8458,1.934769938,59.0472,69.8142,633.5378,2.45760,,,,,,,,,,,,,,,,,,,,,,,,,,,,,,,,,,,,,,,,,,,,,,,,,,,,,,,,--,,,,,,,,,,,,,,,,,,,,,,,,,,,335,0.0232945116,16.26287727,#VALUE!,,#VALUE!,#VALUE!,,#VALUE!,#VALUE!,,#VALUE!,#VALUE!,
🇬🇧,priffie,0,0,8:14.135,8:14.135,17 Nov 2024,565,(U),unknown,,,https://www.youtube.com/watch?v=vyuhDkjpgio,8,14,135,494135,0,0,494135,1.204152949,421494,1.172341718,,0.7539,1.621771835,58.2534,77.2698,633.3340,2.45864,,,,,,,,,,,,,,,,,,,,,,,,,,,,,,,,,,,,,,,,,,,,,,,,,,,,,,,,,,,,,,,,,,,,,,,,,,,,,,,,,,,565,0.00000001468833053,0.00001134964423,#VALUE!,,#VALUE!,#VALUE!,,#VALUE!,#VALUE!,,#VALUE!,#VALUE!,
🇺🇸,Bloon,0,1,8:14.162,8:14.162,27 Oct 2025,221,(V),-960978816984086672,,,https://www.speedrun.com/mc/runs/z0k9kvjm,8,14,162,494162,0,0,494162,1.204218745,410359,1.204218745,,0.8954,1.936148012,62.4817,69.7818,633.1223,2.45972,,,,,,,,,,,,,,,,,,,,,,,,,,,,,,,,,,,,,,,,,,,,,,,,,,,,,,,,,,,,,,,,,,,,,,,,,,,,,,,,,,,221,0.3398040673,237.1215393,#VALUE!,,#VALUE!,#VALUE!,,#VALUE!,#VALUE!,,#VALUE!,#VALUE!,
🇨🇦,Jay12310,0,0,8:14.911,8:14.911,01 Dec 2025,186,(U),unknown,,,https://www.youtube.com/watch?v=DQen1iTu-So&list=PLaTJSsRuu2UcsiC6KEkJwrGp1GaGgPoVG&index=9,8,14,911,494911,0,0,494911,1.206043976,410359,1.206043976,,0.9112,1.955718132,63.1666,69.3229,627.2291,2.48975,,,,,,,,,,,,,,,,,,,,,,,,,,,,,,,,,,,,,,,,,,,,,,,,,,,,,,,,--,,,,,,,,,,,,,,,,,,,,,,,,,,,186,0.525457693,364.2624289,#VALUE!,,#VALUE!,#VALUE!,,#VALUE!,#VALUE!,,#VALUE!,#VALUE!,
🇸🇪,PAPLERR,0,0,8:14.936,8:14.936,23 Jan 2025,498,(U),unknown,,,https://www.youtube.com/watch?v=RzVXc5XHumc,8,14,936,494936,0,0,494936,1.206104898,421494,1.174242101,,0.7796,1.639123735,59.9128,76.8526,627.0318,2.49076,,,,,,,,,,,,,,,,,,,,,,,,,,,,,,,,,,,,,,,,,,,,,,,,,,,,,,,,,,,,,,,,,,,,,,,,,,,,,,,,,,,498,0.000004327159655,0.003325534854,#VALUE!,,#VALUE!,#VALUE!,,#VALUE!,#VALUE!,,#VALUE!,#VALUE!,
🇺🇸,doogile,1,1,8:10.241,8:15.537,06 Nov 2022,1307,(V),9153513292182018950,,,https://www.youtube.com/watch?v=8DYIvJETTDE,8,15,537,495537,5296,5.296,490241,1.20756947,517884,0.9568494103,,0.5202,0.467176738,53.1053,102.0821,622.2749,2.51511,,,,,,,,,,,,,,,,,,,,,,,,,,,,,,,,,,,,,,,,,,,,,,,,,,,,,,,,--,,,,,,,,,,,,,,,,,,,,,,,,,,,1307,0,0,#VALUE!,,#VALUE!,#VALUE!,,#VALUE!,#VALUE!,,#VALUE!,#VALUE!,
🇩🇰,Bloopy,0,0,8:15.715,8:15.715,06 Apr 2026,60,(U),3795610833190711920,,,https://www.youtube.com/watch?v=Tk_-9crkNP0,8,15,715,495715,0,0,495715,1.208003236,410359,1.208003236,,0.9704,1.976924004,66.7927,68.8268,620.8615,2.52236,,,,,,,,,,,,,,,,,,,,,,,,,,,,,,,,,,,,,,,,,,,,,,,,,,,,,,,,,,,,,,,,,,,,,,,,,,,,,,,,,,,60,0.9786316094,673.5608662,#VALUE!,,#VALUE!,#VALUE!,,#VALUE!,#VALUE!,,#VALUE!,#VALUE!,
🇨🇦,Aquacorde,0,0,8:16.080,8:16.080,19 Jul 2025,321,(U),-3413707190764289689,,,https://www.youtube.com/watch?v=ip7IP1Srx_o,8,16,80,496080,0,0,496080,1.208892701,410359,1.208892701,,0.8517,1.986619387,58.4282,68.6004,617.9568,2.53729,,,,,,,,,,,,,,,,,,,,,,,,,,,,,,,,,,,,,,,,,,,,,,,,,,,,,,,,--,,,,,,,,,,,,,,,,,,,,,,,,,,,321,0.0366033285,25.11004362,#VALUE!,,#VALUE!,#VALUE!,,#VALUE!,#VALUE!,,#VALUE!,#VALUE!,
🇧🇪,akbh,0,1,8:16.150,8:16.150,28 Oct 2025,220,(V),-494949671729861114,,,https://www.speedrun.com/mc/runs/y9w1kxrz,8,16,150,496150,0,0,496150,1.209063284,410359,1.209063284,,0.8958,1.988483673,61.4156,68.5569,617.3987,2.54017,,,,,,,,,,,,,,,,,,,,,,,,,,,,,,,,,,,,,,,,,,,,,,,,,,,,,,,,,,,,,,,,,,,,,,,,,,,,,,,,,,,220,0.3447968072,236.3821508,#VALUE!,,#VALUE!,#VALUE!,,#VALUE!,#VALUE!,,#VALUE!,#VALUE!,
🇬🇧,Mauvu,0,1,8:16.269,8:16.269,04 Jun 2025,366,(V),7577249546337144986,,,https://www.speedrun.com/mc/runs/yvl7e48z,8,16,269,496269,0,0,496269,1.209353274,421494,1.177404661,,0.8328,1.668376254,63.4152,76.1499,616.4493,2.54506,,,,,,,,,,,,,,,,,,,,,,,,,,,,,,,,,,,,,,,,,,,,,,,,,,,,,,,,,,,,,,,,,,,,,,,,,,,,,,,,,,,366,0.00742583903,5.654766712,#VALUE!,,#VALUE!,#VALUE!,,#VALUE!,#VALUE!,,#VALUE!,#VALUE!,
🇸🇰,NoFear1337,0,0,8:16.272,8:16.613,23 Apr 2026,43,(U),unknown,,,https://www.youtube.com/watch?v=NVqSAkRBd_4,8,16,613,496613,341,0.341,496272,1.210191564,410359,1.210191564,,0.9787,2.000854402,66.8165,68.2686,613.6998,2.55925,,,,,,,,,,,,,,,,,,,,,,,,,,,,,,,,,,,,,,,,,,,,,,,,,,,,,,,,,,,,,,,,,,,,,,,,,,,,,,,,,,,43,0.9920808232,677.2796422,#VALUE!,,#VALUE!,#VALUE!,,#VALUE!,#VALUE!,,#VALUE!,#VALUE!,
🇦🇷,TuCara9,0,1,8:17.207,8:17.713,26 Nov 2025,191,(V),7314274440218677457,,,https://www.speedrun.com/mc/runs/m326p64y,8,17,713,497713,506,0.506,497207,1.212872144,410359,1.212872144,,0.9089,2.03052378,61.4238,67.5790,604.8578,2.60510,,,,,,,,,,,,,,,,,,,,,,,,,,,,,,,,,,,,,,,,,,,,,,,,,,,,,,,,,,,,,,,,,,,,,,,,,,,,,,,,,,,191,0.4981833485,336.6672045,#VALUE!,,#VALUE!,#VALUE!,,#VALUE!,#VALUE!,,#VALUE!,#VALUE!,
🇨🇦,Aquacorde,0,0,8:17.895,8:17.895,12 Aug 2025,297,(U),-7262470716101336113,,,https://www.youtube.com/watch?v=ytYXAwlQPWg,8,17,895,497895,0,0,497895,1.213315658,410359,1.213315658,,0.8620,2.035470782,58.1542,67.4643,603.3878,2.61276,,,,,,,,,,,,,,,,,,,,,,,,,,,,,,,,,,,,,,,,,,,,,,,,,,,,,,,,--,,,,,,,,,,,,,,,,,,,,,,,,,,,297,0.07281689329,49.12538027,#VALUE!,,#VALUE!,#VALUE!,,#VALUE!,#VALUE!,,#VALUE!,#VALUE!,
🇮🇪,ContraVz,0,1,8:17.914,8:17.914,03 Apr 2025,428,(V),3844627486666536870,,,https://www.speedrun.com/mc/runs/y2n4p27y,8,17,914,497914,0,0,497914,1.213361959,421494,1.181307444,,0.8073,1.705131399,60.7677,75.2682,603.2342,2.61356,,,,,,,,,,,,,,,,,,,,,,,,,,,,,,,,,,,,,,,,,,,,,,,,,,,,,,,,,,,,,,,,,,,,,,,,,,,,,,,,,,,428,0.0003935607178,0.2962261686,#VALUE!,,#VALUE!,#VALUE!,,#VALUE!,#VALUE!,,#VALUE!,#VALUE!,
🇸🇪,v_strid,0,0,8:16.534,8:17.953,15 Apr 2025,416,(U),unknown,,,https://www.youtube.com/watch?v=r74-BZB9cgs,8,17,953,497953,1419,1.419,496534,1.213456997,421494,1.181399972,,0.8122,1.706011679,61.1162,75.2471,602.9188,2.61521,,,,,,,,,,,,,,,,,,,,,,,,,,,,,,,,,,,,,,,,,,,,,,,,,,,,,,,,,,,,,,,,,,,,,,,,,,,,,,,,,,,,,,,,,,,,,,,,
🇸🇪,PAPLERR,0,0,8:18.269,8:18.269,29 Oct 2024,584,(U),unknown,,,https://www.youtube.com/watch?v=ywRKfkc5_kM,8,18,269,498269,0,0,498269,1.214227055,421494,1.182149687,,0.7468,1.713159479,56.0643,75.0759,600.3606,2.62857,,,,,,,,,,,,,,,,,,,,,,,,,,,,,,,,,,,,,,,,,,,,,,,,,,,,,,,,,,,,,,,,,,,,,,,,,,,,,,,,,,,584,0.000000002238028707,0.000001680219883,#VALUE!,,#VALUE!,#VALUE!,,#VALUE!,#VALUE!,,#VALUE!,#VALUE!,
🇺🇸,Feinberg,0,1,8:15.802,8:18.453,23 Oct 2025,225,(V),-4568351362798030549,,,https://www.speedrun.com/mc/runs/zp5lnlny,8,18,453,498453,2651,2.651,495802,1.214675443,410359,1.214675443,,0.8936,2.050705749,59.9706,67.1115,598.8682,2.63637,,,,,,,,,,,,,,,,,,,,,,,,,,,,,,,,,,,,,,,,,,,,,,,,,,,,,,,,,,,,,,,,,,,,,,,,,,,,,,,,,,,225,0.3201189927,214.8366237,#VALUE!,,#VALUE!,#VALUE!,,#VALUE!,#VALUE!,,#VALUE!,#VALUE!,
🇩🇪,jason_n,0,0,8:18.588,8:18.588,19 Aug 2025,290,(U),4176206987315611766,,,https://www.youtube.com/watch?v=GBSM3X1G7Rg,8,18,588,498588,0,0,498588,1.215004423,410359,1.215004423,,0.8650,2.054407032,57.9789,67.0259,597.7720,2.64211,,,,,,,,,,,,,,,,,,,,,,,,,,,,,,,,,,,,,,,,,,,,,,,,,,,,,,,,--,,,,,,,,,,,,,,,,,,,,,,,,,,,290,0.08725678115,58.48464257,#VALUE!,,#VALUE!,#VALUE!,,#VALUE!,#VALUE!,,#VALUE!,#VALUE!,
🇩🇰,Bloopy,0,0,8:18.601,8:18.601,02 Aug 2025,307,(U),121410886578867315,,,https://www.youtube.com/watch?v=EwXtlrbNI1o,8,18,601,498601,0,0,498601,1.215036103,410359,1.215036103,,0.8577,2.054763769,57.4811,67.0177,597.6664,2.64267,,,,,,,,,,,,,,,,,,,,,,,,,,,,,,,,,,,,,,,,,,,,,,,,,,,,,,,,--,,,,,,,,,,,,,,,,,,,,,,,,,,,307,0.05538512074,37.11780788,#VALUE!,,#VALUE!,#VALUE!,,#VALUE!,#VALUE!,,#VALUE!,#VALUE!,
🇺🇸,zylenox,0,0,8:17.546,8:18.731,15 Apr 2024,781,(U),3379831003145275556,,,https://www.youtube.com/watch?v=JDIyooRslEc,8,18,731,498731,1185,1.185,497546,1.215352898,421494,1.183245788,,0.6767,1.723658811,50.6351,74.8245,596.6097,2.64821,,,,,,,,,,,,,,,,,,,,,,,,,,,,,,,,,,,,,,,,,,,,,,,,,,,,,,,,--,,,,,,,,,,,,,,,,,,,,,,,,,,,781,0,0,#VALUE!,,#VALUE!,#VALUE!,,#VALUE!,#VALUE!,,#VALUE!,#VALUE!,
🇳🇴,skycrab1,0,0,8:17.174,8:19.441,19 May 2024,747,(U),3087289280453736272,,,https://www.youtube.com/watch?v=82fZlnldpjc&list=PLU3_fvoJ1GyMStiA29z37DUPtG47PvOJz&index=21,8,19,441,499441,2267,2.267,497174,1.217083091,421494,1.184930272,,0.6883,1.739908312,51.2357,74.4357,590.8214,2.67866,,,,,,,,,,,,,,,,,,,,,,,,,,,,,,,,,,,,,,,,,,,,,,,,,,,,,,,,--,,,,,,,,,,,,,,,,,,,,,,,,,,,747,0,0,#VALUE!,,#VALUE!,#VALUE!,,#VALUE!,#VALUE!,,#VALUE!,#VALUE!,
🇫🇮,sadekeppi,0,0,8:19.618,8:19.618,22 Mar 2026,75,(U),6063058172507802220,,,https://www.youtube.com/watch?v=jy9oRPGabRY,8,19,618,499618,0,0,499618,1.21751442,410359,1.21751442,,0.9632,2.082845155,63.9270,66.3698,589.3739,2.68630,,,,,,,,,,,,,,,,,,,,,,,,,,,,,,,,,,,,,,,,,,,,,,,,,,,,,,,,,,,,,,,,,,,,,,,,,,,,,,,,,,,75,0.9586900093,636.2808578,#VALUE!,,#VALUE!,#VALUE!,,#VALUE!,#VALUE!,,#VALUE!,#VALUE!,
🇳🇴,skycrab1,0,0,8:19.619,8:19.619,09 Oct 2024,604,(U),-7062641621573021177,,,https://www.youtube.com/watch?v=qIX6RDLk3Fw&list=PLU3_fvoJ1GyMStiA29z37DUPtG47PvOJz&index=79,8,19,619,499619,0,0,499619,1.217516857,421494,1.185352579,,0.7393,1.744003915,54.9608,74.3378,589.3657,2.68634,,,,,,,,,,,,,,,,,,,,,,,,,,,,,,,,,,,,,,,,,,,,,,,,,,,,,,,,--,,,,,,,,,,,,,,,,,,,,,,,,,,,604,0.0000000002693831501,0.0000002002534526,#VALUE!,,#VALUE!,#VALUE!,,#VALUE!,#VALUE!,,#VALUE!,#VALUE!,
🇭🇷,Mar1n,0,1,8:19.806,8:19.806,21 Oct 2024,592,(V),698532108666567657,,,https://www.speedrun.com/mc/runs/z1n66ojy,8,19,806,499806,0,0,499806,1.217972556,421494,1.185796239,,0.7438,1.748316039,55.2148,74.2347,587.8346,2.69444,,,,,,,,,,,,,,,,,,,,,,,,,,,,,,,,,,,,,,,,,,,,,,,,,,,,,,,,,,,,,,,,,,,,,,,,,,,,,,,,,,,592,0.0000000009760875799,0.0000007245957739,#VALUE!,,#VALUE!,#VALUE!,,#VALUE!,#VALUE!,,#VALUE!,#VALUE!,
🇺🇸,Reignex,0,1,8:19.298,8:19.817,24 Sep 2023,985,(U),-3985147101755228047,,,https://www.youtube.com/watch?v=P5dL8lNC1pw,8,19,817,499817,519,0.519,499298,1.217999362,465828,1.072964699,,0.6111,0.9185930283,57.2815,93.7356,587.7445,2.69491,,,,,,,,,,,,,,,,,,,,,,,,,,,,,,,,,,,,,,,,,,,,,,,,,,,,,,,,,,,,,,,,,,,,,,,,,,,,,,,,,,,985,0,0,#VALUE!,,#VALUE!,#VALUE!,,#VALUE!,#VALUE!,,#VALUE!,#VALUE!,
🇺🇦,7rowl,0,1,8:17.517,8:20.033,31 May 2023,1101,(V),-3529659453233886563,,,https://www.speedrun.com/mc/runs/zqj4529m,8,20,33,500033,2516,2.516,497517,1.21852573,465828,1.07342839,,0.5767,0.9210725728,54.0227,93.6819,585.9733,2.70429,,,,,,,,,,,,,,,,,,,,,,,,,,,,,,,,,,,,,,,,,,,,,,,,,,,,,,,,--,,,,,,,,,,,,,,,,,,,,,,,,,,,1101,0,0,#VALUE!,,#VALUE!,#VALUE!,,#VALUE!,#VALUE!,,#VALUE!,#VALUE!,
🇿🇦,Airpodsz,0,1,8:20.084,8:20.084,22 Jun 2025,348,(U),-4055965136463756680,,,https://www.youtube.com/watch?v=TTa_ZbIyFbM&list=PLjW0OIc7zcEcqLcQwe9V6NfJUy0AUDomQ&index=11,8,20,84,500084,0,0,500084,1.218650011,410359,1.218650011,,0.8403,2.095827408,55.5195,66.0712,585.5548,2.70651,,,,,,,,,,,,,,,,,,,,,,,,,,,,,,,,,,,,,,,,,,,,,,,,,,,,,,,,,,,,,,,,,,,,,,,,,,,,,,,,,,,348,0.01478090402,9.76592628,#VALUE!,,#VALUE!,#VALUE!,,#VALUE!,#VALUE!,,#VALUE!,#VALUE!,
🇳🇴,skycrab1,0,0,8:20.209,8:20.209,15 Dec 2024,537,(U),-6441503782371694371,,,https://www.youtube.com/watch?v=MBNYYvNrJZk&list=PLU3_fvoJ1GyMStiA29z37DUPtG47PvOJz&index=103,8,20,209,500209,0,0,500209,1.218954623,421494,1.186752362,,0.7645,1.757641982,56.5840,74.0119,584.5283,2.71196,,,,,,,,,,,,,,,,,,,,,,,,,,,,,,,,,,,,,,,,,,,,,,,,,,,,,,,,--,,,,,,,,,,,,,,,,,,,,,,,,,,,537,0.0000001882649985,0.000139338504,#VALUE!,,#VALUE!,#VALUE!,,#VALUE!,#VALUE!,,#VALUE!,#VALUE!,
🇳🇴,skycrab1,0,0,8:20.575,8:20.575,29 Aug 2024,645,(U),6341036276828892777,,,https://www.youtube.com/watch?v=mUhBdkUS4Xo&list=PLU3_fvoJ1GyMStiA29z37DUPtG47PvOJz&index=61,8,20,575,500575,0,0,500575,1.219846525,421494,1.187620702,,0.7243,1.76615085,53.4623,73.8087,581.5179,2.72796,,,,,,,,,,,,,,,,,,,,,,,,,,,,,,,,,,,,,,,,,,,,,,,,,,,,,,,,--,,,,,,,,,,,,,,,,,,,,,,,,,,,645,0,0.000000001638392585,#VALUE!,,#VALUE!,#VALUE!,,#VALUE!,#VALUE!,,#VALUE!,#VALUE!,
🇺🇸,doogile,0,0,8:20.954,8:20.954,22 Sep 2024,621,(U),5840096564526051748,,,https://www.youtube.com/watch?v=GqY9MGcuvWk,8,20,954,500954,0,0,500954,1.220770106,421494,1.188519884,,0.7331,1.775001374,53.9529,73.5976,578.3931,2.74462,,,,,,,,,,,,,,,,,,,,,,,,,,,,,,,,,,,,,,,,,,,,,,,,,,,,,,,,--,,,,,,,,,,,,,,,,,,,,,,,,,,,621,0,0.00000002925810907,#VALUE!,,#VALUE!,#VALUE!,,#VALUE!,#VALUE!,,#VALUE!,#VALUE!,
🇹🇿,Kxpow,0,1,8:19.128,8:20.966,05 Dec 2023,913,(V),-207017292191506931,,,https://www.speedrun.com/mc/runs/z5ke9xjz,8,20,966,500966,1838,1.838,499128,1.220799349,465828,1.075431275,,0.6335,0.9318569318,59.1990,93.4479,578.2940,2.74515,,,,,,,,,,,,,,,,,,,,,,,,,,,,,,,,,,,,,,,,,,,,,,,,,,,,,,,,,,,,,,,,,,,,,,,,,,,,,,,,,,,913,0,0,#VALUE!,,#VALUE!,#VALUE!,,#VALUE!,#VALUE!,,#VALUE!,#VALUE!,
🇹🇿,Kxpow,0,1,8:19.488,8:21.011,09 Jan 2024,878,(V),4490097923820258206,,,https://www.speedrun.com/mc/runs/y8kg0e1y,8,21,11,501011,1523,1.523,499488,1.220909009,421494,1.188655117,,0.6447,1.776335935,47.4264,73.5657,577.9224,2.74713,,,,,,,,,,,,,,,,,,,,,,,,,,,,,,,,,,,,,,,,,,,,,,,,,,,,,,,,,,,,,,,,,,,,,,,,,,,,,,,,,,,878,0,0,#VALUE!,,#VALUE!,#VALUE!,,#VALUE!,#VALUE!,,#VALUE!,#VALUE!,
🇺🇦,dinonuggieboi,0,1,8:20.213,8:21.405,23 Dec 2024,529,(V),2194551805406621364,,,https://www.speedrun.com/mc/runs/zpk476gy,8,21,405,501405,1192,1.192,500213,1.221869144,421494,1.189589887,,0.7676,1.785585745,56.2990,73.3452,574.6648,2.76456,,,,,,,,,,,,,,,,,,,,,,,,,,,,,,,,,,,,,,,,,,,,,,,,,,,,,,,,,,,,,,,,,,,,,,,,,,,,,,,,,,,529,0.0000003722914208,0.0002730579021,#VALUE!,,#VALUE!,#VALUE!,,#VALUE!,#VALUE!,,#VALUE!,#VALUE!,
🇫🇮,AndrewCrow,0,1,8:19.952,8:21.407,19 Oct 2025,229,(V),4078753902684247139,,,https://www.speedrun.com/mc/runs/yw580r9y,8,21,407,501407,1455,1.455,499952,1.221874018,410359,1.221874018,,0.8918,2.133082554,58.1619,65.2177,574.6483,2.76465,,,,,,,,,,,,,,,,,,,,,,,,,,,,,,,,,,,,,,,,,,,,,,,,,,,,,,,,,,,,,,,,,,,,,,,,,,,,,,,,,,,229,0.3009235901,196.255427,#VALUE!,,#VALUE!,#VALUE!,,#VALUE!,#VALUE!,,#VALUE!,#VALUE!,
🇳🇴,skycrab1,0,0,8:22.065,8:22.065,06 Mar 2026,91,(U),unknown,,,https://www.youtube.com/watch?v=WR8_NH2aZTo&list=PLU3_fvoJ1GyMStiA29z37DUPtG47PvOJz&index=171,8,22,65,502065,0,0,502065,1.223477492,410359,1.223477492,,0.9555,2.151832444,61.9081,64.7900,569.1902,2.79399,,,,,,,,,,,,,,,,,,,,,,,,,,,,,,,,,,,,,,,,,,,,,,,,,,,,,,,,,,,,,,,,,,,,,,,,,,,,,,,,,,,91,0.9274122483,600.8705889,#VALUE!,,#VALUE!,#VALUE!,,#VALUE!,#VALUE!,,#VALUE!,#VALUE!,
🇺🇸,Feinberg,0,1,8:21.322,8:22.104,21 Oct 2025,227,(V),8513141949686627238,,,https://www.speedrun.com/mc/runs/yw58n63y,8,22,104,502104,782,0.782,501322,1.22357253,410359,1.22357253,,0.8927,2.152948396,57.8156,64.7646,568.8660,2.79574,,,,,,,,,,,,,,,,,,,,,,,,,,,,,,,,,,,,,,,,,,,,,,,,,,,,,,,,,,,,,,,,,,,,,,,,,,,,,,,,,,,227,0.3104574885,201.0665741,#VALUE!,,#VALUE!,#VALUE!,,#VALUE!,#VALUE!,,#VALUE!,#VALUE!,
🇩🇪,jason_n,0,0,8:22.273,8:22.273,02 Feb 2026,123,(U),7995908203394493910,,,https://www.youtube.com/watch?v=JHDFp57LuTQ,8,22,273,502273,0,0,502273,1.223984365,410359,1.223984365,,0.9404,2.157790205,60.7980,64.6544,567.4604,2.80333,,,,,,,,,,,,,,,,,,,,,,,,,,,,,,,,,,,,,,,,,,,,,,,,,,,,,,,,--,,,,,,,,,,,,,,,,,,,,,,,,,,,123,0.8302016134,536.7618735,#VALUE!,,#VALUE!,#VALUE!,,#VALUE!,#VALUE!,,#VALUE!,#VALUE!,
🇳🇴,skycrab1,0,0,8:22.292,8:22.292,10 Dec 2024,542,(U),7706444672099891654,,,https://www.youtube.com/watch?v=VKGDkYwS24I&list=PLU3_fvoJ1GyMStiA29z37DUPtG47PvOJz&index=101,8,22,292,502292,0,0,502292,1.224030666,421494,1.191694306,,0.7626,1.806569797,55.5532,72.8455,567.3023,2.80418,,,,,,,,,,,,,,,,,,,,,,,,,,,,,,,,,,,,,,,,,,,,,,,,,,,,,,,,--,,,,,,,,,,,,,,,,,,,,,,,,,,,542,0.0000001216632566,0.00008862623369,#VALUE!,,#VALUE!,#VALUE!,,#VALUE!,#VALUE!,,#VALUE!,#VALUE!,
🇫🇷,M4xx,0,1,8:21.006,8:22.690,16 Aug 2024,658,(V),2010915653729741497,,,https://www.speedrun.com/mc/runs/y9d9rr2m,8,22,690,502690,1684,1.684,501006,1.225000548,421494,1.192638567,,0.7196,1.816057944,52.2604,72.6199,563.9862,2.82212,,,,,,,,,,,,,,,,,,,,,,,,,,,,,,,,,,,,,,,,,,,,,,,,,,,,,,,,,,,,,,,,,,,,,,,,,,,,,,,,,,,658,0,0.0000000003079118846,#VALUE!,,#VALUE!,#VALUE!,,#VALUE!,#VALUE!,,#VALUE!,#VALUE!,
🇸🇪,v_strid,0,0,8:22.895,8:23.209,24 Feb 2025,466,(U),unknown,,,https://www.youtube.com/watch?v=ghEHinYlhQ4,8,23,209,503209,314,0.314,502895,1.226265295,421494,1.193869901,,0.7922,1.828498578,57.2920,72.3243,559.6506,2.84568,,,,,,,,,,,,,,,,,,,,,,,,,,,,,,,,,,,,,,,,,,,,,,,,,,,,,,,,,,,,,,,,,,,,,,,,,,,,,,,,,,,,,,,,,,,,,,,,
🇫🇮,Cube1337x,0,1,8:23.352,8:23.352,29 Feb 2024,827,(V),5421616656737029560,,,https://www.speedrun.com/mc/runs/yvl3g1ez,8,23,352,503352,0,0,503352,1.22661377,421494,1.19420917,,0.6613,1.831939897,47.7763,72.2426,558.4538,2.85220,,,,,,,,,,,,,,,,,,,,,,,,,,,,,,,,,,,,,,,,,,,,,,,,,,,,,,,,--,,,,,,,,,,,,,,,,,,,,,,,,,,,827,0,0,#VALUE!,,#VALUE!,#VALUE!,,#VALUE!,#VALUE!,,#VALUE!,#VALUE!,
🇨🇦,wethr,0,0,8:23.718,8:23.718,04 Jun 2025,366,(U),unknown,,,https://www.youtube.com/watch?v=61Tio-zVNtk,8,23,718,503718,0,0,503718,1.227505672,421494,1.19507751,,0.8328,1.840774512,59.9868,72.0330,555.3865,2.86896,,,,,,,,,,,,,,,,,,,,,,,,,,,,,,,,,,,,,,,,,,,,,,,,,,,,,,,,,,,,,,,,,,,,,,,,,,,,,,,,,,,366,0.00742583903,5.349051895,#VALUE!,,#VALUE!,#VALUE!,,#VALUE!,#VALUE!,,#VALUE!,#VALUE!,
🇿🇦,Airpodsz,0,1,8:23.804,8:23.804,13 Jun 2025,357,(U),-6210122066414894256,,,https://www.youtube.com/watch?v=ZR9aV6-3rnQ&list=PLjW0OIc7zcEcqLcQwe9V6NfJUy0AUDomQ&index=13,8,23,804,503804,0,0,503804,1.227715244,410359,1.227715244,,0.8365,2.20210083,53.2447,63.6499,554.6649,2.87291,,,,,,,,,,,,,,,,,,,,,,,,,,,,,,,,,,,,,,,,,,,,,,,,,,,,,,,,,,,,,,,,,,,,,,,,,,,,,,,,,,,357,0.01056795151,6.72649473,#VALUE!,,#VALUE!,#VALUE!,,#VALUE!,#VALUE!,,#VALUE!,#VALUE!,
,lowkey,0,1,8:22.028,8:23.880,22 May 2023,1110,(V),9002087332504975257,,Yes,https://www.youtube.com/watch?v=jFKZ4TUPdmo,8,23,880,503880,1852,1.852,502028,1.227900448,465828,1.081686803,,0.5741,0.9663247505,53.2125,92.6930,554.0270,2.87640,,,,,,,,,,,,,,,,,,,,,,,,,,,,,,,,,,,,,,,,,,,,,,,,,,,,,,,,--,,,,,,,,,,,,,,,,,,,,,,,,,,,1110,0,0,#VALUE!,,#VALUE!,#VALUE!,,#VALUE!,#VALUE!,,#VALUE!,#VALUE!,
🇦🇺,Erikfzf,0,1,8:24.041,8:24.041,20 Nov 2024,562,(V),-6796941207508613900,,,https://www.speedrun.com/mc/runs/y8p52pnz,8,24,41,504041,0,0,504041,1.228292788,421494,1.195843832,,0.7550,1.848603239,54.2468,71.8473,552.6746,2.88382,,,,,,,,,,,,,,,,,,,,,,,,,,,,,,,,,,,,,,,,,,,,,,,,,,,,,,,,,,,,,,,,,,,,,,,,,,,,,,,,,,,562,0.00000001954721922,0.00001404415814,#VALUE!,,#VALUE!,#VALUE!,,#VALUE!,#VALUE!,,#VALUE!,#VALUE!,
🇮🇹,Ale267,0,1,8:24.141,8:24.141,13 Jun 2025,357,(V),8802496130484979857,,,https://www.speedrun.com/mc/runs/zng0o67m,8,24,141,504141,0,0,504141,1.228536477,410359,1.228536477,,0.8365,2.211963432,53.0585,63.4274,551.8341,2.88843,,,,,,,,,,,,,,,,,,,,,,,,,,,,,,,,,,,,,,,,,,,,,,,,,,,,,,,,,,,,,,,,,,,,,,,,,,,,,,,,,,,357,0.01056795151,6.702976574,#VALUE!,,#VALUE!,#VALUE!,,#VALUE!,#VALUE!,,#VALUE!,#VALUE!,
🇳🇴,skycrab1,0,0,8:24.266,8:24.266,25 Jan 2025,496,(U),-2192530939169664687,,,https://www.youtube.com/watch?v=G-ri7QuIsdY&list=PLU3_fvoJ1GyMStiA29z37DUPtG47PvOJz&index=110,8,24,266,504266,0,0,504266,1.228841088,421494,1.196377647,,0.7804,1.854074502,55.9656,71.7177,550.7829,2.89421,,,,,,,,,,,,,,,,,,,,,,,,,,,,,,,,,,,,,,,,,,,,,,,,,,,,,,,,--,,,,,,,,,,,,,,,,,,,,,,,,,,,496,0.000005018429108,0.003599102226,#VALUE!,,#VALUE!,#VALUE!,,#VALUE!,#VALUE!,,#VALUE!,#VALUE!,
🇦🇺,Erikfzf,0,1,8:24.756,8:24.826,02 Jan 2024,885,(V),3735207518751547870,,,https://www.speedrun.com/mc/runs/m73or65y,8,24,826,504826,70,0.07,504756,1.230205747,446254,1.131252605,,0.6424,1.285460671,54.8247,85.3397,546.0651,2.92023,,,,,,,,,,,,,,,,,,,,,,,,,,,,,,,,,,,,,,,,,,,,,,,,,,,,,,,,,,,,,,,,,,,,,,,,,,,,,,,,,,,885,0,0,#VALUE!,,#VALUE!,#VALUE!,,#VALUE!,#VALUE!,,#VALUE!,#VALUE!,
🇺🇸,zylenox,0,0,8:23.301,8:25.202,19 May 2025,382,(U),unknown,,,https://www.youtube.com/watch?v=g78Kgv4uZVI,8,25,202,505202,1901,1.901,503301,1.231122018,421494,1.198598319,,0.8261,1.876992746,58.8003,71.1754,542.8902,2.93782,,,,,,,,,,,,,,,,,,,,,,,,,,,,,,,,,,,,,,,,,,,,,,,,,,,,,,,,,,,,,,,,,,,,,,,,,,,,,,,,,,,382,0.003794142685,2.70049739,#VALUE!,,#VALUE!,#VALUE!,,#VALUE!,#VALUE!,,#VALUE!,#VALUE!,
🇬🇧,priffie,0,0,8:25.369,8:25.369,07 Apr 2025,424,(U),unknown,,,https://www.youtube.com/watch?v=xm3MGlAITPE,8,25,369,505369,0,0,505369,1.231528978,421494,1.198994529,,0.8090,1.881108656,57.4997,71.0782,541.4783,2.94566,,,,,,,,,,,,,,,,,,,,,,,,,,,,,,,,,,,,,,,,,,,,,,,,,,,,,,,,,,,,,,,,,,,,,,,,,,,,,,,,,,,424,0.0004893158338,0.3477967742,#VALUE!,,#VALUE!,#VALUE!,,#VALUE!,#VALUE!,,#VALUE!,#VALUE!,
🇦🇺,retropog,0,1,8:25.491,8:25.491,12 Aug 2025,297,(V),-6648406379191052807,,,https://www.speedrun.com/mc/runs/yljj7rkm,8,25,491,505491,0,0,505491,1.231826279,410359,1.231826279,,0.8620,2.251871125,53.9016,62.5308,540.4461,2.95140,,,,,,,,,,,,,,,,,,,,,,,,,,,,,,,,,,,,,,,,,,,,,,,,,,,,,,,,,,,,,,,,,,,,,,,,,,,,,,,,,,,297,0.07281689329,45.53301631,#VALUE!,,#VALUE!,#VALUE!,,#VALUE!,#VALUE!,,#VALUE!,#VALUE!,
🇬🇧,priffie,0,0,8:25.648,8:25.993,31 Oct 2024,582,(U),-2544781040653393678,,,https://www.youtube.com/watch?v=jTd7zlC8Y_s,8,25,993,505993,345,0.345,505648,1.233049598,421494,1.200474977,,0.7475,1.896560257,52.8594,70.7135,536.1928,2.97513,,,,,,,,,,,,,,,,,,,,,,,,,,,,,,,,,,,,,,,,,,,,,,,,,,,,,,,,,,,,,,,,,,,,,,,,,,,,,,,,,,,582,0.000000002744308243,0.000001940595105,#VALUE!,,#VALUE!,#VALUE!,,#VALUE!,#VALUE!,,#VALUE!,#VALUE!,
🇹🇷,Ancoboy,0,1,8:24.801,8:26.599,25 Jun 2025,345,(U),unknown,,,https://www.youtube.com/watch?v=H-nEwVxqPGQ,8,26,599,506599,1798,1.798,504801,1.234526354,410359,1.234526354,,0.8416,2.285106263,51.9991,61.7891,531.0459,3.00401,,,,,,,,,,,,,,,,,,,,,,,,,,,,,,,,,,,,,,,,,,,,,,,,,,,,,,,,,,,,,,,,,,,,,,,,,,,,,,,,,,,345,0.01646756649,10.17516282,#VALUE!,,#VALUE!,#VALUE!,,#VALUE!,#VALUE!,,#VALUE!,#VALUE!,
🇨🇦,Jay12310,0,0,8:26.738,8:26.738,24 Nov 2025,193,(U),unknown,,,https://www.youtube.com/watch?v=fEau7iO9TJQ&list=PLaTJSsRuu2UcsiC6KEkJwrGp1GaGgPoVG&index=8,8,26,738,506738,0,0,506738,1.234865082,410359,1.234865082,,0.9080,2.289306547,56.0203,61.6957,529.8634,3.01067,,,,,,,,,,,,,,,,,,,,,,,,,,,,,,,,,,,,,,,,,,,,,,,,,,,,,,,,--,,,,,,,,,,,,,,,,,,,,,,,,,,,193,0.4872852005,300.6339874,#VALUE!,,#VALUE!,#VALUE!,,#VALUE!,#VALUE!,,#VALUE!,#VALUE!,
🇹🇿,Kxpow,0,0,8:24.614,8:26.794,16 Feb 2025,474,(U),5461458107701865257,,,https://www.youtube.com/watch?v=tlAI3ivGJ7E,8,26,794,506794,2180,2.18,504614,1.235001547,421494,1.20237536,,0.7890,1.916563061,55.4205,70.2422,529.3868,3.01336,,,,,,,,,,,,,,,,,,,,,,,,,,,,,,,,,,,,,,,,,,,,,,,,,,,,,,,,,,,,,,,,,,,,,,,,,,,,,,,,,,,474,0.00002370931853,0.01665394914,#VALUE!,,#VALUE!,#VALUE!,,#VALUE!,#VALUE!,,#VALUE!,#VALUE!,
🇺🇸,zylenox,0,0,8:24.513,8:26.865,22 Apr 2023,1140,(U),2931282686903167782,12,Yes,https://www.youtube.com/watch?v=MBJI6KWkH2Q,8,26,865,506865,2352,2.352,504513,1.235174567,465828,1.088094747,,0.5655,1.002894487,51.9612,91.8813,528.7824,3.01677,,,,,,,,,,,,,,,,,,,,,,,,,,,,,,,,,,,,,,,,,,,,,,,,,,,,,,,,--,,,,,,,,,,,,,,,,,,,,,,,,,,,1140,0,0,#VALUE!,,#VALUE!,#VALUE!,,#VALUE!,#VALUE!,,#VALUE!,#VALUE!,
🇷🇸,skylewl,0,1,8:26.341,8:26.935,22 May 2025,379,(V),-1265497981289572825,,,https://www.speedrun.com/mc/runs/zpolr1nm,8,26,935,506935,594,0.594,506341,1.235345149,421494,1.202709884,,0.8274,1.920103839,58.0476,70.1589,528.1864,3.02013,,,,,,,,,,,,,,,,,,,,,,,,,,,,,,,,,,,,,,,,,,,,,,,,,,,,,,,,,,,,,,,,,,,,,,,,,,,,,,,,,,,379,0.004322186373,3.032398519,#VALUE!,,#VALUE!,#VALUE!,,#VALUE!,#VALUE!,,#VALUE!,#VALUE!,
🇨🇦,Jay12310,0,1,8:26.957,8:26.957,07 May 2024,759,(V),608766675105077046,,,https://www.speedrun.com/mc/runs/y22k556y,8,26,957,506957,0,0,506957,1.235398761,421494,1.20276208,,0.6842,1.920656834,47.9941,70.1459,527.9990,3.02119,,,,,,,,,,,,,,,,,,,,,,,,,,,,,,,,,,,,,,,,,,,,,,,,,,,,,,,,--,,,,,,,,,,,,,,,,,,,,,,,,,,,759,0,0,#VALUE!,,#VALUE!,#VALUE!,,#VALUE!,#VALUE!,,#VALUE!,#VALUE!,
🇿🇦,Airpodsz,0,0,8:26.899,8:27.143,10 Oct 2025,238,(U),8562500061980624537,,,https://www.youtube.com/watch?v=imhzoxbMZqY&list=PLjW0OIc7zcEcqLcQwe9V6NfJUy0AUDomQ&index=9,8,27,143,507143,244,0.244,506899,1.235852022,410359,1.235852022,,0.8878,2.301584263,54.5319,61.4231,526.4143,3.03015,,,,,,,,,,,,,,,,,,,,,,,,,,,,,,,,,,,,,,,,,,,,,,,,,,,,,,,,,,,,,,,,,,,,,,,,,,,,,,,,,,,238,0.2597262207,159.5317797,#VALUE!,,#VALUE!,#VALUE!,,#VALUE!,#VALUE!,,#VALUE!,#VALUE!,
🇸🇪,v_strid,0,1,8:26.766,8:27.232,11 Oct 2024,602,(V),891768856307094834,,,https://www.speedrun.com/mc/runs/ydlvn3qz,8,27,232,507232,466,0.466,506766,1.236068906,421494,1.203414521,,0.7401,1.927581431,51.7929,69.9831,525.6556,3.03445,,,,,,,,,,,,,,,,,,,,,,,,,,,,,,,,,,,,,,,,,,,,,,,,,,,,,,,,,,,,,,,,,,,,,,,,,,,,,,,,,,,,,,,,,,,,,,,,
🇫🇮,sadekeppi,0,0,8:26.965,8:27.444,01 Jan 2026,155,(U),unknown,,,https://www.youtube.com/watch?v=sHGcb5u_PzY,8,27,444,507444,479,0.479,506965,1.236585526,410359,1.236585526,,0.9254,2.310747371,56.6546,61.2200,523.8473,3.04470,,,,,,,,,,,,,,,,,,,,,,,,,,,,,,,,,,,,,,,,,,,,,,,,,,,,,,,,,,,,,,,,,,,,,,,,,,,,,,,,,,,155,0.6890871695,421.8591087,#VALUE!,,#VALUE!,#VALUE!,,#VALUE!,#VALUE!,,#VALUE!,#VALUE!,
🇺🇸,zylenox,0,1,8:25.432,8:27.473,17 Dec 2022,1266,(V),-4934318869749955,12,Yes,https://www.speedrun.com/mc/run/yln0kekz,8,27,473,507473,2041,2.041,505432,1.236656196,495537,1.024087001,,0.5310,0.6906469667,52.2339,98.3696,523.5998,3.04611,,,,,,,,,,,,,,,,,,,,,,,,,,,,,,,,,,,,,,,,,,,,,,,,,,,,,,,,--,,,,,,,,,,,,,,,,,,,,,,,,,,,1266,0,0,#VALUE!,,#VALUE!,#VALUE!,,#VALUE!,#VALUE!,,#VALUE!,#VALUE!,
🇸🇪,PAPLERR,0,1,8:27.550,8:27.550,23 May 2024,743,(U),-7877528798242195282,,,https://www.youtube.com/watch?v=tTOKja_QD2M,8,27,550,507550,0,0,507550,1.236843837,421494,1.20416898,,0.6897,1.935616917,48.1371,69.7943,522.9425,3.04984,,,,,,,,,,,,,,,,,,,,,,,,,,,,,,,,,,,,,,,,,,,,,,,,,,,,,,,,,,,,,,,,,,,,,,,,,,,,,,,,,,,743,0,0,#VALUE!,,#VALUE!,#VALUE!,,#VALUE!,#VALUE!,,#VALUE!,#VALUE!,
🇹🇿,Kxpow,0,0,8:25.252,8:27.555,05 Dec 2024,547,(U),3327219662586290997,,,https://www.youtube.com/watch?v=7kGjbwncYQI,8,27,555,507555,2303,2.303,505252,1.236856021,421494,1.204180842,,0.7607,1.935743503,53.0911,69.7913,522.8999,3.05009,,,,,,,,,,,,,,,,,,,,,,,,,,,,,,,,,,,,,,,,,,,,,,,,,,,,,,,,,,,,,,,,,,,,,,,,,,,,,,,,,,,547,0.0000000779863286,0.00005442770408,#VALUE!,,#VALUE!,#VALUE!,,#VALUE!,#VALUE!,,#VALUE!,#VALUE!,
🇬🇧,priffie,0,0,8:27.645,8:27.645,28 Nov 2024,554,(U),262246839183467995,,,https://www.youtube.com/watch?v=eUu1qVxiFSY,8,27,645,507645,0,0,507645,1.237075341,421494,1.204394369,,0.7581,1.938023323,52.8651,69.7378,522.1314,3.05446,,,,,,,,,,,,,,,,,,,,,,,,,,,,,,,,,,,,,,,,,,,,,,,,,,,,,,,,,,,,,,,,,,,,,,,,,,,,,,,,,,,554,0.0000000412693229,0.00002878032459,#VALUE!,,#VALUE!,#VALUE!,,#VALUE!,#VALUE!,,#VALUE!,#VALUE!,
🇺🇸,meebie,0,0,8:27.708,8:28.050,19 Apr 2024,777,(U),-2948925549180981634,,,https://www.youtube.com/watch?v=bnxMyi5w0lE&list=PLaTJSsRuu2Ufk7cX7bUTt9V-IJxa8wqSM&index=13,8,28,50,508050,342,0.342,507708,1.238062282,421494,1.205355236,,0.6781,1.948312568,47.1237,69.4964,518.6701,3.07420,,,,,,,,,,,,,,,,,,,,,,,,,,,,,,,,,,,,,,,,,,,,,,,,,,,,,,,,--,,,,,,,,,,,,,,,,,,,,,,,,,,,777,0,0,#VALUE!,,#VALUE!,#VALUE!,,#VALUE!,#VALUE!,,#VALUE!,#VALUE!,
🇳🇴,skycrab1,0,0,8:27.992,8:28.114,07 Feb 2026,118,(U),unknown,,,https://www.youtube.com/watch?v=h2JcBageD9o&list=PLU3_fvoJ1GyMStiA29z37DUPtG47PvOJz&index=165,8,28,114,508114,122,0.122,507992,1.238218243,410359,1.238218243,,0.9427,2.331261093,57.2852,60.7667,518.1227,3.07733,,,,,,,,,,,,,,,,,,,,,,,,,,,,,,,,,,,,,,,,,,,,,,,,,,,,,,,,,,,,,,,,,,,,,,,,,,,,,,,,,,,118,0.8484847223,515.5959875,#VALUE!,,#VALUE!,#VALUE!,,#VALUE!,#VALUE!,,#VALUE!,#VALUE!,
🇨🇦,Aquacorde,0,0,8:28.191,8:28.191,21 Sep 2025,257,(U),-1431734441306868324,,,https://www.youtube.com/watch?v=Sr-fxjtImKM,8,28,191,508191,0,0,508191,1.238405884,410359,1.238405884,,0.8794,2.333629059,53.3931,60.7145,517.4639,3.08110,,,,,,,,,,,,,,,,,,,,,,,,,,,,,,,,,,,,,,,,,,,,,,,,,,,,,,,,--,,,,,,,,,,,,,,,,,,,,,,,,,,,257,0.1831482582,111.1974894,#VALUE!,,#VALUE!,#VALUE!,,#VALUE!,#VALUE!,,#VALUE!,#VALUE!,
🇨🇦,Aquacorde,0,0,8:28.262,8:28.262,03 Mar 2026,94,(U),unknown,,,https://www.youtube.com/watch?v=C1NRbd2o8VY&list=PL7aObukeMJOzC12YUkw7rFbzP2BzIhpXp&index=3,8,28,262,508262,0,0,508262,1.238578903,410359,1.238578903,,0.9541,2.335814416,57.8810,60.6663,516.8563,3.08458,,,,,,,,,,,,,,,,,,,,,,,,,,,,,,,,,,,,,,,,,,,,,,,,,,,,,,,,,,,,,,,,,,,,,,,,,,,,,,,,,,,94,0.9202974003,558.310413,#VALUE!,,#VALUE!,#VALUE!,,#VALUE!,#VALUE!,,#VALUE!,#VALUE!,
🇳🇴,skycrab1,0,0,8:27.909,8:28.430,05 Dec 2025,182,(U),see video,,,https://www.youtube.com/watch?v=whjGQXRNxTo&list=PLU3_fvoJ1GyMStiA29z37DUPtG47PvOJz&index=150,8,28,430,508430,521,0.521,507909,1.2389883,410359,1.2389883,,0.9130,2.340992703,55.2853,60.5523,515.4179,3.09282,,,,,,,,,,,,,,,,,,,,,,,,,,,,,,,,,,,,,,,,,,,,,,,,,,,,,,,,--,,,,,,,,,,,,,,,,,,,,,,,,,,,182,0.5472460284,331.3698335,#VALUE!,,#VALUE!,#VALUE!,,#VALUE!,#VALUE!,,#VALUE!,#VALUE!,
🇨🇦,Aquacorde,0,0,8:28.441,8:28.441,16 Oct 2025,232,(U),7318195485466118347,,,https://www.youtube.com/watch?v=RrhnX7u9LCk,8,28,441,508441,0,0,508441,1.239015106,410359,1.239015106,,0.8905,2.341332116,53.9136,60.5448,515.3237,3.09336,,,,,,,,,,,,,,,,,,,,,,,,,,,,,,,,,,,,,,,,,,,,,,,,,,,,,,,,--,,,,,,,,,,,,,,,,,,,,,,,,,,,232,0.2868726758,173.6864538,#VALUE!,,#VALUE!,#VALUE!,,#VALUE!,#VALUE!,,#VALUE!,#VALUE!,
🇳🇴,skycrab1,0,0,8:28.504,8:28.504,25 May 2025,376,(U),4268670771735988776,,,https://www.youtube.com/watch?v=CTzti8oVBRg&list=PLU3_fvoJ1GyMStiA29z37DUPtG47PvOJz&index=126,8,28,504,508504,0,0,508504,1.23916863,421494,1.206432357,,0.8286,1.959905341,57.3607,69.2248,514.7841,3.09646,,,,,,,,,,,,,,,,,,,,,,,,,,,,,,,,,,,,,,,,,,,,,,,,,,,,,,,,--,,,,,,,,,,,,,,,,,,,,,,,,,,,376,0.004913653108,3.401467875,#VALUE!,,#VALUE!,#VALUE!,,#VALUE!,#VALUE!,,#VALUE!,#VALUE!,
🇭🇺,fe666,0,1,8:27.472,8:28.669,04 Jun 2025,366,(V),6672725285728588092,,,https://www.speedrun.com/mc/runs/y8gv7gxz,8,28,669,508669,1197,1.197,507472,1.239570717,421494,1.206823822,,0.8328,1.964133986,57.5658,69.1259,513.3702,3.10459,,,,,,,,,,,,,,,,,,,,,,,,,,,,,,,,,,,,,,,,,,,,,,,,,,,,,,,,,,,,,,,,,,,,,,,,,,,,,,,,,,,366,0.00742583903,5.133174434,#VALUE!,,#VALUE!,#VALUE!,,#VALUE!,#VALUE!,,#VALUE!,#VALUE!,
🇫🇮,AndrewCrow,0,1,8:27.109,8:28.982,12 Jun 2025,358,(V),-4964328459581115875,,,https://www.speedrun.com/mc/runs/y6j9rnjm,8,28,982,508982,1873,1.873,507109,1.240333464,410359,1.240333464,,0.8361,2.358079521,50.3142,60.1768,510.6861,3.12006,,,,,,,,,,,,,,,,,,,,,,,,,,,,,,,,,,,,,,,,,,,,,,,,,,,,,,,,,,,,,,,,,,,,,,,,,,,,,,,,,,,358,0.01017042582,6.120233713,#VALUE!,,#VALUE!,#VALUE!,,#VALUE!,#VALUE!,,#VALUE!,#VALUE!,
🇹🇷,Ancoboy,0,1,8:25.439,8:29.247,22 Jun 2025,348,(V),2421657628675046534,,,https://www.speedrun.com/mc/runs/yljr5nxm,8,29,247,509247,3808,3.808,505439,1.24097924,410359,1.24097924,,0.8403,2.366322024,50.4145,59.9961,508.4114,3.13322,,,,,,,,,,,,,,,,,,,,,,,,,,,,,,,,,,,,,,,,,,,,,,,,,,,,,,,,,,,,,,,,,,,,,,,,,,,,,,,,,,,348,0.01478090402,8.867964722,#VALUE!,,#VALUE!,#VALUE!,,#VALUE!,#VALUE!,,#VALUE!,#VALUE!,
🇫🇮,sadekeppi,0,1,8:29.360,8:29.360,18 Jan 2025,503,(V),-3537755011442785569,,,https://www.speedrun.com/mc/runs/y4j787qy,8,29,360,509360,0,0,509360,1.241254609,421494,1.208463228,,0.7776,1.981932684,53.4311,68.7098,507.4409,3.13884,,,,,,,,,,,,,,,,,,,,,,,,,,,,,,,,,,,,,,,,,,,,,,,,,,,,,,,,,,,,,,,,,,,,,,,,,,,,,,,,,,,503,0.000002971770366,0.002041898288,#VALUE!,,#VALUE!,#VALUE!,,#VALUE!,#VALUE!,,#VALUE!,#VALUE!,
🇬🇧,priffie,0,0,8:26.220,8:29.674,06 Jan 2024,881,(U),2398058020999821172,12,Yes,https://www.youtube.com/watch?v=sPSq_jhIyhY,8,29,674,509674,3454,3.454,506220,1.242019792,421494,1.209208198,,0.6437,1.99006867,44.1073,68.5200,504.7422,3.15452,,,,,,,,,,,,,,,,,,,,,,,,,,,,,,,,,,,,,,,,,,,,,,,,,,,,,,,,--,,,,,,,,,,,,,,,,,,,,,,,,,,,881,0,0,#VALUE!,,#VALUE!,#VALUE!,,#VALUE!,#VALUE!,,#VALUE!,#VALUE!,
🇳🇴,skycrab1,0,0,8:27.951,8:29.783,18 May 2024,748,(U),2517517963886160862,,,https://www.youtube.com/watch?v=Hd2X1E-Ms7c&list=PLU3_fvoJ1GyMStiA29z37DUPtG47PvOJz&index=24,8,29,783,509783,1832,1.832,507951,1.242285414,421494,1.209466801,,0.6880,1.992899986,47.0947,68.4540,503.8048,3.15998,,,,,,,,,,,,,,,,,,,,,,,,,,,,,,,,,,,,,,,,,,,,,,,,,,,,,,,,--,,,,,,,,,,,,,,,,,,,,,,,,,,,748,0,0,#VALUE!,,#VALUE!,#VALUE!,,#VALUE!,#VALUE!,,#VALUE!,#VALUE!,
🇳🇴,skycrab1,0,0,8:29.901,8:29.901,06 Mar 2026,91,(U),unknown,,,https://www.youtube.com/watch?v=HUVPQIRwcK0&list=PLU3_fvoJ1GyMStiA29z37DUPtG47PvOJz&index=170,8,29,901,509901,0,0,509901,1.242572967,410359,1.242572967,,0.9555,2.386774341,56.9003,59.5491,502.7897,3.16590,,,,,,,,,,,,,,,,,,,,,,,,,,,,,,,,,,,,,,,,,,,,,,,,,,,,,,,,,,,,,,,,,,,,,,,,,,,,,,,,,,,91,0.9274122483,552.2652721,#VALUE!,,#VALUE!,#VALUE!,,#VALUE!,#VALUE!,,#VALUE!,#VALUE!,
🇫🇮,AndrewCrow,0,0,8:28.900,8:29.924,25 Jan 2026,131,(U),unknown,,,https://www.youtube.com/watch?v=p-jx69uoxuQ,8,29,924,509924,1024,1.024,508900,1.242629015,410359,1.242629015,,0.9366,2.387496482,55.7588,59.5333,502.5918,3.16705,,,,,,,,,,,,,,,,,,,,,,,,,,,,,,,,,,,,,,,,,,,,,,,,,,,,,,,,,,,,,,,,,,,,,,,,,,,,,,,,,,,131,0.7986686701,475.4738895,#VALUE!,,#VALUE!,#VALUE!,,#VALUE!,#VALUE!,,#VALUE!,#VALUE!,
🇺🇸,21MashedPotatoes,0,1,8:28.630,8:30.606,18 Mar 2025,444,(V),-1787025825846103322,,,https://www.speedrun.com/mc/runs/zn9gdp9y,8,30,606,510606,1976,1.976,508630,1.244290974,421494,1.21141938,,0.8009,2.014395317,54.4250,67.9535,496.7178,3.20148,,,,,,,,,,,,,,,,,,,,,,,,,,,,,,,,,,,,,,,,,,,,,,,,,,,,,,,,,,,,,,,,,,,,,,,,,,,,,,,,,,,444,0.0001580121862,0.1073748319,#VALUE!,,#VALUE!,#VALUE!,,#VALUE!,#VALUE!,,#VALUE!,#VALUE!,
🇮🇹,Tiger,0,1,8:30.448,8:30.666,17 Nov 2025,200,(V),6903870760878118513,,,https://www.speedrun.com/mc/runs/zn50x99z,8,30,666,510666,218,0.218,510448,1.244437188,410359,1.244437188,,0.9048,2.410898496,53.4073,59.0242,496.2005,3.20452,,,,,,,,,,,,,,,,,,,,,,,,,,,,,,,,,,,,,,,,,,,,,,,,,,,,,,,,,,,,,,,,,,,,,,,,,,,,,,,,,,,200,0.4493289641,265.2126274,#VALUE!,,#VALUE!,#VALUE!,,#VALUE!,#VALUE!,,#VALUE!,#VALUE!,
🇺🇦,7rowl,0,0,8:31.022,8:31.022,29 Aug 2023,1011,(U),-849877744345333161,,,https://www.youtube.com/watch?v=rao2ee_878E,8,31,22,511022,0,0,511022,1.245304721,465828,1.097018642,,0.6032,1.056022379,54.7012,90.6845,493.1297,3.22264,,,,,,,,,,,,,,,,,,,,,,,,,,,,,,,,,,,,,,,,,,,,,,,,,,,,,,,,--,,,,,,,,,,,,,,,,,,,,,,,,,,,1011,0,0,#VALUE!,,#VALUE!,#VALUE!,,#VALUE!,#VALUE!,,#VALUE!,#VALUE!,
🇿🇦,Airpodsz,0,0,8:31.022,8:31.022,11 Dec 2025,176,(U),5299065848782546350,,,https://www.youtube.com/watch?v=wQtm-GDFqBc&list=PLjW0OIc7zcEcqLcQwe9V6NfJUy0AUDomQ&index=7,8,31,22,511022,0,0,511022,1.245304721,410359,1.245304721,,0.9158,2.422199066,53.8277,58.7792,493.1297,3.22264,,,,,,,,,,,,,,,,,,,,,,,,,,,,,,,,,,,,,,,,,,,,,,,,,,,,,,,,,,,,,,,,,,,,,,,,,,,,,,,,,,,176,0.5797388126,340.7656605,#VALUE!,,#VALUE!,#VALUE!,,#VALUE!,#VALUE!,,#VALUE!,#VALUE!,
🇳🇴,skycrab1,0,0,8:30.987,8:31.085,08 Dec 2025,179,(U),unknown,,,https://www.youtube.com/watch?v=tLfXiUo2Dw0&list=PLU3_fvoJ1GyMStiA29z37DUPtG47PvOJz&index=157,8,31,85,511085,98,0.098,510987,1.245458245,410359,1.245458245,,0.9144,2.42420381,53.7073,58.7358,492.5860,3.22585,,,,,,,,,,,,,,,,,,,,,,,,,,,,,,,,,,,,,,,,,,,,,,,,,,,,,,,,--,,,,,,,,,,,,,,,,,,,,,,,,,,,179,0.5635304555,330.9939456,#VALUE!,,#VALUE!,#VALUE!,,#VALUE!,#VALUE!,,#VALUE!,#VALUE!,
🇳🇴,skycrab1,0,0,8:28.790,8:31.168,21 Oct 2025,227,(U),see video,,,https://www.youtube.com/watch?v=gGs-3BbCEWA&list=PLU3_fvoJ1GyMStiA29z37DUPtG47PvOJz&index=144,8,31,168,511168,2378,2.378,508790,1.245660507,410359,1.245660507,,0.8927,2.426847246,52.3826,58.6786,491.8696,3.23009,,,,,,,,,,,,,,,,,,,,,,,,,,,,,,,,,,,,,,,,,,,,,,,,,,,,,,,,--,,,,,,,,,,,,,,,,,,,,,,,,,,,227,0.3104574885,182.1720105,#VALUE!,,#VALUE!,#VALUE!,,#VALUE!,#VALUE!,,#VALUE!,#VALUE!,
🇿🇦,Airpodsz,0,0,8:31.428,8:31.428,26 Jan 2026,130,(U),-8578498424150323071,,,https://www.youtube.com/watch?v=GUFzoqNHpYY&list=PLjW0OIc7zcEcqLcQwe9V6NfJUy0AUDomQ&index=6,8,31,428,511428,0,0,511428,1.246294099,410359,1.246294099,,0.9371,2.435144576,54.8177,58.4992,489.6244,3.24341,,,,,,,,,,,,,,,,,,,,,,,,,,,,,,,,,,,,,,,,,,,,,,,,,,,,,,,,,,,,,,,,,,,,,,,,,,,,,,,,,,,130,0.8027595897,469.6081943,#VALUE!,,#VALUE!,#VALUE!,,#VALUE!,#VALUE!,,#VALUE!,#VALUE!,
🇸🇪,PAPLERR,0,1,8:31.563,8:31.563,21 Apr 2024,775,(U),-4057584252523426618,,,https://www.youtube.com/watch?v=R4sJqvz0TX4,8,31,563,511563,0,0,511563,1.246623079,421494,1.213689875,,0.6788,2.039653283,45.7257,67.3673,488.4581,3.25035,,,,,,,,,,,,,,,,,,,,,,,,,,,,,,,,,,,,,,,,,,,,,,,,,,,,,,,,,,,,,,,,,,,,,,,,,,,,,,,,,,,775,0,0,#VALUE!,,#VALUE!,#VALUE!,,#VALUE!,#VALUE!,,#VALUE!,#VALUE!,
🇺🇸,doogile,0,0,8:31.156,8:31.904,27 Jan 2024,860,(U),-4987550100545669891,,,https://www.youtube.com/watch?v=K9wU6ilEDcc,8,31,904,511904,748,0.748,511156,1.247454059,421494,1.214498902,,0.6505,2.048722003,43.6865,67.1574,485.5107,3.26793,,,,,,,,,,,,,,,,,,,,,,,,,,,,,,,,,,,,,,,,,,,,,,,,,,,,,,,,--,,,,,,,,,,,,,,,,,,,,,,,,,,,860,0,0,#VALUE!,,#VALUE!,#VALUE!,,#VALUE!,#VALUE!,,#VALUE!,#VALUE!,
🇸🇰,NoFear1337,0,0,8:32.422,8:32.422,14 Jul 2024,691,(U),unknown,,,https://www.youtube.com/watch?v=yw7-yaW4Nfk&list=PLaTJSsRuu2UeeWabBBfNVWALvnefBoL2C&index=21,8,32,422,512422,0,0,512422,1.248716368,421494,1.215727863,,0.7079,2.062567475,47.3119,66.8374,481.0295,3.29479,,,,,,,,,,,,,,,,,,,,,,,,,,,,,,,,,,,,,,,,,,,,,,,,,,,,,,,,--,,,,,,,,,,,,,,,,,,,,,,,,,,,691,0,0,#VALUE!,,#VALUE!,#VALUE!,,#VALUE!,#VALUE!,,#VALUE!,#VALUE!,
🇹🇿,Kxpow,0,0,8:32.528,8:32.704,14 Apr 2025,417,(U),-7350225453272074548,,,https://www.youtube.com/watch?v=pNjykng4Vlo,8,32,704,512704,176,0.176,512528,1.249403571,421494,1.216396912,,0.8118,2.070140355,54.1168,66.6626,478.5881,3.30950,,,,,,,,,,,,,,,,,,,,,,,,,,,,,,,,,,,,,,,,,,,,,,,,,,,,,,,,,,,,,,,,,,,,,,,,,,,,,,,,,,,417,0.0007093430486,0.4728664337,#VALUE!,,#VALUE!,#VALUE!,,#VALUE!,#VALUE!,,#VALUE!,#VALUE!,
🇨🇦,Aquacorde,0,0,8:32.755,8:32.755,08 Jul 2025,332,(U),4813852831291424591,,,https://www.youtube.com/watch?v=9t2wFDDYuWw,8,32,755,512755,0,0,512755,1.249527852,410359,1.249527852,,0.8470,2.47788908,48.7732,57.5803,478.1464,3.31217,,,,,,,,,,,,,,,,,,,,,,,,,,,,,,,,,,,,,,,,,,,,,,,,,,,,,,,,--,,,,,,,,,,,,,,,,,,,,,,,,,,,332,0.02574700936,14.82521771,#VALUE!,,#VALUE!,#VALUE!,,#VALUE!,#VALUE!,,#VALUE!,#VALUE!,
🇺🇦,7rowl,0,0,8:30.604,8:32.840,28 Aug 2023,1012,(U),-3689619904496856440,,,https://www.youtube.com/watch?v=fDjrOqatTAs,8,32,840,512840,2236,2.236,510604,1.249734988,465828,1.10092137,,0.6029,1.080085847,54.3434,90.1363,477.4103,3.31662,,,,,,,,,,,,,,,,,,,,,,,,,,,,,,,,,,,,,,,,,,,,,,,,,,,,,,,,--,,,,,,,,,,,,,,,,,,,,,,,,,,,1012,0,0,#VALUE!,,#VALUE!,#VALUE!,,#VALUE!,#VALUE!,,#VALUE!,#VALUE!,
🇷🇺,aleen,0,1,8:31.570,8:33.119,20 Jun 2025,350,(V),5001642787122467207,,,https://www.speedrun.com/mc/runs/y9ell6nz,8,33,119,513119,1549,1.549,511570,1.250414881,410359,1.250414881,,0.8395,2.489730564,48.1238,57.3273,474.9932,3.33126,,,,,,,,,,,,,,,,,,,,,,,,,,,,,,,,,,,,,,,,,,,,,,,,,,,,,,,,,,,,,,,,,,,,,,,,,,,,,,,,,,,350,0.01373923047,7.876327513,#VALUE!,,#VALUE!,#VALUE!,,#VALUE!,#VALUE!,,#VALUE!,#VALUE!,
🇳🇴,skycrab1,0,0,8:33.231,8:33.231,23 May 2025,378,(U),4058006226311107449,,,https://www.youtube.com/watch?v=Gqyss7R7ZB0&list=PLU3_fvoJ1GyMStiA29z37DUPtG47PvOJz&index=125,8,33,231,513231,0,0,513231,1.250687812,421494,1.217647226,,0.8278,2.084359666,54.9112,66.3350,474.0226,3.33715,,,,,,,,,,,,,,,,,,,,,,,,,,,,,,,,,,,,,,,,,,,,,,,,,,,,,,,,--,,,,,,,,,,,,,,,,,,,,,,,,,,,378,0.004511998036,2.993032072,#VALUE!,,#VALUE!,#VALUE!,,#VALUE!,#VALUE!,,#VALUE!,#VALUE!,
🇳🇴,skycrab1,0,1,8:31.860,8:33.243,12 Jan 2024,875,(V),8794223043069861926,,,https://www.speedrun.com/mc/runs/zxw0jlqm,8,33,243,513243,1383,1.383,511860,1.250717055,421494,1.217675696,,0.6456,2.084684467,42.8242,66.3275,473.9186,3.33779,,,,,,,,,,,,,,,,,,,,,,,,,,,,,,,,,,,,,,,,,,,,,,,,,,,,,,,,--,,,,,,,,,,,,,,,,,,,,,,,,,,,875,0,0,#VALUE!,,#VALUE!,#VALUE!,,#VALUE!,#VALUE!,,#VALUE!,#VALUE!,
🇿🇦,Airpodsz,0,0,8:33.474,8:33.474,30 Jan 2026,126,(U),3992068236416817288,,,https://www.youtube.com/watch?v=QdzeaYNQyw8&list=PLjW0OIc7zcEcqLcQwe9V6NfJUy0AUDomQ&index=5,8,33,474,513474,0,0,513474,1.251279977,410359,1.251279977,,0.9389,2.501327913,53.5950,57.0801,471.9162,3.34998,,,,,,,,,,,,,,,,,,,,,,,,,,,,,,,,,,,,,,,,,,,,,,,,,,,,,,,,,,,,,,,,,,,,,,,,,,,,,,,,,,,126,0.8186999694,467.3145019,#VALUE!,,#VALUE!,#VALUE!,,#VALUE!,#VALUE!,,#VALUE!,#VALUE!,
🇺🇸,meebie,0,0,8:33.573,8:33.573,04 Dec 2023,914,(U),unknown,,,https://www.youtube.com/watch?v=tPDjceeZd7w&list=PLaTJSsRuu2Ufk7cX7bUTt9V-IJxa8wqSM&index=8,8,33,573,513573,0,0,513573,1.251521229,465828,1.102494912,,0.6332,1.089933821,56.9298,89.9109,471.0578,3.35521,,,,,,,,,,,,,,,,,,,,,,,,,,,,,,,,,,,,,,,,,,,,,,,,,,,,,,,,--,,,,,,,,,,,,,,,,,,,,,,,,,,,914,0,0,#VALUE!,,#VALUE!,#VALUE!,,#VALUE!,#VALUE!,,#VALUE!,#VALUE!,
🇨🇦,Aquacorde,0,1,8:33.639,8:33.639,16 Aug 2024,658,(V),-8818959532856191300,,,https://www.speedrun.com/mc/runs/m3jr41wz,8,33,639,513639,0,0,513639,1.251682064,421494,1.218615212,,0.7196,2.095428493,47.5543,66.0804,470.4855,3.35871,,,,,,,,,,,,,,,,,,,,,,,,,,,,,,,,,,,,,,,,,,,,,,,,,,,,,,,,--,,,,,,,,,,,,,,,,,,,,,,,,,,,658,0,0.0000000002801842027,#VALUE!,,#VALUE!,#VALUE!,,#VALUE!,#VALUE!,,#VALUE!,#VALUE!,
🇵🇱,kazzruns,0,0,8:33.801,8:33.801,28 Aug 2025,281,(U),unknown,,,https://www.youtube.com/watch?v=pXLKegNZ5CU,8,33,801,513801,0,0,513801,1.25207684,410359,1.25207684,,0.8689,2.512053192,49.4001,56.8520,469.0805,3.36730,,,,,,,,,,,,,,,,,,,,,,,,,,,,,,,,,,,,,,,,,,,,,,,,,,,,,,,,,,,,,,,,,,,,,,,,,,,,,,,,,,,281,0.1087390722,61.82034181,#VALUE!,,#VALUE!,#VALUE!,,#VALUE!,#VALUE!,,#VALUE!,#VALUE!,
🇨🇦,Jay12310,0,0,8:33.946,8:33.946,07 Jan 2025,514,(U),unknown,,,https://www.youtube.com/watch?v=pROA_8k_5eg&list=PLaTJSsRuu2UcsiC6KEkJwrGp1GaGgPoVG&index=12,8,33,946,513946,0,0,513946,1.252430189,421494,1.219343573,,0.7734,2.103792096,50.9560,65.8883,467.8228,3.37500,,,,,,,,,,,,,,,,,,,,,,,,,,,,,,,,,,,,,,,,,,,,,,,,,,,,,,,,--,,,,,,,,,,,,,,,,,,,,,,,,,,,514,0.000001265966875,0.0008341246338,#VALUE!,,#VALUE!,#VALUE!,,#VALUE!,#VALUE!,,#VALUE!,#VALUE!,
🇩🇰,Bloopy,0,1,8:33.952,8:33.952,03 Aug 2024,671,(V),255624109612098462,,,https://www.speedrun.com/mc/runs/yvx9vo8z,8,33,952,513952,0,0,513952,1.252444811,421494,1.219357808,,0.7150,2.103955853,47.1062,65.8846,467.7707,3.37532,,,,,,,,,,,,,,,,,,,,,,,,,,,,,,,,,,,,,,,,,,,,,,,,,,,,,,,,--,,,,,,,,,,,,,,,,,,,,,,,,,,,671,0,0,#VALUE!,,#VALUE!,#VALUE!,,#VALUE!,#VALUE!,,#VALUE!,#VALUE!,
🇹🇿,Kxpow,0,0,8:33.650,8:34.025,07 Apr 2025,424,(U),6819794187957055616,,,https://www.youtube.com/watch?v=GgUTA6ioiaY,8,34,25,514025,375,0.375,513650,1.252622704,421494,1.219531002,,0.8090,2.105949147,53.2613,65.8389,467.1374,3.37921,,,,,,,,,,,,,,,,,,,,,,,,,,,,,,,,,,,,,,,,,,,,,,,,,,,,,,,,,,,,,,,,,,,,,,,,,,,,,,,,,,,424,0.0004893158338,0.3221599291,#VALUE!,,#VALUE!,#VALUE!,,#VALUE!,#VALUE!,,#VALUE!,#VALUE!,
🇹🇿,Kxpow,0,0,8:34.869,8:34.122,09 Jun 2024,726,(U),2173195834724120179,,,https://www.youtube.com/watch?v=Kk_U2QpN_NU,8,34,122,514122,-747,-0.747,514869,1.252859082,421494,1.219761135,,0.6956,2.108600401,45.7543,65.7780,466.2958,3.38438,,,,,,,,,,,,,,,,,,,,,,,,,,,,,,,,,,,,,,,,,,,,,,,,,,,,,,,,,,,,,,,,,,,,,,,,,,,,,,,,,,,726,0,0,#VALUE!,,#VALUE!,#VALUE!,,#VALUE!,#VALUE!,,#VALUE!,#VALUE!,
🇵🇱,watermelon1708,0,0,8:33.349,8:34.250,27 Nov 2025,190,(U),unknown,,,https://www.youtube.com/watch?v=3mEKAQ3Z4RM,8,34,250,514250,901,0.901,513349,1.253171004,410359,1.253171004,,0.9094,2.526846832,51.4144,56.5383,465.1851,3.39122,,,,,,,,,,,,,,,,,,,,,,,,,,,,,,,,,,,,,,,,,,,,,,,,,,,,,,,,--,,,,,,,,,,,,,,,,,,,,,,,,,,,190,0.5036367525,284.7477518,#VALUE!,,#VALUE!,#VALUE!,,#VALUE!,#VALUE!,,#VALUE!,#VALUE!,
🇿🇦,Airpodsz,0,1,8:33.349,8:34.302,02 May 2025,399,(V),-1155336759388266365,,,https://www.speedrun.com/mc/runs/zpo0j7vm,8,34,302,514302,953,0.953,513349,1.253297722,421494,1.220188188,,0.8191,2.113528213,53.7889,65.6651,464.7339,3.39400,,,,,,,,,,,,,,,,,,,,,,,,,,,,,,,,,,,,,,,,,,,,,,,,,,,,,,,,,,,,,,,,,,,,,,,,,,,,,,,,,,,399,0.001743048129,1.144573968,#VALUE!,,#VALUE!,#VALUE!,,#VALUE!,#VALUE!,,#VALUE!,#VALUE!,
🇳🇴,skycrab1,0,0,8:34.391,8:34.391,14 Jun 2025,356,(U),unknown,,,https://www.youtube.com/watch?v=mbQO0iA60UA&list=PLU3_fvoJ1GyMStiA29z37DUPtG47PvOJz&index=127,8,34,391,514391,0,0,514391,1.253514606,410359,1.253514606,,0.8369,2.531508512,47.2368,56.4397,463.9615,3.39876,,,,,,,,,,,,,,,,,,,,,,,,,,,,,,,,,,,,,,,,,,,,,,,,,,,,,,,,--,,,,,,,,,,,,,,,,,,,,,,,,,,,356,0.01097866319,6.196323078,#VALUE!,,#VALUE!,#VALUE!,,#VALUE!,#VALUE!,,#VALUE!,#VALUE!,
🇩🇰,Bloopy,0,0,8:34.410,8:34.410,31 Oct 2025,217,(U),-6611883265830397474,,,https://www.youtube.com/watch?v=WJlhnd9qMjI,8,34,410,514410,0,0,514410,1.253560906,410359,1.253560906,,0.8972,2.532137268,50.6246,56.4264,463.7966,3.39978,,,,,,,,,,,,,,,,,,,,,,,,,,,,,,,,,,,,,,,,,,,,,,,,,,,,,,,,--,,,,,,,,,,,,,,,,,,,,,,,,,,,217,0.3599351869,203.0984361,#VALUE!,,#VALUE!,#VALUE!,,#VALUE!,#VALUE!,,#VALUE!,#VALUE!,
🇺🇸,doogile,0,0,8:34.422,8:34.422,22 May 2025,379,(U),4475174620258750317,,,https://www.youtube.com/watch?v=rEmLQHlkBMs,8,34,422,514422,0,0,514422,1.253590149,421494,1.220472889,,0.8274,2.116819174,54.2671,65.5897,463.6924,3.40042,,,,,,,,,,,,,,,,,,,,,,,,,,,,,,,,,,,,,,,,,,,,,,,,,,,,,,,,--,,,,,,,,,,,,,,,,,,,,,,,,,,,379,0.004322186373,2.834908661,#VALUE!,,#VALUE!,#VALUE!,,#VALUE!,#VALUE!,,#VALUE!,#VALUE!,
🇺🇸,doogile,0,0,8:31.615,8:34.469,03 Oct 2023,976,(U),2814215657097519375,,,https://www.youtube.com/watch?v=MruA0trsR5Y,8,34,469,514469,2854,2.854,511615,1.253704683,465828,1.104418369,,0.6139,1.102086828,55.0209,89.6320,463.2845,3.40294,,,,,,,,,,,,,,,,,,,,,,,,,,,,,,,,,,,,,,,,,,,,,,,,,,,,,,,,--,,,,,,,,,,,,,,,,,,,,,,,,,,,976,0,0,#VALUE!,,#VALUE!,#VALUE!,,#VALUE!,#VALUE!,,#VALUE!,#VALUE!,
🇺🇸,Infume,0,0,8:34.629,8:34.629,08 Jul 2025,332,(U),unknown,,,https://www.youtube.com/watch?v=YAmH6pcDVA4,8,34,629,514629,0,0,514629,1.254094585,410359,1.254094585,,0.8470,2.539394576,47.6659,56.2731,461.8956,3.41152,,,,,,,,,,,,,,,,,,,,,,,,,,,,,,,,,,,,,,,,,,,,,,,,,,,,,,,,,,,,,,,,,,,,,,,,,,,,,,,,,,,332,0.02574700936,14.48863189,#VALUE!,,#VALUE!,#VALUE!,,#VALUE!,#VALUE!,,#VALUE!,#VALUE!,
🇳🇴,skycrab1,0,0,8:34.709,8:34.709,13 Sep 2024,630,(U),-251105327808432283,,,https://www.youtube.com/watch?v=_Zw3t6qzR0A&list=PLU3_fvoJ1GyMStiA29z37DUPtG47PvOJz&index=69,8,34,709,514709,0,0,514709,1.254289537,421494,1.221153801,,0.7298,2.124708762,47.7348,65.4091,461.2011,3.41583,,,,,,,,,,,,,,,,,,,,,,,,,,,,,,,,,,,,,,,,,,,,,,,,,,,,,,,,--,,,,,,,,,,,,,,,,,,,,,,,,,,,630,0,0.000000009041386038,#VALUE!,,#VALUE!,#VALUE!,,#VALUE!,#VALUE!,,#VALUE!,#VALUE!,
🇺🇸,meebie,0,0,8:34.971,8:34.971,16 Nov 2025,201,(U),unknown,,,https://www.youtube.com/watch?v=NwUTr6N_4P0&list=PLaTJSsRuu2Ufk7cX7bUTt9V-IJxa8wqSM&index=21,8,34,971,514971,0,0,514971,1.254928002,410359,1.254928002,,0.9044,2.550765032,50.6757,56.0333,458.9262,3.42995,,,,,,,,,,,,,,,,,,,,,,,,,,,,,,,,,,,,,,,,,,,,,,,,,,,,,,,,,,,,,,,,,,,,,,,,,,,,,,,,,,,201,0.4439425575,248.7558869,#VALUE!,,#VALUE!,#VALUE!,,#VALUE!,#VALUE!,,#VALUE!,#VALUE!,
🇹🇿,Kxpow,0,0,8:33.988,8:34.984,16 Jul 2024,689,(U),-1283922549785337759,,,https://www.youtube.com/watch?v=5AKtYY2dEFM,8,34,984,514984,996,0.996,513988,1.254959682,421494,1.221806242,,0.7086,2.132293275,46.2244,65.2357,458.8134,3.43065,,,,,,,,,,,,,,,,,,,,,,,,,,,,,,,,,,,,,,,,,,,,,,,,,,,,,,,,,,,,,,,,,,,,,,,,,,,,,,,,,,,689,0,0,#VALUE!,,#VALUE!,#VALUE!,,#VALUE!,#VALUE!,,#VALUE!,#VALUE!,
🇹🇿,Kxpow,0,0,8:34.236,8:34.986,09 Mar 2025,453,(U),1402888148426280669,,,https://www.youtube.com/watch?v=BSu7lGN61-M,8,34,986,514986,750,0.75,514236,1.254964555,421494,1.221810987,,0.7973,2.132348525,52.0127,65.2345,458.7960,3.43076,,,,,,,,,,,,,,,,,,,,,,,,,,,,,,,,,,,,,,,,,,,,,,,,,,,,,,,,,,,,,,,,,,,,,,,,,,,,,,,,,,,453,0.00009179362566,0.05988107901,#VALUE!,,#VALUE!,#VALUE!,,#VALUE!,#VALUE!,,#VALUE!,#VALUE!,
🇬🇧,priffie,0,0,8:35.290,8:35.290,27 Oct 2024,586,(U),-4673564062193261365,,,https://www.youtube.com/watch?v=lzn3oArZTrQ,8,35,290,515290,0,0,515290,1.25570537,421494,1.222532231,,0.7460,2.140761383,48.5231,65.0424,456.1559,3.44721,,,,,,,,,,,,,,,,,,,,,,,,,,,,,,,,,,,,,,,,,,,,,,,,,,,,,,,,,,,,,,,,,,,,,,,,,,,,,,,,,,,586,0.000000001822593045,0.000001185458051,#VALUE!,,#VALUE!,#VALUE!,,#VALUE!,#VALUE!,,#VALUE!,#VALUE!,
🇸🇰,NoFear1337,0,0,8:35.097,8:35.579,27 Dec 2023,891,(U),unknown,,,https://www.youtube.com/watch?v=op6VlwDM3Xo&list=PLaTJSsRuu2UeeWabBBfNVWALvnefBoL2C,8,35,579,515579,482,0.482,515097,1.256409632,446254,1.155348748,,0.6405,1.473920772,51.7711,80.8287,453.6457,3.46292,,,,,,,,,,,,,,,,,,,,,,,,,,,,,,,,,,,,,,,,,,,,,,,,,,,,,,,,--,,,,,,,,,,,,,,,,,,,,,,,,,,,891,0,0,#VALUE!,,#VALUE!,#VALUE!,,#VALUE!,#VALUE!,,#VALUE!,#VALUE!,
🇳🇴,skycrab1,0,0,8:34.852,8:35.797,03 Aug 2024,671,(U),-5772469146569821756,,,https://www.youtube.com/watch?v=b47aZUBK814&list=PLU3_fvoJ1GyMStiA29z37DUPtG47PvOJz&index=47,8,35,797,515797,945,0.945,514852,1.256940874,421494,1.223735095,,0.7150,2.154858446,46.2743,64.7211,451.7519,3.47481,,,,,,,,,,,,,,,,,,,,,,,,,,,,,,,,,,,,,,,,,,,,,,,,,,,,,,,,--,,,,,,,,,,,,,,,,,,,,,,,,,,,671,0,0,#VALUE!,,#VALUE!,#VALUE!,,#VALUE!,#VALUE!,,#VALUE!,#VALUE!,
🇳🇴,skycrab1,0,0,8:35.819,8:35.819,18 May 2025,383,(U),see video,,,https://www.youtube.com/watch?v=kDl3PmegjWA&list=PLU3_fvoJ1GyMStiA29z37DUPtG47PvOJz&index=124,8,35,819,515819,0,0,515819,1.256994485,421494,1.22378729,,0.8257,2.155472037,53.4300,64.7072,451.5608,3.47601,,,,,,,,,,,,,,,,,,,,,,,,,,,,,,,,,,,,,,,,,,,,,,,,,,,,,,,,--,,,,,,,,,,,,,,,,,,,,,,,,,,,383,0.003631212371,2.3496542,#VALUE!,,#VALUE!,#VALUE!,,#VALUE!,#VALUE!,,#VALUE!,#VALUE!,
🇺🇸,meebie,0,0,8:35.914,8:35.914,18 Nov 2023,930,(U),-2503873430617653818,,,https://www.youtube.com/watch?v=c2uu-GXtiIc&list=PLaTJSsRuu2Ufk7cX7bUTt9V-IJxa8wqSM&index=5,8,35,914,515914,0,0,515914,1.25722599,465828,1.107520372,,0.6281,1.121955698,56.0135,89.1742,450.7355,3.48120,,,,,,,,,,,,,,,,,,,,,,,,,,,,,,,,,,,,,,,,,,,,,,,,,,,,,,,,--,,,,,,,,,,,,,,,,,,,,,,,,,,,930,0,0,#VALUE!,,#VALUE!,#VALUE!,,#VALUE!,#VALUE!,,#VALUE!,#VALUE!,
🇵🇱,watermelon1708,0,0,8:34.398,8:35.950,10 Nov 2025,207,(U),see video,,,https://www.youtube.com/watch?v=fEy7nXScnGI,8,35,950,515950,1552,1.552,514398,1.257313718,410359,1.257313718,,0.9017,2.583565293,49.9035,55.3453,450.4227,3.48318,,,,,,,,,,,,,,,,,,,,,,,,,,,,,,,,,,,,,,,,,,,,,,,,,,,,,,,,--,,,,,,,,,,,,,,,,,,,,,,,,,,,207,0.4119001555,227.9674193,#VALUE!,,#VALUE!,#VALUE!,,#VALUE!,#VALUE!,,#VALUE!,#VALUE!,
🇸🇰,NoFear1337,0,0,8:31.037,8:35.967,25 Dec 2023,893,(U),4143928542736581557,16,Yes,https://www.youtube.com/watch?v=wOf3KZ159XE,8,35,967,515967,4930,4.93,511037,1.257355145,446254,1.156218208,,0.6399,1.48117476,51.6077,80.6542,450.2750,3.48411,,,,,,,,,,,,,,,,,,,,,,,,,,,,,,,,,,,,,,,,,,,,,,,,,,,,,,,,--,,,,,,,,,,,,,,,,,,,,,,,,,,,893,0,0,#VALUE!,,#VALUE!,#VALUE!,,#VALUE!,#VALUE!,,#VALUE!,#VALUE!,
🇫🇷,M4xx,0,0,8:35.503,8:35.977,01 May 2025,400,(U),3238275077272421619,,,https://www.youtube.com/watch?v=6XwmxcKBgW0,8,35,977,515977,474,0.474,515503,1.257379514,421494,1.224162147,,0.8187,2.159883356,52.8956,64.6068,450.1882,3.48465,,,,,,,,,,,,,,,,,,,,,,,,,,,,,,,,,,,,,,,,,,,,,,,,,,,,,,,,,,,,,,,,,,,,,,,,,,,,,,,,,,,400,0.001661557273,1.073478715,#VALUE!,,#VALUE!,#VALUE!,,#VALUE!,#VALUE!,,#VALUE!,#VALUE!,
🇳🇴,skycrab1,0,0,8:36.102,8:36.102,29 Oct 2024,584,(U),-3646678682630251613,,,https://www.youtube.com/watch?v=okNmE6As3I8&list=PLU3_fvoJ1GyMStiA29z37DUPtG47PvOJz&index=90,8,36,102,516102,0,0,516102,1.257684125,421494,1.224458711,,0.7468,2.163379071,48.1870,64.5273,449.1022,3.49151,,,,,,,,,,,,,,,,,,,,,,,,,,,,,,,,,,,,,,,,,,,,,,,,,,,,,,,,--,,,,,,,,,,,,,,,,,,,,,,,,,,,584,0.000000002238028707,0.000001444139442,#VALUE!,,#VALUE!,#VALUE!,,#VALUE!,#VALUE!,,#VALUE!,#VALUE!,
🇳🇴,skycrab1,0,0,8:34.986,8:36.447,30 May 2024,736,(U),5645148096058568914,,,https://www.youtube.com/watch?v=qmxUkDzqJLA&list=PLU3_fvoJ1GyMStiA29z37DUPtG47PvOJz&index=25,8,36,447,516447,1461,1.461,514986,1.258524853,421494,1.225277228,,0.6921,2.173053641,44.5084,64.3076,446.1047,3.51048,,,,,,,,,,,,,,,,,,,,,,,,,,,,,,,,,,,,,,,,,,,,,,,,,,,,,,,,--,,,,,,,,,,,,,,,,,,,,,,,,,,,736,0,0,#VALUE!,,#VALUE!,#VALUE!,,#VALUE!,#VALUE!,,#VALUE!,#VALUE!,
🇳🇴,skycrab1,0,0,8:35.909,8:36.678,13 Aug 2024,661,(U),-757577179228035098,,,https://www.youtube.com/watch?v=3jCFZ5mZbuw&list=PLU3_fvoJ1GyMStiA29z37DUPtG47PvOJz&index=53,8,36,678,516678,769,0.769,515909,1.259087774,421494,1.225825279,,0.7186,2.179553106,46.1032,64.1601,444.0976,3.52324,,,,,,,,,,,,,,,,,,,,,,,,,,,,,,,,,,,,,,,,,,,,,,,,,,,,,,,,--,,,,,,,,,,,,,,,,,,,,,,,,,,,661,0,0.0000000001839216928,#VALUE!,,#VALUE!,#VALUE!,,#VALUE!,#VALUE!,,#VALUE!,#VALUE!,
🇹🇿,Kxpow,0,0,8:36.194,8:36.695,04 Nov 2024,578,(U),-8654711318816498039,,,https://www.youtube.com/watch?v=NiXw7_TxVeo,8,36,695,516695,501,0.501,516194,1.259129202,421494,1.225865611,,0.7490,2.180032111,48.0486,64.1493,443.9499,3.52418,,,,,,,,,,,,,,,,,,,,,,,,,,,,,,,,,,,,,,,,,,,,,,,,,,,,,,,,,,,,,,,,,,,,,,,,,,,,,,,,,,,578,0.000000004109127163,0.000002635975091,#VALUE!,,#VALUE!,#VALUE!,,#VALUE!,#VALUE!,,#VALUE!,#VALUE!,
🇫🇮,AndrewCrow,0,0,8:33.154,8:36.802,20 Jul 2025,320,(U),unknown,,,https://www.youtube.com/watch?v=E1L_FPxRTuo,8,36,802,516802,3648,3.648,513154,1.259389949,410359,1.259389949,,0.8521,2.612416081,46.6501,54.7444,443.0202,3.53011,,,,,,,,,,,,,,,,,,,,,,,,,,,,,,,,,,,,,,,,,,,,,,,,,,,,,,,,,,,,,,,,,,,,,,,,,,,,,,,,,,,320,0.03774886009,20.66539281,#VALUE!,,#VALUE!,#VALUE!,,#VALUE!,#VALUE!,,#VALUE!,#VALUE!,
🇳🇴,skycrab1,0,0,8:36.197,8:36.807,30 Sep 2025,248,(U),unknown,,,https://www.youtube.com/watch?v=dGXgTgEdGVY&list=PLU3_fvoJ1GyMStiA29z37DUPtG47PvOJz&index=142,8,36,807,516807,610,0.61,516197,1.259402133,410359,1.259402133,,0.8834,2.612586237,48.3570,54.7409,442.9768,3.53039,,,,,,,,,,,,,,,,,,,,,,,,,,,,,,,,,,,,,,,,,,,,,,,,,,,,,,,,--,,,,,,,,,,,,,,,,,,,,,,,,,,,248,0.2175559544,119.0920516,#VALUE!,,#VALUE!,#VALUE!,,#VALUE!,#VALUE!,,#VALUE!,#VALUE!,
🇺🇸,doogile,0,0,8:32.663,8:36.891,31 Mar 2024,796,(U),-8770456777787364691,,,https://www.youtube.com/watch?v=IRTvOCDfvbA,8,36,891,516891,4228,4.228,512663,1.259606832,421494,1.226330624,,0.6717,2.185561589,43.0025,64.0240,442.2469,3.53504,,,,,,,,,,,,,,,,,,,,,,,,,,,,,,,,,,,,,,,,,,,,,,,,,,,,,,,,--,,,,,,,,,,,,,,,,,,,,,,,,,,,796,0,0,#VALUE!,,#VALUE!,#VALUE!,,#VALUE!,#VALUE!,,#VALUE!,#VALUE!,
🇵🇱,okshey,0,1,8:35.972,8:37.500,17 Apr 2025,414,(V),-1892453842458127965,,,https://www.speedrun.com/mc/runs/zn9dgq8y,8,37,500,517500,1528,1.528,515972,1.261090898,421494,1.227775484,,0.8130,2.202822938,51.7354,63.6336,436.9560,3.56898,,,,,,,,,,,,,,,,,,,,,,,,,,,,,,,,,,,,,,,,,,,,,,,,,,,,,,,,,,,,,,,,,,,,,,,,,,,,,,,,,,,414,0.0008285822916,0.5272570117,#VALUE!,,#VALUE!,#VALUE!,,#VALUE!,#VALUE!,,#VALUE!,#VALUE!,
🇳🇴,skycrab1,0,0,8:36.373,8:37.680,12 Jun 2024,723,(U),8302535928926204218,,,https://www.youtube.com/watch?v=RUtcNVLefnE&list=PLU3_fvoJ1GyMStiA29z37DUPtG47PvOJz&index=28,8,37,680,517680,1307,1.307,516373,1.261529539,421494,1.228202537,,0.6966,2.2079482,44.2485,63.5180,435.3923,3.57907,,,,,,,,,,,,,,,,,,,,,,,,,,,,,,,,,,,,,,,,,,,,,,,,,,,,,,,,--,,,,,,,,,,,,,,,,,,,,,,,,,,,723,0,0,#VALUE!,,#VALUE!,#VALUE!,,#VALUE!,#VALUE!,,#VALUE!,#VALUE!,
🇨🇦,sockmonkey737,0,1,8:36.752,8:37.739,14 May 2025,387,(V),-3879107049025834895,,,https://www.speedrun.com/mc/runs/z5w7nw5z,8,37,739,517739,987,0.987,516752,1.261673315,421494,1.228342515,,0.8241,2.209630476,52.3120,63.4800,434.8799,3.58238,,,,,,,,,,,,,,,,,,,,,,,,,,,,,,,,,,,,,,,,,,,,,,,,,,,,,,,,,,,,,,,,,,,,,,,,,,,,,,,,,,,387,0.003039505929,1.929478491,#VALUE!,,#VALUE!,#VALUE!,,#VALUE!,#VALUE!,,#VALUE!,#VALUE!,
🇨🇦,rdpill,0,1,8:34.580,8:37.769,05 Nov 2024,577,(V),4338721383690060751,,,https://www.speedrun.com/mc/runs/m7nn9r0z,8,37,769,517769,3189,3.189,514580,1.261746422,421494,1.22841369,,0.7494,2.210486311,47.5566,63.4607,434.6193,3.58407,,,,,,,,,,,,,,,,,,,,,,,,,,,,,,,,,,,,,,,,,,,,,,,,,,,,,,,,,,,,,,,,,,,,,,,,,,,,,,,,,,,577,0.000000004541523539,0.000002882082765,#VALUE!,,#VALUE!,#VALUE!,,#VALUE!,#VALUE!,,#VALUE!,#VALUE!,
🇮🇱,sagi_enderman,1,1,8:31.726,8:37.884,29 Jul 2022,1407,(V),-774874644388946464,,,https://www.speedrun.com/mc/runs/mkdld9xy,8,37,884,517884,6158,6.158,511726,1.262026664,548820,0.9436317918,,0.4949,0.4331102176,50.7443,102.5447,433.6204,3.59054,,,,,,,,,,,,,,,,,,,,,,,,,,,,,,,,,,,,,,,,,,,,,,,,,,,,,,,,--,,,,,,,,,,,,,,,,,,,,,,,,,,,1407,0,0,#VALUE!,,#VALUE!,#VALUE!,,#VALUE!,#VALUE!,,#VALUE!,#VALUE!,
🇺🇸,meebie,0,0,8:37.477,8:37.975,07 Aug 2023,1033,(U),1459462342630812192,,,https://www.youtube.com/watch?v=C983h_XUVjM&list=PLaTJSsRuu2Ufk7cX7bUTt9V-IJxa8wqSM&index=3,8,37,975,517975,498,0.498,517477,1.262248422,465828,1.111944752,,0.5966,1.150878413,52.8020,88.5042,432.8300,3.59566,,,,,,,,,,,,,,,,,,,,,,,,,,,,,,,,,,,,,,,,,,,,,,,,,,,,,,,,--,,,,,,,,,,,,,,,,,,,,,,,,,,,1033,0,0,#VALUE!,,#VALUE!,#VALUE!,,#VALUE!,#VALUE!,,#VALUE!,#VALUE!,
🇳🇴,skycrab1,0,0,8:38.021,8:38.021,06 May 2025,395,(U),unknown,,,https://www.youtube.com/watch?v=VTFc9umQMn8&list=PLU3_fvoJ1GyMStiA29z37DUPtG47PvOJz&index=120,8,38,21,518021,0,0,518021,1.262360518,421494,1.229011564,,0.8208,2.217687086,51.9541,63.2984,432.4305,3.59825,,,,,,,,,,,,,,,,,,,,,,,,,,,,,,,,,,,,,,,,,,,,,,,,,,,,,,,,--,,,,,,,,,,,,,,,,,,,,,,,,,,,395,0.002105952332,1.333034595,#VALUE!,,#VALUE!,#VALUE!,,#VALUE!,#VALUE!,,#VALUE!,#VALUE!,
🇰🇷,dwoh,0,1,8:48.684,8:38.155,02 Feb 2025,488,(V),3434004177647168368,,,https://www.speedrun.com/mc/runs/ylp19kkm,8,38,155,518155,-10529,-10.529,528684,1.262687062,421494,1.22932948,,0.7835,2.221524638,49.5258,63.2120,431.2668,3.60582,,,,,,,,,,,,,,,,,,,,,,,,,,,,,,,,,,,,,,,,,,,,,,,,,,,,,,,,,,,,,,,,,,,,,,,,,,,,,,,,,,,488,0.000008971773382,0.0056712392,#VALUE!,,#VALUE!,#VALUE!,,#VALUE!,#VALUE!,,#VALUE!,#VALUE!,
🇹🇷,Ancoboy,0,0,8:34.984,8:38.476,14 Aug 2024,660,(U),unknown,,,https://www.youtube.com/watch?v=uCGnjOQtFoQ,8,38,476,518476,3492,3.492,514984,1.263469304,421494,1.230091057,,0.7189,2.230741832,45.2956,63.0047,428.4796,3.62399,,,,,,,,,,,,,,,,,,,,,,,,,,,,,,,,,,,,,,,,,,,,,,,,,,,,,,,,,,,,,,,,,,,,,,,,,,,,,,,,,,,660,0,0.000000000205864069,#VALUE!,,#VALUE!,#VALUE!,,#VALUE!,#VALUE!,,#VALUE!,#VALUE!,
🇸🇪,v_strid,0,0,8:31.498,8:38.508,26 May 2025,375,(U),unknown,,,https://www.youtube.com/watch?v=g9DBl3awC4Q,8,38,508,518508,7010,7.01,511498,1.263547284,421494,1.230166977,,0.8290,2.231662558,52.2156,62.9840,428.2017,3.62581,,,,,,,,,,,,,,,,,,,,,,,,,,,,,,,,,,,,,,,,,,,,,,,,,,,,,,,,,,,,,,,,,,,,,,,,,,,,,,,,,,,,,,,,,,,,,,,,
🇮🇸,Kind,0,1,8:37.353,8:38.527,24 Jun 2023,1077,(V),8707775504708410399,,,https://www.speedrun.com/mc/runs/znelek8z,8,38,527,518527,1174,1.174,517353,1.263593585,465828,1.113129739,,0.5836,1.158742884,51.5463,88.3213,428.0368,3.62689,,,,,,,,,,,,,,,,,,,,,,,,,,,,,,,,,,,,,,,,,,,,,,,,,,,,,,,,,,,,,,,,,,,,,,,,,,,,,,,,,,,1077,0,0,#VALUE!,,#VALUE!,#VALUE!,,#VALUE!,#VALUE!,,#VALUE!,#VALUE!,
🇧🇷,misfitmcsr,0,1,8:38.209,8:38.728,15 Jul 2025,325,(V),2738581748136977282,,,https://www.speedrun.com/mc/runs/y9e8jwvz,8,38,728,518728,519,0.519,518209,1.2640834,410359,1.2640834,,0.8500,2.678695735,45.3734,53.3794,426.2920,3.63832,,,,,,,,,,,,,,,,,,,,,,,,,,,,,,,,,,,,,,,,,,,,,,,,,,,,,,,,,,,,,,,,,,,,,,,,,,,,,,,,,,,325,0.03229598047,17.23940469,#VALUE!,,#VALUE!,#VALUE!,,#VALUE!,#VALUE!,,#VALUE!,#VALUE!,
🇵🇱,okshey,0,0,8:38.735,8:38.735,15 Nov 2025,202,(U),unknown,,,https://www.youtube.com/watch?v=TfnVJFvNoDY,8,38,735,518735,0,0,518735,1.264100458,410359,1.264100458,,0.9039,2.678939334,48.2469,53.3744,426.2312,3.63872,,,,,,,,,,,,,,,,,,,,,,,,,,,,,,,,,,,,,,,,,,,,,,,,,,,,,,,,,,,,,,,,,,,,,,,,,,,,,,,,,,,202,0.4385678268,234.0831037,#VALUE!,,#VALUE!,#VALUE!,,#VALUE!,#VALUE!,,#VALUE!,#VALUE!,
🇸🇪,v_strid,0,0,8:38.425,8:38.789,24 Feb 2025,466,(U),unknown,,,https://www.youtube.com/watch?v=sjmsk61q-Mw,8,38,789,518789,364,0.364,518425,1.26423205,421494,1.230833654,,0.7922,2.239762343,49.7490,62.8022,425.7625,3.64180,,,,,,,,,,,,,,,,,,,,,,,,,,,,,,,,,,,,,,,,,,,,,,,,,,,,,,,,,,,,,,,,,,,,,,,,,,,,,,,,,,,,,,,,,,,,,,,,
🇨🇦,Jay12310,0,0,8:36.088,8:38.790,24 Nov 2025,193,(U),unknown,,,https://www.youtube.com/watch?v=t3Th0f5TeHc&list=PLaTJSsRuu2UcsiC6KEkJwrGp1GaGgPoVG&index=7,8,38,790,518790,2702,2.702,516088,1.264234487,410359,1.264234487,,0.9080,2.680854006,48.4290,53.3353,425.7538,3.64185,,,,,,,,,,,,,,,,,,,,,,,,,,,,,,,,,,,,,,,,,,,,,,,,,,,,,,,,--,,,,,,,,,,,,,,,,,,,,,,,,,,,193,0.4872852005,259.8951665,#VALUE!,,#VALUE!,#VALUE!,,#VALUE!,#VALUE!,,#VALUE!,#VALUE!,
🇹🇿,Kxpow,0,0,8:37.259,8:38.835,02 Mar 2024,825,(U),8469828128004769896,,,https://www.youtube.com/watch?v=VU43_XgypsM,8,38,835,518835,1576,1.576,517259,1.264344147,421494,1.230942789,,0.6620,2.241090796,41.5549,62.7724,425.3633,3.64442,,,,,,,,,,,,,,,,,,,,,,,,,,,,,,,,,,,,,,,,,,,,,,,,,,,,,,,,,,,,,,,,,,,,,,,,,,,,,,,,,,,825,0,0,#VALUE!,,#VALUE!,#VALUE!,,#VALUE!,#VALUE!,,#VALUE!,#VALUE!,
🇿🇦,Airpodsz,0,0,8:39.098,8:39.098,12 May 2025,389,(U),1497324270395087566,,,https://www.youtube.com/watch?v=QcZ_tKesd74&list=PLjW0OIc7zcEcqLcQwe9V6NfJUy0AUDomQ&index=14,8,39,98,519098,0,0,519098,1.26498505,421494,1.23156676,,0.8232,2.248699665,51.5367,62.6019,423.0810,3.65945,,,,,,,,,,,,,,,,,,,,,,,,,,,,,,,,,,,,,,,,,,,,,,,,,,,,,,,,,,,,,,,,,,,,,,,,,,,,,,,,,,,389,0.002776992143,1.738448659,#VALUE!,,#VALUE!,#VALUE!,,#VALUE!,#VALUE!,,#VALUE!,#VALUE!,
🇨🇦,Jay12310,0,0,8:39.147,8:39.147,06 Dec 2025,181,(U),unknown,,,https://www.youtube.com/watch?v=SSESxjNH_hk&list=PLaTJSsRuu2UcsiC6KEkJwrGp1GaGgPoVG&index=10,8,39,147,519147,0,0,519147,1.265104457,410359,1.265104457,,0.9135,2.693311617,48.4884,53.0813,422.6558,3.66226,,,,,,,,,,,,,,,,,,,,,,,,,,,,,,,,,,,,,,,,,,,,,,,,,,,,,,,,--,,,,,,,,,,,,,,,,,,,,,,,,,,,181,0.5526811091,293.3704986,#VALUE!,,#VALUE!,#VALUE!,,#VALUE!,#VALUE!,,#VALUE!,#VALUE!,
🇺🇸,doogile,0,0,8:39.037,8:39.282,30 Mar 2025,432,(U),8886412600271699411,,,https://www.youtube.com/watch?v=u6qbrlizGMM,8,39,282,519282,245,0.245,519037,1.265433438,421494,1.232003303,,0.8057,2.254036749,50.3443,62.4824,421.4846,3.67000,,,,,,,,,,,,,,,,,,,,,,,,,,,,,,,,,,,,,,,,,,,,,,,,,,,,,,,,--,,,,,,,,,,,,,,,,,,,,,,,,,,,432,0.0003152461487,0.1969732724,#VALUE!,,#VALUE!,#VALUE!,,#VALUE!,#VALUE!,,#VALUE!,#VALUE!,
🇺🇸,Reignex,0,1,8:39.268,8:39.218,18 Sep 2022,1356,(U),Unknown,12,Yes,https://www.youtube.com/watch?v=z1feRpPuykI,8,39,218,519218,-50,-0.05,519268,1.265277477,517884,1.002575866,,0.5076,0.6090855007,50.6836,99.8434,422.0398,3.66633,,,,,,,,,,,,,,,,,,,,,,,,,,,,,,,,,,,,,,,,,,,,,,,,,,,,,,,,,,,,,,,,,,,,,,,,,,,,,,,,,,,1356,0,0,#VALUE!,,#VALUE!,#VALUE!,,#VALUE!,#VALUE!,,#VALUE!,#VALUE!,
🇿🇦,Airpodsz,0,0,8:39.411,8:39.411,05 Sep 2025,273,(U),-1145251015490040547,,,https://www.youtube.com/watch?v=X9g8K9tNTi8&list=PLjW0OIc7zcEcqLcQwe9V6NfJUy0AUDomQ&index=10,8,39,411,519411,0,0,519411,1.265747796,410359,1.265747796,,0.8724,2.702557085,46.1445,52.8933,420.3657,3.67741,,,,,,,,,,,,,,,,,,,,,,,,,,,,,,,,,,,,,,,,,,,,,,,,,,,,,,,,,,,,,,,,,,,,,,,,,,,,,,,,,,,273,0.1307273137,69.14602846,#VALUE!,,#VALUE!,#VALUE!,,#VALUE!,#VALUE!,,#VALUE!,#VALUE!,
🇩🇰,Bloopy,0,0,8:39.524,8:39.524,08 Feb 2025,482,(U),-1918684009025106856,,,https://www.youtube.com/watch?v=4Ncc5fSS7fU,8,39,524,519524,0,0,519524,1.266023165,421494,1.232577451,,0.7858,2.261073473,48.9776,62.3250,419.3857,3.68392,,,,,,,,,,,,,,,,,,,,,,,,,,,,,,,,,,,,,,,,,,,,,,,,,,,,,,,,--,,,,,,,,,,,,,,,,,,,,,,,,,,,482,0.00001370134164,0.008539363004,#VALUE!,,#VALUE!,#VALUE!,,#VALUE!,#VALUE!,,#VALUE!,#VALUE!,
🇩🇪,jason_n,0,0,8:39.547,8:39.547,14 Sep 2024,629,(U),-6811725567637899791,,,https://www.youtube.com/watch?v=vO1lOV6z_rs,8,39,547,519547,0,0,519547,1.266079214,421494,1.232632018,,0.7302,2.261743276,45.4959,62.3100,419.1862,3.68524,,,,,,,,,,,,,,,,,,,,,,,,,,,,,,,,,,,,,,,,,,,,,,,,,,,,,,,,--,,,,,,,,,,,,,,,,,,,,,,,,,,,629,0,0.000000009700279352,#VALUE!,,#VALUE!,#VALUE!,,#VALUE!,#VALUE!,,#VALUE!,#VALUE!,
🇫🇮,sadekeppi,0,0,8:39.634,8:39.634,23 Nov 2025,194,(U),unknown,,,https://www.youtube.com/watch?v=7l0U6MbHxfo,8,39,634,519634,0,0,519634,1.266291223,410359,1.266291223,,0.9076,2.710388702,47.8594,52.7344,418.4318,3.69026,,,,,,,,,,,,,,,,,,,,,,,,,,,,,,,,,,,,,,,,,,,,,,,,,,,,,,,,,,,,,,,,,,,,,,,,,,,,,,,,,,,194,0.4818422985,254.096697,#VALUE!,,#VALUE!,#VALUE!,,#VALUE!,#VALUE!,,#VALUE!,#VALUE!,
🇳🇴,skycrab1,0,0,8:39.547,8:39.779,30 May 2025,371,(U),unknown,,,https://www.youtube.com/watch?v=NFMHJvhQb_w&list=PLU3_fvoJ1GyMStiA29z37DUPtG47PvOJz&index=129,8,39,779,519779,232,0.232,519547,1.266644572,421494,1.233182442,,0.8307,2.268509512,51.6347,62.1589,417.1746,3.69863,,,,,,,,,,,,,,,,,,,,,,,,,,,,,,,,,,,,,,,,,,,,,,,,,,,,,,,,--,,,,,,,,,,,,,,,,,,,,,,,,,,,371,0.006057360711,3.765191476,#VALUE!,,#VALUE!,#VALUE!,,#VALUE!,#VALUE!,,#VALUE!,#VALUE!,
🇫🇮,AndrewCrow,0,0,8:38.402,8:39.880,12 Aug 2025,297,(U),unknown,,,https://www.youtube.com/watch?v=psOz3n2aTy0,8,39,880,519880,1478,1.478,518402,1.266890698,410359,1.266890698,,0.8620,2.719051489,45.3058,52.5590,416.2991,3.70447,,,,,,,,,,,,,,,,,,,,,,,,,,,,,,,,,,,,,,,,,,,,,,,,,,,,,,,,,,,,,,,,,,,,,,,,,,,,,,,,,,,297,0.07281689329,38.27181989,#VALUE!,,#VALUE!,#VALUE!,,#VALUE!,#VALUE!,,#VALUE!,#VALUE!,
🇵🇱,watermelon1708,0,0,8:39.647,8:40.008,29 Nov 2025,188,(U),unknown,,,https://www.youtube.com/watch?v=t10Ij-c_N2s,8,40,8,520008,361,0.361,519647,1.26720262,410359,1.26720262,,0.9103,2.723568693,47.7604,52.4677,415.1898,3.71189,,,,,,,,,,,,,,,,,,,,,,,,,,,,,,,,,,,,,,,,,,,,,,,,,,,,,,,,--,,,,,,,,,,,,,,,,,,,,,,,,,,,188,0.5145476057,269.9710815,#VALUE!,,#VALUE!,#VALUE!,,#VALUE!,#VALUE!,,#VALUE!,#VALUE!,
🇩🇪,jason_n,0,0,8:40.038,8:40.038,21 Aug 2024,653,(U),8973323366010797251,,,https://www.youtube.com/watch?v=wtVTAwET8cA,8,40,38,520038,0,0,520038,1.267275727,421494,1.233796922,,0.7214,2.276084635,44.7223,61.9900,414.9298,3.71363,,,,,,,,,,,,,,,,,,,,,,,,,,,,,,,,,,,,,,,,,,,,,,,,,,,,,,,,--,,,,,,,,,,,,,,,,,,,,,,,,,,,653,0,0.0000000005007323045,#VALUE!,,#VALUE!,#VALUE!,,#VALUE!,#VALUE!,,#VALUE!,#VALUE!,
🇬🇧,priffie,0,0,8:40.155,8:40.155,11 Nov 2024,571,(U),-2522481865350924050,,,https://www.youtube.com/watch?v=ChKDeopLupA,8,40,155,520155,0,0,520155,1.267560843,421494,1.234074506,,0.7516,2.279514032,46.5366,61.9136,413.9160,3.72043,,,,,,,,,,,,,,,,,,,,,,,,,,,,,,,,,,,,,,,,,,,,,,,,,,,,,,,,,,,,,,,,,,,,,,,,,,,,,,,,,,,571,0.000000008217982467,0.000005088048604,#VALUE!,,#VALUE!,#VALUE!,,#VALUE!,#VALUE!,,#VALUE!,#VALUE!,
🇨🇦,Aquacorde,0,0,8:40.408,8:40.408,08 Mar 2026,89,(U),unknown,,,https://www.youtube.com/watch?v=kjsEkRLLT8w&list=PL7aObukeMJOzC12YUkw7rFbzP2BzIhpXp&index=2,8,40,408,520408,0,0,520408,1.268177376,410359,1.268177376,,0.9565,2.737728026,49.9109,52.1821,411.7244,3.73516,,,,,,,,,,,,,,,,,,,,,,,,,,,,,,,,,,,,,,,,,,,,,,,,,,,,,,,,,,,,,,,,,,,,,,,,,,,,,,,,,,,89,0.9319306285,486.3005984,#VALUE!,,#VALUE!,#VALUE!,,#VALUE!,#VALUE!,,#VALUE!,#VALUE!,
🇮🇹,nonshochiama,0,1,8:38.077,8:40.586,04 Jan 2024,883,(V),8591525407209828717,,,https://www.speedrun.com/mc/runs/m73l1key,8,40,586,520586,2509,2.509,518077,1.268611143,421494,1.23509706,,0.6431,2.292187104,39.6335,61.6317,410.1831,3.74555,,,,,,,,,,,,,,,,,,,,,,,,,,,,,,,,,,,,,,,,,,,,,,,,,,,,,,,,,,,,,,,,,,,,,,,,,,,,,,,,,,,883,0,0,#VALUE!,,#VALUE!,#VALUE!,,#VALUE!,#VALUE!,,#VALUE!,#VALUE!,
🇵🇱,watermelon1708,0,0,8:39.979,8:40.694,15 Nov 2025,202,(U),unknown,,,https://www.youtube.com/watch?v=EKR-bvraczI,8,40,694,520694,715,0.715,519979,1.268874327,410359,1.268874327,,0.9039,2.747892062,46.9843,51.9777,409.2482,3.75187,,,,,,,,,,,,,,,,,,,,,,,,,,,,,,,,,,,,,,,,,,,,,,,,,,,,,,,,--,,,,,,,,,,,,,,,,,,,,,,,,,,,202,0.4385678268,227.9573449,#VALUE!,,#VALUE!,#VALUE!,,#VALUE!,#VALUE!,,#VALUE!,#VALUE!,
🇺🇸,doogile,0,0,8:39.729,8:40.725,09 Dec 2023,909,(U),-5412281049038794009,,,https://www.youtube.com/watch?v=Jv2jo4YQLrw,8,40,725,520725,996,0.996,519729,1.268949871,446254,1.166880297,,0.6348,1.572835187,49.7957,78.4474,408.9798,3.75369,,,,,,,,,,,,,,,,,,,,,,,,,,,,,,,,,,,,,,,,,,,,,,,,,,,,,,,,--,,,,,,,,,,,,,,,,,,,,,,,,,,,909,0,0,#VALUE!,,#VALUE!,#VALUE!,,#VALUE!,#VALUE!,,#VALUE!,#VALUE!,
🇺🇸,doogile,0,0,8:40.768,8:40.768,16 Jul 2024,689,(U),8198000986967179551,,,https://www.youtube.com/watch?v=Ce_A0Sa97Hg,8,40,768,520768,0,0,520768,1.269054657,421494,1.235528857,,0.7086,2.297557547,43.5861,61.5124,408.6077,3.75621,,,,,,,,,,,,,,,,,,,,,,,,,,,,,,,,,,,,,,,,,,,,,,,,,,,,,,,,--,,,,,,,,,,,,,,,,,,,,,,,,,,,689,0,0,#VALUE!,,#VALUE!,#VALUE!,,#VALUE!,#VALUE!,,#VALUE!,#VALUE!,
🇳🇴,skycrab1,0,0,8:40.888,8:40.888,08 Dec 2025,179,(U),unknown,,,https://www.youtube.com/watch?v=xihX3p1Fp4s&list=PLU3_fvoJ1GyMStiA29z37DUPtG47PvOJz&index=153,8,40,888,520888,0,0,520888,1.269347084,410359,1.269347084,,0.9144,2.754805641,47.4009,51.8389,407.5692,3.76325,,,,,,,,,,,,,,,,,,,,,,,,,,,,,,,,,,,,,,,,,,,,,,,,,,,,,,,,--,,,,,,,,,,,,,,,,,,,,,,,,,,,179,0.5635304555,292.1282455,#VALUE!,,#VALUE!,#VALUE!,,#VALUE!,#VALUE!,,#VALUE!,#VALUE!,
🇹🇷,Ancoboy,0,1,8:39.744,8:40.941,15 Dec 2023,903,(U),-2037700049700041325,,,https://www.youtube.com/watch?v=rIQn66zPVwM,8,40,941,520941,1197,1.197,519744,1.269476239,446254,1.167364326,,0.6367,1.577117102,49.8797,78.3443,407.1106,3.76636,,,,,,,,,,,,,,,,,,,,,,,,,,,,,,,,,,,,,,,,,,,,,,,,,,,,,,,,,,,,,,,,,,,,,,,,,,,,,,,,,,,903,0,0,#VALUE!,,#VALUE!,#VALUE!,,#VALUE!,#VALUE!,,#VALUE!,#VALUE!,
🇫🇮,megelimc,0,1,8:35.954,8:41.307,26 Jun 2024,709,(V),5074648903421430178,,,https://www.speedrun.com/mc/runs/zq8l7d1z,8,41,307,521307,5353,5.353,515954,1.270368141,421494,1.236807641,,0.7015,2.313528525,42.9041,61.1584,403.9452,3.78793,,,,,,,,,,,,,,,,,,,,,,,,,,,,,,,,,,,,,,,,,,,,,,,,,,,,,,,,,,,,,,,,,,,,,,,,,,,,,,,,,,,709,0,0,#VALUE!,,#VALUE!,#VALUE!,,#VALUE!,#VALUE!,,#VALUE!,#VALUE!,
🇳🇴,skycrab1,0,0,8:40.847,8:41.542,18 May 2025,383,(U),unknown,,,https://www.youtube.com/watch?v=xJ01M7bzZw4&list=PLU3_fvoJ1GyMStiA29z37DUPtG47PvOJz&index=123,8,41,542,521542,695,0.695,520847,1.27094081,421494,1.237365182,,0.8257,2.320522834,50.3720,61.0037,401.9141,3.80183,,,,,,,,,,,,,,,,,,,,,,,,,,,,,,,,,,,,,,,,,,,,,,,,,,,,,,,,--,,,,,,,,,,,,,,,,,,,,,,,,,,,383,0.003631212371,2.215175709,#VALUE!,,#VALUE!,#VALUE!,,#VALUE!,#VALUE!,,#VALUE!,#VALUE!,
🇨🇦,Jay12310,0,1,8:41.613,8:41.613,31 Jan 2024,856,(V),-2567989600321826795,,,https://www.speedrun.com/mc/runs/z1ke12jy,8,41,613,521613,0,0,521613,1.27111383,421494,1.23753363,,0.6518,2.322639731,39.7325,60.9570,401.3006,3.80604,,,,,,,,,,,,,,,,,,,,,,,,,,,,,,,,,,,,,,,,,,,,,,,,,,,,,,,,--,,,,,,,,,,,,,,,,,,,,,,,,,,,856,0,0,#VALUE!,,#VALUE!,#VALUE!,,#VALUE!,#VALUE!,,#VALUE!,#VALUE!,
🇹🇿,Kxpow,0,0,8:40.524,8:41.729,26 Jun 2024,709,(U),-2265204569977030713,,,https://www.youtube.com/watch?v=HS2BLQxAvHQ,8,41,729,521729,1205,1.205,520524,1.271396509,421494,1.237808842,,0.7015,2.326102045,42.7091,60.8805,400.2986,3.81293,,,,,,,,,,,,,,,,,,,,,,,,,,,,,,,,,,,,,,,,,,,,,,,,,,,,,,,,,,,,,,,,,,,,,,,,,,,,,,,,,,,709,0,0,#VALUE!,,#VALUE!,#VALUE!,,#VALUE!,#VALUE!,,#VALUE!,#VALUE!,
🇿🇦,Airpodsz,0,0,8:42.023,8:42.023,13 Feb 2026,112,(U),3688076343083871671,,,https://www.youtube.com/watch?v=FDhUOxV4hnA&list=PLjW0OIc7zcEcqLcQwe9V6NfJUy0AUDomQ&index=4,8,42,23,522023,0,0,522023,1.272112955,410359,1.272112955,,0.9455,2.795564522,48.2471,51.0260,397.7601,3.83043,,,,,,,,,,,,,,,,,,,,,,,,,,,,,,,,,,,,,,,,,,,,,,,,,,,,,,,,,,,,,,,,,,,,,,,,,,,,,,,,,,,112,0.8689299212,443.3803915,#VALUE!,,#VALUE!,#VALUE!,,#VALUE!,#VALUE!,,#VALUE!,#VALUE!,
🇬🇧,biased,0,1,8:39.479,8:42.046,21 Sep 2024,622,(V),-1851988790638545849,,,https://www.speedrun.com/mc/runs/z0qx9l9m,8,42,46,522046,2567,2.567,519479,1.272169003,421494,1.238560929,,0.7327,2.335587302,44.4547,60.6713,397.5616,3.83181,,,,,,,,,,,,,,,,,,,,,,,,,,,,,,,,,,,,,,,,,,,,,,,,,,,,,,,,,,,,,,,,,,,,,,,,,,,,,,,,,,,622,0,0.00000002148031704,#VALUE!,,#VALUE!,#VALUE!,,#VALUE!,#VALUE!,,#VALUE!,#VALUE!,
🇨🇦,Aquacorde,0,0,8:42.341,8:42.341,21 Jun 2025,349,(U),-7609881780988686655,,,https://www.youtube.com/watch?v=MuohhSr-XiM,8,42,341,522341,0,0,522341,1.272887886,410359,1.272887886,,0.8399,2.807079922,42.6640,50.7979,395.0166,3.84945,,,,,,,,,,,,,,,,,,,,,,,,,,,,,,,,,,,,,,,,,,,,,,,,,,,,,,,,--,,,,,,,,,,,,,,,,,,,,,,,,,,,349,0.01425204463,7.239737807,#VALUE!,,#VALUE!,#VALUE!,,#VALUE!,#VALUE!,,#VALUE!,#VALUE!,
🇹🇿,Kxpow,0,0,8:40.539,8:42.547,14 Jul 2024,691,(U),-3078327032604818062,,,https://www.youtube.com/watch?v=6oDlGw6KjR8,8,42,547,522547,2008,2.008,520539,1.273389885,421494,1.239749558,,0.7079,2.350648835,42.7126,60.3399,393.2406,3.86182,,,,,,,,,,,,,,,,,,,,,,,,,,,,,,,,,,,,,,,,,,,,,,,,,,,,,,,,,,,,,,,,,,,,,,,,,,,,,,,,,,,691,0,0,#VALUE!,,#VALUE!,#VALUE!,,#VALUE!,#VALUE!,,#VALUE!,#VALUE!,
🇺🇸,doogile,0,0,8:42.117,8:42.986,28 Feb 2024,828,(U),5949882598636664818,,,https://www.youtube.com/watch?v=oCkkuqlQ9Po,8,42,986,522986,869,0.869,522117,1.27445968,421494,1.240791091,,0.6610,2.36391788,39.6923,60.0488,389.4591,3.88829,,,,,,,,,,,,,,,,,,,,,,,,,,,,,,,,,,,,,,,,,,,,,,,,,,,,,,,,--,,,,,,,,,,,,,,,,,,,,,,,,,,,828,0,0,#VALUE!,,#VALUE!,#VALUE!,,#VALUE!,#VALUE!,,#VALUE!,#VALUE!,
🇵🇱,Mixray,0,1,8:38.475,8:43.007,24 Dec 2023,894,(V),-9159005293217893627,,,https://www.speedrun.com/mc/run/y2kweg9y,8,43,7,523007,4532,4.532,518475,1.274510855,446254,1.171993977,,0.6395,1.618614918,49.4660,77.3457,389.2783,3.88956,,,,,,,,,,,,,,,,,,,,,,,,,,,,,,,,,,,,,,,,,,,,,,,,,,,,,,,,,,,,,,,,,,,,,,,,,,,,,,,,,,,894,0,0,#VALUE!,,#VALUE!,#VALUE!,,#VALUE!,#VALUE!,,#VALUE!,#VALUE!,
🇫🇮,AndrewCrow,0,0,8:42.102,8:43.518,17 Jul 2025,323,(U),unknown,,,https://www.youtube.com/watch?v=uT5c_6-u4Ns,8,43,518,523518,1416,1.416,522102,1.275756106,410359,1.275756106,,0.8509,2.850069024,42.5027,49.9522,384.8831,3.92059,,,,,,,,,,,,,,,,,,,,,,,,,,,,,,,,,,,,,,,,,,,,,,,,,,,,,,,,,,,,,,,,,,,,,,,,,,,,,,,,,,,323,0.03439559758,17.181368,#VALUE!,,#VALUE!,#VALUE!,,#VALUE!,#VALUE!,,#VALUE!,#VALUE!,
🇹🇿,Kxpow,0,0,8:40.779,8:43.672,26 Jan 2024,861,(U),-8996510102519287588,,,https://www.youtube.com/watch?v=KF9Pal7AXdU,8,43,672,523672,2893,2.893,520779,1.276131387,421494,1.242418635,,0.6502,2.384786903,38.7460,59.5924,383.5599,3.92998,,,,,,,,,,,,,,,,,,,,,,,,,,,,,,,,,,,,,,,,,,,,,,,,,,,,,,,,,,,,,,,,,,,,,,,,,,,,,,,,,,,861,0,0,#VALUE!,,#VALUE!,#VALUE!,,#VALUE!,#VALUE!,,#VALUE!,#VALUE!,
🇿🇦,Airpodsz,0,0,8:43.709,8:43.709,25 Mar 2026,72,(U),7506275670866580323,,,https://www.youtube.com/watch?v=llpWdAgohkU&list=PLjW0OIc7zcEcqLcQwe9V6NfJUy0AUDomQ&index=1,8,43,709,523709,0,0,523709,1.276221552,410359,1.276221552,,0.9646,2.85710005,48.0534,49.8148,383.2421,3.93224,,,,,,,,,,,,,,,,,,,,,,,,,,,,,,,,,,,,,,,,,,,,,,,,,,,,,,,,,,,,,,,,,,,,,,,,,,,,,,,,,,,72,0.9633631842,479.8976822,#VALUE!,,#VALUE!,#VALUE!,,#VALUE!,#VALUE!,,#VALUE!,#VALUE!,
🇺🇸,doogile,0,0,8:43.991,8:43.991,13 Jul 2024,692,(U),-7771537069643682878,,,https://www.youtube.com/watch?v=TZ_zdyCgG4M,8,43,991,523991,0,0,523991,1.276908756,421494,1.243175466,,0.7075,2.39454733,42.0118,59.3796,380.8212,3.94950,,,,,,,,,,,,,,,,,,,,,,,,,,,,,,,,,,,,,,,,,,,,,,,,,,,,,,,,--,,,,,,,,,,,,,,,,,,,,,,,,,,,692,0,0,#VALUE!,,#VALUE!,#VALUE!,,#VALUE!,#VALUE!,,#VALUE!,#VALUE!,
🇳🇴,skycrab1,0,0,8:43.592,8:44.066,13 Jul 2025,327,(U),see video,,,https://www.youtube.com/watch?v=jDNFlZ8Sg58&list=PLU3_fvoJ1GyMStiA29z37DUPtG47PvOJz&index=132,8,44,66,524066,474,0.474,523592,1.277091522,410359,1.277091522,,0.8492,2.870283133,42.0829,49.5579,380.1777,3.95411,,,,,,,,,,,,,,,,,,,,,,,,,,,,,,,,,,,,,,,,,,,,,,,,,,,,,,,,--,,,,,,,,,,,,,,,,,,,,,,,,,,,327,0.03030088679,15.01647719,#VALUE!,,#VALUE!,#VALUE!,,#VALUE!,#VALUE!,,#VALUE!,#VALUE!,
🇩🇰,Bloopy,0,0,8:44.147,8:44.147,14 Jan 2025,507,(U),865156050683453436,,,https://www.youtube.com/watch?v=mCIohgnMn6Q,8,44,147,524147,0,0,524147,1.27728891,421494,1.243545578,,0.7761,2.399333452,46.0025,59.2755,379.4829,3.95908,,,,,,,,,,,,,,,,,,,,,,,,,,,,,,,,,,,,,,,,,,,,,,,,,,,,,,,,--,,,,,,,,,,,,,,,,,,,,,,,,,,,507,0.000002188302782,0.001297126735,#VALUE!,,#VALUE!,#VALUE!,,#VALUE!,#VALUE!,,#VALUE!,#VALUE!,
🇸🇰,NoFear1337,0,0,8:43.284,8:44.223,01 Jan 2024,886,(U),unknown,,,https://www.youtube.com/watch?v=qY2cZ8Sy2uY&list=PLaTJSsRuu2UeeWabBBfNVWALvnefBoL2C&index=3,8,44,223,524223,939,0.939,523284,1.277474114,446254,1.174718882,,0.6421,1.643503615,49.2800,76.7473,378.8312,3.96376,,,,,,,,,,,,,,,,,,,,,,,,,,,,,,,,,,,,,,,,,,,,,,,,,,,,,,,,--,,,,,,,,,,,,,,,,,,,,,,,,,,,886,0,0,#VALUE!,,#VALUE!,#VALUE!,,#VALUE!,#VALUE!,,#VALUE!,#VALUE!,
🇨🇦,Jay12310,0,0,8:44.276,8:44.276,10 Nov 2025,207,(U),unknown,,,https://www.youtube.com/watch?v=zPHrwr8ViFs&list=PLaTJSsRuu2UcsiC6KEkJwrGp1GaGgPoVG&index=6,8,44,276,524276,0,0,524276,1.277603269,410359,1.277603269,,0.9017,2.878063098,44.5488,49.4067,378.3769,3.96702,,,,,,,,,,,,,,,,,,,,,,,,,,,,,,,,,,,,,,,,,,,,,,,,,,,,,,,,--,,,,,,,,,,,,,,,,,,,,,,,,,,,207,0.4119001555,203.5061381,#VALUE!,,#VALUE!,#VALUE!,,#VALUE!,#VALUE!,,#VALUE!,#VALUE!,
🇺🇸,doogile,0,0,8:43.409,8:44.369,22 Mar 2024,805,(U),3833476757322719608,,,https://www.youtube.com/watch?v=ReityME0-V4,8,44,369,524369,960,0.96,523409,1.2778299,421494,1.244072276,,0.6686,2.406159223,39.5351,59.1271,377.5798,3.97275,,,,,,,,,,,,,,,,,,,,,,,,,,,,,,,,,,,,,,,,,,,,,,,,,,,,,,,,--,,,,,,,,,,,,,,,,,,,,,,,,,,,805,0,0,#VALUE!,,#VALUE!,#VALUE!,,#VALUE!,#VALUE!,,#VALUE!,#VALUE!,
🇳🇴,skycrab1,0,0,8:43.341,8:44.403,08 May 2024,758,(U),unknown,,,https://www.youtube.com/watch?v=KxM7quLW_a0&list=PLU3_fvoJ1GyMStiA29z37DUPtG47PvOJz&index=19,8,44,403,524403,1062,1.062,523341,1.277912754,421494,1.244152942,,0.6845,2.407206144,40.4596,59.1043,377.2885,3.97485,,,,,,,,,,,,,,,,,,,,,,,,,,,,,,,,,,,,,,,,,,,,,,,,,,,,,,,,--,,,,,,,,,,,,,,,,,,,,,,,,,,,758,0,0,#VALUE!,,#VALUE!,#VALUE!,,#VALUE!,#VALUE!,,#VALUE!,#VALUE!,
🇨🇦,Aquacorde,0,0,8:44.345,8:44.570,08 Jul 2025,332,(U),-1775700207608873533,,,https://www.youtube.com/watch?v=oEQpaV4i5Xo,8,44,570,524570,225,0.225,524345,1.278319715,410359,1.278319715,,0.8470,2.888986507,41.6703,49.1949,375.8580,3.98517,,,,,,,,,,,,,,,,,,,,,,,,,,,,,,,,,,,,,,,,,,,,,,,,,,,,,,,,--,,,,,,,,,,,,,,,,,,,,,,,,,,,332,0.02574700936,12.66621198,#VALUE!,,#VALUE!,#VALUE!,,#VALUE!,#VALUE!,,#VALUE!,#VALUE!,
🇺🇸,Infume,0,0,8:44.686,8:44.686,21 May 2025,380,(U),unknown,,,https://www.youtube.com/watch?v=sLVc8CxP9NU,8,44,686,524686,0,0,524686,1.278602394,421494,1.244824363,,0.8270,2.415936036,48.7202,58.9149,374.8649,3.99235,,,,,,,,,,,,,,,,,,,,,,,,,,,,,,,,,,,,,,,,,,,,,,,,,,,,,,,,,,,,,,,,,,,,,,,,,,,,,,,,,,,380,0.004139418334,2.438733154,#VALUE!,,#VALUE!,#VALUE!,,#VALUE!,#VALUE!,,#VALUE!,#VALUE!,
🇳🇴,skycrab1,0,0,8:41.713,8:44.753,09 Jun 2024,726,(U),3601997149186064061,,,https://www.youtube.com/watch?v=ARk7_DpxA8k&list=PLU3_fvoJ1GyMStiA29z37DUPtG47PvOJz&index=27,8,44,753,524753,3040,3.04,521713,1.278765666,421494,1.244983321,,0.6956,2.418006971,40.9492,58.8700,374.2915,3.99650,,,,,,,,,,,,,,,,,,,,,,,,,,,,,,,,,,,,,,,,,,,,,,,,,,,,,,,,--,,,,,,,,,,,,,,,,,,,,,,,,,,,726,0,0,#VALUE!,,#VALUE!,#VALUE!,,#VALUE!,#VALUE!,,#VALUE!,#VALUE!,
🇸🇰,NoFear1337,0,0,8:44.741,8:45.020,09 Dec 2025,178,(U),unknown,,,https://www.youtube.com/watch?v=LrqzlWWtJ5s,8,45,20,525020,279,0.279,524741,1.279416316,410359,1.279416316,,0.9148,2.905777306,44.7090,48.8706,372.0080,4.01308,,,,,,,,,,,,,,,,,,,,,,,,,,,,,,,,,,,,,,,,,,,,,,,,,,,,,,,,--,,,,,,,,,,,,,,,,,,,,,,,,,,,178,0.5689429008,278.0455677,#VALUE!,,#VALUE!,#VALUE!,,#VALUE!,#VALUE!,,#VALUE!,#VALUE!,
🇫🇮,sadekeppi,0,1,8:45.285,8:45.285,11 Jan 2025,510,(V),-7902621488584533605,,,https://www.speedrun.com/mc/runs/yoq7jxdz,8,45,285,525285,0,0,525285,1.280062092,421494,1.246245498,,0.7749,2.434507223,45.3427,58.5130,369.7439,4.02961,,,,,,,,,,,,,,,,,,,,,,,,,,,,,,,,,,,,,,,,,,,,,,,,,,,,,,,,,,,,,,,,,,,,,,,,,,,,,,,,,,,510,0.000001733964765,0.001014594742,#VALUE!,,#VALUE!,#VALUE!,,#VALUE!,#VALUE!,,#VALUE!,#VALUE!,
🇺🇸,zylenox,0,0,8:45.232,8:45.815,24 May 2024,742,(U),unknown,,,https://www.youtube.com/watch?v=9LHv2bh2PwU,8,45,815,525815,583,0.583,525232,1.281353644,421494,1.24750293,,0.6900,2.451045449,40.1305,58.1564,365.2232,4.06284,,,,,,,,,,,,,,,,,,,,,,,,,,,,,,,,,,,,,,,,,,,,,,,,,,,,,,,,,,,,,,,,,,,,,,,,,,,,,,,,,,,742,0,0,#VALUE!,,#VALUE!,#VALUE!,,#VALUE!,#VALUE!,,#VALUE!,#VALUE!,
🇺🇸,zylenox,0,0,8:43.999,8:45.999,06 Oct 2025,242,(U),unknown,,,https://www.youtube.com/watch?v=CPqlpG_fkso,8,45,999,525999,2000,2,523999,1.281802032,410359,1.281802032,,0.8860,2.942606168,42.6752,48.1643,363.6561,4.07443,,,,,,,,,,,,,,,,,,,,,,,,,,,,,,,,,,,,,,,,,,,,,,,,,,,,,,,,,,,,,,,,,,,,,,,,,,,,,,,,,,,242,0.2423799361,116.7406366,#VALUE!,,#VALUE!,#VALUE!,,#VALUE!,#VALUE!,,#VALUE!,#VALUE!,
🇫🇮,iluappi,0,1,8:43.470,8:45.874,31 Jul 2025,309,(V),-5964250352143644519,,,https://www.speedrun.com/mc/runs/yljxnnkm,8,45,874,525874,2404,2.404,523470,1.281497421,410359,1.281497421,,0.8568,2.937880859,41.3466,48.2545,364.7206,4.06655,,,,,,,,,,,,,,,,,,,,,,,,,,,,,,,,,,,,,,,,,,,,,,,,,,,,,,,,--,,,,,,,,,,,,,,,,,,,,,,,,,,,309,0.05232071532,25.24711726,#VALUE!,,#VALUE!,#VALUE!,,#VALUE!,#VALUE!,,#VALUE!,#VALUE!,
🇹🇿,Kxpow,0,1,8:39.054,8:45.890,29 May 2023,1103,(X),-8065244563761891233,08,Yes,https://www.youtube.com/watch?v=_Wdwq60t9tg,8,45,890,525890,6836,6.836,519054,1.281536411,465828,1.128936002,,0.5761,1.268571434,49.3937,85.7403,364.5843,4.06756,,,,,,,,,,,,,,,,,,,,,,,,,,,,,,,,,,,,,,,,,,,,,,,,,,,,,,,,--,,,,,,,,,,,,,,,,,,,,,,,,,,,1103,0,0,#VALUE!,,#VALUE!,#VALUE!,,#VALUE!,#VALUE!,,#VALUE!,#VALUE!,
🇸🇰,NoFear1337,0,1,8:43.898,8:45.910,06 Apr 2023,1156,(V),-7753826472617365003,06,Yes,https://www.speedrun.com/mc/run/ywv7303z,8,45,910,525910,2012,2.012,523898,1.281585149,465828,1.128978936,,0.5610,1.268882561,48.0978,85.7330,364.4140,4.06882,,,,,,,,,,,,,,,,,,,,,,,,,,,,,,,,,,,,,,,,,,,,,,,,,,,,,,,,--,,,,,,,,,,,,,,,,,,,,,,,,,,,1156,0,0,#VALUE!,,#VALUE!,#VALUE!,,#VALUE!,#VALUE!,,#VALUE!,#VALUE!,
🇺🇸,doogile,0,1,8:46.031,8:46.031,27 Oct 2022,1317,(V),8426484340228880879,,,https://www.speedrun.com/mc/runs/zq95v58y,8,46,31,526031,0,0,526031,1.281880012,517884,1.015731322,,0.5176,0.6577273206,51.2340,98.9786,363.3837,4.07645,,,,,,,,,,,,,,,,,,,,,,,,,,,,,,,,,,,,,,,,,,,,,,,,,,,,,,,,--,,,,,,,,,,,,,,,,,,,,,,,,,,,1317,0,0,#VALUE!,,#VALUE!,#VALUE!,,#VALUE!,#VALUE!,,#VALUE!,#VALUE!,
🇳🇴,skycrab1,0,0,8:45.053,8:46.049,08 Nov 2025,209,(U),see video,,,https://www.youtube.com/watch?v=wAckC_nZcLI&list=PLU3_fvoJ1GyMStiA29z37DUPtG47PvOJz&index=148,8,46,49,526049,996,0.996,525053,1.281923876,410359,1.281923876,,0.9008,2.944498179,43.3527,48.1282,363.2305,4.07759,,,,,,,,,,,,,,,,,,,,,,,,,,,,,,,,,,,,,,,,,,,,,,,,,,,,,,,,--,,,,,,,,,,,,,,,,,,,,,,,,,,,209,0.4013453903,193.1604107,#VALUE!,,#VALUE!,#VALUE!,,#VALUE!,#VALUE!,,#VALUE!,#VALUE!,
🇺🇸,Bloon,0,1,8:44.182,8:46.079,16 Sep 2023,993,(V),-6259156646960673664,,,https://www.speedrun.com/mc/runs/zne8x33z,8,46,79,526079,1897,1.897,524182,1.281996983,465828,1.129341731,,0.6087,1.271514422,52.1440,85.6706,362.9752,4.07948,,,,,,,,,,,,,,,,,,,,,,,,,,,,,,,,,,,,,,,,,,,,,,,,,,,,,,,,,,,,,,,,,,,,,,,,,,,,,,,,,,,993,0,0,#VALUE!,,#VALUE!,#VALUE!,,#VALUE!,#VALUE!,,#VALUE!,#VALUE!,
🇦🇿,KenanKardes,0,1,8:45.460,8:46.120,27 Jun 2024,708,(V),-2790104330333108477,,,https://www.speedrun.com/mc/runs/y9jrkkem,8,46,120,526120,660,0.66,525460,1.282096896,421494,1.248226547,,0.7019,2.460608176,40.6742,57.9508,362.6263,4.08207,,,,,,,,,,,,,,,,,,,,,,,,,,,,,,,,,,,,,,,,,,,,,,,,,,,,,,,,,,,,,,,,,,,,,,,,,,,,,,,,,,,708,0,0,#VALUE!,,#VALUE!,#VALUE!,,#VALUE!,#VALUE!,,#VALUE!,#VALUE!,
🇳🇴,skycrab1,0,0,8:46.360,8:46.475,05 Dec 2025,182,(U),see video,,,https://www.youtube.com/watch?v=21D0838rJEA&list=PLU3_fvoJ1GyMStiA29z37DUPtG47PvOJz&index=151,8,46,475,526475,115,0.115,526360,1.282961992,410359,1.282961992,,0.9130,2.960661937,43.6611,47.8207,359.6083,4.10456,,,,,,,,,,,,,,,,,,,,,,,,,,,,,,,,,,,,,,,,,,,,,,,,,,,,,,,,--,,,,,,,,,,,,,,,,,,,,,,,,,,,182,0.5472460284,261.6966528,#VALUE!,,#VALUE!,#VALUE!,,#VALUE!,#VALUE!,,#VALUE!,#VALUE!,
🇺🇸,Infume,0,1,8:45.718,8:45.457,22 Sep 2024,621,(V),3279252009956815997,,,https://www.speedrun.com/mc/runs/meg0139y,8,45,457,525457,-261,-0.261,525718,1.280481237,421494,1.24665357,,0.7331,2.43986338,42.8100,58.3974,368.2757,4.04036,,,,,,,,,,,,,,,,,,,,,,,,,,,,,,,,,,,,,,,,,,,,,,,,,,,,,,,,,,,,,,,,,,,,,,,,,,,,,,,,,,,621,0,0.0000000232154002,#VALUE!,,#VALUE!,#VALUE!,,#VALUE!,#VALUE!,,#VALUE!,#VALUE!,
🇺🇸,zylenox,0,0,8:44.511,8:46.659,26 Jan 2025,495,(U),unknown,,,https://www.youtube.com/watch?v=x9s_NZF1vo0,8,46,659,526659,2148,2.148,524511,1.28341038,421494,1.249505331,,0.7808,2.477589084,44.9609,57.5868,358.0459,4.11626,,,,,,,,,,,,,,,,,,,,,,,,,,,,,,,,,,,,,,,,,,,,,,,,,,,,,,,,,,,,,,,,,,,,,,,,,,,,,,,,,,,495,0.000005402020542,0.003110849047,#VALUE!,,#VALUE!,#VALUE!,,#VALUE!,#VALUE!,,#VALUE!,#VALUE!,
🇺🇸,meebie,0,0,8:46.730,8:46.730,31 Aug 2024,643,(U),-1594197392145476989,,,https://www.youtube.com/watch?v=zkLphmIsY5Y&list=PLaTJSsRuu2Ufk7cX7bUTt9V-IJxa8wqSM&index=16,8,46,730,526730,0,0,526730,1.283583399,421494,1.249673779,,0.7251,2.479833685,41.7191,57.5387,357.4434,4.12079,,,,,,,,,,,,,,,,,,,,,,,,,,,,,,,,,,,,,,,,,,,,,,,,,,,,,,,,,,,,,,,,,,,,,,,,,,,,,,,,,,,643,0,0.000000001638102866,#VALUE!,,#VALUE!,#VALUE!,,#VALUE!,#VALUE!,,#VALUE!,#VALUE!,
🇳🇴,skycrab1,0,0,8:46.809,8:46.809,19 Dec 2025,168,(U),see video,,,https://www.youtube.com/watch?v=C7eIdtsV1E0&list=PLU3_fvoJ1GyMStiA29z37DUPtG47PvOJz&index=161,8,46,809,526809,0,0,526809,1.283775913,410359,1.283775913,,0.9194,2.97338993,43.7460,47.5794,356.7733,4.12583,,,,,,,,,,,,,,,,,,,,,,,,,,,,,,,,,,,,,,,,,,,,,,,,,,,,,,,,--,,,,,,,,,,,,,,,,,,,,,,,,,,,168,0.6224056677,296.1370702,#VALUE!,,#VALUE!,#VALUE!,,#VALUE!,#VALUE!,,#VALUE!,#VALUE!,
🇬🇧,priffie,0,0,8:46.823,8:46.823,04 Sep 2024,639,(U),-4378698081047373140,,,https://www.youtube.com/watch?v=PLgRssPZTBU,8,46,823,526823,0,0,526823,1.28381003,421494,1.249894423,,0.7265,2.482776545,41.7569,57.4758,356.6546,4.12672,,,,,,,,,,,,,,,,,,,,,,,,,,,,,,,,,,,,,,,,,,,,,,,,,,,,,,,,,,,,,,,,,,,,,,,,,,,,,,,,,,,639,0,0.000000002679160096,#VALUE!,,#VALUE!,#VALUE!,,#VALUE!,#VALUE!,,#VALUE!,#VALUE!,
🇹🇿,Kxpow,0,0,8:45.615,8:46.891,23 May 2024,743,(U),unknown,,,https://www.youtube.com/watch?v=hyrD8CeOnTI,8,46,891,526891,1276,1.276,525615,1.283975738,421494,1.250055754,,0.6897,2.484930288,39.6093,57.4298,356.0780,4.13106,,,,,,,,,,,,,,,,,,,,,,,,,,,,,,,,,,,,,,,,,,,,,,,,,,,,,,,,,,,,,,,,,,,,,,,,,,,,,,,,,,,743,0,0,#VALUE!,,#VALUE!,#VALUE!,,#VALUE!,#VALUE!,,#VALUE!,#VALUE!,
🇺🇸,doogile,0,0,8:45.693,8:47.009,10 Jun 2023,1091,(U),3305404777235060755,,,https://www.youtube.com/watch?v=LJc8Ue_wMxc,8,47,9,527009,1316,1.316,525693,1.284263291,465828,1.131338176,,0.5796,1.286088516,49.4502,85.3248,355.0779,4.13861,,,,,,,,,,,,,,,,,,,,,,,,,,,,,,,,,,,,,,,,,,,,,,,,,,,,,,,,--,,,,,,,,,,,,,,,,,,,,,,,,,,,1091,0,0,#VALUE!,,#VALUE!,#VALUE!,,#VALUE!,#VALUE!,,#VALUE!,#VALUE!,
🇫🇷,Poni,0,1,8:45.604,8:47.223,02 Oct 2022,1342,(V),-1837751846856531191,,,https://www.youtube.com/watch?v=XF7fO8ptCng,8,47,223,527223,1619,1.619,525604,1.284784786,517884,1.018032996,,0.5112,0.6666344622,50.5143,98.8156,353.2657,4.15232,,,,,,,,,,,,,,,,,,,,,,,,,,,,,,,,,,,,,,,,,,,,,,,,,,,,,,,,,,,,,,,,,,,,,,,,,,,,,,,,,,,1342,0,0,#VALUE!,,#VALUE!,#VALUE!,,#VALUE!,#VALUE!,,#VALUE!,#VALUE!,
🇫🇮,sadekeppi,0,0,8:46.062,8:47.235,05 Mar 2025,457,(U),unknown,,,https://www.youtube.com/watch?v=PmJBX5UDkaQ,8,47,235,527235,1173,1.173,526062,1.284814029,421494,1.250871899,,0.7957,2.49585128,45.5129,57.1967,353.1641,4.15309,,,,,,,,,,,,,,,,,,,,,,,,,,,,,,,,,,,,,,,,,,,,,,,,,,,,,,,,,,,,,,,,,,,,,,,,,,,,,,,,,,,457,0.00007160115878,0.0409535232,#VALUE!,,#VALUE!,#VALUE!,,#VALUE!,#VALUE!,,#VALUE!,#VALUE!,
🇨🇦,bluescaled,0,1,8:47.616,8:47.616,21 Apr 2024,775,(V),2917123539303046566,,,https://www.speedrun.com/mc/runs/y22e7l7y,8,47,616,527616,0,0,527616,1.285742484,421494,1.251775826,,0.6788,2.507996916,38.6469,56.9382,349.9428,4.17761,,,,,,,,,,,,,,,,,,,,,,,,,,,,,,,,,,,,,,,,,,,,,,,,,,,,,,,,,,,,,,,,,,,,,,,,,,,,,,,,,,,775,0,0,#VALUE!,,#VALUE!,#VALUE!,,#VALUE!,#VALUE!,,#VALUE!,#VALUE!,
🇨🇦,21mustard,0,1,8:47.222,8:47.675,11 Oct 2024,602,(V),7459329575802108907,,,https://www.speedrun.com/mc/runs/yj9qjr3z,8,47,675,527675,453,0.453,527222,1.285886261,421494,1.251915804,,0.7401,2.509882448,42.1090,56.8981,349.4445,4.18142,,,,,,,,,,,,,,,,,,,,,,,,,,,,,,,,,,,,,,,,,,,,,,,,,,,,,,,,,,,,,,,,,,,,,,,,,,,,,,,,,,,602,0.0000000003350568825,0.0000001906410658,#VALUE!,,#VALUE!,#VALUE!,,#VALUE!,#VALUE!,,#VALUE!,#VALUE!,
🇹🇿,Kxpow,0,0,8:44.127,8:47.693,03 Jul 2024,702,(U),-6959476761706024628,,,https://www.youtube.com/watch?v=lpnHvetQjc0,8,47,693,527693,3566,3.566,524127,1.285930125,421494,1.251958509,,0.7040,2.510457946,40.0467,56.8859,349.2925,4.18258,,,,,,,,,,,,,,,,,,,,,,,,,,,,,,,,,,,,,,,,,,,,,,,,,,,,,,,,,,,,,,,,,,,,,,,,,,,,,,,,,,,702,0,0,#VALUE!,,#VALUE!,#VALUE!,,#VALUE!,#VALUE!,,#VALUE!,#VALUE!,
🇸🇪,PAPLERR,0,1,8:47.146,8:47.928,26 Jan 2024,861,(V),3396794474458802452,,,https://www.speedrun.com/mc/runs/z5k414nz,8,47,928,527928,782,0.782,527146,1.286502794,421494,1.25251605,,0.6502,2.517982217,36.8824,56.7262,347.3096,4.19779,,,,,,,,,,,,,,,,,,,,,,,,,,,,,,,,,,,,,,,,,,,,,,,,,,,,,,,,,,,,,,,,,,,,,,,,,,,,,,,,,,,861,0,0,#VALUE!,,#VALUE!,#VALUE!,,#VALUE!,#VALUE!,,#VALUE!,#VALUE!,
🇺🇸,zylenox,0,0,8:45.712,8:47.948,29 Apr 2025,402,(U),unknown,,,https://www.youtube.com/watch?v=VeyaKgZL6W8,8,47,948,527948,2236,2.236,525712,1.286551532,421494,1.2525635,,0.8179,2.518623509,46.3859,56.7126,347.1410,4.19909,,,,,,,,,,,,,,,,,,,,,,,,,,,,,,,,,,,,,,,,,,,,,,,,,,,,,,,,,,,,,,,,,,,,,,,,,,,,,,,,,,,402,0.001508739417,0.8556447337,#VALUE!,,#VALUE!,#VALUE!,,#VALUE!,#VALUE!,,#VALUE!,#VALUE!,
🇳🇴,skycrab1,0,0,8:47.708,8:47.708,20 Sep 2025,258,(U),see video,,,https://www.youtube.com/watch?v=QaK_cdmaPKQ&list=PLU3_fvoJ1GyMStiA29z37DUPtG47PvOJz&index=138,8,47,708,527708,0,0,527708,1.285966678,410359,1.285966678,,0.8790,3.00789025,41.2501,46.9298,349.1659,4.18355,,,,,,,,,,,,,,,,,,,,,,,,,,,,,,,,,,,,,,,,,,,,,,,,,,,,,,,,--,,,,,,,,,,,,,,,,,,,,,,,,,,,258,0.1795410871,84.25833149,#VALUE!,,#VALUE!,#VALUE!,,#VALUE!,#VALUE!,,#VALUE!,#VALUE!,
🇫🇮,sadekeppi,0,0,8:47.747,8:47.747,08 Dec 2025,179,(U),unknown,,,https://www.youtube.com/watch?v=U0VSovfqp08,8,47,747,527747,0,0,527747,1.286061717,410359,1.286061717,,0.9144,3.009394927,42.8863,46.9016,348.8366,4.18607,,,,,,,,,,,,,,,,,,,,,,,,,,,,,,,,,,,,,,,,,,,,,,,,,,,,,,,,,,,,,,,,,,,,,,,,,,,,,,,,,,,179,0.5635304555,264.3050457,#VALUE!,,#VALUE!,#VALUE!,,#VALUE!,#VALUE!,,#VALUE!,#VALUE!,
🇰🇷,temp_gd,0,1,8:44.823,8:47.833,16 Aug 2024,658,(V),7789304644075460763,,,https://www.speedrun.com/mc/runs/y2w7q3jy,8,47,833,527833,3010,3.01,524823,1.286271289,421494,1.252290661,,0.7196,2.51493807,40.8691,56.7908,348.1109,4.19164,,,,,,,,,,,,,,,,,,,,,,,,,,,,,,,,,,,,,,,,,,,,,,,,,,,,,,,,,,,,,,,,,,,,,,,,,,,,,,,,,,,658,0,0.000000000240795615,#VALUE!,,#VALUE!,#VALUE!,,#VALUE!,#VALUE!,,#VALUE!,#VALUE!,
🇺🇸,doogile,0,0,8:46.578,8:47.860,20 Aug 2023,1020,(U),4103179370625614995,,,https://www.youtube.com/watch?v=uDN8xoI81Ys,8,47,860,527860,1282,1.282,526578,1.286337085,465828,1.133165031,,0.6005,1.299560486,51.0449,85.0047,347.8831,4.19338,,,,,,,,,,,,,,,,,,,,,,,,,,,,,,,,,,,,,,,,,,,,,,,,,,,,,,,,--,,,,,,,,,,,,,,,,,,,,,,,,,,,1020,0,0,#VALUE!,,#VALUE!,#VALUE!,,#VALUE!,#VALUE!,,#VALUE!,#VALUE!,
🇳🇴,skycrab1,0,0,8:47.874,8:47.874,27 Nov 2024,555,(U),6699117318653298892,,,https://www.youtube.com/watch?v=5ukarnI5ByU&list=PLU3_fvoJ1GyMStiA29z37DUPtG47PvOJz&index=99,8,47,874,527874,0,0,527874,1.286371202,421494,1.252387934,,0.7577,2.516251456,43.0078,56.7629,347.7650,4.19429,,,,,,,,,,,,,,,,,,,,,,,,,,,,,,,,,,,,,,,,,,,,,,,,,,,,,,,,--,,,,,,,,,,,,,,,,,,,,,,,,,,,555,0.00000003763288755,0.00002136151037,#VALUE!,,#VALUE!,#VALUE!,,#VALUE!,#VALUE!,,#VALUE!,#VALUE!,
🇩🇰,Bloopy,0,0,8:47.901,8:47.901,22 Sep 2024,621,(U),3928864958060769511,,,https://www.youtube.com/watch?v=aNxuLYPmOdo,8,47,901,527901,0,0,527901,1.286436998,421494,1.252451992,,0.7331,2.517116704,41.5983,56.7445,347.5373,4.19604,,,,,,,,,,,,,,,,,,,,,,,,,,,,,,,,,,,,,,,,,,,,,,,,,,,,,,,,--,,,,,,,,,,,,,,,,,,,,,,,,,,,621,0,0.00000002255831945,#VALUE!,,#VALUE!,#VALUE!,,#VALUE!,#VALUE!,,#VALUE!,#VALUE!,
🇨🇦,silverr,0,1,8:46.965,8:47.927,22 Oct 2022,1322,(V),2855607942042314683,,,https://www.speedrun.com/mc/runs/zgq688ey,8,47,927,527927,962,0.962,526965,1.286500357,517884,1.019392374,,0.5163,0.6719521086,50.9714,98.7177,347.3180,4.19772,,,,,,,,,,,,,,,,,,,,,,,,,,,,,,,,,,,,,,,,,,,,,,,,,,,,,,,,--,,,,,,,,,,,,,,,,,,,,,,,,,,,1322,0,0,#VALUE!,,#VALUE!,#VALUE!,,#VALUE!,#VALUE!,,#VALUE!,#VALUE!,
🇺🇸,doogile,0,0,8:46.669,8:48.064,10 Dec 2023,908,(U),-842020506674052183,,,https://www.youtube.com/watch?v=lirP0lAFhMI,8,48,64,528064,1395,1.395,526669,1.286834211,446254,1.183326088,,0.6351,1.724430288,47.5080,74.8060,346.1632,4.20661,,,,,,,,,,,,,,,,,,,,,,,,,,,,,,,,,,,,,,,,,,,,,,,,,,,,,,,,--,,,,,,,,,,,,,,,,,,,,,,,,,,,908,0,0,#VALUE!,,#VALUE!,#VALUE!,,#VALUE!,#VALUE!,,#VALUE!,#VALUE!,
🇺🇸,doogile,0,0,8:48.089,8:48.089,23 Jul 2024,682,(U),-8431738247847193587,,,https://www.youtube.com/watch?v=RMvtU2KWgYM,8,48,89,528089,0,0,528089,1.286895133,421494,1.252898025,,0.7111,2.523148755,40.2578,56.6166,345.9526,4.20824,,,,,,,,,,,,,,,,,,,,,,,,,,,,,,,,,,,,,,,,,,,,,,,,,,,,,,,,--,,,,,,,,,,,,,,,,,,,,,,,,,,,682,0,0,#VALUE!,,#VALUE!,#VALUE!,,#VALUE!,#VALUE!,,#VALUE!,#VALUE!,
🇳🇴,skycrab1,0,0,8:48.272,8:48.272,07 Feb 2026,118,(U),unknown,,,https://www.youtube.com/watch?v=mNshDsaAVzc&list=PLU3_fvoJ1GyMStiA29z37DUPtG47PvOJz&index=169,8,48,272,528272,0,0,528272,1.287341084,410359,1.287341084,,0.9427,3.029715247,43.8567,46.5221,344.4115,4.22014,,,,,,,,,,,,,,,,,,,,,,,,,,,,,,,,,,,,,,,,,,,,,,,,,,,,,,,,,,,,,,,,,,,,,,,,,,,,,,,,,,,118,0.8484847223,394.7331177,#VALUE!,,#VALUE!,#VALUE!,,#VALUE!,#VALUE!,,#VALUE!,#VALUE!,
🇨🇦,NoHacsJustRoblox,0,0,8:48.505,8:48.505,08 May 2024,758,(U),unknown,,,https://www.youtube.com/watch?v=5UDUfLkhEoQ,8,48,505,528505,0,0,528505,1.28790888,421494,1.25388499,,0.6845,2.536542154,38.5627,56.3333,342.4518,4.23534,,,,,,,,,,,,,,,,,,,,,,,,,,,,,,,,,,,,,,,,,,,,,,,,,,,,,,,,--,,,,,,,,,,,,,,,,,,,,,,,,,,,758,0,0,#VALUE!,,#VALUE!,#VALUE!,,#VALUE!,#VALUE!,,#VALUE!,#VALUE!,
🇩🇰,Bloopy,0,0,8:48.509,8:48.509,06 Apr 2026,60,(U),5863096878600780723,,,https://www.youtube.com/watch?v=VfwUs71-gkQ,8,48,509,528509,0,0,528509,1.287918627,410359,1.287918627,,0.9704,3.038928199,44.9809,46.3508,342.4181,4.23560,,,,,,,,,,,,,,,,,,,,,,,,,,,,,,,,,,,,,,,,,,,,,,,,,,,,,,,,,,,,,,,,,,,,,,,,,,,,,,,,,,,60,0.9786316094,453.6033019,#VALUE!,,#VALUE!,#VALUE!,,#VALUE!,#VALUE!,,#VALUE!,#VALUE!,
🇳🇴,skycrab1,0,0,8:48.529,8:48.529,03 Feb 2025,487,(U),2881897363802283355,,,https://www.youtube.com/watch?v=-3u6nTAXcUM&list=PLU3_fvoJ1GyMStiA29z37DUPtG47PvOJz&index=114,8,48,529,528529,0,0,528529,1.287967365,421494,1.25394193,,0.7839,2.537316782,44.1457,56.3169,342.2501,4.23691,,,,,,,,,,,,,,,,,,,,,,,,,,,,,,,,,,,,,,,,,,,,,,,,,,,,,,,,--,,,,,,,,,,,,,,,,,,,,,,,,,,,487,0.000009634787609,0.005426017447,#VALUE!,,#VALUE!,#VALUE!,,#VALUE!,#VALUE!,,#VALUE!,#VALUE!,
🇳🇴,skycrab1,0,0,8:48.873,8:48.873,10 Dec 2024,542,(U),2315176208545760284,,,https://www.youtube.com/watch?v=_u3kwy8rXbI&list=PLU3_fvoJ1GyMStiA29z37DUPtG47PvOJz&index=102,8,48,873,528873,0,0,528873,1.288805656,421494,1.254758075,,0.7626,2.548443004,42.7693,56.0823,339.3619,4.25944,,,,,,,,,,,,,,,,,,,,,,,,,,,,,,,,,,,,,,,,,,,,,,,,,,,,,,,,--,,,,,,,,,,,,,,,,,,,,,,,,,,,542,0.0000001216632566,0.00006823149653,#VALUE!,,#VALUE!,#VALUE!,,#VALUE!,#VALUE!,,#VALUE!,#VALUE!,
🇺🇸,zylenox,0,0,8:45.820,8:48.997,15 Oct 2025,233,(U),unknown,,,https://www.youtube.com/watch?v=V6zCvGFaLyo,8,48,997,528997,3177,3.177,525820,1.28910783,410359,1.28910783,,0.8900,3.057976561,40.9395,45.9979,338.3222,4.26759,,,,,,,,,,,,,,,,,,,,,,,,,,,,,,,,,,,,,,,,,,,,,,,,,,,,,,,,,,,,,,,,,,,,,,,,,,,,,,,,,,,233,0.2822580092,129.8327763,#VALUE!,,#VALUE!,#VALUE!,,#VALUE!,#VALUE!,,#VALUE!,#VALUE!,
🇸🇪,v_strid,0,0,8:48.261,8:49.251,16 Jan 2025,505,(U),unknown,,,https://www.youtube.com/watch?v=CVqwCa8cFmc,8,49,251,529251,990,0.99,528261,1.2897268,421494,1.255654885,,0.7769,2.560719086,43.3672,55.8240,336.1950,4.28433,,,,,,,,,,,,,,,,,,,,,,,,,,,,,,,,,,,,,,,,,,,,,,,,,,,,,,,,,,,,,,,,,,,,,,,,,,,,,,,,,,,,,,,,,,,,,,,,
🇫🇮,sadekeppi,0,0,8:49.348,8:49.348,19 Feb 2026,106,(U),unknown,,,https://www.youtube.com/watch?v=DQEdLEhfIcw,8,49,348,529348,0,0,529348,1.289963179,410359,1.289963179,,0.9484,3.071742672,43.3828,45.7441,335.3835,4.29074,,,,,,,,,,,,,,,,,,,,,,,,,,,,,,,,,,,,,,,,,,,,,,,,,,,,,,,,,,,,,,,,,,,,,,,,,,,,,,,,,,,106,0.8877176041,406.0782971,#VALUE!,,#VALUE!,#VALUE!,,#VALUE!,#VALUE!,,#VALUE!,#VALUE!,
🇳🇴,skycrab1,0,0,8:49.409,8:49.409,28 May 2025,373,(U),unknown,,,https://www.youtube.com/watch?v=xyDX6i-JbRU&list=PLU3_fvoJ1GyMStiA29z37DUPtG47PvOJz&index=128,8,49,409,529409,0,0,529409,1.290111829,421494,1.256029742,,0.8299,2.565865971,46.2364,55.7159,334.8734,4.29477,,,,,,,,,,,,,,,,,,,,,,,,,,,,,,,,,,,,,,,,,,,,,,,,,,,,,,,,--,,,,,,,,,,,,,,,,,,,,,,,,,,,373,0.00557472829,3.106012296,#VALUE!,,#VALUE!,#VALUE!,,#VALUE!,#VALUE!,,#VALUE!,#VALUE!,
🇳🇴,skycrab1,0,0,8:49.441,8:49.441,06 Mar 2026,91,(U),unknown,,,https://www.youtube.com/watch?v=IpU2pIs3HGI&list=PLU3_fvoJ1GyMStiA29z37DUPtG47PvOJz&index=163,8,49,441,529441,0,0,529441,1.290189809,410359,1.290189809,,0.9555,3.075399292,43.6451,45.6768,334.6059,4.29689,,,,,,,,,,,,,,,,,,,,,,,,,,,,,,,,,,,,,,,,,,,,,,,,,,,,,,,,,,,,,,,,,,,,,,,,,,,,,,,,,,,91,0.9274122483,423.6125341,#VALUE!,,#VALUE!,#VALUE!,,#VALUE!,#VALUE!,,#VALUE!,#VALUE!,
🇵🇱,watermelon1708,0,0,8:45.180,8:49.596,22 Dec 2025,165,(U),see video,,,https://www.youtube.com/watch?v=oDrlzG59d00,8,49,596,529596,4416,4.416,525180,1.290567527,410359,1.290567527,,0.9208,3.081502229,41.9565,45.5647,333.3109,4.30716,,,,,,,,,,,,,,,,,,,,,,,,,,,,,,,,,,,,,,,,,,,,,,,,,,,,,,,,--,,,,,,,,,,,,,,,,,,,,,,,,,,,165,0.6381304816,290.7625126,#VALUE!,,#VALUE!,#VALUE!,,#VALUE!,#VALUE!,,#VALUE!,#VALUE!,
🇳🇴,skycrab1,0,0,8:49.496,8:49.628,07 Feb 2026,118,(U),unknown,,,https://www.youtube.com/watch?v=9i8Wohwq8no&list=PLU3_fvoJ1GyMStiA29z37DUPtG47PvOJz&index=168,8,49,628,529628,132,0.132,529496,1.290645508,410359,1.290645508,,0.9427,3.082763525,42.9324,45.5416,333.0437,4.30928,,,,,,,,,,,,,,,,,,,,,,,,,,,,,,,,,,,,,,,,,,,,,,,,,,,,,,,,,,,,,,,,,,,,,,,,,,,,,,,,,,,118,0.8484847223,386.4135335,#VALUE!,,#VALUE!,#VALUE!,,#VALUE!,#VALUE!,,#VALUE!,#VALUE!,
🇺🇸,Feinberg,0,1,8:49.295,8:49.902,17 Apr 2025,414,(V),1158649802805325651,,,https://www.speedrun.com/mc/runs/m7erj55z,8,49,902,529902,607,0.607,529295,1.291313216,421494,1.257199391,,0.8130,2.581984914,45.0237,55.3783,330.7581,4.32750,,,,,,,,,,,,,,,,,,,,,,,,,,,,,,,,,,,,,,,,,,,,,,,,,,,,,,,,,,,,,,,,,,,,,,,,,,,,,,,,,,,414,0.0008285822916,0.45885514,#VALUE!,,#VALUE!,#VALUE!,,#VALUE!,#VALUE!,,#VALUE!,#VALUE!,
🇳🇴,skycrab1,0,0,8:49.936,8:49.936,08 Nov 2025,209,(U),see video,,,https://www.youtube.com/watch?v=5haOUDeGf-A&list=PLU3_fvoJ1GyMStiA29z37DUPtG47PvOJz&index=149,8,49,936,529936,0,0,529936,1.29139607,410359,1.29139607,,0.9008,3.094926909,40.8221,45.3189,330.4748,4.32977,,,,,,,,,,,,,,,,,,,,,,,,,,,,,,,,,,,,,,,,,,,,,,,,,,,,,,,,--,,,,,,,,,,,,,,,,,,,,,,,,,,,209,0.4013453903,181.8852018,#VALUE!,,#VALUE!,#VALUE!,,#VALUE!,#VALUE!,,#VALUE!,#VALUE!,
🇺🇸,meebie,0,0,8:48.596,8:50.051,03 Sep 2023,1006,(U),7299498132050335302,15,Yes,https://www.youtube.com/watch?v=LMy95QFL1VM,8,50,51,530051,1455,1.455,528596,1.291676313,465828,1.137868484,,0.6047,1.334850792,50.8950,84.1638,329.5169,4.33744,,,,,,,,,,,,,,,,,,,,,,,,,,,,,,,,,,,,,,,,,,,,,,,,,,,,,,,,--,,,,,,,,,,,,,,,,,,,,,,,,,,,1006,0,0,,,0,,,,,,,,
🇫🇮,sadekeppi,0,0,8:50.468,8:50.468,30 Dec 2025,157,(U),unknown,,,https://www.youtube.com/watch?v=eoU6uHpwlCc,8,50,468,530468,0,0,530468,1.292692496,410359,1.292692496,,0.9245,3.11603654,41.5417,44.9342,326.0497,4.36535,,,,,,,,,,,,,,,,,,,,,,,,,,,,,,,,,,,,,,,,,,,,,,,,,,,,,,,,,,,,,,,,,,,,,,,,,,,,,,,,,,,157,0.6790983612,305.1472628,,,0,,,,,,,,
🇸🇰,NoFear1337,0,0,8:50.451,8:50.501,19 Oct 2023,960,(U),unknown,,,https://www.youtube.com/watch?v=Wq1CcMWfAsY,8,50,501,530501,50,0.05,530451,1.292772913,465828,1.138834505,,0.6188,1.342208011,51.9705,83.9882,325.7757,4.36757,,,,,,,,,,,,,,,,,,,,,,,,,,,,,,,,,,,,,,,,,,,,,,,,,,,,,,,,--,,,,,,,,,,,,,,,,,,,,,,,,,,,960,0,0,,,0,,,,,,,,
🇨🇦,Aquacorde,0,0,8:50.506,8:50.506,19 Jul 2025,321,(U),-7616555443413747711,,,https://www.youtube.com/watch?v=68HoZv27LzI,8,50,506,530506,0,0,530506,1.292785098,410359,1.292785098,,0.8517,3.117549239,38.2478,44.9067,325.7342,4.36791,,,,,,,,,,,,,,,,,,,,,,,,,,,,,,,,,,,,,,,,,,,,,,,,,,,,,,,,--,,,,,,,,,,,,,,,,,,,,,,,,,,,321,0.0366033285,16.43734731,,,0,,,,,,,,
🇺🇸,Reignex,0,0,8:50.578,8:50.578,30 Sep 2023,979,(U),unknown,,,https://www.youtube.com/watch?v=z1feRpPuykI,8,50,578,530578,0,0,530578,1.292960554,465828,1.138999803,,0.6129,1.343470669,51.4606,83.9580,325.1367,4.37275,,,,,,,,,,,,,,,,,,,,,,,,,,,,,,,,,,,,,,,,,,,,,,,,,,,,,,,,,,,,,,,,,,,,,,,,,,,,,,,,,,,979,0,0,,,0,,,,,,,,
🇳🇴,skycrab1,0,0,8:50.803,8:50.803,05 May 2025,396,(U),unknown,,,https://www.youtube.com/watch?v=yXdhGgJyuoQ&list=PLU3_fvoJ1GyMStiA29z37DUPtG47PvOJz&index=119,8,50,803,530803,0,0,530803,1.293508854,421494,1.259337025,,0.8204,2.611677112,44.9233,54.7598,323.2713,4.38790,,,,,,,,,,,,,,,,,,,,,,,,,,,,,,,,,,,,,,,,,,,,,,,,,,,,,,,,--,,,,,,,,,,,,,,,,,,,,,,,,,,,396,0.00200941107,1.100348598,,,0,,,,,,,,
🇳🇴,skycrab1,0,0,8:50.545,8:51.236,10 Aug 2024,664,(U),-3197286302200123556,,,https://www.youtube.com/watch?v=k1eYrv60vEg&list=PLU3_fvoJ1GyMStiA29z37DUPtG47PvOJz&index=50,8,51,236,531236,691,0.691,530545,1.294564028,421494,1.260364323,,0.7175,2.626054479,39.0756,54.4618,319.6897,4.41719,,,,,,,,,,,,,,,,,,,,,,,,,,,,,,,,,,,,,,,,,,,,,,,,,,,,,,,,--,,,,,,,,,,,,,,,,,,,,,,,,,,,664,0,0.0000000001051734428,,,0,,,,,,,,
🇸🇪,PAPLERR,0,0,8:51.820,8:51.820,22 May 2024,744,(U),unknown,,,https://www.youtube.com/watch?v=HxHftENNd5g,8,51,820,531820,0,0,531820,1.295987172,421494,1.261749871,,0.6894,2.645557354,37.2659,54.0592,314.8767,4.45698,,,,,,,,,,,,,,,,,,,,,,,,,,,,,,,,,,,,,,,,,,,,,,,,,,,,,,,,,,,,,,,,,,,,,,,,,,,,,,,,,,,744,0,0,,,0,,,,,,,,
🇨🇦,NoHacsJustRoblox,0,0,8:51.843,8:52.318,01 Dec 2024,551,(U),unknown,,,https://www.youtube.com/watch?v=Z6z82Y5kP4k,8,52,318,532318,475,0.475,531843,1.297200744,421494,1.262931382,,0.7592,2.662290047,40.7802,53.7153,310.7891,4.49117,,,,,,,,,,,,,,,,,,,,,,,,,,,,,,,,,,,,,,,,,,,,,,,,,,,,,,,,--,,,,,,,,,,,,,,,,,,,,,,,,,,,551,0.00000005431773239,0.00002917691152,,,0,,,,,,,,
🇿🇦,Airpodsz,0,0,8:52.362,8:52.362,16 Jun 2025,354,(U),-3727821509649303195,,,https://www.youtube.com/watch?v=nUrWuk_QNM8&list=PLjW0OIc7zcEcqLcQwe9V6NfJUy0AUDomQ&index=12,8,52,362,532362,0,0,532362,1.297307967,410359,1.297307967,,0.8378,3.192228655,36.4981,43.5653,310.4287,4.49420,,,,,,,,,,,,,,,,,,,,,,,,,,,,,,,,,,,,,,,,,,,,,,,,,,,,,,,,,,,,,,,,,,,,,,,,,,,,,,,,,,,354,0.0118410094,5.158570261,,,0,,,,,,,,
🇺🇸,doogile,0,0,8:51.678,8:52.413,10 Dec 2023,908,(U),-5260994394316547335,,,https://www.youtube.com/watch?v=OW5kwKZPOzU,8,52,413,532413,735,0.735,531678,1.297432248,446254,1.193071659,,0.6351,1.820424858,46.0537,72.5161,310.0111,4.49772,,,,,,,,,,,,,,,,,,,,,,,,,,,,,,,,,,,,,,,,,,,,,,,,,,,,,,,,--,,,,,,,,,,,,,,,,,,,,,,,,,,,908,0,0,,,0,,,,,,,,
🇸🇪,PAPLERR,0,0,8:52.438,8:52.722,22 Aug 2024,652,(U),unknown,,,https://www.youtube.com/watch?v=iTXvRag5q3w,8,52,722,532722,284,0.284,532438,1.298185248,421494,1.263889877,,0.7218,2.675933537,38.5703,53.4359,307.4845,4.51907,,,,,,,,,,,,,,,,,,,,,,,,,,,,,,,,,,,,,,,,,,,,,,,,,,,,,,,,,,,,,,,,,,,,,,,,,,,,,,,,,,,652,0,0.0000000004904422633,,,0,,,,,,,,
🇸🇰,NoFear1337,0,0,8:51.877,8:53.246,20 Sep 2025,258,(U),unknown,,,https://www.youtube.com/watch?v=AEz9SIx1tgc,8,53,246,533246,1369,1.369,531877,1.299462178,410359,1.299462178,,0.8790,3.228351249,37.7318,42.9270,303.2143,4.55550,,,,,,,,,,,,,,,,,,,,,,,,,,,,,,,,,,,,,,,,,,,,,,,,,,,,,,,,--,,,,,,,,,,,,,,,,,,,,,,,,,,,258,0.1795410871,77.07168422,,,0,,,,,,,,
🇬🇧,priffie,0,0,8:52.479,8:53.487,08 Jun 2024,727,(U),unknown,,,https://www.youtube.com/watch?v=uBb7nm63URY,8,53,487,533487,1008,1.008,532479,1.300049469,421494,1.26570485,,0.6952,2.701939019,36.7822,52.9059,301.2565,4.57234,,,,,,,,,,,,,,,,,,,,,,,,,,,,,,,,,,,,,,,,,,,,,,,,,,,,,,,,,,,,,,,,,,,,,,,,,,,,,,,,,,,727,0,0,,,0,,,,,,,,
🇸🇪,Greetings,0,1,8:48.832,8:53.598,13 Dec 2023,905,(V),-1991754109876931903,,,https://www.speedrun.com/mc/runs/z1klew9y,8,53,598,533598,4766,4.766,528832,1.300319964,446254,1.195727097,,0.6360,1.847408736,45.7155,71.8757,300.3561,4.58012,,,,,,,,,,,,,,,,,,,,,,,,,,,,,,,,,,,,,,,,,,,,,,,,,,,,,,,,,,,,,,,,,,,,,,,,,,,,,,,,,,,905,0,0,,,0,,,,,,,,
🇩🇰,Bloopy,0,0,8:52.223,8:53.623,28 Feb 2026,97,(U),945686901685258779,,,https://www.youtube.com/watch?v=F4IAOLQREog,8,53,623,533623,1400,1.4,532223,1.300380886,410359,1.300380886,,0.9527,3.243866133,40.6356,42.6550,300.1535,4.58187,,,,,,,,,,,,,,,,,,,,,,,,,,,,,,,,,,,,,,,,,,,,,,,,,,,,,,,,,,,,,,,,,,,,,,,,,,,,,,,,,,,97,0.9127736939,389.343952,,,0,,,,,,,,
🇺🇸,zylenox,0,0,8:49.318,8:53.683,06 Mar 2026,91,(U),unknown,,,https://www.youtube.com/watch?v=atLqoAAuits,8,53,683,533683,4365,4.365,529318,1.300527099,410359,1.300527099,,0.9555,3.246341418,40.7164,42.6118,299.6672,4.58608,,,,,,,,,,,,,,,,,,,,,,,,,,,,,,,,,,,,,,,,,,,,,,,,,,,,,,,,,,,,,,,,,,,,,,,,,,,,,,,,,,,91,0.9274122483,395.1866568,,,0,,,,,,,,
🇹🇿,Kxpow,0,0,8:51.774,8:53.737,11 Oct 2025,237,(U),-6043942058155624568,,,https://www.youtube.com/watch?v=FRGK0mq-lPk,8,53,737,533737,1963,1.963,531774,1.300658692,410359,1.300658692,,0.8883,3.248570603,37.8154,42.5728,299.2298,4.58987,,,,,,,,,,,,,,,,,,,,,,,,,,,,,,,,,,,,,,,,,,,,,,,,,,,,,,,,,,,,,,,,,,,,,,,,,,,,,,,,,,,237,0.2641586789,112.4597696,,,0,,,,,,,,
🇮🇱,orachi,0,0,8:50.653,8:54.005,30 Mar 2026,67,(U),unknown,,,https://www.youtube.com/watch?v=2ZzDiVnz1n0,8,54,5,534005,3352,3.352,530653,1.301311778,410359,1.301311778,,0.9671,3.259654008,40.9834,42.3795,297.0620,4.60873,,,,,,,,,,,,,,,,,,,,,,,,,,,,,,,,,,,,,,,,,,,,,,,,,,,,,,,,,,,,,,,,,,,,,,,,,,,,,,,,,,,67,0.9703714914,411.2390699,,,0,,,,,,,,
🇵🇱,watermelon1708,0,0,8:52.609,8:54.133,05 Nov 2025,212,(U),unknown,,,https://www.youtube.com/watch?v=x_zdSf7bhIg,8,54,133,534133,1524,1.524,532609,1.3016237,410359,1.3016237,,0.8994,3.264959364,38.0342,42.2873,296.0283,4.61776,,,,,,,,,,,,,,,,,,,,,,,,,,,,,,,,,,,,,,,,,,,,,,,,,,,,,,,,--,,,,,,,,,,,,,,,,,,,,,,,,,,,212,0.3856547268,163.0828619,,,0,,,,,,,,
🇳🇴,skycrab1,0,0,8:54.230,8:54.230,11 Nov 2024,571,(U),-2877178576147619973,,,https://www.youtube.com/watch?v=65224Q7ZkCQ&list=PLU3_fvoJ1GyMStiA29z37DUPtG47PvOJz&index=92,8,54,230,534230,0,0,534230,1.301860079,421494,1.267467627,,0.7516,2.727411726,39.3784,52.3900,295.2458,4.62462,,,,,,,,,,,,,,,,,,,,,,,,,,,,,,,,,,,,,,,,,,,,,,,,,,,,,,,,--,,,,,,,,,,,,,,,,,,,,,,,,,,,571,0.000000008217982467,0.000004305404582,,,0,,,,,,,,
🇹🇿,Kxpow,0,0,8:53.387,8:54.313,24 May 2024,742,(U),3884560685979045965,,,https://www.youtube.com/watch?v=8VHwLAOXpXo,8,54,313,534313,926,0.926,533387,1.302062341,421494,1.267664546,,0.6900,2.730270491,36.1116,52.3324,294.5768,4.63049,,,,,,,,,,,,,,,,,,,,,,,,,,,,,,,,,,,,,,,,,,,,,,,,,,,,,,,,,,,,,,,,,,,,,,,,,,,,,,,,,,,742,0,0,,,0,,,,,,,,
🇮🇪,Corobo,0,1,8:53.731,8:54.386,30 Apr 2023,1132,(V),1354172977527206994,,,https://www.speedrun.com/mc/run/y62775qz,8,54,386,534386,655,0.655,533731,1.302240234,465828,1.147174494,,0.5678,1.407303369,46.8029,82.4296,293.9887,4.63566,,,,,,,,,,,,,,,,,,,,,,,,,,,,,,,,,,,,,,,,,,,,,,,,,,,,,,,,,,,,,,,,,,,,,,,,,,,,,,,,,,,1132,0,0,,,0,,,,,,,,
🇺🇸,zylenox,0,0,8:52.432,8:54.500,24 May 2024,742,(U),unknown,,,https://www.youtube.com/watch?v=JuW_FPDArQw,8,54,500,534500,2068,2.068,532432,1.302518039,421494,1.268108206,,0.6900,2.736721094,36.0219,52.2023,293.0712,4.64375,,,,,,,,,,,,,,,,,,,,,,,,,,,,,,,,,,,,,,,,,,,,,,,,,,,,,,,,,,,,,,,,,,,,,,,,,,,,,,,,,,,742,0,0,,,0,,,,,,,,
🇫🇮,sadekeppi,0,0,8:55.010,8:55.010,20 Dec 2025,167,(U),unknown,,,https://www.youtube.com/watch?v=j2ynm5Ra1MU,8,55,10,535010,0,0,535010,1.303760853,410359,1.303760853,,0.9199,3.301515154,38.3185,41.6555,288.9780,4.68008,,,,,,,,,,,,,,,,,,,,,,,,,,,,,,,,,,,,,,,,,,,,,,,,,,,,,,,,,,,,,,,,,,,,,,,,,,,,,,,,,,,167,0.6276665028,261.4575685,,,0,,,,,,,,
🇳🇴,skycrab1,0,0,8:53.059,8:55.075,17 Jun 2024,718,(U),-1214553875519321530,,,https://www.youtube.com/watch?v=UbiUU4PS8Yg&list=PLU3_fvoJ1GyMStiA29z37DUPtG47PvOJz&index=34,8,55,75,535075,2016,2.016,533059,1.303919251,421494,1.269472401,,0.6984,2.75664086,36.1773,51.8022,288.4577,4.68473,,,,,,,,,,,,,,,,,,,,,,,,,,,,,,,,,,,,,,,,,,,,,,,,,,,,,,,,--,,,,,,,,,,,,,,,,,,,,,,,,,,,718,0,0,,,0,,,,,,,,
🇸🇪,Greetings,0,1,8:51.442,8:55.091,16 Oct 2023,963,(V),-998303849944798184,,,https://www.speedrun.com/mc/runs/y6q69wpz,8,55,91,535091,3649,3.649,531442,1.303958241,465828,1.148687928,,0.6179,1.419424069,50.7499,82.1387,288.3297,4.68587,,,,,,,,,,,,,,,,,,,,,,,,,,,,,,,,,,,,,,,,,,,,,,,,,,,,,,,,,,,,,,,,,,,,,,,,,,,,,,,,,,,963,0,0,,,0,,,,,,,,
🇺🇸,pizu,0,1,8:54.022,8:55.184,24 May 2025,377,(V),7703092344048773038,,,https://www.speedrun.com/mc/runs/mkw8dklm,8,55,184,535184,1162,1.162,534022,1.304184872,421494,1.269731004,,0.8282,2.760431461,42.8397,51.7262,287.5859,4.69253,,,,,,,,,,,,,,,,,,,,,,,,,,,,,,,,,,,,,,,,,,,,,,,,,,,,,,,,,,,,,,,,,,,,,,,,,,,,,,,,,,,377,0.004709077265,2.43582851,,,0,,,,,,,,
🇳🇴,skycrab1,0,0,8:55.209,8:55.494,29 Apr 2025,402,(U),unknown,,,https://www.youtube.com/watch?v=Jv4hwkbrykA&list=PLU3_fvoJ1GyMStiA29z37DUPtG47PvOJz&index=118,8,55,494,535494,285,0.285,535209,1.304940308,421494,1.270466484,,0.8179,2.771237424,42.1308,51.5102,285.1113,4.71479,,,,,,,,,,,,,,,,,,,,,,,,,,,,,,,,,,,,,,,,,,,,,,,,,,,,,,,,--,,,,,,,,,,,,,,,,,,,,,,,,,,,402,0.001508739417,0.7771547256,,,0,,,,,,,,
🇮🇹,Ale267,0,1,8:53.440,8:55.565,10 Dec 2023,908,(V),2654444086800961845,,,https://www.speedrun.com/mc/runs/y4kok52m,8,55,565,535565,2125,2.125,533440,1.305113328,446254,1.200134901,,0.6351,1.893000716,44.9622,70.7974,284.5456,4.71990,,,,,,,,,,,,,,,,,,,,,,,,,,,,,,,,,,,,,,,,,,,,,,,,,,,,,,,,,,,,,,,,,,,,,,,,,,,,,,,,,,,908,0,0,,,0,,,,,,,,
🇺🇸,Feinberg,0,0,8:55.644,8:55.644,23 Apr 2025,408,(U),5199559453196523459,,,https://www.youtube.com/watch?v=3fE6RVy2Hns,8,55,644,535644,0,0,535644,1.305305842,421494,1.27082236,,0.8155,2.776479606,41.9193,51.4056,283.9165,4.72559,,,,,,,,,,,,,,,,,,,,,,,,,,,,,,,,,,,,,,,,,,,,,,,,,,,,,,,,,,,,,,,,,,,,,,,,,,,,,,,,,,,408,0.001123022913,0.5772968133,,,0,,,,,,,,
🇵🇱,kazzruns,0,1,8:55.715,8:55.971,13 Nov 2024,569,(V),-8462465597101337145,,,https://www.speedrun.com/mc/runs/y9dr7oem,8,55,971,535971,256,0.256,535715,1.306102705,421494,1.271598172,,0.7524,2.787938138,38.5054,51.1775,281.3179,4.74923,,,,,,,,,,,,,,,,,,,,,,,,,,,,,,,,,,,,,,,,,,,,,,,,,,,,,,,,,,,,,,,,,,,,,,,,,,,,,,,,,,,569,0.00000000998680715,0.00000511099683,,,0,,,,,,,,
🇺🇸,doogile,0,0,8:56.053,8:56.053,24 Mar 2025,438,(U),-4743958313443045268,,,https://www.youtube.com/watch?v=MOF0Iu9SBKo,8,56,53,536053,0,0,536053,1.30630253,421494,1.271792718,,0.8033,2.790818116,41.0660,51.1203,280.6676,4.75517,,,,,,,,,,,,,,,,,,,,,,,,,,,,,,,,,,,,,,,,,,,,,,,,,,,,,,,,--,,,,,,,,,,,,,,,,,,,,,,,,,,,438,0.0002242459315,0.1146350898,,,0,,,,,,,,
🇺🇸,Crimson,0,1,8:54.994,8:56.208,17 May 2023,1115,(V),3901188098282843839,,,https://www.speedrun.com/mc/run/m3q1wlgy,8,56,208,536208,1214,1.214,534994,1.306680248,465828,1.151085808,,0.5726,1.438825272,46.7689,81.6727,279.4397,4.76642,,,,,,,,,,,,,,,,,,,,,,,,,,,,,,,,,,,,,,,,,,,,,,,,,,,,,,,,,,,,,,,,,,,,,,,,,,,,,,,,,,,1115,0,0,,,0,,,,,,,,
🇫🇮,megelimc,0,1,8:53.668,8:56.251,03 Aug 2023,1037,(V),4759173544729623169,,,https://www.speedrun.com/mc/run/zqjp6wrm,8,56,251,536251,2583,2.583,533668,1.306785035,465828,1.151178117,,0.5954,1.439577002,48.6182,81.6546,279.0994,4.76955,,,,,,,,,,,,,,,,,,,,,,,,,,,,,,,,,,,,,,,,,,,,,,,,,,,,,,,,,,,,,,,,,,,,,,,,,,,,,,,,,,,1037,0,0,,,0,,,,,,,,
🇮🇱,Ranik_,0,1,8:46.425,8:56.260,09 Sep 2024,634,(V),-6541623548531621549,,,https://www.speedrun.com/mc/runs/y6eo9opz,8,56,260,536260,9835,9.835,526425,1.306806967,421494,1.272283828,,0.7283,2.798100073,37.1272,50.9757,279.0282,4.77020,,,,,,,,,,,,,,,,,,,,,,,,,,,,,,,,,,,,,,,,,,,,,,,,,,,,,,,,,,,,,,,,,,,,,,,,,,,,,,,,,,,634,0,0.000000004363132367,,,0,,,,,,,,
🇸🇰,NoFear1337,0,0,8:55.940,8:56.651,09 Sep 2024,634,(U),unknown,,,https://www.youtube.com/watch?v=OFKGxnx2P38&list=PLaTJSsRuu2UeeWabBBfNVWALvnefBoL2C&index=12,8,56,651,536651,711,0.711,535940,1.307759791,421494,1.273211481,,0.7283,2.811900977,36.9282,50.7026,275.9409,4.79871,,,,,,,,,,,,,,,,,,,,,,,,,,,,,,,,,,,,,,,,,,,,,,,,,,,,,,,,--,,,,,,,,,,,,,,,,,,,,,,,,,,,634,0,0.000000004339752462,,,0,,,,,,,,
🇸🇰,NoFear1337,0,0,8:55.740,8:56.923,27 Mar 2024,800,(U),unknown,,,https://www.youtube.com/watch?v=NMjC1md2rGE&list=PLaTJSsRuu2UeeWabBBfNVWALvnefBoL2C&index=8,8,56,923,536923,1183,1.183,535740,1.308422625,421494,1.273856805,,0.6703,2.821537253,33.8595,50.5124,273.8004,4.81863,,,,,,,,,,,,,,,,,,,,,,,,,,,,,,,,,,,,,,,,,,,,,,,,,,,,,,,,--,,,,,,,,,,,,,,,,,,,,,,,,,,,800,0,0,,,0,,,,,,,,
🇹🇿,Kxpow,0,0,8:55.272,8:57.094,20 Jan 2024,867,(U),7446084260793059276,,,https://www.youtube.com/watch?v=_47g7wdLm7w,8,57,94,537094,1822,1.822,535272,1.308839333,421494,1.274262504,,0.6482,2.827610367,32.6665,50.3928,272.4578,4.83120,,,,,,,,,,,,,,,,,,,,,,,,,,,,,,,,,,,,,,,,,,,,,,,,,,,,,,,,,,,,,,,,,,,,,,,,,,,,,,,,,,,867,0,0,,,0,,,,,,,,
🇺🇸,Reignex,0,0,8:57.103,8:57.103,04 Jul 2023,1067,(U),unknown,,,https://www.youtube.com/watch?v=zJuRWv35UOg,8,57,103,537103,0,0,537103,1.308861265,465828,1.153007119,,0.5865,1.454546518,47.6833,81.2947,272.3872,4.83186,,,,,,,,,,,,,,,,,,,,,,,,,,,,,,,,,,,,,,,,,,,,,,,,,,,,,,,,,,,,,,,,,,,,,,,,,,,,,,,,,,,1067,0,0,,,0,,,,,,,,
🇸🇪,PAPLERR,0,0,8:56.622,8:57.110,03 Aug 2024,671,(U),unknown,,,https://www.youtube.com/watch?v=iyVEoT_7Pxo,8,57,110,537110,488,0.488,536622,1.308878324,421494,1.274300465,,0.7150,2.828179205,36.0219,50.3816,272.3323,4.83237,,,,,,,,,,,,,,,,,,,,,,,,,,,,,,,,,,,,,,,,,,,,,,,,,,,,,,,,,,,,,,,,,,,,,,,,,,,,,,,,,,,671,0,0,,,0,,,,,,,,
🇸🇪,v_strid,0,0,8:57.141,8:57.141,08 Feb 2025,482,(U),unknown,,,https://www.youtube.com/watch?v=D4_-DJDhbiI,8,57,141,537141,0,0,537141,1.308953867,421494,1.274374012,,0.7858,2.829281619,39.5750,50.3600,272.0892,4.83465,,,,,,,,,,,,,,,,,,,,,,,,,,,,,,,,,,,,,,,,,,,,,,,,,,,,,,,,,,,,,,,,,,,,,,,,,,,,,,,,,,,,,,,,,,,,,,,,
🇩🇰,Bloopy,0,0,8:57.348,8:57.348,14 Mar 2026,83,(U),4967329614795166163,,,https://www.youtube.com/watch?v=fcX2MP-_y2E,8,57,348,537348,0,0,537348,1.309458304,410359,1.309458304,,0.9593,3.400743085,38.3511,39.9762,270.4679,4.84991,,,,,,,,,,,,,,,,,,,,,,,,,,,,,,,,,,,,,,,,,,,,,,,,,,,,,,,,,,,,,,,,,,,,,,,,,,,,,,,,,,,83,0.9444252855,377.5451587,,,0,,,,,,,,
🇿🇦,Airpodsz,0,0,8:57.540,8:57.540,20 Mar 2026,77,(U),-2146193489695759329,,,https://www.youtube.com/watch?v=MuYlBvogeeU&list=PLjW0OIc7zcEcqLcQwe9V6NfJUy0AUDomQ&index=3,8,57,540,537540,0,0,537540,1.309926187,410359,1.309926187,,0.9622,3.409007667,38.3340,39.8387,268.9674,4.86410,,,,,,,,,,,,,,,,,,,,,,,,,,,,,,,,,,,,,,,,,,,,,,,,,,,,,,,,,,,,,,,,,,,,,,,,,,,,,,,,,,,77,0.9553731326,380.6078149,,,0,,,,,,,,
🇨🇦,Aquacorde,0,1,8:57.720,8:57.720,25 Jul 2024,680,(V),3015905876303256572,,,https://www.speedrun.com/mc/runs/m3j14wdz,8,57,720,537720,0,0,537720,1.310364827,421494,1.275747697,,0.7118,2.849942142,35.5563,49.9547,267.5634,4.87744,,,,,,,,,,,,,,,,,,,,,,,,,,,,,,,,,,,,,,,,,,,,,,,,,,,,,,,,--,,,,,,,,,,,,,,,,,,,,,,,,,,,680,0,0,,,0,,,,,,,,
🇺🇸,meebie,0,0,8:57.348,8:57.738,18 Aug 2024,656,(U),7618635482659477050,,,https://www.youtube.com/watch?v=IJsF0R7FLR0&list=PLaTJSsRuu2Ufk7cX7bUTt9V-IJxa8wqSM&index=15,8,57,738,537738,390,0.39,537348,1.310408691,421494,1.275790403,,0.7204,2.850586581,35.9764,49.9421,267.4231,4.87877,,,,,,,,,,,,,,,,,,,,,,,,,,,,,,,,,,,,,,,,,,,,,,,,,,,,,,,,,,,,,,,,,,,,,,,,,,,,,,,,,,,656,0,0.0000000002743566987,,,0,,,,,,,,
🇨🇦,Aquacorde,0,0,8:57.744,8:57.744,21 Jul 2025,319,(U),2089452302138806331,,,https://www.youtube.com/watch?v=4Cu-z1JTQKs,8,57,744,537744,0,0,537744,1.310423312,410359,1.310423312,,0.8526,3.417808214,33.8407,39.6926,267.3764,4.87922,,,,,,,,,,,,,,,,,,,,,,,,,,,,,,,,,,,,,,,,,,,,,,,,,,,,,,,,--,,,,,,,,,,,,,,,,,,,,,,,,,,,319,0.03892276815,15.44946171,,,0,,,,,,,,
🇹🇿,Kxpow,0,0,8:55.692,8:57.890,05 May 2024,761,(U),-851024555308033013,,,https://www.youtube.com/watch?v=wCxU4ZJnPnM,8,57,890,537890,2198,2.198,535692,1.310779098,421494,1.276151025,,0.6835,2.85603367,34.0636,49.8356,266.2399,4.89006,,,,,,,,,,,,,,,,,,,,,,,,,,,,,,,,,,,,,,,,,,,,,,,,,,,,,,,,,,,,,,,,,,,,,,,,,,,,,,,,,,,761,0,0,,,0,,,,,,,,
🇬🇧,priffie,0,0,8:57.964,8:57.964,01 Oct 2024,612,(U),unknown,,,https://www.youtube.com/watch?v=8xCnuc4E91k,8,57,964,537964,0,0,537964,1.310959428,421494,1.276326591,,0.7364,2.858688888,36.6601,49.7838,265.6645,4.89557,,,,,,,,,,,,,,,,,,,,,,,,,,,,,,,,,,,,,,,,,,,,,,,,,,,,,,,,,,,,,,,,,,,,,,,,,,,,,,,,,,,612,0.0000000001109332108,0.00000005522677888,,,0,,,,,,,,
🇺🇸,zylenox,0,0,8:56.538,8:58.136,09 Aug 2024,665,(U),unknown,,,https://www.youtube.com/watch?v=4YjWJ1kyVxA,8,58,136,538136,1598,1.598,536538,1.311378573,421494,1.276734663,,0.7171,2.864868946,35.6150,49.6633,264.3290,4.90839,,,,,,,,,,,,,,,,,,,,,,,,,,,,,,,,,,,,,,,,,,,,,,,,,,,,,,,,,,,,,,,,,,,,,,,,,,,,,,,,,,,665,0,0,,,0,,,,,,,,
🇺🇸,zylenox,0,0,8:54.786,8:58.157,03 Dec 2024,549,(U),unknown,,,https://www.youtube.com/watch?v=3Lmg1lVyC00,8,58,157,538157,3371,3.371,534786,1.311429748,421494,1.276784486,,0.7600,2.8656243,37.7305,49.6486,264.1662,4.90995,,,,,,,,,,,,,,,,,,,,,,,,,,,,,,,,,,,,,,,,,,,,,,,,,,,,,,,,,,,,,,,,,,,,,,,,,,,,,,,,,,,549,0.00000006512776376,0.00003233501019,,,0,,,,,,,,
🇺🇸,zylenox,0,0,8:53.590,8:58.403,15 Apr 2024,781,(U),unknown,,,https://www.youtube.com/watch?v=pcKBj1_i-gM,8,58,403,538403,4813,4.813,533590,1.312029223,421494,1.277368124,,0.6767,2.874485917,33.4814,49.4762,262.2610,4.92835,,,,,,,,,,,,,,,,,,,,,,,,,,,,,,,,,,,,,,,,,,,,,,,,,,,,,,,,,,,,,,,,,,,,,,,,,,,,,,,,,,,781,0,0,,,0,,,,,,,,
🇸🇪,v_strid,0,0,8.58.199,8:58.591,30 Oct 2024,583,(U),unknown,,,https://www.youtube.com/watch?v=PhloKVOmf3E,8,58,591,538591,392,0.392,538199,1.312487359,421494,1.277814156,,0.7471,2.881274606,36.8672,49.3443,260.8085,4.94244,,,,,,,,,,,,,,,,,,,,,,,,,,,,,,,,,,,,,,,,,,,,,,,,,,,,,,,,,,,,,,,,,,,,,,,,,,,,,,,,,,,,,,,,,,,,,,,,
🇸🇪,v_strid,0,1,8:58.708,8:58.708,11 Mar 2024,816,(V),3370465676755234517,,,https://www.speedrun.com/mc/runs/yo0k5p0y,8,58,708,538708,0,0,538708,1.312772475,421494,1.27809174,,0.6650,2.885506665,32.7584,49.2623,259.9062,4.95123,,,,,,,,,,,,,,,,,,,,,,,,,,,,,,,,,,,,,,,,,,,,,,,,,,,,,,,,,,,,,,,,,,,,,,,,,,,,,,,,,,,,,,,,,,,,,,,,
🇳🇴,xzeroxy,0,1,8:59.230,8:59.230,03 Dec 2024,549,(V),5478553775963038982,,,https://www.speedrun.com/mc/runs/y6g3kk6m,8,59,230,539230,0,0,539230,1.314044532,421494,1.279330192,,0.7600,2.904455477,37.1586,48.8960,255.8950,4.99062,,,,,,,,,,,,,,,,,,,,,,,,,,,,,,,,,,,,,,,,,,,,,,,,,,,,,,,,,,,,,,,,,,,,,,,,,,,,,,,,,,,549,0.00000006512776376,0.00003184489524,,,0,,,,,,,,
🇳🇴,skycrab1,0,0,8:59.293,8:59.293,11 Sep 2024,632,(U),-6389114711842986192,,,https://www.youtube.com/watch?v=8hzE9Hw6gAU&list=PLU3_fvoJ1GyMStiA29z37DUPtG47PvOJz&index=67,8,59,293,539293,0,0,539293,1.314198056,421494,1.27947966,,0.7291,2.906749857,35.6159,48.8518,255.4125,4.99540,,,,,,,,,,,,,,,,,,,,,,,,,,,,,,,,,,,,,,,,,,,,,,,,,,,,,,,,--,,,,,,,,,,,,,,,,,,,,,,,,,,,632,0,0.000000005317725626,,,0,,,,,,,,
🇩🇰,Bloopy,0,0,8:59.432,8:59.432,16 May 2025,385,(U),-18983467290883032,,,https://www.youtube.com/watch?v=514JjNvEQK4,8,59,432,539432,0,0,539432,1.314536784,421494,1.27980944,,0.8249,2.911817752,40.2171,48.7542,254.3493,5.00594,,,,,,,,,,,,,,,,,,,,,,,,,,,,,,,,,,,,,,,,,,,,,,,,,,,,,,,,--,,,,,,,,,,,,,,,,,,,,,,,,,,,385,0.00332374706,1.620467603,,,0,,,,,,,,
🇺🇸,meebie,0,0,8:59.573,8:59.573,19 Nov 2023,929,(U),-1575876630213539597,12,Yes,https://www.youtube.com/watch?v=zJnvTxa-tIw,8,59,573,539573,0,0,539573,1.314880385,465828,1.158309505,,0.6284,1.498757232,50.4211,80.2310,253.2726,5.01666,,,,,,,,,,,,,,,,,,,,,,,,,,,,,,,,,,,,,,,,,,,,,,,,,,,,,,,,--,,,,,,,,,,,,,,,,,,,,,,,,,,,929,0,0,,,0,,,,,,,,
🇬🇧,priffie,0,0,8:59.634,8:59.634,06 Jan 2025,515,(U),-1054620697924411104,,,https://www.youtube.com/watch?v=KOGQS3lFRgE,8,59,634,539634,0,0,539634,1.315029036,421494,1.280288687,,0.7730,2.919196587,37.5765,48.6124,252.8073,5.02130,,,,,,,,,,,,,,,,,,,,,,,,,,,,,,,,,,,,,,,,,,,,,,,,,,,,,,,,,,,,,,,,,,,,,,,,,,,,,,,,,,,515,0.000001169320789,0.0005684349754,,,0,,,,,,,,
🇹🇿,Kxpow,0,0,8:58.491,8:59.754,25 Apr 2025,406,(U),-7011577718832438866,,,https://www.youtube.com/watch?v=R37ovz0afsw,8,59,754,539754,1263,1.263,538491,1.315321462,421494,1.280573389,,0.8163,2.923587907,39.6125,48.5281,251.8930,5.03045,,,,,,,,,,,,,,,,,,,,,,,,,,,,,,,,,,,,,,,,,,,,,,,,,,,,,,,,,,,,,,,,,,,,,,,,,,,,,,,,,,,406,0.001240374908,0.601930784,,,0,,,,,,,,
🇸🇪,v_strid,0,0,8:59.436,9:00.111,07 Jun 2024,728,(U),unknown,,,https://www.youtube.com/watch?v=02q09QjEldI,9,0,111,540111,675,0.675,539436,1.316191432,421494,1.281420376,,0.6949,2.936686768,33.5475,48.2774,249.1809,5.05774,,,,,,,,,,,,,,,,,,,,,,,,,,,,,,,,,,,,,,,,,,,,,,,,,,,,,,,,,,,,,,,,,,,,,,,,,,,,,,,,,,,,,,,,,,,,,,,,
🇩🇰,Bloopy,0,0,9:00.170,9:00.170,05 Oct 2024,608,(U),-5352242782529280836,,,https://www.youtube.com/watch?v=fRLq2qYkV40,9,0,170,540170,0,0,540170,1.316335209,421494,1.281560354,,0.7379,2.938856573,35.5914,48.2359,248.7338,5.06227,,,,,,,,,,,,,,,,,,,,,,,,,,,,,,,,,,,,,,,,,,,,,,,,,,,,,,,,--,,,,,,,,,,,,,,,,,,,,,,,,,,,608,0.0000000001733737928,0.00000008362840123,,,0,,,,,,,,
🇵🇱,okshey,0,0,9:00.060,9:00.305,15 Nov 2025,202,(U),unknown,,,https://www.youtube.com/watch?v=KsYm43TDgBw,9,0,305,540305,245,0.245,540060,1.316664189,410359,1.316664189,,0.9039,3.530008295,34.2285,37.8662,247.7120,5.07263,,,,,,,,,,,,,,,,,,,,,,,,,,,,,,,,,,,,,,,,,,,,,,,,,,,,,,,,,,,,,,,,,,,,,,,,,,,,,,,,,,,202,0.4385678268,166.0691428,,,0,,,,,,,,
🇨🇦,Aquacorde,0,0,9:00.365,9:00.365,21 Aug 2024,653,(U),-3831818911159801954,,,https://www.youtube.com/watch?v=3dW5m8cUe6A,9,0,365,540365,0,0,540365,1.316810403,421494,1.282022994,,0.7214,2.946038087,34.7007,48.0989,247.2584,5.07725,,,,,,,,,,,,,,,,,,,,,,,,,,,,,,,,,,,,,,,,,,,,,,,,,,,,,,,,--,,,,,,,,,,,,,,,,,,,,,,,,,,,653,0,0.0000000003885248262,,,0,,,,,,,,
🇵🇱,watermelon1708,0,0,8:59.980,9:00.400,06 Dec 2025,181,(U),unknown,,,https://www.youtube.com/watch?v=NKfTh40LmXo,9,0,400,540400,420,0.42,539980,1.316895694,410359,1.316895694,,0.9135,3.53423213,34.5282,37.7988,246.9940,5.07994,,,,,,,,,,,,,,,,,,,,,,,,,,,,,,,,,,,,,,,,,,,,,,,,,,,,,,,,--,,,,,,,,,,,,,,,,,,,,,,,,,,,181,0.5526811091,208.9066673,,,0,,,,,,,,
🇳🇴,skycrab1,0,0,9:00.416,9:00.416,18 Dec 2024,534,(U),-2825863056396066441,,,https://www.youtube.com/watch?v=QuzaLR4dZX0&list=PLU3_fvoJ1GyMStiA29z37DUPtG47PvOJz&index=104,9,0,416,540416,0,0,540416,1.316934684,421494,1.282143993,,0.7657,2.947918896,36.8006,48.0630,246.8731,5.08117,,,,,,,,,,,,,,,,,,,,,,,,,,,,,,,,,,,,,,,,,,,,,,,,,,,,,,,,--,,,,,,,,,,,,,,,,,,,,,,,,,,,534,0.000000243699385,0.0001171292859,,,0,,,,,,,,
🇺🇸,Feinberg,0,1,8:57.718,9:00.487,15 Oct 2022,1329,(V),6318646588162790338,,,https://www.speedrun.com/mc/runs/z1gxnkrz,9,0,487,540487,2769,2.769,537718,1.317107703,517884,1.043644909,,0.5145,0.7742785069,49.7790,96.7464,246.3371,5.08664,,,,,,,,,,,,,,,,,,,,,,,,,,,,,,,,,,,,,,,,,,,,,,,,,,,,,,,,,,,,,,,,,,,,,,,,,,,,,,,,,,,1329,0,0,,,0,,,,,,,,
🇳🇴,skycrab1,0,0,8:59.994,9:00.517,15 Aug 2024,659,(U),6950286062050709827,,,https://www.youtube.com/watch?v=GdrxXjooUA4&list=PLU3_fvoJ1GyMStiA29z37DUPtG47PvOJz&index=56,9,0,517,540517,523,0.523,539994,1.31718081,421494,1.282383616,,0.7193,2.95164678,34.5199,47.9920,246.1108,5.08895,,,,,,,,,,,,,,,,,,,,,,,,,,,,,,,,,,,,,,,,,,,,,,,,,,,,,,,,--,,,,,,,,,,,,,,,,,,,,,,,,,,,659,0,0.0000000001786669208,,,0,,,,,,,,
🇨🇦,wethr,0,1,8:59.030,9:00.655,29 Aug 2024,645,(V),-2434861571968329619,,,https://www.speedrun.com/mc/runs/zpxdq3gm,9,0,655,540655,1625,1.625,539030,1.317517101,421494,1.282711023,,0.7243,2.956747085,34.6921,47.8950,245.0708,5.09959,,,,,,,,,,,,,,,,,,,,,,,,,,,,,,,,,,,,,,,,,,,,,,,,,,,,,,,,,,,,,,,,,,,,,,,,,,,,,,,,,,,645,0,0.000000001063164748,,,0,,,,,,,,
🇿🇦,Airpodsz,0,0,9:00.719,9:00.719,18 Jan 2026,138,(U),202293140077516834,,,https://www.youtube.com/watch?v=5CQDNMm5aWc&list=PLjW0OIc7zcEcCMM5essHmBGzf92S0FzKi&index=23,9,0,719,540719,0,0,540719,1.317673062,410359,1.317673062,,0.9333,3.548447959,35.0673,37.5724,244.5891,5.10454,,,,,,,,,,,,,,,,,,,,,,,,,,,,,,,,,,,,,,,,,,,,,,,,,,,,,,,,,,,,,,,,,,,,,,,,,,,,,,,,,,,138,0.768890125,288.8903335,,,0,,,,,,,,
🇸🇰,NoFear1337,0,0,8:57.699,9:00.720,14 Apr 2023,1148,(U),unknown,,,https://www.youtube.com/watch?v=HRrYCllMZvI,9,0,720,540720,3021,3.021,537699,1.317675499,465828,1.160771787,,0.5633,1.519704345,44.9075,79.7267,244.5816,5.10462,,,,,,,,,,,,,,,,,,,,,,,,,,,,,,,,,,,,,,,,,,,,,,,,,,,,,,,,--,,,,,,,,,,,,,,,,,,,,,,,,,,,1148,0,0,,,0,,,,,,,,
🇿🇦,Airpodsz,0,0,9:00.930,9:00.930,11 Dec 2025,176,(U),-6589365021336644663,,,https://www.youtube.com/watch?v=yl-ZE4j38zU&list=PLjW0OIc7zcEcCMM5essHmBGzf92S0FzKi&index=20,9,0,930,540930,0,0,540930,1.318187246,410359,1.318187246,,0.9158,3.557878595,34.2703,37.4228,243.0038,5.12087,,,,,,,,,,,,,,,,,,,,,,,,,,,,,,,,,,,,,,,,,,,,,,,,,,,,,,,,,,,,,,,,,,,,,,,,,,,,,,,,,,,176,0.5797388126,216.9543698,,,0,,,,,,,,
🇫🇮,AndrewCrow,0,0,9:00.882,9:00.977,18 Feb 2026,107,(U),unknown,,,https://www.youtube.com/watch?v=fdNNViVWFV8,9,0,977,540977,95,0.095,540882,1.31830178,410359,1.31830178,,0.9479,3.559982266,35.4417,37.3895,242.6512,5.12451,,,,,,,,,,,,,,,,,,,,,,,,,,,,,,,,,,,,,,,,,,,,,,,,,,,,,,,,,,,,,,,,,,,,,,,,,,,,,,,,,,,107,0.8847021007,330.7854225,,,0,,,,,,,,
🇳🇴,skycrab1,0,1,8:59.353,9:01.102,05 Nov 2023,943,(V),-7277035047426370667,,,https://www.speedrun.com/mc/runs/yd2e770m,9,1,102,541102,1749,1.749,539353,1.318606391,465828,1.161591832,,0.6241,1.526740047,49.6490,79.5573,241.7146,5.13421,,,,,,,,,,,,,,,,,,,,,,,,,,,,,,,,,,,,,,,,,,,,,,,,,,,,,,,,--,,,,,,,,,,,,,,,,,,,,,,,,,,,943,0,0,,,0,,,,,,,,
🇺🇸,doogile,0,0,8:59.983,9:01.127,06 Oct 2023,973,(U),9195494537967252613,,,https://www.youtube.com/watch?v=lUWGWVc40zo,9,1,127,541127,1144,1.144,539983,1.318667313,465828,1.1616455,,0.6148,1.527201538,48.9030,79.5462,241.5275,5.13616,,,,,,,,,,,,,,,,,,,,,,,,,,,,,,,,,,,,,,,,,,,,,,,,,,,,,,,,--,,,,,,,,,,,,,,,,,,,,,,,,,,,973,0,0,,,0,,,,,,,,
🇩🇰,Bloopy,0,0,9:01.143,9:01.143,18 Jan 2025,503,(U),-7620737076103346510,,,https://www.youtube.com/watch?v=d9vkKsLySa0,9,1,143,541143,0,0,541143,1.318706304,421494,1.28386881,,0.7776,2.97484571,36.9779,47.5519,241.4077,5.13740,,,,,,,,,,,,,,,,,,,,,,,,,,,,,,,,,,,,,,,,,,,,,,,,,,,,,,,,--,,,,,,,,,,,,,,,,,,,,,,,,,,,503,0.000002971770366,0.00141313308,,,0,,,,,,,,
🇸🇪,v_strid,0,0,9:01.212,9:01.212,09 Jun 2024,726,(U),unknown,,,https://www.youtube.com/watch?v=qJZd4klABQc,9,1,212,541212,0,0,541212,1.318874449,421494,1.284032513,,0.6956,2.977412651,33.0427,47.5034,240.8916,5.14277,,,,,,,,,,,,,,,,,,,,,,,,,,,,,,,,,,,,,,,,,,,,,,,,,,,,,,,,,,,,,,,,,,,,,,,,,,,,,,,,,,,,,,,,,,,,,,,,
🇺🇸,doogile,0,0,9:01.449,9:01.449,25 May 2024,741,(U),-7536657347809840728,,,https://www.youtube.com/watch?v=fqNFbLGUKeA,9,1,449,541449,0,0,541449,1.319451992,421494,1.284594799,,0.6904,2.986244501,32.6807,47.3367,239.1225,5.16124,,,,,,,,,,,,,,,,,,,,,,,,,,,,,,,,,,,,,,,,,,,,,,,,,,,,,,,,--,,,,,,,,,,,,,,,,,,,,,,,,,,,741,0,0,,,0,,,,,,,,
🇩🇰,Bloopy,0,0,9:01.455,9:01.455,29 Jan 2025,492,(U),-3030095061520695931,,,https://www.youtube.com/watch?v=VGY1zOH0JTc,9,1,455,541455,0,0,541455,1.319466613,421494,1.284609034,,0.7819,2.986468393,37.0103,47.3324,239.0777,5.16170,,,,,,,,,,,,,,,,,,,,,,,,,,,,,,,,,,,,,,,,,,,,,,,,,,,,,,,,--,,,,,,,,,,,,,,,,,,,,,,,,,,,492,0.00000672587318,0.003183520165,,,0,,,,,,,,
🇵🇱,watermelon1708,0,0,8:59.859,9:01.423,25 Dec 2025,162,(U),see video,,,https://www.youtube.com/watch?v=cE3J7k4Sshc,9,1,423,541423,1564,1.564,539859,1.319388633,410359,1.319388633,,0.9222,3.579999417,34.1891,37.0737,239.3163,5.15921,,,,,,,,,,,,,,,,,,,,,,,,,,,,,,,,,,,,,,,,,,,,,,,,,,,,,,,,--,,,,,,,,,,,,,,,,,,,,,,,,,,,162,0.6536698967,242.3394694,,,0,,,,,,,,
🇵🇱,watermelon1708,0,0,8:57.165,9:01.510,21 Oct 2025,227,(U),unknown,,,https://www.youtube.com/watch?v=bgofOfS1s1A,9,1,510,541510,4345,4.345,537165,1.319600642,410359,1.319600642,,0.8927,3.583915655,33.0409,37.0121,238.6680,5.16600,,,,,,,,,,,,,,,,,,,,,,,,,,,,,,,,,,,,,,,,,,,,,,,,,,,,,,,,--,,,,,,,,,,,,,,,,,,,,,,,,,,,227,0.3104574885,114.9069542,,,0,,,,,,,,
🇺🇸,Feinberg,0,0,9:01.535,9:01.535,02 May 2023,1130,(U),7702150658606563994,,,https://www.youtube.com/watch?v=2iCRD8BHCck,9,1,535,541535,0,0,541535,1.319661565,465828,1.16252136,,0.5684,1.534751188,45.1076,79.3644,238.4818,5.16795,,,,,,,,,,,,,,,,,,,,,,,,,,,,,,,,,,,,,,,,,,,,,,,,,,,,,,,,,,,,,,,,,,,,,,,,,,,,,,,,,,,1130,0,0,,,0,,,,,,,,
🇳🇴,skycrab1,0,0,9:01.581,9:01.581,24 Oct 2024,589,(U),5396784990910154852,,,https://www.youtube.com/watch?v=7QvmYogun44&list=PLU3_fvoJ1GyMStiA29z37DUPtG47PvOJz&index=88,9,1,581,541581,0,0,541581,1.319773662,421494,1.28490797,,0.7449,2.991173573,35.1921,47.2438,238.1395,5.17155,,,,,,,,,,,,,,,,,,,,,,,,,,,,,,,,,,,,,,,,,,,,,,,,,,,,,,,,--,,,,,,,,,,,,,,,,,,,,,,,,,,,589,0.000000001335918322,0.0000006311386667,,,0,,,,,,,,
🇨🇦,NoHacsJustRoblox,0,0,9:00.675,9:01.646,03 Sep 2024,640,(U),7108735323901756884,,,https://www.youtube.com/watch?v=1F8ZBRB354Y,9,1,646,541646,971,0.971,540675,1.319932059,421494,1.285062184,,0.7261,2.993603418,34.2728,47.1981,237.6560,5.17663,,,,,,,,,,,,,,,,,,,,,,,,,,,,,,,,,,,,,,,,,,,,,,,,,,,,,,,,--,,,,,,,,,,,,,,,,,,,,,,,,,,,640,0,0.000000001946054709,,,0,,,,,,,,
🇳🇴,skycrab1,0,0,9:01.851,9:01.851,06 Oct 2024,607,(U),5584430862827466527,,,https://www.youtube.com/watch?v=XLXBEG_9Z2M&list=PLU3_fvoJ1GyMStiA29z37DUPtG47PvOJz&index=76,9,1,851,541851,0,0,541851,1.320431622,421494,1.285548549,,0.7382,3.001278243,34.7366,47.0538,236.1341,5.19270,,,,,,,,,,,,,,,,,,,,,,,,,,,,,,,,,,,,,,,,,,,,,,,,,,,,,,,,--,,,,,,,,,,,,,,,,,,,,,,,,,,,607,0.0000000001936721568,0.0000000911301951,,,0,,,,,,,,
🇺🇸,doogile,0,0,9:01.361,9:01.856,17 Mar 2024,810,(U),-423824187334230143,,,https://www.youtube.com/watch?v=9aJOIrN2g-A,9,1,856,541856,495,0.495,541361,1.320443807,421494,1.285560411,,0.6670,3.001465652,31.3815,47.0503,236.0970,5.19309,,,,,,,,,,,,,,,,,,,,,,,,,,,,,,,,,,,,,,,,,,,,,,,,,,,,,,,,--,,,,,,,,,,,,,,,,,,,,,,,,,,,810,0,0,,,0,,,,,,,,
🇺🇸,FooN,0,1,8:57.293,9:01.942,23 Feb 2023,1198,(V),-5695877831493898620,,,https://www.speedrun.com/mc/run/zxnw86qm,9,1,942,541942,4649,4.649,537293,1.320653379,465828,1.163395073,,0.5494,1.542316413,43.4996,79.1822,235.4598,5.19984,,,,,,,,,,,,,,,,,,,,,,,,,,,,,,,,,,,,,,,,,,,,,,,,,,,,,,,,,,,,,,,,,,,,,,,,,,,,,,,,,,,1198,0,0,,,0,,,,,,,,
🇺🇸,FooN,0,0,8:57.834,9:01.977,27 Mar 2023,1166,(U),3309154460547738819,,,https://www.youtube.com/watch?v=lKsvBCOS7mY,9,1,977,541977,4143,4.143,537834,1.32073867,465828,1.163470208,,0.5582,1.542968578,44.1924,79.1665,235.2007,5.20259,,,,,,,,,,,,,,,,,,,,,,,,,,,,,,,,,,,,,,,,,,,,,,,,,,,,,,,,,,,,,,,,,,,,,,,,,,,,,,,,,,,1166,0,0,,,0,,,,,,,,
🇺🇸,Crimson,0,0,9:01.997,9:01.997,29 Aug 2023,1011,(U),-5988520828336756304,,,https://www.youtube.com/watch?v=RhhfwurxegQ,9,1,997,541997,0,0,541997,1.320787408,465828,1.163513142,,0.6032,1.543341358,47.7482,79.1576,235.0527,5.20417,,,,,,,,,,,,,,,,,,,,,,,,,,,,,,,,,,,,,,,,,,,,,,,,,,,,,,,,,,,,,,,,,,,,,,,,,,,,,,,,,,,1011,0,0,,,0,,,,,,,,
🇿🇦,Airpodsz,0,0,9:02.293,9:02.293,04 Oct 2025,244,(U),1464731346073354969,,,https://www.youtube.com/watch?v=XqbzG-qNr_Y&list=PLjW0OIc7zcEcCMM5essHmBGzf92S0FzKi&index=12,9,2,293,542293,0,0,542293,1.321508728,410359,1.321508728,,0.8851,3.619332129,32.2718,36.4592,232.8668,5.22749,,,,,,,,,,,,,,,,,,,,,,,,,,,,,,,,,,,,,,,,,,,,,,,,,,,,,,,,,,,,,,,,,,,,,,,,,,,,,,,,,,,244,0.2339428557,85.2937319,,,0,,,,,,,,
🇳🇴,skycrab1,0,0,9:02.423,9:02.423,30 Aug 2024,644,(U),3049901205395221348,,,https://www.youtube.com/watch?v=PPXIiFSl4dc&list=PLU3_fvoJ1GyMStiA29z37DUPtG47PvOJz&index=62,9,2,423,542423,0,0,542423,1.321825524,421494,1.286905626,,0.7247,3.022785211,33.8081,46.6513,231.9096,5.23776,,,,,,,,,,,,,,,,,,,,,,,,,,,,,,,,,,,,,,,,,,,,,,,,,,,,,,,,--,,,,,,,,,,,,,,,,,,,,,,,,,,,644,0,0.000000001172987096,,,0,,,,,,,,
🇬🇧,priffie,0,0,9:02.615,9:02.615,29 Oct 2024,584,(U),-4445326317723697644,,,https://www.youtube.com/watch?v=i5jeAezrvl8,9,2,615,542615,0,0,542615,1.322293407,421494,1.287361149,,0.7468,3.030034899,34.7368,46.5162,230.4989,5.25297,,,,,,,,,,,,,,,,,,,,,,,,,,,,,,,,,,,,,,,,,,,,,,,,,,,,,,,,,,,,,,,,,,,,,,,,,,,,,,,,,,,584,0.000000002238028707,0.000001041045275,,,0,,,,,,,,
🇸🇪,v_strid,0,0,9:00.975,9:02.667,06 Feb 2025,484,(U),unknown,,,https://www.youtube.com/watch?v=5LcpAOQ33Fs,9,2,667,542667,1692,1.692,540975,1.322420125,421494,1.287484519,,0.7851,3.032001006,36.4891,46.4796,230.1175,5.25709,,,,,,,,,,,,,,,,,,,,,,,,,,,,,,,,,,,,,,,,,,,,,,,,,,,,,,,,,,,,,,,,,,,,,,,,,,,,,,,,,,,,,,,,,,,,,,,,
🇸🇰,NoFear1337,0,0,9:02.402,9:02.859,30 Jun 2025,340,(U),unknown,,,https://www.youtube.com/watch?v=6HhUuitsxGs,9,2,859,542859,457,0.457,542402,1.322888008,410359,1.322888008,,0.8437,3.645125067,30.4231,36.0606,228.7115,5.27235,,,,,,,,,,,,,,,,,,,,,,,,,,,,,,,,,,,,,,,,,,,,,,,,,,,,,,,,--,,,,,,,,,,,,,,,,,,,,,,,,,,,340,0.01963581666,7.08079702,,,0,,,,,,,,
🇩🇰,Bloopy,0,1,9:02.325,9:02.890,20 Jul 2024,685,(U),-3162138013269904068,,,https://www.youtube.com/watch?v=LQVoVG-qCYo,9,2,890,542890,565,0.565,542325,1.322963551,421494,1.28801359,,0.7100,3.040445411,32.8887,46.3226,228.4849,5.27481,,,,,,,,,,,,,,,,,,,,,,,,,,,,,,,,,,,,,,,,,,,,,,,,,,,,,,,,--,,,,,,,,,,,,,,,,,,,,,,,,,,,685,0,0,,,0,,,,,,,,
🇹🇿,Kxpow,0,0,9:03.078,9:03.054,21 Nov 2024,561,(U),7835830573202269696,,,https://www.youtube.com/watch?v=sjkM1cm4Mqw,9,3,54,543054,-24,-0.024,543078,1.323363201,421494,1.288402682,,0.7554,3.046668941,34.9052,46.2071,227.2875,5.28788,,,,,,,,,,,,,,,,,,,,,,,,,,,,,,,,,,,,,,,,,,,,,,,,,,,,,,,,,,,,,,,,,,,,,,,,,,,,,,,,,,,561,0.00000002148634758,0.00000992822804,,,0,,,,,,,,
🇩🇰,Bloopy,0,1,9:03.208,9:03.208,09 Mar 2024,818,(V),327741930004183264,,,https://www.speedrun.com/mc/runs/zq8w755z,9,3,208,543208,0,0,543208,1.323738483,421494,1.288768049,,0.6643,3.052523262,30.6240,46.0987,226.1656,5.30018,,,,,,,,,,,,,,,,,,,,,,,,,,,,,,,,,,,,,,,,,,,,,,,,,,,,,,,,--,,,,,,,,,,,,,,,,,,,,,,,,,,,818,0,0,,,0,,,,,,,,
🇺🇸,Jamyreaf,0,1,9:03.026,9:03.450,22 Dec 2023,896,(V),5419460951497660528,,,https://www.speedrun.com/mc/runs/zne212vz,9,3,450,543450,424,0.424,543026,1.32432821,446254,1.21780421,,0.6389,2.086151179,42.3554,66.2937,224.4076,5.31956,,,,,,,,,,,,,,,,,,,,,,,,,,,,,,,,,,,,,,,,,,,,,,,,,,,,,,,,,,,,,,,,,,,,,,,,,,,,,,,,,,,896,0,0,,,0,,,,,,,,
🇨🇦,Aquacorde,0,0,9:03.483,9:03.483,15 Jul 2025,325,(U),3586604150107286256,,,https://www.youtube.com/watch?v=HlKgDCEfr1M,9,3,483,543483,0,0,543483,1.324408628,410359,1.324408628,,0.8500,3.67374872,30.2795,35.6223,224.1683,5.32220,,,,,,,,,,,,,,,,,,,,,,,,,,,,,,,,,,,,,,,,,,,,,,,,,,,,,,,,--,,,,,,,,,,,,,,,,,,,,,,,,,,,325,0.03229598047,11.50456767,,,0,,,,,,,,
🇿🇦,Airpodsz,0,0,9:03.899,9:03.899,15 Apr 2026,51,(U),-5695150729901952096,,,https://www.youtube.com/watch?v=cX83xI84c9s&list=PLjW0OIc7zcEcCMM5essHmBGzf92S0FzKi&index=43,9,3,899,543899,0,0,543899,1.325422374,410359,1.325422374,,0.9748,3.69294101,34.4412,35.3307,221.1619,5.35567,,,,,,,,,,,,,,,,,,,,,,,,,,,,,,,,,,,,,,,,,,,,,,,,,,,,,,,,,,,,,,,,,,,,,,,,,,,,,,,,,,,51,0.9868224937,348.6517402,,,0,,,,,,,,
🇸🇪,PAPLERR,0,0,9:03.570,9:04.165,30 Jun 2024,705,(U),unknown,,,https://www.youtube.com/watch?v=Zd5UiZbhb2w,9,4,165,544165,595,0.595,543570,1.326070587,421494,1.291038544,,0.7029,3.089127653,31.9305,45.4250,219.2491,5.37717,,,,,,,,,,,,,,,,,,,,,,,,,,,,,,,,,,,,,,,,,,,,,,,,,,,,,,,,,,,,,,,,,,,,,,,,,,,,,,,,,,,705,0,0,,,0,,,,,,,,
🇺🇸,doogile,0,0,8:58.672,9:04.680,20 Oct 2023,959,(U),5170768254742346902,,,https://www.youtube.com/watch?v=nX477DDwCp4,9,4,680,544680,6008,6.008,538672,1.327325586,465828,1.169272779,,0.6191,1.594104174,48.2493,77.9355,215.5670,5.41902,,,,,,,,,,,,,,,,,,,,,,,,,,,,,,,,,,,,,,,,,,,,,,,,,,,,,,,,--,,,,,,,,,,,,,,,,,,,,,,,,,,,959,0,0,,,0,,,,,,,,
🇳🇴,skycrab1,0,0,9:03.846,9:05.167,01 Dec 2023,917,(U),5228422525265565557,,,https://www.youtube.com/watch?v=Qe_QUpUyPbc&list=PLU3_fvoJ1GyMStiA29z37DUPtG47PvOJz&index=5,9,5,167,545167,1321,1.321,543846,1.328512351,465828,1.170318229,,0.6322,1.603480475,49.1306,77.7098,212.1114,5.45886,,,,,,,,,,,,,,,,,,,,,,,,,,,,,,,,,,,,,,,,,,,,,,,,,,,,,,,,--,,,,,,,,,,,,,,,,,,,,,,,,,,,917,0,0,,,0,,,,,,,,
🇺🇸,doogile,0,0,9:03.653,9:05.189,03 Jul 2024,702,(U),-1944357644516820181,,,https://www.youtube.com/watch?v=2PrVhqKEWwk,9,5,189,545189,1536,1.536,543653,1.328565963,421494,1.293467997,,0.7040,3.128724843,31.4709,44.7041,211.9559,5.46067,,,,,,,,,,,,,,,,,,,,,,,,,,,,,,,,,,,,,,,,,,,,,,,,,,,,,,,,--,,,,,,,,,,,,,,,,,,,,,,,,,,,702,0,0,,,0,,,,,,,,
🇮🇱,orachi,0,1,8:57.600,9:05.256,25 Jun 2025,345,(U),-7552354587565645070,,,https://www.youtube.com/watch?v=udGViBe-s18,9,5,256,545256,7656,7.656,537600,1.328729235,410359,1.328729235,,0.8416,3.756162058,28.9359,34.3837,211.4826,5.46617,,,,,,,,,,,,,,,,,,,,,,,,,,,,,,,,,,,,,,,,,,,,,,,,,,,,,,,,,,,,,,,,,,,,,,,,,,,,,,,,,,,345,0.01646756649,5.662157734,,,0,,,,,,,,
🇨🇦,Jay12310,0,0,9:05.451,9:05.451,16 Mar 2024,811,(U),see video,,,https://www.youtube.com/watch?v=ivDOaiqp9jM&list=PLaTJSsRuu2UcsiC6KEkJwrGp1GaGgPoVG&index=2,9,5,451,545451,0,0,545451,1.329204428,421494,1.294089596,,0.6666,3.138928086,29.6787,44.5197,210.1081,5.48222,,,,,,,,,,,,,,,,,,,,,,,,,,,,,,,,,,,,,,,,,,,,,,,,,,,,,,,,--,,,,,,,,,,,,,,,,,,,,,,,,,,,811,0,0,,,0,,,,,,,,
🇨🇿,90Tom,0,1,9:01.644,9:05.616,03 Mar 2023,1190,(V),8054207278677261153,,,https://www.speedrun.com/mc/run/ydgnxwqy,9,5,616,545616,3972,3.972,541644,1.329606515,465828,1.171282104,,0.5516,1.612169795,42.7465,77.5008,208.9483,5.49583,,,,,,,,,,,,,,,,,,,,,,,,,,,,,,,,,,,,,,,,,,,,,,,,,,,,,,,,,,,,,,,,,,,,,,,,,,,,,,,,,,,1190,0,0,,,0,,,,,,,,
🇺🇸,doogile,0,0,9:05.184,9:05.845,06 Nov 2023,942,(U),5873759299326194645,,,https://www.youtube.com/watch?v=5MtswX7IfB4,9,5,845,545845,661,0.661,545184,1.330164563,465828,1.171773702,,0.6244,1.616618093,48.3229,77.3938,207.3436,5.51477,,,,,,,,,,,,,,,,,,,,,,,,,,,,,,,,,,,,,,,,,,,,,,,,,,,,,,,,--,,,,,,,,,,,,,,,,,,,,,,,,,,,942,0,0,,,0,,,,,,,,
🇳🇴,skycrab1,0,0,9:04.821,9:06.518,16 Oct 2024,597,(U),1509054890108880200,,,https://www.youtube.com/watch?v=o2BhtRPoBl8&list=PLU3_fvoJ1GyMStiA29z37DUPtG47PvOJz&index=83,9,6,518,546518,1697,1.697,544821,1.331804591,421494,1.296621067,,0.7419,3.180785909,32.4735,43.7689,202.6613,5.57077,,,,,,,,,,,,,,,,,,,,,,,,,,,,,,,,,,,,,,,,,,,,,,,,,,,,,,,,--,,,,,,,,,,,,,,,,,,,,,,,,,,,597,0.000000000574444689,0.0000002514281986,,,0,,,,,,,,
🇺🇸,Feinberg,0,1,9:03.853,9:06.683,29 Aug 2022,1376,(U),8035153315721236887,,,https://www.youtube.com/watch?v=UbeZGrhbc4A,9,6,683,546683,2830,2.83,543853,1.332206678,517884,1.055608978,,0.5026,0.8302835723,48.0498,95.6061,201.5211,5.58457,,,,,,,,,,,,,,,,,,,,,,,,,,,,,,,,,,,,,,,,,,,,,,,,,,,,,,,,,,,,,,,,,,,,,,,,,,,,,,,,,,,1376,0,0,,,0,,,,,,,,
🇷🇺,aleen,0,1,9:06.179,9:06.732,06 May 2023,1125.458333,(V),4100897809495913321,,,https://www.speedrun.com/mc/run/y8693gdm,9,6,732,546732,553,0.553,546179,1.332326085,465828,1.173677838,,0.5697,1.63395399,43.8501,76.9769,201.1831,5.58868,,,,,,,,,,,,,,,,,,,,,,,,,,,,,,,,,,,,,,,,,,,,,,,,,,,,,,,,,,,,,,,,,,,,,,,,,,,,,,,,,,,1125.458333,0,0,,,0,,,,,,,,
🇺🇸,Kruin,0,1,9:03.885,9:06.887,15 Oct 2023,964,(V),7290573103261113412,,,https://www.speedrun.com/mc/runs/m3knr56y,9,6,887,546887,3002,3.002,543885,1.332703803,465828,1.174010579,,0.6175,1.637000741,47.4916,76.9036,200.1157,5.60169,,,,,,,,,,,,,,,,,,,,,,,,,,,,,,,,,,,,,,,,,,,,,,,,,,,,,,,,,,,,,,,,,,,,,,,,,,,,,,,,,,,964,0,0,,,0,,,,,,,,
🇺🇸,Reignex,0,0,9:07.014,9:07.014,06 Nov 2023,942,(U),Unknown,,,https://youtu.be/M7Q-8t9ktCs?si=MnwwCmv0kkfe0HjL,9,7,14,547014,0,0,547014,1.333013288,465828,1.174283212,,0.6244,1.639500976,47.9794,76.8435,199.2432,5.61236,,,,,,,,,,,,,,,,,,,,,,,,,,,,,,,,,,,,,,,,,,,,,,,,,,,,,,,,,,,,,,,,,,,,,,,,,,,,,,,,,,,942,0,0,,,0,,,,,,,,
🇳🇴,skycrab1,0,0,9:07.149,9:07.149,10 Oct 2024,603,(U),-1175900086044057204,,,https://www.youtube.com/watch?v=A-29KTnAD2I&list=PLU3_fvoJ1GyMStiA29z37DUPtG47PvOJz&index=82,9,7,149,547149,0,0,547149,1.333342269,421494,1.298118123,,0.7397,3.205771466,32.0480,43.3252,198.3177,5.62373,,,,,,,,,,,,,,,,,,,,,,,,,,,,,,,,,,,,,,,,,,,,,,,,,,,,,,,,--,,,,,,,,,,,,,,,,,,,,,,,,,,,603,0.0000000003004851743,0.0000001301857886,,,0,,,,,,,,
🇳🇴,skycrab1,0,0,9:07.112,9:07.112,28 Apr 2025,403,(U),unknown,,,https://www.youtube.com/watch?v=o710MyvzZRc&list=PLU3_fvoJ1GyMStiA29z37DUPtG47PvOJz&index=117,9,7,112,547112,0,0,547112,1.333252104,421494,1.29803034,,0.8175,3.204301607,35.4398,43.3512,198.5711,5.62062,,,,,,,,,,,,,,,,,,,,,,,,,,,,,,,,,,,,,,,,,,,,,,,,,,,,,,,,--,,,,,,,,,,,,,,,,,,,,,,,,,,,403,0.001437165224,0.6230284709,,,0,,,,,,,,
🇫🇮,sadekeppi,0,0,9:05.453,9:07.231,05 Apr 2025,426,(U),3784350697232535949,,,https://www.youtube.com/watch?v=_6D4CEjB7EI,9,7,231,547231,1778,1.778,545453,1.333542094,421494,1.298312669,,0.8082,3.209031116,34.9669,43.2676,197.7565,5.63065,,,,,,,,,,,,,,,,,,,,,,,,,,,,,,,,,,,,,,,,,,,,,,,,,,,,,,,,,,,,,,,,,,,,,,,,,,,,,,,,,,,426,0.0004390586301,0.1899699169,,,0,,,,,,,,
🇹🇿,Kxpow,0,0,9:06.897,9:07.297,05 May 2025,396,(U),5215338801678081222,,,https://www.youtube.com/watch?v=jzfuky40oOw,9,7,297,547297,400,0.4,546897,1.333702928,421494,1.298469255,,0.8204,3.211656867,35.4573,43.2212,197.3054,5.63622,,,,,,,,,,,,,,,,,,,,,,,,,,,,,,,,,,,,,,,,,,,,,,,,,,,,,,,,,,,,,,,,,,,,,,,,,,,,,,,,,,,396,0.00200941107,0.8684907275,,,0,,,,,,,,
🇫🇮,AndrewCrow,0,0,9:06.737,9:07.310,04 Jul 2025,336,(U),unknown,,,https://www.youtube.com/watch?v=9ykWGMkAK-8,9,7,310,547310,573,0.573,546737,1.333734608,410359,1.333734608,,0.8454,3.853668775,27.8652,32.9628,197.2167,5.63732,,,,,,,,,,,,,,,,,,,,,,,,,,,,,,,,,,,,,,,,,,,,,,,,,,,,,,,,,,,,,,,,,,,,,,,,,,,,,,,,,,,336,0.02252103314,7.423559426,,,0,,,,,,,,
🇳🇴,skycrab1,0,0,9:07.485,9:07.485,08 Feb 2025,482,(U),3737533492080781915,,,https://www.youtube.com/watch?v=vIyLdcMlpzU&list=PLU3_fvoJ1GyMStiA29z37DUPtG47PvOJz&index=116,9,7,485,547485,0,0,547485,1.334161064,421494,1.298915287,,0.7858,3.219146699,33.8611,43.0890,196.0233,5.65212,,,,,,,,,,,,,,,,,,,,,,,,,,,,,,,,,,,,,,,,,,,,,,,,,,,,,,,,--,,,,,,,,,,,,,,,,,,,,,,,,,,,482,0.00001370134164,0.005903774321,,,0,,,,,,,,
🇬🇧,ninathepig,0,1,8:54.614,9:07.741,08 Nov 2022,1305,(V),1527477638666863321,,,https://www.speedrun.com/mc/run/z1g48nrz,9,7,741,547741,13127,13.127,534614,1.334784908,495537,1.105348339,,0.5207,1.108008388,46.6042,89.4958,194.2839,5.67384,,,,,,,,,,,,,,,,,,,,,,,,,,,,,,,,,,,,,,,,,,,,,,,,,,,,,,,,,,,,,,,,,,,,,,,,,,,,,,,,,,,1305,0,0,,,0,,,,,,,,
🇳🇴,skycrab1,0,0,9:07.893,9:07.893,16 Nov 2024,566,(U),3572344265609154792,,,https://www.youtube.com/watch?v=GB4EvDhnAj0&list=PLU3_fvoJ1GyMStiA29z37DUPtG47PvOJz&index=94,9,7,893,547893,0,0,547893,1.335155315,421494,1.299883272,,0.7535,3.235454404,32.2524,42.8024,193.2547,5.68677,,,,,,,,,,,,,,,,,,,,,,,,,,,,,,,,,,,,,,,,,,,,,,,,,,,,,,,,--,,,,,,,,,,,,,,,,,,,,,,,,,,,566,0.00000001334465909,0.000005711828203,,,0,,,,,,,,
🇺🇸,doogile,0,0,9:07.950,9:07.950,16 Aug 2024,658,(U),unknown,,,https://www.youtube.com/watch?v=rVh_EFcoA_Q,9,7,950,547950,0,0,547950,1.335294218,421494,1.300018506,,0.7196,3.237738494,30.7736,42.7623,192.8695,5.69162,,,,,,,,,,,,,,,,,,,,,,,,,,,,,,,,,,,,,,,,,,,,,,,,,,,,,,,,--,,,,,,,,,,,,,,,,,,,,,,,,,,,658,0,0.0000000001813143431,,,0,,,,,,,,
🇳🇴,skycrab1,0,0,9:02.208,9:08.108,24 Aug 2024,650,(U),8200471492953039268,,,https://www.youtube.com/watch?v=7kCryLBekaY&list=PLU3_fvoJ1GyMStiA29z37DUPtG47PvOJz&index=59,9,8,108,548108,5900,5.9,542208,1.335679247,421494,1.300393363,,0.7225,3.244077288,30.8168,42.6513,191.8036,5.70510,,,,,,,,,,,,,,,,,,,,,,,,,,,,,,,,,,,,,,,,,,,,,,,,,,,,,,,,--,,,,,,,,,,,,,,,,,,,,,,,,,,,650,0,0.0000000005048013459,,,0,,,,,,,,
🇳🇴,skycrab1,0,0,9:08.173,9:08.173,22 Jul 2025,318,(U),unknown,,,https://www.youtube.com/watch?v=ywxlACuqAe0&list=PLU3_fvoJ1GyMStiA29z37DUPtG47PvOJz&index=137,9,8,173,548173,0,0,548173,1.335837645,410359,1.335837645,,0.8530,3.89529685,27.6121,32.3707,191.3660,5.71065,,,,,,,,,,,,,,,,,,,,,,,,,,,,,,,,,,,,,,,,,,,,,,,,,,,,,,,,--,,,,,,,,,,,,,,,,,,,,,,,,,,,318,0.04012550147,12.98890581,,,0,,,,,,,,
🇹🇿,Kxpow,0,0,9:04.666,9:08.266,14 Nov 2023,934,(U),-4809940892150569008,,,https://www.youtube.com/watch?v=gg6rLSlqqqc,9,8,266,548266,3600,3.6,544666,1.336064275,465828,1.176970899,,0.6269,1.664336141,47.7976,76.2469,190.7406,5.71860,,,,,,,,,,,,,,,,,,,,,,,,,,,,,,,,,,,,,,,,,,,,,,,,,,,,,,,,,,,,,,,,,,,,,,,,,,,,,,,,,,,934,0,0,,,0,,,,,,,,
🇧🇪,boyenn,0,0,9:08.407,9:08.407,09 Mar 2025,453,(U),unknown,,,https://www.youtube.com/watch?v=PIdpIYU0iN8,9,8,407,548407,0,0,548407,1.336407877,421494,1.301102744,,0.7973,3.256102898,33.8393,42.4414,189.7945,5.73068,,,,,,,,,,,,,,,,,,,,,,,,,,,,,,,,,,,,,,,,,,,,,,,,,,,,,,,,--,,,,,,,,,,,,,,,,,,,,,,,,,,,453,0.00009179362566,0.03895849895,,,0,,,,,,,,
🇸🇰,NoFear1337,0,0,9:08.371,9:08.421,08 Jun 2023,1093,(U),unknown,,,https://www.youtube.com/watch?v=IffgSK8FXyU,9,8,421,548421,50,0.05,548371,1.336441993,465828,1.17730364,,0.5790,1.667434537,44.1018,76.1725,189.7007,5.73188,,,,,,,,,,,,,,,,,,,,,,,,,,,,,,,,,,,,,,,,,,,,,,,,,,,,,,,,--,,,,,,,,,,,,,,,,,,,,,,,,,,,1093,0,0,,,0,,,,,,,,
🇨🇦,Aquacorde,0,0,9:08.473,9:08.473,17 Jul 2025,323,(U),-4757456621971521047,,,https://www.youtube.com/watch?v=3NgUon3iBFM,9,8,473,548473,0,0,548473,1.336568712,410359,1.336568712,,0.8509,3.909860173,27.3686,32.1656,189.3525,5.73634,,,,,,,,,,,,,,,,,,,,,,,,,,,,,,,,,,,,,,,,,,,,,,,,,,,,,,,,--,,,,,,,,,,,,,,,,,,,,,,,,,,,323,0.03439559758,11.06355071,,,0,,,,,,,,
🇸🇰,NoFear1337,0,0,9:05.980,9:08.551,02 Feb 2024,854,(U),unknown,,,https://www.youtube.com/watch?v=4fdVhFGeQgo&list=PLaTJSsRuu2UeeWabBBfNVWALvnefBoL2C&index=5,9,8,551,548551,2571,2.571,545980,1.336758789,421494,1.301444386,,0.6525,3.261908547,27.6255,42.3403,188.8307,5.74304,,,,,,,,,,,,,,,,,,,,,,,,,,,,,,,,,,,,,,,,,,,,,,,,,,,,,,,,--,,,,,,,,,,,,,,,,,,,,,,,,,,,854,0,0,,,0,,,,,,,,
🇺🇸,zylenox,0,0,9:05.143,9:08.616,28 Apr 2024,768,(U),unknown,,,https://www.youtube.com/watch?v=Tkpk81EmGKE,9,8,616,548616,3473,3.473,545143,1.336917187,421494,1.301598599,,0.6811,3.26453215,28.8082,42.2947,188.3964,5.74862,,,,,,,,,,,,,,,,,,,,,,,,,,,,,,,,,,,,,,,,,,,,,,,,,,,,,,,,,,,,,,,,,,,,,,,,,,,,,,,,,,,768,0,0,,,0,,,,,,,,
🇮🇹,drip120,0,0,9:07.364,9:08.692,01 Nov 2025,216,(U),unknown,,,https://www.youtube.com/watch?v=xe-spdcY7jk,9,8,692,548692,1328,1.328,547364,1.337102391,410359,1.337102391,,0.8976,3.920521621,28.7386,32.0161,187.8893,5.75516,,,,,,,,,,,,,,,,,,,,,,,,,,,,,,,,,,,,,,,,,,,,,,,,,,,,,,,,--,,,,,,,,,,,,,,,,,,,,,,,,,,,216,0.3650322402,116.8691607,,,0,,,,,,,,
🇺🇸,doogile,0,0,9:08.808,9:08.808,22 May 2025,379,(U),7495631434322162088,,,https://www.youtube.com/watch?v=p9ACbnS-GcQ,9,8,808,548808,0,0,548808,1.33738507,421494,1.302054122,,0.8274,3.272292768,34.8820,42.1600,187.1166,5.76515,,,,,,,,,,,,,,,,,,,,,,,,,,,,,,,,,,,,,,,,,,,,,,,,,,,,,,,,--,,,,,,,,,,,,,,,,,,,,,,,,,,,379,0.004322186373,1.822232222,,,0,,,,,,,,
🇫🇮,Cube1337x,1,1,9:06.178,9:08.820,22 Jan 2022,1595,(V),5182416045755256460,,,https://www.speedrun.com/mc/runs/mr673jdm,9,8,820,548820,2642,2.642,546178,1.337414313,576000,0.9528125,,0.4505,0.4564692945,46.0503,102.2310,187.0368,5.76619,,,,,,,,,,,,,,,,,,,,,,,,,,,,,,,,,,,,,,,,,,,,,,,,,,,,,,,,--,,,,,,,,,,,,,,,,,,,,,,,,,,,1595,0,0,,,0,,,,,,,,
🇳🇴,skycrab1,0,0,9:09.076,9:09.076,26 Nov 2024,556,(U),9146773889861471357,,,https://www.youtube.com/watch?v=YABLZ52h9Ug&list=PLU3_fvoJ1GyMStiA29z37DUPtG47PvOJz&index=98,9,9,76,549076,0,0,549076,1.338038157,421494,1.302689955,,0.7573,3.283152571,31.7852,41.9720,185.3375,5.78829,,,,,,,,,,,,,,,,,,,,,,,,,,,,,,,,,,,,,,,,,,,,,,,,,,,,,,,,--,,,,,,,,,,,,,,,,,,,,,,,,,,,556,0.00000003430545011,0.00001439867026,,,0,,,,,,,,
🇭🇺,Fe666,0,1,9:06.021,9:09.448,23 Jan 2023,1229,(V),2113816333217399931,,,https://www.speedrun.com/mc/run/y4g7pk2y,9,9,448,549448,3427,3.427,546021,1.33894468,495537,1.108793087,,0.5409,1.130204806,48.1322,88.9836,182.8822,5.82055,,,,,,,,,,,,,,,,,,,,,,,,,,,,,,,,,,,,,,,,,,,,,,,,,,,,,,,,,,,,,,,,,,,,,,,,,,,,,,,,,,,1229,0,0,,,0,,,,,,,,
🇳🇴,skycrab1,0,0,9:02.533,9:09.719,10 Apr 2024,786,(U),unknown,,,https://www.youtube.com/watch?v=s7Oyw0cBsDM&list=PLU3_fvoJ1GyMStiA29z37DUPtG47PvOJz&index=14,9,9,719,549719,7186,7.186,542533,1.339605078,421494,1.304215481,,0.6750,3.309338022,28.0280,41.5212,181.1040,5.84416,,,,,,,,,,,,,,,,,,,,,,,,,,,,,,,,,,,,,,,,,,,,,,,,,,,,,,,,--,,,,,,,,,,,,,,,,,,,,,,,,,,,786,0,0,,,0,,,,,,,,
🇺🇸,doogile,0,0,9:08.362,9:09.903,03 Feb 2024,853,(U),4060064418388945747,,,https://www.youtube.com/watch?v=z1xyWdGMjq8,9,9,903,549903,1541,1.541,548362,1.340053465,421494,1.304652024,,0.6528,3.316865105,27.0205,41.3923,179.9017,5.86023,,,,,,,,,,,,,,,,,,,,,,,,,,,,,,,,,,,,,,,,,,,,,,,,,,,,,,,,--,,,,,,,,,,,,,,,,,,,,,,,,,,,853,0,0,,,0,,,,,,,,
🇹🇿,Kxpow,0,0,9:08.845,9:10.172,29 Oct 2024,584,(U),-4790850567885431426,,,https://www.youtube.com/watch?v=RbtDei5_zJ4,9,10,172,550172,1327,1.327,548845,1.340708989,421494,1.30529023,,0.7468,3.327896603,30.7698,41.2039,178.1514,5.88380,,,,,,,,,,,,,,,,,,,,,,,,,,30 Dec '99,,,,,,,,,,,,,,,,,,,,,,,,,,,,,,--,,,,,,,,,,,,,,,,,,,,,,,,,,,584,0.000000002238028707,0.0000009221560726,,,0,,,,,,,,
🇸🇰,NoFear1337,0,0,9:09.128,9:10.259,08 Jun 2025,362,(U),unknown,,,https://www.youtube.com/watch?v=SiADDCUpd7E,9,10,259,550259,1131,1.131,549128,1.340920998,421494,1.305496638,,0.8344,3.331471342,34.3312,41.1430,177.5872,5.89144,,,,,,,,,,,,,,,,,,,,,,,,,,,,,,,,,,,,,,,,,,,,,,,,,,,,,,,,--,,,,,,,,,,,,,,,,,,,,,,,,,,,362,0.008705565023,3.581734123,,,0,,,,,,,,
🇹🇿,Kxpow,0,0,9:05.662,9:10.523,09 Nov 2023,939,(U),78496239085493281,,,https://www.youtube.com/watch?v=gieho9nQgi0,9,10,523,550523,4861,4.861,545662,1.341564338,465828,1.181816035,,0.6253,1.709975074,46.9938,75.1522,175.8808,5.91468,,,,,,,,,,,,,,,,,,,,,,,,,,,,,,,,,,,,,,,,,,,,,,,,,,,,,,,,,,,,,,,,,,,,,,,,,,,,,,,,,,,939,0,0,,,0,,,,,,,,
🇺🇸,doogile,0,0,9:07.746,9:10.622,05 Nov 2023,943,(U),1666689678537156689,,,https://www.youtube.com/watch?v=VZnZzz2vZfk,9,10,622,550622,2876,2.876,547746,1.34180559,465828,1.18202856,,0.6241,1.712002809,46.8696,75.1036,175.2431,5.92342,,,,,,,,,,,,,,,,,,,,,,,,,,,,,,,,,,,,,,,,,,,,,,,,,,,,,,,,--,,,,,,,,,,,,,,,,,,,,,,,,,,,943,0,0,,,0,,,,,,,,
🇳🇴,skycrab1,0,0,9:09.863,9:10.809,08 Mar 2024,819,(U),unknown,,,https://www.youtube.com/watch?v=LhLJ0UepT94&list=PLU3_fvoJ1GyMStiA29z37DUPtG47PvOJz&index=11,9,10,809,550809,946,0.946,549863,1.342261288,421494,1.30680152,,0.6640,3.354148905,27.0628,40.7583,174.0418,5.93995,,,,,,,,,,,,,,,,,,,,,,,,,,,,,,,,,,,,,,,,,,,,,,,,,,,,,,,,--,,,,,,,,,,,,,,,,,,,,,,,,,,,819,0,0,,,0,,,,,,,,
🇨🇦,wethr,0,0,9:07.990,9:10.876,11 Sep 2024,632,(U),8925439864684904975,,,https://www.youtube.com/watch?v=KXY6Mxtdm1U,9,10,876,550876,2886,2.886,547990,1.34242456,421494,1.306960479,,0.7291,3.356920742,29.6810,40.7114,173.6125,5.94589,,,,,,,,,,,,,,,,,,,,,,,,,,,,,,,,,,,,,,,,,,,,,,,,,,,,,,,,,,,,,,,,,,,,,,,,,,,,,,,,,,,632,0,0.000000004431608221,,,0,,,,,,,,
🇭🇷,CroProYT,0,1,9:10.972,9:10.972,06 May 2023,1125.645833,(V),-3937688426642137933,,,https://www.speedrun.com/mc/run/z5p1o7dm,9,10,972,550972,0,0,550972,1.342658501,465828,1.18277991,,0.5696,1.71918913,42.6809,74.9315,172.9982,5.95440,,,,,,,,,,,,,,,,,,,,,,,,,,,,,,,,,,,,,,,,,,,,,,,,,,,,,,,,,,,,,,,,,,,,,,,,,,,,,,,,,,,1125.645833,0,0,,,0,,,,,,,,
🇺🇸,Feinberg,0,0,9:07.558,9:11.108,05 Mar 2024,822,(U),-6417905259519219654,,,https://www.youtube.com/watch?v=OEKYeJXKFLs,9,11,108,551108,3550,3.55,547558,1.342989919,421494,1.307510902,,0.6630,3.366534388,26.8836,40.5493,172.1300,5.96648,,,,,,,,,,,,,,,,,,,,,,,,,,,,,,,,,,,,,,,,,,,,,,,,,,,,,,,,,,,,,,,,,,,,,,,,,,,,,,,,,,,822,0,0,,,0,,,,,,,,
🇨🇦,catJAM19,0,1,9:09.695,9:11.108,21 Oct 2025,227,(V),8621681605212957189,,,https://www.speedrun.com/mc/runs/yw58nw2y,9,11,108,551108,1413,1.413,549695,1.342989919,410359,1.342989919,,0.8927,4.039846234,27.1215,30.3813,172.1300,5.96648,,,,,,,,,,,,,,,,,,,,,,,,,,,,,,,,,,,,,,,,,,,,,,,,,,,,,,,,,,,,,,,,,,,,,,,,,,,,,,,,,,,227,0.3104574885,94.32089494,,,0,,,,,,,,
🇳🇴,skycrab1,0,0,9:10.726,9:11.397,13 Jun 2024,722,(U),-8879598757614006862,,,https://www.youtube.com/watch?v=cIcsjmes9iM&list=PLU3_fvoJ1GyMStiA29z37DUPtG47PvOJz&index=29,9,11,397,551397,671,0.671,550726,1.34369418,421494,1.308196558,,0.6970,3.378544019,28.1213,40.3474,170.2927,5.99222,,,,,,,,,,,,,,,,,,,,,,,,,,,,,,,,,,,,,,,,,,,,,,,,,,,,,,,,--,,,,,,,,,,,,,,,,,,,,,,,,,,,722,0,0,,,0,,,,,,,,
🇫🇮,sadekeppi,0,0,9:11.155,9:11.500,28 Mar 2026,69,(U),unknown,,,https://www.youtube.com/watch?v=n1bfxslQnoY,9,11,500,551500,345,0.345,551155,1.34394518,410359,1.34394518,,0.9661,4.059504875,29.0972,30.1186,169.6404,6.00141,,,,,,,,,,,,,,,,,,,,,,,,,,,,,,,,,,,,,,,,,,,,,,,,,,,,,,,,,,,,,,,,,,,,,,,,,,,,,,,,,,,69,0.9676828303,291.4523029,,,0,,,,,,,,
🇳🇴,skycrab1,0,0,9:11.538,9:11.538,19 Dec 2025,168,(U),unknown,,,https://www.youtube.com/watch?v=cGZBFX1-arU&list=PLU3_fvoJ1GyMStiA29z37DUPtG47PvOJz&index=160,9,11,538,551538,0,0,551538,1.344037782,410359,1.344037782,,0.9194,4.061415022,27.6686,30.0932,169.4001,6.00481,,,,,,,,,,,,,,,,,,,,,,,,,,,,,,,,,,,,,,,,,,,,,,,,,,,,,,,,--,,,,,,,,,,,,,,,,,,,,,,,,,,,168,0.6224056677,187.3014918,,,0,,,,,,,,
🇫🇮,sadekeppi,0,0,9:11.468,9:11.596,25 Jan 2026,131,(U),unknown,,,https://www.youtube.com/watch?v=bauK5JutqFo,9,11,596,551596,128,0.128,551468,1.344179121,410359,1.344179121,,0.9366,4.064332033,28.1489,30.0544,169.0336,6.01000,,,,,,,,,,,,,,,,,,,,,,,,,,,,,,,,,,,,,,,,,,,,,,,,,,,,,,,,,,,,,,,,,,,,,,,,,,,,,,,,,,,131,0.7986686701,240.0347712,,,0,,,,,,,,
🇳🇴,xzeroxy,0,1,9:04.267,9:11.604,25 Dec 2023,893,(V),861747958763840487,,,https://www.speedrun.com/mc/runs/yjwoo7dm,9,11,604,551604,7337,7.337,544267,1.344198616,446254,1.236076315,,0.6399,2.304382723,39.2627,61.3610,168.9831,6.01071,,,,,,,,,,,,,,,,,,,,,,,,,,,,,,,,,,,,,,,,,,,,,,,,,,,,,,,,,,,,,,,,,,,,,,,,,,,,,,,,,,,893,0,0,,,0,,,,,,,,
🇳🇴,skycrab1,0,0,9:11.051,9:11.608,20 Sep 2025,258,(U),unknown,,,https://www.youtube.com/watch?v=jITLzyt8gXQ&list=PLU3_fvoJ1GyMStiA29z37DUPtG47PvOJz&index=141,9,11,608,551608,557,0.557,551051,1.344208364,410359,1.344208364,,0.8790,4.064935782,26.4099,30.0463,168.9579,6.01107,,,,,,,,,,,,,,,,,,,,,,,,,,,,,,,,,,,,,,,,,,,,,,,,,,,,,,,,--,,,,,,,,,,,,,,,,,,,,,,,,,,,258,0.1795410871,53.94552181,,,0,,,,,,,,
🇿🇦,Airpodsz,0,0,9:11.814,9:11.814,14 Jan 2026,142,(U),1219385164880601751,,,https://www.youtube.com/watch?v=qmwuUfY7LMs&list=PLjW0OIc7zcEcCMM5essHmBGzf92S0FzKi&index=22,9,11,814,551814,0,0,551814,1.344710363,410359,1.344710363,,0.9315,4.075312439,27.8588,29.9087,167.6600,6.02953,,,,,,,,,,,,,,,,,,,,,,,,,,,,,,,,,,,,,,,,,,,,,,,,,,,,,,,,,,,,,,,,,,,,,,,,,,,,,,,,,,,142,0.7510156414,224.6190725,,,0,,,,,,,,
🇳🇴,skycrab1,0,0,9:11.308,9:12.058,19 Dec 2025,168,(U),see video,,,https://www.youtube.com/watch?v=Z1rqujzYKV8&list=PLU3_fvoJ1GyMStiA29z37DUPtG47PvOJz&index=159,9,12,58,552058,750,0.75,551308,1.345304965,410359,1.345304965,,0.9194,4.087633342,27.3494,29.7460,166.1296,6.05146,,,,,,,,,,,,,,,,,,,,,,,,,,,,,,,,,,,,,,,,,,,,,,,,,,,,,,,,--,,,,,,,,,,,,,,,,,,,,,,,,,,,168,0.6224056677,185.1405573,,,0,,,,,,,,
🇮🇹,drip120,0,0,9:10.678,9:12.062,29 Aug 2024,645,(U),unknown,,,https://www.youtube.com/watch?v=LSRuTRyAUfA,9,12,62,552062,1384,1.384,550678,1.345314712,421494,1.309774279,,0.7243,3.406322465,28.8889,39.8833,166.1045,6.05182,,,,   ,,,,,,,,,,,,,,,,,,,,,,,,,,,,,,,,,,,,,,,,,,,,,,,,,,,,--,,,,,,,,,,,,,,,,,,,,,,,,,,,645,0,0.0000000008853219568,,,0,,,,,,,,
🇦🇺,Erikfzf,0,1,9:12.227,9:12.227,05 Jul 2023,1066,(V),7337174511026994351,,,https://www.speedrun.com/mc/runs/znvqd5lm,9,12,227,552227,0,0,552227,1.345716799,465828,1.185474038,,0.5868,1.74518346,43.6080,74.3096,165.0740,6.06669,,,,,,,,,,,,,,,,,,,,,,,,,,,,,,,,,,,,,,,,,,,,,,,,,,,,,,,,,,,,,,,,,,,,,,,,,,,,,,,,,,,1066,0,0,,,0,,,,,,,,
🇫🇮,AndrewCrow,0,0,9:12.154,9:12.313,18 Jun 2025,352,(U),unknown,,,https://www.youtube.com/watch?v=mgqba8qgpQE,9,12,313,552313,159,0.159,552154,1.345926372,410359,1.345926372,,0.8386,4.100544661,24.8031,29.5762,164.5382,6.07445,,,,,,,,,,,,,,,,,,,,,,,,,,,,,,,,,,,,,,,,,,,,,,,,,,,,,,,,,,,,,,,,,,,,,,,,,,,,,,,,,,,352,0.01276024501,3.773995687,,,0,,,,,,,,
🇵🇱,okshey,0,1,9:09.804,9:12.402,11 Aug 2024,663,(V),-2254865974237692647,,,https://www.speedrun.com/mc/runs/z0qrw64m,9,12,402,552402,2598,2.598,549804,1.346143255,421494,1.310580934,,0.7178,3.420602747,28.4600,39.6463,163.9847,6.08249,,,,,,,,,,,,,,,,,,,,,,,,,,,,,,,,,,,,,,,,,,,,,,,,,,,,,,,,,,,,,,,,,,,,,,,,,,,,,,,,,,,663,0,0,,,0,,,,,,,,
🇳🇴,skycrab1,0,0,9:10.431,9:12.727,07 Feb 2026,118,(U),unknown,,,https://www.youtube.com/watch?v=__q_TjQ_FMo&list=PLU3_fvoJ1GyMStiA29z37DUPtG47PvOJz&index=164,9,12,727,552727,2296,2.296,550431,1.346935245,410359,1.346935245,,0.9427,4.12158288,27.6225,29.3013,161.9720,6.11195,,,,,,,,,,,,,,,,,,,,,,,,,,,,,,,,,,,,,,,,,,,,,,,,,,,,,,,,,,,,,,,,,,,,,,,,,,,,,,,,,,,118,0.8484847223,248.6169948,,,0,,,,,,,,
🇨🇿,Cursed_Carrot,0,1,9:00.750,9:12.941,11 Mar 2023,1182,(U),2638661032627702990,,,https://www.youtube.com/watch?v=xsjwfJw8KyQ,9,12,941,552941,12191,12.191,540750,1.347456739,465828,1.187006792,,0.5538,1.76013128,40.9529,73.9525,160.6540,6.13141,,,,,,,,,,,,,,,,,,,,,,,,,,,,,,,,,,,,,,,,,,,,,,,,,,,,,,,,,,,,,,,,,,,,,,,,,,,,,,,,,,,1182,0,0,,,0,,,,,,,,
🇹🇿,Kxpow,0,0,9:12.892,9:13.067,13 Apr 2025,418,(U),-7593319761722198140,,,https://www.youtube.com/watch?v=5-GsNMW2ryY,9,13,67,553067,175,0.175,552892,1.347763787,421494,1.312158655,,0.8114,3.448686176,31.7932,39.1834,159.8807,6.14290,,,,,,,,,,,,,,,,,,,,,,,,,,,,,,,,,,,,,,,,,,,,,,,,,,,,,,,,,,,,,,,,,,,,,,,,,,,,,,,,,,,418,0.0006732032958,0.2637839345,,,0,,,,,,,,
🇿🇦,Airpodsz,0,0,9:13.123,9:13.123,31 Jan 2026,125,(U),2793387180528208862,,,https://www.youtube.com/watch?v=tWXMNab6zb8&list=PLjW0OIc7zcEcCMM5essHmBGzf92S0FzKi&index=26,9,13,123,553123,0,0,553123,1.347900253,410359,1.347900253,,0.9394,4.141795058,27.2798,29.0392,159.5377,6.14801,,,,,,,,,,,,,,,,,,,,,,,,,,,,,,,,,,,,,,,,,,,,,,,,,,,,,,,,,,,,,,,,,,,,,,,,,,,,,,,,,,,125,0.8225775624,238.8696705,,,0,,,,,,,,
🇳🇴,skycrab1,0,0,9:11.847,9:13.147,18 Feb 2024,838,(U),unknown,,,https://www.youtube.com/watch?v=kFt_4d61onA&list=PLU3_fvoJ1GyMStiA29z37DUPtG47PvOJz&index=10,9,13,147,553147,1300,1.3,551847,1.347958739,421494,1.312348456,,0.6577,3.452078312,25.7345,39.1278,159.3908,6.15020,,,,,,,,,,,,,,,,,,,,,,,,,,,,,,,,,,,,,,,,,,,,,,,,,,,,,,,,--,,,,,,,,,,,,,,,,,,,,,,,,,,,838,0,0,,,0,,,,,,,,
🇺🇸,zylenox,0,0,9:11.361,9:13.246,23 Apr 2024,773,(U),unknown,,,https://www.youtube.com/watch?v=o0rQGFOfasI,9,13,246,553246,1885,1.885,551361,1.348199991,421494,1.312583335,,0.6794,3.456280157,26.5378,39.0589,158.7856,6.15925,,,,,,,,,,,,,,,,,,,,,,,,,,,,,,,,,,,,,,,,,,,,,,,,,,,,,,,,,,,,,,,,,,,,,,,,,,,,,,,,,,,773,0,0,,,0,,,,,,,,
🇺🇸,doogile,0,0,9:13.305,9:13.305,18 May 2025,383,(U),5319889205923870675,,,https://www.youtube.com/watch?v=ztGEXhDZfOU,9,13,305,553305,0,0,553305,1.348343767,421494,1.312723313,,0.8257,3.458786433,32.2179,39.0179,158.4256,6.16464,,,,,,,,,,,,,,,,,,,,,,,,,,,,,,,,,,,,,,,,,,,,,,,,,,,,,,,,--,,,,,,,,,,,,,,,,,,,,,,,,,,,383,0.003631212371,1.416823643,,,0,,,,,,,,
🇵🇱,okshey,0,0,9:12.171,9:13.635,17 Jul 2025,323,(U),unknown,,,https://www.youtube.com/watch?v=ty4JUqRnYw0,9,13,635,553635,1464,1.464,552171,1.349147941,410359,1.349147941,,0.8509,4.168056997,24.4211,28.7015,156.4200,6.19491,,,,,,,,,,,,,,,,,,,,,,,,,,,,,,,,,,,,,,,,,,,,,,,,,,,,,,,,,,,,,,,,,,,,,,,,,,,,,,,,,,,323,0.03439559758,9.87204526,,,0,,,,,,,,
🇨🇦,Aquacorde,0,1,9:13.730,9:13.730,02 May 2023,1130,(V),1132467978693802935,,,https://www.speedrun.com/mc/runs/z5poxedm,9,13,730,553730,0,0,553730,1.349379446,465828,1.18870055,,0.5684,1.776784501,41.8058,73.5550,155.8453,6.20365,,,,,,,,,,,,,,,,,,,,,,,,,,,,,,,,,,,,,,,,,,,,,,,,,,,,,,,,--,,,,,,,,,,,,,,,,,,,,,,,,,,,1130,0,0,,,0,,,,,,,,
🇸🇰,NoFear1337,0,0,9:10.602,9:13.999,04 Jul 2025,336,(U),unknown,,,https://www.youtube.com/watch?v=yNwHcISAArA,9,13,999,553999,3397,3.397,550602,1.350034969,410359,1.350034969,,0.8454,4.186816426,24.0607,28.4623,154.2240,6.22845,,,,,,,,,,,,,,,,,,,,,,,,,,,,,,,,,,,,,,,,,,,,,,,,,,,,,,,,--,,,,,,,,,,,,,,,,,,,,,,,,,,,336,0.02252103314,6.40999436,,,0,,,,,,,,
🇫🇷,AstraF,0,1,9:12.826,9:14.135,24 Oct 2023,955,(V),8692637984665644759,,,https://www.speedrun.com/mc/runs/y4krq6nm,9,14,135,554135,1309,1.309,552826,1.350366387,465828,1.18956997,,0.6203,1.785388202,45.5013,73.3499,153.4080,6.24103,,,,,,,,,,,,,,,,,,,,,,,,,,,,,,,,,,,,,,,,,,,,,,,,,,,,,,,,,,,,,,,,,,,,,,,,,,,,,,,,,,,955,0,0,,,0,,,,,,,,
🇳🇴,skycrab1,0,0,9:10.467,9:14.159,20 Sep 2025,258,(U),unknown,,,https://www.youtube.com/watch?v=OEZzZLeynP0&list=PLU3_fvoJ1GyMStiA29z37DUPtG47PvOJz&index=139,9,14,159,554159,3692,3.692,550467,1.350424872,410359,1.350424872,,0.8790,4.195085759,24.9254,28.3573,153.2642,6.24325,,,,,,,,,,,,,,,,,,,,,,,,,,,,,,,,,,,,,,,,,,,,,,,,,,,,,,,,--,,,,,,,,,,,,,,,,,,,,,,,,,,,258,0.1795410871,50.91306181,,,0,,,,,,,,
🇳🇴,skycrab1,0,0,9:13.279,9:14.255,15 Feb 2024,841,(U),unknown,,,https://www.youtube.com/watch?v=WLjCJKEsbRU&list=PLU3_fvoJ1GyMStiA29z37DUPtG47PvOJz&index=9,9,14,255,554255,976,0.976,553279,1.350658813,421494,1.3149772,,0.6567,3.499363165,25.1908,38.3585,152.6899,6.25214,,,,,,,,,,,,,,,,,,,,,,,,,,,,,,,,,,,,,,,,,,,,,,,,,,,,,,,,--,,,,,,,,,,,,,,,,,,,,,,,,,,,841,0,0,,,0,,,,,,,,
🇳🇴,skycrab1,0,0,9:12.682,9:14.598,17 Aug 2024,657,(U),-7884786286742246917,,,https://www.youtube.com/watch?v=AzF0dGCk1Ow&list=PLU3_fvoJ1GyMStiA29z37DUPtG47PvOJz&index=56,9,14,598,554598,1916,1.916,552682,1.351494667,421494,1.315790972,,0.7200,3.514116374,27.4472,38.1209,150.6476,6.28400,,,,,,,,,,,,,,,,,,,,,,,,,,,,,,,,,,,,,,,,,,,,,,,,,,,,,,,,--,,,,,,,,,,,,,,,,,,,,,,,,,,,657,0,0.0000000001840173561,,,0,,,,,,,,
🇵🇱,watermelon1708,0,0,9:12.401,9:14.662,24 Jul 2025,316,(U),unknown,,,https://www.youtube.com/watch?v=4QYqWY63NSU,9,14,662,554662,2261,2.261,552401,1.351650628,410359,1.351650628,,0.8538,4.221175959,23.9320,28.0284,150.2683,6.28996,,,,,,,,,,,,,,,,,,,,,,,,,,,,,,,,,,,,,,,,,,,,,,,,,,,,,,,,--,,,,,,,,,,,,,,,,,,,,,,,,,,,316,0.04261923508,11.94548476,,,0,,,,,,,,
🇺🇸,doogile,0,0,9:14.024,9:14.498,29 Jan 2024,858,(U),6589962244023862742,,,https://www.youtube.com/watch?v=-hzOpmkTbDU,9,14,498,554498,474,0.474,554024,1.351250978,421494,1.315553721,,0.6512,3.50980949,24.8679,38.1902,151.2415,6.27470,,,,,,,,,,,,,,,,,,,,,,,,,,,,,,,,,,,,,,,,,,,,,,,,,,,,,,,,--,,,,,,,,,,,,,,,,,,,,,,,,,,,858,0,0,,,0,,,,,,,,
🇹🇿,Kxpow,0,0,9:14.187,9:14.913,24 Mar 2025,438,(U),-2641175186777624724,,,https://www.youtube.com/watch?v=kCgKV0ghctY,9,14,913,554913,726,0.726,554187,1.352262287,421494,1.316538314,,0.8033,3.527713549,30.4482,37.9029,148.7856,6.31339,,,,,,,,,,,,,,,,,,,,,,,,,,,,,,,,,,,,,,,,,,,,,,,,,,,,,,,,,,,,,,,,,,,,,,,,,,,,,,,,,,,438,0.0002242459315,0.08499578469,,,0,,,,,,,,
🇺🇸,Feinberg,0,0,9:11.174,9:14.994,27 Oct 2022,1317,(U),2915556913390472646,,,https://www.youtube.com/watch?v=DWH0YeK2M_A,9,14,994,554994,3820,3.82,551174,1.352459676,517884,1.071656973,,0.5176,0.9116346219,48.5979,93.8858,148.3088,6.32097,,,,,,,,,,,,,,,,,,,,,,,,,,,,,,,,,,,,,,,,,,,,,,,,,,,,,,,,,,,,,,,,,,,,,,,,,,,,,,,,,,,1317,0,0,,,0,,,,,,,,
🇺🇸,doogile,0,0,9:14.533,9:15.162,26 Apr 2024,770,(U),-3919243300877167705,,,https://www.youtube.com/watch?v=GeoFh01Ym_4,9,15,162,555162,629,0.629,554533,1.352869073,421494,1.317129069,,0.6805,3.538494614,25.6739,37.7308,147.3228,6.33671,,,,,,,,,,,,,,,,,,,,,,,,,,,,,,,,,,,,,,,,,,,,,,,,,,,,,,,,--,,,,,,,,,,,,,,,,,,,,,,,,,,,770,0,0,,,0,,,,,,,,
🇹🇿,Kxpow,0,0,9:11.735,9:15.261,31 Mar 2025,431,(U),-6009471755051022829,,,6009471755051022829,9,15,261,555261,3526,3.526,551735,1.353110325,421494,1.317363948,,0.8061,3.54278913,30.3611,37.6624,146.7435,6.34600,,,,,,,,,,,,,,,,,,,,,,,,,,,,,,,,,,,,,,,,,,,,,,,,,,,,,,,,,,,,,,,,,,,,,,,,,,,,,,,,,,,431,0.0003333561567,0.1255498404,,,0,,,,,,,,
🇫🇮,sadekeppi,0,0,9:13.584,9:15.527,14 Apr 2025,417,(U),-8290656219591381128,,,https://www.youtube.com/watch?v=Zz14GZVj_0g,9,15,527,555527,1943,1.943,553584,1.353758538,421494,1.317995037,,0.8118,3.554350709,30.4252,37.4787,145.1933,6.37103,,,,,,,,,,,,,,,,,,,,,,,,,,,,,,,,,,,,,,,,,,,,,,,,,,,,,,,,,,,,,,,,,,,,,,,,,,,,,,,,,,,417,0.0007093430486,0.2658524743,,,0,,,,,,,,
🇺🇸,doogile,0,0,9:14.089,9:15.601,11 Nov 2023,937,(U),2174062846577023263,,,https://www.youtube.com/watch?v=pUgJefjM1GA,9,15,601,555601,1512,1.512,554089,1.353938868,465828,1.192717054,,0.6259,1.816848639,45.4440,72.6011,144.7637,6.37801,,,,,,,,,,,,,,,,,,,,,,,,,,,,,,,,,,,,,,,,,,,,,,,,,,,,,,,,--,,,,,,,,,,,,,,,,,,,,,,,,,,,937,0,0,,,0,,,,,,,,
🇹🇿,Kxpow,0,0,9:15.051,9:15.727,26 Feb 2025,464,(U),-8993383903360972932,,,https://www.youtube.com/watch?v=hyPRZkxhZtg,9,15,727,555727,676,0.676,555051,1.354245916,421494,1.318469539,,0.7929,3.563065528,29.6092,37.3407,144.0339,6.38991,,,,,,,,,,,,,,,,,,,,,,,,,,,,,,,,,,,,,,,,,,,,,,,,,,,,,,,,,,,,,,,,,,,,,,,,,,,,,,,,,,,464,0.00004586838767,0.01712757341,,,0,,,,,,,,
🇳🇴,skycrab1,0,0,9:14.966,9:16.045,09 Jul 2024,696,(U),1846406805123780457,,,https://www.youtube.com/watch?v=6Yj7_cuk-uM&list=PLU3_fvoJ1GyMStiA29z37DUPtG47PvOJz&index=41,9,16,45,556045,1079,1.079,554966,1.355020848,421494,1.319223998,,0.7061,3.576960894,26.2114,37.1215,142.2012,6.42003,,,,,,,,,,,,,,,,,,,,,,,,,,,,,,,,,,,,,,,,,,,,,,,,,,,,,,,,--,,,,,,,,,,,,,,,,,,,,,,,,,,,696,0,0,,,0,,,,,,,,
🇨🇦,rdpill,0,1,9:09.681,9:16.183,20 Oct 2023,959,(V),7156324769459840152,,,https://www.speedrun.com/mc/runs/y9kngrnz,9,16,183,556183,6502,6.502,549681,1.355357139,465828,1.193966443,,0.6191,1.829477234,44.7611,72.3011,141.4101,6.43314,,,,,,,,,,,,,,,,,,,,,,,,,,,,,,,,,,,,,,,,,,,,,,,,,,,,,,,,,,,,,,,,,,,,,,,,,,,,,,,,,,,959,0,0,,,0,,,,,,,,
🇫🇮,sadekeppi,0,0,9:16.215,9:16.215,06 Apr 2025,425,(U),unknown,,,https://www.youtube.com/watch?v=yJf1cOGUM_k,9,16,215,556215,0,0,556215,1.355435119,421494,1.319627326,,0.8086,3.584408817,29.9203,37.0044,141.2270,6.43618,,,,,,,,,,,,,,,,,,,,,,,,,,,,,,,,,,,,,,,,,,,,,,,,,,,,,,,,,,,,,,,,,,,,,,,,,,,,,,,,,,,425,0.0004635656701,0.1715396678,,,0,,,,,,,,
🇬🇧,priffie,0,0,9:16.227,9:16.227,10 Jul 2024,695,(U),unknown,,,https://www.youtube.com/watch?v=hXej8RHuZnY,9,16,227,556227,0,0,556227,1.355464362,421494,1.319655796,,0.7065,3.584935069,26.1360,36.9961,141.1583,6.43732,,,,,,,,,,,,,,,,,,,,,,,,,,,,,,,,,,,,,,,,,,,,,,,,,,,,,,,,,,,,,,,,,,,,,,,,,,,,,,,,,,,695,0,0,,,0,,,,,,,,
🇫🇮,megelimc,0,1,9:09.754,9:16.343,17 Nov 2022,1295.25,(U),-892141537493528746,,,https://www.speedrun.com/mc/run/y4xdkwdz,9,16,343,556343,6589,6.589,549754,1.355747041,495537,1.122707285,,0.5233,1.224179832,45.4156,86.7890,140.4959,6.44836,,,,,,,,,,,,,,,,,,,,,,,,,,,,,,,,,,,,,,,,,,,,,,,,,,,,,,,,,,,,,,,,,,,,,,,,,,,,,,,,,,,1295.25,0,0,,,0,,,,,,,,
🇸🇰,NoFear1337,0,0,9:14.913,9:16.380,10 Feb 2024,846,(U),unknown,,,https://www.youtube.com/watch?v=5zSaBWQqr4U&list=PLaTJSsRuu2UeeWabBBfNVWALvnefBoL2C&index=6,9,16,380,556380,1467,1.467,554913,1.355837206,421494,1.32001879,,0.6551,3.591650756,24.1664,36.8908,140.2850,6.45189,,,,,,,,,,,,,,,,,,,,,,,,,,,,,,,,,,,,,,,,,,,,,,,,,,,,,,,,--,,,,,,,,,,,,,,,,,,,,,,,,,,,846,0,0,,,0,,,,,,,,
🇺🇸,zylenox,0,0,9:14.387,9:16.437,20 May 2023,1112,(U),8905593962406892009,,,https://www.youtube.com/watch?v=hGU9t4TJ2m0,9,16,437,556437,2050,2.05,554387,1.355976109,465828,1.194511708,,0.5735,1.835013589,41.3892,72.1696,139.9605,6.45733,,,,,,,,,,,,,,,,,,,,,,,,,,,,,,,,,,,,,,,,,,,,,,,,,,,,,,,,--,,,,,,,,,,,,,,,,,,,,,,,,,,,1112,0,0,,,0,,,,,,,,
🇫🇮,AndrewCrow,0,1,9:14.036,9:16.477,02 Apr 2025,429,(V),-6799269420836569969,,,https://www.speedrun.com/mc/runs/y9pq32vm,9,16,477,556477,2441,2.441,554036,1.356073584,421494,1.320248924,,0.8069,3.595914158,29.7150,36.8241,139.7330,6.46114,,,,,,,,,,,,,,,,,,,,,,,,,,,,,,,,,,,,,,,,,,,,,,,,,,,,,,,,,,,,,,,,,,,,,,,,,,,,,,,,,,,429,0.0003724681974,0.1371580234,,,0,,,,,,,,
🇨🇦,Aquacorde,0,0,9:15.604,9:16.493,26 Jan 2024,861,(U),-1042044413178476719,,,https://www.youtube.com/watch?v=pAhnFo4AVnE,9,16,493,556493,889,0.889,555604,1.356112575,421494,1.320286884,,0.6502,3.596617828,23.9353,36.8131,139.6420,6.46267,,,,,,,,,,,,,,,,,,,,,,,,,,,,,,,,,,,,,,,,,,,,,,,,,,,,,,,,--,,,,,,,,,,,,,,,,,,,,,,,,,,,861,0,0,,,0,,,,,,,,
🇺🇸,zylenox,0,0,9:03.668,9:16.588,31 May 2024,735,(U),unknown,,,https://www.youtube.com/watch?v=wWtTDwxgvwI,9,16,588,556588,12920,12.92,543668,1.356344079,421494,1.320512273,,0.6925,3.600798369,25.4465,36.7478,139.1028,6.47175,,,,,,,,,,,,,,,,,,,,,,,,,,,,,,,,,,,,,,,,,,,,,,,,,,,,,,,,,,,,,,,,,,,,,,,,,,,,,,,,,,,735,0,0,,,0,,,,,,,,
🇳🇴,skycrab1,0,0,9:16.645,9:16.645,17 Oct 2024,596,(U),6561585119955405427,,,https://www.youtube.com/watch?v=MkMf2lrPDJk&list=PLU3_fvoJ1GyMStiA29z37DUPtG47PvOJz&index=85,9,16,645,556645,0,0,556645,1.356482982,421494,1.320647506,,0.7423,3.60330875,27.2488,36.7086,138.7798,6.47720,,,,,,,,,,,,,,,,,,,,,,,,,,,,,,,,,,,,,,,,,,,,,,,,,,,,,,,,--,,,,,,,,,,,,,,,,,,,,,,,,,,,596,0.0000000006391553352,0.0000002346247746,,,0,,,,,,,,
🇹🇿,Kxpow,0,0,9:15.670,9:16.934,13 Jan 2024,874,(U),-6971781653969664165,,,https://www.youtube.com/watch?v=LSWoZhH81gU,9,16,934,556934,1264,1.264,555670,1.357187243,421494,1.321333163,,0.6460,3.616060579,23.5844,36.5100,137.1488,6.50490,,,,,,,,,,,,,,,,,,,,,,,,,,,,,,,,,,,,,,,,,,,,,,,,,,,,,,,,,,,,,,,,,,,,,,,,,,,,,,,,,,,874,0,0,,,0,,,,,,,,
🇺🇸,Infume,0,1,9:13.433,9:16.955,05 Nov 2023,943,(V),2006249756228583623,09,Yes,https://www.speedrun.com/mc/runs/yoo68gjy,9,16,955,556955,3522,3.522,553433,1.357238418,465828,1.195623707,,0.6241,1.846351362,44.8708,71.9007,137.0308,6.50691,,,,,,,,,,,,,,,,,,,,,,,,,,,,,,,,,,,,,,,,,,,,,,,,,,,,,,,,--,,,,,,,,,,,,,,,,,,,,,,,,,,,943,0,0,,,0,,,,,,,,
🇨🇦,NoHacsJustRoblox,0,0,9:17.060,9:17.060,04 Oct 2024,609,(U),-7707972832259680714,,,https://www.youtube.com/watch?v=OErmac0MJfo,9,17,60,557060,0,0,557060,1.357494292,421494,1.321632099,,0.7375,3.621632641,26.8621,36.4235,136.4412,6.51701,,,,,,,,,,,,,,,,,,,,,,,,,,,,,,,,,,,,,,,,,,,,,,,,,,,,,,,,--,,,,,,,,,,,,,,,,,,,,,,,,,,,609,0.0000000001551462493,0.00000005650973338,,,0,,,,,,,,
🇺🇸,doogile,0,0,9:17.074,9:17.074,22 Sep 2024,621,(U),7208789671149948230,,,https://www.youtube.com/watch?v=GoOPg6uyw0M,9,17,74,557074,0,0,557074,1.357528408,421494,1.321665314,,0.7331,3.622252226,26.6943,36.4139,136.3627,6.51835,,,,,,,,,,,,,,,,,,,,,,,,,,,,,,,,,,,,,,,,,,,,,,,,,,,,,,,,--,,,,,,,,,,,,,,,,,,,,,,,,,,,621,0,0.00000001447605464,,,0,,,,,,,,
🇿🇦,Airpodsz,0,0,9:17.082,9:17.082,09 May 2025,392,(U),-7592157151259512396,,,https://www.youtube.com/watch?v=dGtOu27tzuo&list=PLjW0OIc7zcEcCMM5essHmBGzf92S0FzKi&index=5,9,17,82,557082,0,0,557082,1.357547903,421494,1.321684294,,0.8220,3.622606317,29.9282,36.4084,136.3179,6.51912,,,,,,,,,,,,,,,,,,,,,,,,,,,,,,,,,,,,,,,,,,,,,,,,,,,,,,,,,,,,,,,,,,,,,,,,,,,,,,,,,,,392,0.002420868788,0.881400259,,,0,,,,,,,,
🇸🇰,NoFear1337,0,0,9:17.140,9:17.140,12 Dec 2022,1271,(U),unknown,,,https://www.youtube.com/watch?v=6nhON_z_fUs,9,17,140,557140,0,0,557140,1.357689243,495537,1.124315641,,0.5297,1.235501657,45.8283,86.5222,135.9931,6.52470,,,,,,,,,,,,,,,,,,,,,,,,,,,,,,,,,,,,,,,,,,,,,,,,,,,,,,,,--,,,,,,,,,,,,,,,,,,,,,,,,,,,1271,0,0,,,0,,,,,,,,
🇸🇪,v_strid,0,1,9:15.088,9:17.250,02 Feb 2024,854,(V),6716184189249673793,,,https://www.speedrun.com/mc/runs/z0xg7k8z,9,17,250,557250,2162,2.162,555088,1.357957301,421494,1.322082877,,0.6525,3.630049269,23.6800,36.2932,135.3782,6.53530,,,,,,,,,,,,,,,,,,,,,,,,,,,,,,,,,,,,,,,,,,,,,,,,,,,,,,,,,,,,,,,,,,,,,,,,,,,,,,,,,,,,,,,,,,,,,,,,
🇩🇰,Bloopy,0,0,9:17.397,9:17.397,31 Oct 2024,582,(U),-8999228905854836808,,,https://www.youtube.com/watch?v=3DH8mKGha0g,9,17,397,557397,0,0,557397,1.358315524,421494,1.322431636,,0.7475,3.636572906,27.0544,36.1924,134.5591,6.54949,,,,,,,,,,,,,,,,,,,,,,,,,,,,,,,,,,,,,,,,,,,,,,,,,,,,,,,,--,,,,,,,,,,,,,,,,,,,,,,,,,,,582,0.000000002744308243,0.0000009932310545,,,0,,,,,,,,
🇫🇮,AndrewCrow,0,1,9:16.632,9:17.414,04 Mar 2025,458,(V),-7135634061431368207,,,https://www.speedrun.com/mc/runs/y6geo5jm,9,17,414,557414,782,0.782,556632,1.358356951,421494,1.322471969,,0.7953,3.637328006,28.7756,36.1808,134.4646,6.55114,,,,,,,,,,,,,,,,,,,,,,,,,,,,,,,,,,,,,,,,,,,,,,,,,,,,,,,,,,,,,,,,,,,,,,,,,,,,,,,,,,,458,0.00006724343265,0.02432917871,,,0,,,,,,,,
🇺🇸,zylenox,0,0,9:10.985,9:17.522,15 May 2023,1116.104167,(U),-7323274319262585461,15,Yes,https://www.youtube.com/watch?v=EUYjJCqOPdc,9,17,522,557522,6537,6.537,550985,1.358620135,465828,1.196840894,,0.5723,1.858834369,40.9812,71.6050,133.8649,6.56158,,,,,,,,,,,,,,,,,,,,,,,,,,,,,,,,,,,,,,,,,,,,,,,,,,,,,,,,--,,,,,,,,,,,,,,,,,,,,,,,,,,,1116.104167,0,0,,,0,,,,,,,,
🇺🇸,zylenox,0,0,9:13.869,9:17.609,30 Jan 2023,1222,(U),-7020151109902988040,15,Yes,https://www.youtube.com/watch?v=LFG9a3caV7M,9,17,609,557609,3740,3.74,553869,1.358832145,495537,1.125262089,,0.5428,1.242209629,46.8790,86.3639,133.3829,6.57000,,,,,,,,,,,,,,,,,,,,,,,,,,,,,,,,,,,,,,,,,,,,,,,,,,,,,,,,--,,,,,,,,,,,,,,,,,,,,,,,,,,,1222,0,0,,,0,,,,,,,,
🇫🇮,sadekeppi,0,1,9:16.512,9:17.825,18 Sep 2024,625,(V),-8519881394831868986,,,https://www.speedrun.com/mc/runs/yvxpxe6z,9,17,825,557825,1313,1.313,556512,1.359358513,421494,1.323447072,,0.7316,3.655625773,26.2645,35.8993,132.1906,6.59096,,,,,,,,,,,,,,,,,,,,,,,,,,,,,,,,,,,,,,,,,,,,,,,,,,,,,,,,,,,,,,,,,,,,,,,,,,,,,,,,,,,625,0,0.000000008957641445,,,0,,,,,,,,
🇸🇪,PAPLERR,0,0,9:17.999,9:17.999,28 May 2024,738,(U),unknown,,,https://www.youtube.com/watch?v=aONTzzYtIQc,9,17,999,557999,0,0,557999,1.359782532,421494,1.323859889,,0.6914,3.663396682,24.7394,35.7803,131.2348,6.60789,,,,,,,,,,,,,,,,,,,,,,,,,,,,,,,,,,,,,,,,,,,,,,,,,,,,,,,,,,,,,,,,,,,,,,,,,,,,,,,,,,,738,0,0,,,0,,,,,,,,
🇳🇴,skycrab1,0,0,9:18.049,9:18.049,10 Oct 2024,603,(U),7717196540961604110,,,https://www.youtube.com/watch?v=zMUJ5AJmou8&list=PLU3_fvoJ1GyMStiA29z37DUPtG47PvOJz&index=80,9,18,49,558049,0,0,558049,1.359904376,421494,1.323978515,,0.7397,3.665632392,26.4417,35.7462,130.9609,6.61276,,,,,,,,,,,,,,,,,,,,,,,,,,,,,,,,,,,,,,,,,,,,,,,,,,,,,,,,--,,,,,,,,,,,,,,,,,,,,,,,,,,,603,0.0000000003004851743,0.0000001074118847,,,0,,,,,,,,
🇳🇴,skycrab1,0,0,9:18.430,9:18.430,22 Jul 2025,318,(U),unknown,,,https://www.youtube.com/watch?v=za-UzBn_QrM&list=PLU3_fvoJ1GyMStiA29z37DUPtG47PvOJz&index=134,9,18,430,558430,0,0,558430,1.360832832,410359,1.360832832,,0.8530,4.421190918,21.8459,25.6108,128.8846,6.64998,,,,,,,,,,,,,,,,,,,,,,,,,,,,,,,,,,,,,,,,,,,,,,,,,,,,,,,,--,,,,,,,,,,,,,,,,,,,,,,,,,,,318,0.04012550147,10.276471,,,0,,,,,,,,
🇺🇸,Reignex,0,0,9:18.705,9:18.705,14 Oct 2023,965,(U),unknown,12,Yes,https://www.youtube.com/watch?v=4FF1nTxjHGU,9,18,705,558705,0,0,558705,1.361502977,465828,1.199380458,,0.6172,1.885125621,43.8136,70.9833,127.3981,6.67696,,,,,,,,,,,,,,,,,,,,,,,,,,,,,,,,,,,,,,,,,,,,,,,,,,,,,,,,--,,,,,,,,,,,,,,,,,,,,,,,,,,,965,0,0,,,0,,,,,,,,
🇵🇱,okshey,0,0,9:15.055,9:18.727,18 Oct 2025,230,(U),see video,,,https://www.youtube.com/watch?v=dMuMFmERlLs,9,18,727,558727,3672,3.672,555055,1.361556588,410359,1.361556588,,0.8914,4.437304133,22.6620,25.4239,127.2797,6.67912,,,,,,,,,,,,,,,,,,,,,,,,,,,,,,,,,,,,,,,,,,,,,,,,,,,,,,,,,,,,,,,,,,,,,,,,,,,,,,,,,,,230,0.2962060358,75.30724437,,,0,,,,,,,,
🇦🇿,KenanKardes,0,0,9:18.778,9:18.778,27 Jan 2025,494,(U),-6623698323742859643,,,https://www.youtube.com/watch?v=rL1KGMFLajg,9,18,778,558778,0,0,558778,1.36168087,421494,1.325708077,,0.7811,3.698365872,27.5342,35.2487,127.0053,6.68414,,,,,,,,,,,,,,,,,,,,,,,,,,,,,,,,,,,,,,,,,,,,,,,,,,,,,,,,,,,,,,,,,,,,,,,,,,,,,,,,,,,494,0.000005813205605,0.00204907824,,,0,,,,,,,,
🇸🇰,NoFear1337,0,0,9:16.999,9:18.825,30 Dec 2023,888,(U),unknown,,,https://www.youtube.com/watch?v=LBJgput7Jd4&list=PLaTJSsRuu2UeeWabBBfNVWALvnefBoL2C&index=2,9,18,825,558825,1826,1.826,556999,1.361795404,446254,1.252257683,,0.6415,2.514492931,36.4354,56.8002,126.7527,6.68877,,,,,,,,,,,,,,,,,,,,,,,,,,,,,,,,,,,,,,,,,,,,,,,,,,,,,,,,--,,,,,,,,,,,,,,,,,,,,,,,,,,,888,0,0,,,0,,,,,,,,
🇸🇰,NoFear1337,0,0,9:18.887,9:18.887,23 Jun 2024,712,(U),unknown,,,https://www.youtube.com/watch?v=07u83rRMp7g&list=PLaTJSsRuu2UeeWabBBfNVWALvnefBoL2C&index=10,9,18,887,558887,0,0,558887,1.361946491,421494,1.32596668,,0.7005,3.703282244,24.6387,35.1744,126.4200,6.69487,,,,,,,,,,,,,,,,,,,,,,,,,,,,,,,,,,,,,,,,,,,,,,,,,,,,,,,,--,,,,,,,,,,,,,,,,,,,,,,,,,,,712,0,0,,,0,,,,,,,,
🇹🇷,ulsahin,0,1,9:11.907,9:18.901,22 Oct 2022,1322,(V),-9175405862479286955,01,Yes,https://www.speedrun.com/mc/run/yw62x49m,9,18,901,558901,6994,6.994,551907,1.361980607,517884,1.079201134,,0.5163,0.9524850175,48.0178,92.9973,126.3449,6.69625,,,,,,,,,,,,,,,,,,,,,,,,,,,,,,,,,,,,,,,,,,,,,,,,,,,,,,,,--,,,,,,,,,,,,,,,,,,,,,,,,,,,1322,0,0,,,0,,,,,,,,
🇳🇴,skycrab1,0,0,9:17.770,9:18.915,05 Jul 2024,700,(U),9011816872477408016,,,https://www.youtube.com/watch?v=LWG_qoaOPj0&list=PLU3_fvoJ1GyMStiA29z37DUPtG47PvOJz&index=39,9,18,915,558915,1145,1.145,557770,1.362014724,421494,1.326033111,,0.7047,3.704546094,24.7736,35.1554,126.2699,6.69763,,,,,,,,,,,,,,,,,,,,,,,,,,,,,,,,,,,,,,,,,,,,,,,,,,,,,,,,--,,,,,,,,,,,,,,,,,,,,,,,,,,,700,0,0,,,0,,,,,,,,
🇹🇿,Kxpow,0,0,9:18.000,9:19.060,28 May 2024,738,(U),5540784854483904308,,,https://www.youtube.com/watch?v=vgONoZbPcTc,9,19,60,559060,1060,1.06,558000,1.362368073,421494,1.326377125,,0.6914,3.711097113,24.2391,35.0567,125.4943,6.71194,,,,,,,,,,,,,,,,,,,,,,,,,,,,,,,,,,,,,,,,,,,,,,,,,,,,,,,,,,,,,,,,,,,,,,,,,,,,,,,,,,,738,0,0,,,0,,,,,,,,
🇬🇧,priffie,0,0,9:19.148,9:19.148,23 Nov 2024,559,(U),7827145101962216509,,,https://www.youtube.com/watch?v=3iy1RYg4UfQ,9,19,148,559148,0,0,559148,1.362582519,421494,1.326585906,,0.7562,3.715077878,26.4633,34.9968,125.0250,6.72063,,,,,,,,,,,,,,,,,,,,,,,,,,,,,,,,,,,,,,,,,,,,,,,,,,,,,,,,,,,,,,,,,,,,,,,,,,,,,,,,,,,559,0.00000002593459877,0.000009076283274,,,0,,,,,,,,
🇩🇰,Bloopy,0,0,9:18.948,9:19.201,15 May 2024,751,(U),-4253594903097616882,,,https://www.youtube.com/watch?v=phM9zY5QURA,9,19,201,559201,253,0.253,558948,1.362711674,421494,1.32671165,,0.6869,3.717477199,24.0162,34.9608,124.7429,6.72587,,,,,,,,,,,,,,,,,,,,,,,,,,,,,,,,,,,,,,,,,,,,,,,,,,,,,,,,--,,,,,,,,,,,,,,,,,,,,,,,,,,,751,0,0,,,0,,,,,,,,
🇺🇸,Feinberg,0,0,9:19.272,9:19.272,27 Aug 2025,282,(U),5931765018474160498,,,https://www.youtube.com/watch?v=AW8biucjxzA,9,19,272,559272,0,0,559272,1.362884694,410359,1.362884694,,0.8685,4.467006143,21.7839,25.0825,124.3655,6.73290,,,,,,,,,,,,,,,,,,,,,,,,,,,,,,,,,,,,,,,,,,,,,,,,,,,,,,,,,,,,,,,,,,,,,,,,,,,,,,,,,,,282,0.1061845352,26.63370481,,,0,,,,,,,,
🇺🇸,Redstcne,0,1,9:18.180,9:19.332,25 Dec 2023,893,(V),-6193469961585936628,,,https://www.speedrun.com/mc/run/zqd8p78m,9,19,332,559332,1152,1.152,558180,1.363030907,446254,1.253393807,,0.6399,2.529868753,36.1359,56.4744,124.0471,6.73885,,,,,,,,,,,,,,,,,,,,,,,,,,,,,,,,,,,,,,,,,,,,,,,,,,,,,,,,,,,,,,,,,,,,,,,,,,,,,,,,,,,893,0,0,,,0,,,,,,,,
🇧🇷,sanjinhu,0,1,9:17.533,9:19.616,14 Jul 2025,326,(V),7650618747477981610,,,https://www.speedrun.com/mc/runs/z5wplwgz,9,19,616,559616,2083,2.083,557533,1.363722984,410359,1.363722984,,0.8496,4.485843443,21.1276,24.8679,122.5468,6.76705,,,,,,,,,,,,,,,,,,,,,,,,,,,,,,,,,,,,,,,,,,,,,,,,,,,,,,,,,,,,,,,,,,,,,,,,,,,,,,,,,,,326,0.03128559222,7.780077413,,,0,,,,,,,,
🇺🇦,7rowl,0,0,9:20.008,9:20.008,09 Dec 2023,909,(U),-3950245049777822737,12,Yes,https://www.youtube.com/watch?v=h-SMqgJqpj8,9,20,8,560008,0,0,560008,1.364678245,446254,1.254908639,,0.6348,2.55050035,35.5716,56.0389,120.4938,6.80614,,,,,,,,,,,,,,,,,,,,,,,,,,,,,,,,,,,,,,,,,,,,,,,,,,,,,,,,,,,,,,,,,,,,,,,,,,,,,,,,,,,909,0,0,,,0,,,,,,,,
🇸🇰,NoFear1337,0,0,9:20.067,9:20.067,17 Mar 2024,810,(U),unknown,,,https://www.youtube.com/watch?v=wx_CPxzxwnY&list=PLaTJSsRuu2UeeWabBBfNVWALvnefBoL2C&index=7,9,20,67,560067,0,0,560067,1.364822022,421494,1.328766246,,0.6670,3.756875002,22.9261,34.3731,120.1866,6.81204,,,,,,,,,,,,,,,,,,,,,,,,,,,,,,,,,,,,,,,,,,,,,,,,,,,,,,,,--,,,,,,,,,,,,,,,,,,,,,,,,,,,810,0,0,,,0,,,,,,,,
🇩🇰,Bloopy,0,0,9:20.313,9:20.313,14 Sep 2024,629,(U),1197606622777508367,,,https://www.youtube.com/watch?v=uvKQQ_wiAXU,9,20,313,560313,0,0,560313,1.365421497,421494,1.329349884,,0.7302,3.768133374,24.9761,34.2067,118.9109,6.83670,,,,,,,,,,,,,,,,,,,,,,,,,,,,,,,,,,,,,,,,,,,,,,,,,,,,,,,,--,,,,,,,,,,,,,,,,,,,,,,,,,,,629,0,0.000000005325210674,,,0,,,,,,,,
🇸🇰,NoFear1337,0,1,9:20.103,9:20.564,05 Nov 2022,1308,(V),-04661894098057216280,,,https://www.speedrun.com/mc/runs/znq62l9z,9,20,564,560564,461,0.461,560103,1.366033156,517884,1.082412278,,0.5200,0.970400181,48.1500,92.6031,117.6178,6.86194,,,,,,,,,,,,,,,,,,,,,,,,,,,,,,,,,,,,,,,,,,,,,,,,,,,,,,,,--,,,,,,,,,,,,,,,,,,,,,,,,,,,1308,0,0,,,0,,,,,,,,
🇿🇦,Airpodsz,0,0,9:20.764,9:20.764,10 Oct 2025,238,(U),8202288226526358896,,,https://www.youtube.com/watch?v=aTw9MuaTVCc&list=PLjW0OIc7zcEcCMM5essHmBGzf92S0FzKi&index=13,9,20,764,560764,0,0,560764,1.366520534,410359,1.366520534,,0.8878,4.549212404,21.4473,24.1576,116.5935,6.88211,,,,,,,,,,,,,,,,,,,,,,,,,,,,,,,,,,,,,,,,,,,,,,,,,,,,,,,,,,,,,,,,,,,,,,,,,,,,,,,,,,,238,0.2597262207,62.74354738,,,0,,,,,,,,
🇨🇦,dandannyboy,0,1,9:17.413,9:20.810,17 Aug 2024,657,(V),5069141939301614256,,,https://www.speedrun.com/mc/runs/zqqv725z,9,20,810,560810,3397,3.397,557413,1.366632631,421494,1.330529023,,0.7200,3.790969619,24.3872,33.8710,116.3587,6.88676,,,,,,,,,,,,,,,,,,,,,,,,,,,,,,,,,,,,,,,,,,,,,,,,,,,,,,,,,,,,,,,,,,,,,,,,,,,,,,,,,,,657,0,0.0000000001635019287,,,0,,,,,,,,
🇿🇦,Airpodsz,0,0,9:20.925,9:20.925,22 Jul 2025,318,(U),-5682170692209227387,,,https://www.youtube.com/watch?v=LlCBi4LbqvQ&list=PLjW0OIc7zcEcCMM5essHmBGzf92S0FzKi&index=8,9,20,925,560925,0,0,560925,1.366912874,410359,1.366912874,,0.8530,4.55816195,20.5219,24.0587,115.7729,6.89839,,,,,,,,,,,,,,,,,,,,,,,,,,,,,,,,,,,,,,,,,,,,,,,,,,,,,,,,,,,,,,,,,,,,,,,,,,,,,,,,,,,318,0.04012550147,9.653654894,,,0,,,,,,,,
🇫🇮,sadekeppi,0,0,9:20.981,9:20.981,17 Feb 2026,108,(U),unknown,,,https://www.youtube.com/watch?v=UcBuJ---HfI,9,20,981,560981,0,0,560981,1.36704934,410359,1.36704934,,0.9474,4.561278451,22.7614,24.0243,115.4883,6.90406,,,,,,,,,,,,,,,,,,,,,,,,,,,,,,,,,,,,,,,,,,,,,,,,,,,,,,,,,,,,,,,,,,,,,,,,,,,,,,,,,,,108,0.8816402377,211.8077787,,,0,,,,,,,,
🇹🇿,Kxpow,0,0,9:18.860,9:21.100,25 Feb 2024,831,(U),-1070171335018102689,,,https://www.youtube.com/watch?v=7qv8ewBebLE,9,21,100,561100,2240,2.24,558860,1.36733933,421494,1.331217052,,0.6600,3.804350803,22.2262,33.6755,114.8850,6.91612,,,,,,,,,,,,,,,,,,,,,,,,,,,,,,,,,,,,,,,,,,,,,,,,,,,,,,,,,,,,,,,,,,,,,,,,,,,,,,,,,,,831,0,0,,,0,,,,,,,,
🇳🇴,skycrab1,0,0,9:21.103,9:21.103,20 Sep 2025,258,(U),see video,,,https://www.youtube.com/watch?v=GHKDc6d-Fes&list=PLU3_fvoJ1GyMStiA29z37DUPtG47PvOJz&index=140,9,21,103,561103,0,0,561103,1.36734664,410359,1.36734664,,0.8790,4.568074436,21.0510,23.9495,114.8698,6.91642,,,,,,,,,,,,,,,,,,,,,,,,,,,,,,,,,,,,,,,,,,,,,,,,,,,,,,,,--,,,,,,,,,,,,,,,,,,,,,,,,,,,258,0.1795410871,42.99917904,,,0,,,,,,,,
🇺🇸,doogile,0,0,9:20.519,9:21.114,10 Dec 2023,908,(U),-3029852224010085717,,,https://www.youtube.com/watch?v=ddJ5zdyslbw,9,21,114,561114,595,0.595,560519,1.367373446,446254,1.257387049,,0.6351,2.584579418,35.1354,55.3241,114.8141,6.91754,,,,,,,,,,,,,,,,,,,,,,,,,,,,,,,,,,,,,,,,,,,,,,,,,,,,,,,,--,,,,,,,,,,,,,,,,,,,,,,,,,,,908,0,0,,,0,,,,,,,,
🇺🇸,doogile,0,1,9:18.601,9:21.223,31 Aug 2022,1374,(V),-926914523663257060,,,https://www.speedrun.com/mc/runs/znq7rllz,9,21,223,561223,2622,2.622,558601,1.367639067,517884,1.083684763,,0.5031,0.9775881996,46.5071,92.4441,114.2634,6.92861,,,,,,,,,,,,,,,,,,,,,,,,,,,,,,,,,,,,,,,,,,,,,,,,,,,,,,,,--,,,,,,,,,,,,,,,,,,,,,,,,,,,1374,0,0,,,0,,,,,,,,
🇵🇱,okshey,0,0,9:19.696,9:21.313,12 Jul 2025,328,(U),9087194925192302501,,,https://www.youtube.com/watch?v=YhRxM08p0zE,9,21,313,561313,1617,1.617,559696,1.367858387,410359,1.367858387,,0.8487,4.579793226,20.2179,23.8210,113.8099,6.93775,,,,,,,,,,,,,,,,,,,,,,,,,,,,,,,,,,,,,,,,,,,,,,,,,,,,,,,,,,,,,,,,,,,,,,,,,,,,,,,,,,,328,0.02934141734,6.989414673,,,0,,,,,,,,
🇺🇸,zylenox,0,0,9:21.318,9:21.318,04 Jul 2025,336,(U),unknown,,,https://www.youtube.com/watch?v=sDo5pv-8AWo,9,21,318,561318,0,0,561318,1.367870572,410359,1.367870572,,0.8454,4.580072566,20.1346,23.8179,113.7847,6.93826,,,,,,,,,,,,,,,,,,,,,,,,,,,,,,,,,,,,,,,,,,,,,,,,,,,,,,,,,,,,,,,,,,,,,,,,,,,,,,,,,,,336,0.02252103314,5.364043716,,,0,,,,,,,,
🇮🇱,orachi,0,1,9:17.041,9:21.403,15 Oct 2024,598,(V),-6838685268510991553,,,https://www.speedrun.com/mc/runs/y8po4rxz,9,21,403,561403,4362,4.362,557041,1.368077708,421494,1.331935923,,0.7416,3.818376231,24.8211,33.4715,113.3575,6.94691,,,,,,,,,,,,,,,,,,,,,,,,,,,,,,,,,,,,,,,,,,,,,,,,,,,,,,,,,,,,,,,,,,,,,,,,,,,,,,,,,,,598,0.0000000005161007075,0.0000001727468979,,,0,,,,,,,,
🇺🇸,zylenox,0,0,9:19.844,9:21.472,13 May 2024,753,(U),unknown,,,,9,21,472,561472,1628,1.628,559844,1.368245853,421494,1.332099627,,0.6863,3.821576496,22.9383,33.4252,113.0114,6.95394,,,,,,,,,,,,,,,,,,,,,,,,,,,,,,,,,,,,,,,,,,,,,,,,,,,,,,,,,,,,,,,,,,,,,,,,,,,,,,,,,,,753,0,0,,,0,,,,,,,,
🇺🇸,doogile,0,0,9:18.200,9:21.657,13 Oct 2023,966,(U),5505825860127473867,,,https://www.youtube.com/watch?v=ePu9GV9eOKA,9,21,657,561657,3457,3.457,558200,1.368696678,465828,1.205717561,,0.6169,1.952205241,42.8181,69.4052,112.0866,6.97282,,,,,,,,,,,,,,,,,,,,,,,,,,,,,,,,,,,,,,,,,,,,,,,,,,,,,,,,--,,,,,,,,,,,,,,,,,,,,,,,,,,,966,0,0,,,0,,,,,,,,
🇳🇴,skycrab1,0,0,9:21.700,9:21.700,18 Nov 2024,564,(U),4892185153542737576,,,https://www.youtube.com/watch?v=ZDMheI2JkhE&list=PLU3_fvoJ1GyMStiA29z37DUPtG47PvOJz&index=95,9,21,700,561700,0,0,561700,1.368801464,421494,1.33264056,,0.7543,3.832168078,25.0962,33.2720,111.8723,6.97722,,,,,,,,,,,,,,,,,,,,,,,,,,,,,,,,,,,,,,,,,,,,,,,,,,,,,,,,--,,,,,,,,,,,,,,,,,,,,,,,,,,,564,0.00000001616181623,0.000005377357158,,,0,,,,,,,,
🇿🇦,Airpodsz,0,0,9:21.746,9:21.746,04 Oct 2025,244,(U),8717532358866919839,,,https://www.youtube.com/watch?v=GaRAj44ZXQU&list=PLjW0OIc7zcEcCMM5essHmBGzf92S0FzKi&index=11,9,21,746,561746,0,0,561746,1.368913561,410359,1.368913561,,0.8851,4.604039443,20.8514,23.5570,111.6434,6.98192,,,,,,,,,,,,,,,,,,,,,,,,,,,,,,,,,,,,,,,,,,,,,,,,,,,,,,,,,,,,,,,,,,,,,,,,,,,,,,,,,,,244,0.2339428557,55.10984441,,,0,,,,,,,,
🇺🇸,oxidiot,0,1,9:21.111,9:21.759,30 Apr 2023,1131.291667,(V),-5459883539213513455,,,https://www.speedrun.com/mc/run/m3qd5r6y,9,21,759,561759,648,0.648,561111,1.368945241,465828,1.205936526,,0.5680,1.954561119,39.3903,69.3500,111.5788,6.98325,,,,,,,,,,,,,,,,,,,,,,,,,,,,,,,,,,,,,,,,,,,,,,,,,,,,,,,,,,,,,,,,,,,,,,,,,,,,,,,,,,,1131.291667,0,0,,,0,,,,,,,,
🇳🇴,skycrab1,0,0,9:21.933,9:21.933,21 Oct 2024,592,(U),-5604599059233679142,,,https://www.youtube.com/watch?v=IfSVkk_BYyI&list=PLU3_fvoJ1GyMStiA29z37DUPtG47PvOJz&index=87,9,21,933,561933,0,0,561933,1.36936926,421494,1.333193355,,0.7438,3.843018615,24.6310,33.1157,110.7157,7.00108,,,,,,,,,,,,,,,,,,,,,,,,,,,,,,,,,,,,,,,,,,,,,,,,,,,,,,,,--,,,,,,,,,,,,,,,,,,,,,,,,,,,592,0.0000000009760875799,0.000000323237786,,,0,,,,,,,,
🇸🇰,NoFear1337,0,0,9:22.270,9:22.270,06 Dec 2023,912,(U),unknown,,,https://www.youtube.com/watch?v=4AiI-9WGRVg,9,22,270,562270,0,0,562270,1.370190492,465828,1.207033497,,0.6338,1.96640231,43.7793,69.0728,109.0558,7.03571,,,,,,,,,,,,,,,,,,,,,,,,,,,,,,,,,,,,,,,,,,,,,,,,,,,,,,,,--,,,,,,,,,,,,,,,,,,,,,,,,,,,912,0,0,,,0,,,,,,,,
🇿🇦,Airpodsz,0,0,9:22.276,9:22.276,30 Jan 2026,126,(U),-7344504832917567171,,,https://www.youtube.com/watch?v=mW0bPVkZyHc&list=PLjW0OIc7zcEcCMM5essHmBGzf92S0FzKi&index=25,9,22,276,562276,0,0,562276,1.370205113,410359,1.370205113,,0.9389,4.633870288,21.8169,23.2356,109.0264,7.03633,,,,,,,,,,,,,,,,,,,,,,,,,,,,,,,,,,,,,,,,,,,,,,,,,,,,,,,,,,,,,,,,,,,,,,,,,,,,,,,,,,,126,0.8186999694,190.2296117,,,0,,,,,,,,
🇺🇸,zylenox,0,0,9:21.183,9:22.434,23 Apr 2024,773,(U),unknown,,,https://www.youtube.com/watch?v=NL_05o0zjKg&pp=0gcJCQQLAYcqIYzv,9,22,434,562434,1251,1.251,561183,1.370590142,421494,1.334381984,,0.6794,3.866441209,22.2719,32.7802,108.2537,7.05262,,,,,,,,,,,,,,,,,,,,,,,,,,,,,,,,,,,,,,,,,,,,,,,,,,,,,,,,,,,,,,,,,,,,,,,,,,,,,,,,,,,773,0,0,,,0,,,,,,,,
🇨🇦,Aquacorde,0,0,9:22.481,9:22.481,26 May 2024,740,(U),2029778823013494560,,,https://www.youtube.com/watch?v=A__tIzZKmi4,9,22,481,562481,0,0,562481,1.370704676,421494,1.334493492,,0.6907,3.868644969,22.6207,32.7488,108.0245,7.05747,,,,,,,,,,,,,,,,,,,,,,,,,,,,,,,,,,,,,,,,,,,,,,,,,,,,,,,,--,,,,,,,,,,,,,,,,,,,,,,,,,,,740,0,0,,,0,,,,,,,,
🇨🇦,Aquacorde,0,0,9:22.502,9:22.502,07 Jun 2025,363,(U),-803046318085136033,,,https://www.youtube.com/watch?v=XDNtWhu2Vbk,9,22,502,562502,0,0,562502,1.37075585,421494,1.334543315,,0.8340,3.869629986,27.3014,32.7347,107.9222,7.05964,,,,,,,,,,,,,,,,,,,,,,,,,,,,,,,,,,,,,,,,,,,,,,,,,,,,,,,,--,,,,,,,,,,,,,,,,,,,,,,,,,,,363,0.008369051687,2.7395875,,,0,,,,,,,,
🇿🇦,Airpodsz,0,0,9:22.503,9:22.503,13 Feb 2026,112,(U),-8952982730153359190,,,https://www.youtube.com/watch?v=qr85451zGsc&list=PLjW0OIc7zcEcCMM5essHmBGzf92S0FzKi&index=30,9,22,503,562503,0,0,562503,1.370758287,410359,1.370758287,,0.9455,4.646698599,21.8406,23.0985,107.9173,7.05975,,,,,,,,,,,,,,,,,,,,,,,,,,,,,,,,,,,,,,,,,,,,,,,,,,,,,,,,,,,,,,,,,,,,,,,,,,,,,,,,,,,112,0.8689299212,200.7099127,,,0,,,,,,,,
🇹🇿,Kxpow,0,0,9:21.477,9:22.628,25 Nov 2024,557,(U),-7404386622282913682,,,https://www.youtube.com/watch?v=8Oy2tN5jbxQ,9,22,628,562628,1151,1.151,561477,1.371062899,421494,1.334842252,,0.7569,3.875544718,24.7138,32.6506,107.3096,7.07267,,,,,,,,,,,,,,,,,,,,,,,,,,,,,,,,,,,,,,,,,,,,,,,,,,,,,,,,,,,,,,,,,,,,,,,,,,,,,,,,,,,557,0.0000000312617885,0.00001020714913,,,0,,,,,,,,
🇨🇦,Aquacorde,0,0,9:22.630,9:22.919,24 Jun 2025,346,(U),-731369506168980347,,,https://www.youtube.com/watch?v=JWt0HXHpP90,9,22,919,562919,289,0.289,562630,1.371772034,410359,1.371772034,,0.8411,4.670288513,19.2186,22.8483,105.9030,7.10284,,,,,,,,,,,,,,,,,,,,,,,,,,,,,,,,,,,,,,,,,,,,,,,,,,,,,,,,--,,,,,,,,,,,,,,,,,,,,,,,,,,,346,0.01588827918,3.630200173,,,0,,,,,,,,
🇿🇦,Airpodsz,0,0,9:22.992,9:22.992,04 Feb 2026,121,(U),9186072717829534641,,,https://www.youtube.com/watch?v=xd8luqUIyHQ&list=PLjW0OIc7zcEcCMM5essHmBGzf92S0FzKi&index=28,9,22,992,562992,0,0,562992,1.371949927,410359,1.371949927,,0.9413,4.67443889,21.4657,22.8045,105.5520,7.11043,,,,,,,,,,,,,,,,,,,,,,,,,,,,,,,,,,,,,,,,,,,,,,,,,,,,,,,,,,,,,,,,,,,,,,,,,,,,,,,,,,,121,0.8376490173,191.0217308,,,0,,,,,,,,
🇭🇷,CroProYT,0,0,9:23.011,9:23.011,05 Sep 2023,1004,(U),-6782874286453284642,,,https://www.youtube.com/watch?v=t5T7-utQrwk,9,23,11,563011,0,0,563011,1.371996228,465828,1.208624213,,0.6053,1.98368829,41.5665,68.6688,105.4607,7.11240,,,,,,,,,,,,,,,,,,,,,,,,,,,,,,,,,,,,,,,,,,,,,,,,,,,,,,,,,,,,,,,,,,,,,,,,,,,,,,,,,,,1004,0,0,,,0,,,,,,,,
🇺🇸,meebie,0,0,9:22.696,9:23.114,24 Dec 2023,894,(U),-915907836254045753,06,Yes,https://www.youtube.com/watch?v=Dr2HLNRqUNg,9,23,114,563114,418,0.418,562696,1.372247227,446254,1.261868801,,0.6395,2.64723741,34.5511,54.0246,104.9669,7.12312,,,,,,,,,,,,,,,,,,,,,,,,,,,,,,,,,,,,,,,,,,,,,,,,,,,,,,,,--,,,,,,,,,,,,,,,,,,,,,,,,,,,894,0,0,,,0,,,,,,,,
🇺🇸,zylenox,0,0,9:18.196,9:23.126,17 Dec 2025,170,(U),unknown,,,https://www.youtube.com/watch?v=Egmf75w86ko&t=465s,9,23,126,563126,4930,4.93,558196,1.37227647,410359,1.37227647,,0.9185,4.682065799,20.8725,22.7242,104.9095,7.12437,,,,,,,,,,,,,,,,,,,,,,,,,,,,,,,,,,,,,,,,,,,,,,,,,,,,,,,,,,,,,,,,,,,,,,,,,,,,,,,,,,,170,0.6118304973,139.0338113,,,0,,,,,,,,
🇹🇿,Kxpow,0,0,9:22.800,9:23.240,15 Aug 2024,659,(U),6054288791678680157,,,https://www.youtube.com/watch?v=AnGRa7hNR5Q,9,23,240,563240,440,0.44,562800,1.372554276,421494,1.33629423,,0.7193,3.904386707,23.1915,32.2426,104.3649,7.13625,,,,,,,,,,,,,,,,,,,,,,,,,,,,,,,,,,,,,,,,,,,,,,,,,,,,,,,,,,,,,,,,,,,,,,,,,,,,,,,,,,,659,0,0.0000000001200340779,,,0,,,,,,,,
🇺🇸,Saturn1249,0,1,9:20.714,9:23.292,14 Oct 2023,965,(V),4043113488438547453,09,Yes,https://www.speedrun.com/mc/runs/ywn0489y,9,23,292,563292,2578,2.578,560714,1.372680994,465828,1.20922744,,0.6172,1.990279222,42.2901,68.5151,104.1170,7.14168,,,,,,,,,,,,,,,,,,,,,,,,,,,,,,,,,,,,,,,,,,,,,,,,,,,,,,,,,,,,,,,,,,,,,,,,,,,,,,,,,,,965,0,0,,,0,,,,,,,,
🇺🇸,zylenox,0,0,9:20.840,9:23.393,29 Jun 2025,341,(U),unknown,,,https://www.youtube.com/watch?v=A_AutcLK3j0,9,23,393,563393,2553,2.553,560840,1.37292712,410359,1.37292712,,0.8432,4.697295201,19.0275,22.5647,103.6367,7.15223,,,,,,,,,,,,,,,,,,,,,,,,,,,,,,,,,,,,,,,,,,,,,,,,,,,,,,,,,,,,,,,,,,,,,,,,,,,,,,,,,,,341,0.01896458285,4.279296995,,,0,,,,,,,,
🇫🇮,Cube1337x,0,0,9:23.434,9:23.434,05 Dec 2022,1278,(U),unknown,12,Yes,https://www.youtube.com/watch?v=DabM3su7vRg,9,23,434,563434,0,0,563434,1.373027032,495537,1.137017014,,0.5278,1.328397002,44.5046,84.3178,103.4421,7.15652,,,,,,,,,,,,,,,,,,,,,,,,,,,,,,,,,,,,,,,,,,,,,,,,,,,,,,,,,,,,,,,,,,,,,,,,,,,,,,,,,,,1278,0,0,,,0,,,,,,,,
🇸🇰,NoFear1337,0,0,9:23.530,9:23.530,09 Sep 2024,634,(U),unknown,,,https://www.youtube.com/watch?v=LcP3_KsnQBU&list=PLaTJSsRuu2UeeWabBBfNVWALvnefBoL2C&index=13,9,23,530,563530,0,0,563530,1.373260974,421494,1.336982258,,0.7283,3.918119475,23.3428,32.0498,102.9874,7.16656,,,,,,,,,,,,,,,,,,,,,,,,,,,,,,,,,,,,,,,,,,,,,,,,,,,,,,,,--,,,,,,,,,,,,,,,,,,,,,,,,,,,634,0,0.00000000274321321,,,0,,,,,,,,
🇫🇮,AndrewCrow,0,0,9:22.604,9:23.535,21 Apr 2025,410,(U),unknown,,,https://www.youtube.com/watch?v=5q8FW1Ippp0,9,23,535,563535,931,0.931,562604,1.373273158,421494,1.336994121,,0.8146,3.918356619,26.1065,32.0464,102.9637,7.16709,,,,,,,,,,,,,,,,,,,,,,,,,,,,,,,,,,,,,,,,,,,,,,,,,,,,,,,,,,,,,,,,,,,,,,,,,,,,,,,,,,,410,0.001015778465,0.3255207291,,,0,,,,,,,,
🇸🇪,v_strid,0,0,9:21.355,9:23.554,12 Feb 2024,844,(U),unknown,,,https://www.youtube.com/watch?v=0F9IHJbbpEo,9,23,554,563554,2199,2.199,561355,1.373319459,421494,1.337039199,,0.6557,3.919257881,21.0057,32.0338,102.8739,7.16908,,,,,,,,,,,,,,,,,,,,,,,,,,,,,,,,,,,,,,,,,,,,,,,,,,,,,,,,,,,,,,,,,,,,,,,,,,,,,,,,,,,,,,,,,,,,,,,,
🇨🇦,Aquacorde,0,0,9:22.799,9:23.620,20 Jun 2025,350,(U),-4713042810041071084,,,https://www.youtube.com/watch?v=tUPPN8xWm5Q,9,23,620,563620,821,0.821,562799,1.373480294,410359,1.373480294,,0.8395,4.710277148,18.8285,22.4294,102.5622,7.17599,,,,,,,,,,,,,,,,,,,,,,,,,,,,,,,,,,,,,,,,,,,,,,,,,,,,,,,,--,,,,,,,,,,,,,,,,,,,,,,,,,,,350,0.01373923047,3.081630425,,,0,,,,,,,,
🇳🇴,skycrab1,0,0,9:23.687,9:23.687,03 Oct 2024,610,(U),-7384765236082352690,,,https://www.youtube.com/watch?v=F1V1bKWF_BA&list=PLU3_fvoJ1GyMStiA29z37DUPtG47PvOJz&index=74,9,23,687,563687,0,0,563687,1.373643566,421494,1.337354743,,0.7371,3.925571824,23.5478,31.9455,102.2464,7.18302,,,,,,,,,,,,,,,,,,,,,,,,,,,,,,,,,,,,,,,,,,,,,,,,,,,,,,,,--,,,,,,,,,,,,,,,,,,,,,,,,,,,610,0.0000000001387843259,0.00000004433535978,,,0,,,,,,,,
🇳🇴,skycrab1,0,0,9:23.710,9:23.710,05 Sep 2024,638,(U),9087246093674379559,,,https://www.youtube.com/watch?v=4u3juUdWOrY&list=PLU3_fvoJ1GyMStiA29z37DUPtG47PvOJz&index=64,9,23,710,563710,0,0,563710,1.373699614,421494,1.337409311,,0.7269,3.926664616,23.2093,31.9302,102.1382,7.18543,,,,,,,,,,,,,,,,,,,,,,,,,,,,,,,,,,,,,,,,,,,,,,,,,,,,,,,,--,,,,,,,,,,,,,,,,,,,,,,,,,,,638,0,0.000000001682023385,,,0,,,,,,,,
🇸🇪,PAPLERR,0,0,9:23.097,9:23.711,30 Mar 2024,797,(U),unknown,,,https://www.youtube.com/watch?v=-TXVz2UyhXI,9,23,711,563711,614,0.614,563097,1.373702051,421494,1.337411683,,0.6713,3.926712134,21.4352,31.9296,102.1335,7.18554,,,,,,,,,,,,,,,,,,,,,,,,,,,,,,,,,,,,,,,,,,,,,,,,,,,,,,,,,,,,,,,,,,,,,,,,,,,,,,,,,,,797,0,0,,,0,,,,,,,,
🇸🇰,NoFear1337,0,1,9:22.527,9:23.863,20 Aug 2022,1385,(V),-6071912128039465735,,,https://www.speedrun.com/mc/runs/y4x2xndz,9,23,863,563863,1336,1.336,562527,1.374072459,517884,1.08878243,,0.5003,1.006896513,45.9256,91.7919,101.4198,7.20151,,,,,,,,,,,,,,,,,,,,,,,,,,,,,,,,,,,,,,,,,,,,,,,,,,,,,,,,--,,,,,,,,,,,,,,,,,,,,,,,,,,,1385,0,0,,,0,,,,,,,,
🇩🇰,Bloopy,0,0,9:23.928,9:23.928,28 Nov 2024,554,(U),-2126051371963399188,,,https://www.youtube.com/watch?v=Q0HBLIfoV5A,9,23,928,563928,0,0,563928,1.374230856,421494,1.337926519,,0.7581,3.937035674,24.0953,31.7857,101.1156,7.20834,,,,,,,,,,,,,,,,,,,,,,,,,,,,,,,,,,,,,,,,,,,,,,,,,,,,,,,,--,,,,,,,,,,,,,,,,,,,,,,,,,,,554,0.0000000412693229,0.00001311773999,,,0,,,,,,,,
🇸🇪,PAPLERR,0,0,9:23.948,9:23.948,22 Oct 2024,591,(U),unknown,,,https://www.youtube.com/watch?v=YX0hgdKIZLY,9,23,948,563948,0,0,563948,1.374279594,421494,1.337973969,,0.7442,3.937988353,23.6438,31.7724,101.0221,7.21045,,,,,,,,,,,,,,,,,,,,,,,,,,,,,,,,,,,,,,,,,,,,,,,,,,,,,,,,,,,,,,,,,,,,,,,,,,,,,,,,,,,591,0.000000001084109309,0.0000003444479828,,,0,,,,,,,,
🇺🇸,Feinberg,0,0,9:24.066,9:24.066,05 Dec 2022,1278,(U),7850065604828970526,,,https://www.youtube.com/watch?v=9O21256DGy8,9,24,66,564066,0,0,564066,1.374567147,495537,1.138292398,,0.5278,1.33807471,44.3827,84.0869,100.4716,7.22288,,,,,,,,,,,,,,,,,,,,,,,,,,,,,,,,,,,,,,,,,,,,,,,,,,,,,,,,,,,,,,,,,,,,,,,,,,,,,,,,,,,1278,0,0,,,0,,,,,,,,
🇺🇸,doogile,0,0,9:23.427,9:24.091,02 Mar 2024,825,(U),-1696208169374363336,,,https://www.youtube.com/watch?v=dGmT4jJ31yM,9,24,91,564091,664,0.664,563427,1.37462807,421494,1.338313238,,0.6620,3.944805914,20.9704,31.6777,100.3553,7.22552,,,,,,,,,,,,,,,,,,,,,,,,,,,,,,,,,,,,,,,,,,,,,,,,,,,,,,,,--,,,,,,,,,,,,,,,,,,,,,,,,,,,825,0,0,,,0,,,,,,,,
🇳🇴,skycrab1,0,0,9:24.105,9:24.105,15 Jan 2025,506,(U),3842162755449251697,,,https://www.youtube.com/watch?v=XO9rgYbn6Bw&list=PLU3_fvoJ1GyMStiA29z37DUPtG47PvOJz&index=108,9,24,105,564105,0,0,564105,1.374662186,421494,1.338346453,,0.7765,3.945473925,24.5895,31.6685,100.2901,7.22700,,,,,,,,,,,,,,,,,,,,,,,,,,,,,,,,,,,,,,,,,,,,,,,,,,,,,,,,--,,,,,,,,,,,,,,,,,,,,,,,,,,,506,0.000002363370925,0.000748443404,,,0,,,,,,,,
🇺🇸,doogile,0,0,9:22.116,9:24.247,24 Mar 2025,438,(U),-6047098650778031938,,,https://www.youtube.com/watch?v=NN8rfsl5mJo,9,24,247,564247,2131,2.131,562116,1.375008225,421494,1.33868335,,0.8033,3.95225509,25.3645,31.5745,99.6310,7.24199,,,,,,,,,,,,,,,,,,,,,,,,,,,,,,,,,,,,,,,,,,,,,,,,,,,,,,,,--,,,,,,,,,,,,,,,,,,,,,,,,,,,438,0.0002242459315,0.07080457949,,,0,,,,,,,,
🇫🇷,emia,0,1,9:23.219,9:24.448,29 Jun 2024,706,(V),2145701135424086428,,,https://www.speedrun.com/mc/runs/zxqevkkm,9,24,448,564448,1229,1.229,563219,1.37549804,421494,1.339160225,,0.7026,3.961871302,22.0902,31.4417,98.7027,7.26326,,,,,,,,,,,,,,,,,,,,,,,,,,,,,,,,,,,,,,,,,,,,,,,,,,,,,,,,,,,,,,,,,,,,,,,,,,,,,,,,,,,706,0,0,,,0,,,,,,,,
🇨🇦,Aquacorde,0,0,9:24.529,9:24.529,18 Jul 2025,322,(U),-9197658143197340999,,,https://www.youtube.com/watch?v=LeAZ9kcT4ks,9,24,529,564529,0,0,564529,1.375695428,410359,1.375695428,,0.8513,4.762577474,18.6361,21.8916,98.3302,7.27185,,,,,,,,,,,,,,,,,,,,,,,,,,,,,,,,,,,,,,,,,,,,,,,,,,,,,,,,--,,,,,,,,,,,,,,,,,,,,,,,,,,,322,0.03548572415,7.768380974,,,0,,,,,,,,
🇵🇱,watermelon1708,0,0,9:24.119,9:24.537,14 Sep 2025,264,(U),unknown,,,https://www.youtube.com/watch?v=Y6Sokcc9jqc,9,24,537,564537,418,0.418,564119,1.375714923,410359,1.375714923,,0.8763,4.763040011,19.1804,21.8869,98.2934,7.27270,,,,,,,,,,,,,,,,,,,,,,,,,,,,,,,,,,,,,,,,,,,,,,,,,,,,,,,,--,,,,,,,,,,,,,,,,,,,,,,,,,,,264,0.1588214919,34.76103746,,,0,,,,,,,,
🇸🇰,NoFear1337,0,0,9:23.488,9:24.567,01 Jul 2023,1070,(U),unknown,,,https://www.youtube.com/watch?v=PuoZym6BBOw,9,24,567,564567,1079,1.079,563488,1.37578803,465828,1.211964502,,0.5857,2.020433627,39.7161,67.8132,98.1557,7.27588,,,,,,,,,,,,,,,,,,,,,,,,,,,,,,,,,,,,,,,,,,,,,,,,,,,,,,,,--,,,,,,,,,,,,,,,,,,,,,,,,,,,1070,0,0,,,0,,,,,,,,
🇦🇿,KenanKardes,0,0,9:24.603,9:24.603,12 Jun 2025,358,(U),unknown,,,https://www.youtube.com/watch?v=_XhRM7ZS_eo,9,24,603,564603,0,0,564603,1.375875758,410359,1.375875758,,0.8361,4.766857441,18.2673,21.8480,97.9906,7.27970,,,,,,,,,,,,,,,,,,,,,,,,,,,,,,,,,,,,,,,,,,,,,,,,,,,,,,,,,,,,,,,,,,,,,,,,,,,,,,,,,,,358,0.01017042582,2.222039409,,,0,,,,,,,,
🇮🇱,orachi,0,1,9:22.560,9:24.684,31 Dec 2022,1252,(V),4355905136547056729,09,Yes,https://www.speedrun.com/mc/run/y2jdqg9z,9,24,684,564684,2124,2.124,562560,1.376073146,495537,1.13953953,,0.5347,1.347601162,44.8418,83.8593,97.6198,7.28831,,,,,,,,,,,,,,,,,,,,,,,,,,,,,,,,,,,,,,,,,,,,,,,,,,,,,,,,,,,,,,,,,,,,,,,,,,,,,,,,,,,1252,0,0,,,0,,,,,,,,
🇮🇱,Ranik_,0,1,9:20.683,9:24.724,24 Nov 2023,924,(U),1109837926684475838,10,Yes,https://www.youtube.com/watch?v=dV1aDceWUCA,9,24,724,564724,4041,4.041,560683,1.376170621,465828,1.212301536,,0.6300,2.024175111,42.6691,67.7263,97.4370,7.29256,,,,,,,,,,,,,,,,,,,,,,,,,,,,,,,,,,,,,,,,,,,,,,,,,,,,,,,,,,,,,,,,,,,,,,,,,,,,,,,,,,,924,0,0,,,0,,,,,,,,
🇺🇸,doogile,0,0,9:23.811,9:24.766,15 May 2023,1117,(U),8584643897871750893,,,https://www.youtube.com/watch?v=JGxZAVwLpq0,9,24,766,564766,955,0.955,563811,1.376272971,465828,1.212391698,,0.5721,2.025177076,38.7306,67.7030,97.2453,7.29703,,,,,,,,,,,,,,,,,,,,,,,,,,,,,,,,,,,,,,,,,,,,,,,,,,,,,,,,--,,,,,,,,,,,,,,,,,,,,,,,,,,,1117,0,0,,,0,,,,,,,,
🇺🇸,meebie,0,0,9:25.282,9:25.282,30 Mar 2024,797,(U),unknown,,,https://www.youtube.com/watch?v=H78JhqT_JAE&list=PLaTJSsRuu2Ufk7cX7bUTt9V-IJxa8wqSM&index=12,9,25,282,565282,0,0,565282,1.377530406,421494,1.341138901,,0.6713,4.001991539,20.7389,30.8924,94.9099,7.35212,,,,,,,,,,,,,,,,,,,,,,,,,,,,,,,,,,,,,,,,,,,,,,,,,,,,,,,,--,,,,,,,,,,,,,,,,,,,,,,,,,,,797,0,0,,,0,,,,,,,,
🇸🇰,NoFear1337,0,0,9:25.453,9:25.453,01 Jul 2023,1070,(U),unknown,,,https://www.youtube.com/watch?v=5J0MBJD0At4,9,25,453,565453,0,0,565453,1.377947115,465828,1.213866491,,0.5857,2.041629962,39.4282,67.3216,94.1439,7.37046,,,,,,,,,,,,,,,,,,,,,,,,,,,,,,,,,,,,,,,,,,,,,,,,,,,,,,,,--,,,,,,,,,,,,,,,,,,,,,,,,,,,1070,0,0,,,0,,,,,,,,
🇸🇪,PAPLERR,0,0,9:25.530,9:25.530,18 Aug 2024,656,(U),unknown,,,https://www.youtube.com/watch?v=LA8pvRHpJq8,9,25,530,565530,0,0,565530,1.378134755,421494,1.341727284,,0.7204,4.01399047,22.1365,30.7296,93.8003,7.37873,,,,,,,,,,,,,,,,,,,,,,,,,,,,,,,,,,,,,,,,,,,,,,,,,,,,,,,,,,,,,,,,,,,,,,,,,,,,,,,,,,,656,0,0.0000000001688128963,,,0,,,,,,,,
🇨🇦,Aquacorde,0,0,9:24.313,9:25.637,26 Sep 2024,617,(U),8823111015249469125,,,https://www.youtube.com/watch?v=9xLUevZxPBM,9,25,637,565637,1324,1.324,564313,1.378395502,421494,1.341981143,,0.7345,4.019177185,22.5208,30.6595,93.3242,7.39024,,,,,,,,,,,,,,,,,,,,,,,,,,,,,,,,,,,,,,,,,,,,,,,,,,,,,,,,--,,,,,,,,,,,,,,,,,,,,,,,,,,,617,0,0.00000001930339439,,,0,,,,,,,,
🇦🇺,Erikfzf,0,0,9:25.466,9:25.850,05 Nov 2023,943,(U),-7014933560991100257,09,Yes,https://www.youtube.com/watch?v=yTC-CTw-S9M,9,25,850,565850,384,0.384,565466,1.37891456,465828,1.214718737,,0.6241,2.051192504,41.8749,67.1002,92.3810,7.41319,,,,,,,,,,,,,,,,,,,,,,,,,,,,,,,,,,,,,,,,,,,,,,,,,,,,,,,,,,,,,,,,,,,,,,,,,,,,,,,,,,,943,0,0,,,0,,,,,,,,
🇺🇸,Reignex,0,0,9:25.893,9:25.893,22 Jun 2023,1079,(U),-3154839464526750191,12,Yes,https://www.youtube.com/watch?v=ODPP7xDMpkg,9,25,893,565893,0,0,565893,1.379019346,465828,1.214811046,,0.5830,2.052230664,39.1081,67.0762,92.1914,7.41783,,,,,,,,,,,,,,,,,,,,,,,,,,,,,,,,,,,,,,,,,,,,,,,,,,,,,,,,,,,,,,,,,,,,,,,,,,,,,,,,,,,1079,0,0,,,0,,,,,,,,
🇨🇿,Cursed_Carrot,0,0,9:22.576,9:26.302,15 Nov 2023,933,(U),Unknown,06,Yes,https://www.youtube.com/watch?v=Jz8Dku3uzKM,9,26,302,566302,3726,3.726,562576,1.380016035,465828,1.215689053,,0.6272,2.062128949,41.9263,66.8475,90.4001,7.46211,,,,,,,,,,,,,,,,,,,,,,,,,,,,,,,,,,,,,,,,,,,,,,,,,,,,,,,,,,,,,,,,,,,,,,,,,,,,,,,,,,,933,0,0,,,0,,,,,,,,
🇺🇸,doogile,0,0,9:26.244,9:26.244,08 Jul 2024,697,(U),-6098241121848454577,,,https://www.youtube.com/watch?v=yjRzgyThepc,9,26,244,566244,0,0,566244,1.379874695,421494,1.343421259,,0.7057,4.048712543,21.3577,30.2626,90.6527,7.45582,,,,,,,,,,,,,,,,,,,,,,,,,,,,,,,,,,,,,,,,,,,,,,,,,,,,,,,,--,,,,,,,,,,,,,,,,,,,,,,,,,,,697,0,0,,,0,,,,,,,,
🇺🇸,Feinberg,0,0,9:23.304,9:26.292,23 Oct 2022,1321,(U),8012915193548119046,,,https://www.youtube.com/watch?v=II4PzqmdYaU,9,26,292,566292,2988,2.988,563304,1.379991666,517884,1.09347267,,0.5166,1.034599476,47.0975,91.1694,90.4436,7.46103,,,,,,,,,,,,,,,,,,,,,,,,,,,,,,,,,,,,,,,,,,,,,,,,,,,,,,,,,,,,,,,,,,,,,,,,,,,,,,,,,,,1321,0,0,,,0,,,,,,,,
🇳🇴,skycrab1,0,0,9:26.342,9:26.342,29 Nov 2024,553,(U),-573879670804358217,,,https://www.youtube.com/watch?v=ljKL-oDGeS4&list=PLU3_fvoJ1GyMStiA29z37DUPtG47PvOJz&index=100,9,26,342,566342,0,0,566342,1.38011351,421494,1.343653765,,0.7584,4.05349886,22.9037,30.1986,90.2261,7.46646,,,,,,,,,,,,,,,,,,,,,,,,,,,,,,,,,,,,,,,,,,,,,,,,,,,,,,,,--,,,,,,,,,,,,,,,,,,,,,,,,,,,553,0.00000004524210306,0.00001366249648,,,0,,,,,,,,
🇿🇦,Airpodsz,0,0,9:26.396,9:26.396,06 Jan 2026,150,(U),-2175784441475197621,,,https://www.youtube.com/watch?v=LQDOgYw8GFM&list=PLjW0OIc7zcEcCMM5essHmBGzf92S0FzKi&index=21,9,26,396,566396,0,0,566396,1.380245102,410359,1.380245102,,0.9277,4.871594265,19.3027,20.8061,89.9916,7.47232,,,,,,,,,,,,,,,,,,,,,,,,,,,,,,,,,,,,,,,,,,,,,,,,,,,,,,,,,,,,,,,,,,,,,,,,,,,,,,,,,,,150,0.7135519747,148.4621409,,,0,,,,,,,,
🇸🇰,NoFear1337,0,0,9:25.778,9:26.417,11 Jun 2025,359,(U),unknown,,,https://www.youtube.com/watch?v=oA02Os8avDY,9,26,417,566417,639,0.639,565778,1.380296277,421494,1.343831703,,0.8357,4.057165217,25.1958,30.1497,89.9005,7.47461,,,,,,,,,,,,,,,,,,,,,,,,,,,,,,,,,,,,,,,,,,,,,,,,,,,,,,,,--,,,,,,,,,,,,,,,,,,,,,,,,,,,359,0.009785751303,2.950378813,,,0,,,,,,,,
🇫🇮,AndrewCrow,0,0,9:25.617,9:26.432,26 Mar 2025,436,(U),unknown,,,https://www.youtube.com/watch?v=P0dZdFlev4k,9,26,432,566432,815,0.815,565617,1.380332831,421494,1.343867291,,0.8041,4.057898838,24.2363,30.1400,89.8355,7.47624,,,,,,,,,,,,,,,,,,,,,,,,,,,,,,,,,,,,,,,,,,,,,,,,,,,,,,,,,,,,,,,,,,,,,,,,,,,,,,,,,,,436,0.0002514703168,0.07579307184,,,0,,,,,,,,
🇨🇦,silverr,0,0,9:26.582,9:26.582,20 Nov 2022,1293,(U),1572653948546520317,15,No,https://www.youtube.com/watch?v=144OjtguCG0,9,26,582,566582,0,0,566582,1.380698364,495537,1.143369718,,0.5239,1.377252629,43.5603,83.1500,89.1868,7.49256,,,,,,,,,,,,,,,,,,,,,,,,,,,,,,,,,,,,,,,,,,,,,,,,,,,,,,,,--,,,,,,,,,,,,,,,,,,,,,,,,,,,1293,0,0,,,0,,,,,,,,
🇳🇴,skycrab1,0,0,9:25.953,9:26.605,16 Jun 2024,719,(U),4052163355630291928,,,https://www.youtube.com/watch?v=5UOYqMnbR5Q&list=PLU3_fvoJ1GyMStiA29z37DUPtG47PvOJz&index=33,9,26,605,566605,652,0.652,565953,1.380754413,421494,1.344277736,,0.6980,4.066368362,20.9598,30.0273,89.0877,7.49507,,,,,,,,,,,,,,,,,,,,,,,,,,,,,,,,,,,,,,,,,,,,,,,,,,,,,,,,--,,,,,,,,,,,,,,,,,,,,,,,,,,,719,0,0,,,0,,,,,,,,
🇫🇮,sadekeppi,0,0,9:26.631,9:26.895,07 Feb 2026,118,(U),unknown,,,https://www.youtube.com/watch?v=2A6FRsoQeMs,9,26,895,566895,264,0.264,566631,1.381461111,410359,1.381461111,,0.9427,4.901098879,19.3447,20.5204,87.8432,7.52673,,,,,,,,,,,,,,,,,,,,,,,,,,,,,,,,,,,,,,,,,,,,,,,,,,,,,,,,,,,,,,,,,,,,,,,,,,,,,,,,,,,118,0.8484847223,174.1126636,,,0,,,,,,,,
🇿🇦,Airpodsz,0,0,9:27.357,9:27.357,22 Jul 2025,318,(U),-2604853440259743565,,,https://www.youtube.com/watch?v=VAFkDLDPYUQ&list=PLjW0OIc7zcEcCMM5essHmBGzf92S0FzKi&index=9,9,27,357,567357,0,0,567357,1.382586954,410359,1.382586954,,0.8530,4.928555051,17.2797,20.2577,85.8843,7.57742,,,,,,,,,,,,,,,,,,,,,,,,,,,,,,,,,,,,,,,,,,,,,,,,,,,,,,,,,,,,,,,,,,,,,,,,,,,,,,,,,,,318,0.04012550147,8.128491665,,,0,,,,,,,,
🇸🇪,PAPLERR,0,0,9:27.395,9:27.395,18 Sep 2024,625,(U),unknown,,,https://www.youtube.com/watch?v=UGZCTtyyeLM,9,27,395,567395,0,0,567395,1.382679556,421494,1.346152021,,0.7316,4.105241962,21.5934,29.5146,85.7244,7.58161,,,,,,,,,,,,,,,,,,,,,,,,,,,,,,,,,,,,,,,,,,,,,,,,,,,,,,,,,,,,,,,,,,,,,,,,,,,,,,,,,,,625,0,0.000000007364526477,,,0,,,,,,,,
🇺🇸,Feinberg,0,0,9:25.548,9:27.465,17 Nov 2022,1296,(U),-9141701029188025583,,,https://www.youtube.com/watch?v=csGOZLziuNI,9,27,465,567465,1917,1.917,565548,1.382850139,495537,1.145151623,,0.5231,1.391251848,43.3195,82.8146,85.4305,7.58932,,,,,,,,,,,,,,,,,,,,,,,,,,,,,,,,,,,,,,,,,,,,,,,,,,,,,,,,,,,,,,,,,,,,,,,,,,,,,,,,,,,1296,0,0,,,0,,,,,,,,
🇫🇮,sadekeppi,0,0,9:27.613,9:27.613,08 Feb 2026,117,(U),unknown,,,https://www.youtube.com/watch?v=QDSeKwk5Zx4,9,27,613,567613,0,0,567613,1.383210798,410359,1.383210798,,0.9432,4.943826727,18.9699,20.1128,84.8112,7.60564,,,,,,,,,,,,,,,,,,,,,,,,,,,,,,,,,,,,,,,,,,,,,,,,,,,,,,,,,,,,,,,,,,,,,,,,,,,,,,,,,,,117,0.8520063493,171.3622432,,,0,,,,,,,,
🇹🇿,Kxpow,0,0,9:23.950,9:27.626,29 Oct 2023,950,(U),-6876585563479815399,09,Yes,https://www.youtube.com/watch?v=cSA8vjfDlfU,9,27,626,567626,3676,3.676,563950,1.383242478,465828,1.218531303,,0.6219,2.09446692,41.1082,66.1025,84.7570,7.60708,,,,,,,,,,,,,,,,,,,,,,,,,,,,,,,,,,,,,,,,,,,,,,,,,,,,,,,,--,,,,,,,,,,,,,,,,,,,,,,,,,,,950,0,0,,,0,,,,,,,,
🇬🇧,biased,0,1,9:26.052,9:27.836,10 Dec 2023,908,(U),-7133651556852481155,12,Yes,https://www.speedrun.com/mc/runs/ywnrrk9y,9,27,836,567836,1784,1.784,566052,1.383754225,446254,1.272450219,,0.6351,2.800571063,32.3427,50.9268,83.8837,7.63030,,,,,,,,,,,,,,,,,,,,,,,,,,,,,,,,,,,,,,,,,,,,,,,,,,,,,,,,,,,,,,,,,,,,,,,,,,,,,,,,,,,908,0,0,,,0,,,,,,,,
🇺🇸,doogile,0,0,9:27.915,9:27.915,24 Mar 2025,438,(U),-5268124447019689631,,,https://www.youtube.com/watch?v=uCE8j5wqBaA,9,27,915,567915,0,0,567915,1.383946739,421494,1.347385728,,0.8033,4.13100748,23.4400,29.1788,83.5568,7.63905,,,,,,,,,,,,,,,,,,,,,,,,,,,,,,,,,,,,,,,,,,,,,,,,,,,,,,,,--,,,,,,,,,,,,,,,,,,,,,,,,,,,438,0.0002242459315,0.06543233038,,,0,,,,,,,,
🇳🇴,skycrab1,0,0,9:28.206,9:28.206,22 Jul 2025,318,(U),unknown,,,https://www.youtube.com/watch?v=ENH9wNoiQAo&list=PLU3_fvoJ1GyMStiA29z37DUPtG47PvOJz&index=135,9,28,206,568206,0,0,568206,1.384655874,410359,1.384655874,,0.8530,4.979361242,16.8716,19.7792,82.3596,7.67137,,,,,,,,,,,,,,,,,,,,,,,,,,,,,,,,,,,,,,,,,,,,,,,,,,,,,,,,--,,,,,,,,,,,,,,,,,,,,,,,,,,,318,0.04012550147,7.93648739,,,0,,,,,,,,
🇨🇦,dandannyboy,0,1,9:27.290,9:28.538,18 Mar 2023,1175,(V),9012700196601131274,11,Yes,https://www.speedrun.com/mc/run/yv87r88m,9,28,538,568538,1248,1.248,567290,1.385464922,465828,1.220489108,,0.5557,2.117006786,36.4468,65.5854,81.0077,7.70839,,,,,,,,,,,,,,,,,,,,,,,,,,,,,,,,,,,,,,,,,,,,,,,,,,,,,,,,,,,,,,,,,,,,,,,,,,,,,,,,,,,1175,0,0,,,0,,,,,,,,
🇳🇴,skycrab1,0,0,9:28.538,9:28.538,25 Dec 2025,162,(U),1919295731799192555,,,https://www.youtube.com/watch?v=1c-F687nKas&list=PLU3_fvoJ1GyMStiA29z37DUPtG47PvOJz&index=105,9,28,538,568538,0,0,568538,1.385464922,410359,1.385464922,,0.9222,4.999353168,18.0691,19.5936,81.0077,7.70839,,,,,,,,,,,,,,,,,,,,,,,,,,,,,,,,,,,,,,,,,,,,,,,,,,,,,,,,--,,,,,,,,,,,,,,,,,,,,,,,,,,,162,0.6536698967,128.0773699,,,0,,,,,,,,
🇨🇦,Aquacorde,0,0,9:28.545,9:28.545,28 May 2025,373,(U),8276441451627221996,,,https://www.youtube.com/watch?v=qGEzygjg50o,9,28,545,568545,0,0,568545,1.38548198,421494,1.348880411,,0.8299,4.16241361,23.8782,28.7738,80.9794,7.70917,,,,,,,,,,,,,,,,,,,,,,,,,,,,,,,,,,,,,,,,,,,,,,,,,,,,,,,,--,,,,,,,,,,,,,,,,,,,,,,,,,,,373,0.00557472829,1.604059438,,,0,,,,,,,,
🇿🇦,Airpodsz,0,0,9:26.396,9:26.396,06 Jan 2025,515,(U),-2175784441475197621,,,https://www.youtube.com/watch?v=LQDOgYw8GFM&list=PLjW0OIc7zcEcCMM5essHmBGzf92S0FzKi&index=21,9,26,396,566396,0,0,566396,1.380245102,421494,1.343781881,,0.7730,4.056138343,23.3158,30.1634,89.9916,7.47232,,,,,,,,,,,,,,,,,,,,,,,,,,,,,,,,,,,,,,,,,,,,,,,,,,,,,,,,,,,,,,,,,,,,,,,,,,,,,,,,,,,515,0.000001169320789,0.0003527072465,,,0,,,,,,,,
🇿🇦,Airpodsz,0,0,9:26.613,9:26.613,09 Nov 2025,208,(U),-2354651812036719635,,,https://www.youtube.com/watch?v=P0EKdJ-0n-k&list=PLjW0OIc7zcEcCMM5essHmBGzf92S0FzKi&index=17,9,26,613,566613,0,0,566613,1.380773908,410359,1.380773908,,0.9012,4.884405775,18.6388,20.6816,89.0532,7.49594,,,,,,,,,,,,,,,,,,,,,,,,,,,,,,,,,,,,,,,,,,,,,,,,,,,,,,,,,,,,,,,,,,,,,,,,,,,,,,,,,,,208,0.4066138969,84.09433089,,,0,,,,,,,,
🇿🇦,Airpodsz,0,0,9:27.943,9:27.943,09 Nov 2025,208,(U),-1774896006983302139,,,https://www.youtube.com/watch?v=HW1RGgQ0eBU&list=PLjW0OIc7zcEcCMM5essHmBGzf92S0FzKi&index=18,9,27,943,567943,0,0,567943,1.384014972,410359,1.384014972,,0.9012,4.963573939,17.9585,19.9268,83.4411,7.64216,,,,,,,,,,,,,,,,,,,,,,,,,,,,,,,,,,,,,,,,,,,,,,,,,,,,,,,,,,,,,,,,,,,,,,,,,,,,,,,,,,,208,0.4066138969,81.02508191,,,0,,,,,,,,
🇿🇦,Airpodsz,0,0,9:28.092,9:28.092,26 Jan 2026,130,(U),-2419031821582277757,,,https://www.youtube.com/watch?v=O-h0iAKkziw&list=PLjW0OIc7zcEcCMM5essHmBGzf92S0FzKi&index=24,9,28,92,568092,0,0,568092,1.384378069,410359,1.384378069,,0.9371,4.972512692,18.5943,19.8431,82.8272,7.65870,,,,,,,,,,,,,,,,,,,,,,,,,,,,,,,,,,,,,,,,,,,,,,,,,,,,,,,,,,,,,,,,,,,,,,,,,,,,,,,,,,,130,0.8027595897,159.2922551,,,0,,,,,,,,
🇨🇦,Aquacorde,0,0,9:28.680,9:28.680,25 Jun 2025,345,(U),-1610154249394651609,,,https://www.youtube.com/watch?v=SsOvlZxk2S0,9,28,680,568680,0,0,568680,1.385810961,410359,1.385810961,,0.8416,5.007925343,16.4226,19.5145,80.4340,7.72427,,,,,,,,,,,,,,,,,,,,,,,,,,,,,,,,,,,,,,,,,,,,,,,,,,,,,,,,--,,,,,,,,,,,,,,,,,,,,,,,,,,,345,0.01646756649,3.213560001,,,0,,,,,,,,
🇬🇧,Mauvu,0,1,9:27.622,9:28.892,21 Apr 2023,1141,(V),7554296837427947431,09,Yes,https://www.speedrun.com/mc/run/y2g97jjz,9,28,892,568892,1270,1.27,567622,1.386327581,465828,1.221249045,,0.5652,2.125814444,36.9577,65.3838,79.5826,7.74804,,,,,,,,,,,,,,,,,,,,,,,,,,,,,,,,,,,,,,,,,,,,,,,,,,,,,,,,,,,,,,,,,,,,,,,,,,,,,,,,,,,1141,0,0,,,0,,,,,,,,
🇬🇧,priffie,0,1,9:28.626,9:29.199,08 Apr 2023,1154,(V),-7240688859963036907,12,Yes,https://www.speedrun.com/mc/run/y804n81m,9,29,199,569199,573,0.573,568626,1.387075707,465828,1.221908086,,0.5616,2.133479396,36.6199,65.2086,78.3603,7.78257,,,,,,,,,,,,,,,,,,,,,,,,,,,,,,,,,,,,,,,,,,,,,,,,,,,,,,,,--,,,,,,,,,,,,,,,,,,,,,,,,,,,1154,0,0,,,0,,,,,,,,
🇺🇸,zylenox,0,0,9:26.039,9:29.346,26 May 2025,375,(U),unknown,,,https://www.youtube.com/watch?v=c2Ydcw7kyzQ,9,29,346,569346,3307,3.307,566039,1.38743393,421494,1.350780794,,0.8290,4.202646929,23.4297,28.2617,77.7794,7.79915,,,,,,,,,,,,,,,,,,,,,,,,,,,,,,,,,,,,,,,,,,,,,,,,,,,,,,,,,,,,,,,,,,,,,,,,,,,,,,,,,,,375,0.005125959766,1.448681989,,,0,,,,,,,,
🇺🇸,zylenox,0,0,9:23.337,9:29.349,21 Apr 2023,1141,(U),-9047486339153673349,12,Yes,https://www.youtube.com/watch?v=YnxRG1jCZTA,9,29,349,569349,6012,6.012,563337,1.38744124,465828,1.222230094,,0.5652,2.137233517,36.8102,65.1229,77.7676,7.79949,,,,,,,,,,,,,,,,,,,,,,,,,,,,,,,,,,,,,,,,,,,,,,,,,,,,,,,,--,,,,,,,,,,,,,,,,,,,,,,,,,,,1141,0,0,,,0,,,,,,,,
🇺🇸,doogile,0,0,9:28.970,9:29.443,26 Apr 2024,770,(U),-2635465260695469451,,,https://www.youtube.com/watch?v=pcDuyhI1pfU,9,29,443,569443,473,0.473,568970,1.387670308,421494,1.351010928,,0.6805,4.207542233,19.1886,28.1999,77.3978,7.81011,,,,,,,,,,,,,,,,,,,,,,,,,,,,,,,,,,,,,,,,,,,,,,,,,,,,,,,,--,,,,,,,,,,,,,,,,,,,,,,,,,,,770,0,0,,,0,,,,,,,,
🇷🇺,aleen,0,0,9:26.515,9:29.470,28 Dec 2023,890,(U),8241236612932344167,,,https://www.youtube.com/watch?v=kWIGRiiqiSY,9,29,470,569470,2955,2.955,566515,1.387736104,446254,1.276111811,,0.6408,2.855440908,31.9433,49.8472,77.2917,7.81316,,,,,,,,,,,,,,,,,,,,,,,,,,,,,,,,,,,,,,,,,,,,,,,,,,,,,,,,,,,,,,,,,,,,,,,,,,,,,,,,,,,890,0,0,,,0,,,,,,,,
🇿🇦,Airpodsz,0,0,9:29.281,9:29.281,20 Mar 2026,77,(U),6777406368169812581,,,https://www.youtube.com/watch?v=whpjt7M0YYg&list=PLjW0OIc7zcEcCMM5essHmBGzf92S0FzKi&index=38,9,29,281,569281,0,0,569281,1.387275532,410359,1.387275532,,0.9622,5.044348676,18.4570,19.1815,78.0359,7.79181,,,,,,,,,,,,,,,,,,,,,,,,,,,,,,,,,,,,,,,,,,,,,,,,,,,,,,,,,,,,,,,,,,,,,,,,,,,,,,,,,,,77,0.9553731326,183.2545062,,,0,,,,,,,,
🇳🇴,skycrab1,0,0,9:26.981,9:29.598,07 May 2024,759,(U),unknown,,,https://www.youtube.com/watch?v=HE41uYZ0V0c&list=PLU3_fvoJ1GyMStiA29z37DUPtG47PvOJz&index=18,9,29,598,569598,2617,2.617,566981,1.388048026,421494,1.351378667,,0.6842,4.215375017,19.2270,28.1013,76.7905,7.82765,,,,,,,,,,,,,,,,,,,,,,,,,,,,,,,,,,,,,,,,,,,,,,,,,,,,,,,,--,,,,,,,,,,,,,,,,,,,,,,,,,,,759,0,0,,,0,,,,,,,,
🇳🇴,skycrab1,0,0,9:27.107,9:29.673,13 Aug 2024,661,(U),-3946489265844514970,,,https://www.youtube.com/watch?v=M5EHSGhejt8&list=PLU3_fvoJ1GyMStiA29z37DUPtG47PvOJz&index=52,9,29,673,569673,2566,2.566,567107,1.388230793,421494,1.351556606,,0.7186,4.219169668,20.1583,28.0536,76.4978,7.83615,,,,,,,,,,,,,,,,,,,,,,,,,,,,,,,,,,,,,,,,,,,,,,,,,,,,,,,,--,,,,,,,,,,,,,,,,,,,,,,,,,,,661,0,0,,,0,,,,,,,,
🇨🇳,pluginL,0,1,9:27.131,9:29.681,24 Dec 2023,894,(V),unknown,,,https://www.speedrun.com/mc/runs/mkqp0p1m,9,29,681,569681,2550,2.55,567131,1.388250288,446254,1.276584636,,0.6395,2.862595478,31.7902,49.7076,76.4666,7.83706,,,,,,,,,,,,,,,,,,,,,,,,,,,,,,,,,,,,,,,,,,,,,,,,,,,,,,,,,,,,,,,,,,,,,,,,,,,,,,,,,,,894,0,0,,,0,,,,,,,,
🇩🇰,Bloopy,0,0,9:29.719,9:29.719,04 May 2024,762,(U),2537181557128625381,,,https://www.youtube.com/watch?v=rmm0JiGtxuA,9,29,719,569719,0,0,569719,1.38834289,421494,1.351665741,,0.6832,4.221498537,19.1456,28.0243,76.3186,7.84137,,,,,,,,,,,,,,,,,,,,,,,,,,,,,,,,,,,,,,,,,,,,,,,,,,,,,,,,--,,,,,,,,,,,,,,,,,,,,,,,,,,,762,0,0,,,0,,,,,,,,
🇩🇰,Bloopy,0,0,9:29.416,9:29.779,21 Sep 2024,622,(U),-4222360412448811712,,,https://www.youtube.com/watch?v=mWQwmeDz0b8,9,29,779,569779,363,0.363,569416,1.388489103,421494,1.351808092,,0.7327,4.224537889,20.5059,27.9862,76.0854,7.84818,,,,,,,,,,,,,,,,,,,,,,,,,,,,,,,,,,,,,,,,,,,,,,,,,,,,,,,,--,,,,,,,,,,,,,,,,,,,,,,,,,,,622,0,0.000000009908359949,,,0,,,,,,,,
🇷🇺,aleen,0,1,9:27.498,9:29.799,30 Mar 2023,1163,(V),-3937335511967148505,04,Yes,https://www.speedrun.com/mc/runs/meed7lqm,9,29,799,569799,2301,2.301,567498,1.388537841,465828,1.223196115,,0.5591,2.148531547,36.2635,64.8652,76.0077,7.85045,,,,,,,,,,,,,,,,,,,,,,,,,,,,,,,,,,,,,,,,,,,,,,,,,,,,,,,,,,,,,,,,,,,,,,,,,,,,,,,,,,,1163,0,0,,,0,,,,,,,,
🇸🇰,NoFear1337,0,0,9:28.431,9:29.817,17 Jan 2024,870,(U),unknown,,,https://www.youtube.com/watch?v=2cTYxX1bq7o&list=PLaTJSsRuu2UeeWabBBfNVWALvnefBoL2C&index=4,9,29,817,569817,1386,1.386,568431,1.388581705,421494,1.351898248,,0.6473,4.226463805,18.0989,27.9621,75.9379,7.85250,,,,,,,,,,,,,,,,,,,,,,,,,,,,,,,,,,,,,,,,,,,,,,,,,,,,,,,,--,,,,,,,,,,,,,,,,,,,,,,,,,,,870,0,0,,,0,,,,,,,,
🇱🇹,Fluhhe,0,1,9:29.980,9:29.980,18 Nov 2022,1295,(V),2080172975809117900,12,Yes,https://www.speedrun.com/mc/run/y6x1gp1y,9,29,980,569980,0,0,569980,1.388978918,495537,1.150226926,,0.5234,1.431848152,42.8313,81.8403,75.3074,7.87103,,,,,,,,,,,,,,,,,,,,,,,,,,,,,,,,,,,,,,,,,,,,,,,,,,,,,,,,,,,,,,,,,,,,,,,,,,,,,,,,,,,1295,0,0,,,0,,,,,,,,
🇺🇸,doogile,0,0,9:27.467,9:29.905,19 Oct 2022,1325,(U),-6120632814765297894,,,https://www.youtube.com/watch?v=KngO-bBQ6z0,9,29,905,569905,2438,2.438,567467,1.388796152,517884,1.100449135,,0.5156,1.077146811,46.5054,90.2034,75.5971,7.86250,,,,,,,,,,,,,,,,,,,,,,,,,,,,,,,,,,,,,,,,,,,,,,,,,,,,,,,,--,,,,,,,,,,,,,,,,,,,,,,,,,,,1325,0,0,,,0,,,,,,,,
🇳🇴,skycrab1,0,0,9:29.936,9:29.936,24 Sep 2024,619,(U),-5978876616461348700,,,https://www.youtube.com/watch?v=lNwP-AfLpC4&list=PLU3_fvoJ1GyMStiA29z37DUPtG47PvOJz&index=73,9,29,936,569936,0,0,569936,1.388871695,421494,1.352180577,,0.7338,4.232499951,20.4636,27.8866,75.4773,7.86602,,,,,,,,,,,,,,,,,,,,,,,,,,,,,,,,,,,,,,,,,,,,,,,,,,,,,,,,--,,,,,,,,,,,,,,,,,,,,,,,,,,,619,0,0.000000013961891,,,0,,,,,,,,
🇺🇦,7rowl,0,0,9:30.025,9:30.025,19 Dec 2023,899,(U),5331888045547392312,12,Yes,https://www.youtube.com/watch?v=7ub8Kvb-CkY,9,30,25,570025,0,0,570025,1.389088579,446254,1.277355497,,0.6379,2.874293942,31.5655,49.4799,75.1340,7.87616,,,,,,,,,,,,,,,,,,,,,,,,,,,,,,,,,,,,,,,,,,,,,,,,,,,,,,,,,,,,,,,,,,,,,,,,,,,,,,,,,,,899,0,0,,,0,,,,,,,,
🇫🇮,AndrewCrow,0,0,9:29.406,9:30.054,04 Jul 2025,336,(U),unknown,,,https://www.youtube.com/watch?v=vaF2tNGXMo4,9,30,54,570054,648,0.648,569406,1.389159248,410359,1.389159248,,0.8454,5.091536446,15.8566,18.7574,75.0224,7.87946,,,,,,,,,,,,,,,,,,,,,,,,,,,,,,,,,,,,,,,,,,,,,,,,,,,,,,,,,,,,,,,,,,,,,,,,,,,,,,,,,,,336,0.02252103314,4.224361957,,,0,,,,,,,,
🇺🇸,zylenox,0,0,9:26.907,9:30.104,25 Sep 2023,984,(U),unknown,,,https://www.youtube.com/watch?v=-xiJj1JVujk,9,30,104,570104,3197,3.197,566907,1.389281093,465828,1.223850863,,0.6114,2.156219599,39.5517,64.6901,74.8302,7.88516,,,,,,,,,,,,,,,,,,,,,,,,,,,,,,,,,,,,,,,,,,,,,,,,,,,,,,,,--,,,,,,,,,,,,,,,,,,,,,,,,,,,984,0,0,,,0,,,,,,,,
🇨🇦,silverr,0,0,9:30.447,9:30.447,04 Sep 2023,1005,(U),unknown,??,Yes,https://www.youtube.com/watch?v=YUQuFcbgMHQ,9,30,447,570447,0,0,570447,1.390116946,465828,1.224587187,,0.6050,2.164895039,39.0192,64.4928,73.5208,7.92436,,,,,,,,,,,,,,,,,,,,,,,,,,,,,,,,,,,,,,,,,,,,,,,,,,,,,,,,,,,,,,,,,,,,,,,,,,,,,,,,,,,1005,0,0,,,0,,,,,,,,
🇵🇱,Mixray,0,1,9:25.735,9:30.513,04 Nov 2023,944,(U),-5905769840829513487,04,Yes,https://www.youtube.com/watch?v=WElcYQqI0oQ,9,30,513,570513,4778,4.778,565735,1.390277781,465828,1.22472887,,0.6238,2.16656796,40.2039,64.4548,73.2706,7.93192,,,,,,,,,,,,,,,,,,,,,,,,,,,,,,,,,,,,,,,,,,,,,,,,,,,,,,,,,,,,,,,,,,,,,,,,,,,,,,,,,,,944,0,0,,,0,,,,,,,,
🇹🇿,Kxpow,0,0,9:29.834,9:30.586,02 Feb 2024,854,(U),920429739470121297,,,https://www.youtube.com/watch?v=OauRzq1hZQc,9,30,586,570586,752,0.752,569834,1.390455674,421494,1.35372271,,0.6525,4.265604247,17.9268,27.4755,72.9946,7.94029,,,,,,,,,,,,,,,,,,,,,,,,,,,,,,,,,,,,,,,,,,,,,,,,,,,,,,,,,,,,,,,,,,,,,,,,,,,,,,,,,,,854,0,0,,,0,,,,,,,,
🇺🇦,7rowl,0,0,9:30.657,9:30.657,02 Jun 2023,1099,(U),Unknown,12,Yes,https://www.youtube.com/watch?v=y7I-tBARvMo,9,30,657,570657,0,0,570657,1.390628693,465828,1.225037997,,0.5772,2.170222002,37.1579,64.3718,72.7268,7.94844,,,,,,,,,,,,,,,,,,,,,,,,,,,,,,,,,,,,,,,,,,,,,,,,,,,,,,,,,,,,,,,,,,,,,,,,,,,,,,,,,,,1099,0,0,,,0,,,,,,,,
🇵🇱,watermelon1708,0,0,9:30.313,9:30.785,08 Nov 2025,209,(U),unknown,,,https://www.youtube.com/watch?v=Pm6Yt1efFdU,9,30,785,570785,472,0.472,570313,1.390940615,410359,1.390940615,,0.9008,5.136514924,16.5390,18.3609,72.2457,7.96315,,,,,,,,,,,,,,,,,,,,,,,,,,,,,,,,,,,,,,,,,,,,,,,,,,,,,,,,--,,,,,,,,,,,,,,,,,,,,,,,,,,,209,0.4013453903,73.69051211,,,0,,,,,,,,
🇺🇸,Kruin,0,1,9:24.729,9:30.812,09 Aug 2023,1031,(V),7325938221011148995,15,Yes,https://www.speedrun.com/mc/runs/mrl56x4m,9,30,812,570812,6083,6.083,564729,1.391006411,465828,1.225370738,,0.5972,2.17416136,38.3896,64.2824,72.1445,7.96626,,,,,,,,,,,,,,,,,,,,,,,,,,,,,,,,,,,,,,,,,,,,,,,,,,,,,,,,,,,,,,,,,,,,,,,,,,,,,,,,,,,1031,0,0,,,0,,,,,,,,
🇺🇸,doogile,0,0,9:30.866,9:30.866,14 Aug 2024,660,(U),-5785712557054868103,,,https://www.youtube.com/watch?v=IaJnBpkCYeE,9,30,866,570866,0,0,570866,1.391138004,421494,1.354387014,,0.7189,4.279934451,19.6260,27.2992,71.9423,7.97248,,,,,,,,,,,,,,,,,,,,,,,,,,,,,,,,,,,,,,,,,,,,,,,,,,,,,,,,--,,,,,,,,,,,,,,,,,,,,,,,,,,,660,0,0,,,0,,,,,,,,
🇩🇰,Bloopy,0,0,9:30.985,9:30.985,23 Feb 2025,467,(U),4074137476637722037,,,https://www.youtube.com/watch?v=fidYadn3gaU,9,30,985,570985,0,0,570985,1.391427994,421494,1.354669343,,0.7918,4.286037571,21.5551,27.2243,71.4983,7.98619,,,,,,,,,,,,,,,,,,,,,,,,,,,,,,,,,,,,,,,,,,,,,,,,,,,,,,,,--,,,,,,,,,,,,,,,,,,,,,,,,,,,467,0.00003774127254,0.01027481596,,,0,,,,,,,,
🇨🇦,EvanKeen,0,1,9:28.162,9:31.118,19 May 2022,1478,(V),6318159047332790071,,,https://www.speedrun.com/mc/runs/z1pxrk7z,9,31,118,571118,2956,2.956,568162,1.3917521,548820,1.040628986,,0.4776,0.7607564858,46.3339,97.0157,71.0042,8.00154,,,,,,,,,,,,,,,,,,,,,,,,,,,,,,,,,,,,,,,,,,,,,,,,,,,,,,,,,,,,,,,,,,,,,,,,,,,,,,,,,,,1478,0,0,,,0,,,,,,,,
🇫🇮,sadekeppi,0,0,9:30.876,9:31.265,31 May 2025,370,(U),unknown,,,https://www.youtube.com/watch?v=iJRCQkhKdPs,9,31,265,571265,389,0.389,570876,1.392110323,421494,1.355333647,,0.8311,4.300427991,22.4802,27.0486,70.4608,8.01854,,,,,,,,,,,,,,,,,,,,,,,,,,,,,,,,,,,,,,,,,,,,,,,,,,,,,,,,,,,,,,,,,,,,,,,,,,,,,,,,,,,370,0.006312017014,1.70731203,,,0,,,,,,,,
🇳🇴,skycrab1,0,0,9:30.274,9:31.319,16 Jun 2024,719,(U),1613878261208097476,,,https://www.youtube.com/watch?v=8s8EV_O6Ndk&list=PLU3_fvoJ1GyMStiA29z37DUPtG47PvOJz&index=32,9,31,319,571319,1045,1.045,570274,1.392241915,421494,1.355461762,,0.6980,4.303208158,18.8570,27.0148,70.2619,8.02479,,,,,,,,,,,,,,,,,,,,,,,,,,,,,,,,,,,,,,,,,,,,,,,,,,,,,,,,--,,,,,,,,,,,,,,,,,,,,,,,,,,,719,0,0,,,0,,,,,,,,
🇫🇮,AndrewCrow,0,0,9:31.244,9:31.377,28 Nov 2025,189,(U),unknown,,,https://www.youtube.com/watch?v=lKt9DvJSsdE,9,31,377,571377,133,0.133,571244,1.392383255,410359,1.392383255,,0.9098,5.173194885,16.4160,18.0430,70.0486,8.03151,,,,,,,,,,,,,,,,,,,,,,,,,,,,,,,,,,,,,,,,,,,,,,,,,,,,,,,,,,,,,,,,,,,,,,,,,,,,,,,,,,,189,0.5090918128,91.85522538,,,0,,,,,,,,
🇿🇦,Airpodsz,0,0,9:31.446,9:31.446,10 Oct 2025,238,(U),5371483678379121796,,,https://www.youtube.com/watch?v=FLtLJIjnd-I&list=PLjW0OIc7zcEcCMM5essHmBGzf92S0FzKi&index=14,9,31,446,571446,0,0,571446,1.3925514,410359,1.3925514,,0.8878,5.177484944,15.9860,18.0061,69.7956,8.03951,,,,,,,,,,,,,,,,,,,,,,,,,,,,,,,,,,,,,,,,,,,,,,,,,,,,,,,,,,,,,,,,,,,,,,,,,,,,,,,,,,,238,0.2597262207,46.76654602,,,0,,,,,,,,
🇸🇪,PAPLERR,0,0,9:31.570,9:31.570,26 Jul 2024,679,(U),unknown,,,https://www.youtube.com/watch?v=llnmfz4ICI4,9,31,570,571570,0,0,571570,1.392853575,421494,1.356057263,,0.7121,4.3161515,19.1260,26.8576,69.3423,8.05391,,,,,,,,,,,,,,,,,,,,,,,,,,,,,,,,,,,,,,,,,,,,,,,,,,,,,,,,,,,,,,,,,,,,,,,,,,,,,,,,,,,679,0,0,,,0,,,,,,,,
🇬🇧,priffie,0,0,9:31.697,9:31.697,26 Apr 2024,770,(U),unknown,,,https://www.youtube.com/watch?v=wXAoFAxdCBE,9,31,697,571697,0,0,571697,1.39316306,421494,1.356358572,,0.6805,4.322713528,18.2213,26.7783,68.8802,8.06868,,,,,,,,,,,,,,,,,,,,,,,,,,,,,,,,,,,,,,,,,,,,,,,,,,,,,,,,,,,,,,,,,,,,,,,,,,,,,,,,,,,770,0,0,,,0,,,,,,,,
🇺🇸,doogile,0,0,9:29.751,9:32.126,10 May 2023,1122,(U),1251289617466531900,,,https://www.youtube.com/watch?v=y6WViu7_6NI,9,32,126,572126,2375,2.375,569751,1.394208486,465828,1.228191521,,0.5706,2.207815865,36.2475,63.5209,67.3348,8.11875,,,,,,,,,,,,,,,,,,,,,,,,,,,,,,,,,,,,,,,,,,,,,,,,,,,,,,,,--,,,,,,,,,,,,,,,,,,,,,,,,,,,1122,0,0,,,0,,,,,,,,
🇸🇪,v_strid,0,0,9:31.248,9:32.248,24 Feb 2024,832,(U),unknown,,,https://www.youtube.com/watch?v=l2zo2jvif04,9,32,248,572248,1000,1,571248,1.394505786,421494,1.357665827,,0.6597,4.351284911,17.4387,26.4351,66.8997,8.13304,,,,,,,,,,,,,,,,,,,,,,,,,,,,,,,,,,,,,,,,,,,,,,,,,,,,,,,,,,,,,,,,,,,,,,,,,,,,,,,,,,,,,,,,,,,,,,,,
🇯🇵,mebuki117,0,1,9:28.810,9:32.312,10 Nov 2022,1303,(V),3603260969608126058,09,Yes,https://www.speedrun.com/mc/run/zx8r8dem,9,32,312,572312,3502,3.502,568810,1.394661747,495537,1.154932931,,0.5213,1.470463137,42.1764,80.9119,66.6723,8.14054,,,,,,,,,,,,,,,,,,,,,,,,,,,,,,,,,,,,,,,,,,,,,,,,,,,,,,,,,,,,,,,,,,,,,,,,,,,,,,,,,,,1303,0,0,,,0,,,,,,,,
🇳🇴,skycrab1,0,0,9:31.708,9:32.427,14 Jun 2024,721,(U),2235642990872806134,,,https://www.youtube.com/watch?v=TK7I7irT2Ig&list=PLU3_fvoJ1GyMStiA29z37DUPtG47PvOJz&index=30,9,32,427,572427,719,0.719,571708,1.39494199,421494,1.358090507,,0.6973,4.360602307,18.3564,26.3239,66.2649,8.15404,,,,,,,,,,,,,,,,,,,,,,,,,,,,,,,,,,,,,,,,,,,,,,,,,,,,,,,,--,,,,,,,,,,,,,,,,,,,,,,,,,,,721,0,0,,,0,,,,,,,,
🇿🇦,Airpodsz,0,0,9:32.438,9:32.438,27 Oct 2025,221,(U),2979817871645690531,,,https://www.youtube.com/watch?v=yAvo-mhmCUw&list=PLjW0OIc7zcEcCMM5essHmBGzf92S0FzKi&index=15,9,32,438,572438,0,0,572438,1.394968796,410359,1.394968796,,0.8954,5.239506913,15.6518,17.4805,66.2260,8.15533,,,,,,,,,,,,,,,,,,,,,,,,,,,,,,,,,,,,,,,,,,,,,,,,,,,,,,,,,,,,,,,,,,,,,,,,,,,,,,,,,,,221,0.3398040673,59.39938017,,,0,,,,,,,,
🇺🇸,doogile,0,0,9:32.194,9:32.494,25 May 2025,376,(U),-1725089180716272190,,,https://www.youtube.com/watch?v=wXXYlwLqc64,9,32,494,572494,300,0.3,572194,1.395105261,421494,1.358249465,,0.8286,4.364094323,21.7780,26.2824,66.0283,8.16192,,,,,,,,,,,,,,,,,,,,,,,,,,,,,,,,,,,,,,,,,,,,,,,,,,,,,,,,--,,,,,,,,,,,,,,,,,,,,,,,,,,,376,0.004913653108,1.291425109,,,0,,,,,,,,
🇿🇦,Airpodsz,0,0,9:32.712,9:32.712,04 Feb 2026,121,(U),-5491553150795514793,,,https://www.youtube.com/watch?v=gUqcgYIBV68&list=PLjW0OIc7zcEcCMM5essHmBGzf92S0FzKi&index=29,9,32,712,572712,0,0,572712,1.395636504,410359,1.395636504,,0.9413,5.256751995,16.3190,17.3368,65.2626,8.18759,,,,,,,,,,,,,,,,,,,,,,,,,,,,,,,,,,,,,,,,,,,,,,,,,,,,,,,,,,,,,,,,,,,,,,,,,,,,,,,,,,,121,0.8376490173,145.2211597,,,0,,,,,,,,
🇸🇰,NoFear1337,0,0,9:32.897,9:32.897,15 Dec 2023,903,(U),unknown,,,https://www.youtube.com/watch?v=SROkWtFTBvE,9,32,897,572897,0,0,572897,1.396087328,446254,1.283791294,,0.6367,2.973630914,30.2896,47.5749,64.6176,8.20943,,,,,,,,,,,,,,,,,,,,,,,,,,,,,,,,,,,,,,,,,,,,,,,,,,,,,,,,--,,,,,,,,,,,,,,,,,,,,,,,,,,,903,0,0,,,0,,,,,,,,
🇸🇪,PAPLERR,0,0,9:33.074,9:33.074,12 Apr 2024,784,(U),unknown,,,https://www.youtube.com/watch?v=enTTmFZU3D8,9,33,74,573074,0,0,573074,1.396518658,421494,1.359625523,,0.6757,4.394426395,17.5168,25.9238,64.0047,8.23037,,,,,,,,,,,,,,,,,,,,,,,,,,,,,,,,,,,,,,,,,,,,,,,,,,,,,,,,,,,,,,,,,,,,,,,,,,,,,,,,,,,784,0,0,,,0,,,,,,,,
🇺🇸,Feinberg,0,0,9:33.123,9:33.123,21 Dec 2025,166,(U),1570558326201400964,,No,https://www.youtube.com/watch?v=6rzjZzzcGeA,9,33,123,573123,0,0,573123,1.396638066,410359,1.396638066,,0.9204,5.282712608,15.7586,17.1224,63.8357,8.23618,,,,,,,,,,,,,,,,,,,,,,,,,,,,,,,,,,,,,,,,,,,,,,,,,,,,,,,,,,,,,,,,,,,,,,,,,,,,,,,,,,,166,0.6329083842,108.3688426,,,0,,,,,,,,
🇳🇴,skycrab1,0,0,9:32.943,9:33.168,21 Oct 2025,227,(U),see video,,,https://www.youtube.com/watch?v=lHiL5mg3oA4&list=PLU3_fvoJ1GyMStiA29z37DUPtG47PvOJz&index=145,9,33,168,573168,225,0.225,572943,1.396747726,410359,1.396747726,,0.8927,5.285561803,15.2643,17.0990,63.6808,8.24151,,,,,,,,,,,,,,,,,,,,,,,,,,,,,,,,,,,,,,,,,,,,,,,,,,,,,,,,--,,,,,,,,,,,,,,,,,,,,,,,,,,,227,0.3104574885,53.08503713,,,0,,,,,,,,
🇵🇱,mati_lopez,0,1,9:33.192,9:33.192,12 Dec 2023,906,(V),6639007270022584625,06,Yes,https://www.speedrun.com/mc/runs/mr2l5n4y,9,33,192,573192,0,0,573192,1.396806211,446254,1.284452352,,0.6357,2.984004895,30.1196,47.3789,63.5983,8.24436,,,,,,,,,,,,,,,,,,,,,,,,,,,,,,,,,,,,,,,,,,,,,,,,,,,,,,,,,,,,,,,,,,,,,,,,,,,,,,,,,,,906,0,0,,,0,,,,,,,,
🇸🇰,NoFear1337,0,0,9:33.243,9:33.243,23 Jul 2025,317,(U),unknown,,,https://www.youtube.com/watch?v=Ucnbg8kATvI,9,33,243,573243,0,0,573243,1.396930493,410359,1.396930493,,0.8534,5.290313444,14.5594,17.0600,63.4232,8.25041,,,,,,,,,,,,,,,,,,,,,,,,,,,,,,,,,,,,,,,,,,,,,,,,,,,,,,,,--,,,,,,,,,,,,,,,,,,,,,,,,,,,317,0.04135750808,7.05560373,,,0,,,,,,,,
🇵🇱,watermelon1708,0,0,9:33.249,9:33.249,20 Nov 2025,197,(U),unknown,,,https://www.youtube.com/watch?v=FIQZdzOU1z0,9,33,249,573249,0,0,573249,1.396945114,410359,1.396945114,,0.9062,5.290693737,15.4569,17.0569,63.4026,8.25112,,,,,,,,,,,,,,,,,,,,,,,,,,,,,,,,,,,,,,,,,,,,,,,,,,,,,,,,--,,,,,,,,,,,,,,,,,,,,,,,,,,,197,0.4655492908,79.40836037,,,0,,,,,,,,
🇿🇦,Airpodsz,0,0,9:29.788,9:33.273,13 Feb 2026,112,(U),8037488532370898787,,,https://www.youtube.com/watch?v=wCmYoF-sS1s&list=PLjW0OIc7zcEcCMM5essHmBGzf92S0FzKi&index=32,9,33,273,573273,3485,3.485,569788,1.397003599,410359,1.397003599,,0.9455,5.292215145,16.1162,17.0445,63.3204,8.25397,,,,,,,,,,,,,,,,,,,,,,,,,,,,,,,,,,,,,,,,,,,,,,,,,,,,,,,,,,,,,,,,,,,,,,,,,,,,,,,,,,,112,0.8689299212,148.1044853,,,0,,,,,,,,
🇨🇦,Mynski,0,1,9:26.553,9:33.317,01 Jul 2023,1069.416667,(?),Unknown,??,Yes,https://www.youtube.com/watch?v=Eu51zmyVc4U,9,33,317,573317,6764,6.764,566553,1.397110822,465828,1.230748259,,0.5858,2.23872337,36.8057,62.8255,63.1697,8.25920,,,,,,,,,,,,,,,,,,,,,,,,,,,,,,,,,,,,,,,,,,,,,,,,,,,,,,,,,,,,,,,,,,,,,,,,,,,,,,,,,,,1069.416667,0,0,,,0,,,,,,,,
🇮🇱,Ranik_,0,1,9:23.709,9:33.385,10 Oct 2023,969,(U),-8488106891176696564,08,Yes,https://www.youtube.com/watch?v=hpavr1Umah8,9,33,385,573385,9676,9.676,563709,1.397276531,465828,1.230894236,,0.6160,2.24049969,38.6763,62.7857,62.9375,8.26729,,,,,,,,,,,,,,,,,,,,,,,,,,,,,,,,,,,,,,,,,,,,,,,,,,,,,,,,,,,,,,,,,,,,,,,,,,,,,,,,,,,969,0,0,,,0,,,,,,,,
🇨🇦,Aquacorde,0,0,9:33.414,9:33.414,14 Jul 2025,326,(U),3745240715930610868,,,https://www.youtube.com/watch?v=irG5odl9FWc,9,33,414,573414,0,0,573414,1.397347201,410359,1.397347201,,0.8496,5.301161144,14.4188,16.9714,62.8386,8.27074,,,,,,,,,,,,,,,,,,,,,,,,,,,,,,,,,,,,,,,,,,,,,,,,,,,,,,,,--,,,,,,,,,,,,,,,,,,,,,,,,,,,326,0.03128559222,5.30961114,,,0,,,,,,,,
🇬🇧,priffie,0,0,9:33.654,9:33.654,21 Dec 2024,531,(U),-5242741980440312420,,,https://www.youtube.com/watch?v=jZn7gEOo0EE,9,33,654,573654,0,0,573654,1.397932055,421494,1.36100158,,0.7668,4.42494322,19.6055,25.5672,62.0244,8.29934,,,,,,,,,,,,,,,,,,,,,,,,,,,,,,,,,,,,,,,,,,,,,,,,,,,,,,,,,,,,,,,,,,,,,,,,,,,,,,,,,,,531,0.0000003145480155,0.00008042111959,,,0,,,,,,,,
🇺🇦,7rowl,0,1,9:33.656,9:33.656,27 May 2023,1105,(U),-280346871610267376,12,Yes,https://www.youtube.com/watch?v=pfJ6_SIVQsE,9,33,656,573656,0,0,573656,1.397936928,465828,1.231475995,,0.5755,2.247591417,36.0422,62.6267,62.0176,8.29957,,,,,,,,,,,,,,,,,,,,,,,,,,,,,,,,,,,,,,,,,,,,,,,,,,,,,,,,,,,,,,,,,,,,,,,,,,,,,,,,,,,1105,0,0,,,0,,,,,,,,
🇮🇹,Ale267,0,1,9:31.798,9:33.920,18 Mar 2023,1175,(V),6878392714686165176,12,Yes,https://www.speedrun.com/mc/run/m3lv7dwm,9,33,920,573920,2122,2.122,571798,1.398580268,465828,1.232042728,,0.5557,2.254519319,34.7164,62.4716,61.1306,8.33114,,,,,,,,,,,,,,,,,,,,,,,,,,,,,,,,,,,,,,,,,,,,,,,,,,,,,,,,,,,,,,,,,,,,,,,,,,,,,,,,,,,1175,0,0,,,0,,,,,,,,
🇫🇮,sadekeppi,0,0,9:33.933,9:33.933,27 Nov 2025,190,(U),unknown,,,https://www.youtube.com/watch?v=v5aAY7aHxAc,9,33,933,573933,0,0,573933,1.398611947,410359,1.398611947,,0.9094,5.334203944,15.1902,16.7040,61.0871,8.33269,,,,,,,,,,,,,,,,,,,,,,,,,,,,,,,,,,,,,,,,,,,,,,,,,,,,,,,,,,,,,,,,,,,,,,,,,,,,,,,,,,,190,0.5036367525,84.12763036,,,0,,,,,,,,
🇺🇦,loodlow,0,1,9:31.417,9:34.074,03 Jan 2024,884,(V),223037202453904849,,,https://www.speedrun.com/mc/runs/y8kod21y,9,34,74,574074,2657,2.657,571417,1.398955549,446254,1.286428805,,0.6427,3.015213031,30.0760,46.7928,60.6172,8.34960,,,,,,,,,,,,,,,,,,,,,,,,,,,,,,,,,,,,,,,,,,,,,,,,,,,,,,,,--,,,,,,,,,,,,,,,,,,,,,,,,,,,884,0,0,,,0,,,,,,,,
🇳🇴,skycrab1,0,0,9:31.539,9:34.051,05 Feb 2024,851,(U),unknown,,,https://www.youtube.com/watch?v=7WaCloKkkXQ&list=PLU3_fvoJ1GyMStiA29z37DUPtG47PvOJz&index=8,9,34,51,574051,2512,2.512,571539,1.3988995,421494,1.361943468,,0.6534,4.445938453,16.5480,25.3243,60.6937,8.34684,,,,,,,,,,,,,,,,,,,,,,,,,,,,,,,,,,,,,,,,,,,,,,,,,,,,,,,,--,,,,,,,,,,,,,,,,,,,,,,,,,,,851,0,0,,,0,,,,,,,,
🇳🇴,skycrab1,0,0,9:33.046,9:34.091,21 Jun 2024,714,(U),6111477306279101383,,,https://www.youtube.com/watch?v=SjpGEQo2qAI&list=PLU3_fvoJ1GyMStiA29z37DUPtG47PvOJz&index=36,9,34,91,574091,1045,1.045,573046,1.398996976,421494,1.362038368,,0.6998,4.448058678,17.7041,25.2998,60.5608,8.35164,,,,,,,,,,,,,,,,,,,,,,,,,,,,,,,,,,,,,,,,,,,,,,,,,,,,,,,,--,,,,,,,,,,,,,,,,,,,,,,,,,,,714,0,0,,,0,,,,,,,,
🇺🇸,doogile,0,0,9:34.348,9:34.348,21 Mar 2025,441,(U),3428741567389448584,,,https://www.youtube.com/watch?v=ON2kExN455Q,9,34,348,574348,0,0,574348,1.399623257,421494,1.362648104,,0.8021,4.461702282,20.1678,25.1432,59.7114,8.38253,,,,,,,,,,,,,,,,,,,,,,,,,,,,,,,,,,,,,,,,,,,,,,,,,,,,,,,,--,,,,,,,,,,,,,,,,,,,,,,,,,,,441,0.0001884623888,0.04738540073,,,0,,,,,,,,
🇺🇸,zylenox,0,0,9:32.347,9:34.472,23 Apr 2024,773,(U),unknown,,,https://www.youtube.com/watch?v=XmDeU8epxY8,9,34,472,574472,2125,2.125,572347,1.399925431,421494,1.362942296,,0.6794,4.468298302,17.0318,25.0677,59.3045,8.39747,,,,,,,,,,,,,,,,,,,,,,,,,,,,,,,,,,,,,,,,,,,,,,,,,,,,,,,,,,,,,,,,,,,,,,,,,,,,,,,,,,,773,0,0,,,0,,,,,,,,
🇺🇸,Infume,0,1,9:34.494,9:34.494,12 Mar 2023,1181,(V),-5346143310482159884,,,https://www.speedrun.com/mc/runs/znj9q59m,9,34,494,574494,0,0,574494,1.399979043,465828,1.233274943,,0.5541,2.26964839,34.4251,62.1335,59.2325,8.40013,,,,,,,,,,,,,,,,,,,,,,,,,,,,,,,,,,,,,,,,,,,,,,,,,,,,,,,,,,,,,,,,,,,,,,,,,,,,,,,,,,,1181,0,0,,,0,,,,,,,,
🇿🇦,Airpodsz,0,0,9:34.549,9:34.549,25 Mar 2026,72,(U),5812532133711140207,,,https://www.youtube.com/watch?v=asR4UWgtxFQ&list=PLjW0OIc7zcEcCMM5essHmBGzf92S0FzKi&index=40,9,34,549,574549,0,0,574549,1.400113072,410359,1.400113072,,0.9646,5.373655744,15.8101,16.3897,59.0529,8.40677,,,,,,,,,,,,,,,,,,,,,,,,,,,,,,,,,,,,,,,,,,,,,,,,,,,,,,,,,,,,,,,,,,,,,,,,,,,,,,,,,,,72,0.9633631842,157.8918845,,,0,,,,,,,,
🇺🇸,doogile,0,0,9:27.828,9:34.557,12 Apr 2023,1150,(U),-1996716733981977639,,,https://www.youtube.com/watch?v=uv1DYktuHdQ,9,34,557,574557,6729,6.729,567828,1.400132567,465828,1.233410186,,0.5627,2.271314429,34.9419,62.0964,59.0268,8.40773,,,,,,,,,,,,,,,,,,,,,,,,,,,,,,,,,,,,,,,,,,,,,,,,,,,,,,,,--,,,,,,,,,,,,,,,,,,,,,,,,,,,1150,0,0,,,0,,,,,,,,
🇸🇪,PAPLERR,0,0,9:34.745,9:34.745,13 Sep 2024,630,(U),unknown,,,https://www.youtube.com/watch?v=gTtnN7qzmW8,9,34,745,574745,0,0,574745,1.400590702,421494,1.363589992,,0.7298,4.482850323,18.1731,24.9019,58.4157,8.43046,,,,,,,,,,,,,,,,,,,,,,,,,,,,,,,,,,,,,,,,,,,,,,,,,,,,,,,,,,,,,,,,,,,,,,,,,,,,,,,,,,,630,0,0.000000003442147128,,,0,,,,,,,,
🇨🇦,Aquacorde,0,0,9:35.061,9:35.061,11 Feb 2024,845,(U),5916322168139045813,,,https://www.youtube.com/watch?v=_kB4l1r6Z_U,9,35,61,575061,0,0,575061,1.40136076,421494,1.364339706,,0.6554,4.499746286,16.1955,24.7106,57.3985,8.46878,,,,,,,,,,,,,,,,,,,,,,,,,,,,,,,,,,,,,,,,,,,,,,,,,,,,,,,,--,,,,,,,,,,,,,,,,,,,,,,,,,,,845,0,0,,,0,,,,,,,,
🇳🇴,skycrab1,0,0,9:33.390,9:35.170,05 Jul 2025,335,(U),3232995416196274049,,,https://www.youtube.com/watch?v=kxZT3ObGb8g&list=PLU3_fvoJ1GyMStiA29z37DUPtG47PvOJz&index=40,9,35,170,575170,1780,1.78,573390,1.401626381,410359,1.401626381,,0.8458,5.413685488,13.5967,16.0760,57.0506,8.48203,,,,,,,,,,,,,,,,,,,,,,,,,,,,,,,,,,,,,,,,,,,,,,,,,,,,,,,,--,,,,,,,,,,,,,,,,,,,,,,,,,,,335,0.0232945116,3.744834722,,,0,,,,,,,,
🇳🇴,skycrab1,0,0,9:35.237,9:35.237,16 Sep 2024,627,(U),3490610711658203102,,,https://www.youtube.com/watch?v=_H66aNYnVX4&list=PLU3_fvoJ1GyMStiA29z37DUPtG47PvOJz&index=71,9,35,237,575237,0,0,575237,1.401789652,421494,1.364757268,,0.7309,4.50918088,17.9829,24.6043,56.8375,8.49019,,,,,,,,,,,,,,,,,,,,,,,,,,,,,,,,,,,,,,,,,,,,,,,,,,,,,,,,--,,,,,,,,,,,,,,,,,,,,,,,,,,,627,0,0.000000004852932368,,,0,,,,,,,,
🇳🇴,skycrab1,0,0,9:33.936,9:35.543,05 Aug 2024,669,(U),8022322116352656572,,,https://www.youtube.com/watch?v=4ly8bruecIw&list=PLU3_fvoJ1GyMStiA29z37DUPtG47PvOJz&index=48,9,35,543,575543,1607,1.607,573936,1.402535341,421494,1.365483257,,0.7157,4.525625495,17.4772,24.4199,55.8712,8.52753,,,,,,,,,,,,,,,,,,,,,,,,,,,,,,,,,,,,,,,,,,,,,,,,,,,,,,,,--,,,,,,,,,,,,,,,,,,,,,,,,,,,669,0,0,,,0,,,,,,,,
🇳🇴,skycrab1,0,0,9:35.206,9:35.594,10 Sep 2024,633,(U),4102653367681446187,,,https://www.youtube.com/watch?v=yy661jRyqhw&list=PLU3_fvoJ1GyMStiA29z37DUPtG47PvOJz&index=66,9,35,594,575594,388,0.388,575206,1.402659622,421494,1.365604255,,0.7287,4.528371369,17.7723,24.3893,55.7113,8.53377,,,,,,,,,,,,,,,,,,,,,,,,,,,,,,,,,,,,,,,,,,,,,,,,,,,,,,,,--,,,,,,,,,,,,,,,,,,,,,,,,,,,633,0,0.000000002354622562,,,0,,,,,,,,
🇿🇦,Airpodsz,0,0,9:34.064,9:35.608,07 May 2025,394,(U),492596804425449081,,,https://www.youtube.com/watch?v=ivfJVCUNFEQ&list=PLjW0OIc7zcEcCMM5essHmBGzf92S0FzKi&index=4,9,35,608,575608,1544,1.544,574064,1.402693739,421494,1.365637471,,0.8212,4.529125393,20.0213,24.3809,55.6674,8.53548,,,,,,,,,,,,,,,,,,,,,,,,,,,,,,,,,,,,,,,,,,,,,,,,,,,,,,,,,,,,,,,,,,,,,,,,,,,,,,,,,,,394,0.002206608848,0.5379900549,,,0,,,,,,,,
🇸🇰,NoFear1337,0,0,9:35.670,9:35.670,20 Dec 2023,898,(U),unknown,,,https://www.youtube.com/watch?v=Dsj0KzbzY60,9,35,670,575670,0,0,575670,1.402844826,446254,1.290005244,,0.6383,3.072421088,29.1889,45.7316,55.4736,8.54307,,,,,,,,,,,,,,,,,,,,,,,,,,,,,,,,,,,,,,,,,,,,,,,,,,,,,,,,--,,,,,,,,,,,,,,,,,,,,,,,,,,,898,0,0,,,0,,,,,,,,
🇨🇦,silverr,0,0,9:35.814,9:35.814,05 Feb 2023,1216,(U),8973390315724050418,15,Yes,https://www.youtube.com/watch?v=6EHuNGxSBko,9,35,814,575814,0,0,575814,1.403195738,495537,1.162000012,,0.5444,1.530253214,43.2680,79.4727,55.0252,8.56072,,,,,,,,,,,,,,,,,,,,,,,,,,,,,,,,,,,,,,,,,,,,,,,,,,,,,,,,--,,,,,,,,,,,,,,,,,,,,,,,,,,,1216,0,0,,,0,,,,,,,,
🇺🇸,zylenox,0,0,9:30.131,9:35.861,04 Dec 2024,548,(U),unknown,,,https://www.youtube.com/watch?v=NkdqmkVubFA,9,35,861,575861,5730,5.73,570131,1.403310272,421494,1.366237716,,0.7603,4.542770672,18.4221,24.2290,54.8794,8.56649,,,,,,,,,,,,,,,,,,,,,,,,,,,,,,,,,,,,,,,,,,,,,,,,,,,,,,,,,,,,,,,,,,,,,,,,,,,,,,,,,,,548,0.00000007127934806,0.00001727026307,,,0,,,,,,,,
🇵🇱,watermelon1708,0,0,9:34.440,9:35.912,13 Oct 2025,235,(U),unknown,,,https://www.youtube.com/watch?v=YxzgDYgm8AE,9,35,912,575912,1472,1.472,574440,1.403434554,410359,1.403434554,,0.8891,5.461856161,13.9646,15.7057,54.7215,8.57275,,,,,,,,,,,,,,,,,,,,,,,,,,,,,,,,,,,,,,,,,,,,,,,,,,,,,,,,--,,,,,,,,,,,,,,,,,,,,,,,,,,,235,0.2731354372,42.89785894,,,0,,,,,,,,
🇿🇦,Airpodsz,0,0,9:35.503,9:35.919,26 Feb 2026,99,(U),-1555971930486417562,,,https://www.youtube.com/watch?v=LH375ak-SW4&list=PLjW0OIc7zcEcCMM5essHmBGzf92S0FzKi&index=39,9,35,919,575919,416,0.416,575503,1.403451612,410359,1.403451612,,0.9517,5.462312378,14.9439,15.7022,54.6998,8.57361,,,,,,,,,,,,,,,,,,,,,,,,,,,,,,,,,,,,,,,,,,,,,,,,,,,,,,,,,,,,,,,,,,,,,,,,,,,,,,,,,,,99,0.9075288706,142.5023517,,,0,,,,,,,,
🇺🇸,doogile,0,0,9:35.919,9:35.919,23 May 2025,378,(U),369201841316479078,,,https://www.youtube.com/watch?v=m5WY6SiLPH8,9,35,919,575919,0,0,575919,1.403451612,421494,1.366375322,,0.8278,4.545903911,20.0277,24.1942,54.6998,8.57361,,,,,,,,,,,,,,,,,,,,,,,,,,,,,,,,,,,,,,,,,,,,,,,,,,,,,,,,--,,,,,,,,,,,,,,,,,,,,,,,,,,,378,0.004511998036,1.091643077,,,0,,,,,,,,
🇬🇧,Brentilda,1,1,9:38.000,9:36.000,19 Apr 2021,1873,(V),-8422260959436812016,01,No,https://www.speedrun.com/mc/run/zq13899m,9,36,0,576000,-2000,-2,578000,1.403649,667000,0.8635682159,,0.3920,0.2790797795,40.8377,104.1786,54.4498,8.58357,,,,,,,,,,,,,,,,,,,,,,,,,,,,,,,,,,,,,,,,,,,,,,,,,,,,,,,,--,,,,,,,,,,,,,,,,,,,,,,,,,,,1873,0,0,,,0,,,,,,,,
🇵🇱,okshey,0,0,9:36.198,9:36.198,09 Nov 2025,208,(U),unknown,,,https://www.youtube.com/watch?v=EPY9lEApMl8,9,36,198,576198,0,0,576198,1.404131504,410359,1.404131504,,0.9012,5.480522974,14.0269,15.5643,53.8420,8.60795,,,,,,,,,,,,,,,,,,,,,,,,,,,,,,,,,,,,,,,,,,,,,,,,,,,,,,,,,,,,,,,,,,,,,,,,,,,,,,,,,,,208,0.4066138969,63.28641175,,,0,,,,,,,,
🇸🇪,Crookst,0,1,9:31.823,9:36.696,05 Mar 2022,1553,(V),1234475058860136521,06,Yes,https://www.speedrun.com/mc/run/zn75ro9m,9,36,696,576696,4873,4.873,571823,1.405345076,548820,1.05079261,,0.4600,0.8072762451,44.1978,96.0793,52.3346,8.66955,,,,,,,,,,,,,,,,,,,,,,,,,,,,,,,,,,,,,,,,,,,,,,,,,,,,,,,,--,,,,,,,,,,,,,,,,,,,,,,,,,,,1553,0,0,,,0,,,,,,,,
🇩🇰,Bloopy,0,0,9:36.244,9:36.244,27 Oct 2024,586,(U),3241660036235146313,,,https://www.youtube.com/watch?v=KEaHoB1_iY4,9,36,244,576244,0,0,576244,1.404243601,421494,1.367146389,,0.7460,4.563495917,17.9044,23.9999,53.7015,8.61362,,,,,,,,,,,,,,,,,,,,,,,,,,,,,,,,,,,,,,,,,,,,,,,,,,,,,,,,--,,,,,,,,,,,,,,,,,,,,,,,,,,,586,0.000000001822593045,0.0000004374197831,,,0,,,,,,,,
🇨🇦,Jay12310,0,0,9:36.303,9:36.303,07 Jan 2026,149,(U),unknown,,,https://www.youtube.com/watch?v=pROA_8k_5eg&list=PLaTJSsRuu2UcsiC6KEkJwrGp1GaGgPoVG&index=12,9,36,303,576303,0,0,576303,1.404387378,410359,1.404387378,,0.9282,5.487390139,14.3988,15.5125,53.5216,8.62091,,,,,,,,,,,,,,,,,,,,,,,,,,,,,,,,,,,,,,,,,,,,,,,,,,,,,,,,--,,,,,,,,,,,,,,,,,,,,,,,,,,,149,0.718352488,111.4344165,,,0,,,,,,,,
🇺🇸,doogile,0,0,9:36.342,9:36.342,06 Jun 2025,364,(U),3942752838021789289,,,https://www.youtube.com/watch?v=Kwy4Xk-e0q8,9,36,342,576342,0,0,576342,1.404482417,421494,1.367378895,,0.8336,4.568812278,19.9576,23.9414,53.4030,8.62572,,,,,,,,,,,,,,,,,,,,,,,,,,,,,,,,,,,,,,,,,,,,,,,,,,,,,,,,--,,,,,,,,,,,,,,,,,,,,,,,,,,,364,0.008043794133,1.925795636,,,0,,,,,,,,
🇸🇪,PAPLERR,0,0,9:36.264,9:36.524,16 Oct 2024,597,(U),unknown,,,https://www.youtube.com/watch?v=qfcWXXvUAJs,9,36,524,576524,260,0.26,576264,1.404925931,421494,1.367810692,,0.7419,4.57869992,17.6824,23.8329,52.8518,8.64823,,,,,,,,,,,,,,,,,,,,,,,,,,,,,,,,,,,,,,,,,,,,,,,,,,,,,,,,,,,,,,,,,,,,,,,,,,,,,,,,,,,597,0.000000000574444689,0.0000001369071119,,,0,,,,,,,,
🇧🇪,boyenn,0,1,9:36.771,9:36.771,02 Jan 2024,885,(U),-4821689901528726194,18,Yes,https://www.youtube.com/watch?v=_6pn-zw0hAg,9,36,771,576771,0,0,576771,1.405527843,446254,1.292472448,,0.6424,3.112444557,28.9089,44.9995,52.1102,8.67886,,,,,,,,,,,,,,,,,,,,,,,,,,,,,,,,,,,,,,,,,,,,,,,,,,,,,,,,,,,,,,,,,,,,,,,,,,,,,,,,,,,885,0,0,,,0,,,,,,,,
🇳🇴,skycrab1,0,0,9:35.664,9:36.849,26 Mar 2024,801,(U),unknown,,,https://www.youtube.com/watch?v=R_kkDzbVPHM&list=PLU3_fvoJ1GyMStiA29z37DUPtG47PvOJz&index=13,9,36,849,576849,1185,1.185,575664,1.40571792,421494,1.368581759,,0.6700,4.596403068,15.8383,23.6399,51.8775,8.68855,,,,,,,,,,,,,,,,,,,,,,,,,,,,,,,,,,,,,,,,,,,,,,,,,,,,,,,,--,,,,,,,,,,,,,,,,,,,,,,,,,,,801,0,0,,,0,,,,,,,,
🇳🇴,skycrab1,0,0,9:36.996,9:36.996,08 Oct 2024,605,(U),7453415470551744389,,,https://www.youtube.com/watch?v=kSKZSx3MlS0&list=PLU3_fvoJ1GyMStiA29z37DUPtG47PvOJz&index=77,9,36,996,576996,0,0,576996,1.406076143,421494,1.368930519,,0.7390,4.604430017,17.4047,23.5527,51.4411,8.70684,,,,,,,,,,,,,,,,,,,,,,,,,,,,,,,,,,,,,,,,,,,,,,,,,,,,,,,,--,,,,,,,,,,,,,,,,,,,,,,,,,,,605,0.0000000002414128687,0.00000005685933537,,,0,,,,,,,,
🇸🇪,PAPLERR,0,0,9:36.624,9:37.140,31 Mar 2024,796,(U),unknown,,,https://www.youtube.com/watch?v=M35thmap7LY,9,37,140,577140,516,0.516,576624,1.406427055,421494,1.36927216,,0.6717,4.612305056,15.7623,23.4675,51.0162,8.72479,,,,,,,,,,,,,,,,,,,,,,,,,,,,,,,,,,,,,,,,,,,,,,,,,,,,,,,,,,,,,,,,,,,,,,,,,,,,,,,,,,,796,0,0,,,0,,,,,,,,
🇮🇹,chiodus2472,0,1,9:34.948,9:37.268,09 Jan 2024,878,(V),-969821978931819875,01,Yes,https://www.speedrun.com/mc/runs/yd2409vm,9,37,268,577268,2320,2.32,574948,1.406738977,421494,1.369575842,,0.6447,4.619314996,15.0803,23.3919,50.6405,8.74078,,,,,,,,,,,,,,,,,,,,,,,,,,,,,,,,,,,,,,,,,,,,,,,,,,,,,,,,,,,,,,,,,,,,,,,,,,,,,,,,,,,878,0,0,,,0,,,,,,,,
🇳🇴,skycrab1,0,0,9:36.604,9:37.350,26 May 2024,740,(U),546895512825728469,,,https://www.youtube.com/watch?v=13DWhOeZhQ0&list=PLU3_fvoJ1GyMStiA29z37DUPtG47PvOJz&index=23,9,37,350,577350,746,0.746,576604,1.406938802,421494,1.369770388,,0.6907,4.623810642,16.1242,23.3435,50.4009,8.75103,,,,,,,,,,,,,,,,,,,,,,,,,,,,,,,,,,,,,,,,,,,,,,,,,,,,,,,,--,,,,,,,,,,,,,,,,,,,,,,,,,,,740,0,0,,,0,,,,,,,,
🇺🇸,doogile,0,0,9:36.895,9:37.361,14 Feb 2024,842,(U),8840188245230081545,,,https://www.youtube.com/watch?v=vGXGBTmZ5tU,9,37,361,577361,466,0.466,576895,1.406965608,421494,1.369796486,,0.6564,4.624414008,15.3182,23.3370,50.3689,8.75241,,,,,,,,,,,,,,,,,,,,,,,,,,,,,,,,,,,,,,,,,,,,,,,,,,,,,,,,--,,,,,,,,,,,,,,,,,,,,,,,,,,,842,0,0,,,0,,,,,,,,
🇨🇦,21mustard,0,1,9:22.292,9:37.383,21 Jul 2023,1050,(V),unknown,09,Yes,https://www.speedrun.com/mc/runs/mrlv1p4m,9,37,383,577383,15091,15.091,562292,1.40701922,465828,1.239476803,,0.5916,2.347184995,35.7394,60.4160,50.3048,8.75516,,,,,,,,,,,,,,,,,,,,,,,,,,,,,,,,,,,,,,,,,,,,,,,,,,,,,,,,,,,,,,,,,,,,,,,,,,,,,,,,,,,1050,0,0,,,0,,,,,,,,
🇨🇦,Aquacorde,0,0,9:37.428,9:37.428,12 Jun 2025,358,(U),5411072566358981877,,,https://www.youtube.com/watch?v=8qtirJeKx8I,9,37,428,577428,0,0,577428,1.40712888,410359,1.40712888,,0.8361,5.561439667,12.5116,14.9641,50.1738,8.76080,,,,,,,,,,,,,,,,,,,,,,,,,,,,,,,,,,,,,,,,,,,,,,,,,,,,,,,,--,,,,,,,,,,,,,,,,,,,,,,,,,,,358,0.01017042582,1.521910913,,,0,,,,,,,,
🇨🇦,Aquacorde,0,0,9:37.634,9:37.634,22 May 2024,744,(U),-2489974967494847394,,,https://www.youtube.com/watch?v=VE9n0qCjt7w,9,37,634,577634,0,0,577634,1.407630879,421494,1.370444182,,0.6894,4.639410569,15.9767,23.1763,49.5774,8.78663,,,,,,,,,,,,,,,,,,,,,,,,,,,,,,,,,,,,,,,,,,,,,,,,,,,,,,,,--,,,,,,,,,,,,,,,,,,,,,,,,,,,744,0,0,,,0,,,,,,,,
🇳🇴,skycrab1,0,0,9:38.062,9:38.159,08 Dec 2025,179,(U),unknown,,,https://www.youtube.com/watch?v=ZuI2ve_w9q0&list=PLU3_fvoJ1GyMStiA29z37DUPtG47PvOJz&index=158,9,38,159,578159,97,0.097,578062,1.408910247,410359,1.408910247,,0.9144,5.610021563,13.3626,14.6137,48.0805,8.85278,,,,,,,,,,,,,,,,,,,,,,,,,,,,,,,,,,,,,,,,,,,,,,,,,,,,,,,,--,,,,,,,,,,,,,,,,,,,,,,,,,,,179,0.5635304555,82.35286511,,,0,,,,,,,,
🇺🇸,Reignex,0,0,9:38.147,9:38.262,11 Jul 2023,1060,(U),unknown,12,Yes,https://www.youtube.com/watch?v=z-OO3UOtPY88,9,38,262,578262,115,0.115,578147,1.409161247,465828,1.241363765,,0.5886,2.371242232,35.2506,59.8884,47.7907,8.86580,,,,,,,,,,,,,,,,,,,,,,,,,,,,,,,,,,,,,,,,,,,,,,,,,,,,,,,,,,,,,,,,,,,,,,,,,,,,,,,,,,,1060,0,0,,,0,,,,,,,,
🇨🇦,Aquacorde,0,0,9:38.350,9:38.350,13 Apr 2024,783,(U),-9127982004582887256,,,https://www.youtube.com/watch?v=J3IDVImiBgk,9,38,350,578350,0,0,578350,1.409375693,421494,1.372142901,,0.6760,4.678944781,15.3847,22.7571,47.5441,8.87695,,,,,,,,,,,,,,,,,,,,,,,,,,,,,,,,,,,,,,,,,,,,,,,,,,,,,,,,--,,,,,,,,,,,,,,,,,,,,,,,,,,,783,0,0,,,0,,,,,,,,
🇧🇷,shyaya,0,1,9:24.030,9:38.411,30 Apr 2022,1497,(V),2054193579190053167,,,https://www.speedrun.com/mc/runs/znpk5w3m,9,38,411,578411,14381,14.381,564030,1.409524343,548820,1.053917496,,0.4731,0.8221315227,45.3086,95.7745,47.3737,8.88468,,,,,,,,,,,,,,,,,,,,,,,,,,,,,,,,,,,,,,,,,,,,,,,,,,,,,,,,,,,,,,,,,,,,,,,,,,,,,,,,,,,1497,0,0,,,0,,,,,,,,
🇳🇴,skycrab1,0,0,9:37.169,9:38.505,15 Jun 2024,720,(U),-6835923738561090524,,,https://www.youtube.com/watch?v=DiB9QaNNmPs&list=PLU3_fvoJ1GyMStiA29z37DUPtG47PvOJz&index=31&pp=iAQB,9,38,505,578505,1336,1.336,577169,1.409753411,421494,1.372510641,,0.6977,4.687541913,15.8141,22.6668,47.1120,8.89661,,,,,,,,,,,,,,,,,,,,,,,,,,,,,,,,,,,,,,,,,,,,,,,,,,,,,,,,--,,,,,,,,,,,,,,,,,,,,,,,,,,,720,0,0,,,0,,,,,,,,
🇷🇺,aleen,0,0,9:38.572,9:38.572,11 Jul 2023,1060,(U),-2116083140785115834,04,Yes,https://www.youtube.com/watch?v=LVB2XbfIBdY,9,38,572,578572,0,0,578572,1.409916683,465828,1.242029247,,0.5886,2.379779071,35.1407,59.7017,46.9261,8.90512,,,,,,,,,,,,,,,,,,,,,,,,,,,,,,,,,,,,,,,,,,,,,,,,,,,,,,,,,,,,,,,,,,,,,,,,,,,,,,,,,,,1060,0,0,,,0,,,,,,,,
🇸🇪,PAPLERR,0,0,9:36.026,9:38.587,01 Jul 2024,704,(U),unknown,,,https://www.youtube.com/watch?v=XTUe5tawd1s,9,38,587,578587,2561,2.561,576026,1.409953236,421494,1.372705187,,0.7033,4.692095666,15.9075,22.6190,46.8845,8.90703,,,,,,,,,,,,,,,,,,,,,,,,,,,,,,,,,,,,,,,,,,,,,,,,,,,,,,,,,,,,,,,,,,,,,,,,,,,,,,,,,,,704,0,0,,,0,,,,,,,,
🇿🇦,Airpodsz,0,0,9:38.670,9:38.670,02 Jun 2025,368,(U),5921062734951902024,,,https://www.youtube.com/watch?v=O4iSypYT2y4&list=PLjW0OIc7zcEcCMM5essHmBGzf92S0FzKi&index=6,9,38,670,578670,0,0,578670,1.410155498,421494,1.372902105,,0.8319,4.696708898,18.7775,22.5708,46.6551,8.91758,,,,,,,,,,,,,,,,,,,,,,,,,,,,,,,,,,,,,,,,,,,,,,,,,,,,,,,,,,,,,,,,,,,,,,,,,,,,,,,,,,,368,0.006849338505,1.545950672,,,0,,,,,,,,
🇨🇦,Aquacorde,0,0,9:38.736,9:38.736,06 Jun 2025,364,(U),9010889274559730847,,,https://www.youtube.com/watch?v=bVVdKUflSME,9,38,736,578736,0,0,578736,1.410316333,421494,1.373058691,,0.8336,4.700380086,18.7831,22.5325,46.4733,8.92598,,,,,,,,,,,,,,,,,,,,,,,,,,,,,,,,,,,,,,,,,,,,,,,,,,,,,,,,--,,,,,,,,,,,,,,,,,,,,,,,,,,,364,0.008043794133,1.812465866,,,0,,,,,,,,
🇵🇱,watermelon1708,0,0,9:37.975,9:38.760,14 Nov 2025,203,(U),unknown,,,https://www.youtube.com/watch?v=i8Pi7aIULKc,9,38,760,578760,785,0.785,577975,1.410374818,410359,1.410374818,,0.9035,5.650240733,12.9462,14.3293,46.4073,8.92904,,,,,,,,,,,,,,,,,,,,,,,,,,,,,,,,,,,,,,,,,,,,,,,,,,,,,,,,--,,,,,,,,,,,,,,,,,,,,,,,,,,,203,0.4332056593,62.07518058,,,0,,,,,,,,
🇮🇹,drip120,0,0,9:37.558,9:39.066,24 Oct 2025,224,(U),unknown,,,https://www.youtube.com/watch?v=wyhD_ahpxGU,9,39,66,579066,1508,1.508,577558,1.411120507,410359,1.411120507,,0.8940,5.670814874,12.6826,14.1857,45.5717,8.96809,,,,,,,,,,,,,,,,,,,,,,,,,,,,,,,,,,,,,,,,,,,,,,,,,,,,,,,,--,,,,,,,,,,,,,,,,,,,,,,,,,,,224,0.3249960014,46.10283974,,,0,,,,,,,,
🇨🇦,EvanKeen,0,0,9:34.747,9:39.089,18 Aug 2022,1387,(U),3017816655898544242,15,Yes,https://www.youtube.com/watch?v=aFLHdmK11hU,9,39,89,579089,4342,4.342,574747,1.411176555,517884,1.118182836,,0.4998,1.192847986,43.7470,87.5249,45.5093,8.97104,,,,,,,,,,,,,,,,,,,,,,,,,,,,,,,,,,,,,,,,,,,,,,,,,,,,,,,,,,,,,,,,,,,,,,,,,,,,,,,,,,,1387,0,0,,,0,,,,,,,,
🇺🇸,zylenox,0,0,9:37.585,9:39.144,04 Jun 2024,731,(U),unknown,,,https://www.youtube.com/watch?v=A6xkO0SfvHs,9,39,144,579144,1559,1.559,577585,1.411310584,421494,1.374026677,,0.6938,4.723130539,15.4702,22.2962,45.3605,8.97807,,,,,,,,,,,,,,,,,,,,,,,,,,,,,,,,,,,,,,,,,,,,,,,,,,,,,,,,,,,,,,,,,,,,,,,,,,,,,,,,,,,731,0,0,,,0,,,,,,,,
🇦🇺,MoleyG,0,1,9:34.824,9:39.177,03 Jul 2023,1068,(V),2069048257442487259,05,Yes,https://www.speedrun.com/mc/run/z5peddgm,9,39,177,579177,4353,4.353,574824,1.411391002,465828,1.243328009,,0.5863,2.396518914,34.7865,59.3367,45.2713,8.98230,,,,,,,,,,,,,,,,,,,,,,,,,,,,,,,,,,,,,,,,,,,,,,,,,,,,,,,,,,,,,,,,,,,,,,,,,,,,,,,,,,,1068,0,0,,,0,,,,,,,,
🇳🇴,skycrab1,0,0,9:39.300,9:39.928,28 Jul 2024,677,(U),1220434626875752910,,,https://www.youtube.com/watch?v=mFNMOnaFXaY&list=PLU3_fvoJ1GyMStiA29z37DUPtG47PvOJz&index=45,9,39,928,579928,628,0.628,579300,1.413221106,421494,1.375886727,,0.7128,4.767117892,15.5722,21.8454,43.2766,9.07893,,,,,,,,,,,,,,,,,,,,,,,,,,,,,,,,,,,,,,,,,,,,,,,,,,,,,,,,--,,,,,,,,,,,,,,,,,,,,,,,,,,,677,0,0,,,0,,,,,,,,
🇺🇦,dinonuggieboi,0,1,9:35.023,9:39.334,22 Apr 2023,1140,(V),-6590499565572039174,04,Yes,https://www.speedrun.com/mc/run/m3q9d2dy,9,39,334,579334,4311,4.311,575023,1.411773593,465828,1.243665044,,0.5655,2.40088015,33.5028,59.2418,44.8489,9.00242,,,,,,,,,,,,,,,,,,,,,,,,,,,,,,,,,,,,,,,,,,,,,,,,,,,,,,,,--,,,,,,,,,,,,,,,,,,,,,,,,,,,1140,0,0,,,0,,,,,,,,
🇵🇱,Mixray,0,1,9:34.946,9:39.423,15 Sep 2023,994,(U),6988294764721144612,04,Yes,https://www.youtube.com/watch?v=BtKOerBoYtI,9,39,423,579423,4477,4.477,574946,1.411990477,465828,1.243856101,,0.6084,2.403355595,36.0072,59.1880,44.6107,9.01385,,,,,,,,,,,,,,,,,,,,,,,,,,,,,,,,,,,,,,,,,,,,,,,,,,,,,,,,,,,,,,,,,,,,,,,,,,,,,,,,,,,994,0,0,,,0,,,,,,,,
🇵🇱,watermelon1708,0,0,9:37.815,9:39.646,12 Oct 2025,236,(U),see video,,,https://www.youtube.com/watch?v=0Sux8DzQKHg,9,39,646,579646,1831,1.831,577815,1.412533903,410359,1.412533903,,0.8887,5.709991036,12.3669,13.9158,44.0180,9.04254,,,,,,,,,,,,,,,,,,,,,,,,,,,,,,,,,,,,,,,,,,,,,,,,,,,,,,,,--,,,,,,,,,,,,,,,,,,,,,,,,,,,236,0.2686285792,37.38177785,,,0,,,,,,,,
🇳🇴,skycrab1,0,0,9:39.881,9:39.881,20 Oct 2024,593,(U),-8605506067910459007,,,https://www.youtube.com/watch?v=Qo6r_k863hs&list=PLU3_fvoJ1GyMStiA29z37DUPtG47PvOJz&index=86,9,39,881,579881,0,0,579881,1.413106573,421494,1.375775219,,0.7434,4.764470825,16.2602,21.8723,43.3995,9.07285,,,,,,,,,,,,,,,,,,,,,,,,,,,,,,,,,,,,,,,,,,,,,,,,,,,,,,,,--,,,,,,,,,,,,,,,,,,,,,,,,,,,593,0.0000000008785171382,0.0000001921519519,,,0,,,,,,,,
🇨🇦,Aquacorde,0,0,9:39.937,9:39.937,12 Jul 2025,328,(U),3456563830022902090,,,https://www.youtube.com/watch?v=9W4oVjvPLO8,9,39,937,579937,0,0,579937,1.413243038,410359,1.413243038,,0.8487,5.729735462,11.6970,13.7815,43.2531,9.08009,,,,,,,,,,,,,,,,,,,,,,,,,,,,,,,,,,,,,,,,,,,,,,,,,,,,,,,,--,,,,,,,,,,,,,,,,,,,,,,,,,,,328,0.02934141734,4.043693674,,,0,,,,,,,,
🇳🇴,skycrab1,0,0,9:39.675,9:39.946,17 May 2025,384,(U),unknown,,,https://www.youtube.com/watch?v=7_u4r-5wbBw&list=PLU3_fvoJ1GyMStiA29z37DUPtG47PvOJz&index=122,9,39,946,579946,271,0.271,579675,1.41326497,421494,1.375929432,,0.8253,4.768132004,18.0207,21.8351,43.2296,9.08125,,,,,,,,,,,,,,,,,,,,,,,,,,,,,,,,,,,,,,,,,,,,,,,,,,,,,,,,--,,,,,,,,,,,,,,,,,,,,,,,,,,,384,0.003474480179,0.7586562668,,,0,,,,,,,,
🇨🇦,silverr,0,0,9:39.993,9:39.993,21 Jan 2023,1231,(U),5152803780424896801,15,Yes,https://www.youtube.com/watch?v=4SxUSWR0AKk,9,39,993,579993,0,0,579993,1.413379504,495537,1.170433288,,0.5404,1.60451547,41.9786,77.6849,43.1070,9.08733,,,,,,,,,,,,,,,,,,,,,,,,,,,,,,,,,,,,,,,,,,,,,,,,,,,,,,,,,,,,,,,,,,,,,,,,,,,,,,,,,,,1231,0,0,,,0,,,,,,,,
🇹🇿,Kxpow,0,1,9:35.931,9:40.072,13 Feb 2023,1208,(V),-2352610708955668290,06,Yes,https://www.speedrun.com/mc/run/meeedq3m,9,40,72,580072,4141,4.141,575931,1.413572019,465828,1.245249319,,0.5466,2.421475987,32.1385,58.7948,42.9016,9.09756,,,,,,,,,,,,,,,,,,,,,,,,,,,,,,,,,,,,,,,,,,,,,,,,,,,,,,,,--,,,,,,,,,,,,,,,,,,,,,,,,,,,1208,0,0,,,0,,,,,,,,
🇨🇦,silverr,0,0,9:39.324,9:40.144,13 Sep 2023,996,(U),unknown,??,Yes,https://www.youtube.com/watch?v=7Qgs9qVAEYg,9,40,144,580144,820,0.82,579324,1.413747475,465828,1.245403883,,0.6077,2.423493771,35.7057,58.7511,42.7150,9.10689,,,,,,,,,,,,,,,,,,,,,,,,,,,,,,,,,,,,,,,,,,,,,,,,,,,,,,,,--,,,,,,,,,,,,,,,,,,,,,,,,,,,996,0,0,,,0,,,,,,,,
🇺🇸,Feinberg,0,0,9:38.533,9:40.201,22 Nov 2022,1291,(U),3763410502063067245,,,https://www.youtube.com/watch?v=X5XKUnji4HM,9,40,201,580201,1668,1.668,578533,1.413886378,495537,1.170853034,,0.5244,1.608296434,40.6903,77.5939,42.5676,9.11428,,,,,,,,,,,,,,,,,,,,,,,,,,,,,,,,,,,,,,,,,,,,,,,,,,,,,,,,,,,,,,,,,,,,,,,,,,,,,,,,,,,1291,0,0,,,0,,,,,,,,
🇿🇦,Airpodsz,0,0,9:40.203,9:40.203,18 Feb 2026,107,(U),1567644666340618744,,,https://www.youtube.com/watch?v=Xmbntq1hvyM&list=PLjW0OIc7zcEcCMM5essHmBGzf92S0FzKi&index=36,9,40,203,580203,0,0,580203,1.413891251,410359,1.413891251,,0.9479,5.747835708,12.9479,13.6595,42.5625,9.11454,,,,,,,,,,,,,,,,,,,,,,,,,,,,,,,,,,,,,,,,,,,,,,,,,,,,,,,,,,,,,,,,,,,,,,,,,,,,,,,,,,,107,0.8847021007,120.8455218,,,0,,,,,,,,
🇬🇧,priffie,0,0,9:34.622,9:40.319,02 Feb 2025,488,(U),unknown,,,https://www.youtube.com/watch?v=WmMhRnKR004,9,40,319,580319,5697,5.697,574622,1.414173931,421494,1.376814379,,0.7835,4.789189198,16.9407,21.6222,42.2639,9.12960,,,,,,,,,,,,,,,,,,,,,,,,,,,,,,,,,,,,,,,,,,,,,,,,,,,,,,,,,,,,,,,,,,,,,,,,,,,,,,,,,,,488,0.000008971773382,0.001939892942,,,0,,,,,,,,
🇺🇸,doogile,0,0,9:38.425,9:40.319,20 Jan 2024,867,(U),-4077851580953068746,,,https://www.youtube.com/watch?v=qYuK9wNO7GQ,9,40,319,580319,1894,1.894,578425,1.414173931,421494,1.376814379,,0.6482,4.789189198,14.0163,21.6222,42.2639,9.12960,,,,,,,,,,,,,,,,,,,,,,,,,,,,,,,,,,,,,,,,,,,,,,,,,,,,,,,,--,,,,,,,,,,,,,,,,,,,,,,,,,,,867,0,0,,,0,,,,,,,,
🇳🇱,HDMICables,0,1,9:35.842,9:40.337,30 Dec 2023,888,(U),-2883304325678276407,06,Yes,https://www.youtube.com/watch?v=fsCAdRBeb3s,9,40,337,580337,4495,4.495,575842,1.414217795,446254,1.300463413,,0.6415,3.245263052,27.3461,42.6306,42.2177,9.13194,,,,,,,,,,,,,,,,,,,,,,,,,,,,,,,,,,,,,,,,,,,,,,,,,,,,,,,,--,,,,,,,,,,,,,,,,,,,,,,,,,,,888,0,0,,,0,,,,,,,,
🇨🇦,NoHacsJustRoblox,0,0,9:39.837,9:40.348,22 Apr 2024,774,(U),7851252288319915185,,,https://www.youtube.com/watch?v=yxr4anf52rI,9,40,348,580348,511,0.511,579837,1.4142446,421494,1.376883182,,0.6791,4.790829758,14.6722,21.6057,42.1894,9.13337,,,,,,,,,,,,,,,,,,,,,,,,,,,,,,,,,,,,,,,,,,,,,,,,,,,,,,,,--,,,,,,,,,,,,,,,,,,,,,,,,,,,774,0,0,,,0,,,,,,,,
🇿🇦,Airpodsz,0,0,9:40.353,9:40.353,18 Feb 2026,107,(U),5652081996775429995,,,https://www.youtube.com/watch?v=fz2WSDzfu1Y&list=PLjW0OIc7zcEcCMM5essHmBGzf92S0FzKi&index=34,9,40,353,580353,0,0,580353,1.414256785,410359,1.414256785,,0.9479,5.758064592,12.8829,13.5909,42.1766,9.13402,,,,,,,,,,,,,,,,,,,,,,,,,,,,,,,,,,,,,,,,,,,,,,,,,,,,,,,,,,,,,,,,,,,,,,,,,,,,,,,,,,,107,0.8847021007,120.2390542,,,0,,,,,,,,
🇳🇴,skycrab1,0,0,9:39.314,9:40.387,13 Aug 2024,661,(U),-7637821071124496857,,,https://www.youtube.com/watch?v=aFxizpVM6-c&list=PLU3_fvoJ1GyMStiA29z37DUPtG47PvOJz&index=51,9,40,387,580387,1073,1.073,579314,1.414339639,421494,1.37697571,,0.7186,4.793036804,15.5091,21.5835,42.0895,9.13844,,,,,,,,,,,,,,,,,,,,,,,,,,,,,,,,,,,,,,,,,,,,,,,,,,,,,,,,--,,,,,,,,,,,,,,,,,,,,,,,,,,,661,0,0,,,0,,,,,,,,
🇳🇴,skycrab1,0,0,9:40.817,9:40.817,08 Dec 2025,179,(U),unknown,,,https://www.youtube.com/watch?v=WAg6hWbZyx4&list=PLU3_fvoJ1GyMStiA29z37DUPtG47PvOJz&index=154,9,40,817,580817,0,0,580817,1.415387502,410359,1.415387502,,0.9144,5.789806534,12.2346,13.3801,40.9992,9.19451,,,,,,,,,,,,,,,,,,,,,,,,,,,,,,,,,,,,,,,,,,,,,,,,,,,,,,,,--,,,,,,,,,,,,,,,,,,,,,,,,,,,179,0.5635304555,75.40120167,,,0,,,,,,,,
🇮🇪,Skyro,0,1,9:38.568,9:40.820,01 Oct 2023,978,(V),2608440908150331699,11,Yes,https://www.speedrun.com/mc/runs/y8k29gdy,9,40,820,580820,2252,2.252,578568,1.415394813,465828,1.246855062,,0.6132,2.442511948,35.7765,58.3403,40.9917,9.19490,,,,,,,,,,,,,,,,,,,,,,,,,,,,,,,,,,,,,,,,,,,,,,,,,,,,,,,,,,,,,,,,,,,,,,,,,,,,,,,,,,,978,0,0,,,0,,,,,,,,
🇺🇸,doogile,0,0,9:40.835,9:40.835,07 Jul 2024,698,(U),2139235147472927794,,,https://www.youtube.com/watch?v=SIsWU7n7Y1Q,9,40,835,580835,0,0,580835,1.415431366,421494,1.378038596,,0.7054,4.818453445,15.0455,21.3292,40.9540,9.19686,,,,,,,,,,,,,,,,,,,,,,,,,,,,,,,,,,,,,,,,,,,,,,,,,,,,,,,,--,,,,,,,,,,,,,,,,,,,,,,,,,,,698,0,0,,,0,,,,,,,,
🇹🇿,Kxpow,0,0,9:36.126,9:40.897,01 Dec 2023,917,(U),259107068981043696,09,Yes,https://www.youtube.com/watch?v=QfrFgDFKD5w,9,40,897,580897,4771,4.771,576126,1.415582453,465828,1.247020359,,0.6322,2.44468666,36.8549,58.2934,40.7986,9.20497,,,,,,,,,,,,,,,,,,,,,,,,,,,,,,,,,,,,,,,,,,,,,,,,,,,,,,,,--,,,,,,,,,,,,,,,,,,,,,,,,,,,917,0,0,,,0,,,,,,,,
🇳🇴,skycrab1,0,0,9:40.016,9:40.947,25 Jan 2024,862,(U),unknown,,,https://www.youtube.com/watch?v=BfPtmmhAcv8&list=PLU3_fvoJ1GyMStiA29z37DUPtG47PvOJz&index=7,9,40,947,580947,931,0.931,580016,1.415704298,421494,1.378304317,,0.6499,4.824826009,13.8198,21.2659,40.6737,9.21152,,,,,,,,,,,,,,,,,,,,,,,,,,,,,,,,,,,,,,,,,,,,,,,,,,,,,,,,--,,,,,,,,,,,,,,,,,,,,,,,,,,,862,0,0,,,0,,,,,,,,
🇳🇴,skycrab1,0,0,9:40.952,9:40.952,17 Oct 2024,596,(U),-6693970200234515187,,,https://www.youtube.com/watch?v=KoyMQIZpl2M&list=PLU3_fvoJ1GyMStiA29z37DUPtG47PvOJz&index=84,9,40,952,580952,0,0,580952,1.415716482,421494,1.37831618,,0.7423,4.825110671,15.7836,21.2631,40.6612,9.21217,,,,,,,,,,,,,,,,,,,,,,,,,,,,,,,,,,,,,,,,,,,,,,,,,,,,,,,,--,,,,,,,,,,,,,,,,,,,,,,,,,,,596,0.0000000006391553352,0.0000001359041674,,,0,,,,,,,,
🇵🇱,watermelon1708,0,0,9:40.214,9:40.974,10 Nov 2025,207,(U),unknown,,,https://www.youtube.com/watch?v=BRWCw1TJJ8I,9,40,974,580974,760,0.76,580214,1.415770094,410359,1.415770094,,0.9017,5.800581305,12.0007,13.3093,40.6063,9.21506,,,,,,,,,,,,,,,,,,,,,,,,,,,,,,,,,,,,,,,,,,,,,,,,,,,,,,,,--,,,,,,,,,,,,,,,,,,,,,,,,,,,207,0.4119001555,54.82092059,,,0,,,,,,,,
🇸🇰,NoFear1337,0,0,9:41.386,9:41.386,29 Jul 2025,311,(U),unknown,,,https://www.youtube.com/watch?v=IPeeYl5K1dw,9,41,386,581386,0,0,581386,1.416774093,410359,1.416774093,,0.8560,5.828939708,11.2343,13.1244,39.5885,9.26917,,,,,,,,,,,,,,,,,,,,,,,,,,,,,,,,,,,,,,,,,,,,,,,,,,,,,,,,--,,,,,,,,,,,,,,,,,,,,,,,,,,,311,0.04938921986,6.482015298,,,0,,,,,,,,
🇳🇴,skycrab1,0,0,9:40.139,9:41.483,30 Apr 2024,766,(U),unknown,,,https://www.youtube.com/watch?v=eg2ekkY0cNE&list=PLU3_fvoJ1GyMStiA29z37DUPtG47PvOJz&index=17,9,41,483,581483,1344,1.344,580139,1.417010471,421494,1.379575984,,0.6818,4.855425514,14.2936,20.9641,39.3516,9.28195,,,,,,,,,,,,,,,,,,,,,,,,,,,,,,,,,,,,,,,,,,,,,,,,,,,,,,,,--,,,,,,,,,,,,,,,,,,,,,,,,,,,766,0,0,,,0,,,,,,,,
🇦🇺,jojoe77777,0,1,9:39.300,9:41.498,05 Nov 2022,1307.833333,(V),2255857141275608054,15,Yes,https://www.speedrun.com/mc/run/z0l2kr4z,9,41,498,581498,2198,2.198,579300,1.417047025,517884,1.122834457,,0.5200,1.225071506,45.1198,86.7680,39.3151,9.28393,,,,,,,,,,,,,,,,,,,,,,,,,,,,,,,,,,,,,,,,,,,,,,,,,,,,,,,,,,,,,,,,,,,,,,,,,,,,,,,,,,,1307.833333,0,0,,,0,,,,,,,,
🇺🇸,zylenox,0,0,9:40.320,9:41.714,09 Aug 2024,665,(U),unknown,,,https://www.youtube.com/watch?v=iyKmNd3j2Fc,9,41,714,581714,1394,1.394,580320,1.417573393,421494,1.380124035,,0.7171,4.868665271,14.9411,20.8346,38.7917,9.31245,,,,,,,,,,,,,,,,,,,,,,,,,,,,,,,,,,,,,,,,,,,,,,,,,,,,,,,,,,,,,,,,,,,,,,,,,,,,,,,,,,,665,0,0,,,0,,,,,,,,
🇫🇮,sadekeppi,0,1,9:39.980,9:41.717,09 Sep 2024,634,(V),-8310562937047784479,,,https://www.speedrun.com/mc/runs/y2wjvj9y,9,41,717,581717,1737,1.737,579980,1.417580704,421494,1.380131153,,0.7283,4.868837423,15.1733,20.8329,38.7845,9.31285,,,,,,,,,,,,,,,,,,,,,,,,,,,,,,,,,,,,,,,,,,,,,,,,,,,,,,,,,,,,,,,,,,,,,,,,,,,,,,,,,,,634,0,0.000000001783139935,,,0,,,,,,,,
🇳🇴,skycrab1,0,0,9:41.890,9:41.890,31 Jan 2025,490,(U),3885342470278498728,,,https://www.youtube.com/watch?v=UnIxyUgilX4&list=PLU3_fvoJ1GyMStiA29z37DUPtG47PvOJz&index=111,9,41,890,581890,0,0,581890,1.418002286,421494,1.380541597,,0.7827,4.878773899,16.2304,20.7362,38.3691,9.33575,,,,,,,,,,,,,,,,,,,,,,,,,,,,,,,,,,,,,,,,,,,,,,,,,,,,,,,,--,,,,,,,,,,,,,,,,,,,,,,,,,,,490,0.000007772645308,0.001611754975,,,0,,,,,,,,
🇿🇦,Airpodsz,0,1,9:33.100,9:41.925,01 Mar 2025,461,(U),-3371920592229005214,,,https://www.youtube.com/watch?v=mLH7Nj2vjNo&list=PLjW0OIc7zcEcCMM5essHmBGzf92S0FzKi,9,41,925,581925,8825,8.825,573100,1.418087577,421494,1.380624635,,0.7941,4.880786326,16.4519,20.7167,38.2854,9.34039,,,,,,,,,,,,,,,,,,,,,,,,,,,,,,,,,,,,,,,,,,,,,,,,,,,,,,,,,,,,,,,,,,,,,,,,,,,,,,,,,,,461,0.000055606075,0.01151975063,,,0,,,,,,,,
🇵🇱,PolishedAqua,0,1,9:39.321,9:42.034,21 Sep 2023,988,(U),979111991370166301,16,Yes,https://www.youtube.com/watch?v=s3Oi91oPL5k,9,42,34,582034,2713,2.713,579321,1.418353198,465828,1.249461175,,0.6102,2.477000991,35.1460,57.5994,38.0258,9.35486,,,,,,,,,,,,,,,,,,,,,,,,,,,,,,,,,,,,,,,,,,,,,,,,,,,,,,,,,,,,,,,,,,,,,,,,,,,,,,,,,,,988,0,0,,,0,,,,,,,,
🇫🇷,Launey,0,1,9:40.641,9:42.307,13 Dec 2023,905,(V),-5104865867818754932,15,Yes,https://www.speedrun.com/mc/runs/z1kl44gy,9,42,307,582307,1666,1.666,580641,1.419018469,446254,1.304877939,,0.6360,3.320766399,26.2846,41.3256,37.3814,9.39117,,,,,,,,,,,,,,,,,,,,,,,,,,,,,,,,,,,,,,,,,,,,,,,,,,,,,,,,,,,,,,,,,,,,,,,,,,,,,,,,,,,905,0,0,,,0,,,,,,,,
🇨🇦,Jay12310,0,0,9:42.316,9:42.316,19 Mar 2026,78,(U),unknown,,,https://www.youtube.com/watch?v=nPvbjR72aFs,9,42,316,582316,0,0,582316,1.419040401,410359,1.419040401,,0.9618,5.893397489,12.2264,12.7126,37.3602,9.39236,,,,,,,,,,,,,,,,,,,,,,,,,,,,,,,,,,,,,,,,,,,,,,,,,,,,,,,,,,,,,,,,,,,,,,,,,,,,,,,,,,,78,0.9536531958,121.2341382,,,0,,,,,,,,
🇳🇴,skycrab1,0,0,9:41.631,9:42.343,21 Aug 2024,653,(U),2108680863366446173,,,https://www.youtube.com/watch?v=c-yAb9s6b5Y&list=PLU3_fvoJ1GyMStiA29z37DUPtG47PvOJz&index=58,9,42,343,582343,712,0.712,581631,1.419106197,421494,1.381616346,,0.7214,4.904876649,14.7781,20.4841,37.2970,9.39596,,,,,,,,,,,,,,,,,,,,,,,,,,,,,,,,,,,,,,,,,,,,,,,,,,,,,,,,--,,,,,,,,,,,,,,,,,,,,,,,,,,,653,0,0.0000000001654629516,,,0,,,,,,,,
🇨🇦,dandannyboy,0,0,9:41.050,9:42.433,16 Aug 2023,1024,(U),Unknown,09,Yes,https://www.youtube.com/watch?v=FayhjYLbY_k,9,42,433,582433,1383,1.383,581050,1.419325517,465828,1.250317714,,0.5993,2.488430964,34.3726,57.3550,37.0866,9.40797,,,,,,,,,,,,,,,,,,,,,,,,,,,,,,,,,,,,,,,,,,,,,,,,,,,,,,,,,,,,,,,,,,,,,,,,,,,,,,,,,,,1024,0,0,,,0,,,,,,,,
🇹🇿,Kxpow,0,0,9:41.314,9:42.605,27 Jun 2024,708,(U),8823674453656876265,,,https://www.youtube.com/watch?v=_ISsYlysXBY,9,42,605,582605,1291,1.291,581314,1.419744663,421494,1.382237944,,0.7019,4.920029311,14.2754,20.3389,36.6871,9.43094,,,,,,,,,,,,,,,,,,,,,,,,,,,,,,,,,,,,,,,,,,,,,,,,,,,,,,,,,,,,,,,,,,,,,,,,,,,,,,,,,,,708,0,0,,,0,,,,,,,,
🇿🇦,Airpodsz,0,0,9:41.788,9:43.182,09 Mar 2025,453,(U),8620606746179560231,,,https://www.youtube.com/watch?v=dW2HQGl9GPg&list=PLjW0OIc7zcEcCMM5essHmBGzf92S0FzKi&index=3,9,43,182,583182,1394,1.394,581788,1.421150748,421494,1.383606884,,0.7973,4.953544362,15.9632,20.0211,35.3703,9.50839,,,,,,,,,,,,,,,,,,,,,,,,,,,,,,,,,,,,,,,,,,,,,,,,,,,,,,,,,,,,,,,,,,,,,,,,,,,,,,,,,,,453,0.00009179362566,0.01837806523,,,0,,,,,,,,
🇿🇦,Airpodsz,0,0,9:43.508,9:43.508,04 Feb 2026,121,(U),-8168269101579894154,,,https://www.youtube.com/watch?v=BrnZn3f01qk&list=PLjW0OIc7zcEcCMM5essHmBGzf92S0FzKi&index=27,9,43,508,583508,0,0,583508,1.421945175,410359,1.421945175,,0.9413,5.97692255,11.4804,12.1964,34.6420,9.55239,,,,,,,,,,,,,,,,,,,,,,,,,,,,,,,,,,,,,,,,,,,,,,,,,,,,,,,,,,,,,,,,,,,,,,,,,,,,,,,,,,,121,0.8376490173,102.1628779,,,0,,,,,,,,
🇿🇦,Airpodsz,0,0,9:41.032,9:43.825,13 Jun 2025,357,(U),-7444531998155004388,,,https://www.youtube.com/watch?v=U_Yrt25TN3M&list=PLjW0OIc7zcEcCMM5essHmBGzf92S0FzKi&index=7,9,43,825,583825,2793,2.793,581032,1.422717669,410359,1.422717669,,0.8365,5.999308129,10.0896,12.0613,33.9446,9.59536,,,,,,,,,,,,,,,,,,,,,,,,,,,,,,,,,,,,,,,,,,,,,,,,,,,,,,,,,,,,,,,,,,,,,,,,,,,,,,,,,,,357,0.01056795151,1.274630773,,,0,,,,,,,,
🇹🇿,Kxpow,0,0,9:41.967,9:45.805,30 Oct 2024,583,(U),-5615062906610971575,,,https://www.youtube.com/watch?v=H7rdovQKdbk,9,45,805,585805,3838,3.838,581967,1.427542713,421494,1.389829986,,0.7471,5.108431589,13.9025,18.6076,29.8244,9.86763,,,,,,,,,,,,,,,,,,,,,,,,,,,,,,,,,,,,,,,,,,,,,,,,,,,,,,,,,,,,,,,,,,,,,,,,,,,,,,,,,,,583,0.000000002478707207,0.0000004612275926,,,0,,,,,,,,
🇹🇷,Ancoboy,0,1,9:40.615,9:42.910,21 Aug 2023,1019,(U),6827480725930071979,06,Yes,https://www.youtube.com/watch?v=29VY3VmMX2Y,9,42,910,582910,2295,2.295,580615,1.420487914,465828,1.251341697,,0.6008,2.502157164,34.2829,57.0624,35.9866,9.47181,,,,,,,,,,,,,,,,,,,,,,,,,,,,,,,,,,,,,,,,,,,,,,,,,,,,,,,,--,,,,,,,,,,,,,,,,,,,,,,,,,,,1019,0,0,,,0,,,,,,,,
🇨🇦,dandannyboy,0,0,9:41.711,9:43.217,09 Dec 2023,909,(U),-5167919398774938171,06,Yes,https://www.youtube.com/watch?v=TTcFB-C6V9w,9,43,217,583217,1506,1.506,581711,1.42123604,446254,1.306917137,,0.6348,3.356164769,25.8503,40.7242,35.2915,9.51310,,,,,,,,,,,,,,,,,,,,,,,,,,,,,,,,,,,,,,,,,,,,,,,,,,,,,,,,,,,,,,,,,,,,,,,,,,,,,,,,,,,909,0,0,,,0,,,,,,,,
🇹🇿,Kxpow,0,0,9:42.751,9:43.252,24 Jun 2024,711,(U),-9121307343439300002,,,https://www.youtube.com/watch?v=Di84HYamO6U,9,43,252,583252,501,0.501,582751,1.421321331,421494,1.38377296,,0.7008,4.957623866,14.0043,19.9827,35.2129,9.51782,,,,,,,,,,,,,,,,,,,,,,,,,,,,,,,,,,,,,,,,,,,,,,,,,,,,,,,,,,,,,,,,,,,,,,,,,,,,,,,,,,,711,0,0,,,0,,,,,,,,
🇳🇴,skycrab1,0,0,9:42.450,9:43.523,19 Jul 2024,686,(U),-1964772688075275318,,,https://www.youtube.com/watch?v=HHrKcvSjew0&list=PLU3_fvoJ1GyMStiA29z37DUPtG47PvOJz&index=43,9,43,523,583523,1073,1.073,582450,1.421981728,421494,1.384415911,,0.7096,4.973445101,14.0752,19.8344,34.6087,9.55442,,,,,,,,,,,,,,,,,,,,,,,,,,,,,,,,,,,,,,,,,,,,,,,,,,,,,,,,--,,,,,,,,,,,,,,,,,,,,,,,,,,,686,0,0,,,0,,,,,,,,
🇺🇸,Feinberg,0,0,9:41.438,9:43.540,26 Oct 2022,1318,(U),-2089918399750478607,,,https://www.youtube.com/watch?v=_4Xmoefjpso,9,43,540,583540,2102,2.102,581438,1.422023155,517884,1.126777425,,0.5174,1.253020332,44.5498,86.1084,34.5711,9.55672,,,,,,,,,,,,,,,,,,,,,,,,,,,,,,,,,,,,,,,,,,,,,,,,,,,,,,,,,,,,,,,,,,,,,,,,,,,,,,,,,,,1318,0,0,,,0,,,,,,,,
🇹🇿,Kxpow,0,0,9:42.746,9:43.785,10 Apr 2024,786,(U),3395353047088768454,,,https://www.youtube.com/watch?v=neTav4dEcFw,9,43,785,583785,1039,1.039,582746,1.422620194,421494,1.385037509,,0.6750,4.98878288,13.2923,19.6915,34.0320,9.58993,,,,,,,,,,,,,,,,,,,,,,,,,,,,,,,,,,,,,,,,,,,,,,,,,,,,,,,,,,,,,,,,,,,,,,,,,,,,,,,,,,,786,0,0,,,0,,,,,,,,
🇳🇴,skycrab1,0,0,9:41.443,9:43.808,12 Mar 2024,815,(U),unknown,,,https://www.youtube.com/watch?v=VoCX3_TnqHI&list=PLU3_fvoJ1GyMStiA29z37DUPtG47PvOJz&index=12,9,43,808,583808,2365,2.365,581443,1.422676242,421494,1.385092077,,0.6653,4.990131299,13.0927,19.6790,33.9818,9.59305,,,,,,,,,,,,,,,,,,,,,,,,,,,,,,,,,,,,,,,,,,,,,,,,,,,,,,,,--,,,,,,,,,,,,,,,,,,,,,,,,,,,815,0,0,,,0,,,,,,,,
🇨🇦,Aquacorde,0,0,9:43.870,9:43.870,26 Jan 2024,861,(U),2993955281694429561,,,https://www.youtube.com/watch?v=E1hFL8IGFnc,9,43,870,583870,0,0,583870,1.422827329,421494,1.385239173,,0.6502,4.993767757,12.7730,19.6453,33.8465,9.60147,,,,,,,,,,,,,,,,,,,,,,,,,,,,,,,,,,,,,,,,,,,,,,,,,,,,,,,,--,,,,,,,,,,,,,,,,,,,,,,,,,,,861,0,0,,,0,,,,,,,,
🇬🇧,ripfc,0,1,9:42.376,9:43.932,17 Jul 2023,1054,(V),2787334030513605072,09,Yes,https://www.speedrun.com/mc/runs/yonolq0z,9,43,932,583932,1556,1.556,582376,1.422978416,465828,1.25353564,,0.5904,2.531794136,33.3169,56.4336,33.7116,9.60990,,,,,,,,,,,,,,,,,,,,,,,,,,,,,,,,,,,,,,,,,,,,,,,,,,,,,,,,,,,,,,,,,,,,,,,,,,,,,,,,,,,1054,0,0,,,0,,,,,,,,
🇹🇼,turboOuO,0,1,9:37.270,9:44.088,03 Aug 2023,1037,(V),-7588074491361705118,06,Yes,https://www.speedrun.com/mc/run/ywrwll3m,9,44,88,584088,6818,6.818,577270,1.423358571,465828,1.253870527,,0.5954,2.536345433,33.5441,56.3375,33.3741,9.63113,,,,,,,,,,,,,,,,,,,,,,,,,,,,,,,,,,,,,,,,,,,,,,,,,,,,,,,,,,,,,,,,,,,,,,,,,,,,,,,,,,,1037,0,0,,,0,,,,,,,,
🇨🇦,catJAM19,0,1,9:42.637,9:44.141,20 Sep 2022,1354,(V),-1641393840275072504,09,Yes,https://www.speedrun.com/mc/run/yv0po0oz,9,44,141,584141,1504,1.504,582637,1.423487727,517884,1.127937917,,0.5081,1.261358698,43.6548,85.9112,33.2600,9.63836,,,,,,,,,,,,,,,,,,,,,,,,,,,,,,,,,,,,,,,,,,,,,,,,,,,,,,,,,,,,,,,,,,,,,,,,,,,,,,,,,,,1354,0,0,,,0,,,,,,,,
🇸🇰,NoFear1337,0,0,9:42.464,9:44.152,09 Dec 2023,909,(U),Unknown,??,Yes,https://www.youtube.com/watch?v=rlc36sXmCDk,9,44,152,584152,1688,1.688,582464,1.423514532,446254,1.309012356,,0.6348,3.392882442,25.4587,40.1073,33.2363,9.63986,,,,,,,,,,,,,,,,,,,,,,,,,,,,,,,,,,,,,,,,,,,,,,,,,,,,,,,,--,,,,,,,,,,,,,,,,,,,,,,,,,,,909,0,0,,,0,,,,,,,,
🇨🇦,silverr,0,0,9:39.420,9:44.275,21 May 2023,1111,(U),Unknown,12,Yes,https://www.youtube.com/watch?v=vJQDBHHepPE,9,44,275,584275,4855,4.855,579420,1.42381427,465828,1.254271963,,0.5738,2.541810776,32.2594,56.2221,32.9728,9.65664,,,,,,,,,,,,,,,,,,,,,,,,,,,,,,,,,,,,,,,,,,,,,,,,,,,,,,,,--,,,,,,,,,,,,,,,,,,,,,,,,,,,1111,0,0,,,0,,,,,,,,
🇨🇦,Aquacorde,0,0,9:44.349,9:44.349,12 Jul 2025,328,(U),1087998950322160223,,,https://www.youtube.com/watch?v=H0hSYxjyzsI,9,44,349,584349,0,0,584349,1.4239946,410359,1.4239946,,0.8487,6.036471686,10.0491,11.8400,32.8150,9.66676,,,,,,,,,,,,,,,,,,,,,,,,,,,,,,,,,,,,,,,,,,,,,,,,,,,,,,,,--,,,,,,,,,,,,,,,,,,,,,,,,,,,328,0.02934141734,3.474020097,,,0,,,,,,,,
🇳🇴,skycrab1,0,0,9:44.358,9:44.358,02 Feb 2025,488,(U),1322346143525327365,,,https://www.youtube.com/watch?v=7qXx3IHHQhA&list=PLU3_fvoJ1GyMStiA29z37DUPtG47PvOJz&index=112,9,44,358,584358,0,0,584358,1.424016532,421494,1.386396959,,0.7835,5.022471211,15.1847,19.3809,32.7958,9.66799,,,,,,,,,,,,,,,,,,,,,,,,,,,,,,,,,,,,,,,,,,,,,,,,,,,,,,,,--,,,,,,,,,,,,,,,,,,,,,,,,,,,488,0.000008971773382,0.001738809174,,,0,,,,,,,,
🇳🇴,skycrab1,0,0,9:44.424,9:44.424,26 Oct 2024,587,(U),-5203179418336138120,,,https://www.youtube.com/watch?v=FwxAelAatn8&list=PLU3_fvoJ1GyMStiA29z37DUPtG47PvOJz&index=89,9,44,424,584424,0,0,584424,1.424177367,421494,1.386553545,,0.7456,5.026364291,14.4248,19.3453,32.6557,9.67701,,,,,,,,,,,,,,,,,,,,,,,,,,,,,,,,,,,,,,,,,,,,,,,,,,,,,,,,--,,,,,,,,,,,,,,,,,,,,,,,,,,,587,0.000000001643890251,0.000000318014947,,,0,,,,,,,,
🇮🇹,Ale267,0,0,9:44.431,9:44.481,29 Nov 2022,1284,(U),1581367532737313085,12,Yes,https://www.youtube.com/watch?v=XFvJQEhQJrw,9,44,481,584481,50,0.05,584431,1.424316269,495537,1.179490129,,0.5262,1.687925704,39.8261,75.6807,32.5349,9.68482,,,,,,,,,,,,,,,,,,,,,,,,,,,,,,,,,,,,,,,,,,,,,,,,,,,,,,,,,,,,,,,,,,,,,,,,,,,,,,,,,,,1284,0,0,,,0,,,,,,,,
🇳🇴,skycrab1,0,0,9:44.489,9:44.489,08 Feb 2025,482,(U),76808428139630285,,,https://www.youtube.com/watch?v=A1g4bfj2Byw&list=PLU3_fvoJ1GyMStiA29z37DUPtG47PvOJz&index=115,9,44,489,584489,0,0,584489,1.424335765,421494,1.386707759,,0.7858,5.030200964,15.1748,19.3102,32.5180,9.68591,,,,,,,,,,,,,,,,,,,,,,,,,,,,,,,,,,,,,,,,,,,,,,,,,,,,,,,,--,,,,,,,,,,,,,,,,,,,,,,,,,,,482,0.00001370134164,0.002645759024,,,0,,,,,,,,
🇸🇪,Crookst,0,0,9:44.556,9:44.556,14 Mar 2022,1544,(U),Unknown,06,Yes,https://www.youtube.com/watch?v=31OsmvNWQaE,9,44,556,584556,0,0,584556,1.424499036,548820,1.065114245,,0.4621,0.8775769102,43.7202,94.6145,32.3766,9.69509,,,,,,,,,,,,,,,,,,,,,,,,,,,,,,,,,,,,,,,,,,,,,,,,,,,,,,,,--,,,,,,,,,,,,,,,,,,,,,,,,,,,1544,0,0,,,0,,,,,,,,
🇳🇴,skycrab1,0,0,9:44.649,9:44.649,10 Oct 2024,603,(U),-1175900086044057204,,,https://www.youtube.com/watch?v=A-29KTnAD2I&list=PLU3_fvoJ1GyMStiA29z37DUPtG47PvOJz&index=82,9,44,649,584649,0,0,584649,1.424725667,421494,1.387087361,,0.7397,5.039655996,14.2202,19.2241,32.1811,9.70784,,,,,,,,,,,,,,,,,,,,,,,,,,,,,,,,,,,,,,,,,,,,,,,,,,,,,,,,--,,,,,,,,,,,,,,,,,,,,,,,,,,,603,0.0000000003004851743,0.00000005776552288,,,0,,,,,,,,
🇺🇸,zylenox,0,0,9:38.527,9:44.801,09 Feb 2023,1212,(U),-3251173191348135293,15,Yes,https://www.youtube.com/watch?v=FS5mcKtJB7M,9,44,801,584801,6274,6.274,578527,1.425096074,465828,1.255401135,,0.5455,2.557240267,30.4935,55.8971,31.8635,9.72872,,,,,,,,,,,,,,,,,,,,,,,,,,,,,,,,,,,,,,,,,,,,,,,,,,,,,,,,--,,,,,,,,,,,,,,,,,,,,,,,,,,,1212,0,0,,,0,,,,,,,,
🇵🇱,watermelon1708,0,0,9:42.792,9:44.899,29 Jul 2025,311,(U),unknown,,,https://www.youtube.com/watch?v=HecWdO0ujt8,9,44,899,584899,2107,2.107,582792,1.42533489,410359,1.42533489,,0.8560,6.075694912,9.9384,11.6104,31.6599,9.74220,,,,,,,,,,,,,,,,,,,,,,,,,,,,,,,,,,,,,,,,,,,,,,,,,,,,,,,,--,,,,,,,,,,,,,,,,,,,,,,,,,,,311,0.04938921986,5.734293827,,,0,,,,,,,,
🇩🇪,jason_n,0,1,9:44.284,9:44.931,01 May 2024,765,(V),-7717725771183973328,,,https://www.speedrun.com/mc/runs/y8w63edy,9,44,931,584931,647,0.647,584284,1.42541287,421494,1.387756409,,0.6822,5.056358328,13.0105,19.0727,31.5937,9.74661,,,,,,,,,,,,,,,,,,,,,,,,,,,,,,,,,,,,,,,,,,,,,,,,,,,,,,,,--,,,,,,,,,,,,,,,,,,,,,,,,,,,765,0,0,,,0,,,,,,,,
🇳🇴,skycrab1,0,0,9:45.037,9:45.037,23 Oct 2025,225,(U),unknown,,,https://www.youtube.com/watch?v=T9vM7OUlcEI&list=PLU3_fvoJ1GyMStiA29z37DUPtG47PvOJz&index=146,9,45,37,585037,0,0,585037,1.425671181,410359,1.425671181,,0.8936,6.085571162,10.3240,11.5532,31.3750,9.76122,,,,,,,,,,,,,,,,,,,,,,,,,,,,,,,,,,,,,,,,,,,,,,,,,,,,,,,,--,,,,,,,,,,,,,,,,,,,,,,,,,,,225,0.3201189927,36.98414657,,,0,,,,,,,,
🇫🇮,Cube1337x,0,0,9:45.156,9:45.156,09 Nov 2022,1304,(U),-3144910399269136910,12,Yes,https://www.youtube.com/watch?v=GHxivohX8Z4,9,45,156,585156,0,0,585156,1.425961171,495537,1.180852288,,0.5210,1.700807207,39.2689,75.3719,31.1308,9.77764,,,,,,,,,,,,,,,,,,,,,,,,,,,,,,,,,,,,,,,,,,,,,,,,,,,,,,,,,,,,,,,,,,,,,,,,,,,,,,,,,,,1304,0,0,,,0,,,,,,,,
🇳🇴,skycrab1,0,0,9:42.436,9:45.242,03 Aug 2024,671,(U),-2702230192878188102,,,https://www.youtube.com/watch?v=-sDFnCpd8j4&list=PLU3_fvoJ1GyMStiA29z37DUPtG47PvOJz&index=46,9,45,242,585242,2806,2.806,582436,1.426170743,421494,1.388494261,,0.7150,5.074834385,13.5178,18.9066,30.9553,9.78952,,,,,,,,,,,,,,,,,,,,,,,,,,,,,,,,,,,,,,,,,,,,,,,,,,,,,,,,--,,,,,,,,,,,,,,,,,,,,,,,,,,,671,0,0,,,0,,,,,,,,
🇺🇸,doogile,0,0,9:42.858,9:45.286,13 Mar 2023,1180,(U),7973705383474527466,,,https://www.youtube.com/watch?v=Cf8Sk1XdjME,9,45,286,585286,2428,2.428,582858,1.426277966,465828,1.256442292,,0.5543,2.571541055,30.8189,55.5969,30.8658,9.79560,,,,,,,,,,,,,,,,,,,,,,,,,,,,,,,,,,,,,,,,,,,,,,,,,,,,,,,,--,,,,,,,,,,,,,,,,,,,,,,,,,,,1180,0,0,,,0,,,,,,,,
🇺🇸,thecamo6,0,1,9:45.287,9:45.287,02 Jan 2023,1250,(V),-4279335892801629149,16,Yes,https://www.speedrun.com/mc/run/ydg0jj0y,9,45,287,585287,0,0,585287,1.426280403,495537,1.181116647,,0.5353,1.703317523,40.3114,75.3117,30.8637,9.79574,,,,,,,,,,,,,,,,,,,,,,,,,,,,,,,,,,,,,,,,,,,,,,,,,,,,,,,,,,,,,,,,,,,,,,,,,,,,,,,,,,,1250,0,0,,,0,,,,,,,,
🇬🇧,priffie,0,0,9:45.290,9:45.290,11 Nov 2024,571,(V),-4050653622908300535,,,https://www.youtube.com/watch?v=Cv7b7MD5xGM,9,45,290,585290,0,0,585290,1.426287714,421494,1.388608142,,0.7516,5.077691247,14.1917,18.8810,30.8576,9.79616,,,,,,,,,,,,,,,,,,,,,,,,,,,,,,,,,,,,,,,,,,,,,,,,,,,,,,,,,,,,,,,,,,,,,,,,,,,,,,,,,,,571,0.000000008217982467,0.000001551634684,,,0,,,,,,,,
🇵🇱,watermelon1708,0,0,9:44.114,9:45.496,26 Sep 2025,252,(U),unknown,,,https://www.youtube.com/watch?v=fT6s7ACmW9o,9,45,496,585496,1382,1.382,584114,1.426789713,410359,1.426789713,,0.8816,6.118521155,10.0190,11.3644,30.4412,9.82469,,,,,,,,,,,,,,,,,,,,,,,,,,,,,,,,,,,,,,,,,,,,,,,,,,,,,,,,--,,,,,,,,,,,,,,,,,,,,,,,,,,,252,0.2018357967,22.93736121,,,0,,,,,,,,
🇭🇷,Mar1n,0,1,9:45.500,9:45.500,07 Jul 2023,1064,(V),-4334114590353594879,06,Yes,https://www.speedrun.com/mc/run/zpwgxjxy,9,45,500,585500,0,0,585500,1.426799461,465828,1.256901689,,0.5874,2.577873741,32.5814,55.4643,30.4331,9.82524,,,,,,,,,,,,,,,,,,,,,,,,,,,,,,,,,,,,,,,,,,,,,,,,,,,,,,,,,,,,,,,,,,,,,,,,,,,,,,,,,,,1064,0,0,,,0,,,,,,,,
🇮🇹,drip120,0,0,9:45.216,9:45.567,12 Jan 2026,144,(U),unknown,,,https://www.youtube.com/watch?v=ZZyjifZwkio,9,45,567,585567,351,0.351,585216,1.426962733,410359,1.426962733,,0.9305,6.123631853,10.5479,11.3353,30.2986,9.83454,,,,,,,,,,,,,,,,,,,,,,,,,,,,,,,,,,,,,,,,,,,,,,,,,,,,,,,,--,,,,,,,,,,,,,,,,,,,,,,,,,,,144,0.7418572795,84.09191776,,,0,,,,,,,,
🇫🇮,sadekeppi,0,1,9:45.154,9:45.634,11 Jun 2024,724,(V),-3039294032806863041,,,https://www.speedrun.com/mc/runs/yjo700dz,9,45,634,585634,480,0.48,585154,1.427126004,421494,1.389424286,,0.6963,5.098206608,13.0192,18.6981,30.1645,9.84385,,,,,,,,,,,,,,,,,,,,,,,,,,,,,,,,,,,,,,,,,,,,,,,,,,,,,,,,,,,,,,,,,,,,,,,,,,,,,,,,,,,724,0,0,,,0,,,,,,,,
🇩🇰,Bloopy,0,0,9:42.547,9:45.668,23 May 2024,743,(U),7218213766237196138,,,https://www.youtube.com/watch?v=0A2pZcw7nKA,9,45,668,585668,3121,3.121,582547,1.427208859,421494,1.389504951,,0.6897,5.100238219,12.8837,18.6801,30.0967,9.84857,,,,,,,,,,,,,,,,,,,,,,,,,,,,,,,,,,,,,,,,,,,,,,,,,,,,,,,,--,,,,,,,,,,,,,,,,,,,,,,,,,,,743,0,0,,,0,,,,,,,,
🇬🇧,priffie,0,0,9:45.748,9:45.748,24 Jan 2024,863,(U),unknown,,,https://www.youtube.com/watch?v=d3UwAclT_0U,9,45,748,585748,0,0,585748,1.42740381,421494,1.389694752,,0.6495,5.105021272,12.1058,18.6377,29.9375,9.85969,,,,,,,,,,,,,,,,,,,,,,,,,,,,,,,,,,,,,,,,,,,,,,,,,,,,,,,,,,,,,,,,,,,,,,,,,,,,,,,,,,,863,0,0,,,0,,,,,,,,
🇩🇰,Bloopy,0,0,9:44.536,9:45.834,08 May 2024,758,(U),5767139754953530122,,,https://www.youtube.com/watch?v=t48Dg8QRZ7I,9,45,834,585834,1298,1.298,584536,1.427613382,421494,1.389898789,,0.6845,5.110167427,12.7272,18.5923,29.7670,9.87167,,,,,,,,,,,,,,,,,,,,,,,,,,,,,,,,,,,,,,,,,,,,,,,,,,,,,,,,--,,,,,,,,,,,,,,,,,,,,,,,,,,,758,0,0,,,0,,,,,,,,
🇿🇦,Airpodsz,0,0,9:45.866,9:45.866,01 Nov 2025,216,(U),2980329477150004114,,,https://www.youtube.com/watch?v=jEn63TVyftA&list=PLjW0OIc7zcEcCMM5essHmBGzf92S0FzKi&index=16,9,45,866,585866,0,0,585866,1.427691363,410359,1.427691363,,0.8976,6.145195211,10.0656,11.2135,29.7038,9.87612,,,,,,,,,,,,,,,,,,,,,,,,,,,,,,,,,,,,,,,,,,,,,,,,,,,,,,,,,,,,,,,,,,,,,,,,,,,,,,,,,,,216,0.3650322402,40.93295199,,,0,,,,,,,,
🇫🇮,AndrewCrow,0,1,9:43.880,9:45.961,18 Oct 2024,595,(V),-6157791681411663320,,,https://www.speedrun.com/mc/runs/z0q0r8om,9,45,961,585961,2081,2.081,583880,1.427922868,421494,1.390200098,,0.7427,5.117775276,13.7581,18.5252,29.5167,9.88937,,,,,,,,,,,,,,,,,,,,,,,,,,,,,,,,,,,,,,,,,,,,,,,,,,,,,,,,,,,,,,,,,,,,,,,,,,,,,,,,,,,595,0.0000000007109013102,0.0000001316957533,,,0,,,,,,,,
🇵🇱,okshey,0,0,9:46.003,9:46.003,09 Nov 2025,208,(U),unknown,,,https://www.youtube.com/watch?v=fWRA9j5_-ZI,9,46,3,586003,0,0,586003,1.428025217,410359,1.428025217,,0.9012,6.155097494,10.0559,11.1580,29.4343,9.89523,,,,,,,,,,,,,,,,,,,,,,,,,,,,,,,,,,,,,,,,,,,,,,,,,,,,,,,,,,,,,,,,,,,,,,,,,,,,,,,,,,,208,0.4066138969,45.36989891,,,0,,,,,,,,
🇺🇸,doogile,0,0,9:46.008,9:46.008,16 Aug 2024,658,(U),see video,,,https://www.youtube.com/watch?v=Qf_GLwKVINE,9,46,8,586008,0,0,586008,1.428037401,421494,1.390311606,,0.7196,5.120593289,13.3137,18.5004,29.4245,9.89593,,,,,,,,,,,,,,,,,,,,,,,,,,,,,,,,,,,,,,,,,,,,,,,,,,,,,,,,--,,,,,,,,,,,,,,,,,,,,,,,,,,,658,0,0,,,0,,,,,,,,
🇺🇸,doogile,0,0,9:46.009,9:46.009,22 May 2025,379,(U),-3736586617850065730,,,https://www.youtube.com/watch?v=ccQtcViua94,9,46,9,586009,0,0,586009,1.428039838,421494,1.390313978,,0.8274,5.120653261,15.3063,18.4999,29.4225,9.89607,,,,,,,,,,,,,,,,,,,,,,,,,,,,,,,,,,,,,,,,,,,,,,,,,,,,,,,,--,,,,,,,,,,,,,,,,,,,,,,,,,,,379,0.004322186373,0.7995985664,,,0,,,,,,,,
🇿🇦,Airpodsz,0,0,9:45.625,9:46.075,18 Aug 2025,291,(U),6726877034938436606,,,https://www.youtube.com/watch?v=zn8P1NqVyKM&list=PLjW0OIc7zcEcCMM5essHmBGzf92S0FzKi&index=10,9,46,75,586075,450,0.45,585625,1.428200673,410359,1.428200673,,0.8646,6.160307184,9.6219,11.1289,29.2933,9.90528,,,,,,,,,,,,,,,,,,,,,,,,,,,,,,,,,,,,,,,,,,,,,,,,,,,,,,,,,,,,,,,,,,,,,,,,,,,,,,,,,,,291,0.08507542185,9.467926649,,,0,,,,,,,,
🇫🇮,Cube1337x,0,0,9:27.463,9:46.096,06 May 2023,1125.5625,(U),4516026993066851706,15,Yes,https://www.youtube.com/watch?v=2OO7LbGcnw8,9,46,96,586096,18633,18.633,567463,1.428251848,465828,1.258181131,,0.5696,2.595583923,31.3831,55.0945,29.2523,9.90822,,,,,,,,,,,,,,,,,,,,,,,,,,,,,,,,,,,,,,,,,,,,,,,,,,,,,,,,,,,,,,,,,,,,,,,,,,,,,,,,,,,1125.5625,0,0,,,0,,,,,,,,
🇨🇦,Aquacorde,0,0,9:46.107,9:46.107,27 Jun 2024,708,(U),9049033619582385475,,,https://www.youtube.com/watch?v=Ye9k6KJM768,9,46,107,586107,0,0,586107,1.428278654,421494,1.390546485,,0.7019,5.12653354,12.9483,18.4482,29.2309,9.90975,,,,,,,,,,,,,,,,,,,,,,,,,,,,,,,,,,,,,,,,,,,,,,,,,,,,,,,,--,,,,,,,,,,,,,,,,,,,,,,,,,,,708,0,0,,,0,,,,,,,,
🇩🇰,Bloopy,0,0,9:46.158,9:46.158,08 Mar 2025,454,(U),6216282210011845491,,,https://www.youtube.com/watch?v=ONuQrlNvhS8,9,46,158,586158,0,0,586158,1.428402935,421494,1.390667483,,0.7969,5.12959602,14.6804,18.4214,29.1315,9.91688,,,,,,,,,,,,,,,,,,,,,,,,,,,,,,,,,,,,,,,,,,,,,,,,,,,,,,,,--,,,,,,,,,,,,,,,,,,,,,,,,,,,454,0.00008630125653,0.01589788861,,,0,,,,,,,,
🇩🇰,Bloopy,0,0,9:46.195,9:46.195,20 Jan 2025,501,(U),-7985963383704728573,,,https://www.youtube.com/watch?v=29tEBxruVpI,9,46,195,586195,0,0,586195,1.4284931,421494,1.390755266,,0.7784,5.13181882,14.3243,18.4019,29.0596,9.92206,,,,,,,,,,,,,,,,,,,,,,,,,,,,,,,,,,,,,,,,,,,,,,,,,,,,,,,,--,,,,,,,,,,,,,,,,,,,,,,,,,,,501,0.000003456859293,0.0006361287112,,,0,,,,,,,,
🇮🇳,AnkurGaming,0,1,9:41.450,9:46.230,21 Dec 2023,897,(V),-4850311888308513929,01,Yes,https://www.speedrun.com/mc/runs/y8kk4rxy,9,46,230,586230,4780,4.78,581450,1.428578391,446254,1.313668897,,0.6386,3.475758944,24.7395,38.7411,28.9917,9.92696,,,,,,,,,,,,,,,,,,,,,,,,,,,,,,,,,,,,,,,,,,,,,,,,,,,,,,,,,,,,,,,,,,,,,,,,,,,,,,,,,,,897,0,0,,,0,,,,,,,,
🇨🇦,Aquacorde,0,0,9:46.271,9:46.271,28 Mar 2025,434,(U),-07976283618262231963,,,https://www.youtube.com/watch?v=jSkSLZfGAwQ,9,46,271,586271,0,0,586271,1.428678304,421494,1.390935577,,0.8049,5.136387213,14.7801,18.3620,28.9123,9.93270,,,,,,,,,,,,,,,,,,,,,,,,,,,,,,,,,,,,,,,,,,,,,,,,,,,,,,,,--,,,,,,,,,,,,,,,,,,,,,,,,,,,434,0.000281704925,0.05172662202,,,0,,,,,,,,
🇩🇰,Bloopy,0,0,9:46.391,9:46.391,27 Jun 2024,708,(U),-7127755779148304965,,,https://www.youtube.com/watch?v=NYuEksXYaCU,9,46,391,586391,0,0,586391,1.428970731,421494,1.391220278,,0.7019,5.143607703,12.8436,18.2990,28.6809,9.94951,,,,,,,,,,,,,,,,,,,,,,,,,,,,,,,,,,,,,,,,,,,,,,,,,,,,,,,,--,,,,,,,,,,,,,,,,,,,,,,,,,,,708,0,0,,,0,,,,,,,,
🇨🇦,NoHacsJustRoblox,0,1,9:45.421,9:46.316,13 Jan 2024,874,(U),-4263921606035060816,,,https://www.youtube.com/watch?v=6KMSa52qjCM,9,46,316,586316,895,0.895,585421,1.428787964,421494,1.39104234,,0.6460,5.139093858,11.8461,18.3384,28.8254,9.93900,,,,,,,,,,,,,,,,,,,,,,,,,,,,,,,,,,,,,,,,,,,,,,,,,,,,,,,,--,,,,,,,,,,,,,,,,,,,,,,,,,,,874,0,0,,,0,,,,,,,,
🇵🇱,okshey,0,0,9:44.147,9:46.558,28 Aug 2025,281,(U),unknown,,,https://www.youtube.com/watch?v=YU2CeRzbikQ,9,46,558,586558,2411,2.411,584147,1.429377691,410359,1.429377691,,0.8689,6.195354963,9.5015,10.9348,28.3612,9.97296,,,,,,,,,,,,,,,,,,,,,,,,,,,,,,,,,,,,,,,,,,,,,,,,,,,,,,,,,,,,,,,,,,,,,,,,,,,,,,,,,,,281,0.1087390722,11.89035685,,,0,,,,,,,,
🇿🇦,Airpodsz,0,0,9:45.809,9:46.507,13 Feb 2026,112,(U),7871916503547653355,,,https://www.youtube.com/watch?v=uGDL3hmBCkg&list=PLjW0OIc7zcEcCMM5essHmBGzf92S0FzKi&index=33,9,46,507,586507,698,0.698,585809,1.42925341,410359,1.42925341,,0.9455,6.191646082,10.3585,10.9552,28.4586,9.96580,,,,,,,,,,,,,,,,,,,,,,,,,,,,,,,,,,,,,,,,,,,,,,,,,,,,,,,,,,,,,,,,,,,,,,,,,,,,,,,,,,,112,0.8689299212,95.192614,,,0,,,,,,,,
🇺🇸,doogile,0,0,9:41.283,9:46.909,28 Oct 2023,951,(U),8031767395139939967,,,https://www.youtube.com/watch?v=qMYf-lt2Gik,9,46,909,586909,5626,5.626,581283,1.43023304,465828,1.259926411,,0.6216,2.619917151,33.9310,54.5888,27.6981,10.02240,,,,,,,,,,,,,,,,,,,,,,,,,,,,,,,,,,,,,,,,,,,,,,,,,,,,,,,,--,,,,,,,,,,,,,,,,,,,,,,,,,,,951,0,0,,,0,,,,,,,,
🇿🇦,Airpodsz,0,0,9:46.378,9:46.937,25 Mar 2026,72,(U),-3576720130354991042,,,https://www.youtube.com/watch?v=aRWqHkwoVuk&list=PLjW0OIc7zcEcCMM5essHmBGzf92S0FzKi&index=41,9,46,937,586937,559,0.559,586378,1.430301273,410359,1.430301273,,0.9646,6.222977733,10.4026,10.7840,27.6457,10.02636,,,,,,,,,,,,,,,,,,,,,,,,,,,,,,,,,,,,,,,,,,,,,,,,,,,,,,,,,,,,,,,,,,,,,,,,,,,,,,,,,,,72,0.9633631842,103.8886296,,,0,,,,,,,,
🇬🇧,DECTHEELITE,0,1,9:45.625,9:47.012,08 Jul 2022,1428,(V),-7457612752333916459,,,https://www.speedrun.com/mc/runs/m33v8k4m,9,47,12,587012,1387,1.387,585625,1.43048404,548820,1.069589301,,0.4897,0.9007359994,46.0890,94.1203,27.5058,10.03695,,,,,,,,,,,,,,,,,,,,,,,,,,,,,,,,,,,,,,,,,,,,,,,,,,,,,,,,,,,,,,,,,,,,,,,,,,,,,,,,,,,1428,0,0,,,0,,,,,,,,
🇺🇸,doogile,0,0,9:45.866,9:47.031,17 Jan 2024,870,(U),659506891402994010,,,https://www.youtube.com/watch?v=xvG0ou32Tn4,9,47,31,587031,1165,1.165,585866,1.430530341,421494,1.392738687,,0.6473,5.182267029,11.6282,17.9651,27.4704,10.03964,,,,,,,,,,,,,,,,,,,,,,,,,,,,,,,,,,,,,,,,,,,,,,,,,,,,,,,,--,,,,,,,,,,,,,,,,,,,,,,,,,,,870,0,0,,,0,,,,,,,,
🇫🇮,AndrewCrow,0,0,9:45.854,9:47.136,26 Feb 2025,464,(U),unknown,,,https://www.youtube.com/watch?v=mYqtUu-wQLA,9,47,136,587136,1282,1.282,585854,1.430786214,421494,1.392987801,,0.7929,5.188633765,14.2021,17.9106,27.2756,10.05449,,,,,,,,,,,,,,,,,,,,,,,,,,,,,,,,,,,,,,,,,,,,,,,,,,,,,,,,,,,,,,,,,,,,,,,,,,,,,,,,,,,464,0.00004586838767,0.008215303,,,0,,,,,,,,
🇹🇿,Kxpow,0,0,9:41.724,9:47.267,03 Nov 2023,945,(U),-4292657386397314439,09,Yes,https://www.youtube.com/watch?v=Mvek4DydEWs,9,47,267,587267,5543,5.543,581724,1.431105447,465828,1.260694935,,0.6234,2.630696471,33.8939,54.3658,27.0341,10.07305,,,,,,,,,,,,,,,,,,,,,,,,,,,,,,,,,,,,,,,,,,,,,,,,,,,,,,,,--,,,,,,,,,,,,,,,,,,,,,,,,,,,945,0,0,,,0,,,,,,,,
🇺🇸,meebie,0,0,9:47.293,9:47.293,28 Mar 2024,799,(U),unknown,,,https://www.youtube.com/watch?v=iyNfS8lVaQA&list=PLaTJSsRuu2Ufk7cX7bUTt9V-IJxa8wqSM&index=11,9,47,293,587293,0,0,587293,1.431168806,421494,1.393360285,,0.6707,5.198166303,11.9573,17.8293,26.9863,10.07674,,,,,,,,,,,,,,,,,,,,,,,,,,,,,,,,,,,,,,,,,,,,,,,,,,,,,,,,--,,,,,,,,,,,,,,,,,,,,,,,,,,,799,0,0,,,0,,,,,,,,
🇿🇦,Airpodsz,0,0,9:47.295,9:47.295,25 Feb 2026,100,(U),4742531329891271699,,,https://www.youtube.com/watch?v=MexvV-xiZSY&list=PLjW0OIc7zcEcCMM5essHmBGzf92S0FzKi&index=37,9,47,295,587295,0,0,587295,1.43117368,410359,1.43117368,,0.9512,6.249168429,10.1237,10.6427,26.9826,10.07702,,,,,,,,,,,,,,,,,,,,,,,,,,,,,,,,,,,,,,,,,,,,,,,,,,,,,,,,,,,,,,,,,,,,,,,,,,,,,,,,,,,100,0.904837418,96.29924721,,,0,,,,,,,,
🇳🇴,skycrab1,0,0,9:46.198,9:47.329,23 Jul 2024,682,(U),-8584715713734940155,,,https://www.youtube.com/watch?v=SxKsNmBrYIo&list=PLU3_fvoJ1GyMStiA29z37DUPtG47PvOJz&index=44,9,47,329,587329,1131,1.131,586198,1.431256534,421494,1.393445696,,0.7111,5.200354264,12.6644,17.8107,26.9203,10.08185,,,,,,,,,,,,,,,,,,,,,,,,,,,,,,,,,,,,,,,,,,,,,,,,,,,,,,,,--,,,,,,,,,,,,,,,,,,,,,,,,,,,682,0,0,,,0,,,,,,,,
🇺🇸,21MashedPotatoes,0,1,9:44.649,9:47.360,25 Dec 2023,893,(V),-7351805823559982561,06,Yes,https://www.speedrun.com/mc/run/z1k9vrjy,9,47,360,587360,2711,2.711,584649,1.431332078,446254,1.316201087,,0.6399,3.521572296,24.3156,38.0013,26.8636,10.08625,,,,,,,,,,,,,,,,,,,,,,,,,,,,,,,,,,,,,,,,,,,,,,,,,,,,,,,,,,,,,,,,,,,,,,,,,,,,,,,,,,,893,0,0,,,0,,,,,,,,
🇫🇮,AndrewCrow,0,0,9:42.268,9:47.403,27 Apr 2025,404,(U),unknown,,,https://www.youtube.com/watch?v=463kp9iPmH4,9,47,403,587403,5135,5.135,582268,1.431436864,421494,1.393621262,,0.8171,5.204854268,14.5218,17.7725,26.7850,10.09235,,,,,,,,,,,,,,,,,,,,,,,,,,,,,,,,,,,,,,,,,,,,,,,,,,,,,,,,,,,,,,,,,,,,,,,,,,,,,,,,,,,404,0.001368655511,0.2432437349,,,0,,,,,,,,
🇺🇸,21MashedPotatoes,0,1,9:46.720,9:47.583,08 Nov 2023,940,(V),-5257780577259106882,09,Yes,https://www.speedrun.com/mc/runs/y4k8qonm,9,47,583,587583,863,0.863,586720,1.431875504,465828,1.261373297,,0.6250,2.640243994,33.8555,54.1687,26.4581,10.11795,,,,,,,,,,,,,,,,,,,,,,,,,,,,,,,,,,,,,,,,,,,,,,,,,,,,,,,,,,,,,,,,,,,,,,,,,,,,,,,,,,,940,0,0,,,0,,,,,,,,
🇫🇮,sadekeppi,0,0,9:47.221,9:47.714,22 Nov 2025,195,(U),unknown,,,https://www.youtube.com/watch?v=0bzWARh6UHk,9,47,714,587714,493,0.493,587221,1.432194737,410359,1.432194737,,0.9071,6.279943693,9.5054,10.4789,26.2221,10.13662,,,,,,,,,,,,,,,,,,,,,,,,,,,,,,,,,,,,,,,,,,,,,,,,,,,,,,,,,,,,,,,,,,,,,,,,,,,,,,,,,,,195,0.4764047362,49.92198362,,,0,,,,,,,,
🇮🇱,orachi,0,0,9:41.673,9:47.777,22 Dec 2024,530,(U),-8104953406256303591,,,https://www.youtube.com/watch?v=MReHAsZORLk,9,47,777,587777,6104,6.104,581673,1.432348261,421494,1.394508581,,0.7672,5.227649628,13.4874,17.5799,26.1091,10.14560,,,,,,,,,,,,,,,,,,,,,,,,,,,,,,,,,,,,,,,,,,,,,,,,,,,,,,,,,,,,,,,,,,,,,,,,,,,,,,,,,,,530,0.0000003422583417,0.0000601687038,,,0,,,,,,,,
🇨🇦,NoHacsJustRoblox,0,0,9:43.761,9:47.778,10 Nov 2023,938,(V),-4347952844736501796,,,https://www.speedrun.com/mc/runs/mr26ln4y,9,47,778,587778,4017,4.017,583761,1.432350698,465828,1.261791906,,0.6256,2.646151052,33.8133,54.0470,26.1073,10.14575,,,,,,,,,,,,,,,,,,,,,,,,,,,,,,,,,,,,,,,,,,,,,,,,,,,,,,,,--,,,,,,,,,,,,,,,,,,,,,,,,,,,938,0,0,,,0,,,,,,,,
🇨🇦,NoHacsJustRoblox,0,0,9:46.999,9:47.999,11 Oct 2024,602,(U),unknown,,,https://www.youtube.com/watch?v=sbS8Zko1TlQ,9,47,999,587999,1000,1,586999,1.432889251,421494,1.395035279,,0.7401,5.241221786,12.9263,17.4661,25.7142,10.17733,,,,,,,,,,,,,,,,,,,,,,,,,,,,,,,,,,,,,,,,,,,,,,,,,,,,,,,,--,,,,,,,,,,,,,,,,,,,,,,,,,,,602,0.0000000003350568825,0.00000005852150576,,,0,,,,,,,,
🇷🇸,skylewl,0,1,9:47.407,9:48.024,15 Aug 2023,1025,(V),890221444930485769,09,Yes,https://www.speedrun.com/mc/runs/znv67o7m,9,48,24,588024,617,0.617,587407,1.432950173,465828,1.262319998,,0.5990,2.653619826,32.2819,53.8933,25.6700,10.18091,,,,,,,,,,,,,,,,,,,,,,,,,,,,,,,,,,,,,,,,,,,,,,,,,,,,,,,,,,,,,,,,,,,,,,,,,,,,,,,,,,,1025,0,0,,,0,,,,,,,,
🇨🇦,Aquacorde,0,0,9:48.026,9:48.026,22 Feb 2024,834,(U),9118196624093387626,,,https://www.youtube.com/watch?v=mIFXvcg5exc,9,48,26,588026,0,0,588026,1.432955047,421494,1.395099337,,0.6590,5.242874552,11.5015,17.4523,25.6665,10.18119,,,,,,,,,,,,,,,,,,,,,,,,,,,,,,,,,,,,,,,,,,,,,,,,,,,,,,,,--,,,,,,,,,,,,,,,,,,,,,,,,,,,834,0,0,,,0,,,,,,,,
🇭🇰,hackingnoises,0,1,9:38.340,9:48.065,23 Oct 2023,956,(V),-7758362008447828656,06,Yes,https://www.speedrun.com/mc/runs/y4ovn03z,9,48,65,588065,9725,9.725,578340,1.433050085,465828,1.262408013,,0.6200,2.654866446,33.3992,53.8677,25.5977,10.18678,,,,,,,,,,,,,,,,,,,,,,,,,,,,,,,,,,,,,,,,,,,,,,,,,,,,,,,,,,,,,,,,,,,,,,,,,,,,,,,,,,,956,0,0,,,0,,,,,,,,
🇸🇰,NoFear1337,0,0,9:48.163,9:48.213,27 Aug 2023,1013,(U),unknown,,,https://www.youtube.com/watch?v=z-TqSwvseQM,9,48,213,588213,50,0.05,588163,1.433410745,465828,1.262725727,,0.6026,2.659370779,32.4050,53.7752,25.3378,10.20799,,,,,,,,,,,,,,,,,,,,,,,,,,,,,,,,,,,,,,,,,,,,,,,,,,,,,,,,--,,,,,,,,,,,,,,,,,,,,,,,,,,,1013,0,0,,,0,,,,,,,,
🇺🇸,Feinberg,0,0,9:45.144,9:48.285,13 Jun 2025,357,(U),4446857090278773345,,,https://www.youtube.com/watch?v=8_LXKuVw1SU,9,48,285,588285,3141,3.141,585144,1.433586201,410359,1.433586201,,0.8365,6.322095739,8.5813,10.2583,25.2121,10.21833,,,,,,,,,,,,,,,,,,,,,,,,,,,,,,,,,,,,,,,,,,,,,,,,,,,,,,,,,,,,,,,,,,,,,,,,,,,,,,,,,,,357,0.01056795151,1.084087897,,,0,,,,,,,,
🇿🇦,Airpodsz,0,0,9:48.321,9:48.321,11 Dec 2025,176,(U),5951888916887174113,,,https://www.youtube.com/watch?v=GcwHXzxV3kY&list=PLjW0OIc7zcEcCMM5essHmBGzf92S0FzKi&index=19,9,48,321,588321,0,0,588321,1.433673929,410359,1.433673929,,0.9158,6.324761549,9.3815,10.2444,25.1495,10.22350,,,,,,,,,,,,,,,,,,,,,,,,,,,,,,,,,,,,,,,,,,,,,,,,,,,,,,,,,,,,,,,,,,,,,,,,,,,,,,,,,,,176,0.5797388126,59.39104665,,,0,,,,,,,,
🇳🇴,skycrab1,0,0,9:47.690,9:48.353,19 Jul 2024,686,(U),-209222904514390450,,,https://www.youtube.com/watch?v=SHAbsCkd9IA&list=PLU3_fvoJ1GyMStiA29z37DUPtG47PvOJz&index=42,9,48,353,588353,663,0.663,587690,1.43375191,421494,1.395875149,,0.7096,5.262927572,12.2665,17.2855,25.0939,10.22810,,,,,,,,,,,,,,,,,,,,,,,,,,,,,,,,,,,,,,,,,,,,,,,,,,,,,,,,--,,,,,,,,,,,,,,,,,,,,,,,,,,,686,0,0,,,0,,,,,,,,
🇺🇸,zylenox,0,0,9:43.663,9:48.405,23 Dec 2022,1260,(U),4650296313107653918,,,https://www.youtube.com/watch?v=c6A7e74XY5g,9,48,405,588405,4742,4.742,583663,1.433878628,495537,1.187408811,,0.5326,1.764071088,39.3364,73.8584,25.0038,10.23558,,,,,,,,,,,,,,,,,,,,,,,,,,,,,,,,,,,,,,,,,,,,,,,,,,,,,,,,--,,,,,,,,,,,,,,,,,,,,,,,,,,,1260,0,0,,,0,,,,,,,,
🇸🇪,v_strid,0,0,9:48.473,9:48.473,07 Jun 2024,728,(U),unknown,,,https://www.youtube.com/watch?v=op574QzMvUc,9,48,473,588473,0,0,588473,1.434044337,421494,1.39615985,,0.6949,5.270303269,11.9692,17.2245,24.8863,10.24536,,,,,,,,,,,,,,,,,,,,,,,,,,,,,,,,,,,,,,,,,,,,,,,,,,,,,,,,,,,,,,,,,,,,,,,,,,,,,,,,,,,,,,,,,,,,,,,,
🇬🇧,priffie,0,0,9:48.683,9:48.683,10 Jul 2023,1061,(U),-3758866594075536122,12,Yes,https://www.youtube.com/watch?v=yirO2rZBNk8,9,48,683,588683,0,0,588683,1.434556084,465828,1.263734683,,0.5883,2.673720243,31.4635,53.4811,24.5261,10.27563,,,,,,,,,,,,,,,,,,,,,,,,,,,,,,,,,,,,,,,,,,,,,,,,,,,,,,,,,,,,,,,,,,,,,,,,,,,,,,,,,,,1061,0,0,,,0,,,,,,,,
🇨🇳,xiamoys,0,1,9:46.458,9:48.732,25 Nov 2023,923,(U),-2621669063246225494,06,Yes,https://www.bilibili.com/video/BV1ww411H7kc/,9,48,732,588732,2274,2.274,586458,1.434675491,465828,1.263839872,,0.6303,2.675220212,33.6918,53.4504,24.4426,10.28271,,,,,,,,,,,,,,,,,,,,,,,,,,,,,,,,,,,,,,,,,,,,,,,,,,,,,,,,,,,,,,,,,,,,,,,,,,,,,,,,,,,923,0,0,,,0,,,,,,,,
🇺🇸,meebie,0,1,9:47.567,9:48.735,13 Mar 2023,1180,(V),5085481578685051061,12,Yes,https://www.speedrun.com/mc/run/yj8eo2gm,9,48,735,588735,1168,1.168,587567,1.434682802,465828,1.263846312,,0.5543,2.675312071,29.6280,53.4486,24.4375,10.28314,,,,,,,,,,,,,,,,,,,,,,,,,,,,,,,,,,,,,,,,,,,,,,,,,,,,,,,,--,,,,,,,,,,,,,,,,,,,,,,,,,,,1180,0,0,,,0,,,,,,,,
🇵🇱,okshey,0,0,9:45.350,9:48.739,09 Jun 2025,361,(U),-7611614719566896812,,,https://www.youtube.com/watch?v=im7AKnGBPGA,9,48,739,588739,3389,3.389,585350,1.43469255,421494,1.396790939,,0.8349,5.286684937,14.2674,17.0898,24.4307,10.28372,,,,,,,,,,,,,,,,,,,,,,,,,,,,,,,,,,,,,,,,,,,,,,,,,,,,,,,,,,,,,,,,,,,,,,,,,,,,,,,,,,,361,0.009053642645,1.547245806,,,0,,,,,,,,
🇫🇮,AndrewCrow,0,0,9:48.071,9:48.755,06 Jul 2025,334,(U),unknown,,,https://www.youtube.com/watch?v=G3w8ujqom1I,9,48,755,588755,684,0.684,588071,1.43473154,410359,1.43473154,,0.8462,6.356976493,8.5288,10.0789,24.4035,10.28603,,,,,,,,,,,,,,,,,,,,,,,,,,,,,,,,,,,,,,,,,,,,,,,,,,,,,,,,,,,,,,,,,,,,,,,,,,,,,,,,,,,334,0.02408971242,2.427975537,,,0,,,,,,,,
🇸🇰,NoFear1337,0,0,9:46.172,9:48.868,04 Nov 2025,213,(U),unknown,,,https://www.youtube.com/watch?v=nWG0IBAK484,9,48,868,588868,2696,2.696,586172,1.435006909,410359,1.435006909,,0.8990,6.365387665,9.0222,10.0361,24.2121,10.30236,,,,,,,,,,,,,,,,,,,,,,,,,,,,,,,,,,,,,,,,,,,,,,,,,,,,,,,,--,,,,,,,,,,,,,,,,,,,,,,,,,,,213,0.3804655289,38.18377388,,,0,,,,,,,,
🇳🇴,skycrab1,0,0,9:48.787,9:49.039,08 Dec 2025,179,(U),unknown,,,https://www.youtube.com/watch?v=nuRVx79nIxg&list=PLU3_fvoJ1GyMStiA29z37DUPtG47PvOJz&index=155,9,49,39,589039,252,0.252,588787,1.435423617,410359,1.435423617,,0.9144,6.378134504,9.1178,9.9715,23.9247,10.32713,,,,,,,,,,,,,,,,,,,,,,,,,,,,,,,,,,,,,,,,,,,,,,,,,,,,,,,,--,,,,,,,,,,,,,,,,,,,,,,,,,,,179,0.5635304555,56.19236107,,,0,,,,,,,,
🇳🇴,skycrab1,0,0,9:49.051,9:49.051,07 Sep 2024,636,(U),-5901488670443987544,,,https://www.youtube.com/watch?v=QTUOtzq4PCM&list=PLU3_fvoJ1GyMStiA29z37DUPtG47PvOJz&index=65,9,49,51,589051,0,0,589051,1.43545286,421494,1.397531163,,0.7276,5.305956202,12.3201,16.9324,23.9046,10.32887,,,,,,,,,,,,,,,,,,,,,,,,,,,,,,,,,,,,,,,,,,,,,,,,,,,,,,,,--,,,,,,,,,,,,,,,,,,,,,,,,,,,636,0,0.000000001137842176,,,0,,,,,,,,
🇫🇮,sadekeppi,0,0,9:49.103,9:49.103,22 Nov 2025,195,(U),unknown,,,https://www.youtube.com/watch?v=qKrWvNJtuGc,9,49,103,589103,0,0,589103,1.435579578,410359,1.435579578,,0.9071,6.382910964,9.0233,9.9474,23.8178,10.33641,,,,,,,,,,,,,,,,,,,,,,,,,,,,,,,,,,,,,,,,,,,,,,,,,,,,,,,,,,,,,,,,,,,,,,,,,,,,,,,,,,,195,0.4764047362,47.38981105,,,0,,,,,,,,
🇺🇸,pizu,0,1,9:44.325,9:49.133,16 Aug 2023,1024,(V),8008279034697202098,??,Yes,https://www.speedrun.com/mc/runs/m3q86pqy,9,49,133,589133,4808,4.808,584325,1.435652685,465828,1.264700705,,0.5993,2.687523656,31.8821,53.1992,23.7678,10.34076,,,,,,,,,,,,,,,,,,,,,,,,,,,,,,,,,,,,,,,,,,,,,,,,,,,,,,,,,,,,,,,,,,,,,,,,,,,,,,,,,,,1024,0,0,,,0,,,,,,,,
🇸🇪,v_strid,0,0,9:40.786,9:49.292,24 Feb 2025,466,(U),unknown,,,https://www.youtube.com/watch?v=i9cjYiXJH1s,9,49,292,589292,8506,8.506,580786,1.43604015,421494,1.398102939,,0.7922,5.320884001,13.3172,16.8114,23.5043,10.36387,,,,,,,,,,,,,,,,,,,,,,,,,,,,,,,,,,,,,,,,,,,,,,,,,,,,,,,,,,,,,,,,,,,,,,,,,,,,,,,,,,,,,,,,,,,,,,,,
🇵🇱,kazzruns,0,1,9:47.765,9:49.408,21 Oct 2024,592,(V),-5518127791753338364,,,https://www.speedrun.com/mc/runs/y6ejg9jz,9,49,408,589408,1643,1.643,587765,1.43632283,421494,1.39837815,,0.7438,5.328082236,12.4609,16.7533,23.3134,10.38075,,,,,,,,,,,,,,,,,,,,,,,,,,,,,,,,,,,,,,,,,,,,,,,,,,,,,,,,,,,,,,,,,,,,,,,,,,,,,,,,,,,592,0.0000000009760875799,0.0000001635267425,,,0,,,,,,,,
🇸🇪,Crookst,0,0,9:49.408,9:49.408,24 May 2022,1473,(U),unknown,06,Yes,https://www.youtube.com/watch?v=uV8TKcBR9fY,9,49,408,589408,0,0,589408,1.43632283,548820,1.073955031,,0.4788,0.9238965447,44.8244,93.6207,23.3134,10.38075,,,,,,,,,,,,,,,,,,,,,,,,,,,,,,,,,,,,,,,,,,,,,,,,,,,,,,,,--,,,,,,,,,,,,,,,,,,,,,,,,,,,1473,0,0,,,0,,,,,,,,
🇹🇿,Kxpow,0,0,9:40.156,9:49.436,30 Jul 2023,1041,(U),-5875652353814320049,08,Yes,https://www.youtube.com/watch?v=c4mVL3Qoois,9,49,436,589436,9280,9.28,580156,1.436391062,465828,1.26535116,,0.5942,2.696853659,31.4993,53.0093,23.2675,10.38483,,,,,,,,,,,,,,,,,,,,,,,,,,,,,,,,,,,,,,,,,,,,,,,,,,,,,,,,--,,,,,,,,,,,,,,,,,,,,,,,,,,,1041,0,0,,,0,,,,,,,,
🇺🇸,doogile,0,0,9:48.125,9:49.511,22 Jan 2023,1230,(U),-5847241643383056057,,,https://www.youtube.com/watch?v=svPe9bvWOZs,9,49,511,589511,1386,1.386,588125,1.436573829,495537,1.189640733,,0.5406,1.78609013,39.6469,73.3332,23.1450,10.39576,,,,,,,,,,,,,,,,,,,,,,,,,,,,,,,,,,,,,,,,,,,,,,,,,,,,,,,,--,,,,,,,,,,,,,,,,,,,,,,,,,,,1230,0,0,,,0,,,,,,,,
🇫🇮,sadekeppi,0,0,9:49.523,9:49.523,03 Jan 2026,153,(U),unknown,,,https://www.youtube.com/watch?v=DuhuMBSklKw,9,49,523,589523,0,0,589523,1.436603072,410359,1.436603072,,0.9264,6.414333845,9.0691,9.7901,23.1254,10.39751,,,,,,,,,,,,,,,,,,,,,,,,,,,,,,,,,,,,,,,,,,,,,,,,,,,,,,,,,,,,,,,,,,,,,,,,,,,,,,,,,,,153,0.6989628399,68.42950292,,,0,,,,,,,,
🇺🇸,zylenox,0,0,9:46.820,9:49.532,02 Jul 2023,1069,(U),8044565015290039310,15,Yes,https://www.youtube.com/watch?v=sDcIlMtOOmE,9,49,532,589532,2712,2.712,586820,1.436625004,465828,1.265557244,,0.5860,2.699815708,31.0261,52.9490,23.1107,10.39882,,,,,,,,,,,,,,,,,,,,,,,,,,,,,,,,,,,,,,,,,,,,,,,,,,,,,,,,--,,,,,,,,,,,,,,,,,,,,,,,,,,,1069,0,0,,,0,,,,,,,,
🇵🇱,okshey,0,0,9:44.226,9:49.660,16 Apr 2025,415,(U),-1149895041785241433,,,https://www.youtube.com/watch?v=FwZbmFXsgSw,9,49,660,589660,5434,5.434,584226,1.436936926,421494,1.398976023,,0.8126,5.343749099,13.5117,16.6275,22.9029,10.41751,,,,,,,,,,,,,,,,,,,,,,,,,,,,,,,,,,,,,,,,,,,,,,,,,,,,,,,,,,,,,,,,,,,,,,,,,,,,,,,,,,,415,0.0007869565663,0.1308510637,,,0,,,,,,,,
🇨🇦,Specnr,0,1,9:46.156,9:49.681,27 Dec 2022,1256,(V),7237098484174827022,18,Yes,https://www.speedrun.com/mc/run/y8020ewm,9,49,681,589681,3525,3.525,586156,1.436988101,495537,1.189983795,,0.5337,1.789496655,39.0915,73.2520,22.8690,10.42058,,,,,,,,,,,,,,,,,,,,,,,,,,,,,,,,,,,,,,,,,,,,,,,,,,,,,,,,,,,,,,,,,,,,,,,,,,,,,,,,,,,1256,0,0,,,0,,,,,,,,
🇧🇪,boyenn,0,0,9:49.577,9:49.697,09 Mar 2025,453,(U),unknown,,,https://www.youtube.com/watch?v=V12SrHOwNBQ,9,49,697,589697,120,0.12,589577,1.437027091,421494,1.399063806,,0.7973,5.346052777,13.2427,16.6091,22.8432,10.42292,,,,,,,,,,,,,,,,,,,,,,,,,,,,,,,,,,,,,,,,,,,,,,,,,,,,,,,,--,,,,,,,,,,,,,,,,,,,,,,,,,,,453,0.00009179362566,0.0152460534,,,0,,,,,,,,
🇺🇸,zylenox,0,0,9:39.888,9:49.703,07 May 2024,759,(U),unknown,,,https://www.youtube.com/watch?v=NfuxXQCM1gk,9,49,703,589703,9815,9.815,579888,1.437041712,421494,1.399078041,,0.6842,5.346426428,11.3619,16.6061,22.8335,10.42379,,,,,,,,,,,,,,,,,,,,,,,,,,,,,,,,,,,,,,,,,,,,,,,,,,,,,,,,,,,,,,,,,,,,,,,,,,,,,,,,,,,759,0,0,,,0,,,,,,,,
🇳🇴,skycrab1,0,0,9:49.773,9:49.773,18 Nov 2024,564,(U),8995165694867144478,,,https://www.youtube.com/watch?v=OrzWR9MX7RQ&list=PLU3_fvoJ1GyMStiA29z37DUPtG47PvOJz&index=96,9,49,773,589773,0,0,589773,1.437212295,421494,1.399244117,,0.7543,5.350787377,12.4992,16.5712,22.7207,10.43403,,,,,,,,,,,,,,,,,,,,,,,,,,,,,,,,,,,,,,,,,,,,,,,,,,,,,,,,--,,,,,,,,,,,,,,,,,,,,,,,,,,,564,0.00000001616181623,0.000002678213044,,,0,,,,,,,,
🇺🇸,Semperz,0,1,9:46.795,9:49.877,16 Jan 2023,1236,(V),-9130200200703997782,08,Yes,https://www.speedrun.com/mc/run/mro1w68m,9,49,877,589877,3082,3.082,586795,1.437465731,495537,1.190379326,,0.5390,1.793431498,39.4339,73.1583,22.5540,10.44926,,,,,,,,,,,,,,,,,,,,,,,,,,,,,,,,,,,,,,,,,,,,,,,,,,,,,,,,,,,,,,,,,,,,,,,,,,,,,,,,,,,1236,0,0,,,0,,,,,,,,
🇵🇱,watermelon1708,0,0,9:49.338,9:49.896,15 Aug 2025,294,(U),unknown,,,https://www.youtube.com/watch?v=N1MKoW8JtrU,9,49,896,589896,558,0.558,589338,1.437512032,410359,1.437512032,,0.8633,6.442353197,8.3324,9.6519,22.5236,10.45204,,,,,,,,,,,,,,,,,,,,,,,,,,,,,,,,,,,,,,,,,,,,,,,,,,,,,,,,--,,,,,,,,,,,,,,,,,,,,,,,,,,,294,0.07877036748,7.602807507,,,0,,,,,,,,
🇭🇰,hackingnoises,0,0,9:43.081,9:49.943,16 Aug 2023,1024,(U),-7758362008447828656,06,Yes,https://www.youtube.com/watch?v=zcw53uYt37o,9,49,943,589943,6862,6.862,583081,1.437626566,465828,1.266439544,,0.5993,2.712529745,31.5775,52.6910,22.4487,10.45893,,,,,,,,,,,,,,,,,,,,,,,,,,,,,,,,,,,,,,,,,,,,,,,,,,,,,,,,,,,,,,,,,,,,,,,,,,,,,,,,,,,1024,0,0,,,0,,,,,,,,
🇳🇴,skycrab1,0,0,9:49.969,9:50.065,13 Nov 2024,569,(U),4962570127198828524,,,https://www.youtube.com/watch?v=6eV5G75VplI&list=PLU3_fvoJ1GyMStiA29z37DUPtG47PvOJz&index=93,9,50,65,590065,96,0.096,589969,1.437923867,421494,1.399936891,,0.7524,5.369012294,12.3591,16.4264,22.2550,10.47683,,,,,,,,,,,,,,,,,,,,,,,,,,,,,,,,,,,,,,,,,,,,,,,,,,,,,,,,--,,,,,,,,,,,,,,,,,,,,,,,,,,,569,0.00000000998680715,0.000001640470991,,,0,,,,,,,,
🇦🇺,Erikfzf,0,1,9:47.896,9:50.075,19 Apr 2023,1143,(V),-3556903538673690675,09,Yes,https://www.speedrun.com/mc/run/y2jlp8wz,9,50,75,590075,2179,2.179,587896,1.437948236,465828,1.266722911,,0.5647,2.716624375,29.7066,52.6081,22.2392,10.47830,,,,,,,,,,,,,,,,,,,,,,,,,,,,,,,,,,,,,,,,,,,,,,,,,,,,,,,,,,,,,,,,,,,,,,,,,,,,,,,,,,,1143,0,0,,,0,,,,,,,,
🇵🇱,okshey,0,0,9:50.421,9:50.421,15 Nov 2025,202,(U),unknown,,,https://www.youtube.com/watch?v=3ag6jYLEATw,9,50,421,590421,0,0,590421,1.4387914,410359,1.4387914,,0.9039,6.481971151,8.5506,9.4594,21.6973,10.52922,,,,,,,,,,,,,,,,,,,,,,,,,,,,,,,,,,,,,,,,,,,,,,,,,,,,,,,,,,,,,,,,,,,,,,,,,,,,,,,,,,,202,0.4385678268,41.48579072,,,0,,,,,,,,
🇺🇸,doogile,0,0,9:49.649,9:50.424,12 Sep 2023,997,(U),-1655592444366996481,,,https://www.youtube.com/watch?v=FBTXjli9DBQ,9,50,424,590424,775,0.775,589649,1.43879871,465828,1.267472114,,0.6074,2.727476838,31.8231,52.3887,21.6926,10.52966,,,,,,,,,,,,,,,,,,,,,,,,,,,,,,,,,,,,,,,,,,,,,,,,,,,,,,,,--,,,,,,,,,,,,,,,,,,,,,,,,,,,997,0,0,,,0,,,,,,,,
🇸🇰,NoFear1337,0,0,9:50.463,9:50.463,20 Aug 2023,1020,(U),unknown,,,https://www.youtube.com/watch?v=48-PM4b2mhk,9,50,463,590463,0,0,590463,1.438893749,465828,1.267555836,,0.6005,2.728691971,31.4445,52.3642,21.6322,10.53542,,,,,,,,,,,,,,,,,,,,,,,,,,,,,,,,,,,,,,,,,,,,,,,,,,,,,,,,--,,,,,,,,,,,,,,,,,,,,,,,,,,,1020,0,0,,,0,,,,,,,,
🇳🇴,skycrab1,0,0,9:49.721,9:50.491,21 Jun 2024,714,(U),-6497843382079027047,,,https://www.youtube.com/watch?v=F8E2ivfO0zk&list=PLU3_fvoJ1GyMStiA29z37DUPtG47PvOJz&index=37,9,50,491,590491,770,0.77,589721,1.438961982,421494,1.400947582,,0.6998,5.39569794,11.3477,16.2163,21.5889,10.53955,,,,,,,,,,,,,,,,,,,,,,,,,,,,,,,,,,,,,,,,,,,,,,,,,,,,,,,,--,,,,,,,,,,,,,,,,,,,,,,,,,,,714,0,0,,,0,,,,,,,,
🇺🇸,doogile,0,0,9:39.067,9:50.542,28 Oct 2023,951,(U),9080996345703823922,,,https://www.youtube.com/watch?v=_V6MkKldJvY,9,50,542,590542,11475,11.475,579067,1.439086263,465828,1.267725427,,0.6216,2.731154869,32.5174,52.3145,21.5102,10.54708,,,,,,,,,,,,,,,,,,,,,,,,,,,,,,,,,,,,,,,,,,,,,,,,,,,,,,,,--,,,,,,,,,,,,,,,,,,,,,,,,,,,951,0,0,,,0,,,,,,,,
🇳🇴,skycrab1,0,0,9:50.665,9:50.665,23 Sep 2024,620,(U),2493200409668593062,,,https://www.youtube.com/watch?v=EEEQo8N6gQU&list=PLU3_fvoJ1GyMStiA29z37DUPtG47PvOJz&index=72,9,50,665,590665,0,0,590665,1.439386001,421494,1.401360399,,0.7334,5.406630986,11.8312,16.1309,21.3214,10.56527,,,,,,,,,,,,,,,,,,,,,,,,,,,,,,,,,,,,,,,,,,,,,,,,,,,,,,,,--,,,,,,,,,,,,,,,,,,,,,,,,,,,620,0,0.000000007197895919,,,0,,,,,,,,
🇺🇸,doogile,0,0,9:43.048,9:50.671,06 Jun 2023,1095,(U),5486779662085254088,,,https://www.youtube.com/watch?v=GNfBvK-DdeI,9,50,671,590671,7623,7.623,583048,1.439400622,465828,1.268002353,,0.5784,2.735180815,30.2115,52.2334,21.3122,10.56615,,,,,,,,,,,,,,,,,,,,,,,,,,,,,,,,,,,,,,,,,,,,,,,,,,,,,,,,--,,,,,,,,,,,,,,,,,,,,,,,,,,,1095,0,0,,,0,,,,,,,,
🇨🇦,Aquacorde,0,0,9:50.705,9:50.705,28 May 2025,373,(U),1875131557642639498,,,https://www.youtube.com/watch?v=WHI4EIF361I,9,50,705,590705,0,0,590705,1.439483477,421494,1.401455299,,0.8299,5.409147063,13.3701,16.1113,21.2602,10.57118,,,,,,,,,,,,,,,,,,,,,,,,,,,,,,,,,,,,,,,,,,,,,,,,,,,,,,,,--,,,,,,,,,,,,,,,,,,,,,,,,,,,373,0.00557472829,0.8981626365,,,0,,,,,,,,
🇳🇴,skycrab1,0,0,9:48.924,9:50.706,14 Apr 2024,782,(U),unknown,,,https://www.youtube.com/watch?v=sr2kZbeK9UA&list=PLU3_fvoJ1GyMStiA29z37DUPtG47PvOJz&index=15,9,50,706,590706,1782,1.782,588924,1.439485914,421494,1.401457672,,0.6764,5.409209978,10.8970,16.1108,21.2587,10.57133,,,,,,,,,,,,,,,,,,,,,,,,,,,,,,,,,,,,,,,,,,,,,,,,,,,,,,,,--,,,,,,,,,,,,,,,,,,,,,,,,,,,782,0,0,,,0,,,,,,,,
🇺🇸,doogile,0,0,9:49.586,9:50.726,23 Jan 2024,864,(U),-584548052417778455,,,https://www.youtube.com/watch?v=ql5yaRF0gCE,9,50,726,590726,1140,1.14,589586,1.439534651,421494,1.401505122,,0.6492,5.410468412,10.4529,16.1010,21.2282,10.57429,,,,,,,,,,,,,,,,,,,,,,,,,,,,,,,,,,,,,,,,,,,,,,,,,,,,,,,,--,,,,,,,,,,,,,,,,,,,,,,,,,,,864,0,0,,,0,,,,,,,,
🇳🇴,skycrab1,0,0,9:50.792,9:50.792,07 Nov 2024,575,(U),7554489611952099407,,,https://www.youtube.com/watch?v=6-ETpuXoEEk&list=PLU3_fvoJ1GyMStiA29z37DUPtG47PvOJz&index=91,9,50,792,590792,0,0,590792,1.439695486,421494,1.401661708,,0.7501,5.414623061,12.0538,16.0688,21.1277,10.58407,,,,,,,,,,,,,,,,,,,,,,,,,,,,,,,,,,,,,,,,,,,,,,,,,,,,,,,,--,,,,,,,,,,,,,,,,,,,,,,,,,,,575,0.000000005541849761,0.000000890506403,,,0,,,,,,,,
🇫🇮,AndrewCrow,0,0,9:50.666,9:50.833,12 Aug 2025,297,(U),unknown,,,https://www.youtube.com/watch?v=a9jbQgG4J-I,9,50,833,590833,167,0.167,590666,1.439795399,410359,1.439795399,,0.8620,6.513210182,8.0253,9.3101,21.0655,10.59015,,,,,,,,,,,,,,,,,,,,,,,,,,,,,,,,,,,,,,,,,,,,,,,,,,,,,,,,,,,,,,,,,,,,,,,,,,,,,,,,,,,297,0.07281689329,6.779316116,,,0,,,,,,,,
🇮🇹,drip120,0,1,9:50.878,9:50.878,04 Oct 2023,975,(V),-1789423009707373733,,Yes,https://www.speedrun.com/mc/runs/y6q50l6z,9,50,878,590878,0,0,590878,1.439905059,465828,1.268446723,,0.6142,2.741652089,31.9996,52.1031,20.9974,10.59682,,,,,,,,,,,,,,,,,,,,,,,,,,,,,,,,,,,,,,,,,,,,,,,,,,,,,,,,--,,,,,,,,,,,,,,,,,,,,,,,,,,,975,0,0,,,0,,,,,,,,
🇨🇦,bluescaled,0,1,9:50.982,9:50.982,20 Sep 2023,989,(V),924997636585373701,12,Yes,https://www.speedrun.com/mc/runs/z5k12xdz,9,50,982,590982,0,0,590982,1.440158495,465828,1.268669981,,0.6099,2.744908495,31.7365,52.0376,20.8406,10.61226,,,,,,,,,,,,,,,,,,,,,,,,,,,,,,,,,,,,,,,,,,,,,,,,,,,,,,,,,,,,,,,,,,,,,,,,,,,,,,,,,,,989,0,0,,,0,,,,,,,,
🇸🇰,NoFear1337,0,0,9:48.795,9:51.150,17 Jun 2025,353,(U),unknown,,,https://www.youtube.com/watch?v=EZF1Z0DG-74,9,51,150,591150,2355,2.355,588795,1.440567893,410359,1.440567893,,0.8382,6.537335172,7.7083,9.1963,20.5892,10.63723,,,,,,,,,,,,,,,,,,,,,,,,,,,,,,,,,,,,,,,,,,,,,,,,,,,,,,,,--,,,,,,,,,,,,,,,,,,,,,,,,,,,353,0.0122933391,1.130529046,,,0,,,,,,,,
🇳🇴,skycrab1,0,0,9:51.158,9:51.158,08 Dec 2025,179,(U),unknown,,,https://www.youtube.com/watch?v=fKGyoMdXDzc&list=PLU3_fvoJ1GyMStiA29z37DUPtG47PvOJz&index=156,9,51,158,591158,0,0,591158,1.440587388,410359,1.440587388,,0.9144,6.537945009,8.4063,9.1934,20.5773,10.63843,,,,,,,,,,,,,,,,,,,,,,,,,,,,,,,,,,,,,,,,,,,,,,,,,,,,,,,,--,,,,,,,,,,,,,,,,,,,,,,,,,,,179,0.5635304555,51.80768075,,,0,,,,,,,,
🇺🇸,Dylqn,0,1,9:54.988,9:51.164,01 Aug 2022,1404,(V),-7315821799138863380,,,https://www.speedrun.com/mc/runs/yod43rjm,9,51,164,591164,-3824,-3.824,594988,1.440602009,517884,1.141498868,,0.4956,1.362694828,41.3813,83.4985,20.5684,10.63932,,,,,,,,,,,,,,,,,,,,,,,,,,,,,,,,,,,,,,,,,,,,,,,,,,,,,,,,,,,,,,,,,,,,,,,,,,,,,,,,,,,1404,0,0,,,0,,,,,,,,
🇳🇴,skycrab1,0,0,9:50.489,9:51.181,20 Mar 2026,77,(U),unknown,,,https://www.youtube.com/watch?v=_SXbQSqj37s&list=PLU3_fvoJ1GyMStiA29z37DUPtG47PvOJz&index=173,9,51,181,591181,692,0.692,590489,1.440643437,410359,1.440643437,,0.9622,6.539698568,8.8383,9.1852,20.5431,10.64185,,,,,,,,,,,,,,,,,,,,,,,,,,,,,,,,,,,,,,,,,,,,,,,,,,,,,,,,,,,,,,,,,,,,,,,,,,,,,,,,,,,77,0.9553731326,87.7528591,,,0,,,,,,,,
🇨🇦,sockmonkey747,0,1,9:45.214,9:51.192,22 Sep 2022,1352,(V),-7834893168215751805,09,Yes,https://www.speedrun.com/mc/run/yl16p3xm,9,51,192,591192,5978,5.978,585214,1.440670242,517884,1.141552935,,0.5086,1.363113533,42.4662,83.4884,20.5267,10.64349,,,,,,,,,,,,,,,,,,,,,,,,,,,,,,,,,,,,,,,,,,,,,,,,,,,,,,,,,,,,,,,,,,,,,,,,,,,,,,,,,,,1352,0,0,,,0,,,,,,,,
🇳🇴,skycrab1,0,0,9:51.202,9:51.202,09 Oct 2024,604,(U),6786942152196432309,,,https://www.youtube.com/watch?v=qIX6RDLk3Fw&list=PLU3_fvoJ1GyMStiA29z37DUPtG47PvOJz&index=79,9,51,202,591202,0,0,591202,1.440694611,421494,1.402634438,,0.7393,5.440494706,11.7325,15.8690,20.5119,10.64498,,,,,,,,,,,,,,,,,,,,,,,,,,,,,,,,,,,,,,,,,,,,,,,,,,,,,,,,--,,,,,,,,,,,,,,,,,,,,,,,,,,,604,0.0000000002693831501,0.00000004274838035,,,0,,,,,,,,
🇳🇴,skycrab1,0,0,9:51.237,9:51.237,04 Sep 2024,639,(U),-5564102044404778436,,,https://www.youtube.com/watch?v=J6913JzSFoI&list=PLU3_fvoJ1GyMStiA29z37DUPtG47PvOJz&index=63,9,51,237,591237,0,0,591237,1.440779902,421494,1.402717476,,0.7265,5.442708253,11.5167,15.8520,20.4600,10.65019,,,,,,,,,,,,,,,,,,,,,,,,,,,,,,,,,,,,,,,,,,,,,,,,,,,,,,,,--,,,,,,,,,,,,,,,,,,,,,,,,,,,639,0,0.000000000738920193,,,0,,,,,,,,
🇮🇹,drip120,0,0,9:49.755,9:51.238,17 Dec 2025,170,(U),unknown,,,https://www.youtube.com/watch?v=wz6HL9sHv3A,9,51,238,591238,1483,1.483,589755,1.440782339,410359,1.440782339,,0.9185,6.544046108,8.4180,9.1648,20.4585,10.65034,,,,,,,,,,,,,,,,,,,,,,,,,,,,,,,,,,,,,,,,,,,,,,,,,,,,,,,,--,,,,,,,,,,,,,,,,,,,,,,,,,,,170,0.6118304973,56.07328934,,,0,,,,,,,,
🇫🇮,AndrewCrow,0,0,9:51.066,9:51.257,09 Jun 2025,361,(U),unknown,,,https://www.youtube.com/watch?v=v8YGkPkyD8w,9,51,257,591257,191,0.191,591066,1.44082864,421494,1.402764927,,0.8349,5.44397349,13.2260,15.8423,20.4303,10.65317,,,,,,,,,,,,,,,,,,,,,,,,,,,,,,,,,,,,,,,,,,,,,,,,,,,,,,,,,,,,,,,,,,,,,,,,,,,,,,,,,,,361,0.009053642645,1.434304816,,,0,,,,,,,,
🇫🇮,megelimc,0,0,9:47.731,9:51.467,01 Jan 2024,886,(U),unknown,??,Yes,https://www.youtube.com/watch?v=ZnJ9vJWKmrI,9,51,467,591467,3736,3.736,587731,1.441340387,446254,1.325404366,,0.6421,3.692599314,22.6894,35.3359,20.1214,10.68451,,,,,,,,,,,,,,,,,,,,,,,,,,,,,,,,,,,,,,,,,,,,,,,,,,,,,,,,,,,,,,,,,,,,,,,,,,,,,,,,,,,886,0,0,,,0,,,,,,,,
🇸🇪,v_strid,0,0,9:51.570,9:51.570,03 Feb 2025,487,(U),unknown,,,https://www.youtube.com/watch?v=yfW9c75NRgA,9,51,570,591570,0,0,591570,1.441591387,421494,1.403507523,,0.7839,5.46380794,12.2997,15.6909,19.9711,10.69991,,,,,,,,,,,,,,,,,,,,,,,,,,,,,,,,,,,,,,,,,,,,,,,,,,,,,,,,,,,,,,,,,,,,,,,,,,,,,,,,,,,,,,,,,,,,,,,,
🇫🇷,AstraF,0,0,9:51.720,9:51.720,27 Oct 2023,952,(U),-337439981175768477,01,Yes,https://www.youtube.com/watch?v=2BIv_Ia0X00,9,51,720,591720,0,0,591720,1.441956921,465828,1.270254257,,0.6213,2.768115448,32.0401,51.5726,19.7540,10.72237,,,,,,,,,,,,,,,,,,,,,,,,,,,,,,,,,,,,,,,,,,,,,,,,,,,,,,,,,,,,,,,,,,,,,,,,,,,,,,,,,,,952,0,0,,,0,,,,,,,,
🇷🇺,aleen,0,0,9:51.372,9:51.955,13 Jun 2023,1088,(U),527896806905356617,04,Yes,https://www.youtube.com/watch?v=T3tdEJDfjbA,9,51,955,591955,583,0.583,591372,1.44252959,465828,1.270758735,,0.5804,2.775541736,29.8478,51.4243,19.4174,10.75765,,,,,,,,,,,,,,,,,,,,,,,,,,,,,,,,,,,,,,,,,,,,,,,,,,,,,,,,,,,,,,,,,,,,,,,,,,,,,,,,,,,1088,0,0,,,0,,,,,,,,
🇬🇧,priffie,0,1,9:52.129,9:52.129,06 Apr 2023,1156,(V),-6774371518579710751,12,Yes,https://www.speedrun.com/mc/run/y4g4q23y,9,52,129,592129,0,0,592129,1.442953609,465828,1.271132263,,0.5610,2.781051757,28.7884,51.3145,19.1712,10.78384,,,,,,,,,,,,,,,,,,,,,,,,,,,,,,,,,,,,,,,,,,,,,,,,,,,,,,,,--,,,,,,,,,,,,,,,,,,,,,,,,,,,1156,0,0,,,0,,,,,,,,
🇩🇰,Bloopy,0,0,9:51.888,9:52.213,01 Dec 2024,551,(U),-585511820718115060,,,https://www.youtube.com/watch?v=NZGdtGg7EMI,9,52,213,592213,325,0.325,591888,1.443158308,421494,1.405033049,,0.7592,5.504752151,11.6782,15.3823,19.0531,10.79650,,,,,,,,,,,,,,,,,,,,,,,,,,,,,,,,,,,,,,,,,,,,,,,,,,,,,,,,--,,,,,,,,,,,,,,,,,,,,,,,,,,,551,0.00000005431773239,0.00000835533435,,,0,,,,,,,,
🇿🇦,Airpodsz,0,0,9:52.329,9:52.329,18 Feb 2026,107,(U),-865004664165552620,,,https://www.youtube.com/watch?v=jvUCdetNvWc&list=PLjW0OIc7zcEcCMM5essHmBGzf92S0FzKi&index=35,9,52,329,592329,0,0,592329,1.443440987,410359,1.443440987,,0.9479,6.627745829,8.3236,8.7810,18.8911,10.81401,,,,,,,,,,,,,,,,,,,,,,,,,,,,,,,,,,,,,,,,,,,,,,,,,,,,,,,,,,,,,,,,,,,,,,,,,,,,,,,,,,,107,0.8847021007,77.68564605,,,0,,,,,,,,
🇧🇪,boyenn,0,0,9:52.329,9:52.329,02 May 2025,399,(U),unknown,,,https://www.youtube.com/watch?v=d_SBrMIiMm4,9,52,329,592329,0,0,592329,1.443440987,421494,1.405308261,,0.8191,5.512167115,12.5550,15.3270,18.8911,10.81401,,,,,,,,,,,,,,,,,,,,,,,,,,,,,,,,,,,,,,,,,,,,,,,,,,,,,,,,--,,,,,,,,,,,,,,,,,,,,,,,,,,,399,0.001743048129,0.2671576593,,,0,,,,,,,,
🇺🇸,doogile,0,0,9:47.627,9:52.339,30 Mar 2025,432,(U),unknown,,,https://www.youtube.com/watch?v=qhwp9ohvjNc,9,52,339,592339,4712,4.712,587627,1.443465356,421494,1.405331986,,0.8057,5.512806744,12.3457,15.3223,18.8772,10.81552,,,,,,,,,,,,,,,,,,,,,,,,,,,,,,,,,,,,,,,,,,,,,,,,,,,,,,,,--,,,,,,,,,,,,,,,,,,,,,,,,,,,432,0.0003152461487,0.04830288845,,,0,,,,,,,,
🇸🇪,PAPLERR,0,0,9:50.806,9:52.473,12 Oct 2024,601,(U),unknown,,,https://www.youtube.com/watch?v=5MVwaZKykSA,9,52,473,592473,1667,1.667,590806,1.443791899,421494,1.405649902,,0.7404,5.521384028,11.2982,15.2586,18.6915,10.83578,,,,,,,,,,,,,,,,,,,,,,,,,,,,,,,,,,,,,,,,,,,,,,,,,,,,,,,,,,,,,,,,,,,,,,,,,,,,,,,,,,,601,0.0000000003734712458,0.00000005698631094,,,0,,,,,,,,
🇫🇮,sadekeppi,0,0,9:52.481,9:52.481,18 Feb 2026,107,(U),unknown,,,https://www.youtube.com/watch?v=2Lpf6uTKLWQ,9,52,481,592481,0,0,592481,1.443811394,410359,1.443811394,,0.9479,6.639480644,8.2737,8.7284,18.6804,10.83699,,,,,,,,,,,,,,,,,,,,,,,,,,,,,,,,,,,,,,,,,,,,,,,,,,,,,,,,,,,,,,,,,,,,,,,,,,,,,,,,,,,107,0.8847021007,77.22010972,,,0,,,,,,,,
🇦🇺,retropog,0,1,9:52.143,9:52.559,14 Mar 2023,1179,(V),-5536233051706105500,01,Yes,https://www.speedrun.com/mc/run/mro0xldm,9,52,559,592559,416,0.416,592143,1.444001472,465828,1.272055351,,0.5546,2.794710214,28.3087,51.0430,18.5731,10.84879,,,,,,,,,,,,,,,,,,,,,,,,,,,,,,,,,,,,,,,,,,,,,,,,,,,,,,,,,,,,,,,,,,,,,,,,,,,,,,,,,,,1179,0,0,,,0,,,,,,,,
🇸🇰,NoFear1337,0,0,9:50.254,9:52.607,29 Aug 2025,280,(U),unknown,,,https://www.youtube.com/watch?v=1CSaPJ3zD9E,9,52,607,592607,2353,2.353,590254,1.444118443,410359,1.444118443,,0.8694,6.649221889,7.5503,8.6849,18.5072,10.85607,,,,,,,,,,,,,,,,,,,,,,,,,,,,,,,,,,,,,,,,,,,,,,,,,,,,,,,,--,,,,,,,,,,,,,,,,,,,,,,,,,,,280,0.111336292,9.669460122,,,0,,,,,,,,
🇸🇰,NoFear1337,0,0,9:52.674,9:52.674,14 Jul 2023,1057,(U),3311070428506478041,,,https://www.youtube.com/watch?v=0xG_Me1Rz5g,9,52,674,592674,0,0,592674,1.444281714,465828,1.272302223,,0.5895,2.798373149,30.0464,50.9703,18.4156,10.86623,,,,,,,,,,,,,,,,,,,,,,,,,,,,,,,,,,,,,,,,,,,,,,,,,,,,,,,,--,,,,,,,,,,,,,,,,,,,,,,,,,,,1057,0,0,,,0,,,,,,,,
🇸🇰,NoFear1337,0,0,9:51.200,9:52.693,27 Nov 2024,555,(U),unknown,,,https://www.youtube.com/watch?v=fOaCQDFWOJY&list=PLaTJSsRuu2UeeWabBBfNVWALvnefBoL2C&index=14,9,52,693,592693,1493,1.493,591200,1.444328015,421494,1.406171855,,0.7577,5.535491401,11.4820,15.1543,18.3897,10.86911,,,,,,,,,,,,,,,,,,,,,,,,,,,,,,,,,,,,,,,,,,,,,,,,,,,,,,,,--,,,,,,,,,,,,,,,,,,,,,,,,,,,555,0.00000003763288755,0.000005702985214,,,0,,,,,,,,
🇫🇮,AndrewCrow,0,0,9:51.787,9:52.736,08 Feb 2025,482,(U),unknown,,,https://www.youtube.com/watch?v=3nU_mEfgpK0,9,52,736,592736,949,0.949,591787,1.444432802,421494,1.406273873,,0.7858,5.538252425,11.8929,15.1339,18.3312,10.87563,,,,,,,,,,,,,,,,,,,,,,,,,,,,,,,,,,,,,,,,,,,,,,,,,,,,,,,,,,,,,,,,,,,,,,,,,,,,,,,,,,,482,0.00001370134164,0.002073550263,,,0,,,,,,,,
🇸🇰,NoFear1337,0,0,9:52.350,9:52.741,04 Nov 2025,213,(U),unknown,,,https://www.youtube.com/watch?v=OHpcSW2oLMw,9,52,741,592741,391,0.391,592350,1.444444986,410359,1.444444986,,0.8990,6.659595272,7.7661,8.6389,18.3244,10.87639,,,,,,,,,,,,,,,,,,,,,,,,,,,,,,,,,,,,,,,,,,,,,,,,,,,,,,,,--,,,,,,,,,,,,,,,,,,,,,,,,,,,213,0.3804655289,32.86784668,,,0,,,,,,,,
🇨🇳,pluginL,0,1,9:50.137,9:52.818,24 Aug 2022,1381,(V),656442864665422707,09,Yes,https://www.speedrun.com/mc/run/mrr1172m,9,52,818,592818,2681,2.681,590137,1.444632627,517884,1.144692634,,0.5013,1.387633364,41.5605,82.9013,18.2200,10.88809,,,,,,,,,,,,,,,,,,,,,,,,,,,,,,,,,,,,,,,,,,,,,,,,,,,,,,,,,,,,,,,,,,,,,,,,,,,,,,,,,,,1381,0,0,,,0,,,,,,,,
🇺🇸,zylenox,0,1,9:50.003,9:52.982,01 Oct 2022,1343,(X),7341342396448378050,06,Yes,https://www.speedrun.com/mc/run/zgqlvxey,9,52,982,592982,2979,2.979,590003,1.445032277,517884,1.145009307,,0.5109,1.390128954,42.3272,82.8415,17.9991,10.91303,,,,,,,,,,,,,,,,,,,,,,,,,,,,,,,,,,,,,,,,,,,,,,,,,,,,,,,,--,,,,,,,,,,,,,,,,,,,,,,,,,,,1343,0,0,,,0,,,,,,,,
🇫🇮,AndrewCrow,0,0,9:51.477,9:53.013,04 Jul 2025,336,(U),unknown,,,https://www.youtube.com/watch?v=CjilClmnXOo,9,53,13,593013,1536,1.536,591477,1.44510782,410359,1.44510782,,0.8454,6.680695004,7.2243,8.5458,17.9576,10.91775,,,,,,,,,,,,,,,,,,,,,,,,,,,,,,,,,,,,,,,,,,,,,,,,,,,,,,,,,,,,,,,,,,,,,,,,,,,,,,,,,,,336,0.02252103314,1.924613378,,,0,,,,,,,,
🇨🇦,Mynski,0,0,9:50.933,9:53.151,01 Jul 2023,1069.333333,(U),unknown,??,Yes,https://www.youtube.com/watch?v=cXPQARw8DO8,9,53,151,593151,2218,2.218,590933,1.445444111,465828,1.273326206,,0.5859,2.813611967,29.6850,50.6688,17.7737,10.93879,,,,,,,,,,,,,,,,,,,,,,,,,,,,,,,,,,,,,,,,,,,,,,,,,,,,,,,,,,,,,,,,,,,,,,,,,,,,,,,,,,,1069.333333,0,0,,,0,,,,,,,,
🇸🇪,v_strid,0,0,9:53.228,9:53.228,24 Feb 2024,832,(U),unknown,,,https://www.youtube.com/watch?v=M7vo-rJIJjU,9,53,228,593228,0,0,593228,1.445631752,421494,1.40744115,,0.6597,5.569929334,9.8308,14.9023,17.6718,10.95055,,,,,,,,,,,,,,,,,,,,,,,,,,,,,,,,,,,,,,,,,,,,,,,,,,,,,,,,,,,,,,,,,,,,,,,,,,,,,,,,,,,,,,,,,,,,,,,,
🇨🇦,Aquacorde,0,0,9:52.194,9:53.340,22 Sep 2024,621,(U),-9213133469295055645,,,https://www.youtube.com/watch?v=WlkQTuuVfUg,9,53,340,593340,1146,1.146,592194,1.445904683,421494,1.407706871,,0.7331,5.577162395,10.8862,14.8499,17.5244,10.96766,,,,,,,,,,,,,,,,,,,,,,,,,,,,,,,,,,,,,,,,,,,,,,,,,,,,,,,,--,,,,,,,,,,,,,,,,,,,,,,,,,,,621,0,0.00000000590345127,,,0,,,,,,,,
🇬🇧,priffie,0,0,9:56.852,9:58.362,12 May 2024,754,(U),unknown,,,https://www.youtube.com/watch?v=9gVNq-W0_m8,9,58,362,598362,1510,1.51,596852,1.458142748,421494,1.419621632,,0.6859,5.910028499,8.6482,12.6083,11.8496,11.76005,,,,,,,,,,,,,,,,,,,,,,,,,,,,,,,,,,,,,,,,,,,,,,,,,,,,,,,,,,,,,,,,,,,,,,,,,,,,,,,,,,,754,0,0,,,0,,,,,,,,
🇫🇮,AndrewCrow,0,1,9:53.628,9:53.628,09 Mar 2022,1549,(V),-4620186726931781022,,,https://www.speedrun.com/mc/runs/yvq5e58m,9,53,628,593628,0,0,593628,1.446606508,548820,1.081644255,,0.4609,0.9660862418,42.7278,92.6982,17.1496,11.01179,,,,,,,,,,,,,,,,,,,,,,,,,,,,,,,,,,,,,,,,,,,,,,,,,,,,,,,,,,,,,,,,,,,,,,,,,,,,,,,,,,,1549,0,0,,,0,,,,,,,,
🇰🇷,temp_gd,0,1,9:49.097,9:53.643,28 Dec 2023,890,(V),6992561561030864143,12,Yes,https://www.speedrun.com/mc/run/ywnx46ny,9,53,643,593643,4546,4.546,589097,1.446643061,446254,1.330280513,,0.6408,3.786146646,21.7506,33.9416,17.1303,11.01409,,,,,,,,,,,,,,,,,,,,,,,,,,,,,,,,,,,,,,,,,,,,,,,,,,,,,,,,,,,,,,,,,,,,,,,,,,,,,,,,,,,890,0,0,,,0,,,,,,,,
🇳🇴,skycrab1,0,0,9:52.003,9:53.778,08 Aug 2024,666,(U),-7456900742999053389,,,https://www.youtube.com/watch?v=nJT3-TIU4ak&list=PLU3_fvoJ1GyMStiA29z37DUPtG47PvOJz&index=49,9,53,778,593778,1775,1.775,592003,1.446972042,421494,1.408746032,,0.7168,5.605527608,10.4977,14.6458,16.9570,11.03483,,,,,,,,,,,,,,,,,,,,,,,,,,,,,,,,,,,,,,,,,,,,,,,,,,,,,,,,--,,,,,,,,,,,,,,,,,,,,,,,,,,,666,0,0,,,0,,,,,,,,
🇵🇱,DoWiii,0,1,9:49.255,9:53.787,01 Aug 2023,1039,(X),4890156782028618335,08,Yes,https://www.speedrun.com/mc/runs/m3qw49dy,9,53,787,593787,4532,4.532,589255,1.446993974,465828,1.274691517,,0.5948,2.834045096,29.8993,50.2663,16.9455,11.03622,,,,,,,,,,,,,,,,,,,,,,,,,,,,,,,,,,,,,,,,,,,,,,,,,,,,,,,,,,,,,,,,,,,,,,,,,,,,,,,,,,,1039,0,0,,,0,,,,,,,,
🇫🇮,AndrewCrow,0,0,9:51.947,9:53.877,28 May 2025,373,(U),unknown,,,https://www.youtube.com/watch?v=f7zANgiWh0A,9,53,877,593877,1930,1.93,591947,1.447213294,421494,1.408980911,,0.8299,5.611956339,12.1159,14.5999,16.8308,11.05007,,,,,,,,,,,,,,,,,,,,,,,,,,,,,,,,,,,,,,,,,,,,,,,,,,,,,,,,,,,,,,,,,,,,,,,,,,,,,,,,,,,373,0.00557472829,0.8139069056,,,0,,,,,,,,
🇮🇹,Tiger,0,1,9:52.512,9:53.934,09 Jan 2024,878,(U),-3526546892064748908,09,Yes,https://www.youtube.com/watch?v=WxdVXejncoc,9,53,934,593934,1422,1.422,592512,1.447352196,421494,1.409116144,,0.6447,5.615660648,9.3953,14.5736,16.7585,11.05884,,,,,,,,,,,,,,,,,,,,,,,,,,,,,,,,,,,,,,,,,,,,,,,,,,,,,,,,,,,,,,,,,,,,,,,,,,,,,,,,,,,878,0,0,,,0,,,,,,,,
🇺🇸,zylenox,0,0,9:52.464,9:53.967,08 Jun 2023,1093,(U),unknown,15,Yes,https://www.youtube.com/watch?v=tgOPJWqSS2A,9,53,967,593967,1503,1.503,592464,1.447432614,465828,1.275077926,,0.5790,2.839851945,29.0368,50.1524,16.7167,11.06393,,,,,,,,,,,,,,,,,,,,,,,,,,,,,,,,,,,,,,,,,,,,,,,,,,,,,,,,--,,,,,,,,,,,,,,,,,,,,,,,,,,,1093,0,0,,,0,,,,,,,,
🇺🇸,Reignex,0,0,9:54.301,9:54.301,27 Oct 2023,952,(U),Unknown,12,Yes,https://www.youtube.com/watch?v=NT6B08BXV4c,9,54,301,594301,0,0,594301,1.448246535,465828,1.275794929,,0.6213,2.850654886,31.0264,49.9408,16.2987,11.11552,,,,,,,,,,,,,,,,,,,,,,,,,,,,,,,,,,,,,,,,,,,,,,,,,,,,,,,,,,,,,,,,,,,,,,,,,,,,,,,,,,,952,0,0,,,0,,,,,,,,
🇸🇰,NoFear1337,0,0,9:54.420,9:54.420,03 Jul 2024,702,(U),unknown,,,https://www.youtube.com/watch?v=wLSjADbTw0g&list=PLaTJSsRuu2UeeWabBBfNVWALvnefBoL2C&index=11,9,54,420,594420,0,0,594420,1.448536525,421494,1.410269185,,0.7040,5.647331513,10.1019,14.3497,16.1518,11.13395,,,,,,,,,,,,,,,,,,,,,,,,,,,,,,,,,,,,,,,,,,,,,,,,,,,,,,,,--,,,,,,,,,,,,,,,,,,,,,,,,,,,702,0,0,,,0,,,,,,,,
🇺🇸,doogile,0,0,9:48.840,9:54.481,30 Nov 2023,918,(U),984680660246125124,,,https://www.youtube.com/watch?v=o4MQAI-5dNk,9,54,481,594481,5641,5.641,588840,1.448685176,465828,1.276181337,,0.6319,2.856491955,31.4863,49.8267,16.0769,11.14341,,,,,,,,,,,,,,,,,,,,,,,,,,,,,,,,,,,,,,,,,,,,,,,,,,,,,,,,--,,,,,,,,,,,,,,,,,,,,,,,,,,,918,0,0,,,0,,,,,,,,
🇿🇦,Airpodsz,0,0,9:54.544,9:54.544,25 Mar 2026,72,(U),-9029504240721945909,,,https://www.youtube.com/watch?v=YG0SUvGeG7Q&list=PLjW0OIc7zcEcCMM5essHmBGzf92S0FzKi&index=42,9,54,544,594544,0,0,594544,1.4488387,410359,1.4488387,,0.9646,6.800547177,7.7507,8.0348,15.9998,11.15318,,,,,,,,,,,,,,,,,,,,,,,,,,,,,,,,,,,,,,,,,,,,,,,,,,,,,,,,,,,,,,,,,,,,,,,,,,,,,,,,,,,72,0.9633631842,77.40440586,,,0,,,,,,,,
🇳🇴,skycrab1,0,0,9:53.575,9:54.586,23 May 2024,743,(U),891404935747886516,,,https://www.youtube.com/watch?v=Jej0PF9SsMc&list=PLU3_fvoJ1GyMStiA29z37DUPtG47PvOJz&index=22,9,54,586,594586,1011,1.011,593575,1.448941049,421494,1.410663022,,0.6897,5.658184785,9.8445,14.2737,15.9486,11.15970,,,,,,,,,,,,,,,,,,,,,,,,,,,,,,,,,,,,,,,,,,,,,,,,,,,,,,,,--,,,,,,,,,,,,,,,,,,,,,,,,,,,743,0,0,,,0,,,,,,,,
🇺🇸,Reignex,0,0,9:54.710,9:54.710,13 Aug 2023,1027,(U),Unknown,12,Yes,https://www.youtube.com/watch?v=NT6B08BXV4c,9,54,710,594710,0,0,594710,1.449243224,465828,1.276672935,,0.5984,2.863933347,29.7293,49.6815,15.7981,11.17898,,,,,,,,,,,,,,,,,,,,,,,,,,,,,,,,,,,,,,,,,,,,,,,,,,,,,,,,,,,,,,,,,,,,,,,,,,,,,,,,,,,1027,0,0,,,0,,,,,,,,
🇺🇸,doogile,0,0,9:53.274,9:54.737,30 Apr 2023,1132,(U),8647590348212055728,,,https://www.youtube.com/watch?v=LCDb8vZEG8M,9,54,737,594737,1463,1.463,593274,1.44930902,465828,1.276730896,,0.5678,2.86481185,28.1991,49.6644,15.7655,11.18318,,,,,,,,,,,,,,,,,,,,,,,,,,,,,,,,,,,,,,,,,,,,,,,,,,,,,,,,--,,,,,,,,,,,,,,,,,,,,,,,,,,,1132,0,0,,,0,,,,,,,,
🇳🇴,skycrab1,0,1,9:48.928,9:54.790,17 Aug 2023,1023,(V),4841977551772325086,,,https://www.speedrun.com/mc/runs/zx3pxk8z,9,54,790,594790,5862,5.862,588928,1.449438175,465828,1.276844672,,0.5996,2.866537015,29.7584,49.6308,15.7016,11.19143,,,,,,,,,,,,,,,,,,,,,,,,,,,,,,,,,,,,,,,,,,,,,,,,,,,,,,,,--,,,,,,,,,,,,,,,,,,,,,,,,,,,1023,0,0,,,0,,,,,,,,
🇫🇮,AndrewCrow,0,0,9:52.821,9:54.803,26 May 2025,375,(U),unknown,,,https://www.youtube.com/watch?v=26-ceURSKcg,9,54,803,594803,1982,1.982,592821,1.449469854,421494,1.411177858,,0.8290,5.672399941,11.7512,14.1747,15.6860,11.19345,,,,,,,,,,,,,,,,,,,,,,,,,,,,,,,,,,,,,,,,,,,,,,,,,,,,,,,,,,,,,,,,,,,,,,,,,,,,,,,,,,,375,0.005125959766,0.7265870671,,,0,,,,,,,,
🇺🇸,Feinberg,0,0,9:54.890,9:54.890,03 Apr 2023,1159,(U),Unknown,15,Yes,https://www.youtube.com/watch?v=o4EgXKKjRmg,9,54,890,594890,0,0,594890,1.449681864,465828,1.277059344,,0.5602,2.869794556,27.7666,49.5674,15.5817,11.20701,,,,,,,,,,,,,,,,,,,,,,,,,,,,,,,,,,,,,,,,,,,,,,,,,,,,,,,,,,,,,,,,,,,,,,,,,,,,,,,,,,,1159,0,0,,,0,,,,,,,,
🇺🇸,Feinberg,0,0,9:50.556,9:55.093,28 May 2024,738,(U),330307922541256134,,,https://www.youtube.com/watch?v=9kp1QTbxTGM,9,55,93,595093,4537,4.537,590556,1.450176553,421494,1.411865887,,0.6914,5.691445794,9.7097,14.0430,15.3405,11.23870,,,,,,,,,,,,,,,,,,,,,,,,,,,,,,,,,,,,,,,,,,,,,,,,,,,,,,,,,,,,,,,,,,,,,,,,,,,,,,,,,,,738,0,0,,,0,,,,,,,,
🇳🇴,skycrab1,0,0,9:51.595,9:55.093,04 Nov 2023,944,(U),unknown,,,https://www.youtube.com/watch?v=6XR2MBsNb6k&list=PLU3_fvoJ1GyMStiA29z37DUPtG47PvOJz&index=3,9,55,93,595093,3498,3.498,591595,1.450176553,465828,1.277495127,,0.6238,2.876417477,30.8375,49.4386,15.3405,11.23870,,,,,,,,,,,,,,,,,,,,,,,,,,,,,,,,,,,,,,,,,,,,,,,,,,,,,,,,--,,,,,,,,,,,,,,,,,,,,,,,,,,,944,0,0,,,0,,,,,,,,
🇵🇱,watermelon1708,0,0,9:55.102,9:55.102,09 Nov 2025,208,(U),unknown,,,https://www.youtube.com/watch?v=ZPS7AydV7hs,9,55,102,595102,0,0,595102,1.450198485,410359,1.450198485,,0.9012,6.844692175,7.0780,7.8538,15.3299,11.24010,,,,,,,,,,,,,,,,,,,,,,,,,,,,,,,,,,,,,,,,,,,,,,,,,,,,,,,,--,,,,,,,,,,,,,,,,,,,,,,,,,,,208,0.4066138969,31.93456716,,,0,,,,,,,,
🇺🇸,AceRPx,0,1,9:54.223,9:55.141,30 Mar 2023,1163,(V),8614971074767213425,12,Yes,https://www.speedrun.com/mc/run/zqenvvrz,9,55,141,595141,918,0.918,594223,1.450293523,465828,1.277598169,,0.5591,2.877985471,27.6221,49.4082,15.2839,11.24620,,,,,,,,,,,,,,,,,,,,,,,,,,,,,,,,,,,,,,,,,,,,,,,,,,,,,,,,,,,,,,,,,,,,,,,,,,,,,,,,,,,1163,0,0,,,0,,,,,,,,
🇳🇴,skycrab1,0,0,9:55.288,9:55.288,11 Sep 2024,632,(U),-7383229006023208125,,,https://www.youtube.com/watch?v=hsEjtrLyOUM&list=PLU3_fvoJ1GyMStiA29z37DUPtG47PvOJz&index=68,9,55,288,595288,0,0,595288,1.450651746,421494,1.412328527,,0.7291,5.704283839,10.1739,13.9548,15.1116,11.26921,,,,,,,,,,,,,,,,,,,,,,,,,,,,,,,,,,,,,,,,,,,,,,,,,,,,,,,,--,,,,,,,,,,,,,,,,,,,,,,,,,,,632,0,0.000000001519040098,,,0,,,,,,,,
🇬🇧,priffie,0,0,9:55.321,9:55.750,14 Nov 2023,934,(U),unknown,,,https://www.youtube.com/watch?v=d1kM15Jyaco,9,55,750,595750,429,0.429,595321,1.45177759,465828,1.278905519,,0.6269,2.897945395,30.7307,49.0217,14.5802,11.34180,,,,,,,,,,,,,,,,,,,,,,,,,,,,,,,,,,,,,,,,,,,,,,,,,,,,,,,,,,,,,,,,,,,,,,,,,,,,,,,,,,,934,0,0,,,0,,,,,,,,
🇧🇷,sanjinhu,0,1,9:53.150,9:55.335,07 Jul 2023,1063.291667,(V),-7500588924072040295,04,Yes,https://www.speedrun.com/mc/run/y8600ndm,9,55,335,595335,2185,2.185,593150,1.45076628,465828,1.278014632,,0.5876,2.884330514,28.9617,49.2851,15.0569,11.27657,,,,,,,,,,,,,,,,,,,,,,,,,,,,,,,,,,,,,,,,,,,,,,,,,,,,,,,,,,,,,,,,,,,,,,,,,,,,,,,,,,,1063.291667,0,0,,,0,,,,,,,,
🇸🇰,NoFear1337,0,0,9:55.440,9:55.440,02 Oct 2023,977,(U),unknown,,,https://www.youtube.com/watch?v=wSvd77nUE5w,9,55,440,595440,0,0,595440,1.451022154,465828,1.278240037,,0.6135,2.887769866,30.1978,49.2184,14.9351,11.29305,,,,,,,,,,,,,,,,,,,,,,,,,,,,,,,,,,,,,,,,,,,,,,,,,,,,,,,,--,,,,,,,,,,,,,,,,,,,,,,,,,,,977,0,0,,,0,,,,,,,,
🇸🇰,NoFear1337,0,0,9:55.325,9:55.616,06 May 2024,760,(U),unknown,,,https://www.youtube.com/watch?v=SGv4ZI8oRZs&list=PLaTJSsRuu2UeeWabBBfNVWALvnefBoL2C&index=9,9,55,616,595616,291,0.291,595325,1.451451047,421494,1.413106711,,0.6839,5.725935082,9.4423,13.8073,14.7327,11.32070,,,,,,,,,,,,,,,,,,,,,,,,,,,,,,,,,,,,,,,,,,,,,,,,,,,,,,,,--,,,,,,,,,,,,,,,,,,,,,,,,,,,760,0,0,,,0,,,,,,,,
🇹🇿,Kxpow,0,0,9:54.397,9:55.748,04 Dec 2023,914,(U),5607338791284436984,09,Yes,https://www.youtube.com/watch?v=A7-MF6MUslQ,9,55,748,595748,1351,1.351,594397,1.451772716,465828,1.278901225,,0.6332,2.897879645,31.0404,49.0229,14.5824,11.34148,,,,,,,,,,,,,,,,,,,,,,,,,,,,,,,,,,,,,,,,,,,,,,,,,,,,,,,,--,,,,,,,,,,,,,,,,,,,,,,,,,,,914,0,0,,,0,,,,,,,,
🇭🇷,CroProYT,0,0,9:55.868,9:55.868,14 Oct 2023,965,(U),unknown,09,Yes,https://www.youtube.com/watch?v=Q7ZSubOMa5Y,9,55,868,595868,0,0,595868,1.452065143,465828,1.279158831,,0.6172,2.901827018,30.2118,48.9467,14.4468,11.36040,,,,,,,,,,,,,,,,,,,,,,,,,,,,,,,,,,,,,,,,,,,,,,,,,,,,,,,,,,,,,,,,,,,,,,,,,,,,,,,,,,,965,0,0,,,0,,,,,,,,
🇸🇪,PAPLERR,0,0,9:55.994,9:55.994,12 Sep 2024,631,(U),unknown,,,https://www.youtube.com/watch?v=7P9wkB9Q8CM,9,55,994,595994,0,0,595994,1.452372191,421494,1.414003521,,0.7294,5.750975706,9.9482,13.6384,14.3055,11.38030,,,,,,,,,,,,,,,,,,,,,,,,,,,,,,,,,,,,,,,,,,,,,,,,,,,,,,,,,,,,,,,,,,,,,,,,,,,,,,,,,,,631,0,0.000000001673270219,,,0,,,,,,,,
🇺🇸,doogile,0,0,9:54.943,9:55.997,03 Mar 2024,824,(U),-6539725761091483883,,,https://www.youtube.com/watch?v=xPmNTEmWuPM,9,55,997,595997,1054,1.054,594943,1.452379502,421494,1.414010638,,0.6623,5.751174822,9.0321,13.6370,14.3022,11.38077,,,,,,,,,,,,,,,,,,,,,,,,,,,,,,,,,,,,,,,,,,,,,,,,,,,,,,,,--,,,,,,,,,,,,,,,,,,,,,,,,,,,824,0,0,,,0,,,,,,,,
🇵🇱,Comprex,0,1,9:55.317,9:56.068,24 Feb 2023,1197,(V),237696946987480485,09,Yes,https://www.speedrun.com/mc/run/z5e85lez,9,56,68,596068,751,0.751,595317,1.452552521,465828,1.279588174,,0.5496,2.908416581,26.8330,48.8197,14.2231,11.39200,,,,,,,,,,,,,,,,,,,,,,,,,,,,,,,,,,,,,,,,,,,,,,,,,,,,,,,,,,,,,,,,,,,,,,,,,,,,,,,,,,,1197,0,0,,,0,,,,,,,,
🇸🇰,NoFear1337,0,0,9:55.940,9:56.174,17 Jun 2025,353,(U),unknown,,,https://www.youtube.com/watch?v=Ueljb7uj3fA,9,56,174,596174,234,0.234,595940,1.452810831,410359,1.452810831,,0.8382,6.930201057,6.2980,7.5138,14.1056,11.40878,,,,,,,,,,,,,,,,,,,,,,,,,,,,,,,,,,,,,,,,,,,,,,,,,,,,,,,,--,,,,,,,,,,,,,,,,,,,,,,,,,,,353,0.0122933391,0.9236945884,,,0,,,,,,,,
🇸🇰,NoFear1337,0,0,9:56.184,9:56.184,10 Dec 2023,908,(U),unknown,,,https://www.youtube.com/watch?v=qT6Bdh7x3RY,9,56,184,596184,0,0,596184,1.4528352,446254,1.335974579,,0.6351,3.898021042,20.5337,32.3323,14.0946,11.41036,,,,,,,,,,,,,,,,,,,,,,,,,,,,,,,,,,,,,,,,,,,,,,,,,,,,,,,,--,,,,,,,,,,,,,,,,,,,,,,,,,,,908,0,0,,,0,,,,,,,,
🇵🇱,watermelon1708,0,0,9:55.885,9:56.256,03 Oct 2025,245,(U),unknown,,,https://www.youtube.com/watch?v=LJp8oxqNGWs,9,56,256,596256,371,0.371,595885,1.453010657,410359,1.453010657,,0.8847,6.936779931,6.6248,7.4882,14.0153,11.42177,,,,,,,,,,,,,,,,,,,,,,,,,,,,,,,,,,,,,,,,,,,,,,,,,,,,,,,,--,,,,,,,,,,,,,,,,,,,,,,,,,,,245,0.2297846989,17.2067225,,,0,,,,,,,,
🇮🇱,Megafox,0,1,9:56.371,9:56.371,17 Jul 2023,1054,(U),720747584717436667,06,Yes,https://www.youtube.com/watch?v=PvIWuH2TISQ,9,56,371,596371,0,0,596371,1.453290899,465828,1.280238629,,0.5904,2.918425075,28.7082,48.6272,13.8894,11.44002,,,,,,,,,,,,,,,,,,,,,,,,,,,,,,,,,,,,,,,,,,,,,,,,,,,,,,,,,,,,,,,,,,,,,,,,,,,,,,,,,,,1054,0,0,,,0,,,,,,,,
🇺🇸,doogile,0,0,9:54.068,9:56.523,23 Feb 2023,1198,(U),6408064456688013983,,,https://www.youtube.com/watch?v=GdCYkElNK1M,9,56,523,596523,2455,2.455,594068,1.453661306,465828,1.28056493,,0.5494,2.923457342,26.6608,48.5306,13.7244,11.46418,,,,,,,,,,,,,,,,,,,,,,,,,,,,,,,,,,,,,,,,,,,,,,,,,,,,,,,,--,,,,,,,,,,,,,,,,,,,,,,,,,,,1198,0,0,,,0,,,,,,,,
🇳🇴,skycrab1,0,0,9:56.544,9:56.544,17 Jan 2025,504,(U),4734961951437511625,,,https://www.youtube.com/watch?v=b02Hcjv7jIE&list=PLU3_fvoJ1GyMStiA29z37DUPtG47PvOJz&index=109,9,56,544,596544,0,0,596544,1.453712481,421494,1.415308403,,0.7772,5.787581076,10.4111,13.3948,13.7017,11.46752,,,,,,,,,,,,,,,,,,,,,,,,,,,,,,,,,,,,,,,,,,,,,,,,,,,,,,,,--,,,,,,,,,,,,,,,,,,,,,,,,,,,504,0.000002754137036,0.0003689118958,,,0,,,,,,,,
🇺🇸,TalkingMime,0,1,9:51.349,9:56.594,14 Aug 2022,1391,(V),1393345256630748585,09,Yes,https://www.speedrun.com/mc/run/mrrkdx4m,9,56,594,596594,5245,5.245,591349,1.453834326,517884,1.151983842,,0.4988,1.446153912,40.6525,81.4965,13.6478,11.47548,,,,,,,,,,,,,,,,,,,,,,,,,,,,,,,,,,,,,,,,,,,,,,,,,,,,,,,,,,,,,,,,,,,,,,,,,,,,,,,,,,,1391,0,0,,,0,,,,,,,,
Lysotroph,Lysotroph,0,1,9:55.526,9:56.616,22 Jan 2023,1229.125,(V),9105264807391681609,05,Yes,https://www.speedrun.com/mc/run/ydge7p0y,9,56,616,596616,1090,1.09,595526,1.453887937,495537,1.203978714,,0.5409,1.933587611,37.7759,69.8420,13.6242,11.47898,,,,,,,,,,,,,,,,,,,,,,,,,,,,,,,,,,,,,,,,,,,,,,,,,,,,,,,,,,,,,,,,,,,,,,,,,,,,,,,,,,,1229.125,0,0,,,0,,,,,,,,
🇳🇴,skycrab1,0,0,9:56.649,9:56.649,08 Dec 2025,179,(U),unknown,,,https://www.youtube.com/watch?v=P0qk2AGV3VY&list=PLU3_fvoJ1GyMStiA29z37DUPtG47PvOJz&index=152,9,56,649,596649,0,0,596649,1.453968355,410359,1.453968355,,0.9144,6.968385839,6.7357,7.3664,13.5888,11.48424,,,,,,,,,,,,,,,,,,,,,,,,,,,,,,,,,,,,,,,,,,,,,,,,,,,,,,,,--,,,,,,,,,,,,,,,,,,,,,,,,,,,179,0.5635304555,41.51181773,,,0,,,,,,,,
🇫🇷,emia,0,1,9:52.573,9:56.696,13 Mar 2023,1180,(V),-4604899140506065416,??,Yes,https://www.speedrun.com/mc/run/y4gjx4qy,9,56,696,596696,4123,4.123,592573,1.454082888,465828,1.280936311,,0.5543,2.929194226,26.8409,48.4207,13.5385,11.49173,,,,,,,,,,,,,,,,,,,,,,,,,,,,,,,,,,,,,,,,,,,,,,,,,,,,,,,,,,,,,,,,,,,,,,,,,,,,,,,,,,,1180,0,0,,,0,,,,,,,,
🇫🇮,Cube1337x,0,0,9:53.648,9:56.811,11 Aug 2022,1394,(U),3321772121899891075,12,Yes,https://www.youtube.com/watch?v=yMueH_YNJGs,9,56,811,596811,3163,3.163,593648,1.454363131,517884,1.152402855,,0.4981,1.449585123,40.5505,81.4140,13.4160,11.51007,,,,,,,,,,,,,,,,,,,,,,,,,,,,,,,,,,,,,,,,,,,,,,,,,,,,,,,,,,,,,,,,,,,,,,,,,,,,,,,,,,,1394,0,0,,,0,,,,,,,,
🇺🇸,oxidiot,0,0,9:55.037,9:56.868,09 Oct 2023,970,(U),-6457179111567451217,06,Yes,https://www.twitch.tv/videos/1947223035,9,56,868,596868,1831,1.831,595037,1.454502034,465828,1.281305546,,0.6157,2.93490785,29.7452,48.3114,13.3557,11.51917,,,,,,,,,,,,,,,,,,,,,,,,,,,,,,,,,,,,,,,,,,,,,,,,,,,,,,,,,,,,,,,,,,,,,,,,,,,,,,,,,,,970,0,0,,,0,,,,,,,,
🇫🇮,AndrewCrow,0,0,9:55.082,9:56.893,07 Oct 2025,241,(U),unknown,,,https://www.youtube.com/watch?v=X6H87b0GOCI,9,56,893,596893,1811,1.811,595082,1.454562956,410359,1.454562956,,0.8865,6.988071794,6.4637,7.2914,13.3293,11.52317,,,,,,,,,,,,,,,,,,,,,,,,,,,,,,,,,,,,,,,,,,,,,,,,,,,,,,,,,,,,,,,,,,,,,,,,,,,,,,,,,,,241,0.2466581029,17.98493338,,,0,,,,,,,,
🇳🇴,skycrab1,0,0,9:56.902,9:56.902,04 Oct 2024,609,(U),-633820598283488717,,,https://www.youtube.com/watch?v=PI6D8MfZuDk&list=PLU3_fvoJ1GyMStiA29z37DUPtG47PvOJz&index=75,9,56,902,596902,0,0,596902,1.454584888,421494,1.416157763,,0.7375,5.811516887,9.7627,13.2377,13.3198,11.52461,,,,,,,,,,,,,,,,,,,,,,,,,,,,,,,,,,,,,,,,,,,,,,,,,,,,,,,,--,,,,,,,,,,,,,,,,,,,,,,,,,,,609,0.0000000001551462493,0.00000002053777771,,,0,,,,,,,,
🇧🇷,misfitmcsr,0,1,9:55.677,9:56.907,16 Dec 2023,902,(U),3052884545493129632,06,Yes,https://www.youtube.com/watch?v=OZaMvNf50tY,9,56,907,596907,1230,1.23,595677,1.454597072,446254,1.337594733,,0.6370,3.930379941,20.3062,31.8784,13.3145,11.52541,,,,,,,,,,,,,,,,,,,,,,,,,,,,,,,,,,,,,,,,,,,,,,,,,,,,,,,,,,,,,,,,,,,,,,,,,,,,,,,,,,,902,0,0,,,0,,,,,,,,
🇨🇦,Aquacorde,0,0,9:56.926,9:56.926,27 Mar 2025,435,(U),5157843297046225006,,,https://www.youtube.com/watch?v=hGn2BSJHRhA,9,56,926,596926,0,0,596926,1.454643373,421494,1.416214703,,0.8045,5.813124606,10.6416,13.2272,13.2945,11.52844,,,,,,,,,,,,,,,,,,,,,,,,,,,,,,,,,,,,,,,,,,,,,,,,,,,,,,,,--,,,,,,,,,,,,,,,,,,,,,,,,,,,435,0.0002661933855,0.03520991499,,,0,,,,,,,,
🇹🇿,Kxpow,0,0,9:55.380,9:56.965,01 May 2024,765,(U),unknown,,,https://www.youtube.com/watch?v=nCuW5wIlqNg,9,56,965,596965,1585,1.585,595380,1.454738412,421494,1.416307231,,0.6822,5.815737976,9.0114,13.2101,13.2534,11.53468,,,,,,,,,,,,,,,,,,,,,,,,,,,,,,,,,,,,,,,,,,,,,,,,,,,,,,,,,,,,,,,,,,,,,,,,,,,,,,,,,,,765,0,0,,,0,,,,,,,,
🇨🇦,NoHacsJustRoblox,0,0,9:57.026,9:57.026,17 Apr 2024,779,(U),-3757955350309369688,,,https://www.youtube.com/watch?v=P8t-qbFZ-BY,9,57,26,597026,0,0,597026,1.454887062,421494,1.416451954,,0.6774,5.819827611,8.9305,13.1835,13.1895,11.54444,,,,,,,,,,,,,,,,,,,,,,,,,,,,,,,,,,,,,,,,,,,,,,,,,,,,,,,,--,,,,,,,,,,,,,,,,,,,,,,,,,,,779,0,0,,,0,,,,,,,,
🇿🇦,Airpodsz,0,0,9:56.613,9:57.034,28 Apr 2025,403,(U),-8896362419824518776,,,https://www.youtube.com/watch?v=cr-Z9x-EDyQ&list=PLjW0OIc7zcEcCMM5essHmBGzf92S0FzKi&index=3,9,57,34,597034,421,0.421,596613,1.454906557,421494,1.416470934,,0.8175,5.820364142,10.7747,13.1800,13.1811,11.54572,,,,,,,,,,,,,,,,,,,,,,,,,,,,,,,,,,,,,,,,,,,,,,,,,,,,,,,,,,,,,,,,,,,,,,,,,,,,,,,,,,,403,0.001437165224,0.1894187712,,,0,,,,,,,,
🇮🇹,drip120,0,1,9:55.892,9:57.317,03 Jul 2023,1068,(V),2452531967130653073,,Yes,https://www.speedrun.com/mc/runs/z1lg9prm,9,57,317,597317,1425,1.425,595892,1.455596197,465828,1.282269421,,0.5863,2.949869699,28.1554,48.0259,12.8877,11.59110,,,,,,,,,,,,,,,,,,,,,,,,,,,,,,,,,,,,,,,,,,,,,,,,,,,,,,,,--,,,,,,,,,,,,,,,,,,,,,,,,,,,1068,0,0,,,0,,,,,,,,
🇳🇴,skycrab1,0,1,9:51.461,9:57.147,11 May 2023,1121,(U),2605522184157601882,,,https://www.youtube.com/watch?v=jYU7tFrq3Kw,9,57,147,597147,5686,5.686,591461,1.455181926,465828,1.28190448,,0.5709,2.944196915,27.4808,48.1340,13.0633,11.56382,,,,,,,,,,,,,,,,,,,,,,,,,,,,,,,,,,,,,,,,,,,,,,,,,,,,,,,,--,,,,,,,,,,,,,,,,,,,,,,,,,,,1121,0,0,,,0,,,,,,,,
🇰🇷,dwoh,0,1,9:55.109,9:57.474,13 Apr 2023,1148.583333,(V),6418322400071711774,06,Yes,https://www.speedrun.com/mc/run/zxn1np8m,9,57,474,597474,2365,2.365,595109,1.455978789,465828,1.282606456,,0.5631,2.955117294,26.9873,47.9260,12.7273,11.61634,,,,,,,,,,,,,,,,,,,,,,,,,,,,,,,,,,,,,,,,,,,,,,,,,,,,,,,,,,,,,,,,,,,,,,,,,,,,,,,,,,,1148.583333,0,0,,,0,,,,,,,,
🇺🇸,doogile,0,0,9:56.917,9:57.529,17 Oct 2023,962,(U),-5689854122444057127,,,https://www.youtube.com/watch?v=2BCjNspgecU,9,57,529,597529,612,0.612,596917,1.456112818,465828,1.282724525,,0.6182,2.956957581,29.6046,47.8910,12.6714,11.62520,,,,,,,,,,,,,,,,,,,,,,,,,,,,,,,,,,,,,,,,,,,,,,,,,,,,,,,,--,,,,,,,,,,,,,,,,,,,,,,,,,,,962,0,0,,,0,,,,,,,,
🇳🇴,skycrab1,0,0,9:56.188,9:57.562,02 Jun 2024,733,(U),3940068487217196837,,,https://www.youtube.com/watch?v=iAdpF0Sqc88&list=PLU3_fvoJ1GyMStiA29z37DUPtG47PvOJz&index=26,9,57,562,597562,1374,1.374,596188,1.456193236,421494,1.417723621,,0.6932,5.855870733,8.9770,12.9509,12.6380,11.63052,,,,,,,,,,,,,,,,,,,,,,,,,,,,,,,,,,,,,,,,,,,,,,,,,,,,,,,,--,,,,,,,,,,,,,,,,,,,,,,,,,,,733,0,0,,,0,,,,,,,,
🇳🇴,skycrab1,0,0,9:56.329,9:57.615,29 Aug 2024,645,(U),-4480279023059321104,,,https://www.youtube.com/watch?v=c_knIEDIN0Q&list=PLU3_fvoJ1GyMStiA29z37DUPtG47PvOJz&index=60,9,57,615,597615,1286,1.286,596329,1.456322391,421494,1.417849364,,0.7243,5.859445251,9.3642,12.9280,12.5845,11.63906,,,,,,,,,,,,,,,,,,,,,,,,,,,,,,,,,,,,,,,,,,,,,,,,,,,,,,,,--,,,,,,,,,,,,,,,,,,,,,,,,,,,645,0,0.0000000002869735923,,,0,,,,,,,,
🇨🇦,wethr,0,1,9:57.367,9:57.696,21 Jun 2024,714,(V),-6145288381644357549,,,https://www.speedrun.com/mc/runs/m7nk21wz,9,57,696,597696,329,0.329,597367,1.456519779,421494,1.418041538,,0.6998,5.86491187,9.0222,12.8931,12.5031,11.65212,,,,,,,,,,,,,,,,,,,,,,,,,,,,,,,,,,,,,,,,,,,,,,,,,,,,,,,,,,,,,,,,,,,,,,,,,,,,,,,,,,,714,0,0,,,0,,,,,,,,
🇹🇿,Kxpow,0,0,9:57.510,9:57.747,16 Mar 2025,446,(U),2785234047287094459,,,https://www.youtube.com/watch?v=dlgVvN9lQsA,9,57,747,597747,237,0.237,597510,1.45664406,421494,1.418162536,,0.8001,5.868356097,10.2984,12.8712,12.4520,11.66036,,,,,,,,,,,,,,,,,,,,,,,,,,,,,,,,,,,,,,,,,,,,,,,,,,,,,,,,,,,,,,,,,,,,,,,,,,,,,,,,,,,446,0.0001403103785,0.01805957601,,,0,,,,,,,,
🇫🇷,M4xx,0,1,9:55.651,9:57.799,04 Jan 2024,883,(U),-4379387358301058454,,,https://www.youtube.com/watch?v=fMMKu6iewvw,9,57,799,597799,2148,2.148,595651,1.456770779,421494,1.418285907,,0.6431,5.871869673,8.2627,12.8488,12.4002,11.66876,,,,,,,,,,,,,,,,,,,,,,,,,,,,,,,,,,,,,,,,,,,,,,,,,,,,,,,,,,,,,,,,,,,,,,,,,,,,,,,,,,,883,0,0,,,0,,,,,,,,
🇳🇴,skycrab1,0,0,9:56.538,9:57.820,14 Aug 2024,660,(U),479487356210199051,,,https://www.youtube.com/watch?v=1M8TGn4UPXE&list=PLU3_fvoJ1GyMStiA29z37DUPtG47PvOJz&index=54,9,57,820,597820,1282,1.282,596538,1.456821953,421494,1.41833573,,0.7189,5.873289137,9.2308,12.8398,12.3793,11.67215,,,,,,,,,,,,,,,,,,,,,,,,,,,,,,,,,,,,,,,,,,,,,,,,,,,,,,,,--,,,,,,,,,,,,,,,,,,,,,,,,,,,660,0,0,,,0,,,,,,,,
🇸🇪,Crookst,0,0,9:57.002,9:57.919,08 Mar 2022,1550,(U),unknown,06,Yes,https://www.youtube.com/watch?v=vyr9SKotEcg,9,57,919,597919,917,0.917,597002,1.457063206,548820,1.089462848,,0.4607,1.010871214,42.2479,91.7029,12.2811,11.68816,,,,,,,,,,,,,,,,,,,,,,,,,,,,,,,,,,,,,,,,,,,,,,,,,,,,,,,,,,,,,,,,,,,,,,,,,,,,,,,,,,,1550,0,0,,,0,,,,,,,,
🇸🇰,NoFear1337,0,0,9:54.437,9:57.999,09 Oct 2025,239,(U),unknown,,,https://www.youtube.com/watch?v=ksuzNN1cGZo,9,57,999,597999,3562,3.562,594437,1.457258157,410359,1.457258157,,0.8874,7.077911689,6.1745,6.9583,12.2023,11.70112,,,,,,,,,,,,,,,,,,,,,,,,,,,,,,,,,,,,,,,,,,,,,,,,,,,,,,,,--,,,,,,,,,,,,,,,,,,,,,,,,,,,239,0.2553316731,17.76674307,,,0,,,,,,,,
🇳🇴,skycrab1,0,0,9:57.276,9:58.045,20 Jun 2024,715,(U),1800265226031074073,,,https://www.youtube.com/watch?v=wnyuQs9XN68&list=PLU3_fvoJ1GyMStiA29z37DUPtG47PvOJz&index=35,9,58,45,598045,769,0.769,597276,1.457370254,421494,1.418869545,,0.6994,5.88851647,8.9130,12.7434,12.1571,11.70857,,,,,,,,,,,,,,,,,,,,,,,,,,,,,,,,,,,,,,,,,,,,,,,,,,,,,,,,--,,,,,,,,,,,,,,,,,,,,,,,,,,,715,0,0,,,0,,,,,,,,
🇨🇦,sockmonkey747,0,0,9:57.801,9:58.333,25 Nov 2023,923,(U),-8427285629800657032,??,Yes,https://www.youtube.com/watch?v=3F5CGvGt_LI,9,58,333,598333,532,0.532,597801,1.458072078,465828,1.284450484,,0.6303,2.98397553,29.8650,47.3795,11.8775,11.75533,,,,,,,,,,,,,,,,,,,,,,,,,,,,,,,,,,,,,,,,,,,,,,,,,,,,,,,,,,,,,,,,,,,,,,,,,,,,,,,,,,,923,0,0,,,0,,,,,,,,
🇺🇸,meebie,0,0,9:57.945,9:58.412,03 Dec 2023,915,(U),unknown,,,https://www.youtube.com/watch?v=nh-UhStAL0s&list=PLaTJSsRuu2Ufk7cX7bUTt9V-IJxa8wqSM&index=7,9,58,412,598412,467,0.467,597945,1.458264593,465828,1.284620074,,0.6329,2.986642055,29.9529,47.3292,11.8017,11.76819,,,,,,,,,,,,,,,,,,,,,,,,,,,,,,,,,,,,,,,,,,,,,,,,,,,,,,,,--,,,,,,,,,,,,,,,,,,,,,,,,,,,915,0,0,,,0,,,,,,,,
🇫🇮,Cube1337x,0,0,9:55.068,9:58.451,27 Jul 2022,1409,(U),1636443196252554241,09,Yes,https://www.youtube.com/watch?v=_NFvINz4TsM,9,58,451,598451,3383,3.383,595068,1.458359631,548820,1.0904322,,0.4944,1.01655953,45.2708,91.5754,11.7644,11.77454,,,,,,,,,,,,,,,,,,,,,,,,,,,,,,,,,,,,,,,,,,,,,,,,,,,,,,,,,,,,,,,,,,,,,,,,,,,,,,,,,,,1409,0,0,,,0,,,,,,,,
🇬🇧,ripfc,0,1,9:55.558,9:58.660,04 Nov 2022,1309,(X),-2253327910789881780,09,Yes,https://www.speedrun.com/mc/run/m3x8v5qm,9,58,660,598660,3102,3.102,595558,1.458868942,517884,1.155973152,,0.5197,1.479126926,41.9418,80.7035,11.5663,11.80863,,,,,,,,,,,,,,,,,,,,,,,,,,,,,,,,,,,,,,,,,,,,,,,,,,,,,,,,,,,,,,,,,,,,,,,,,,,,,,,,,,,1309,0,0,,,0,,,,,,,,
🇺🇸,doogile,0,0,9:56.283,9:58.776,24 Oct 2023,955,(U),-7334551745838915059,,,https://www.youtube.com/watch?v=m6JOuubXYqM,9,58,776,598776,2493,2.493,596283,1.459151621,465828,1.285401479,,0.6203,2.998955645,29.2161,47.0975,11.4575,11.82758,,,,,,,,,,,,,,,,,,,,,,,,,,,,,,,,,,,,,,,,,,,,,,,,,,,,,,,,--,,,,,,,,,,,,,,,,,,,,,,,,,,,955,0,0,,,0,,,,,,,,
🇺🇸,21MashedPotatoes,0,1,9:56.111,9:58.823,03 Sep 2023,1006,(V),-1035469571452416469,06,Yes,https://www.speedrun.com/mc/runs/y865kpwm,9,58,823,598823,2712,2.712,596111,1.459266155,465828,1.285502374,,0.6047,3.000548863,28.4624,47.0675,11.4136,11.83527,,,,,,,,,,,,,,,,,,,,,,,,,,,,,,,,,,,,,,,,,,,,,,,,,,,,,,,,,,,,,,,,,,,,,,,,,,,,,,,,,,,1006,0,0,,,0,,,,,,,,
🇸🇪,PAPLERR,0,0,9:58.891,9:58.891,21 Sep 2024,622,(U),unknown,,,https://www.youtube.com/watch?v=QBvBLUt-A7E,9,58,891,598891,0,0,598891,1.459431863,421494,1.420876691,,0.7327,5.946079721,9.0745,12.3848,11.3504,11.84640,,,,,,,,,,,,,,,,,,,,,,,,,,,,,,,,,,,,,,,,,,,,,,,,,,,,,,,,,,,,,,,,,,,,,,,,,,,,,,,,,,,622,0,0.000000004384750374,,,0,,,,,,,,
🇫🇮,Cube1337x,0,0,9:53.821,9:58.933,04 Aug 2022,1401,(U),1141273619118518696,09,Yes,https://www.youtube.com/watch?v=Et8CHmD6UpY,9,58,933,598933,5112,5.112,593821,1.459534213,517884,1.156500297,,0.4963,1.483535304,40.0035,80.5974,11.3115,11.85328,,,,,,,,,,,,,,,,,,,,,,,,,,,,,,,,,,,,,,,,,,,,,,,,,,,,,,,,,,,,,,,,,,,,,,,,,,,,,,,,,,,1401,0,0,,,0,,,,,,,,
🇳🇴,skycrab1,0,0,9:58.937,9:58.937,22 Jul 2025,318,(U),unknown,,,https://www.youtube.com/watch?v=GyLMFvz9RwQ&list=PLU3_fvoJ1GyMStiA29z37DUPtG47PvOJz&index=136,9,58,937,598937,0,0,598937,1.45954396,410359,1.45954396,,0.8530,7.154890302,5.7015,6.6841,11.3078,11.85394,,,,,,,,,,,,,,,,,,,,,,,,,,,,,,,,,,,,,,,,,,,,,,,,,,,,,,,,--,,,,,,,,,,,,,,,,,,,,,,,,,,,318,0.04012550147,2.682035757,,,0,,,,,,,,
🇨🇦,Mynski,0,0,9:59.220,9:59.220,06 Nov 2023,942,(V),7446447594827026325,??,No,https://youtu.be/mlR8Lt7uwx0?si=KURJjIfR69oRZ5Gs,9,59,220,599220,0,0,599220,1.4602336,465828,1.28635462,,0.6244,3.014036446,29.2301,46.8148,11.0487,11.90039,,,,,,,,,,,,,,,,,,,,,,,,,,,,,,,,,,,,,,,,,,,,,,,,,,,,,,,,,,,,,,,,,,,,,,,,,,,,,,,,,,,942,0,0,,,0,,,,,,,,
🇧🇾,MiGor,0,1,9:58.953,9:59.304,09 Mar 2023,1184,(V),-9045855264029833300,,,https://www.speedrun.com/mc/runs/ywvx7j9z,9,59,304,599304,351,0.351,598953,1.460438299,465828,1.286534944,,0.5532,3.016897122,25.8693,46.7613,10.9727,11.91421,,,,,,,,,,,,,,,,,,,,,,,,,,,,,,,,,,,,,,,,,,,,,,,,,,,,,,,,--,,,,,,,,,,,,,,,,,,,,,,,,,,,1184,0,0,,,0,,,,,,,,
🇨🇦,dandannyboy,0,0,9:55.330,9:59.330,25 Mar 2023,1168,(U),5058479966883990032,09,Yes,https://www.youtube.com/watch?v=hGloyYoEpBY,9,59,330,599330,4000,4,595330,1.460501658,465828,1.286590759,,0.5577,3.017783057,26.0678,46.7447,10.9492,11.91849,,,,,,,,,,,,,,,,,,,,,,,,,,,,,,,,,,,,,,,,,,,,,,,,,,,,,,,,,,,,,,,,,,,,,,,,,,,,,,,,,,,1168,0,0,,,0,,,,,,,,
🇳🇴,skycrab1,0,0,9:59.434,9:59.434,03 Feb 2025,487,(U),1510017576030083045,,,https://www.youtube.com/watch?v=2hEq9CQ2tCI&list=PLU3_fvoJ1GyMStiA29z37DUPtG47PvOJz&index=113,9,59,434,599434,0,0,599434,1.460755095,421494,1.422164966,,0.7839,5.983284291,9.5303,12.1579,10.8559,11.93563,,,,,,,,,,,,,,,,,,,,,,,,,,,,,,,,,,,,,,,,,,,,,,,,,,,,,,,,--,,,,,,,,,,,,,,,,,,,,,,,,,,,487,0.000009634787609,0.001171383111,,,0,,,,,,,,
🇵🇱,okshey,0,0,9:58.895,9:59.567,11 Oct 2025,237,(U),unknown,,,https://www.youtube.com/watch?v=8dxPz9_7hnI,9,59,567,599567,672,0.672,598895,1.461079201,410359,1.461079201,,0.8883,7.206999982,5.7774,6.5042,10.7374,11.95758,,,,,,,,,,,,,,,,,,,,,,,,,,,,,,,,,,,,,,,,,,,,,,,,,,,,,,,,,,,,,,,,,,,,,,,,,,,,,,,,,,,237,0.2641586789,17.18150128,,,0,,,,,,,,
🇺🇸,Dav1E,0,1,9:56.187,9:59.801,04 Mar 2023,1189,(V),-4842662315057252519,,,https://www.speedrun.com/mc/runs/ydglnxxy,9,59,801,599801,3614,3.614,596187,1.461649434,465828,1.287601862,,0.5518,3.033872091,25.6300,46.4448,10.5316,11.99627,,,,,,,,,,,,,,,,,,,,,,,,,,,,,,,,,,,,,,,,,,,,,,,,,,,,,,,,--,,,,,,,,,,,,,,,,,,,,,,,,,,,1189,0,0,,,0,,,,,,,,
🇬🇧,biased,0,1,9:59.077,9:59.852,20 Aug 2023,1019.520833,(V),-3140469198043345700,12,Yes,https://www.speedrun.com/mc/runs/z1l4jgjm,9,59,852,599852,775,0.775,599077,1.461773715,465828,1.287711344,,0.6006,3.035618769,27.8770,46.4123,10.4872,12.00472,,,,,,,,,,,,,,,,,,,,,,,,,,,,,,,,,,,,,,,,,,,,,,,,,,,,,,,,,,,,,,,,,,,,,,,,,,,,,,,,,,,1019.520833,0,0,,,0,,,,,,,,
🇹🇿,Kxpow,0,0,9:57.406,9:59.883,13 Nov 2023,935,(U),2010962759059367227,,,https://www.youtube.com/watch?v=Um24X3kHXaQ,9,59,883,599883,2477,2.477,597406,1.461849259,465828,1.287777892,,0.6266,3.036680911,29.0680,46.3925,10.4603,12.00986,,,,,,,,,,,,,,,,,,,,,,,,,,,,,,,,,,,,,,,,,,,,,,,,,,,,,,,,,,,,,,,,,,,,,,,,,,,,,,,,,,,935,0,0,,,0,,,,,,,,
🇧🇷,sanjinhu,0,1,9:55.617,9:59.887,16 Jun 2023,1085,(V),216474505679534839,04,Yes,https://www.speedrun.com/mc/run/mel4ee8z,9,59,887,599887,4270,4.27,595617,1.461859006,465828,1.287786479,,0.5813,3.036817986,26.9662,46.3900,10.4568,12.01052,,,,,,,,,,,,,,,,,,,,,,,,,,,,,,,,,,,,,,,,,,,,,,,,,,,,,,,,,,,,,,,,,,,,,,,,,,,,,,,,,,,1085,0,0,,,0,,,,,,,,
🇸🇰,NoFear1337,0,0,9:59.977,9:59.977,26 Jul 2023,1045,(U),unknown,,,https://www.youtube.com/watch?v=jIXSA_OzqEo,9,59,977,599977,0,0,599977,1.462078327,465828,1.287979683,,0.5930,3.039903614,27.4769,46.3327,10.3790,12.02545,,,,,,,,,,,,,,,,,,,,,,,,,,,,,,,,,,,,,,,,,,,,,,,,,,,,,,,,--,,,,,,,,,,,,,,,,,,,,,,,,,,,1045,0,0,,,0,,,,,,,,
,test,0,1,9:59.977,9:59.977,01 Jan 2021,1981,,,,,,,,,,,,599977,,,,,,,,,,,,,,,,,,,,,,,,,,,,,,,,,,,,,,,,,,,,,,,,,,,,,,,,,,,,,,,,,,--,,,,,,,,,,,,,,,,,,,,,,,,,,,,,,,,0,,,,,,,,
,test,0,1,9:59.977,9:59.977,30 Dec 1899,46178,,,,,,,,,,,,599977,,,,,,,,,,,,,,,,,,,,,,,,,,,,,,,,,,,,,,,,,,,,,,,,,,,,,,,,,,,,,,,,,,--,,,,,,,,,,,,,,,,,,,,,,,,,,,,,,,,0,,,,,,,,
,,0,0,,,30 Dec 1899,,,,,,,,,,,,,#VALUE!,,,,,,,,,,,,,,,,,,,,,,,,,,,,,,,,,,,,,,,,,,,,,,,,,,,,,,,,,,,,,,,,,,--,,,,,,,,,,,,,,,,,,,,,,,,,,,,,,,,0,,,,,,,,
,,0,0,,,30 Dec 1899,,,,,,,,,,,,,#VALUE!,,,,,,,,,,,,,,,,,,,,,,,,,,,,,,,,,,,,,,,,,,,,,,,,,,,,,,,,,,,,,,,,,,--,,,,,,,,,,,,,,,,,,,,,,,,,,,,,,,,0,,,,,,,,
,,0,0,,,30 Dec 1899,,,,,,,,,,,,,#VALUE!,,,,,,,,,,,,,,,,,,,,,,,,,,,,,,,,,,,,,,,,,,,,,,,,,,,,,,,,,,,,,,,,,,--,,,,,,,,,,,,,,,,,,,,,,,,,,,,,,,,0,,,,,,,,
,,0,0,,,30 Dec 1899,,,,,,,,,,,,,#VALUE!,,,,,,,,,,,,,,,,,,,,,,,,,,,,,,,,,,,,,,,,,,,,,,,,,,,,,,,,,,,,,,,,,,--,,,,,,,,,,,,,,,,,,,,,,,,,,,,,,,,0,,,,,,,,