,DM hlswan if smthing is wrong,,,,,,,S,,,,,,,,,,,,,OVERWORLD,,,,,FIRST STRUCTURE,,,,SECOND STRUCTURE,,,,,,,,,S2-E1,ALL RODS?,NETHER EXITS,OVERWORLD II,,,,,,,,,,,,,,,,THEOR BLIND,NETHER SPLIT,TOTAL NETHER,TOTAL OW2,POST BLIND,STRUC2 TO FINISH,STRUC2 EX TO SH,STRONGHOLD,,,FRAMES FILLED,FRMS NEED,THE END,,,,,,,,,,,,,,,Bastion Information,,,,,,ROUTE START,ROUTE SPLIT,TOT SPLIT,,Barter/Chest Loot Information,,,,,,TIMELOSS
,last updated 4/17/26,,,,,WR,PB,,,,,,,,,,,,,,TYPE,,PORTAL,NETHER,NE-S1,ENTER,TYPE,SPLIT,EXIT,S1-S2,ENTER,TYPE,SPLIT,EXIT,BLAZE RATES,,,,,,,EXIT 1,TYPE,TRIANG,THROWN,BREAK,LEFT,T LOSS,REENTER,TO 2ND,DIST,<400?,400-1000,1000-1500,1500-2000,2000+,EXIT 2,,,,,,,,ENTER,STRAT,SPLIT,,,ENTER,STRAT,X USED,RTIONS,ZXPLO,PXPLO,CG,NODE,,,TH,TOWER,SH,SPLIT,CREDITS,TYPE,ROUTE,CC,INFO,ENTER,E-RS,,,,EXIT,Obi,String,Glowst,Arrows,Pearls,Cobi,
,ð,ð,ð,,  RUNNER,,,IGT,RTT,DATE,SRC,SEED,INST,CALC,M,S,MS,TOTAL MS,VIDEO,,--,,--,1:25,0:29,1:54,,1:44,3:38,0:18,3:55,--,1:19,5:14,5/7,DPED,KLD,DEC,0:24,--,1.864,5:01,--,0:02,1.159090909,0.09090909091,0.1590909091,0.25,5:21,#VALUE!,926.9047619,,,,,,6:08,5:11,3:37,#VALUE!,1:22,2:17,3:33,0:54,6:08,--,0:25,1.590909091,,6:32,--,5.23,,5.44,4.38,--,--,,,88,,95,0:55,7:28,--,--,4.159090909,--,,,,,,,22.64,87.18,36.41,22.39,32.16,24.23,
,1,1,ðºð¸,lowkey,,â,â,6:48.508,6:50.359,11Â JunÂ 2025,(V),-8717682453392808086,,Yes,6,50,359,410359,https://www.speedrun.com/mc/runs/m7l7960y,,BT,ð,2x1 Magma,1:39,0:23,2:02,Bridge,1:58,4:00,0:00,4:00,Fort,0:32,4:32,6/6,6,6,1.00,0:12,Yes,2,4:44,Calc,0:25,2,0,0,0,5:09,0:33,1289,0,0,1,0,0,5:42,4:44,3:05,3:38,1:12,2:04,2:48,1:10,5:42,Prempt,0:14,1,,5:56,Zero,6,4,6,--,O,B Diag,B,Diag,85,M85,99,0:52,6:48,Bridge,DK,6,DT,2:02,,,,1:58,4:00,28,82,22,40,,24,"Nether enter, bastion split, stronghold distance"
,2,2,ð¨ð¦,Jay12310,,,â,6:56.051,6:56.731,04Â FebÂ 2026,(Q),6044301913007956989,,,6,56,731,416731,https://www.youtube.com/watch?v=4sFehCZWJv4,,BT,,2x1 Magma,1:08,0:28,1:36,Stables,2:00,3:36,0:03,3:39,Fort,1:38,5:28,6/12,6,12,0.50,--,No,2,4:59,Calc,0:11,1,0,1,1,5:10,0:23,739,0,1,0,0,0,5:51,5:17,4:09,4:32,0:47,1:39,3:17,0:23,5:51,Prempt,0:13,1,,6:04,Zero,5,,5,--,B57,F Diag,F,Diag,83,Small Cage,94,0:52,6:56,Stables,GAP,1,B-TST,1:36,,,,2:00,3:36,20,60,30,0,28,16,"bastion split, fortress split, rates"
,3,3,ð®ð¹,drip120,,â,â,7:00.799,7:01.494,03Â JanÂ 2024,(V),8802654848425114236,15,Yes,7,1,494,421494,https://www.speedrun.com/mc/run/y8ko8qny,,BT,,2x1 Magma,1:18,0:15,1:33,Treasure,1:38,3:11,0:21,3:32,Fort,0:58,4:57,6/9,6,9,0.67,--,No,2,4:26,Calc,0:27,1,0,0,0,4:53,0:25,821,0,1,0,0,0,5:22,4:30,3:12,3:37,1:14,2:30,3:28,0:25,5:22,Prempt,0:22,0,,5:44,Perch,5,--,--,5,O,--,--,,--,--,--,1:16,7:00,Treasure,BOOMR,4,8/12,1:33,,,,1:38,3:11,21,70,26,0,,22,"fort distance, perch"
,4,4,ð¨ð¦,Aquacorde,,,â,7:08.699,7:08.699,10Â MarÂ 2026,(Q),2129033182999502069,,,7,8,699,428699,https://www.youtube.com/watch?v=zhRaEdGVzsQ,,BT,â,2x1 Magma,1:29,0:07,1:36,Housing,1:37,3:13,0:12,3:25,Fort,1:04,4:29,6/10,6,10,0.60,0:12,Yes,2,4:41,Calc,0:15,1,0,0,0,4:56,1:07,1773,0,0,0,1,0,6:03,4:41,3:12,4:19,1:39,2:27,3:43,1:34,6:03,Prempt,0:17,1,,6:20,Zero,5,,5,--,O,B 1/8,B,1/8,--,--,93,0:48,7:08,Housing,TOPD,3,--,1:36,,,,1:37,3:13,24,67,31,53,58,13,"rates, terrain to sh"
,5,5,ðºð¦,loodlow,,,â,7:10.076,7:11.350,21Â OctÂ 2025,(V),-1058044179150873683,,Yes,7,11,350,431350,https://www.speedrun.com/mc/runs/ydo05ojz,,BT,,2x1 Magma,1:31,0:35,2:06,Housing,1:45,3:51,0:05,3:56,Fort,0:37,4:33,6/7,6,7,0.86,0:13,Yes,1,4:46,Blind,1:05,1,0,0,0,--,--,136,1,0,0,0,0,--,4:46,3:15,3:15,1:34,2:24,3:14,1:18,5:51,Prempt,0:29,0,,6:20,Zero,5,,5,--,O,B Diag,B,Diag,103,Tall Boi,95,0:50,7:10,Housing,TOPD,5,TR,2:06,,,,1:45,3:51,23,80,25,15,,32,"nav, dig down"
,6,-,,ð¨ð¦,Aquacorde,,â,7:09.181,7:12.114,16Â FebÂ 2026,(Q),-6645733506759892987,,,7,12,114,432114,https://www.youtube.com/watch?v=VAccioV5iEA,,BT,,RP,1:08,0:48,1:56,Bridge,2:04,4:00,0:11,4:11,Fort,1:15,5:26,7/10,7,10,0.70,0:10,Yes,1,5:36,Blind,0:41,2,0,0,0,--,--,180,1,0,0,0,0,--,5:36,4:28,4:28,0:47,1:33,2:58,0:51,6:17,OEPR,0:06,1,,6:23,Zero,5,,5,--,O,B Diag,B,Diag,91,M91,99,0:46,7:09,Bridge,DK,4,TS,1:56,,,,2:04,4:00,18,109,19,19,24,30,
,7,6,ð©ð°,Bloopy,,,â,7:13.157,7:13.157,16Â OctÂ 2025,(V),-5449384532227041969,,Yes,7,13,157,433157,https://www.speedrun.com/mc/runs/yv535lom,,BT,,2x1 Magma,1:03,0:24,1:27,Housing,1:49,3:16,0:12,3:28,Fort,1:14,4:42,5/9,5,9,0.56,0:15,Yes,1,4:57,Blind,1:11,1,0,0,0,--,--,587,0,1,0,0,0,--,4:57,3:54,3:54,1:23,2:16,3:45,1:26,6:08,OEPR,0:12,2,,6:20,Zero,6,,6,--,O,F Diag,F,Diag,103,Tall Boi,95,0:53,7:13,Housing,MANH,3,SINGLE,1:27,,,,1:49,3:16,18,108,43,44,,16,
,8,7,ðµð±,watermelon1708,,,â,7:16.326,7:16.326,07Â DecÂ 2025,(V),-3009416634026052013,,Yes,7,16,326,436326,https://www.speedrun.com/mc/runs/y9wx8x2z,,BT,,2x1 Magma,1:24,0:05,1:29,Bridge,1:59,3:28,0:15,3:43,Fort,1:42,5:45,6/14,6,14,0.43,--,No,2,5:17,Calc,0:20,1,0,0,0,5:37,0:25,671,0,1,0,0,0,6:10,5:25,4:01,4:26,1:01,1:50,3:32,0:25,6:10,Prempt,0:16,2,,6:26,Zero,6,,6,--,O,F Diag,F,Diag,91,M91,99,0:49,7:15,Bridge,SOOG,4,RT,1:29,,,,1:59,3:28,21,128,60,12,32,49,
,9,8,ð³ð´,skycrab1,,,â,7:16.474,7:16.560,02Â JanÂ 2026,(Q),-8753882162041693203,,Yes,7,16,560,436560,https://youtu.be/RLqLbCwTQWM?si=OdjKGudQYJtaeVd_,,BT,,2x1 Magma,1:47,0:16,2:03,Treasure,1:40,3:43,0:29,4:12,Fort,0:58,5:25,6/9,6,9,0.67,--,No,2,4:56,Calc,0:15,1,0,0,0,5:11,0:30,1066,0,0,1,0,0,5:55,5:10,3:23,3:53,1:14,2:04,3:02,0:30,5:55,Prempt,0:29,3,,6:24,Zero,6,,6,--,O,F Diag,F,Diag,88,M88,99,0:50,7:14,Treasure,BOOMR,4,--,2:03,,,,1:40,3:43,22,110,45,31,29,21,
,10,9,ðµð±,okshey,,,â,7:21.820,7:21.820,22Â MarÂ 2026,(Q),todo,,,7,21,820,441820,https://www.youtube.com/watch?v=LP5nP_U9eQ0,,BT,â,2x1 Magma,1:13,0:27,1:40,Treasure,1:50,3:30,0:13,3:43,Fort,1:32,5:15,6/11,6,11,0.55,0:11,Yes,2,5:26,Calc,0:19,1,0,0,0,5:45,0:23,558,0,1,0,0,0,6:08,5:26,4:13,4:36,1:07,1:55,3:38,0:53,6:08,Prempt,0:25,1,0,6:33,Zero,5,3,5,--,B58,F Diag,F,Diag,86,Tall Cage,95,0:48,7:21,Treasure,BOOMR,4,--,1:40,,,,1:50,3:30,20,79,58,36,23,29,
,11,10,ð¨ð¦,NoHacsJustRoblox,,,â,7:21.808,7:22.283,29Â AprÂ 2024,(V),8722833245086318634,,Yes,7,22,283,442283,https://www.speedrun.com/mc/runs/z58ewkez,,BT,,2x1 Magma,1:13,0:25,1:38,Bridge,1:40,3:18,0:24,3:42,Fort,0:59,4:41,6/9,6,9,0.67,0:02,Yes,2,4:39,Calc,0:14,1,0,1,1,4:53,0:41,1939,0,0,0,1,0,5:34,4:39,3:26,4:07,1:16,2:42,3:39,0:53,5:34,Prempt,0:21,1,,5:55,F.PC,4,--,--,4,B57,--,--,,--,--,--,1:26,7:21,Bridge,OLD,3,--,1:38,,,,1:40,3:18,24,49,35,0,,11,
,12,-,,ð³ð´,skycrab1,,â,7:22.684,7:23.784,19Â AprÂ 2024,(V),6338107534563615641,,Yes,7,23,784,443784,https://www.speedrun.com/mc/runs/mew18n2m,,BT,,1x1 Magma,1:49,0:05,1:54,Housing,1:51,3:45,0:26,4:11,Fort,0:30,4:41,6/7,6,7,0.86,0:09,Yes,2,4:50,Calc,0:25,1,0,0,0,5:15,0:55,1439,0,0,1,0,0,6:10,4:50,3:01,3:56,1:38,2:32,3:11,1:29,6:10,Prempt,0:18,2,,6:28,Zero,7,,7,--,O,F Diag,F,Diag,94,T94,99,0:54,7:22,Housing,MANJ,5,DT,1:54,,,,1:51,3:45,21,57,56,0,,38,
,13,-,,ð¨ð¦,Aquacorde,,â,7:24.170,7:24.170,16Â OctÂ 2025,(V),-1813865513517318496,,Yes,7,24,170,444170,https://www.speedrun.com/mc/runs/ydo6pewz,,BT,,2x1 Magma,1:16,0:38,1:54,Housing,1:43,3:37,0:39,4:16,Fort,1:03,5:41,6/8,6,8,0.75,--,No,2,5:11,Calc,0:22,2,0,0,0,5:33,0:34,867,0,1,0,0,0,6:15,5:19,4:03,4:37,1:17,2:05,3:08,0:34,6:15,Prempt,0:21,1,,6:36,Zero,5,,5,--,H,F Diag,F,Diag,86,Tall Cage,99,0:48,7:24,Housing,TOPD,3,--,1:54,,,,1:43,3:37,27,75,18,46,,26,
,14,11,ð¸ð°,NoFear1337,,â,â,7:24.504,7:26.283,08Â DecÂ 2023,(V),-8415980398606239765,12,Yes,7,26,283,446283,https://www.speedrun.com/mc/run/m7308v9y,,BT,,RP,1:39,0:33,2:12,Treasure,1:50,4:02,0:19,4:21,Fort,0:34,4:55,5/6,5,6,0.83,0:06,Yes,2,5:01,HP,0:36,2,0,0,0,5:37,0:36,1489,0,0,1,0,0,6:13,5:01,3:22,3:58,1:28,2:23,3:03,1:18,6:13,Prempt,0:16,4,,6:29,Zero,6,,6,--,O,F Diag,F,Diag,85,M85,95,0:55,7:24,Treasure,BOOMR,4,8/10,2:12,,,,1:50,4:02,10,121,55,25,44,26,
,15,-,,ð³ð´,skycrab1,,ð,7:27.923,7:27.923,20Â MarÂ 2026,(U),-5301700605608362807,,,7,27,923,447923,https://www.youtube.com/watch?v=gd8ToSBA6yY,,BT,ð,2x1 Magma,1:35,0:50,2:25,Treasure,1:40,4:05,0:15,4:20,Fort,0:31,4:51,6/7,6,7,0.86,0:11,Yes,2,5:02,Calc,0:10,1,1,0,1,5:12,1:07,1745,0,0,0,1,0,6:19,5:02,3:27,4:34,1:39,2:25,3:07,1:28,6:19,Prempt,0:22,1,1,6:41,Zero,5,,5,--,O,B Diag,B,Diag,91,M91,99,0:46,7:27,Treasure,BOOMR,4,10/15,2:25,,,,1:40,4:05,18,112,11,25,39,31,
,16,12,ð«ð®,AndrewCrow,,,â,7:28.358,7:28.874,17Â FebÂ 2026,(Q),todo,,,7,28,874,448874,https://www.youtube.com/watch?v=RNTNMHEVNBo,,BT,,2x1 Magma,1:25,0:36,2:01,Bridge,1:53,3:54,0:13,4:07,Fort,0:52,4:59,6/7,6,7,0.86,0:09,Yes,2,5:08,Calc,0:30,1,0,0,0,5:38,0:44,1131,0,0,1,0,0,6:22,5:08,3:43,4:27,1:26,2:20,3:21,1:23,6:22,PR,0:12,2,,6:34,Zero,7,,7,--,O,F Diag,F,Diag,91,M91,99,0:54,7:28,Bridge,CRKSMK,3,--,2:01,,,,1:53,3:54,29,94,36,26,32,27,
,17,-,,ð¨ð¦,Jay12310,,â,7:28.256,7:29.121,02Â AugÂ 2024,(V),-6421260664080147265,,Yes,7,29,121,449121,https://www.speedrun.com/mc/runs/y8prdrxz,,BT,,2x1 Magma,1:48,0:28,2:16,Fort,0:37,2:53,0:20,3:13,Housing,1:38,5:08,5/6,5,6,0.83,--,No,2,4:23,Calc,0:17,1,0,0,0,4:40,0:42,600,0,1,0,0,0,5:50,4:51,3:03,3:45,1:42,2:37,4:15,0:42,5:50,Prempt,0:43,3,,6:33,Zero,6,,6,--,O,F Diag,F,Diag,86,Tall Cage,95,0:55,7:28,Housing,MANH,3,--,1:38,,,,3:30,5:08,22,70,19,0,14,22,
,18,13,ð©ðª,jason_n,,,â,7:29.374,7:29.374,06Â OctÂ 2024,(V),-4936383011000236174,,Yes,7,29,374,449374,https://www.speedrun.com/mc/runs/znxxp6vy,,BT,,Lava Pool,1:26,1:00,2:26,Stables,1:20,3:46,0:13,3:59,Fort,1:12,5:28,6/9,6,9,0.67,--,No,2,5:06,Calc,0:17,1,0,0,0,5:23,0:23,349,1,0,0,0,0,5:51,5:11,3:45,4:08,1:26,2:18,3:30,0:31,5:59,Prempt,0:38,1,,6:37,Zero,5,,5,--,H,F Diag,F,Diag,88,M88,95,0:52,7:29,Stables,DBTRPL,6,--,2:26,,,,1:20,3:46,21,63,6,0,52,17,
,19,14,ð«ð®,sadekeppi,,,â,7:29.931,7:29.931,02Â AprÂ 2025,(V),6582471955859004032,,Yes,7,29,931,449931,https://www.speedrun.com/mc/runs/z5l4r5gy,,BT,,2x1 Magma,1:23,0:31,1:54,Housing,1:46,3:40,0:19,3:59,Fort,0:51,4:50,6/7,6,7,0.86,0:10,Yes,2,5:00,Calc,0:44,1,0,0,0,5:44,0:25,583,0,1,0,0,0,6:09,5:00,3:37,4:02,1:38,2:29,3:30,1:19,6:09,Prempt,0:29,1,,6:38,Zero,6,,6,--,O,F Diag,F,Diag,91,M91,99,0:51,7:29,Housing,MANH,5,--,1:54,,,,1:46,3:40,40,57,8,14,23,1,
,20,15,ðºð¸,doogile,,,â,7:29.752,7:30.439,12Â DecÂ 2023,(V),-8404662731985464270,18,Yes,7,30,439,450439,https://www.speedrun.com/mc/runs/m3kq8ddy,,SH,,RP,1:46,0:35,2:21,Housing,1:28,3:49,0:31,4:20,Fort,0:31,4:51,5/7,5,7,0.71,0:12,Yes,2,5:03,HP,0:27,1,0,0,0,5:30,0:35,1102,0,0,1,0,0,6:05,5:03,3:17,3:52,1:12,2:26,3:09,1:14,6:05,Prempt,0:10,2,,6:15,F.Zero,5,--,--,5,B56,F Diag,F,Diag,91,M91,--,1:14,7:29,Housing,MANH,3,--,2:21,,,,1:28,3:49,17,68,15,25,33,21,
,21,-,,ðµð±,watermelon1708,,â,7:30.263,7:30.682,04Â DecÂ 2025,(U),-8027616666562891938,,Yes,7,30,682,450682,https://www.youtube.com/watch?v=zaVHr65a7Uk&list=PLZ59bMb0zBUSR6W9smbN1LDkQJlGfPEUk&index=4,,BT,,2x1 Magma,1:12,0:57,2:09,Housing,1:34,3:43,0:10,3:53,Fort,1:34,5:40,5/9,5,9,0.56,--,No,2,5:13,Calc,0:13,1,0,1,1,5:26,0:37,1450,0,0,1,0,0,6:17,5:27,4:15,4:52,1:12,2:03,3:37,0:37,6:17,Prempt,0:22,1,,6:39,Zero,5,,5,--,H,F Diag,F,Diag,85,M85,95,0:51,7:30,Housing,TOPD,5,DBTRPL,2:09,,,,1:34,3:43,24,57,65,42,19,32,
,22,16,ðºð¸,itsnahan,,,â,7:32.783,7:32.783,04Â JunÂ 2025,(V),4115833317145621618,,Yes,7,32,783,452783,https://www.speedrun.com/mc/runs/zqp1639m,,BT,,Lava Pool,1:31,0:10,1:41,Bridge,1:58,3:39,0:14,3:53,Fort,1:07,5:00,5/11,5,11,0.45,0:17,Yes,2,5:17,Calc,0:36,1,0,0,0,5:53,0:29,unknown,0,0,0,0,1,6:22,5:17,3:46,4:15,1:23,2:15,3:39,1:22,6:22,Prempt,0:18,2,,6:40,Zero,6,,6,--,O,B Diag,B,Diag,85,M85,95,0:52,7:32,Bridge,SOOG,3,DT,1:41,,,,1:58,3:39,24,101,40,32,30,30,
,23,-,,ð³ð´,skycrab1,,ð,7:25.567,7:32.827,19Â AugÂ 2024,(U),4927231128345776418,,Yes,7,32,827,452827,https://www.youtube.com/watch?v=87ruBPBpgbg&list=PLU3_fvoJ1GyMStiA29z37DUPtG47PvOJz&index=57,,BT,,2x1 Magma,1:13,0:37,1:50,Bridge,1:59,3:49,0:14,4:03,Fort,0:45,4:48,6/11,6,11,0.55,0:10,Yes,2,4:58,Calc,0:19,1,0,0,0,5:17,0:45,1485,0,0,1,0,0,6:02,4:58,3:45,4:30,1:28,2:27,3:22,1:14,6:02,Prempt,0:24,2,,6:26,Zero,6,,6,--,O,B Diag,B,Diag,76,Small Boi,90,0:59,7:25,Bridge,OLD,6,DT,1:50,1:44,,,1:59,3:49,20,135,72,0,35,29,
,24,-,,ð¸ð°,NoFear1337,,ð,7:29.999,7:32.999,21Â JanÂ 2024,(U),1330456095954625394,,Yes,7,32,999,452999,https://www.youtube.com/watch?v=u1WAriPLZMQ,,BT,,2x1 Magma,1:23,0:13,1:36,Housing,1:00,2:36,0:15,2:51,Fort,1:52,5:10,6/12,6,12,0.50,--,No,2,3:42,Calc,0:27,1,0,0,0,4:09,0:33,198,1,0,0,0,0,5:43,4:43,3:20,3:53,1:19,2:46,4:38,0:33,5:43,Prempt,0:19,1,,6:02,Perch,4,--,--,4,B58,--,--,,--,--,--,1:27,7:29,Housing,MANH,3,--,1:36,,,,1:00,2:36,20,56,0,0,17,8,
,25,17,ðµð±,kazzruns,,,â,7:33.804,7:33.804,24Â JulÂ 2025,(V),-5890829594904468442,,Yes,7,33,804,453804,https://www.speedrun.com/mc/runs/yjqo30nm,,BT,,2x1 Magma,1:13,0:14,1:27,Stables,1:39,3:06,0:09,3:15,Fort,1:23,5:01,6/8,6,8,0.75,--,No,2,4:20,Calc,0:23,2,1,1,2,4:43,1:13,2302,0,0,0,0,1,6:14,4:38,3:25,4:38,1:56,2:55,4:18,1:13,6:14,Prempt,0:20,2,,6:34,Perch,5,--,--,5,O,--,--,,--,--,--,0:59,7:33,Stables,DBTRPL,7,TTD,1:27,,,,1:39,3:06,20,72,20,33,17,13,
,26,-,,ð¨ð¦,Aquacorde,,ð,7:34.421,7:34.056,03Â MarÂ 2026,(U),6573117783169949946,,,7,34,56,454056,https://www.youtube.com/watch?v=l__1dhyvdjw,,BT,â,Lava Pool,1:01,0:16,1:17,Housing,1:24,2:41,1:04,3:45,Fort,2:03,6:05,5/12,5,12,0.42,--,No,2,4:42,Calc,0:17,1,0,0,0,4:59,0:32,333,1,0,0,0,0,6:37,5:48,4:47,5:19,1:02,1:46,3:49,0:32,6:37,Prempt,0:13,3,,6:50,Zero,4,2,4,--,O,F Diag,F,Diag,88,M88,99,0:44,7:34,Housing,MANH,3,--,1:17,,,,1:24,2:41,23,31,44,26,47,23,
,27,-,,ðºð¸,itsnahan,,ð,7:34.447,7:34.546,19Â DecÂ 2025,(U),-7173684177694873982,,Yes,7,34,546,454546,https://www.youtube.com/watch?v=1_O9cZzkKpk,,BT,,2x1 Magma,1:24,0:34,1:58,Housing,1:45,3:43,0:04,3:47,Fort,1:53,5:56,6/7,6,7,0.86,--,No,2,5:07,Calc,0:16,1,0,0,0,5:23,0:24,unknown,0,0,0,0,1,6:20,5:40,4:16,4:40,1:02,1:54,3:47,0:24,6:20,Prempt,0:22,1,,6:42,Zero,6,,6,--,O,F 1/8,F,1/8,--,--,92,0:52,7:34,Housing,TOPD,8,DBTRPL,1:58,,,,1:45,3:43,35,128,49,25,26,14,
,28,18,ð¦ð¿,KenanKardes,,,â,7:35.447,7:34.838,13Â SepÂ 2024,(V),5361864572335160821,,Yes,7,34,838,454838,https://www.speedrun.com/mc/runs/zx0e765z,,BT,â,2x1 Magma,1:37,0:52,2:29,Housing,1:14,3:43,0:15,3:58,Fort,1:38,5:48,6/9,6,9,0.67,--,No,2,5:17,Calc,0:12,1,1,0,1,5:29,0:28,895,0,1,0,0,0,6:16,5:36,3:59,4:27,1:12,1:59,3:37,0:28,6:16,Prempt,0:32,1,,6:48,Zero,4,2,4,--,B56,F Diag,F,Diag,91,M91,95,0:47,7:35,Housing,MANH,3,DBTRPL,2:29,,,,1:14,3:43,20,79,54,27,34,19,
,29,-,,ðµð±,watermelon1708,,ð,7:35.875,7:35.875,21Â FebÂ 2026,(U),unknown,,,7,35,875,455875,https://www.youtube.com/watch?v=3E-mIUUQVAU,,BT,ð,2x1 Magma,1:36,0:19,1:55,Housing,1:39,3:34,0:36,4:10,Fort,1:17,5:27,6/11,6,11,0.55,0:05,Yes,2,5:32,Calc,0:39,1,0,0,0,6:11,0:20,349,1,0,0,0,0,6:31,5:32,3:56,4:16,1:15,2:03,3:25,1:04,6:31,Prempt,0:16,2,0,6:47,Zero,6,3,6,--,O,B 1/8,B,1/8,--,--,93,0:48,7:35,Housing,MANH,4,,1:55,,,,1:39,3:34,26,139,28,8,54,25,
,30,-,,ð©ðª,jason_n,,ð,7:36.562,7:36.562,27Â DecÂ 2025,(U),5101166286806026119,,Yes,7,36,562,456562,https://www.youtube.com/watch?v=PIIJU2GwFP4&list=PLZ59bMb0zBUSR6W9smbN1LDkQJlGfPEUk&index=1,,BT,,2x1 Magma,1:20,0:32,1:52,Housing,1:39,3:31,0:03,3:34,Fort,0:26,4:00,5/6,5,6,0.83,0:23,Yes,2,4:23,HP,0:36,1,0,0,0,4:59,0:32,1611,0,0,0,1,0,5:31,4:23,3:03,3:35,1:36,3:13,4:02,1:31,5:31,Prempt,0:28,2,,5:59,F.Zero,5,--,--,5,O,B Diag,B,Diag,97,T97(F),--,1:37,7:36,Housing,MANH,3,N/A,1:52,,,,1:39,3:31,13,52,48,35,32,24,
,31,-,,ð©ðª,jason_n,,ð,7:38.273,7:38.273,12Â NovÂ 2025,(U),2886416364403862215,,Yes,7,38,273,458273,https://www.youtube.com/watch?v=bA3Sck4VKWw,,BT,â,2x1 Magma,1:13,0:39,1:52,Treasure,2:03,3:55,0:14,4:09,Fort,1:11,5:20,7/8,7,8,0.88,0:07,Yes,1,5:27,Blind,0:49,1,0,1,1,--,--,243,1,0,0,0,0,--,5:27,4:14,4:14,1:20,2:11,3:29,0:56,6:16,Prempt,0:31,1,0,6:47,Zero,6,4,6,--,O,B Diag,B,Diag,91,M91,99,0:51,7:38,Treasure,NEW,4,--,1:52,,,,2:03,3:55,16,140,64,15,32,38,
,32,-,,ð©ð°,Bloopy,,â,7:35.809,7:38.482,28Â NovÂ 2024,(V),-7640184333545180122,,Yes,7,38,482,458482,https://www.speedrun.com/mc/runs/zxj96rqy,,BT,â,Lava Pool,1:21,0:00,1:21,Stables,2:06,3:27,0:12,3:39,Fort,1:33,5:45,6/8,6,8,0.75,--,No,2,5:02,Calc,0:33,1,0,0,0,5:35,0:43,965,0,1,0,0,0,6:28,5:12,3:51,4:34,1:31,2:23,3:56,0:43,6:28,Prempt,0:15,2,0,6:43,Perch,4,,--,4,B57,B Diag,B,Diag,--,--,--,0:52,7:35,Stables,DBTRPL,6,--,1:21,,,,2:06,3:27,39,99,56,0,19,28,
,33,19,ð®ð±,orachi,,,â,7:36.656,7:38.738,17Â AprÂ 2026,(Q),1736164389740735086,,,7,38,738,458738,https://youtu.be/OYGFbW4afPw?si=is-E-XG_ij3QA938,,BT,â,Cave Lava,1:39,0:33,2:12,Housing,01:47,3:59,0:26,4:25,Fort,1:06,5:31,7/8,7,8,0.88,0:15,Yes,2,5:46,Calc,0:11,1,0,1,1,5:57,0:28,695,0,1,0,0,0,6:25,5:46,4:07,4:35,1:02,1:50,3:11,0:54,6:25,Prempt,0:23,2,0,6:48,Zero,5,4,5,--,O,B Diag,B,Diag,94,T94,99,0:48,7:36,Housing,MANH,4,--,2:12,0:12,2:24,1:35,1:47,3:59,21,46,64,39,48,29,
,34,-,,ð³ð´,skycrab1,,ð,7:39.667,7:39.667,08Â MarÂ 2026,(U),488777781406333665,,,7,39,667,459667,https://www.youtube.com/watch?v=bCf8wapBEIU,,BT,â,2x1 Magma,1:16,0:53,2:09,Housing,01:39,3:48,0:18,4:06,Fort,1:20,5:39,6/8,6,8,0.75,--,No,2,5:21,Calc,0:13,1,0,0,0,5:34,0:31,755,0,1,0,0,0,6:10,5:26,4:10,4:41,1:28,2:13,3:33,0:31,6:10,Prempt,0:44,1,0,6:54,Zero,5,3,5,--,H,F Diag,F,Diag,91,M91,99,0:45,7:39,Housing,TOPD,5,--,2:09,,,,1:39,3:48,20,130,34,34,32,33,
,35,20,ðºð¸,Infume,,,â,7:39.778,7:39.778,06Â JunÂ 2025,(Q),-8467677866844055286,,,7,39,778,459778,https://www.youtube.com/watch?v=UnKMvsVNbYU,,BT,â,2x1 Magma,1:08,0:38,1:46,Treasure,01:44,3:30,0:29,3:59,Fort,1:28,5:58,6/8,6,8,0.75,--,No,2,5:21,Calc,0:31,1,0,0,0,5:52,0:34,610,0,1,0,0,0,6:32,5:27,4:19,4:53,1:26,2:12,3:40,0:34,6:32,Prempt,0:21,0,0,6:53,Zero,4,2,4,--,H,B 1/8,B,1/8,--,--,92,0:46,7:39,Treasure,BOOMR,4,--,1:46,,,,1:44,3:30,29,100,28,24,31,25,
,36,-,,ðºð¸,doogile,,ð,7:38.813,7:40.190,19Â OctÂ 2025,(U),-6371149676202072948,,Yes,7,40,190,460190,https://www.youtube.com/watch?v=HUv4d3f0b0Y,,BT,ð,2x1 Magma,1:17,0:32,1:49,Treasure,02:25,4:14,0:11,4:25,Fort,0:40,5:05,5/7,5,7,0.71,0:11,Yes,2,5:16,Blind,0:43,1,0,0,0,--,--,269,1,0,0,0,0,--,5:16,3:59,3:59,0:46,2:22,3:13,0:54,5:59,OEPR,0:03,2,2,6:02,Perch,3,--,--,3,H,--,--,,--,--,--,1:36,7:38,Treasure,BOOMR,5,--,1:49,,,,2:25,4:14,17,15,40,28,37,28,
,37,-,,ð³ð´,skycrab1,,ð,7:39.953,7:41.343,19Â DecÂ 2025,(U),9053135870907266934,,Yes,7,41,343,461343,https://www.youtube.com/watch?v=9YRVwmSP0e4&list=PLU3_fvoJ1GyMStiA29z37DUPtG47PvOJz&index=162,,BT,â,2x1 Magma,1:31,0:34,2:05,Bridge,02:04,4:09,0:13,4:22,Fort,1:37,6:14,5/13,5,13,0.38,--,No,2,5:39,Calc,0:15,1,0,0,0,5:54,0:16,692,0,1,0,0,0,6:30,5:59,4:28,4:44,0:45,1:40,3:17,0:16,6:30,Prempt,0:14,3,2,6:44,Zero,6,6,6,--,H,F Diag,F,Diag,85,M85,94,0:55,7:39,Bridge,DK,3,--,2:05,,,,2:04,4:09,31,194,43,0,19,55,
,38,21,ð¹ð¿,Kxpow,,,â,7:41.490,7:41.490,05Â OctÂ 2025,(V),3413784149860051440,,Yes,7,41,490,461490,https://www.speedrun.com/mc/runs/y2rqdr6m,,BT,â,Cave Lava,1:39,0:23,2:02,Stables,01:48,3:50,0:39,4:29,Fort,0:54,5:48,6/7,6,7,0.86,--,No,2,5:15,Calc,0:25,1,0,0,0,5:40,0:39,1383,0,0,1,0,0,6:27,5:23,3:44,4:23,1:27,2:18,3:12,0:39,6:27,Prempt,0:23,1,0,6:50,Zero,5,4,5,--,O,B Diag,B,Diag,85,M85,95,0:51,7:41,Stables,GAP,3,--,2:02,,,,1:48,3:50,21,64,11,14,42,14,
,39,22,ð¿ð¦,Airpodsz,,,â,7:43.320,7:43.320,20Â MarÂ 2026,(Q),253105556005796161,,,7,43,320,463320,https://www.youtube.com/watch?v=oivHIFg_uFM,,BT,â,2x1 Magma,1:29,0:40,2:09,Bridge,02:14,4:23,0:15,4:38,Fort,0:49,5:27,5/6,5,6,0.83,0:10,Yes,1,5:37,Blind,0:50,1,0,0,0,--,--,109,1,0,0,0,0,--,5:37,4:08,4:08,1:17,2:06,3:05,1:00,6:27,Prempt,0:27,2,2,6:54,Zero,5,3,5,--,O,B Diag,B,Diag,86,Tall Cage,95,0:49,7:43,Bridge,CRKSMK,3,DBTRPL,2:09,0:43,2:52,1:31,2:14,4:23,21,69,53,11,49,35,
,40,23,ð¬ð§,priffie,,,â,7:43.529,7:43.909,24Â OctÂ 2024,(V),-3978494106932821584,,Yes,7,43,909,463909,https://www.speedrun.com/mc/runs/y6e87kpz,,BT,â,Cave Lava,1:23,0:38,2:01,Stables,01:42,3:43,0:18,4:01,Fort,0:56,4:57,6/10,6,10,0.60,0:15,Yes,1,5:12,Blind,0:40,1,0,0,0,--,--,90,1,0,0,0,0,6:27,5:12,3:49,3:49,1:39,2:31,3:42,0:55,5:52,Prempt,0:59,0,0,6:51,Zero,5,4,5,--,O,F Diag,F,Diag,85,M85,95,0:52,7:43,Stables,DBTRPL,8,DBTRPL,2:01,0:26,2:27,1:16,1:42,3:43,14,107,40,39,27,18,
,41,-,,ð©ð°,Bloopy,,ð,7:44.248,7:44.248,07Â MarÂ 2026,(U),-7077016121021295276,,,7,44,248,464248,https://www.youtube.com/watch?v=1gyyI3VzVgg,,BT,â,2x1 Magma,1:32,0:39,2:11,Housing,01:25,3:36,0:07,3:43,Fort,1:06,4:49,6/7,6,7,0.86,0:11,Yes,2,5:00,Calc,0:32,2,0,0,0,5:32,0:38,1522,0,0,0,1,0,6:10,5:00,3:28,4:06,1:53,2:44,4:01,1:21,6:10,Prempt,0:43,0,0,6:53,Zero,5,4,5,--,O,F Diag,F,Diag,85,M85,95,0:51,7:44,Housing,MANH,5,RUIN,2:11,0:09,2:20,1:23,1:32,3:43,26,92,39,11,39,24,
,42,24,ðºð¸,Zylenox,,,â,7:44.775,7:45.223,12Â MarÂ 2026,(Q),todo,,,7,45,223,465223,https://www.youtube.com/watch?v=hi8zV9Wnris,,BT,ð,Lava Pool,1:16,0:12,1:28,Housing,01:35,3:03,0:28,3:31,Fort,1:27,5:13,5/9,5,9,0.56,--,No,2,4:45,Calc,0:15,1,0,0,0,5:00,0:41,1826,0,0,0,1,0,5:54,4:58,3:42,4:23,1:56,2:46,4:13,0:41,5:54,Prempt,1:00,3,2,6:54,Zero,6,4,6,--,O,B Diag,B,Diag,97,T97,100,0:50,7:44,Housing,MANH,5,--,1:28,0:30,1:58,1:33,2:03,3:31,26,98,12,39,21,21,
,43,25,ð¸ðª,PAPLERR,,,ð,7:45.368,7:45.368,15Â MayÂ 2025,(V),2933743551005337304,,Yes,7,45,368,465368,https://www.speedrun.com/mc/runs/zngk8olm,,BT,ð,2x1 Magma,1:23,0:38,2:01,Bridge,01:44,3:45,0:06,3:51,Fort,1:24,5:34,5/10,5,10,0.50,--,No,2,5:02,Calc,0:19,2,0,1,1,5:21,0:38,1333,0,0,1,0,0,6:12,5:15,3:52,4:30,1:43,2:30,3:54,0:38,6:12,Prempt,0:46,4,3,6:58,Zero,5,3,5,--,O,B 1/8,,,--,--,93,0:47,7:45,Bridge,PAPL,3,,2:01,0:33,2:34,1:17,1:50,3:51,20,73,44,35,32,17,
,44,26,ð«ð·,M4xx,,,â,7:45.390,7:45.390,04Â MarÂ 2026,(Q),805412740251903790,,,7,45,390,465390,https://www.youtube.com/watch?v=dBMHGH7DJCc,,BT,ð,2x1 Magma,1:28,0:15,1:43,Housing,01:43,3:26,0:10,3:36,Fort,1:46,5:34,6/12,6,12,0.50,,No,2,4:34,Calc,0:12,1,1,0,1,4:46,0:28,751,0,1,0,0,0,6:02,5:22,3:54,4:22,1:33,2:23,4:09,0:31,6:05,Prempt,0:50,2,1,6:55,Zero,5,3,5,--,B56,F Diag,,,88,M88,95,0:50,7:45,Housing,MANH,3,MANH,1:43,0:06,1:49,1:49,1:43,,26,100,36,57,20,12,
,45,27,ð¹ð·,Ancoboy,,,â,7:40.016,7:45.590,11Â DecÂ 2025,(V),-5628543556500972011,,,7,45,590,465590,https://www.speedrun.com/mc/runs/yv580x4m,,,,,,,,,,,,,Fort,,,,,,,, ,,,,0:00,,,,,,0:00,,,,,,,,,,,,,,,,,,,,,,,,--,,,,,,,,,,,,,,,,,,,,,,,,,,,
,46,-,,ðºð¸,Zylenox,â,â,7:42.999,7:45.828,07Â FebÂ 2023,(V),7499203634667178692,15,Yes,7,45,828,465828,https://www.speedrun.com/mc/run/zg2q0lny,,,,,,,,,,,,,Fort,,,,,,,,,,,,0:00,,,,,,0:00,,,,,,,,,,,,,,,,,,,,,,,,--,,,,,,,,,,,,,,,,,,,,,,,,,,,
,47,-,,ð®ð±,orachi,,â,7:43.169,7:47.566,08Â JulÂ 2025,(V),4897417229505621926,,Yes,7,47,566,467566,https://www.speedrun.com/mc/runs/me2eeo2m,,,,,,,,,,,,,Fort,,,,,,,,,,,,0:00,,,,,,0:00,,,,,,,,,,,,,,,,,,,,,,,,--,,,,,,,,,,,,,,,,,,,,,,,,,,,
,48,28,ðºð¸,meebie,,,â,7:46.598,7:47.588,23Â NovÂ 2024,(V),-6994443511834809581,,Yes,7,47,588,467588,https://www.speedrun.com/mc/runs/y4lpk63z,,,,,,,,,,,,,Fort,,,,,,,,,,,,0:00,,,,,,0:00,,,,,,,,,,,,,,,,,,,,,,,,--,,,,,,,,,,,,,,,,,,,,,,,,,,,
,49,-,,ð³ð´,skycrab1,,ð,7:48.043,7:48.043,24Â AprÂ 2025,(U),9061699410068612393,,Yes,7,48,43,468043,https://www.youtube.com/watch?v=GoPCnP2PyWo&list=PLU3_fvoJ1GyMStiA29z37DUPtG47PvOJz&index=121,,,,,,,,,,,,,Fort,,,,,,,,,,,,0:00,,,,,,0:00,,,,,,,,,,,,,,,,,,,,,,,,--,,,,,,,,,,,,,,,,,,,,,,,,,,,
,50,-,,ð¦ð¿,KenanKardes,,ð,7:46.865,7:48.393,21Â AugÂ 2025,(U),-11765461984395005,,Yes,7,48,393,468393,https://www.youtube.com/watch?v=iKXaGZ3zmX8,,,,,,,,,,,,,Fort,,,,,,,,,,,,0:00,,,,,,0:00,,,,,,,,,,,,,,,,,,,,,,,,--,,,,,,,,,,,,,,,,,,,,,,,,,,,
,51,-,,ð¹ð¿,Kxpow,,â,7:48.623,7:48.623,09Â JunÂ 2025,(V),692932803524010650,,Yes,7,48,623,468623,https://www.speedrun.com/mc/runs/zpo1xonm,,,,,,,,,,,,,Fort,,,,,,,,,,,,0:00,,,,,,0:00,,,,,,,,,,,,,,,,,,,,,,,,--,,,,,,,,,,,,,,,,,,,,,,,,,,,
,52,29,ð¸ðª,v_strid,,,â,7:49.149,7:49.149,08Â JunÂ 2025,(V),6117620716132541251,,Yes,7,49,149,469149,https://www.speedrun.com/mc/runs/yw2qgp0y,,,,,,,,,,,,,Fort,,,,,,,,,,,,0:00,,,,,,0:00,,,,,,,,,,,,,,,,,,,,,,,,--,,,,,,,,,,,,,,,,,,,,,,,,,,,
,53,-,,ðºð¸,doogile,,ð,7:48.748,7:50.206,29Â FebÂ 2024,(U),8277071365134778012,,Yes,7,50,206,470206,https://www.youtube.com/watch?v=ktTRyL2JWz0,,,,,,,,,,,,,,,,,,,,,,,,,0:00,,,,,,0:00,,,,,,,,,,,,,,,,,,,,,,,,--,,,,,,,,,,,,,,,,,,,,,,,,,,,
,54,-,,ð¬ð§,priffie,,â,7:50.291,7:50.291,05Â JunÂ 2024,(V),6555576914548637179,,Yes,7,50,291,470291,https://www.speedrun.com/mc/runs/ywg2ldnz,,,,,,,,,,,,,,,,,,,,,,,,,0:00,,,,,,0:00,,,,,,,,,,,,,,,,,,,,,,,,--,,,,,,,,,,,,,,,,,,,,,,,,,,,
,55,-,,ð³ð´,skycrab1,,ð,7:50.670,7:50.670,18Â NovÂ 2024,(U),-1765111318942208381,,Yes,7,50,670,470670,https://www.youtube.com/watch?v=JfVKj2Nz5vE&list=PLU3_fvoJ1GyMStiA29z37DUPtG47PvOJz&index=97,,,,,,,,,,,,,,,,,,,,,,,,,0:00,,,,,,0:00,,,,,,,,,,,,,,,,,,,,,,,,--,,,,,,,,,,,,,,,,,,,,,,,,,,,
,56,-,,ðºð¸,doogile,,â,7:50.112,7:51.014,21Â JunÂ 2023,(V),291596226023214174,15,Yes,7,51,14,471014,https://www.speedrun.com/mc/run/zgedgrvy,,,,,,,,,,,,,,,,,,,,,,,,,0:00,,,,,,0:00,,,,,,,,,,,,,,,,,,,,,,,,--,,,,,,,,,,,,,,,,,,,,,,,,,,,
,57,30,ð¦ðº,mikky_,,,â,7:51.104,7:51.620,19Â SepÂ 2024,(V),-7641908410120115826,,Yes,7,51,620,471620,https://www.speedrun.com/mc/runs/ydljp8jz,,,,,,,,,,,,,,,,,,,,,,,,,0:00,,,,,,0:00,,,,,,,,,,,,,,,,,,,,,,,,--,,,,,,,,,,,,,,,,,,,,,,,,,,,
,58,31,,BlazeMind,,,â,7:49.832,7:51.665,27Â JanÂ 2026,(Q),tbd,,,7,51,665,471665,https://www.youtube.com/watch?v=0e-OYyUWBT0,,,,,,,,,,,,,,,,,,,,,,,,,0:00,,,,,,0:00,,,,,,,,,,,,,,,,,,,,,,,,--,,,,,,,,,,,,,,,,,,,,,,,,,,,
,59,-,,ð³ð´,skycrab1,,ð,7:51.826,7:51.826,25Â DecÂ 2024,(U),-7679264656588706480,,Yes,7,51,826,471826,https://www.youtube.com/watch?v=Nag0tKfRWgc&list=PLU3_fvoJ1GyMStiA29z37DUPtG47PvOJz&index=106,,,,,,,,,,,,,,,,,,,,,,,,,0:00,,,,,,0:00,,,,,,,,,,,,,,,,,,,,,,,,--,,,,,,,,,,,,,,,,,,,,,,,,,,,
,60,-,,ð¨ð¦,Jay12310,,ð,7:52.961,7:52.961,14Â MarÂ 2026,(U),unknown,,,7,52,961,472961,https://www.youtube.com/watch?v=z39xlzHCJik,,,,,,,,,,,,,,,,,,,,,,,,,0:00,,,,,,0:00,,,,,,,,,,,,,,,,,,,,,,,,,,,,,,,,,,,,,,,,,,,,,,,,,,,
,61,-,,ð³ð´,skycrab1,,ð,7:52.279,7:53.490,14Â MayÂ 2024,(U),3412336035458832291,,Yes,7,53,490,473490,https://www.youtube.com/watch?v=zY_QWRWxGE0&list=PLU3_fvoJ1GyMStiA29z37DUPtG47PvOJz&index=20,,,,,,,,,,,,,,,,,,,,,,,,,0:00,,,,,,0:00,,,,,,,,,,,,,,,,,,,,,,,,--,,,,,,,,,,,,,,,,,,,,,,,,,,,
,62,-,,ðºð¸,meebie,,ð,7:50.698,7:53.506,28Â JunÂ 2025,(U),5748636184496198066,,Yes,7,53,506,473506,https://www.youtube.com/watch?v=giuYrUlLBq8,,,,,,,,,,,,,,,,,,,,,,,,,0:00,,,,,,0:00,,,,,,,,,,,,,,,,,,,,,,,,--,,,,,,,,,,,,,,,,,,,,,,,,,,,
,63,32,ð¹ð·,ulsahin,,,â,7:51.545,7:53.512,24Â OctÂ 2025,(V),7066468390795139054,,Yes,7,53,512,473512,https://www.speedrun.com/mc/runs/mr5kp38y,,,,,,,,,,,,,,,,,,,,,,,,,0:00,,,,,,0:00,,,,,,,,,,,,,,,,,,,,,,,,--,,,,,,,,,,,,,,,,,,,,,,,,,,,
,64,-,,ðºð¸,doogile,,ð,7:52.863,7:53.548,27Â JanÂ 2024,(U),-2273417716457818411,18,Yes,7,53,548,473548,https://www.youtube.com/watch?v=E-qMOVRq0Go,,,,,,,,,,,,,,,,,,,,,,,,,0,,,,,,0:00,,,,,,,,,,,,,,,,,,,,,,,,--,,,,,,,,,,,,,,,,,,,,,,,,,,,
,65,-,,ð³ð´,skycrab1,,ð,7:45.964,7:53.929,23Â OctÂ 2025,(U),5643603245218707817,,Yes,7,53,929,473929,https://www.youtube.com/watch?v=zg_t8sgrqFk&list=PLU3_fvoJ1GyMStiA29z37DUPtG47PvOJz&index=147,,,,,,,,,,,,,,,,,,,,,,,,,0,,,,,,0:00,,,,,,,,,,,,,,,,,,,,,,,,--,,,,,,,,,,,,,,,,,,,,,,,,,,,
,66,-,,ð³ð´,skycrab1,,ð,7:52.279,7:53.490,14Â MayÂ 2024,(U),-3412336035458832291,,,7,53,490,473490,https://www.youtube.com/watch?v=zY_QWRWxGE0&list=PLU3_fvoJ1GyMStiA29z37DUPtG47PvOJz&index=20,,,,,,,,,,,,,,,,,,,,,,,,,0,,,,,,0:00,,,,,,,,,,,,,,,,,,,,,,,,--,,,,,,,,,,,,,,,,,,,,,,,,,,,
,67,-,,ðºð¸,Infume,,ð,7:53.848,7:53.848,23Â JulÂ 2025,(U),unknown,,,7,53,848,473848,https://www.youtube.com/watch?v=dpJWEh0YCUo&list=PLNlBsWHYU3zCJ5XoAac-T3YF54AvqfXXn&index=22,,,,,,,,,,,,,,,,,,,,,,,,,0,,,,,,0:00,,,,,,,,,,,,,,,,,,,,,,,,--,,,,,,,,,,,,,,,,,,,,,,,,,,,
,68,33,ð¸ðª,ANJOUU,,,â,7:54.143,7:54.143,28Â AprÂ 2025,(V),5590192376632660897,,Yes,7,54,143,474143,https://www.speedrun.com/mc/runs/y6j7vnpm,,,,,,,,,,,,,,,,,,,,,,,,,0,,,,,,0:00,,,,,,,,,,,,,,,,,,,,,,,,--,,,,,,,,,,,,,,,,,,,,,,,,,,,
,69,34,ð©ðª,Blad_d,,,â,7:52.310,7:54.145,14Â AprÂ 2025,(V),-4813633027442683952,,Yes,7,54,145,474145,https://www.speedrun.com/mc/runs/zgj4w4dz,,,,,,,,,,,,,,,,,,,,,,,,,0,,,,,,0:00,,,,,,,,,,,,,,,,,,,,,,,,--,,,,,,,,,,,,,,,,,,,,,,,,,,,
,70,35,ð­ð·,Mar1n,,,â,7:55.128,7:55.128,22Â JunÂ 2025,(V),-7684621580507828677,,Yes,7,55,128,475128,https://www.speedrun.com/mc/runs/m7lwl84y,,,,,,,,,,,,,,,,,,,,,,,,,0,,,,,,0:00,,,,,,,,,,,,,,,,,,,,,,,,--,,,,,,,,,,,,,,,,,,,,,,,,,,,
,71,-,,ðºð¸,meebie,,ð,7:55.456,7:55.456,07Â JunÂ 2025,(U),3603293482983366385,,Yes,7,55,456,475456,https://www.youtube.com/watch?v=caV9b4ltoSQ,,,,,,,,,,,,,,,,,,,,,,,,,0,,,,,,0:00,,,,,,,,,,,,,,,,,,,,,,,,--,,,,,,,,,,,,,,,,,,,,,,,,,,,
,72,-,,ðºð¸,Zylenox,,ð,7:52.850,7:55.550,22Â AprÂ 2025,(U),-4019650266393698573,,Yes,7,55,550,475550,http://youtube.com/watch?v=aEZQAJ5LhgA&list=PLZ59bMb0zBUSR6W9smbN1LDkQJlGfPEUk&index=51,,,,,,,,,,,,,,,,,,,,,,,,,0,,,,,,0:00,,,,,,,,,,,,,,,,,,,,,,,,--,,,,,,,,,,,,,,,,,,,,,,,,,,,
,73,36,ðµð±,pardonmc,,,â,7:55.683,7:55.683,17Â JulÂ 2025,(V),6664192904935921173,,Yes,7,55,683,475683,https://www.speedrun.com/mc/runs/yd4j7evy,,,,,,,,,,,,,,,,,,,,,,,,,0,,,,,,0:00,,,,,,,,,,,,,,,,,,,,,,,,--,,,,,,,,,,,,,,,,,,,,,,,,,,,
,74,-,,ð©ð°,Bloopy,,ð,7:52.588,7:55.999,02Â JunÂ 2025,(U),-1088594931172127368,,,7,55,999,475999,https://www.youtube.com/watch?v=lAD-2zBAaWk,,,,,,,,,,,,,,,,,,,,,,,,,0,,,,,,0:00,,,,,,,,,,,,,,,,,,,,,,,,--,,,,,,,,,,,,,,,,,,,,,,,,,,,
,75,37,ð³ð±,HDMICables,,,â,7:55.623,7:56.598,07Â MayÂ 2025,(V),-2481499363875064100,,Yes,7,56,598,476598,https://www.speedrun.com/mc/runs/yd437kxy,,,,,,,,,,,,,,,,,,,,,,,,,0,,,,,,0:00,,,,,,,,,,,,,,,,,,,,,,,,--,,,,,,,,,,,,,,,,,,,,,,,,,,,
,76,-,,ðµð±,okshey,,â,7:56.752,7:56.752,17Â FebÂ 2026,(Q),-6419209590101822881,,,7,56,752,476752,https://www.youtube.com/watch?v=htI0L1pBEV0,,,,,,,,,,,,,,,,,,,,,,,,,0,,,,,,0:00,,,,,,,,,,,,,,,,,,,,,,,,--,,,,,,,,,,,,,,,,,,,,,,,,,,,
,77,-,,ð©ðª,jason_n,,ð,7:56.903,7:56.903,16Â MayÂ 2025,(U),8174323531600874073,,Yes,7,56,903,476903,https://www.youtube.com/watch?v=mEjUzh-nDqI,,,,,,,,,,,,,,,,,,,,,,,,,0,,,,,,0:00,,,,,,,,,,,,,,,,,,,,,,,,--,,,,,,,,,,,,,,,,,,,,,,,,,,,
,78,-,,ð³ð´,skycrab1,,ð,7:56.326,7:58.380,20Â SepÂ 2024,(U),-630318768044632099,,Yes,7,58,380,478380,https://www.youtube.com/watch?v=5xFvTb5MDmQ&list=PLU3_fvoJ1GyMStiA29z37DUPtG47PvOJz&index=71,,,,,,,,,,,,,,,,,,,,,,,,,0,,,,,,0:00,,,,,,,,,,,,,,,,,,,,,,,,--,,,,,,,,,,,,,,,,,,,,,,,,,,,
,79,-,,ð¨ð¦,Aquacorde,,â,7:57.023,7:57.023,14Â MarÂ 2025,(V),5239949107527415069,,Yes,7,57,23,477023,https://www.speedrun.com/mc/runs/y9pe59em,,,,,,,,,,,,,,,,,,,,,,,,,0,,,,,,0:00,,,,,,,,,,,,,,,,,,,,,,,,--,,,,,,,,,,,,,,,,,,,,,,,,,,,
,80,-,,ð¿ð¦,Airpodsz,,â,7:57.301,7:57.301,20Â OctÂ 2025,(V),1950744630814396345,,Yes,7,57,301,477301,https://www.speedrun.com/mc/runs/z175257z,,,,,,,,,,,,,,,,,,,,,,,,,0,,,,,,0:00,,,,,,,,,,,,,,,,,,,,,,,,--,,,,,,,,,,,,,,,,,,,,,,,,,,,
,81,-,,ð«ð®,sadekeppi,,â,7:56.839,7:57.450,21Â FebÂ 2025,(V),-8774410482674782880,,Yes,7,57,450,477450,https://www.speedrun.com/mc/runs/zpkp2jvy,,,,,,,,,,,,,,,,,,,,,,,,,0,,,,,,0:00,,,,,,,,,,,,,,,,,,,,,,,,--,,,,,,,,,,,,,,,,,,,,,,,,,,,
,82,-,,ð¨ð¦,Jay12310,,ð,7:57.965,7:57.965,25Â DecÂ 2025,(U),unknown,,Yes,7,57,965,477965,https://www.youtube.com/watch?v=Dsok_v8zWzA&list=PLZ59bMb0zBUSR6W9smbN1LDkQJlGfPEUk,,,,,,,,,,,,,,,,,,,,,,,,,0,,,,,,0:00,,,,,,,,,,,,,,,,,,,,,,,,--,,,,,,,,,,,,,,,,,,,,,,,,,,,
,83,38,ðµð±,MattyLopez,,,â,7:58.102,7:58.102,01Â MarÂ 2025,(V),-7204778880031266135,,Yes,7,58,102,478102,https://www.speedrun.com/mc/runs/z08d87jm,,,,,,,,,,,,,,,,,,,,,,,,,0,,,,,,0:00,,,,,,,,,,,,,,,,,,,,,,,,--,,,,,,,,,,,,,,,,,,,,,,,,,,,
,84,39,ð¨ð¿,kohout135,,,â,7:57.901,7:58.328,16Â JunÂ 2025,(V),505133867771410090,,Yes,7,58,328,478328,https://www.speedrun.com/mc/runs/yd4epqwy,,,,,,,,,,,,,,,,,,,,,,,,,0,,,,,,0:00,,,,,,,,,,,,,,,,,,,,,,,,--,,,,,,,,,,,,,,,,,,,,,,,,,,,
,85,-,,ð©ð°,Bloopy,,ð,7:58.540,7:58.540,04Â FebÂ 2025,(U),9020295482724158911,,,7,58,540,478540,https://www.youtube.com/watch?v=rB_AjEUIYWE,,,,,,,,,,,,,,,,,,,,,,,,,0,,,,,,0:00,,,,,,,,,,,,,,,,,,,,,,,,--,,,,,,,,,,,,,,,,,,,,,,,,,,,
,86,40,ð¦ðº,bigbigmongey,,,â,7:58.900,7:59.372,20Â OctÂ 2025,(V),4336613090571479730,,Yes,7,59,372,479372,https://www.speedrun.com/mc/runs/zn5kqqvz,,,,,,,,,,,,,,,,,,,,,,,,,0,,,,,,0:00,,,,,,,,,,,,,,,,,,,,,,,,--,,,,,,,,,,,,,,,,,,,,,,,,,,,
,87,41,ðºð¦,dinonuggieboi,,,â,7:58.082,7:59.376,10Â MayÂ 2025,(V),4495867891036383676,,Yes,7,59,376,479376,https://www.speedrun.com/mc/runs/z16jpxwm,,,,,,,,,,,,,,,,,,,,,,,,,0,,,,,,0:00,,,,,,,,,,,,,,,,,,,,,,,,--,,,,,,,,,,,,,,,,,,,,,,,,,,,
,88,-,,ðºð¸,Infume,,â,7:59.698,7:59.698,08Â MayÂ 2025,(V),1457025420686153641,,Yes,7,59,698,479698,https://www.speedrun.com/mc/runs/yd4634jy,,,,,,,,,,,,,,,,,,,,,,,,,0,,,,,,0:00,,,,,,,,,,,,,,,,,,,,,,,,--,,,,,,,,,,,,,,,,,,,,,,,,,,,
,89,-,,ð¨ð¦,Aquacorde,,ð,7:59.882,8:00.035,19Â AugÂ 2025,(U),-6415662147603823754,,,8,0,35,480035,https://www.youtube.com/watch?v=WdnsDM7UisA,,,,,,,,,,,,,,,,,,,,,,,,,0,,,,,,0:00,,,,,,,,,,,,,,,,,,,,,,,,--,,,,,,,,,,,,,,,,,,,,,,,,,,,
,90,-,,ð¦ðº,bigbigmongey,,â,7:58.808,8:00.202,05Â MayÂ 2025,(V),1438072232147069823 ,,,8,0,202,480202,https://www.speedrun.com/mc/runs/yd43n2xy,,,,,,,,,,,,,,,,,,,,,,,,,0,,,,,,0:00,,,,,,,,,,,,,,,,,,,,,,,,,,,,,,,,,,,,,,,,,,,,,,,,,,,
,91,-,,ðµð±,watermelon1708,,ð,8:00.245,8:00.245,18Â MarÂ 2026,(U),unknown,,,8,0,245,480245,https://www.youtube.com/watch?v=P99-S3NPS-k,,,,,,,,,,,,,,,,,,,,,,,,,0,,,,,,0:00,,,,,,,,,,,,,,,,,,,,,,,,,,,,,,,,,,,,,,,,,,,,,,,,,,,
,92,42,ð¦ð¹,Mescht,,,â,8:00.384,8:00.384,09Â AprÂ 2025,(V),8206887781532841360,,Yes,8,0,384,480384,https://www.speedrun.com/mc/runs/mko6ex3z,,,,,,,,,,,,,,,,,,,,,,,,,0,,,,,,0:00,,,,,,,,,,,,,,,,,,,,,,,,--,,,,,,,,,,,,,,,,,,,,,,,,,,,
,93,-,,ðºð¸,meebie,,â,8:00.427,8:00.427,20Â AprÂ 2024,(U),unknown,,,8,0,427,480427,https://www.youtube.com/watch?v=lSiuiiMRays&list=PLaTJSsRuu2Ufk7cX7bUTt9V-IJxa8wqSM&index=14,,,,,,,,,,,,,,,,,,,,,,,,,30Â DecÂ '99,,,,,,0:00,,,,,,,,,,,,,,,,,,,,,,,,,,,,,,,,,,,,,,,,,,,,,,,,,,,
,94,-,,ð©ðª,jason_n,,ð,8:00.870,8:00.870,15Â JunÂ 2025,(U),see video,,,8,0,870,480870,https://www.youtube.com/watch?v=WU1fSPhJGAk,,,,,,,,,,,,,,,,,,,,,,,,,30Â DecÂ '99,,,,,,0:00,,,,,,,,,,,,,,,,,,,,,,,,--,,,,,,,,,,,,,,,,,,,,,,,,,,,
,95,-,,ðºð¸,meebie,,â,8:00.927,8:00.927,10Â DecÂ 2023,(V),698408566767839427,,,8,0,927,480927,https://www.youtube.com/watch?v=PUuvT8h96hI&list=PLaTJSsRuu2Ufk7cX7bUTt9V-IJxa8wqSM&index=9,,,,,,,,,,,,,,,,,,,,,,,,,30Â DecÂ '99,,,,,,0:00,,,,,,,,,,,,,,,,,,,,,,,,--,,,,,,,,,,,,,,,,,,,,,,,,,,,
,96,-,,ð¹ð¿,Kxpow,,â,7:58.526,8:00.969,20Â JulÂ 2024,(V),-2313608296694412917,,,8,0,969,480969,https://www.speedrun.com/mc/runs/y8p9gwxz,,,,,,,,,,,,,,,,,,,,,,,,,30Â DecÂ '99,,,,,,0:00,,,,,,,,,,,,,,,,,,,,,,,,,,,,,,,,,,,,,,,,,,,,,,,,,,,
,97,43,ðºð¸,thecamo6,,,â,8:00.680,8:01.217,28Â MayÂ 2024,(V),8027147372185455800,,,8,1,217,481217,https://www.speedrun.com/mc/runs/mel636qz,,,,,,,,,,,,,,,,,,,,,,,,,30Â DecÂ '99,,,,,,0:00,,,,,,,,,,,,,,,,,,,,,,,,--,,,,,,,,,,,,,,,,,,,,,,,,,,,
,98,44,ðºð¦,7rowl,,,â,8:00.564,8:01.225,19Â JulÂ 2024,(V),4542168202417465956,,,8,1,225,481225,https://www.speedrun.com/mc/runs/y4l3p3qz,,,,,,,,,,,,,,,,,,,,,,,,,30Â DecÂ '99,,,,,,0:00,,,,,,,,,,,,,,,,,,,,,,,,--,,,,,,,,,,,,,,,,,,,,,,,,,,,
,99,-,,ð©ðª,jason_n,,ð,8:01.271,8:01.271,25Â OctÂ 2024,(U),-8000908414180372217,,,8,1,271,481271,https://www.youtube.com/watch?v=VmnT8lICQ94,,,,,,,,,,,,,,,,,,,,,,,,,30Â DecÂ '99,,,,,,0:00,,,,,,,,,,,,,,,,,,,,,,,,--,,,,,,,,,,,,,,,,,,,,,,,,,,,
,100,45,ð§ðª,boyenn,,,â,7:59.551,8:01.422,08Â JunÂ 2025,(V),254566834946075032,,,8,1,422,481422,https://www.speedrun.com/mc/runs/z00rj59z,,,,,,,,,,,,,,,,,,,,,,,,,30Â DecÂ '99,,,,,,0:00,,,,,,,,,,,,,,,,,,,,,,,,--,,,,,,,,,,,,,,,,,,,,,,,,,,,
,101,46,ð«ð®,iluappi,,,â,7:59.559,8:01.633,15Â OctÂ 2025,(V),-1502625211715149134,,,8,1,633,481633,https://www.speedrun.com/mc/runs/y4016j2z,,,,,,,,,,,,,,,,,,,,,,,,,30Â DecÂ '99,,,,,,0:00,,,,,,,,,,,,,,,,,,,,,,,,--,,,,,,,,,,,,,,,,,,,,,,,,,,,
,102,-,,ð¬ð§,priffie,,â,8:03.241,8:03.241,03Â DecÂ 2023,(V),-4868324554498692300,12,Yes,8,3,241,483241,https://www.speedrun.com/mc/run/yoole61y,,,,,,,,,,,,,,,,,,,,,,,,,30Â DecÂ '99,,,,,,0:00,,,,,,,,,,,,,,,,,,,,,,,,--,,,,,,,,,,,,,,,,,,,,,,,,,,,
,103,-,,ð³ð´,skycrab1,,ð,8:03.337,8:03.337,17Â JunÂ 2025,(U),-4304452735829751506,,,8,3,337,483337,https://www.youtube.com/watch?v=ul-SUoNx_XU&list=PLU3_fvoJ1GyMStiA29z37DUPtG47PvOJz&index=131,,,,,,,,,,,,,,,,,,,,,,,,,30Â DecÂ '99,,,,,,0:00,,,,,,,,,,,,,,,,,,,,,,,,--,,,,,,,,,,,,,,,,,,,,,,,,,,,
,104,47,,Tenes9999,,,â,8:03.631,8:03.631,16Â MayÂ 2025,(V),-7442337813042441622,,,8,3,631,483631,https://www.speedrun.com/mc/runs/zngk3x8m,,,,,,,,,,,,,,,,,,,,,,,,,30Â DecÂ '99,,,,,,0:00,,,,,,,,,,,,,,,,,,,,,,,,--,,,,,,,,,,,,,,,,,,,,,,,,,,,
,105,-,,ð¸ðª,PAPLERR,,â,8:04.190,8:04.190,26Â JanÂ 2025,(V),-5524626450736366561,,,8,4,190,484190,https://www.speedrun.com/mc/runs/m3w6egwy,,,,,,,,,,,,,,,,,,,,,,,,,30Â DecÂ '99,,,,,,0:00,,,,,,,,,,,,,,,,,,,,,,,,,,,,,,,,,,,,,,,,,,,,,,,,,,,
,106,-,,ð³ð´,skycrab1,,ð,8:04.394,8:04.394,30Â SepÂ 2025,(U),see video,,,8,4,394,484394,https://www.youtube.com/watch?v=xW_pib-H4zw&list=PLU3_fvoJ1GyMStiA29z37DUPtG47PvOJz&index=143,,,,,,,,,,,,,,,,,,,,,,,,,30Â DecÂ '99,,,,,,0:00,,,,,,,,,,,,,,,,,,,,,,,,--,,,,,,,,,,,,,,,,,,,,,,,,,,,
,107,-,,ð¨ð¦,Jay12310,,ð,8:04.480,8:04.480,26Â JanÂ 2025,(U),unknown,,,8,4,480,484480,https://www.youtube.com/watch?v=jjYvP5zAbZg&list=PLaTJSsRuu2UcsiC6KEkJwrGp1GaGgPoVG&index=5,,,,,,,,,,,,,,,,,,,,,,,,,30Â DecÂ '99,,,,,,0:00,,,,,,,,,,,,,,,,,,,,,,,,--,,,,,,,,,,,,,,,,,,,,,,,,,,,
,108,48,ð§ð·,brahmaquente,,,â,8:01.509,8:04.797,12Â MayÂ 2025,(V),4176313215067158543,,,8,4,797,484797,https://www.speedrun.com/mc/runs/y4nwjk3m,,,,,,,,,,,,,,,,,,,,,,,,,30Â DecÂ '99,,,,,,0:00,,,,,,,,,,,,,,,,,,,,,,,,,,,,,,,,,,,,,,,,,,,,,,,,,,,
,109,-,,ðºð¦,7rowl,,â,8:04.491,8:05.070,13Â MayÂ 2024,(U),3390807343358437717,,,8,5,70,485070,https://www.youtube.com/watch?v=1KMm0eJPRws,,,,,,,,,,,,,,,,,,,,,,,,,30Â DecÂ '99,,,,,,0:00,,,,,,,,,,,,,,,,,,,,,,,,--,,,,,,,,,,,,,,,,,,,,,,,,,,,
,110,49,ð§ð¬,BlindTravel,,,â,8:03.959,8:05.167,10Â MayÂ 2025,(V),3979016117801702341,,,8,5,167,485167,https://www.speedrun.com/mc/runs/y8g1jl5z,,,,,,,,,,,,,,,,,,,,,,,,,30Â DecÂ '99,,,,,,0:00,,,,,,,,,,,,,,,,,,,,,,,,,,,,,,,,,,,,,,,,,,,,,,,,,,,
,111,-,,ð¸ðª,v_strid,,â,8:04.428,8:05.428,05Â FebÂ 2025,(V),-5544842606483643213,,,8,5,428,485428,https://www.speedrun.com/mc/runs/z5lxpqny,,,,,,,,,,,,,,,,,,,,,,,,,30Â DecÂ '99,,,,,,0:00,,,,,,,,,,,,,,,,,,,,,,,,,,,,,,,,,,,,,,,,,,,,,,,,,,,
,112,-,,ð³ð´,skycrab1,,ð,8:05.447,8:05.447,13Â JulÂ 2025,(U),8311211913392066784,,,8,5,447,485447,https://www.youtube.com/watch?v=MPlhH010LdE&list=PLU3_fvoJ1GyMStiA29z37DUPtG47PvOJz&index=133,,,,,,,,,,,,,,,,,,,,,,,,,30Â DecÂ '99,,,,,,0:00,,,,,,,,,,,,,,,,,,,,,,,,--,,,,,,,,,,,,,,,,,,,,,,,,,,,
,113,-,,ðºð¦,loodlow,,â,8:02.631,8:05.732,30Â JunÂ 2025,(V),6502082647557812063,,,8,5,732,485732,https://www.speedrun.com/mc/runs/z16gg09m,,,,,,,,,,,,,,,,,,,,,,,,,30Â DecÂ '99,,,,,,0:00,,,,,,,,,,,,,,,,,,,,,,,,--,,,,,,,,,,,,,,,,,,,,,,,,,,,
,114,-,,ðµð±,watermelon1708,,â,8:03.854,8:07.194,06Â JulÂ 2025,(V),9122600350394059007,,,8,7,194,487194,https://www.speedrun.com/mc/runs/yw2v45ny,,,,,,,,,,,,,,,,,,,,,,,,,30Â DecÂ '99,,,,,,0:00,,,,,,,,,,,,,,,,,,,,,,,,--,,,,,,,,,,,,,,,,,,,,,,,,,,,
,115,-,,ð©ðª,jason_n,,ð,8:07.349,8:07.349,10Â JunÂ 2025,(U),6183710647574302652,,,8,7,349,487349,https://www.youtube.com/watch?v=Logr5V0QDDk,,,,,,,,,,,,,,,,,,,,,,,,,30Â DecÂ '99,,,,,,0:00,,,,,,,,,,,,,,,,,,,,,,,,--,,,,,,,,,,,,,,,,,,,,,,,,,,,
,116,-,,ð¸ðª,PAPLERR,,â,8:07.689,8:07.689,28Â MayÂ 2025,(V),-2052078032780233310,,,8,7,689,487689,https://www.speedrun.com/mc/runs/y22nr37y,,,,,,,,,,,,,,,,,,,,,,,,,30Â DecÂ '99,,,,,,0:00,,,,,,,,,,,,,,,,,,,,,,,,,,,,,,,,,,,,,,,,,,,,,,,,,,,
,117,50,ð¨ð³,Acactus_,,,â,8:05.297,8:08.421,23Â FebÂ 2024,(V),6832552403849051699,,,8,8,421,488421,https://www.speedrun.com/mc/runs/zn28n27z,,,,,,,,,,,,,,,,,,,,,,,,,30Â DecÂ '99,,,,,,0:00,,,,,,,,,,,,,,,,,,,,,,,,,,,,,,,,,,,,,,,,,,,,,,,,,,,
,118,51,ð®ð±,sagi_enderman,,,â,8:05.180,8:08.427,24Â JanÂ 2024,(V),-1127568643405241248,,,8,8,427,488427,https://www.speedrun.com/mc/runs/zqdn2l1m,,,,,,,,,,,,,,,,,,,,,,,,,30Â DecÂ '99,,,,,,0:00,,,,,,,,,,,,,,,,,,,,,,,,--,,,,,,,,,,,,,,,,,,,,,,,,,,,
,119,52,ð«ð®,Lathil,,,â,8:08.473,8:08.473,14Â AprÂ 2025,(V),-1308536743164996263,,,8,8,473,488473,https://www.speedrun.com/mc/runs/ylpgo0rm,,,,,,,,,,,,,,,,,,,,,,,,,30Â DecÂ '99,,,,,,0:00,,,,,,,,,,,,,,,,,,,,,,,,,,,,,,,,,,,,,,,,,,,,,,,,,,,
,120,-,,ðºð¸,meebie,,ð,8:09.030,8:09.030,16Â OctÂ 2025,(U),unknown,,,8,9,30,489030,https://www.youtube.com/watch?v=uZ1E_scaXFA&list=PLaTJSsRuu2Ufk7cX7bUTt9V-IJxa8wqSM&index=20,,,,,,,,,,,,,,,,,,,,,,,,,30Â DecÂ '99,,,,,,0:00,,,,,,,,,,,,,,,,,,,,,,,,,,,,,,,,,,,,,,,,,,,,,,,,,,,
,121,-,,ð©ðª,jason_n,,â,8:10.305,8:10.305,12Â MayÂ 2024,(V),-8081672849157921881,,,8,10,305,490305,https://www.speedrun.com/mc/runs/y46kvjnz,,,,,,,,,,,,,,,,,,,,,,,,,30Â DecÂ '99,,,,,,0:00,,,,,,,,,,,,,,,,,,,,,,,,--,,,,,,,,,,,,,,,,,,,,,,,,,,,
,122,-,,ðºð¸,meebie,,â,8:09.372,8:10.419,07Â JulÂ 2023,(V),-4538563713628989532,12,Yes,8,10,419,490419,https://www.speedrun.com/mc/run/zge2pn0y,,,,,,,,,,,,,,,,,,,,,,,,,30Â DecÂ '99,,,,,,0:00,,,,,,,,,,,,,,,,,,,,,,,,--,,,,,,,,,,,,,,,,,,,,,,,,,,,
,123,-,,ð¸ð°,NoFear1337,,ð,7:47.229,8:10.447,27Â DecÂ 2023,(U),unknown,16,Yes,8,10,447,490447,https://www.youtube.com/watch?v=GFz5UcBTrAk,,,,,,,,,,,,,,,,,,,,,,,,,30Â DecÂ '99,,,,,,0:00,,,,,,,,,,,,,,,,,,,,,,,,--,,,,,,,,,,,,,,,,,,,,,,,,,,,
,124,-,,ð³ð´,skycrab1,,ð,8:09.558,8:10.528,23Â JunÂ 2024,(U),-6343411097658357214,,,8,10,528,490528,https://www.youtube.com/watch?v=pmNaJCUang0&list=PLU3_fvoJ1GyMStiA29z37DUPtG47PvOJz&index=38,,,,,,,,,,,,,,,,,,,,,,,,,30Â DecÂ '99,,,,,,0:00,,,,,,,,,,,,,,,,,,,,,,,,--,,,,,,,,,,,,,,,,,,,,,,,,,,,
,125,53,ð¬ð§,Steez,,,â,8:10.112,8:10.627,14Â AugÂ 2025,(V),-550357973299006184,,,8,10,627,490627,https://www.speedrun.com/mc/runs/y4nn06nm,,,,,,,,,,,,,,,,,,,,,,,,,30Â DecÂ '99,,,,,,0:00,,,,,,,,,,,,,,,,,,,,,,,,,,,,,,,,,,,,,,,,,,,,,,,,,,,
,126,-,,ð¨ð¦,Aquacorde,,ð,8:10.818,8:10.818,15Â JulÂ 2025,(U),5155476148031295835,,,8,10,818,490818,https://www.youtube.com/watch?v=m5GWURA89ts,,,,,,,,,,,,,,,,,,,,,,,,,30Â DecÂ '99,,,,,,0:00,,,,,,,,,,,,,,,,,,,,,,,,--,,,,,,,,,,,,,,,,,,,,,,,,,,,
,127,-,,ð³ð´,skycrab1,,ð,8:10.890,8:10.890,06Â JanÂ 2025,(U),-7855142198495008899,,,8,10,890,490890,https://www.youtube.com/watch?v=__bACJwOlow&list=PLU3_fvoJ1GyMStiA29z37DUPtG47PvOJz&index=107,,,,,,,,,,,,,,,,,,,,,,,,,30Â DecÂ '99,,,,,,0:00,,,,,,,,,,,,,,,,,,,,,,,,--,,,,,,,,,,,,,,,,,,,,,,,,,,,
,128,-,,ð³ð´,skycrab1,,ð,8:10.497,8:11.103,07Â FebÂ 2026,(U),unknown,,,8,11,103,491103,https://www.youtube.com/watch?v=c8Pr_8UkxF0&list=PLU3_fvoJ1GyMStiA29z37DUPtG47PvOJz&index=167,,,,,,,,,,,,,,,,,,,,,,,,,30Â DecÂ '99,,,,,,0:00,,,,,,,,,,,,,,,,,,,,,,,,,,,,,,,,,,,,,,,,,,,,,,,,,,,
,129,-,,ð§ð·,brahmaquente,,â,8:07.405,8:11.357,30Â JulÂ 2024,(V),468064970823174801,,,8,11,357,491357,https://www.speedrun.com/mc/runs/meg6x50y,,,,,,,,,,,,,,,,,,,,,,,,,30Â DecÂ '99,,,,,,0:00,,,,,,,,,,,,,,,,,,,,,,,,,,,,,,,,,,,,,,,,,,,,,,,,,,,
,130,-,,ð©ð°,Bloopy,,ð,8:11.720,8:11.720,07Â MarÂ 2026,(U),6328234340742294275,,,8,11,720,491720,https://www.youtube.com/watch?v=_3NI29jbOy0,,,,,,,,,,,,,,,,,,,,,,,,,30Â DecÂ '99,,,,,,0:00,,,,,,,,,,,,,,,,,,,,,,,,,,,,,,,,,,,,,,,,,,,,,,,,,,,
,131,-,,ðºð¸,itsnahan,,â,8:11.731,8:12.061,26Â SepÂ 2024,(V),8580381741511547234,,,8,12,61,492061,https://www.speedrun.com/mc/runs/ydl27rxz,,,,,,,,,,,,,,,,,,,,,,,,,30Â DecÂ '99,,,,,,0:00,,,,,,,,,,,,,,,,,,,,,,,,,,,,,,,,,,,,,,,,,,,,,,,,,,,
,132,54,ð·ð´,tudorule,,,â,8:08.070,8:12.219,03Â MayÂ 2025,(V),3079207861677416186,,,8,12,219,492219,https://www.speedrun.com/mc/runs/y6jp6n0m,,,,,,,,,,,,,,,,,,,,,,,,,30Â DecÂ '99,,,,,,0:00,,,,,,,,,,,,,,,,,,,,,,,,,,,,,,,,,,,,,,,,,,,,,,,,,,,
,133,55,ð¦ðº,ParaFraser,,,â,8:10.103,8:12.481,05Â JulÂ 2025,(V),-3856485852976638547,,,8,12,481,492481,https://www.speedrun.com/mc/runs/y4nxdrdm,,,,,,,,,,,,,,,,,,,,,,,,,30Â DecÂ '99,,,,,,0:00,,,,,,,,,,,,,,,,,,,,,,,,,,,,,,,,,,,,,,,,,,,,,,,,,,,
,134,-,,ð³ð´,skycrab1,,ð,8:12.697,8:12.697,16Â JunÂ 2025,(U),8459975692548252643,,,8,12,697,492697,https://www.youtube.com/watch?v=snXcok9zxhU&list=PLU3_fvoJ1GyMStiA29z37DUPtG47PvOJz&index=130,,,,,,,,,,,,,,,,,,,,,,,,,30Â DecÂ '99,,,,,,0:00,,,,,,,,,,,,,,,,,,,,,,,,--,,,,,,,,,,,,,,,,,,,,,,,,,,,
,135,56,ð¨ð¦,wethr,,,â,8:13.175,8:13.175,22Â DecÂ 2024,(V),4556224492622948754,,,8,13,175,493175,https://www.speedrun.com/mc/runs/y9p0o6vm,,,,,,,,,,,,,,,,,,,,,,,,,30Â DecÂ '99,,,,,,0:00,,,,,,,,,,,,,,,,,,,,,,,,,,,,,,,,,,,,,,,,,,,,,,,,,,,
,136,-,,ðºð¸,Zylenox,,ð,8:11.111,8:13.283,16Â MarÂ 2023,(U),3386076644250915113,15,Yes,8,13,283,493283,https://www.youtube.com/watch?v=t_huEH4IZxg,,,,,,,,,,,,,,,,,,,,,,,,,30Â DecÂ '99,,,,,,0:00,,,,,,,,,,,,,,,,,,,,,,,,--,,,,,,,,,,,,,,,,,,,,,,,,,,,
,137,-,,ð¦ðº,bigbigmongey,,â,8:12.044,8:12.649,02Â JulÂ 2024,(V),8478412829008933608,,,8,12,649,492649,https://www.speedrun.com/mc/runs/z0dvl6ey,,,,,,,,,,,,,,,,,,,,,,,,,30Â DecÂ '99,,,,,,0:00,,,,,,,,,,,,,,,,,,,,,,,,,,,,,,,,,,,,,,,,,,,,,,,,,,,
,138,57,ð¨ð¦,MrBudgie,,,â,8:10.638,8:13.690,16Â AugÂ 2024,(V),1320019232325394424,,,8,13,690,493690,https://www.speedrun.com/mc/runs/yvx1dexz,,,,,,,,,,,,,,,,,,,,,,,,,30Â DecÂ '99,,,,,,0:00,,,,,,,,,,,,,,,,,,,,,,,,,,,,,,,,,,,,,,,,,,,,,,,,,,,
,139,-,,ð¨ð¦,Aquacorde,,ð,8:14.109,8:14.109,05Â JulÂ 2025,(U),6586350975935929914,,,8,14,109,494109,https://www.youtube.com/watch?v=G0Hp7oeSKuw,,,,,,,,,,,,,,,,,,,,,,,,,30Â DecÂ '99,,,,,,0:00,,,,,,,,,,,,,,,,,,,,,,,,--,,,,,,,,,,,,,,,,,,,,,,,,,,,
,140,58,ðºð¸,Bloon,,,â,8:14.162,8:14.162,27Â OctÂ 2025,(V),-960978816984086672,,,8,14,162,494162,https://www.speedrun.com/mc/runs/z0k9kvjm,,,,,,,,,,,,,,,,,,,,,,,,,30Â DecÂ '99,,,,,,0:00,,,,,,,,,,,,,,,,,,,,,,,,,,,,,,,,,,,,,,,,,,,,,,,,,,,
,141,-,,ð¨ð¦,Jay12310,,ð,8:14.911,8:14.911,01Â DecÂ 2025,(U),unknown,,,8,14,911,494911,https://www.youtube.com/watch?v=DQen1iTu-So&list=PLaTJSsRuu2UcsiC6KEkJwrGp1GaGgPoVG&index=9,,,,,,,,,,,,,,,,,,,,,,,,,30Â DecÂ '99,,,,,,0:00,,,,,,,,,,,,,,,,,,,,,,,,--,,,,,,,,,,,,,,,,,,,,,,,,,,,
,142,-,,ðºð¸,doogile,â,â,8:10.241,8:15.537,06Â NovÂ 2022,(V),9153513292182018950,,,8,15,537,495537,https://www.youtube.com/watch?v=8DYIvJETTDE,,,,,,,,,,,,,,,,,,,,,,,,,30Â DecÂ '99,,,,,,0:00,,,,,,,,,,,,,,,,,,,,,,,,--,,,,,,,,,,,,,,,,,,,,,,,,,,,
,143,-,,ð©ð°,Bloopy,,ð,8:15.715,8:15.715,06Â AprÂ 2026,(U),3795610833190711920,,,8,15,715,495715,https://www.youtube.com/watch?v=Tk_-9crkNP0,,,,,,,,,,,,,,,,,,,,,,,,,30Â DecÂ '99,,,,,,0:00,,,,,,,,,,,,,,,,,,,,,,,,,,,,,,,,,,,,,,,,,,,,,,,,,,,
,144,-,,ð¨ð¦,Aquacorde,,ð,8:16.080,8:16.080,19Â JulÂ 2025,(U),-3413707190764289689,,,8,16,80,496080,https://www.youtube.com/watch?v=ip7IP1Srx_o,,,,,,,,,,,,,,,,,,,,,,,,,30Â DecÂ '99,,,,,,0:00,,,,,,,,,,,,,,,,,,,,,,,,--,,,,,,,,,,,,,,,,,,,,,,,,,,,
,145,59,ð§ðª,akbh,,,â,8:16.150,8:16.150,28Â OctÂ 2025,(V),-494949671729861114,,,8,16,150,496150,https://www.speedrun.com/mc/runs/y9w1kxrz,,,,,,,,,,,,,,,,,,,,,,,,,30Â DecÂ '99,,,,,,0:00,,,,,,,,,,,,,,,,,,,,,,,,,,,,,,,,,,,,,,,,,,,,,,,,,,,
,146,60,ð¬ð§,Mauvu,,,â,8:16.269,8:16.269,04Â JunÂ 2025,(V),7577249546337144986,,,8,16,269,496269,https://www.speedrun.com/mc/runs/yvl7e48z,,,,,,,,,,,,,,,,,,,,,,,,,30Â DecÂ '99,,,,,,0:00,,,,,,,,,,,,,,,,,,,,,,,,,,,,,,,,,,,,,,,,,,,,,,,,,,,
,147,61,ð¦ð·,TuCara9,,,â,8:17.207,8:17.713,26Â NovÂ 2025,(V),7314274440218677457,,,8,17,713,497713,https://www.speedrun.com/mc/runs/m326p64y,,,,,,,,,,,,,,,,,,,,,,,,,30Â DecÂ '99,,,,,,0:00,,,,,,,,,,,,,,,,,,,,,,,,,,,,,,,,,,,,,,,,,,,,,,,,,,,
,148,-,,ð¨ð¦,Aquacorde,,ð,8:17.895,8:17.895,12Â AugÂ 2025,(U),-7262470716101336113,,,8,17,895,497895,https://www.youtube.com/watch?v=ytYXAwlQPWg,,,,,,,,,,,,,,,,,,,,,,,,,30Â DecÂ '99,,,,,,0:00,,,,,,,,,,,,,,,,,,,,,,,,--,,,,,,,,,,,,,,,,,,,,,,,,,,,
,149,62,ð®ðª,ContraVz,,,â,8:17.914,8:17.914,03Â AprÂ 2025,(V),3844627486666536870,,,8,17,914,497914,https://www.speedrun.com/mc/runs/y2n4p27y,,,,,,,,,,,,,,,,,,,,,,,,,30Â DecÂ '99,,,,,,0:00,,,,,,,,,,,,,,,,,,,,,,,,,,,,,,,,,,,,,,,,,,,,,,,,,,,
,150,63,ðºð¸,Feinberg,,,â,8:15.802,8:18.453,23Â OctÂ 2025,(V),-4568351362798030549,,,8,18,453,498453,https://www.speedrun.com/mc/runs/zp5lnlny,,,,,,,,,,,,,,,,,,,,,,,,,30Â DecÂ '99,,,,,,0:00,,,,,,,,,,,,,,,,,,,,,,,,,,,,,,,,,,,,,,,,,,,,,,,,,,,
,151,-,,ð©ðª,jason_n,,ð,8:18.588,8:18.588,19Â AugÂ 2025,(U),4176206987315611766,,,8,18,588,498588,https://www.youtube.com/watch?v=GBSM3X1G7Rg,,,,,,,,,,,,,,,,,,,,,,,,,30Â DecÂ '99,,,,,,0:00,,,,,,,,,,,,,,,,,,,,,,,,--,,,,,,,,,,,,,,,,,,,,,,,,,,,
,152,-,,ð©ð°,Bloopy,,ð,8:18.601,8:18.601,02Â AugÂ 2025,(U),121410886578867315,,,8,18,601,498601,https://www.youtube.com/watch?v=EwXtlrbNI1o,,,,,,,,,,,,,,,,,,,,,,,,,30Â DecÂ '99,,,,,,0:00,,,,,,,,,,,,,,,,,,,,,,,,--,,,,,,,,,,,,,,,,,,,,,,,,,,,
,153,-,,ðºð¸,Zylenox,,ð,8:17.546,8:18.731,15Â AprÂ 2024,(U),3379831003145275556,,,8,18,731,498731,https://www.youtube.com/watch?v=JDIyooRslEc,,,,,,,,,,,,,,,,,,,,,,,,,30Â DecÂ '99,,,,,,0:00,,,,,,,,,,,,,,,,,,,,,,,,--,,,,,,,,,,,,,,,,,,,,,,,,,,,
,154,-,,ð³ð´,skycrab1,,ð,8:17.174,8:19.441,19Â MayÂ 2024,(U),3087289280453736272,,,8,19,441,499441,https://www.youtube.com/watch?v=82fZlnldpjc&list=PLU3_fvoJ1GyMStiA29z37DUPtG47PvOJz&index=21,,,,,,,,,,,,,,,,,,,,,,,,,30Â DecÂ '99,,,,,,0:00,,,,,,,,,,,,,,,,,,,,,,,,--,,,,,,,,,,,,,,,,,,,,,,,,,,,
,155,-,,ð³ð´,skycrab1,,ð,8:19.619,8:19.619,09Â OctÂ 2024,(U),-7062641621573021177,,,8,19,619,499619,https://www.youtube.com/watch?v=qIX6RDLk3Fw&list=PLU3_fvoJ1GyMStiA29z37DUPtG47PvOJz&index=79,,,,,,,,,,,,,,,,,,,,,,,,,30Â DecÂ '99,,,,,,0:00,,,,,,,,,,,,,,,,,,,,,,,,--,,,,,,,,,,,,,,,,,,,,,,,,,,,
,156,-,,ð­ð·,Mar1n,,â,8:19.806,8:19.806,21Â OctÂ 2024,(V),698532108666567657,,,8,19,806,499806,https://www.speedrun.com/mc/runs/z1n66ojy,,,,,,,,,,,,,,,,,,,,,,,,,30Â DecÂ '99,,,,,,0:00,,,,,,,,,,,,,,,,,,,,,,,,,,,,,,,,,,,,,,,,,,,,,,,,,,,
,157,-,,ðºð¦,7rowl,,â,8:17.517,8:20.033,31Â MayÂ 2023,(V),-3529659453233886563,,,8,20,33,500033,https://www.speedrun.com/mc/runs/zqj4529m,,,,,,,,,,,,,,,,,,,,,,,,,30Â DecÂ '99,,,,,,0:00,,,,,,,,,,,,,,,,,,,,,,,,--,,,,,,,,,,,,,,,,,,,,,,,,,,,
,158,-,,ð³ð´,skycrab1,,ð,8:20.209,8:20.209,15Â DecÂ 2024,(U),-6441503782371694371,,,8,20,209,500209,https://www.youtube.com/watch?v=MBNYYvNrJZk&list=PLU3_fvoJ1GyMStiA29z37DUPtG47PvOJz&index=103,,,,,,,,,,,,,,,,,,,,,,,,,30Â DecÂ '99,,,,,,0:00,,,,,,,,,,,,,,,,,,,,,,,,--,,,,,,,,,,,,,,,,,,,,,,,,,,,
,159,-,,ð³ð´,skycrab1,,ð,8:20.575,8:20.575,29Â AugÂ 2024,(U),6341036276828892777,,,8,20,575,500575,https://www.youtube.com/watch?v=mUhBdkUS4Xo&list=PLU3_fvoJ1GyMStiA29z37DUPtG47PvOJz&index=61,,,,,,,,,,,,,,,,,,,,,,,,,30Â DecÂ '99,,,,,,0:00,,,,,,,,,,,,,,,,,,,,,,,,--,,,,,,,,,,,,,,,,,,,,,,,,,,,
,160,-,,ðºð¸,doogile,,ð,8:20.954,8:20.954,22Â SepÂ 2024,(U),5840096564526051748,,,8,20,954,500954,https://www.youtube.com/watch?v=GqY9MGcuvWk,,,,,,,,,,,,,,,,,,,,,,,,,30Â DecÂ '99,,,,,,0:00,,,,,,,,,,,,,,,,,,,,,,,,--,,,,,,,,,,,,,,,,,,,,,,,,,,,
,161,-,,ð¹ð¿,Kxpow,,â,8:19.128,8:20.966,05Â DecÂ 2023,(V),-207017292191506931,,,8,20,966,500966,https://www.speedrun.com/mc/runs/z5ke9xjz,,,,,,,,,,,,,,,,,,,,,,,,,30Â DecÂ '99,,,,,,0:00,,,,,,,,,,,,,,,,,,,,,,,,,,,,,,,,,,,,,,,,,,,,,,,,,,,
,162,-,,ð¹ð¿,Kxpow,,â,8:19.488,8:21.011,09Â JanÂ 2024,(V),4490097923820258206,,,8,21,11,501011,https://www.speedrun.com/mc/runs/y8kg0e1y,,,,,,,,,,,,,,,,,,,,,,,,,30Â DecÂ '99,,,,,,0:00,,,,,,,,,,,,,,,,,,,,,,,,,,,,,,,,,,,,,,,,,,,,,,,,,,,
,163,-,,ðºð¦,dinonuggieboi,,â,8:20.213,8:21.405,23Â DecÂ 2024,(V),2194551805406621364,,,8,21,405,501405,https://www.speedrun.com/mc/runs/zpk476gy,,,,,,,,,,,,,,,,,,,,,,,,,30Â DecÂ '99,,,,,,0:00,,,,,,,,,,,,,,,,,,,,,,,,,,,,,,,,,,,,,,,,,,,,,,,,,,,
,164,-,,ð«ð®,AndrewCrow,,â,8:19.952,8:21.407,19Â OctÂ 2025,(V),4078753902684247139,,,8,21,407,501407,https://www.speedrun.com/mc/runs/yw580r9y,,,,,,,,,,,,,,,,,,,,,,,,,30Â DecÂ '99,,,,,,0:00,,,,,,,,,,,,,,,,,,,,,,,,,,,,,,,,,,,,,,,,,,,,,,,,,,,
,165,-,,ð³ð´,skycrab1,,ð,8:22.065,8:22.065,06Â MarÂ 2026,(U),unknown,,,8,22,65,502065,https://www.youtube.com/watch?v=WR8_NH2aZTo&list=PLU3_fvoJ1GyMStiA29z37DUPtG47PvOJz&index=171,,,,,,,,,,,,,,,,,,,,,,,,,30Â DecÂ '99,,,,,,0:00,,,,,,,,,,,,,,,,,,,,,,,,,,,,,,,,,,,,,,,,,,,,,,,,,,,
,166,-,,ð©ðª,jason_n,,ð,8:22.273,8:22.273,02Â FebÂ 2026,(U),7995908203394493910,,,8,22,273,502273,https://www.youtube.com/watch?v=JHDFp57LuTQ,,,,,,,,,,,,,,,,,,,,,,,,,30Â DecÂ '99,,,,,,0:00,,,,,,,,,,,,,,,,,,,,,,,,--,,,,,,,,,,,,,,,,,,,,,,,,,,,
,167,-,,ð³ð´,skycrab1,,ð,8:22.292,8:22.292,10Â DecÂ 2024,(U),7706444672099891654,,,8,22,292,502292,https://www.youtube.com/watch?v=VKGDkYwS24I&list=PLU3_fvoJ1GyMStiA29z37DUPtG47PvOJz&index=101,,,,,,,,,,,,,,,,,,,,,,,,,30Â DecÂ '99,,,,,,0:00,,,,,,,,,,,,,,,,,,,,,,,,--,,,,,,,,,,,,,,,,,,,,,,,,,,,
,168,64,ð«ð®,Cube1337x,,,â,8:23.352,8:23.352,29Â FebÂ 2024,(V),5421616656737029560,,,8,23,352,503352,https://www.speedrun.com/mc/runs/yvl3g1ez,,,,,,,,,,,,,,,,,,,,,,,,,30Â DecÂ '99,,,,,,0:00,,,,,,,,,,,,,,,,,,,,,,,,--,,,,,,,,,,,,,,,,,,,,,,,,,,,
,169,-,,,lowkey,,â,8:22.028,8:23.880,22Â MayÂ 2023,(V),9002087332504975257,,Yes,8,23,880,503880,https://www.youtube.com/watch?v=jFKZ4TUPdmo,,,,,,,,,,,,,,,,,,,,,,,,,30Â DecÂ '99,,,,,,0:00,,,,,,,,,,,,,,,,,,,,,,,,--,,,,,,,,,,,,,,,,,,,,,,,,,,,
,170,-,,ð³ð´,skycrab1,,ð,8:24.266,8:24.266,25Â JanÂ 2025,(U),-2192530939169664687,,,8,24,266,504266,https://www.youtube.com/watch?v=G-ri7QuIsdY&list=PLU3_fvoJ1GyMStiA29z37DUPtG47PvOJz&index=110,,,,,,,,,,,,,,,,,,,,,,,,,30Â DecÂ '99,,,,,,30Â DecÂ '99,,,,,,,,,,,,,,,,,,,,,,,,--,,,,,,,,,,,,,,,,,,,,,,,,,,,
,171,-,,ð¨ð¦,Jay12310,,ð,8:26.738,8:26.738,24Â NovÂ 2025,(U),unknown,,,8,26,738,506738,https://www.youtube.com/watch?v=fEau7iO9TJQ&list=PLaTJSsRuu2UcsiC6KEkJwrGp1GaGgPoVG&index=8,,,,,,,,,,,,,,,,,,,,,,,,,30Â DecÂ '99,,,,,,30Â DecÂ '99,,,,,,,,,,,,,,,,,,,,,,,,--,,,,,,,,,,,,,,,,,,,,,,,,,,,
,172,-,,ðºð¸,Zylenox,,ð,8:24.513,8:26.865,22Â AprÂ 2023,(U),2931282686903167782,12,Yes,8,26,865,506865,https://www.youtube.com/watch?v=MBJI6KWkH2Q,,,,,,,,,,,,,,,,,,,,,,,,,30Â DecÂ '99,,,,,,30Â DecÂ '99,,,,,,,,,,,,,,,,,,,,,,,,--,,,,,,,,,,,,,,,,,,,,,,,,,,,
,173,-,,ð¨ð¦,Jay12310,,â,8:26.957,8:26.957,07Â MayÂ 2024,(V),608766675105077046,,,8,26,957,506957,https://www.speedrun.com/mc/runs/y22k556y,,,,,,,,,,,,,,,,,,,,,,,,,30Â DecÂ '99,,,,,,30Â DecÂ '99,,,,,,,,,,,,,,,,,,,,,,,,--,,,,,,,,,,,,,,,,,,,,,,,,,,,
,174,-,,ðºð¸,Zylenox,,â,8:25.432,8:27.473,17Â DecÂ 2022,(V),-4934318869749955,12,Yes,8,27,473,507473,https://www.speedrun.com/mc/run/yln0kekz,,,,,,,,,,,,,,,,,,,,,,,,,30Â DecÂ '99,,,,,,30Â DecÂ '99,,,,,,,,,,,,,,,,,,,,,,,,--,,,,,,,,,,,,,,,,,,,,,,,,,,,
,175,-,,ðºð¸,meebie,,ð,8:27.708,8:28.050,19Â AprÂ 2024,(U),-2948925549180981634,,,8,28,50,508050,https://www.youtube.com/watch?v=bnxMyi5w0lE&list=PLaTJSsRuu2Ufk7cX7bUTt9V-IJxa8wqSM&index=13,,,,,,,,,,,,,,,,,,,,,,,,,30Â DecÂ '99,,,,,,30Â DecÂ '99,,,,,,,,,,,,,,,,,,,,,,,,--,,,,,,,,,,,,,,,,,,,,,,,,,,,
,176,-,,ð³ð´,skycrab1,,ð,8:27.992,8:28.114,07Â FebÂ 2026,(U),unknown,,,8,28,114,508114,https://www.youtube.com/watch?v=h2JcBageD9o&list=PLU3_fvoJ1GyMStiA29z37DUPtG47PvOJz&index=165,,,,,,,,,,,,,,,,,,,,,,,,,30Â DecÂ '99,,,,,,30Â DecÂ '99,,,,,,,,,,,,,,,,,,,,,,,,,,,,,,,,,,,,,,,,,,,,,,,,,,,
,177,-,,ð¨ð¦,Aquacorde,,ð,8:28.191,8:28.191,21Â SepÂ 2025,(U),-1431734441306868324,,,8,28,191,508191,https://www.youtube.com/watch?v=Sr-fxjtImKM,,,,,,,,,,,,,,,,,,,,,,,,,30Â DecÂ '99,,,,,,30Â DecÂ '99,,,,,,,,,,,,,,,,,,,,,,,,--,,,,,,,,,,,,,,,,,,,,,,,,,,,
,178,-,,ð³ð´,skycrab1,,ð,8:27.909,8:28.430,05Â DecÂ 2025,(U),see video,,,8,28,430,508430,https://www.youtube.com/watch?v=whjGQXRNxTo&list=PLU3_fvoJ1GyMStiA29z37DUPtG47PvOJz&index=150,,,,,,,,,,,,,,,,,,,,,,,,,30Â DecÂ '99,,,,,,30Â DecÂ '99,,,,,,,,,,,,,,,,,,,,,,,,--,,,,,,,,,,,,,,,,,,,,,,,,,,,
,179,-,,ð¨ð¦,Aquacorde,,ð,8:28.441,8:28.441,16Â OctÂ 2025,(U),7318195485466118347,,,8,28,441,508441,https://www.youtube.com/watch?v=RrhnX7u9LCk,,,,,,,,,,,,,,,,,,,,,,,,,30Â DecÂ '99,,,,,,30Â DecÂ '99,,,,,,,,,,,,,,,,,,,,,,,,--,,,,,,,,,,,,,,,,,,,,,,,,,,,
,180,-,,ð³ð´,skycrab1,,ð,8:28.504,8:28.504,25 May 2025,(U),4268670771735988776,,,8,28,504,508504,https://www.youtube.com/watch?v=CTzti8oVBRg&list=PLU3_fvoJ1GyMStiA29z37DUPtG47PvOJz&index=126,,,,,,,,,,,,,,,,,,,,,,,,,30Â DecÂ '99,,,,,,30Â DecÂ '99,,,,,,,,,,,,,,,,,,,,,,,,--,,,,,,,,,,,,,,,,,,,,,,,,,,,
,181,-,,ð¬ð§,priffie,,ð,8:26.220,8:29.674,06Â JanÂ 2024,(U),2398058020999821172,12,Yes,8,29,674,509674,https://www.youtube.com/watch?v=sPSq_jhIyhY,,,,,,,,,,,,,,,,,,,,,,,,,30Â DecÂ '99,,,,,,30Â DecÂ '99,,,,,,,,,,,,,,,,,,,,,,,,--,,,,,,,,,,,,,,,,,,,,,,,,,,,
,182,-,,ð³ð´,skycrab1,,ð,8:27.951,8:29.783,18Â MayÂ 2024,(U),2517517963886160862,,,8,29,783,509783,https://www.youtube.com/watch?v=Hd2X1E-Ms7c&list=PLU3_fvoJ1GyMStiA29z37DUPtG47PvOJz&index=24,,,,,,,,,,,,,,,,,,,,,,,,,30Â DecÂ '99,,,,,,30Â DecÂ '99,,,,,,,,,,,,,,,,,,,,,,,,--,,,,,,,,,,,,,,,,,,,,,,,,,,,
,183,-,,ð³ð´,skycrab1,,ð,8:29.901,8:29.901,06Â MarÂ 2026,(U),unknown,,,8,29,901,509901,https://www.youtube.com/watch?v=HUVPQIRwcK0&list=PLU3_fvoJ1GyMStiA29z37DUPtG47PvOJz&index=170,,,,,,,,,,,,,,,,,,,,,,,,,30Â DecÂ '99,,,,,,30Â DecÂ '99,,,,,,,,,,,,,,,,,,,,,,,,,,,,,,,,,,,,,,,,,,,,,,,,,,,
,184,-,,ðºð¦,7rowl,,ð,8:31.022,8:31.022,29Â AugÂ 2023,(U),-849877744345333161,,,8,31,22,511022,https://www.youtube.com/watch?v=rao2ee_878E,,,,,,,,,,,,,,,,,,,,,,,,,30Â DecÂ '99,,,,,,30Â DecÂ '99,,,,,,,,,,,,,,,,,,,,,,,,--,,,,,,,,,,,,,,,,,,,,,,,,,,,
,185,-,,ð³ð´,skycrab1,,ð,8:30.987,8:31.085,08Â DecÂ 2025,(U),unknown,,,8,31,85,511085,https://www.youtube.com/watch?v=tLfXiUo2Dw0&list=PLU3_fvoJ1GyMStiA29z37DUPtG47PvOJz&index=157,,,,,,,,,,,,,,,,,,,,,,,,,30Â DecÂ '99,,,,,,30Â DecÂ '99,,,,,,,,,,,,,,,,,,,,,,,,--,,,,,,,,,,,,,,,,,,,,,,,,,,,
,186,-,,ð³ð´,skycrab1,,ð,8:28.790,8:31.168,21Â OctÂ 2025,(U),see video,,,8,31,168,511168,https://www.youtube.com/watch?v=gGs-3BbCEWA&list=PLU3_fvoJ1GyMStiA29z37DUPtG47PvOJz&index=144,,,,,,,,,,,,,,,,,,,,,,,,,30Â DecÂ '99,,,,,,30Â DecÂ '99,,,,,,,,,,,,,,,,,,,,,,,,--,,,,,,,,,,,,,,,,,,,,,,,,,,,
,187,-,,ðºð¸,doogile,,ð,8:31.156,8:31.904,27Â JanÂ 2024,(U),-4987550100545669891,,,8,31,904,511904,https://www.youtube.com/watch?v=K9wU6ilEDcc,,,,,,,,,,,,,,,,,,,,,,,,,30Â DecÂ '99,,,,,,30Â DecÂ '99,,,,,,,,,,,,,,,,,,,,,,,,--,,,,,,,,,,,,,,,,,,,,,,,,,,,
,188,-,,ð¸ð°,NoFear1337,,ð,8:32.422,8:32.422,14Â JulÂ 2024,(U),unknown,,,8,32,422,512422,https://www.youtube.com/watch?v=yw7-yaW4Nfk&list=PLaTJSsRuu2UeeWabBBfNVWALvnefBoL2C&index=21,,,,,,,,,,,,,,,,,,,,,,,,,30Â DecÂ '99,,,,,,30Â DecÂ '99,,,,,,,,,,,,,,,,,,,,,,,,--,,,,,,,,,,,,,,,,,,,,,,,,,,,
,189,-,,ð¨ð¦,Aquacorde,,ð,8:32.755,8:32.755,08Â JulÂ 2025,(U),4813852831291424591,,,8,32,755,512755,https://www.youtube.com/watch?v=9t2wFDDYuWw,,,,,,,,,,,,,,,,,,,,,,,,,30Â DecÂ '99,,,,,,30Â DecÂ '99,,,,,,,,,,,,,,,,,,,,,,,,--,,,,,,,,,,,,,,,,,,,,,,,,,,,
,190,-,,ðºð¦,7rowl,,ð,8:30.604,8:32.840,28Â AugÂ 2023,(U),-3689619904496856440,,,8,32,840,512840,https://www.youtube.com/watch?v=fDjrOqatTAs,,,,,,,,,,,,,,,,,,,,,,,,,30Â DecÂ '99,,,,,,30Â DecÂ '99,,,,,,,,,,,,,,,,,,,,,,,,--,,,,,,,,,,,,,,,,,,,,,,,,,,,
,191,-,,ð³ð´,skycrab1,,ð,8:33.231,8:33.231,23Â MayÂ 2025,(U),4058006226311107449,,,8,33,231,513231,https://www.youtube.com/watch?v=Gqyss7R7ZB0&list=PLU3_fvoJ1GyMStiA29z37DUPtG47PvOJz&index=125,,,,,,,,,,,,,,,,,,,,,,,,,30Â DecÂ '99,,,,,,30Â DecÂ '99,,,,,,,,,,,,,,,,,,,,,,,,--,,,,,,,,,,,,,,,,,,,,,,,,,,,
,192,-,,ð³ð´,skycrab1,,â,8:31.860,8:33.243,12Â JanÂ 2024,(V),8794223043069861926,,,8,33,243,513243,https://www.speedrun.com/mc/runs/zxw0jlqm,,,,,,,,,,,,,,,,,,,,,,,,,30Â DecÂ '99,,,,,,30Â DecÂ '99,,,,,,,,,,,,,,,,,,,,,,,,--,,,,,,,,,,,,,,,,,,,,,,,,,,,
,193,-,,ðºð¸,meebie,,ð,8:33.573,8:33.573,04Â DecÂ 2023,(U),unknown,,,8,33,573,513573,https://www.youtube.com/watch?v=tPDjceeZd7w&list=PLaTJSsRuu2Ufk7cX7bUTt9V-IJxa8wqSM&index=8,,,,,,,,,,,,,,,,,,,,,,,,,30Â DecÂ '99,,,,,,30Â DecÂ '99,,,,,,,,,,,,,,,,,,,,,,,,--,,,,,,,,,,,,,,,,,,,,,,,,,,,
,194,-,,ð¨ð¦,Aquacorde,,â,8:33.639,8:33.639,16Â AugÂ 2024,(V),-8818959532856191300,,,8,33,639,513639,https://www.speedrun.com/mc/runs/m3jr41wz,,,,,,,,,,,,,,,,,,,,,,,,,30Â DecÂ '99,,,,,,30Â DecÂ '99,,,,,,,,,,,,,,,,,,,,,,,,--,,,,,,,,,,,,,,,,,,,,,,,,,,,
,195,-,,ðµð±,kazzruns,,ð,8:33.801,8:33.801,28Â AugÂ 2025,(U),unknown,,,8,33,801,513801,https://www.youtube.com/watch?v=pXLKegNZ5CU,,,,,,,,,,,,,,,,,,,,,,,,,30Â DecÂ '99,,,,,,30Â DecÂ '99,,,,,,,,,,,,,,,,,,,,,,,,,,,,,,,,,,,,,,,,,,,,,,,,,,,
,196,-,,ð¨ð¦,Jay12310,,ð,8:33.946,8:33.946,07Â JanÂ 2025,(U),unknown,,,8,33,946,513946,https://www.youtube.com/watch?v=pROA_8k_5eg&list=PLaTJSsRuu2UcsiC6KEkJwrGp1GaGgPoVG&index=12,,,,,,,,,,,,,,,,,,,,,,,,,30Â DecÂ '99,,,,,,30Â DecÂ '99,,,,,,,,,,,,,,,,,,,,,,,,--,,,,,,,,,,,,,,,,,,,,,,,,,,,
,197,-,,ð©ð°,Bloopy,,â,8:33.952,8:33.952,03Â AugÂ 2024,(V),255624109612098462,,,8,33,952,513952,https://www.speedrun.com/mc/runs/yvx9vo8z,,,,,,,,,,,,,,,,,,,,,,,,,30Â DecÂ '99,,,,,,30Â DecÂ '99,,,,,,,,,,,,,,,,,,,,,,,,--,,,,,,,,,,,,,,,,,,,,,,,,,,,
,198,-,,ðµð±,watermelon1708,,ð,8:33.349,8:34.250,27Â NovÂ 2025,(U),unknown,,,8,34,250,514250,https://www.youtube.com/watch?v=3mEKAQ3Z4RM,,,,,,,,,,,,,,,,,,,,,,,,,30Â DecÂ '99,,,,,,30Â DecÂ '99,,,,,,,,,,,,,,,,,,,,,,,,--,,,,,,,,,,,,,,,,,,,,,,,,,,,
,199,-,,ð³ð´,skycrab1,,ð,8:34.391,8:34.391,14Â JunÂ 2025,(U),unknown,,,8,34,391,514391,https://www.youtube.com/watch?v=mbQO0iA60UA&list=PLU3_fvoJ1GyMStiA29z37DUPtG47PvOJz&index=127,,,,,,,,,,,,,,,,,,,,,,,,,30Â DecÂ '99,,,,,,30Â DecÂ '99,,,,,,,,,,,,,,,,,,,,,,,,--,,,,,,,,,,,,,,,,,,,,,,,,,,,
,200,-,,ð©ð°,Bloopy,,ð,8:34.410,8:34.410,31Â OctÂ 2025,(U),-6611883265830397474,,,8,34,410,514410,https://www.youtube.com/watch?v=WJlhnd9qMjI,,,,,,,,,,,,,,,,,,,,,,,,,30Â DecÂ '99,,,,,,30Â DecÂ '99,,,,,,,,,,,,,,,,,,,,,,,,--,,,,,,,,,,,,,,,,,,,,,,,,,,,
,201,-,,ðºð¸,doogile,,ð,8:34.422,8:34.422,22Â MayÂ 2025,(U),4475174620258750317,,,8,34,422,514422,https://www.youtube.com/watch?v=rEmLQHlkBMs,,,,,,,,,,,,,,,,,,,,,,,,,30Â DecÂ '99,,,,,,30Â DecÂ '99,,,,,,,,,,,,,,,,,,,,,,,,--,,,,,,,,,,,,,,,,,,,,,,,,,,,
,202,-,,ðºð¸,doogile,,ð,8:31.615,8:34.469,03Â OctÂ 2023,(U),2814215657097519375,,,8,34,469,514469,https://www.youtube.com/watch?v=MruA0trsR5Y,,,,,,,,,,,,,,,,,,,,,,,,,30Â DecÂ '99,,,,,,30Â DecÂ '99,,,,,,,,,,,,,,,,,,,,,,,,--,,,,,,,,,,,,,,,,,,,,,,,,,,,
,203,-,,ð³ð´,skycrab1,,ð,8:34.709,8:34.709,13Â SepÂ 2024,(U),-251105327808432283,,,8,34,709,514709,https://www.youtube.com/watch?v=_Zw3t6qzR0A&list=PLU3_fvoJ1GyMStiA29z37DUPtG47PvOJz&index=69,,,,,,,,,,,,,,,,,,,,,,,,,30Â DecÂ '99,,,,,,30Â DecÂ '99,,,,,,,,,,,,,,,,,,,,,,,,--,,,,,,,,,,,,,,,,,,,,,,,,,,,
,204,-,,ðºð¸,meebie,,ð,8:34.971,8:34.971,16Â NovÂ 2025,(U),unknown,,,8,34,971,514971,https://www.youtube.com/watch?v=NwUTr6N_4P0&list=PLaTJSsRuu2Ufk7cX7bUTt9V-IJxa8wqSM&index=21,,,,,,,,,,,,,,,,,,,,,,,,,30Â DecÂ '99,,,,,,30Â DecÂ '99,,,,,,,,,,,,,,,,,,,,,,,,,,,,,,,,,,,,,,,,,,,,,,,,,,,
,205,-,,ð¸ð°,NoFear1337,,ð,8:35.097,8:35.579,27Â DecÂ 2023,(U),unknown,,,8,35,579,515579,https://www.youtube.com/watch?v=op6VlwDM3Xo&list=PLaTJSsRuu2UeeWabBBfNVWALvnefBoL2C,,,,,,,,,,,,,,,,,,,,,,,,,30Â DecÂ '99,,,,,,30Â DecÂ '99,,,,,,,,,,,,,,,,,,,,,,,,--,,,,,,,,,,,,,,,,,,,,,,,,,,,
,206,-,,ð³ð´,skycrab1,,ð,8:34.852,8:35.797,03Â AugÂ 2024,(U),-5772469146569821756,,,8,35,797,515797,https://www.youtube.com/watch?v=b47aZUBK814&list=PLU3_fvoJ1GyMStiA29z37DUPtG47PvOJz&index=47,,,,,,,,,,,,,,,,,,,,,,,,,30Â DecÂ '99,,,,,,30Â DecÂ '99,,,,,,,,,,,,,,,,,,,,,,,,--,,,,,,,,,,,,,,,,,,,,,,,,,,,
,207,-,,ð³ð´,skycrab1,,ð,8:35.819,8:35.819,18Â MayÂ 2025,(U),see video,,,8,35,819,515819,https://www.youtube.com/watch?v=kDl3PmegjWA&list=PLU3_fvoJ1GyMStiA29z37DUPtG47PvOJz&index=124,,,,,,,,,,,,,,,,,,,,,,,,,30Â DecÂ '99,,,,,,30Â DecÂ '99,,,,,,,,,,,,,,,,,,,,,,,,--,,,,,,,,,,,,,,,,,,,,,,,,,,,
,208,-,,ðºð¸,meebie,,ð,8:35.914,8:35.914,18Â NovÂ 2023,(U),-2503873430617653818,,,8,35,914,515914,https://www.youtube.com/watch?v=c2uu-GXtiIc&list=PLaTJSsRuu2Ufk7cX7bUTt9V-IJxa8wqSM&index=5,,,,,,,,,,,,,,,,,,,,,,,,,30Â DecÂ '99,,,,,,30Â DecÂ '99,,,,,,,,,,,,,,,,,,,,,,,,--,,,,,,,,,,,,,,,,,,,,,,,,,,,
,209,-,,ðµð±,watermelon1708,,ð,8:34.398,8:35.950,10Â NovÂ 2025,(U),see video,,,8,35,950,515950,https://www.youtube.com/watch?v=fEy7nXScnGI,,,,,,,,,,,,,,,,,,,,,,,,,30Â DecÂ '99,,,,,,30Â DecÂ '99,,,,,,,,,,,,,,,,,,,,,,,,--,,,,,,,,,,,,,,,,,,,,,,,,,,,
,210,-,,ð¸ð°,NoFear1337,,ð,8:31.037,8:35.967,25Â DecÂ 2023,(U),4143928542736581557,16,Yes,8,35,967,515967,https://www.youtube.com/watch?v=wOf3KZ159XE,,,,,,,,,,,,,,,,,,,,,,,,,30Â DecÂ '99,,,,,,30Â DecÂ '99,,,,,,,,,,,,,,,,,,,,,,,,--,,,,,,,,,,,,,,,,,,,,,,,,,,,
,211,-,,ð³ð´,skycrab1,,ð,8:36.102,8:36.102,29Â OctÂ 2024,(U),-3646678682630251613,,,8,36,102,516102,https://www.youtube.com/watch?v=okNmE6As3I8&list=PLU3_fvoJ1GyMStiA29z37DUPtG47PvOJz&index=90,,,,,,,,,,,,,,,,,,,,,,,,,30Â DecÂ '99,,,,,,30Â DecÂ '99,,,,,,,,,,,,,,,,,,,,,,,,--,,,,,,,,,,,,,,,,,,,,,,,,,,,
,212,-,,ð³ð´,skycrab1,,ð,8:34.986,8:36.447,30Â MayÂ 2024,(U),5645148096058568914,,,8,36,447,516447,https://www.youtube.com/watch?v=qmxUkDzqJLA&list=PLU3_fvoJ1GyMStiA29z37DUPtG47PvOJz&index=25,,,,,,,,,,,,,,,,,,,,,,,,,30Â DecÂ '99,,,,,,30Â DecÂ '99,,,,,,,,,,,,,,,,,,,,,,,,--,,,,,,,,,,,,,,,,,,,,,,,,,,,
,213,-,,ð³ð´,skycrab1,,ð,8:35.909,8:36.678,13Â AugÂ 2024,(U),-757577179228035098,,,8,36,678,516678,https://www.youtube.com/watch?v=3jCFZ5mZbuw&list=PLU3_fvoJ1GyMStiA29z37DUPtG47PvOJz&index=53,,,,,,,,,,,,,,,,,,,,,,,,,30Â DecÂ '99,,,,,,30Â DecÂ '99,,,,,,,,,,,,,,,,,,,,,,,,--,,,,,,,,,,,,,,,,,,,,,,,,,,,
,214,-,,ð³ð´,skycrab1,,ð,8:36.197,8:36.807,30Â SepÂ 2025,(U),unknown,,,8,36,807,516807,https://www.youtube.com/watch?v=dGXgTgEdGVY&list=PLU3_fvoJ1GyMStiA29z37DUPtG47PvOJz&index=142,,,,,,,,,,,,,,,,,,,,,,,,,30Â DecÂ '99,,,,,,30Â DecÂ '99,,,,,,,,,,,,,,,,,,,,,,,,--,,,,,,,,,,,,,,,,,,,,,,,,,,,
,215,-,,ðºð¸,doogile,,ð,8:32.663,8:36.891,31Â MarÂ 2024,(U),-8770456777787364691,,,8,36,891,516891,https://www.youtube.com/watch?v=IRTvOCDfvbA,,,,,,,,,,,,,,,,,,,,,,,,,30Â DecÂ '99,,,,,,30Â DecÂ '99,,,,,,,,,,,,,,,,,,,,,,,,--,,,,,,,,,,,,,,,,,,,,,,,,,,,
,216,-,,ð³ð´,skycrab1,,ð,8:36.373,8:37.680,12Â JunÂ 2024,(U),8302535928926204218,,,8,37,680,517680,https://www.youtube.com/watch?v=RUtcNVLefnE&list=PLU3_fvoJ1GyMStiA29z37DUPtG47PvOJz&index=28,,,,,,,,,,,,,,,,,,,,,,,,,30Â DecÂ '99,,,,,,30Â DecÂ '99,,,,,,,,,,,,,,,,,,,,,,,,--,,,,,,,,,,,,,,,,,,,,,,,,,,,
,217,-,,ð®ð±,sagi_enderman,â,â,8:31.726,8:37.884,29Â JulÂ 2022,(V),-774874644388946464,,,8,37,884,517884,https://www.speedrun.com/mc/runs/mkdld9xy,,,,,,,,,,,,,,,,,,,,,,,,,30Â DecÂ '99,,,,,,30Â DecÂ '99,,,,,,,,,,,,,,,,,,,,,,,,--,,,,,,,,,,,,,,,,,,,,,,,,,,,
,218,-,,ðºð¸,meebie,,ð,8:37.477,8:37.975,07Â AugÂ 2023,(U),1459462342630812192,,,8,37,975,517975,https://www.youtube.com/watch?v=C983h_XUVjM&list=PLaTJSsRuu2Ufk7cX7bUTt9V-IJxa8wqSM&index=3,,,,,,,,,,,,,,,,,,,,,,,,,30Â DecÂ '99,,,,,,30Â DecÂ '99,,,,,,,,,,,,,,,,,,,,,,,,--,,,,,,,,,,,,,,,,,,,,,,,,,,,
,219,-,,ð³ð´,skycrab1,,ð,8:38.021,8:38.021,06Â MayÂ 2025,(U),unknown,,,8,38,21,518021,https://www.youtube.com/watch?v=VTFc9umQMn8&list=PLU3_fvoJ1GyMStiA29z37DUPtG47PvOJz&index=120,,,,,,,,,,,,,,,,,,,,,,,,,30Â DecÂ '99,,,,,,30Â DecÂ '99,,,,,,,,,,,,,,,,,,,,,,,,--,,,,,,,,,,,,,,,,,,,,,,,,,,,
,220,-,,ð¨ð¦,Jay12310,,ð,8:36.088,8:38.790,24Â NovÂ 2025,(U),unknown,,,8,38,790,518790,https://www.youtube.com/watch?v=t3Th0f5TeHc&list=PLaTJSsRuu2UcsiC6KEkJwrGp1GaGgPoVG&index=7,,,,,,,,,,,,,,,,,,,,,,,,,30Â DecÂ '99,,,,,,30Â DecÂ '99,,,,,,,,,,,,,,,,,,,,,,,,--,,,,,,,,,,,,,,,,,,,,,,,,,,,
,221,-,,ð¨ð¦,Jay12310,,ð,8:39.147,8:39.147,06Â DecÂ 2025,(U),unknown,,,8,39,147,519147,https://www.youtube.com/watch?v=SSESxjNH_hk&list=PLaTJSsRuu2UcsiC6KEkJwrGp1GaGgPoVG&index=10,,,,,,,,,,,,,,,,,,,,,,,,,30Â DecÂ '99,,,,,,30Â DecÂ '99,,,,,,,,,,,,,,,,,,,,,,,,--,,,,,,,,,,,,,,,,,,,,,,,,,,,
,222,-,,ðºð¸,doogile,,ð,8:39.037,8:39.282,30Â MarÂ 2025,(U),8886412600271699411,,,8,39,282,519282,https://www.youtube.com/watch?v=u6qbrlizGMM,,,,,,,,,,,,,,,,,,,,,,,,,30Â DecÂ '99,,,,,,30Â DecÂ '99,,,,,,,,,,,,,,,,,,,,,,,,--,,,,,,,,,,,,,,,,,,,,,,,,,,,
,223,-,,ð©ð°,Bloopy,,ð,8:39.524,8:39.524,08Â FebÂ 2025,(U),-1918684009025106856,,,8,39,524,519524,https://www.youtube.com/watch?v=4Ncc5fSS7fU,,,,,,,,,,,,,,,,,,,,,,,,,30Â DecÂ '99,,,,,,30Â DecÂ '99,,,,,,,,,,,,,,,,,,,,,,,,--,,,,,,,,,,,,,,,,,,,,,,,,,,,
,224,-,,ð©ðª,jason_n,,ð,8:39.547,8:39.547,14Â SepÂ 2024,(U),-6811725567637899791,,,8,39,547,519547,https://www.youtube.com/watch?v=vO1lOV6z_rs,,,,,,,,,,,,,,,,,,,,,,,,,30Â DecÂ '99,,,,,,30Â DecÂ '99,,,,,,,,,,,,,,,,,,,,,,,,--,,,,,,,,,,,,,,,,,,,,,,,,,,,
,225,-,,ð³ð´,skycrab1,,ð,8:39.547,8:39.779,30Â MayÂ 2025,(U),unknown,,,8,39,779,519779,https://www.youtube.com/watch?v=NFMHJvhQb_w&list=PLU3_fvoJ1GyMStiA29z37DUPtG47PvOJz&index=129,,,,,,,,,,,,,,,,,,,,,,,,,30Â DecÂ '99,,,,,,30Â DecÂ '99,,,,,,,,,,,,,,,,,,,,,,,,--,,,,,,,,,,,,,,,,,,,,,,,,,,,
,226,-,,ðµð±,watermelon1708,,ð,8:39.647,8:40.008,29Â NovÂ 2025,(U),unknown,,,8,40,8,520008,https://www.youtube.com/watch?v=t10Ij-c_N2s,,,,,,,,,,,,,,,,,,,,,,,,,30Â DecÂ '99,,,,,,30Â DecÂ '99,,,,,,,,,,,,,,,,,,,,,,,,--,,,,,,,,,,,,,,,,,,,,,,,,,,,
,227,-,,ð©ðª,jason_n,,ð,8:40.038,8:40.038,21Â AugÂ 2024,(U),8973323366010797251,,,8,40,38,520038,https://www.youtube.com/watch?v=wtVTAwET8cA,,,,,,,,,,,,,,,,,,,,,,,,,30Â DecÂ '99,,,,,,30Â DecÂ '99,,,,,,,,,,,,,,,,,,,,,,,,--,,,,,,,,,,,,,,,,,,,,,,,,,,,
,228,-,,ðµð±,watermelon1708,,ð,8:39.979,8:40.694,15Â NovÂ 2025,(U),unknown,,,8,40,694,520694,https://www.youtube.com/watch?v=EKR-bvraczI,,,,,,,,,,,,,,,,,,,,,,,,,30Â DecÂ '99,,,,,,30Â DecÂ '99,,,,,,,,,,,,,,,,,,,,,,,,--,,,,,,,,,,,,,,,,,,,,,,,,,,,
,229,-,,ðºð¸,doogile,,ð,8:39.729,8:40.725,09Â DecÂ 2023,(U),-5412281049038794009,,,8,40,725,520725,https://www.youtube.com/watch?v=Jv2jo4YQLrw,,,,,,,,,,,,,,,,,,,,,,,,,30Â DecÂ '99,,,,,,30Â DecÂ '99,,,,,,,,,,,,,,,,,,,,,,,,--,,,,,,,,,,,,,,,,,,,,,,,,,,,
,230,-,,ðºð¸,doogile,,ð,8:40.768,8:40.768,16Â JulÂ 2024,(U),8198000986967179551,,,8,40,768,520768,https://www.youtube.com/watch?v=Ce_A0Sa97Hg,,,,,,,,,,,,,,,,,,,,,,,,,30Â DecÂ '99,,,,,,30Â DecÂ '99,,,,,,,,,,,,,,,,,,,,,,,,--,,,,,,,,,,,,,,,,,,,,,,,,,,,
,231,-,,ð³ð´,skycrab1,,ð,8:40.888,8:40.888,08Â DecÂ 2025,(U),unknown,,,8,40,888,520888,https://www.youtube.com/watch?v=xihX3p1Fp4s&list=PLU3_fvoJ1GyMStiA29z37DUPtG47PvOJz&index=153,,,,,,,,,,,,,,,,,,,,,,,,,30Â DecÂ '99,,,,,,30Â DecÂ '99,,,,,,,,,,,,,,,,,,,,,,,,--,,,,,,,,,,,,,,,,,,,,,,,,,,,
,232,-,,ð³ð´,skycrab1,,ð,8:40.847,8:41.542,18Â MayÂ 2025,(U),unknown,,,8,41,542,521542,https://www.youtube.com/watch?v=xJ01M7bzZw4&list=PLU3_fvoJ1GyMStiA29z37DUPtG47PvOJz&index=123,,,,,,,,,,,,,,,,,,,,,,,,,30Â DecÂ '99,,,,,,30Â DecÂ '99,,,,,,,,,,,,,,,,,,,,,,,,--,,,,,,,,,,,,,,,,,,,,,,,,,,,
,233,-,,ð¨ð¦,Jay12310,,â,8:41.613,8:41.613,31Â JanÂ 2024,(V),-2567989600321826795,,,8,41,613,521613,https://www.speedrun.com/mc/runs/z1ke12jy,,,,,,,,,,,,,,,,,,,,,,,,,30Â DecÂ '99,,,,,,30Â DecÂ '99,,,,,,,,,,,,,,,,,,,,,,,,--,,,,,,,,,,,,,,,,,,,,,,,,,,,
,234,-,,ð¨ð¦,Aquacorde,,ð,8:42.341,8:42.341,21Â JunÂ 2025,(U),-7609881780988686655,,,8,42,341,522341,https://www.youtube.com/watch?v=MuohhSr-XiM,,,,,,,,,,,,,,,,,,,,,,,,,30Â DecÂ '99,,,,,,30Â DecÂ '99,,,,,,,,,,,,,,,,,,,,,,,,--,,,,,,,,,,,,,,,,,,,,,,,,,,,
,235,-,,ðºð¸,doogile,,ð,8:42.117,8:42.986,28Â FebÂ 2024,(U),5949882598636664818,,,8,42,986,522986,https://www.youtube.com/watch?v=oCkkuqlQ9Po,,,,,,,,,,,,,,,,,,,,,,,,,30Â DecÂ '99,,,,,,30Â DecÂ '99,,,,,,,,,,,,,,,,,,,,,,,,--,,,,,,,,,,,,,,,,,,,,,,,,,,,
,236,-,,ðºð¸,doogile,,ð,8:43.991,8:43.991,13Â JulÂ 2024,(U),-7771537069643682878,,,8,43,991,523991,https://www.youtube.com/watch?v=TZ_zdyCgG4M,,,,,,,,,,,,,,,,,,,,,,,,,30Â DecÂ '99,,,,,,30Â DecÂ '99,,,,,,,,,,,,,,,,,,,,,,,,--,,,,,,,,,,,,,,,,,,,,,,,,,,,
,237,-,,ð³ð´,skycrab1,,ð,8:43.592,8:44.066,13Â JulÂ 2025,(U),see video,,,8,44,66,524066,https://www.youtube.com/watch?v=jDNFlZ8Sg58&list=PLU3_fvoJ1GyMStiA29z37DUPtG47PvOJz&index=132,,,,,,,,,,,,,,,,,,,,,,,,,30Â DecÂ '99,,,,,,30Â DecÂ '99,,,,,,,,,,,,,,,,,,,,,,,,--,,,,,,,,,,,,,,,,,,,,,,,,,,,
,238,-,,ð©ð°,Bloopy,,ð,8:44.147,8:44.147,14Â JanÂ 2025,(U),865156050683453436,,,8,44,147,524147,https://www.youtube.com/watch?v=mCIohgnMn6Q,,,,,,,,,,,,,,,,,,,,,,,,,30Â DecÂ '99,,,,,,30Â DecÂ '99,,,,,,,,,,,,,,,,,,,,,,,,--,,,,,,,,,,,,,,,,,,,,,,,,,,,
,239,-,,ð¸ð°,NoFear1337,,ð,8:43.284,8:44.223,01Â JanÂ 2024,(U),unknown,,,8,44,223,524223,https://www.youtube.com/watch?v=qY2cZ8Sy2uY&list=PLaTJSsRuu2UeeWabBBfNVWALvnefBoL2C&index=3,,,,,,,,,,,,,,,,,,,,,,,,,30Â DecÂ '99,,,,,,30Â DecÂ '99,,,,,,,,,,,,,,,,,,,,,,,,--,,,,,,,,,,,,,,,,,,,,,,,,,,,
,240,-,,ð¨ð¦,Jay12310,,ð,8:44.276,8:44.276,10Â NovÂ 2025,(U),unknown,,,8,44,276,524276,https://www.youtube.com/watch?v=zPHrwr8ViFs&list=PLaTJSsRuu2UcsiC6KEkJwrGp1GaGgPoVG&index=6,,,,,,,,,,,,,,,,,,,,,,,,,30Â DecÂ '99,,,,,,30Â DecÂ '99,,,,,,,,,,,,,,,,,,,,,,,,--,,,,,,,,,,,,,,,,,,,,,,,,,,,
,241,-,,ðºð¸,doogile,,ð,8:43.409,8:44.369,22Â MarÂ 2024,(U),3833476757322719608,,,8,44,369,524369,https://www.youtube.com/watch?v=ReityME0-V4,,,,,,,,,,,,,,,,,,,,,,,,,30Â DecÂ '99,,,,,,30Â DecÂ '99,,,,,,,,,,,,,,,,,,,,,,,,--,,,,,,,,,,,,,,,,,,,,,,,,,,,
,242,-,,ð³ð´,skycrab1,,ð,8:43.341,8:44.403,08Â MayÂ 2024,(U),unknown,,,8,44,403,524403,https://www.youtube.com/watch?v=KxM7quLW_a0&list=PLU3_fvoJ1GyMStiA29z37DUPtG47PvOJz&index=19,,,,,,,,,,,,,,,,,,,,,,,,,30Â DecÂ '99,,,,,,30Â DecÂ '99,,,,,,,,,,,,,,,,,,,,,,,,--,,,,,,,,,,,,,,,,,,,,,,,,,,,
,243,-,,ð¨ð¦,Aquacorde,,ð,8:44.345,8:44.570,08Â JulÂ 2025,(U),-1775700207608873533,,,8,44,570,524570,https://www.youtube.com/watch?v=oEQpaV4i5Xo,,,,,,,,,,,,,,,,,,,,,,,,,30Â DecÂ '99,,,,,,30Â DecÂ '99,,,,,,,,,,,,,,,,,,,,,,,,--,,,,,,,,,,,,,,,,,,,,,,,,,,,
,244,-,,ð³ð´,skycrab1,,ð,8:41.713,8:44.753,09Â JunÂ 2024,(U),3601997149186064061,,,8,44,753,524753,https://www.youtube.com/watch?v=ARk7_DpxA8k&list=PLU3_fvoJ1GyMStiA29z37DUPtG47PvOJz&index=27,,,,,,,,,,,,,,,,,,,,,,,,,30Â DecÂ '99,,,,,,30Â DecÂ '99,,,,,,,,,,,,,,,,,,,,,,,,--,,,,,,,,,,,,,,,,,,,,,,,,,,,
,245,-,,ð¸ð°,NoFear1337,,ð,8:44.741,8:45.020,09Â DecÂ 2025,(U),unknown,,,8,45,20,525020,https://www.youtube.com/watch?v=LrqzlWWtJ5s,,,,,,,,,,,,,,,,,,,,,,,,,30Â DecÂ '99,,,,,,30Â DecÂ '99,,,,,,,,,,,,,,,,,,,,,,,,--,,,,,,,,,,,,,,,,,,,,,,,,,,,
,246,-,,ð«ð®,iluappi,,â,8:43.470,8:45.874,31Â JulÂ 2025,(V),-5964250352143644519,,,8,45,874,525874,https://www.speedrun.com/mc/runs/yljxnnkm,,,,,,,,,,,,,,,,,,,,,,,,,30Â DecÂ '99,,,,,,30Â DecÂ '99,,,,,,,,,,,,,,,,,,,,,,,,--,,,,,,,,,,,,,,,,,,,,,,,,,,,
,247,-,,ð¹ð¿,Kxpow,,â,8:39.054,8:45.890,29Â MayÂ 2023,(X),-8065244563761891233,08,Yes,8,45,890,525890,https://www.youtube.com/watch?v=_Wdwq60t9tg,,,,,,,,,,,,,,,,,,,,,,,,,30Â DecÂ '99,,,,,,30Â DecÂ '99,,,,,,,,,,,,,,,,,,,,,,,,--,,,,,,,,,,,,,,,,,,,,,,,,,,,
,248,-,,ð¸ð°,NoFear1337,,â,8:43.898,8:45.910,06Â AprÂ 2023,(V),-7753826472617365003,06,Yes,8,45,910,525910,https://www.speedrun.com/mc/run/ywv7303z,,,,,,,,,,,,,,,,,,,,,,,,,30Â DecÂ '99,,,,,,30Â DecÂ '99,,,,,,,,,,,,,,,,,,,,,,,,--,,,,,,,,,,,,,,,,,,,,,,,,,,,
,249,-,,ðºð¸,doogile,,â,8:46.031,8:46.031,27Â OctÂ 2022,(V),8426484340228880879,,,8,46,31,526031,https://www.speedrun.com/mc/runs/zq95v58y,,,,,,,,,,,,,,,,,,,,,,,,,30Â DecÂ '99,,,,,,30Â DecÂ '99,,,,,,,,,,,,,,,,,,,,,,,,--,,,,,,,,,,,,,,,,,,,,,,,,,,,
,250,-,,ð³ð´,skycrab1,,ð,8:45.053,8:46.049,08Â NovÂ 2025,(U),see video,,,8,46,49,526049,https://www.youtube.com/watch?v=wAckC_nZcLI&list=PLU3_fvoJ1GyMStiA29z37DUPtG47PvOJz&index=148,,,,,,,,,,,,,,,,,,,,,,,,,30Â DecÂ '99,,,,,,30Â DecÂ '99,,,,,,,,,,,,,,,,,,,,,,,,--,,,,,,,,,,,,,,,,,,,,,,,,,,,
,251,-,,ð¦ð¿,KenanKardes,,â,8:45.460,8:46.120,27Â JunÂ 2024,(V),-2790104330333108477,,,8,46,120,526120,https://www.speedrun.com/mc/runs/y9jrkkem,,,,,,,,,,,,,,,,,,,,,,,,,30Â DecÂ '99,,,,,,30Â DecÂ '99,,,,,,,,,,,,,,,,,,,,,,,,,,,,,,,,,,,,,,,,,,,,,,,,,,,
,252,-,,ð³ð´,skycrab1,,ð,8:46.360,8:46.475,05Â DecÂ 2025,(U),see video,,,8,46,475,526475,https://www.youtube.com/watch?v=21D0838rJEA&list=PLU3_fvoJ1GyMStiA29z37DUPtG47PvOJz&index=151,,,,,,,,,,,,,,,,,,,,,,,,,30Â DecÂ '99,,,,,,30Â DecÂ '99,,,,,,,,,,,,,,,,,,,,,,,,--,,,,,,,,,,,,,,,,,,,,,,,,,,,
,253,-,,ðºð¸,meebie,,ð,8:46.730,8:46.730,31Â AugÂ 2024,(U),-1594197392145476989,,,8,46,730,526730,https://www.youtube.com/watch?v=zkLphmIsY5Y&list=PLaTJSsRuu2Ufk7cX7bUTt9V-IJxa8wqSM&index=16,,,,,,,,,,,,,,,,,,,,,,,,,30Â DecÂ '99,,,,,,30Â DecÂ '99,,,,,,,,,,,,,,,,,,,,,,,,,,,,,,,,,,,,,,,,,,,,,,,,,,,
,254,-,,ð³ð´,skycrab1,,ð,8:46.809,8:46.809,19Â DecÂ 2025,(U),see video,,,8,46,809,526809,https://www.youtube.com/watch?v=C7eIdtsV1E0&list=PLU3_fvoJ1GyMStiA29z37DUPtG47PvOJz&index=161,,,,,,,,,,,,,,,,,,,,,,,,,30Â DecÂ '99,,,,,,30Â DecÂ '99,,,,,,,,,,,,,,,,,,,,,,,,--,,,,,,,,,,,,,,,,,,,,,,,,,,,
,255,-,,ðºð¸,doogile,,ð,8:45.693,8:47.009,10Â JunÂ 2023,(U),3305404777235060755,,,8,47,9,527009,https://www.youtube.com/watch?v=LJc8Ue_wMxc,,,,,,,,,,,,,,,,,,,,,,,,,30Â DecÂ '99,,,,,,30Â DecÂ '99,,,,,,,,,,,,,,,,,,,,,,,,--,,,,,,,,,,,,,,,,,,,,,,,,,,,
,256,-,,ð³ð´,skycrab1,,ð,8:48.708,8:48.708,20Â SepÂ 2025,(U),see video,,,8,48,708,528708,https://www.youtube.com/watch?v=QaK_cdmaPKQ&list=PLU3_fvoJ1GyMStiA29z37DUPtG47PvOJz&index=138,,,,,,,,,,,,,,,,,,,,,,,,,30Â DecÂ '99,,,,,,30Â DecÂ '99,,,,,,,,,,,,,,,,,,,,,,,,--,,,,,,,,,,,,,,,,,,,,,,,,,,,
,257,-,,ðºð¸,doogile,,ð,8:46.578,8:47.860,20Â AugÂ 2023,(U),4103179370625614995,,,8,47,860,527860,https://www.youtube.com/watch?v=uDN8xoI81Ys,,,,,,,,,,,,,,,,,,,,,,,,,30Â DecÂ '99,,,,,,30Â DecÂ '99,,,,,,,,,,,,,,,,,,,,,,,,--,,,,,,,,,,,,,,,,,,,,,,,,,,,
,258,-,,ð³ð´,skycrab1,,ð,8:47.874,8:47.874,27Â NovÂ 2024,(U),6699117318653298892,,,8,47,874,527874,https://www.youtube.com/watch?v=5ukarnI5ByU&list=PLU3_fvoJ1GyMStiA29z37DUPtG47PvOJz&index=99,,,,,,,,,,,,,,,,,,,,,,,,,30Â DecÂ '99,,,,,,30Â DecÂ '99,,,,,,,,,,,,,,,,,,,,,,,,--,,,,,,,,,,,,,,,,,,,,,,,,,,,
,259,-,,ð©ð°,Bloopy,,ð,8:47.901,8:47.901,22Â SepÂ 2024,(U),3928864958060769511,,,8,47,901,527901,https://www.youtube.com/watch?v=aNxuLYPmOdo,,,,,,,,,,,,,,,,,,,,,,,,,30Â DecÂ '99,,,,,,30Â DecÂ '99,,,,,,,,,,,,,,,,,,,,,,,,--,,,,,,,,,,,,,,,,,,,,,,,,,,,
,260,65,ð¨ð¦,silverr,,,â,8:46.965,8:47.927,22Â OctÂ 2022,(V),2855607942042314683,,,8,47,927,527927,https://www.speedrun.com/mc/runs/zgq688ey,,,,,,,,,,,,,,,,,,,,,,,,,30Â DecÂ '99,,,,,,30Â DecÂ '99,,,,,,,,,,,,,,,,,,,,,,,,--,,,,,,,,,,,,,,,,,,,,,,,,,,,
,261,-,,ðºð¸,doogile,,ð,8:46.669,8:48.064,10Â DecÂ 2023,(U),-842020506674052183,,,8,48,64,528064,https://www.youtube.com/watch?v=lirP0lAFhMI,,,,,,,,,,,,,,,,,,,,,,,,,30Â DecÂ '99,,,,,,30Â DecÂ '99,,,,,,,,,,,,,,,,,,,,,,,,--,,,,,,,,,,,,,,,,,,,,,,,,,,,
,262,-,,ðºð¸,doogile,,ð,8:48.089,8:48.089,23Â JulÂ 2024,(U),-8431738247847193587,,,8,48,89,528089,https://www.youtube.com/watch?v=RMvtU2KWgYM,,,,,,,,,,,,,,,,,,,,,,,,,30Â DecÂ '99,,,,,,30Â DecÂ '99,,,,,,,,,,,,,,,,,,,,,,,,--,,,,,,,,,,,,,,,,,,,,,,,,,,,
,263,-,,ð³ð´,skycrab1,,ð,8:48.272,8:48.272,07Â FebÂ 2026,(U),unknown,,,8,48,272,528272,https://www.youtube.com/watch?v=mNshDsaAVzc&list=PLU3_fvoJ1GyMStiA29z37DUPtG47PvOJz&index=169,,,,,,,,,,,,,,,,,,,,,,,,,30Â DecÂ '99,,,,,,30Â DecÂ '99,,,,,,,,,,,,,,,,,,,,,,,,,,,,,,,,,,,,,,,,,,,,,,,,,,,
,264,-,,ð¨ð¦,NoHacsJustRoblox,,ð,8:48.505,8:48.505,08Â MayÂ 2024,(U),unknown,,,8,48,505,528505,https://www.youtube.com/watch?v=5UDUfLkhEoQ,,,,,,,,,,,,,,,,,,,,,,,,,30Â DecÂ '99,,,,,,30Â DecÂ '99,,,,,,,,,,,,,,,,,,,,,,,,--,,,,,,,,,,,,,,,,,,,,,,,,,,,
,265,-,,ð©ð°,Bloopy,,ð,8:48.509,8:48.509,06Â AprÂ 2026,(U),5863096878600780723,,,8,48,509,528509,https://www.youtube.com/watch?v=VfwUs71-gkQ,,,,,,,,,,,,,,,,,,,,,,,,,30Â DecÂ '99,,,,,,30Â DecÂ '99,,,,,,,,,,,,,,,,,,,,,,,,,,,,,,,,,,,,,,,,,,,,,,,,,,,
,266,-,,ð³ð´,skycrab1,,ð,8:48.529,8:48.529,03Â FebÂ 2025,(U),2881897363802283355,,,8,48,529,528529,https://www.youtube.com/watch?v=-3u6nTAXcUM&list=PLU3_fvoJ1GyMStiA29z37DUPtG47PvOJz&index=114,,,,,,,,,,,,,,,,,,,,,,,,,30Â DecÂ '99,,,,,,30Â DecÂ '99,,,,,,,,,,,,,,,,,,,,,,,,--,,,,,,,,,,,,,,,,,,,,,,,,,,,
,267,-,,ð³ð´,skycrab1,,ð,8:48.873,8:48.873,10Â DecÂ 2024,(U),2315176208545760284,,,8,48,873,528873,https://www.youtube.com/watch?v=_u3kwy8rXbI&list=PLU3_fvoJ1GyMStiA29z37DUPtG47PvOJz&index=102,,,,,,,,,,,,,,,,,,,,,,,,,30Â DecÂ '99,,,,,,30Â DecÂ '99,,,,,,,,,,,,,,,,,,,,,,,,--,,,,,,,,,,,,,,,,,,,,,,,,,,,
,268,-,,ð³ð´,skycrab1,,ð,8:49.409,8:49.409,28Â MayÂ 2025,(U),unknown,,,8,49,409,529409,https://www.youtube.com/watch?v=xyDX6i-JbRU&list=PLU3_fvoJ1GyMStiA29z37DUPtG47PvOJz&index=128,,,,,,,,,,,,,,,,,,,,,,,,,30Â DecÂ '99,,,,,,30Â DecÂ '99,,,,,,,,,,,,,,,,,,,,,,,,--,,,,,,,,,,,,,,,,,,,,,,,,,,,
,269,-,,ð³ð´,skycrab1,,ð,8:49.441,8:49.441,06Â MarÂ 2026,(U),unknown,,,8,49,441,529441,https://www.youtube.com/watch?v=IpU2pIs3HGI&list=PLU3_fvoJ1GyMStiA29z37DUPtG47PvOJz&index=163,,,,,,,,,,,,,,,,,,,,,,,,,30Â DecÂ '99,,,,,,30Â DecÂ '99,,,,,,,,,,,,,,,,,,,,,,,,,,,,,,,,,,,,,,,,,,,,,,,,,,,
,270,-,,ðµð±,watermelon1708,,ð,8:45.180,8:49.596,22Â DecÂ 2025,(U),see video,,,8,49,596,529596,https://www.youtube.com/watch?v=oDrlzG59d00,,,,,,,,,,,,,,,,,,,,,,,,,30Â DecÂ '99,,,,,,30Â DecÂ '99,,,,,,,,,,,,,,,,,,,,,,,,--,,,,,,,,,,,,,,,,,,,,,,,,,,,
,271,-,,ð³ð´,skycrab1,,ð,8:49.496,8:49.628,07Â FebÂ 2026,(U),unknown,,,8,49,628,529628,https://www.youtube.com/watch?v=9i8Wohwq8no&list=PLU3_fvoJ1GyMStiA29z37DUPtG47PvOJz&index=168,,,,,,,,,,,,,,,,,,,,,,,,,30Â DecÂ '99,,,,,,30Â DecÂ '99,,,,,,,,,,,,,,,,,,,,,,,,,,,,,,,,,,,,,,,,,,,,,,,,,,,
,272,-,,ð³ð´,skycrab1,,ð,8:49.936,8:49.936,08Â NovÂ 2025,(U),see video,,,8,49,936,529936,https://www.youtube.com/watch?v=5haOUDeGf-A&list=PLU3_fvoJ1GyMStiA29z37DUPtG47PvOJz&index=149,,,,,,,,,,,,,,,,,,,,,,,,,30Â DecÂ '99,,,,,,30Â DecÂ '99,,,,,,,,,,,,,,,,,,,,,,,,--,,,,,,,,,,,,,,,,,,,,,,,,,,,
,273,-,,ðºð¸,meebie,,ð,8:48.596,8:50.051,03Â SepÂ 2023,(U),7299498132050335302,15,Yes,8,50,51,530051,https://www.youtube.com/watch?v=LMy95QFL1VM,,,,,,,,,,,,,,,,,,,,,,,,,30Â DecÂ '99,,,,,,30Â DecÂ '99,,,,,,,,,,,,,,,,,,,,,,,,--,,,,,,,,,,,,,,,,,,,,,,,,,,,
,274,-,,ð¸ð°,NoFear1337,,ð,8:50.451,8:50.501,19Â OctÂ 2023,(U),unknown,,,8,50,501,530501,https://www.youtube.com/watch?v=Wq1CcMWfAsY,,,,,,,,,,,,,,,,,,,,,,,,,30Â DecÂ '99,,,,,,30Â DecÂ '99,,,,,,,,,,,,,,,,,,,,,,,,--,,,,,,,,,,,,,,,,,,,,,,,,,,,
,275,-,,ð¨ð¦,Aquacorde,,ð,8:50.506,8:50.506,19Â JulÂ 2025,(U),-7616555443413747711,,,8,50,506,530506,https://www.youtube.com/watch?v=68HoZv27LzI,,,,,,,,,,,,,,,,,,,,,,,,,30Â DecÂ '99,,,,,,30Â DecÂ '99,,,,,,,,,,,,,,,,,,,,,,,,--,,,,,,,,,,,,,,,,,,,,,,,,,,,
,276,-,,ð³ð´,skycrab1,,ð,8:50.803,8:50.803,05Â MayÂ 2025,(U),unknown,,,8,50,803,530803,https://www.youtube.com/watch?v=yXdhGgJyuoQ&list=PLU3_fvoJ1GyMStiA29z37DUPtG47PvOJz&index=119,,,,,,,,,,,,,,,,,,,,,,,,,30Â DecÂ '99,,,,,,30Â DecÂ '99,,,,,,,,,,,,,,,,,,,,,,,,--,,,,,,,,,,,,,,,,,,,,,,,,,,,
,277,-,,ð³ð´,skycrab1,,ð,8:50.545,8:51.236,10Â AugÂ 2024,(U),-3197286302200123556,,,8,51,236,531236,https://www.youtube.com/watch?v=k1eYrv60vEg&list=PLU3_fvoJ1GyMStiA29z37DUPtG47PvOJz&index=50,,,,,,,,,,,,,,,,,,,,,,,,,30Â DecÂ '99,,,,,,30Â DecÂ '99,,,,,,,,,,,,,,,,,,,,,,,,--,,,,,,,,,,,,,,,,,,,,,,,,,,,
,278,-,,ð¨ð¦,NoHacsJustRoblox,,ð,8:51.843,8:52.318,01Â DecÂ 2024,(U),unknown,,,8,52,318,532318,https://www.youtube.com/watch?v=Z6z82Y5kP4k,,,,,,,,,,,,,,,,,,,,,,,,,30Â DecÂ '99,,,,,,30Â DecÂ '99,,,,,,,,,,,,,,,,,,,,,,,,--,,,,,,,,,,,,,,,,,,,,,,,,,,,
,279,-,,ðºð¸,doogile,,ð,8:51.678,8:52.413,10Â DecÂ 2023,(U),-5260994394316547335,,,8,52,413,532413,https://www.youtube.com/watch?v=OW5kwKZPOzU,,,,,,,,,,,,,,,,,,,,,,,,,30Â DecÂ '99,,,,,,30Â DecÂ '99,,,,,,,,,,,,,,,,,,,,,,,,--,,,,,,,,,,,,,,,,,,,,,,,,,,,
,280,-,,ð¸ð°,NoFear1337,,ð,8:51.877,8:53.246,20Â SepÂ 2025,(U),unknown,,,8,53,246,533246,https://www.youtube.com/watch?v=AEz9SIx1tgc,,,,,,,,,,,,,,,,,,,,,,,,,30Â DecÂ '99,,,,,,30Â DecÂ '99,,,,,,,,,,,,,,,,,,,,,,,,--,,,,,,,,,,,,,,,,,,,,,,,,,,,
,281,-,,ð©ð°,Bloopy,,ð,8:52.223,8:53.623,28Â FebÂ 2026,(U),945686901685258779,,,8,53,623,533623,https://www.youtube.com/watch?v=F4IAOLQREog,,,,,,,,,,,,,,,,,,,,,,,,,30Â DecÂ '99,,,,,,30Â DecÂ '99,,,,,,,,,,,,,,,,,,,,,,,,,,,,,,,,,,,,,,,,,,,,,,,,,,,
,282,-,,ðºð¸,Zylenox,,ð,8:49.318,8:53.683,06Â MarÂ 2026,(U),unknown,,,8,53,683,533683,https://www.youtube.com/watch?v=atLqoAAuits,,,,,,,,,,,,,,,,,,,,,,,,,30Â DecÂ '99,,,,,,30Â DecÂ '99,,,,,,,,,,,,,,,,,,,,,,,,,,,,,,,,,,,,,,,,,,,,,,,,,,,
,283,-,,ðµð±,watermelon1708,,ð,8:52.609,8:54.133,05Â NovÂ 2025,(U),unknown,,,8,54,133,534133,https://www.youtube.com/watch?v=x_zdSf7bhIg,,,,,,,,,,,,,,,,,,,,,,,,,30Â DecÂ '99,,,,,,30Â DecÂ '99,,,,,,,,,,,,,,,,,,,,,,,,--,,,,,,,,,,,,,,,,,,,,,,,,,,,
,284,-,,ð³ð´,skycrab1,,ð,8:52.230,8:52.230,11Â NovÂ 2024,(U),-2877178576147619973,,,8,52,230,532230,https://www.youtube.com/watch?v=65224Q7ZkCQ&list=PLU3_fvoJ1GyMStiA29z37DUPtG47PvOJz&index=92,,,,,,,,,,,,,,,,,,,,,,,,,30Â DecÂ '99,,,,,,30Â DecÂ '99,,,,,,,,,,,,,,,,,,,,,,,,--,,,,,,,,,,,,,,,,,,,,,,,,,,,
,285,-,,ð³ð´,skycrab1,,ð,8:53.059,8:55.075,17Â JunÂ 2024,(U),-1214553875519321530,,,8,55,75,535075,https://www.youtube.com/watch?v=UbiUU4PS8Yg&list=PLU3_fvoJ1GyMStiA29z37DUPtG47PvOJz&index=34,,,,,,,,,,,,,,,,,,,,,,,,,30Â DecÂ '99,,,,,,30Â DecÂ '99,,,,,,,,,,,,,,,,,,,,,,,,--,,,,,,,,,,,,,,,,,,,,,,,,,,,
,286,-,,ð³ð´,skycrab1,,ð,8:55.209,8:55.494,29Â AprÂ 2025,(U),unknown,,,8,55,494,535494,https://www.youtube.com/watch?v=Jv4hwkbrykA&list=PLU3_fvoJ1GyMStiA29z37DUPtG47PvOJz&index=118,,,,,,,,,,,,,,,,,,,,,,,,,30Â DecÂ '99,,,,,,30Â DecÂ '99,,,,,,,,,,,,,,,,,,,,,,,,--,,,,,,,,,,,,,,,,,,,,,,,,,,,
,287,-,,ðµð±,kazzruns,,â,8:55.715,8:55.971,13Â NovÂ 2024,(V),-8462465597101337145,,,8,55,971,535971,https://www.speedrun.com/mc/runs/y9dr7oem,,,,,,,,,,,,,,,,,,,,,,,,,30Â DecÂ '99,,,,,,30Â DecÂ '99,,,,,,,,,,,,,,,,,,,,,,,,,,,,,,,,,,,,,,,,,,,,,,,,,,,
,288,-,,ðºð¸,doogile,,ð,8:56.053,8:56.053,24Â MarÂ 2025,(U),-4743958313443045268,,,8,56,53,536053,https://www.youtube.com/watch?v=MOF0Iu9SBKo,,,,,,,,,,,,,,,,,,,,,,,,,30Â DecÂ '99,,,,,,30Â DecÂ '99,,,,,,,,,,,,,,,,,,,,,,,,--,,,,,,,,,,,,,,,,,,,,,,,,,,,
,289,-,,ð¸ð°,NoFear1337,,ð,8:55.940,8:56.651,09Â SepÂ 2024,(U),unknown,,,8,56,651,536651,https://www.youtube.com/watch?v=OFKGxnx2P38&list=PLaTJSsRuu2UeeWabBBfNVWALvnefBoL2C&index=12,,,,,,,,,,,,,,,,,,,,,,,,,30Â DecÂ '99,,,,,,30Â DecÂ '99,,,,,,,,,,,,,,,,,,,,,,,,--,,,,,,,,,,,,,,,,,,,,,,,,,,,
,290,-,,ð¸ð°,NoFear1337,,ð,8:55.740,8:56.923,27Â MarÂ 2024,(U),unknown,,,8,56,923,536923,https://www.youtube.com/watch?v=NMjC1md2rGE&list=PLaTJSsRuu2UeeWabBBfNVWALvnefBoL2C&index=8,,,,,,,,,,,,,,,,,,,,,,,,,30Â DecÂ '99,,,,,,30Â DecÂ '99,,,,,,,,,,,,,,,,,,,,,,,,--,,,,,,,,,,,,,,,,,,,,,,,,,,,
,291,-,,ð©ð°,Bloopy,,ð,8:57.348,8:57.348,14Â MarÂ 2026,(U),4967329614795166163,,,8,57,348,537348,https://www.youtube.com/watch?v=fcX2MP-_y2E,,,,,,,,,,,,,,,,,,,,,,,,,30Â DecÂ '99,,,,,,30Â DecÂ '99,,,,,,,,,,,,,,,,,,,,,,,,,,,,,,,,,,,,,,,,,,,,,,,,,,,
,292,-,,ð¨ð¦,Aquacorde,,â,8:57.720,8:57.720,25Â JulÂ 2024,(V),3015905876303256572,,,8,57,720,537720,https://www.speedrun.com/mc/runs/m3j14wdz,,,,,,,,,,,,,,,,,,,,,,,,,30Â DecÂ '99,,,,,,30Â DecÂ '99,,,,,,,,,,,,,,,,,,,,,,,,--,,,,,,,,,,,,,,,,,,,,,,,,,,,
,293,-,,ðºð¸,meebie,,ð,8:57.348,8:57.738,18Â AugÂ 2024,(U),7618635482659477050,,,8,57,738,537738,https://www.youtube.com/watch?v=IJsF0R7FLR0&list=PLaTJSsRuu2Ufk7cX7bUTt9V-IJxa8wqSM&index=15,,,,,,,,,,,,,,,,,,,,,,,,,30Â DecÂ '99,,,,,,30Â DecÂ '99,,,,,,,,,,,,,,,,,,,,,,,,,,,,,,,,,,,,,,,,,,,,,,,,,,,
,294,-,,ð¨ð¦,Aquacorde,,ð,8:57.744,8:57.744,21Â JulÂ 2025,(U),2089452302138806331,,,8,57,744,537744,https://www.youtube.com/watch?v=4Cu-z1JTQKs,,,,,,,,,,,,,,,,,,,,,,,,,30Â DecÂ '99,,,,,,30Â DecÂ '99,,,,,,,,,,,,,,,,,,,,,,,,--,,,,,,,,,,,,,,,,,,,,,,,,,,,
,295,-,,ð³ð´,skycrab1,,ð,8:59.293,8:59.293,11Â SepÂ 2024,(U),-6389114711842986192,,,8,59,293,539293,https://www.youtube.com/watch?v=8hzE9Hw6gAU&list=PLU3_fvoJ1GyMStiA29z37DUPtG47PvOJz&index=67,,,,,,,,,,,,,,,,,,,,,,,,,30Â DecÂ '99,,,,,,30Â DecÂ '99,,,,,,,,,,,,,,,,,,,,,,,,--,,,,,,,,,,,,,,,,,,,,,,,,,,,
,296,-,,ð©ð°,Bloopy,,ð,8:59.432,8:59.432,16Â MayÂ 2025,(U),-18983467290883032,,,8,59,432,539432,https://www.youtube.com/watch?v=514JjNvEQK4,,,,,,,,,,,,,,,,,,,,,,,,,30Â DecÂ '99,,,,,,30Â DecÂ '99,,,,,,,,,,,,,,,,,,,,,,,,--,,,,,,,,,,,,,,,,,,,,,,,,,,,
,297,-,,ðºð¸,meebie,,ð,8:59.573,8:59.573,19Â NovÂ 2023,(U),-1575876630213539597,12,Yes,8,59,573,539573,https://www.youtube.com/watch?v=zJnvTxa-tIw,,,,,,,,,,,,,,,,,,,,,,,,,30Â DecÂ '99,,,,,,30Â DecÂ '99,,,,,,,,,,,,,,,,,,,,,,,,--,,,,,,,,,,,,,,,,,,,,,,,,,,,
,298,-,,ð©ð°,Bloopy,,ð,9:00.170,9:00.170,05Â OctÂ 2024,(U),-5352242782529280836,,,9,0,170,540170,https://www.youtube.com/watch?v=fRLq2qYkV40,,,,,,,,,,,,,,,,,,,,,,,,,30Â DecÂ '99,,,,,,30Â DecÂ '99,,,,,,,,,,,,,,,,,,,,,,,,--,,,,,,,,,,,,,,,,,,,,,,,,,,,
,299,-,,ð¨ð¦,Aquacorde,,ð,9:00.365,9:00.365,21Â AugÂ 2024,(U),-3831818911159801954,,,9,0,365,540365,https://www.youtube.com/watch?v=3dW5m8cUe6A,,,,,,,,,,,,,,,,,,,,,,,,,30Â DecÂ '99,,,,,,30Â DecÂ '99,,,,,,,,,,,,,,,,,,,,,,,,--,,,,,,,,,,,,,,,,,,,,,,,,,,,
,300,-,,ðµð±,watermelon1708,,ð,8:59.980,9:00.400,06Â DecÂ 2025,(U),unknown,,,9,0,400,540400,https://www.youtube.com/watch?v=NKfTh40LmXo,,,,,,,,,,,,,,,,,,,,,,,,,30Â DecÂ '99,,,,,,30Â DecÂ '99,,,,,,,,,,,,,,,,,,,,,,,,--,,,,,,,,,,,,,,,,,,,,,,,,,,,
,301,-,,ð³ð´,skycrab1,,ð,9:00.416,9:00.416,18Â DecÂ 2024,(U),-2825863056396066441,,,9,0,416,540416,https://www.youtube.com/watch?v=QuzaLR4dZX0&list=PLU3_fvoJ1GyMStiA29z37DUPtG47PvOJz&index=104,,,,,,,,,,,,,,,,,,,,,,,,,30Â DecÂ '99,,,,,,30Â DecÂ '99,,,,,,,,,,,,,,,,,,,,,,,,--,,,,,,,,,,,,,,,,,,,,,,,,,,,
,302,-,,ð³ð´,skycrab1,,ð,8:59.994,9:00.517,15Â AugÂ 2024,(U),6950286062050709827,,,9,0,517,540517,https://www.youtube.com/watch?v=GdrxXjooUA4&list=PLU3_fvoJ1GyMStiA29z37DUPtG47PvOJz&index=56,,,,,,,,,,,,,,,,,,,,,,,,,30Â DecÂ '99,,,,,,30Â DecÂ '99,,,,,,,,,,,,,,,,,,,,,,,,--,,,,,,,,,,,,,,,,,,,,,,,,,,,
,303,-,,ð¸ð°,NoFear1337,,ð,8:57.699,9:00.720,14Â AprÂ 2023,(U),unknown,,,9,0,720,540720,https://www.youtube.com/watch?v=HRrYCllMZvI,,,,,,,,,,,,,,,,,,,,,,,,,30Â DecÂ '99,,,,,,30Â DecÂ '99,,,,,,,,,,,,,,,,,,,,,,,,--,,,,,,,,,,,,,,,,,,,,,,,,,,,
,304,-,,ð³ð´,skycrab1,,â,8:59.353,9:01.102,05Â NovÂ 2023,(V),-7277035047426370667,,,9,1,102,541102,https://www.speedrun.com/mc/runs/yd2e770m,,,,,,,,,,,,,,,,,,,,,,,,,30Â DecÂ '99,,,,,,30Â DecÂ '99,,,,,,,,,,,,,,,,,,,,,,,,--,,,,,,,,,,,,,,,,,,,,,,,,,,,
,305,-,,ðºð¸,doogile,,ð,8:59.983,9:01.127,06Â OctÂ 2023,(U),9195494537967252613,,,9,1,127,541127,https://www.youtube.com/watch?v=lUWGWVc40zo,,,,,,,,,,,,,,,,,,,,,,,,,30Â DecÂ '99,,,,,,30Â DecÂ '99,,,,,,,,,,,,,,,,,,,,,,,,--,,,,,,,,,,,,,,,,,,,,,,,,,,,
,306,-,,ð©ð°,Bloopy,,ð,9:01.143,9:01.143,18Â JanÂ 2025,(U),-7620737076103346510,,,9,1,143,541143,https://www.youtube.com/watch?v=d9vkKsLySa0,,,,,,,,,,,,,,,,,,,,,,,,,30Â DecÂ '99,,,,,,30Â DecÂ '99,,,,,,,,,,,,,,,,,,,,,,,,--,,,,,,,,,,,,,,,,,,,,,,,,,,,
,307,-,,ðºð¸,doogile,,ð,9:01.449,9:01.449,25Â MayÂ 2024,(U),-7536657347809840728,,,9,1,449,541449,https://www.youtube.com/watch?v=fqNFbLGUKeA,,,,,,,,,,,,,,,,,,,,,,,,,30Â DecÂ '99,,,,,,30Â DecÂ '99,,,,,,,,,,,,,,,,,,,,,,,,--,,,,,,,,,,,,,,,,,,,,,,,,,,,
,308,-,,ð©ð°,Bloopy,,ð,9:01.455,9:01.455,29Â JanÂ 2025,(U),-3030095061520695931,,,9,1,455,541455,https://www.youtube.com/watch?v=VGY1zOH0JTc,,,,,,,,,,,,,,,,,,,,,,,,,30Â DecÂ '99,,,,,,30Â DecÂ '99,,,,,,,,,,,,,,,,,,,,,,,,--,,,,,,,,,,,,,,,,,,,,,,,,,,,
,309,-,,ðµð±,watermelon1708,,ð,8:59.859,9:01.423,25Â DecÂ 2025,(U),see video,,,9,1,423,541423,https://www.youtube.com/watch?v=cE3J7k4Sshc,,,,,,,,,,,,,,,,,,,,,,,,,30Â DecÂ '99,,,,,,30Â DecÂ '99,,,,,,,,,,,,,,,,,,,,,,,,--,,,,,,,,,,,,,,,,,,,,,,,,,,,
,310,-,,ðµð±,watermelon1708,,ð,8:57.165,9:01.510,21Â OctÂ 2025,(U),unknown,,,9,1,510,541510,https://www.youtube.com/watch?v=bgofOfS1s1A,,,,,,,,,,,,,,,,,,,,,,,,,30Â DecÂ '99,,,,,,30Â DecÂ '99,,,,,,,,,,,,,,,,,,,,,,,,--,,,,,,,,,,,,,,,,,,,,,,,,,,,
,311,-,,ð³ð´,skycrab1,,ð,9:01.581,9:01.581,24Â OctÂ 2024,(U),5396784990910154852,,,9,1,581,541581,https://www.youtube.com/watch?v=7QvmYogun44&list=PLU3_fvoJ1GyMStiA29z37DUPtG47PvOJz&index=88,,,,,,,,,,,,,,,,,,,,,,,,,30Â DecÂ '99,,,,,,30Â DecÂ '99,,,,,,,,,,,,,,,,,,,,,,,,--,,,,,,,,,,,,,,,,,,,,,,,,,,,
,312,-,,ð¨ð¦,NoHacsJustRoblox,,ð,9:00.675,9:01.646,03Â SepÂ 2024,(U),7108735323901756884,,,9,1,646,541646,https://www.youtube.com/watch?v=1F8ZBRB354Y,,,,,,,,,,,,,,,,,,,,,,,,,30Â DecÂ '99,,,,,,30Â DecÂ '99,,,,,,,,,,,,,,,,,,,,,,,,--,,,,,,,,,,,,,,,,,,,,,,,,,,,
,313,-,,ð³ð´,skycrab1,,ð,9:01.851,9:01.851,06Â OctÂ 2024,(U),5584430862827466527,,,9,1,851,541851,https://www.youtube.com/watch?v=XLXBEG_9Z2M&list=PLU3_fvoJ1GyMStiA29z37DUPtG47PvOJz&index=76,,,,,,,,,,,,,,,,,,,,,,,,,30Â DecÂ '99,,,,,,30Â DecÂ '99,,,,,,,,,,,,,,,,,,,,,,,,--,,,,,,,,,,,,,,,,,,,,,,,,,,,
,314,-,,ðºð¸,doogile,,ð,9:01.361,9:01.856,17Â MarÂ 2024,(U),-423824187334230143,,,9,1,856,541856,https://www.youtube.com/watch?v=9aJOIrN2g-A,,,,,,,,,,,,,,,,,,,,,,,,,30Â DecÂ '99,,,,,,30Â DecÂ '99,,,,,,,,,,,,,,,,,,,,,,,,--,,,,,,,,,,,,,,,,,,,,,,,,,,,
,315,-,,ð³ð´,skycrab1,,ð,9:02.423,9:02.423,30Â AugÂ 2024,(U),3049901205395221348,,,9,2,423,542423,https://www.youtube.com/watch?v=PPXIiFSl4dc&list=PLU3_fvoJ1GyMStiA29z37DUPtG47PvOJz&index=62,,,,,,,,,,,,,,,,,,,,,,,,,30Â DecÂ '99,,,,,,30Â DecÂ '99,,,,,,,,,,,,,,,,,,,,,,,,--,,,,,,,,,,,,,,,,,,,,,,,,,,,
,316,-,,ð¸ð°,NoFear1337,,ð,9:02.402,9:02.859,30Â JunÂ 2025,(U),unknown,,,9,2,859,542859,https://www.youtube.com/watch?v=6HhUuitsxGs,,,,,,,,,,,,,,,,,,,,,,,,,30Â DecÂ '99,,,,,,30Â DecÂ '99,,,,,,,,,,,,,,,,,,,,,,,,--,,,,,,,,,,,,,,,,,,,,,,,,,,,
,317,-,,ð©ð°,Bloopy,,â,9:02.325,9:02.890,20Â JulÂ 2024,(U),-3162138013269904068,,,9,2,890,542890,https://www.youtube.com/watch?v=LQVoVG-qCYo,,,,,,,,,,,,,,,,,,,,,,,,,30Â DecÂ '99,,,,,,30Â DecÂ '99,,,,,,,,,,,,,,,,,,,,,,,,--,,,,,,,,,,,,,,,,,,,,,,,,,,,
,318,-,,ð©ð°,Bloopy,,â,9:03.208,9:03.208,09Â MarÂ 2024,(V),327741930004183264,,,9,3,208,543208,https://www.speedrun.com/mc/runs/zq8w755z,,,,,,,,,,,,,,,,,,,,,,,,,30Â DecÂ '99,,,,,,30Â DecÂ '99,,,,,,,,,,,,,,,,,,,,,,,,--,,,,,,,,,,,,,,,,,,,,,,,,,,,
,319,-,,ð¨ð¦,Aquacorde,,ð,9:03.483,9:03.483,15Â JulÂ 2025,(U),3586604150107286256,,,9,3,483,543483,https://www.youtube.com/watch?v=HlKgDCEfr1M,,,,,,,,,,,,,,,,,,,,,,,,,30Â DecÂ '99,,,,,,30Â DecÂ '99,,,,,,,,,,,,,,,,,,,,,,,,--,,,,,,,,,,,,,,,,,,,,,,,,,,,
,320,-,,ðºð¸,doogile,,ð,8:58.672,9:04.680,20Â OctÂ 2023,(U),5170768254742346902,,,9,4,680,544680,https://www.youtube.com/watch?v=nX477DDwCp4,,,,,,,,,,,,,,,,,,,,,,,,,30Â DecÂ '99,,,,,,30Â DecÂ '99,,,,,,,,,,,,,,,,,,,,,,,,--,,,,,,,,,,,,,,,,,,,,,,,,,,,
,321,-,,ð³ð´,skycrab1,,ð,9:03.846,9:05.167,01Â DecÂ 2023,(U),5228422525265565557,,,9,5,167,545167,https://www.youtube.com/watch?v=Qe_QUpUyPbc&list=PLU3_fvoJ1GyMStiA29z37DUPtG47PvOJz&index=5,,,,,,,,,,,,,,,,,,,,,,,,,30Â DecÂ '99,,,,,,30Â DecÂ '99,,,,,,,,,,,,,,,,,,,,,,,,--,,,,,,,,,,,,,,,,,,,,,,,,,,,
,322,-,,ðºð¸,doogile,,ð,9:03.653,9:05.189,03Â JulÂ 2024,(U),-1944357644516820181,,,9,5,189,545189,https://www.youtube.com/watch?v=2PrVhqKEWwk,,,,,,,,,,,,,,,,,,,,,,,,,30Â DecÂ '99,,,,,,30Â DecÂ '99,,,,,,,,,,,,,,,,,,,,,,,,--,,,,,,,,,,,,,,,,,,,,,,,,,,,
,323,-,,ð¨ð¦,Jay12310,,ð,9:05.451,9:05.451,16Â MarÂ 2024,(U),see video,,,9,5,451,545451,https://www.youtube.com/watch?v=ivDOaiqp9jM&list=PLaTJSsRuu2UcsiC6KEkJwrGp1GaGgPoVG&index=2,,,,,,,,,,,,,,,,,,,,,,,,,30Â DecÂ '99,,,,,,30Â DecÂ '99,,,,,,,,,,,,,,,,,,,,,,,,--,,,,,,,,,,,,,,,,,,,,,,,,,,,
,324,-,,ðºð¸,doogile,,ð,9:05.184,9:05.845,06Â NovÂ 2023,(U),5873759299326194645,,,9,5,845,545845,https://www.youtube.com/watch?v=5MtswX7IfB4,,,,,,,,,,,,,,,,,,,,,,,,,30Â DecÂ '99,,,,,,30Â DecÂ '99,,,,,,,,,,,,,,,,,,,,,,,,--,,,,,,,,,,,,,,,,,,,,,,,,,,,
,325,-,,ð³ð´,skycrab1,,ð,9:04.821,9:06.518,16Â OctÂ 2024,(U),1509054890108880200,,,9,6,518,546518,https://www.youtube.com/watch?v=o2BhtRPoBl8&list=PLU3_fvoJ1GyMStiA29z37DUPtG47PvOJz&index=83,,,,,,,,,,,,,,,,,,,,,,,,,30Â DecÂ '99,,,,,,30Â DecÂ '99,,,,,,,,,,,,,,,,,,,,,,,,--,,,,,,,,,,,,,,,,,,,,,,,,,,,
,326,-,,ð³ð´,skycrab1,,ð,9:07.149,9:07.149,10Â OctÂ 2024,(U),-1175900086044057204,,,9,7,149,547149,https://www.youtube.com/watch?v=A-29KTnAD2I&list=PLU3_fvoJ1GyMStiA29z37DUPtG47PvOJz&index=82,,,,,,,,,,,,,,,,,,,,,,,,,30Â DecÂ '99,,,,,,30Â DecÂ '99,,,,,,,,,,,,,,,,,,,,,,,,--,,,,,,,,,,,,,,,,,,,,,,,,,,,
,327,-,,ð³ð´,skycrab1,,ð,9:07.112,9:07.112,28Â AprÂ 2025,(U),unknown,,,9,7,112,547112,https://www.youtube.com/watch?v=o710MyvzZRc&list=PLU3_fvoJ1GyMStiA29z37DUPtG47PvOJz&index=117,,,,,,,,,,,,,,,,,,,,,,,,,30Â DecÂ '99,,,,,,30Â DecÂ '99,,,,,,,,,,,,,,,,,,,,,,,,--,,,,,,,,,,,,,,,,,,,,,,,,,,,
,328,-,,ð³ð´,skycrab1,,ð,9:07.485,9:07.485,08Â FebÂ 2025,(U),3737533492080781915,,,9,7,485,547485,https://www.youtube.com/watch?v=vIyLdcMlpzU&list=PLU3_fvoJ1GyMStiA29z37DUPtG47PvOJz&index=116,,,,,,,,,,,,,,,,,,,,,,,,,30Â DecÂ '99,,,,,,30Â DecÂ '99,,,,,,,,,,,,,,,,,,,,,,,,--,,,,,,,,,,,,,,,,,,,,,,,,,,,
,329,-,,ð³ð´,skycrab1,,ð,9:07.893,9:07.893,16Â NovÂ 2024,(U),3572344265609154792,,,9,7,893,547893,https://www.youtube.com/watch?v=GB4EvDhnAj0&list=PLU3_fvoJ1GyMStiA29z37DUPtG47PvOJz&index=94,,,,,,,,,,,,,,,,,,,,,,,,,30Â DecÂ '99,,,,,,30Â DecÂ '99,,,,,,,,,,,,,,,,,,,,,,,,--,,,,,,,,,,,,,,,,,,,,,,,,,,,
,330,-,,ðºð¸,doogile,,ð,9:07.950,9:07.950,16Â AugÂ 2024,(U),unknown,,,9,7,950,547950,https://www.youtube.com/watch?v=rVh_EFcoA_Q,,,,,,,,,,,,,,,,,,,,,,,,,30Â DecÂ '99,,,,,,30Â DecÂ '99,,,,,,,,,,,,,,,,,,,,,,,,--,,,,,,,,,,,,,,,,,,,,,,,,,,,
,331,-,,ð³ð´,skycrab1,,ð,9:02.208,9:08.108,24Â AugÂ 2024,(U),8200471492953039268,,,9,8,108,548108,https://www.youtube.com/watch?v=7kCryLBekaY&list=PLU3_fvoJ1GyMStiA29z37DUPtG47PvOJz&index=59,,,,,,,,,,,,,,,,,,,,,,,,,30Â DecÂ '99,,,,,,30Â DecÂ '99,,,,,,,,,,,,,,,,,,,,,,,,--,,,,,,,,,,,,,,,,,,,,,,,,,,,
,332,-,,ð³ð´,skycrab1,,ð,9:08.173,9:08.173,22Â JulÂ 2025,(U),unknown,,,9,8,173,548173,https://www.youtube.com/watch?v=ywxlACuqAe0&list=PLU3_fvoJ1GyMStiA29z37DUPtG47PvOJz&index=137,,,,,,,,,,,,,,,,,,,,,,,,,30Â DecÂ '99,,,,,,30Â DecÂ '99,,,,,,,,,,,,,,,,,,,,,,,,--,,,,,,,,,,,,,,,,,,,,,,,,,,,
,333,-,,ð¹ð¿,Kxpow,,ð,9:04.666,9:08.266,14Â NovÂ 2023,(U),-4809940892150569008,,,9,8,266,548266,https://www.youtube.com/watch?v=gg6rLSlqqqc,,,,,,,,,,,,,,,,,,,,,,,,,30Â DecÂ '99,,,,,,30Â DecÂ '99,,,,,,,,,,,,,,,,,,,,,,,,,,,,,,,,,,,,,,,,,,,,,,,,,,,
,334,-,,ð§ðª,boyenn,,ð,9:08.407,9:08.407,09Â MarÂ 2025,(U),unknown,,,9,8,407,548407,https://www.youtube.com/watch?v=PIdpIYU0iN8,,,,,,,,,,,,,,,,,,,,,,,,,30Â DecÂ '99,,,,,,30Â DecÂ '99,,,,,,,,,,,,,,,,,,,,,,,,--,,,,,,,,,,,,,,,,,,,,,,,,,,,
,335,-,,ð¸ð°,NoFear1337,,ð,9:08.371,9:08.421,08Â JunÂ 2023,(U),unknown,,,9,8,421,548421,https://www.youtube.com/watch?v=IffgSK8FXyU,,,,,,,,,,,,,,,,,,,,,,,,,30Â DecÂ '99,,,,,,30Â DecÂ '99,,,,,,,,,,,,,,,,,,,,,,,,--,,,,,,,,,,,,,,,,,,,,,,,,,,,
,336,-,,ð¨ð¦,Aquacorde,,ð,9:08.473,9:08.473,17Â JulÂ 2025,(U),-4757456621971521047,,,9,8,473,548473,https://www.youtube.com/watch?v=3NgUon3iBFM,,,,,,,,,,,,,,,,,,,,,,,,,30Â DecÂ '99,,,,,,30Â DecÂ '99,,,,,,,,,,,,,,,,,,,,,,,,--,,,,,,,,,,,,,,,,,,,,,,,,,,,
,337,-,,ð¸ð°,NoFear1337,,ð,9:05.980,9:08.551,02Â FebÂ 2024,(U),unknown,,,9,8,551,548551,https://www.youtube.com/watch?v=4fdVhFGeQgo&list=PLaTJSsRuu2UeeWabBBfNVWALvnefBoL2C&index=5,,,,,,,,,,,,,,,,,,,,,,,,,30Â DecÂ '99,,,,,,30Â DecÂ '99,,,,,,,,,,,,,,,,,,,,,,,,--,,,,,,,,,,,,,,,,,,,,,,,,,,,
,338,-,,ð®ð¹,drip120,,ð,9:07.364,9:08.692,01Â NovÂ 2025,(U),unknown,,,9,8,692,548692,https://www.youtube.com/watch?v=xe-spdcY7jk,,,,,,,,,,,,,,,,,,,,,,,,,30Â DecÂ '99,,,,,,30Â DecÂ '99,,,,,,,,,,,,,,,,,,,,,,,,--,,,,,,,,,,,,,,,,,,,,,,,,,,,
,339,-,,ðºð¸,doogile,,ð,9:08.808,9:08.808,22Â MayÂ 2025,(U),7495631434322162088,,,9,8,808,548808,https://www.youtube.com/watch?v=p9ACbnS-GcQ,,,,,,,,,,,,,,,,,,,,,,,,,30Â DecÂ '99,,,,,,30Â DecÂ '99,,,,,,,,,,,,,,,,,,,,,,,,--,,,,,,,,,,,,,,,,,,,,,,,,,,,
,340,-,,ð«ð®,Cube1337x,â,â,9:06.178,9:08.820,22Â JanÂ 2022,(V),5182416045755256460,,,9,8,820,548820,https://www.speedrun.com/mc/runs/mr673jdm,,,,,,,,,,,,,,,,,,,,,,,,,30Â DecÂ '99,,,,,,30Â DecÂ '99,,,,,,,,,,,,,,,,,,,,,,,,--,,,,,,,,,,,,,,,,,,,,,,,,,,,
,341,-,,ð³ð´,skycrab1,,ð,9:09.076,9:09.076,26Â NovÂ 2024,(U),9146773889861471357,,,9,9,76,549076,https://www.youtube.com/watch?v=YABLZ52h9Ug&list=PLU3_fvoJ1GyMStiA29z37DUPtG47PvOJz&index=98,,,,,,,,,,,,,,,,,,,,,,,,,30Â DecÂ '99,,,,,,30Â DecÂ '99,,,,,,,,,,,,,,,,,,,,,,,,--,,,,,,,,,,,,,,,,,,,,,,,,,,,
,342,-,,ð³ð´,skycrab1,,ð,9:02.533,9:09.719,10Â AprÂ 2024,(U),unknown,,,9,9,719,549719,https://www.youtube.com/watch?v=s7Oyw0cBsDM&list=PLU3_fvoJ1GyMStiA29z37DUPtG47PvOJz&index=14,,,,,,,,,,,,,,,,,,,,,,,,,30Â DecÂ '99,,,,,,30Â DecÂ '99,,,,,,,,,,,,,,,,,,,,,,,,--,,,,,,,,,,,,,,,,,,,,,,,,,,,
,343,-,,ðºð¸,doogile,,ð,9:08.362,9:09.903,03Â FebÂ 2024,(U),4060064418388945747,,,9,9,903,549903,https://www.youtube.com/watch?v=z1xyWdGMjq8,,,,,,,,,,,,,,,,,,,,,,,,,30Â DecÂ '99,,,,,,30Â DecÂ '99,,,,,,,,,,,,,,,,,,,,,,,,--,,,,,,,,,,,,,,,,,,,,,,,,,,,
,344,-,,ð¸ð°,NoFear1337,,ð,9:09.128,9:10.259,08Â JunÂ 2025,(U),unknown,,,9,10,259,550259,https://www.youtube.com/watch?v=SiADDCUpd7E,,,,,,,,,,,,,,,,,,,,,,,,,30Â DecÂ '99,,,,,,30Â DecÂ '99,,,,,,,,,,,,,,,,,,,,,,,,--,,,,,,,,,,,,,,,,,,,,,,,,,,,
,345,-,,ð¹ð¿,Kxpow,,ð,9:05.662,9:10.523,09Â NovÂ 2023,(U),78496239085493281,,,9,10,523,550523,https://www.youtube.com/watch?v=gieho9nQgi0,,,,,,,,,,,,,,,,,,,,,,,,,30Â DecÂ '99,,,,,,30Â DecÂ '99,,,,,,,,,,,,,,,,,,,,,,,,,,,,,,,,,,,,,,,,,,,,,,,,,,,
,346,-,,ðºð¸,doogile,,ð,9:07.746,9:10.622,05Â NovÂ 2023,(U),1666689678537156689,,,9,10,622,550622,https://www.youtube.com/watch?v=VZnZzz2vZfk,,,,,,,,,,,,,,,,,,,,,,,,,30Â DecÂ '99,,,,,,30Â DecÂ '99,,,,,,,,,,,,,,,,,,,,,,,,--,,,,,,,,,,,,,,,,,,,,,,,,,,,
,347,-,,ð³ð´,skycrab1,,ð,9:09.863,9:10.809,08Â MarÂ 2024,(U),unknown,,,9,10,809,550809,https://www.youtube.com/watch?v=LhLJ0UepT94&list=PLU3_fvoJ1GyMStiA29z37DUPtG47PvOJz&index=11,,,,,,,,,,,,,,,,,,,,,,,,,30Â DecÂ '99,,,,,,30Â DecÂ '99,,,,,,,,,,,,,,,,,,,,,,,,--,,,,,,,,,,,,,,,,,,,,,,,,,,,
,348,-,,ð³ð´,skycrab1,,ð,9:10.726,9:11.397,13Â JunÂ 2024,(U),-8879598757614006862,,,9,11,397,551397,https://www.youtube.com/watch?v=cIcsjmes9iM&list=PLU3_fvoJ1GyMStiA29z37DUPtG47PvOJz&index=29,,,,,,,,,,,,,,,,,,,,,,,,,30Â DecÂ '99,,,,,,30Â DecÂ '99,,,,,,,,,,,,,,,,,,,,,,,,--,,,,,,,,,,,,,,,,,,,,,,,,,,,
,349,-,,ð³ð´,skycrab1,,ð,9:11.051,9:11.608,20Â SepÂ 2025,(U),unknown,,,9,11,608,551608,https://www.youtube.com/watch?v=jITLzyt8gXQ&list=PLU3_fvoJ1GyMStiA29z37DUPtG47PvOJz&index=141,,,,,,,,,,,,,,,,,,,,,,,,,30Â DecÂ '99,,,,,,30Â DecÂ '99,,,,,,,,,,,,,,,,,,,,,,,,--,,,,,,,,,,,,,,,,,,,,,,,,,,,
,350,-,,ð³ð´,skycrab1,,ð,9:11.538,9:11.538,19Â DecÂ 2025,(U),unknown,,,9,11,538,551538,https://www.youtube.com/watch?v=cGZBFX1-arU&list=PLU3_fvoJ1GyMStiA29z37DUPtG47PvOJz&index=160,,,,,,,,,,,,,,,,,,,,,,,,,30Â DecÂ '99,,,,,,30Â DecÂ '99,,,,,,,,,,,,,,,,,,,,,,,,--,,,,,,,,,,,,,,,,,,,,,,,,,,,
,351,-,,ð³ð´,skycrab1,,ð,9:11.308,9:12.058,19Â DecÂ 2025,(U),see video,,,9,12,58,552058,https://www.youtube.com/watch?v=Z1rqujzYKV8&list=PLU3_fvoJ1GyMStiA29z37DUPtG47PvOJz&index=159,,,,,,,,,,,,,,,,,,,,,,,,,30Â DecÂ '99,,,,,,30Â DecÂ '99,,,,,,,,,,,,,,,,,,,,,,,,--,,,,,,,,,,,,,,,,,,,,,,,,,,,
,352,-,,ð®ð¹,drip120,,ð,9:10.678,9:12.062,29Â AugÂ 2024,(U),unknown,,,9,12,62,552062,https://www.youtube.com/watch?v=LSRuTRyAUfA,,,,   ,,,,,,,,,,,,,,,,,,,,,30Â DecÂ '99,,,,,,30Â DecÂ '99,,,,,,,,,,,,,,,,,,,,,,,,--,,,,,,,,,,,,,,,,,,,,,,,,,,,
,353,-,,ð³ð´,skycrab1,,ð,9:10.431,9:12.727,07Â FebÂ 2026,(U),unknown,,,9,12,727,552727,https://www.youtube.com/watch?v=__q_TjQ_FMo&list=PLU3_fvoJ1GyMStiA29z37DUPtG47PvOJz&index=164,,,,,,,,,,,,,,,,,,,,,,,,,30Â DecÂ '99,,,,,,30Â DecÂ '99,,,,,,,,,,,,,,,,,,,,,,,,,,,,,,,,,,,,,,,,,,,,,,,,,,,
,354,-,,ð³ð´,skycrab1,,ð,9:11.847,9:13.147,18Â FebÂ 2024,(U),unknown,,,9,13,147,553147,https://www.youtube.com/watch?v=kFt_4d61onA&list=PLU3_fvoJ1GyMStiA29z37DUPtG47PvOJz&index=10,,,,,,,,,,,,,,,,,,,,,,,,,30Â DecÂ '99,,,,,,30Â DecÂ '99,,,,,,,,,,,,,,,,,,,,,,,,--,,,,,,,,,,,,,,,,,,,,,,,,,,,
,355,-,,ðºð¸,doogile,,ð,9:13.305,9:13.305,18Â MayÂ 2025,(U),5319889205923870675,,,9,13,305,553305,https://www.youtube.com/watch?v=ztGEXhDZfOU,,,,,,,,,,,,,,,,,,,,,,,,,30Â DecÂ '99,,,,,,30Â DecÂ '99,,,,,,,,,,,,,,,,,,,,,,,,--,,,,,,,,,,,,,,,,,,,,,,,,,,,
,356,-,,ð¨ð¦,Aquacorde,,â,9:13.730,9:13.730,02Â MayÂ 2023,(V),1132467978693802935,,,9,13,730,553730,https://www.speedrun.com/mc/runs/z5poxedm,,,,,,,,,,,,,,,,,,,,,,,,,30Â DecÂ '99,,,,,,30Â DecÂ '99,,,,,,,,,,,,,,,,,,,,,,,,--,,,,,,,,,,,,,,,,,,,,,,,,,,,
,357,-,,ð¸ð°,NoFear1337,,ð,9:10.602,9:13.999,04Â JulÂ 2025,(U),unknown,,,9,13,999,553999,https://www.youtube.com/watch?v=yNwHcISAArA,,,,,,,,,,,,,,,,,,,,,,,,,30Â DecÂ '99,,,,,,30Â DecÂ '99,,,,,,,,,,,,,,,,,,,,,,,,--,,,,,,,,,,,,,,,,,,,,,,,,,,,
,358,-,,ð³ð´,skycrab1,,ð,9:10.467,9:14.159,20Â SepÂ 2025,(U),unknown,,,9,14,159,554159,https://www.youtube.com/watch?v=OEZzZLeynP0&list=PLU3_fvoJ1GyMStiA29z37DUPtG47PvOJz&index=139,,,,,,,,,,,,,,,,,,,,,,,,,30Â DecÂ '99,,,,,,30Â DecÂ '99,,,,,,,,,,,,,,,,,,,,,,,,--,,,,,,,,,,,,,,,,,,,,,,,,,,,
,359,-,,ð³ð´,skycrab1,,ð,9:13.279,9:14.255,15Â FebÂ 2024,(U),unknown,,,9,14,255,554255,https://www.youtube.com/watch?v=WLjCJKEsbRU&list=PLU3_fvoJ1GyMStiA29z37DUPtG47PvOJz&index=9,,,,,,,,,,,,,,,,,,,,,,,,,30Â DecÂ '99,,,,,,30Â DecÂ '99,,,,,,,,,,,,,,,,,,,,,,,,--,,,,,,,,,,,,,,,,,,,,,,,,,,,
,360,-,,ð³ð´,skycrab1,,ð,9:12.682,9:14.598,17Â AugÂ 2024,(U),-7884786286742246917,,,9,14,598,554598,https://www.youtube.com/watch?v=AzF0dGCk1Ow&list=PLU3_fvoJ1GyMStiA29z37DUPtG47PvOJz&index=56,,,,,,,,,,,,,,,,,,,,,,,,,30Â DecÂ '99,,,,,,30Â DecÂ '99,,,,,,,,,,,,,,,,,,,,,,,,--,,,,,,,,,,,,,,,,,,,,,,,,,,,
,361,-,,ðµð±,watermelon1708,,ð,9:12.401,9:14.662,24Â JulÂ 2025,(U),unknown,,,9,14,662,554662,https://www.youtube.com/watch?v=4QYqWY63NSU,,,,,,,,,,,,,,,,,,,,,,,,,30Â DecÂ '99,,,,,,30Â DecÂ '99,,,,,,,,,,,,,,,,,,,,,,,,--,,,,,,,,,,,,,,,,,,,,,,,,,,,
,362,-,,ðºð¸,doogile,,ð,9:14.024,9:14.498,29Â JanÂ 2024,(U),6589962244023862742,,,9,14,498,554498,https://www.youtube.com/watch?v=-hzOpmkTbDU,,,,,,,,,,,,,,,,,,,,,,,,,30Â DecÂ '99,,,,,,30Â DecÂ '99,,,,,,,,,,,,,,,,,,,,,,,,--,,,,,,,,,,,,,,,,,,,,,,,,,,,
,363,-,,ðºð¸,doogile,,ð,9:14.533,9:15.162,26Â AprÂ 2024,(U),-3919243300877167705,,,9,15,162,555162,https://www.youtube.com/watch?v=GeoFh01Ym_4,,,,,,,,,,,,,,,,,,,,,,,,,30Â DecÂ '99,,,,,,30Â DecÂ '99,,,,,,,,,,,,,,,,,,,,,,,,--,,,,,,,,,,,,,,,,,,,,,,,,,,,
,364,-,,ðºð¸,doogile,,ð,9:14.089,9:15.601,11Â NovÂ 2023,(U),2174062846577023263,,,9,15,601,555601,https://www.youtube.com/watch?v=pUgJefjM1GA,,,,,,,,,,,,,,,,,,,,,,,,,30Â DecÂ '99,,,,,,30Â DecÂ '99,,,,,,,,,,,,,,,,,,,,,,,,--,,,,,,,,,,,,,,,,,,,,,,,,,,,
,365,-,,ð³ð´,skycrab1,,ð,9:14.966,9:16.045,09Â JulÂ 2024,(U),1846406805123780457,,,9,16,45,556045,https://www.youtube.com/watch?v=6Yj7_cuk-uM&list=PLU3_fvoJ1GyMStiA29z37DUPtG47PvOJz&index=41,,,,,,,,,,,,,,,,,,,,,,,,,30Â DecÂ '99,,,,,,30Â DecÂ '99,,,,,,,,,,,,,,,,,,,,,,,,--,,,,,,,,,,,,,,,,,,,,,,,,,,,
,366,-,,ð¸ð°,NoFear1337,,ð,9:14.913,9:16.380,10Â FebÂ 2024,(U),unknown,,,9,16,380,556380,https://www.youtube.com/watch?v=5zSaBWQqr4U&list=PLaTJSsRuu2UeeWabBBfNVWALvnefBoL2C&index=6,,,,,,,,,,,,,,,,,,,,,,,,,30Â DecÂ '99,,,,,,30Â DecÂ '99,,,,,,,,,,,,,,,,,,,,,,,,--,,,,,,,,,,,,,,,,,,,,,,,,,,,
,367,-,,ðºð¸,Zylenox,,ð,9:14.387,9:16.437,20Â MayÂ 2023,(U),8905593962406892009,,,9,16,437,556437,https://www.youtube.com/watch?v=hGU9t4TJ2m0,,,,,,,,,,,,,,,,,,,,,,,,,30Â DecÂ '99,,,,,,30Â DecÂ '99,,,,,,,,,,,,,,,,,,,,,,,,--,,,,,,,,,,,,,,,,,,,,,,,,,,,
,368,-,,ð¨ð¦,Aquacorde,,ð,9:15.604,9:16.493,26Â JanÂ 2024,(U),-1042044413178476719,,,9,16,493,556493,https://www.youtube.com/watch?v=pAhnFo4AVnE,,,,,,,,,,,,,,,,,,,,,,,,,30Â DecÂ '99,,,,,,30Â DecÂ '99,,,,,,,,,,,,,,,,,,,,,,,,--,,,,,,,,,,,,,,,,,,,,,,,,,,,
,369,-,,ð³ð´,skycrab1,,ð,9:16.645,9:16.645,17Â OctÂ 2024,(U),6561585119955405427,,,9,16,645,556645,https://www.youtube.com/watch?v=MkMf2lrPDJk&list=PLU3_fvoJ1GyMStiA29z37DUPtG47PvOJz&index=85,,,,,,,,,,,,,,,,,,,,,,,,,30Â DecÂ '99,,,,,,30Â DecÂ '99,,,,,,,,,,,,,,,,,,,,,,,,--,,,,,,,,,,,,,,,,,,,,,,,,,,,
,370,-,,ðºð¸,Infume,,â,9:13.433,9:16.955,05Â NovÂ 2023,(V),2006249756228583623,09,Yes,9,16,955,556955,https://www.speedrun.com/mc/runs/yoo68gjy,,,,,,,,,,,,,,,,,,,,,,,,,30Â DecÂ '99,,,,,,30Â DecÂ '99,,,,,,,,,,,,,,,,,,,,,,,,--,,,,,,,,,,,,,,,,,,,,,,,,,,,
,371,-,,ðºð¸,doogile,,ð,9:17.074,9:17.074,22Â SepÂ 2024,(U),7208789671149948230,,,9,17,74,557074,https://www.youtube.com/watch?v=GoOPg6uyw0M,,,,,,,,,,,,,,,,,,,,,,,,,30Â DecÂ '99,,,,,,30Â DecÂ '99,,,,,,,,,,,,,,,,,,,,,,,,--,,,,,,,,,,,,,,,,,,,,,,,,,,,
,372,-,,ð¨ð¦,NoHacsJustRoblox,,ð,9:17.060,9:17.060,04Â OctÂ 2024,(U),-7707972832259680714,,,9,17,60,557060,https://www.youtube.com/watch?v=OErmac0MJfo,,,,,,,,,,,,,,,,,,,,,,,,,30Â DecÂ '99,,,,,,30Â DecÂ '99,,,,,,,,,,,,,,,,,,,,,,,,--,,,,,,,,,,,,,,,,,,,,,,,,,,,
,373,-,,ð¸ð°,NoFear1337,,ð,9:17.140,9:17.140,12Â DecÂ 2022,(U),unknown,,,9,17,140,557140,https://www.youtube.com/watch?v=6nhON_z_fUs,,,,,,,,,,,,,,,,,,,,,,,,,30Â DecÂ '99,,,,,,30Â DecÂ '99,,,,,,,,,,,,,,,,,,,,,,,,--,,,,,,,,,,,,,,,,,,,,,,,,,,,
,374,-,,ð©ð°,Bloopy,,ð,9:17.397,9:17.397,31Â OctÂ 2024,(U),-8999228905854836808,,,9,17,397,557397,https://www.youtube.com/watch?v=3DH8mKGha0g,,,,,,,,,,,,,,,,,,,,,,,,,30Â DecÂ '99,,,,,,30Â DecÂ '99,,,,,,,,,,,,,,,,,,,,,,,,--,,,,,,,,,,,,,,,,,,,,,,,,,,,
,375,-,,ðºð¸,Zylenox,,ð,9:10.985,9:17.522,15Â MayÂ 2023,(U),-7323274319262585461,15,Yes,9,17,522,557522,https://www.youtube.com/watch?v=EUYjJCqOPdc,,,,,,,,,,,,,,,,,,,,,,,,,30Â DecÂ '99,,,,,,30Â DecÂ '99,,,,,,,,,,,,,,,,,,,,,,,,--,,,,,,,,,,,,,,,,,,,,,,,,,,,
,376,-,,ðºð¸,Zylenox,,ð,9:13.869,9:17.609,31Â JanÂ 2023,(U),-7020151109902988040,15,Yes,9,17,609,557609,https://www.youtube.com/watch?v=LFG9a3caV7M,,,,,,,,,,,,,,,,,,,,,,,,,30Â DecÂ '99,,,,,,30Â DecÂ '99,,,,,,,,,,,,,,,,,,,,,,,,--,,,,,,,,,,,,,,,,,,,,,,,,,,,
,377,-,,ð³ð´,skycrab1,,ð,9:18.049,9:18.049,10Â OctÂ 2024,(U),7717196540961604110,,,9,18,49,558049,https://www.youtube.com/watch?v=zMUJ5AJmou8&list=PLU3_fvoJ1GyMStiA29z37DUPtG47PvOJz&index=80,,,,,,,,,,,,,,,,,,,,,,,,,30Â DecÂ '99,,,,,,30Â DecÂ '99,,,,,,,,,,,,,,,,,,,,,,,,--,,,,,,,,,,,,,,,,,,,,,,,,,,,
,378,-,,ð³ð´,skycrab1,,ð,9:18.430,9:18.430,22Â JulÂ 2025,(U),unknown,,,9,18,430,558430,https://www.youtube.com/watch?v=za-UzBn_QrM&list=PLU3_fvoJ1GyMStiA29z37DUPtG47PvOJz&index=134,,,,,,,,,,,,,,,,,,,,,,,,,30Â DecÂ '99,,,,,,30Â DecÂ '99,,,,,,,,,,,,,,,,,,,,,,,,--,,,,,,,,,,,,,,,,,,,,,,,,,,,
,379,-,,ðºð¸,Reignex,,ð,9:18.705,9:18.705,14Â OctÂ 2023,(U),unknown,12,Yes,9,18,705,558705,https://www.youtube.com/watch?v=4FF1nTxjHGU,,,,,,,,,,,,,,,,,,,,,,,,,30Â DecÂ '99,,,,,,30Â DecÂ '99,,,,,,,,,,,,,,,,,,,,,,,,--,,,,,,,,,,,,,,,,,,,,,,,,,,,
,380,-,,ð¸ð°,NoFear1337,,ð,9:16.999,9:18.825,30Â DecÂ 2023,(U),unknown,,,9,18,825,558825,https://www.youtube.com/watch?v=LBJgput7Jd4&list=PLaTJSsRuu2UeeWabBBfNVWALvnefBoL2C&index=2,,,,,,,,,,,,,,,,,,,,,,,,,30Â DecÂ '99,,,,,,30Â DecÂ '99,,,,,,,,,,,,,,,,,,,,,,,,--,,,,,,,,,,,,,,,,,,,,,,,,,,,
,381,-,,ð¸ð°,NoFear1337,,ð,9:18.887,9:18.887,23Â JunÂ 2024,(U),unknown,,,9,18,887,558887,https://www.youtube.com/watch?v=07u83rRMp7g&list=PLaTJSsRuu2UeeWabBBfNVWALvnefBoL2C&index=10,,,,,,,,,,,,,,,,,,,,,,,,,30Â DecÂ '99,,,,,,30Â DecÂ '99,,,,,,,,,,,,,,,,,,,,,,,,--,,,,,,,,,,,,,,,,,,,,,,,,,,,
,382,-,,ð¹ð·,ulsahin,,â,9:11.907,9:18.901,22Â OctÂ 2022,(V),-9175405862479286955,01,Yes,9,18,901,558901,https://www.speedrun.com/mc/run/yw62x49m,,,,,,,,,,,,,,,,,,,,,,,,,30Â DecÂ '99,,,,,,30Â DecÂ '99,,,,,,,,,,,,,,,,,,,,,,,,--,,,,,,,,,,,,,,,,,,,,,,,,,,,
,383,-,,ð³ð´,skycrab1,,ð,9:17.770,9:18.915,05Â JulÂ 2024,(U),9011816872477408016,,,9,18,915,558915,https://www.youtube.com/watch?v=LWG_qoaOPj0&list=PLU3_fvoJ1GyMStiA29z37DUPtG47PvOJz&index=39,,,,,,,,,,,,,,,,,,,,,,,,,30Â DecÂ '99,,,,,,30Â DecÂ '99,,,,,,,,,,,,,,,,,,,,,,,,--,,,,,,,,,,,,,,,,,,,,,,,,,,,
,384,-,,ð©ð°,Bloopy,,ð,9:18.948,9:19.201,15Â MayÂ 2024,(U),-4253594903097616882,,,9,19,201,559201,https://www.youtube.com/watch?v=phM9zY5QURA,,,,,,,,,,,,,,,,,,,,,,,,,30Â DecÂ '99,,,,,,30Â DecÂ '99,,,,,,,,,,,,,,,,,,,,,,,,--,,,,,,,,,,,,,,,,,,,,,,,,,,,
,385,-,,ð¸ð°,NoFear1337,,ð,9:20.067,9:20.067,17Â MarÂ 2024,(U),unknown,,,9,20,67,560067,https://www.youtube.com/watch?v=wx_CPxzxwnY&list=PLaTJSsRuu2UeeWabBBfNVWALvnefBoL2C&index=7,,,,,,,,,,,,,,,,,,,,,,,,,30Â DecÂ '99,,,,,,30Â DecÂ '99,,,,,,,,,,,,,,,,,,,,,,,,--,,,,,,,,,,,,,,,,,,,,,,,,,,,
,386,-,,ð©ð°,Bloopy,,ð,9:20.313,9:20.313,14Â SepÂ 2024,(U),1197606622777508367,,,9,20,313,560313,https://www.youtube.com/watch?v=uvKQQ_wiAXU,,,,,,,,,,,,,,,,,,,,,,,,,30Â DecÂ '99,,,,,,30Â DecÂ '99,,,,,,,,,,,,,,,,,,,,,,,,--,,,,,,,,,,,,,,,,,,,,,,,,,,,
,387,-,,ð¸ð°,NoFear1337,,â,9:20.103,9:20.564,05Â NovÂ 2022,(V),-04661894098057216280,,,9,20,564,560564,https://www.speedrun.com/mc/runs/znq62l9z,,,,,,,,,,,,,,,,,,,,,,,,,30Â DecÂ '99,,,,,,30Â DecÂ '99,,,,,,,,,,,,,,,,,,,,,,,,--,,,,,,,,,,,,,,,,,,,,,,,,,,,
,388,-,,ð³ð´,skycrab1,,ð,9:21.103,9:21.103,20Â SepÂ 2025,(U),see video,,,9,21,103,561103,https://www.youtube.com/watch?v=GHKDc6d-Fes&list=PLU3_fvoJ1GyMStiA29z37DUPtG47PvOJz&index=140,,,,,,,,,,,,,,,,,,,,,,,,,30Â DecÂ '99,,,,,,30Â DecÂ '99,,,,,,,,,,,,,,,,,,,,,,,,--,,,,,,,,,,,,,,,,,,,,,,,,,,,
,389,-,,ðºð¸,doogile,,ð,9:20.519,9:21.114,10Â DecÂ 2023,(U),-3029852224010085717,,,9,21,114,561114,https://www.youtube.com/watch?v=ddJ5zdyslbw,,,,,,,,,,,,,,,,,,,,,,,,,30Â DecÂ '99,,,,,,30Â DecÂ '99,,,,,,,,,,,,,,,,,,,,,,,,--,,,,,,,,,,,,,,,,,,,,,,,,,,,
,390,-,,ðºð¸,doogile,,â,9:18.601,9:21.223,31Â AugÂ 2022,(V),-926914523663257060,,,9,21,223,561223,https://www.speedrun.com/mc/runs/znq7rllz,,,,,,,,,,,,,,,,,,,,,,,,,30Â DecÂ '99,,,,,,30Â DecÂ '99,,,,,,,,,,,,,,,,,,,,,,,,--,,,,,,,,,,,,,,,,,,,,,,,,,,,
,391,-,,ðºð¸,doogile,,ð,9:18.200,9:21.657,13Â OctÂ 2023,(U),5505825860127473867,,,9,21,657,561657,https://www.youtube.com/watch?v=ePu9GV9eOKA,,,,,,,,,,,,,,,,,,,,,,,,,30Â DecÂ '99,,,,,,30Â DecÂ '99,,,,,,,,,,,,,,,,,,,,,,,,--,,,,,,,,,,,,,,,,,,,,,,,,,,,
,392,-,,ð³ð´,skycrab1,,ð,9:21.700,9:21.700,18Â NovÂ 2024,(U),4892185153542737576,,,9,21,700,561700,https://www.youtube.com/watch?v=ZDMheI2JkhE&list=PLU3_fvoJ1GyMStiA29z37DUPtG47PvOJz&index=95,,,,,,,,,,,,,,,,,,,,,,,,,30Â DecÂ '99,,,,,,30Â DecÂ '99,,,,,,,,,,,,,,,,,,,,,,,,--,,,,,,,,,,,,,,,,,,,,,,,,,,,
,393,-,,ð³ð´,skycrab1,,ð,9:21.933,9:21.933,21Â OctÂ 2024,(U),-5604599059233679142,,,9,21,933,561933,https://www.youtube.com/watch?v=IfSVkk_BYyI&list=PLU3_fvoJ1GyMStiA29z37DUPtG47PvOJz&index=87,,,,,,,,,,,,,,,,,,,,,,,,,30Â DecÂ '99,,,,,,30Â DecÂ '99,,,,,,,,,,,,,,,,,,,,,,,,--,,,,,,,,,,,,,,,,,,,,,,,,,,,
,394,-,,ð¸ð°,NoFear1337,,ð,9:22.270,9:22.270,06Â DecÂ 2023,(U),unknown,,,9,22,270,562270,https://www.youtube.com/watch?v=4AiI-9WGRVg,,,,,,,,,,,,,,,,,,,,,,,,,30Â DecÂ '99,,,,,,30Â DecÂ '99,,,,,,,,,,,,,,,,,,,,,,,,--,,,,,,,,,,,,,,,,,,,,,,,,,,,
,395,-,,ð¨ð¦,Aquacorde,,ð,9:22.481,9:22.481,26Â MayÂ 2024,(U),2029778823013494560,,,9,22,481,562481,https://www.youtube.com/watch?v=A__tIzZKmi4,,,,,,,,,,,,,,,,,,,,,,,,,30Â DecÂ '99,,,,,,30Â DecÂ '99,,,,,,,,,,,,,,,,,,,,,,,,--,,,,,,,,,,,,,,,,,,,,,,,,,,,
,396,-,,ð¨ð¦,Aquacorde,,ð,9:22.502,9:22.502,07Â JunÂ 2025,(U),-803046318085136033,,,9,22,502,562502,https://www.youtube.com/watch?v=XDNtWhu2Vbk,,,,,,,,,,,,,,,,,,,,,,,,,30Â DecÂ '99,,,,,,30Â DecÂ '99,,,,,,,,,,,,,,,,,,,,,,,,--,,,,,,,,,,,,,,,,,,,,,,,,,,,
,397,-,,ð¨ð¦,Aquacorde,,ð,9:22.630,9:22.919,24Â JunÂ 2025,(U),-731369506168980347,,,9,22,919,562919,https://www.youtube.com/watch?v=JWt0HXHpP90,,,,,,,,,,,,,,,,,,,,,,,,,30Â DecÂ '99,,,,,,30Â DecÂ '99,,,,,,,,,,,,,,,,,,,,,,,,--,,,,,,,,,,,,,,,,,,,,,,,,,,,
,398,-,,ðºð¸,meebie,,ð,9:22.696,9:23.114,24Â DecÂ 2023,(U),-915907836254045753,06,Yes,9,23,114,563114,https://www.youtube.com/watch?v=Dr2HLNRqUNg,,,,,,,,,,,,,,,,,,,,,,,,,30Â DecÂ '99,,,,,,30Â DecÂ '99,,,,,,,,,,,,,,,,,,,,,,,,--,,,,,,,,,,,,,,,,,,,,,,,,,,,
,399,-,,ð¸ð°,NoFear1337,,ð,9:23.530,9:23.530,09Â SepÂ 2024,(U),unknown,,,9,23,530,563530,https://www.youtube.com/watch?v=LcP3_KsnQBU&list=PLaTJSsRuu2UeeWabBBfNVWALvnefBoL2C&index=13,,,,,,,,,,,,,,,,,,,,,,,,,30Â DecÂ '99,,,,,,30Â DecÂ '99,,,,,,,,,,,,,,,,,,,,,,,,--,,,,,,,,,,,,,,,,,,,,,,,,,,,
,400,-,,ð¨ð¦,Aquacorde,,ð,9:22.799,9:23.620,20Â JunÂ 2025,(U),-4713042810041071084,,,9,23,620,563620,https://www.youtube.com/watch?v=tUPPN8xWm5Q,,,,,,,,,,,,,,,,,,,,,,,,,30Â DecÂ '99,,,,,,30Â DecÂ '99,,,,,,,,,,,,,,,,,,,,,,,,--,,,,,,,,,,,,,,,,,,,,,,,,,,,
,401,-,,ð³ð´,skycrab1,,ð,9:23.687,9:23.687,03Â OctÂ 2024,(U),-7384765236082352690,,,9,23,687,563687,https://www.youtube.com/watch?v=F1V1bKWF_BA&list=PLU3_fvoJ1GyMStiA29z37DUPtG47PvOJz&index=74,,,,,,,,,,,,,,,,,,,,,,,,,30Â DecÂ '99,,,,,,30Â DecÂ '99,,,,,,,,,,,,,,,,,,,,,,,,--,,,,,,,,,,,,,,,,,,,,,,,,,,,
,402,-,,ð³ð´,skycrab1,,ð,9:23.710,9:23.710,05Â SepÂ 2024,(U),9087246093674379559,,,9,23,710,563710,https://www.youtube.com/watch?v=4u3juUdWOrY&list=PLU3_fvoJ1GyMStiA29z37DUPtG47PvOJz&index=64,,,,,,,,,,,,,,,,,,,,,,,,,30Â DecÂ '99,,,,,,30Â DecÂ '99,,,,,,,,,,,,,,,,,,,,,,,,--,,,,,,,,,,,,,,,,,,,,,,,,,,,
,403,-,,ð¸ð°,NoFear1337,,â,9:22.527,9:23.863,20Â AugÂ 2022,(V),-6071912128039465735,,,9,23,863,563863,https://www.speedrun.com/mc/runs/y4x2xndz,,,,,,,,,,,,,,,,,,,,,,,,,30Â DecÂ '99,,,,,,30Â DecÂ '99,,,,,,,,,,,,,,,,,,,,,,,,--,,,,,,,,,,,,,,,,,,,,,,,,,,,
,404,-,,ð©ð°,Bloopy,,ð,9:23.928,9:23.928,28Â NovÂ 2024,(U),-2126051371963399188,,,9,23,928,563928,https://www.youtube.com/watch?v=Q0HBLIfoV5A,,,,,,,,,,,,,,,,,,,,,,,,,30Â DecÂ '99,,,,,,30Â DecÂ '99,,,,,,,,,,,,,,,,,,,,,,,,--,,,,,,,,,,,,,,,,,,,,,,,,,,,
,405,-,,ðºð¸,doogile,,ð,9:23.427,9:24.091,02Â MarÂ 2024,(U),-1696208169374363336,,,9,24,91,564091,https://www.youtube.com/watch?v=dGmT4jJ31yM,,,,,,,,,,,,,,,,,,,,,,,,,30Â DecÂ '99,,,,,,30Â DecÂ '99,,,,,,,,,,,,,,,,,,,,,,,,--,,,,,,,,,,,,,,,,,,,,,,,,,,,
,406,-,,ð³ð´,skycrab1,,ð,9:24.105,9:24.105,15Â JanÂ 2025,(U),3842162755449251697,,,9,24,105,564105,https://www.youtube.com/watch?v=XO9rgYbn6Bw&list=PLU3_fvoJ1GyMStiA29z37DUPtG47PvOJz&index=108,,,,,,,,,,,,,,,,,,,,,,,,,30Â DecÂ '99,,,,,,30Â DecÂ '99,,,,,,,,,,,,,,,,,,,,,,,,--,,,,,,,,,,,,,,,,,,,,,,,,,,,
,407,-,,ðºð¸,doogile,,ð,9:22.116,9:24.247,24Â MarÂ 2025,(U),-6047098650778031938,,,9,24,247,564247,https://www.youtube.com/watch?v=NN8rfsl5mJo,,,,,,,,,,,,,,,,,,,,,,,,,30Â DecÂ '99,,,,,,30Â DecÂ '99,,,,,,,,,,,,,,,,,,,,,,,,--,,,,,,,,,,,,,,,,,,,,,,,,,,,
,408,-,,ð¨ð¦,Aquacorde,,ð,9:24.529,9:24.529,18Â JulÂ 2025,(U),-9197658143197340999,,,9,24,529,564529,https://www.youtube.com/watch?v=LeAZ9kcT4ks,,,,,,,,,,,,,,,,,,,,,,,,,30Â DecÂ '99,,,,,,30Â DecÂ '99,,,,,,,,,,,,,,,,,,,,,,,,--,,,,,,,,,,,,,,,,,,,,,,,,,,,
,409,-,,ðµð±,watermelon1708,,ð,9:24.119,9:24.537,14Â SepÂ 2025,(U),unknown,,,9,24,537,564537,https://www.youtube.com/watch?v=Y6Sokcc9jqc,,,,,,,,,,,,,,,,,,,,,,,,,30Â DecÂ '99,,,,,,30Â DecÂ '99,,,,,,,,,,,,,,,,,,,,,,,,--,,,,,,,,,,,,,,,,,,,,,,,,,,,
,410,-,,ð¸ð°,NoFear1337,,ð,9:23.488,9:24.567,01Â JulÂ 2023,(U),unknown,,,9,24,567,564567,https://www.youtube.com/watch?v=PuoZym6BBOw,,,,,,,,,,,,,,,,,,,,,,,,,30Â DecÂ '99,,,,,,30Â DecÂ '99,,,,,,,,,,,,,,,,,,,,,,,,--,,,,,,,,,,,,,,,,,,,,,,,,,,,
,411,-,,ðºð¸,doogile,,ð,9:23.811,9:24.766,15Â MayÂ 2023,(U),8584643897871750893,,,9,24,766,564766,https://www.youtube.com/watch?v=JGxZAVwLpq0,,,,,,,,,,,,,,,,,,,,,,,,,30Â DecÂ '99,,,,,,30Â DecÂ '99,,,,,,,,,,,,,,,,,,,,,,,,--,,,,,,,,,,,,,,,,,,,,,,,,,,,
,412,-,,ðºð¸,meebie,,ð,9:25.282,9:25.282,30Â MarÂ 2024,(U),unknown,,,9,25,282,565282,https://www.youtube.com/watch?v=H78JhqT_JAE&list=PLaTJSsRuu2Ufk7cX7bUTt9V-IJxa8wqSM&index=12,,,,,,,,,,,,,,,,,,,,,,,,,30Â DecÂ '99,,,,,,30Â DecÂ '99,,,,,,,,,,,,,,,,,,,,,,,,--,,,,,,,,,,,,,,,,,,,,,,,,,,,
,413,-,,ð¸ð°,NoFear1337,,ð,9:25.453,9:25.453,01Â JulÂ 2023,(U),unknown,,,9,25,453,565453,https://www.youtube.com/watch?v=5J0MBJD0At4,,,,,,,,,,,,,,,,,,,,,,,,,30Â DecÂ '99,,,,,,30Â DecÂ '99,,,,,,,,,,,,,,,,,,,,,,,,--,,,,,,,,,,,,,,,,,,,,,,,,,,,
,414,-,,ð¨ð¦,Aquacorde,,ð,9:24.313,9:25.637,26Â SepÂ 2024,(U),8823111015249469125,,,9,25,637,565637,https://www.youtube.com/watch?v=9xLUevZxPBM,,,,,,,,,,,,,,,,,,,,,,,,,30Â DecÂ '99,,,,,,30Â DecÂ '99,,,,,,,,,,,,,,,,,,,,,,,,--,,,,,,,,,,,,,,,,,,,,,,,,,,,
,415,-,,ðºð¸,doogile,,ð,9:26.244,9:26.244,08Â JulÂ 2024,(U),-6098241121848454577,,,9,26,244,566244,https://www.youtube.com/watch?v=yjRzgyThepc,,,,,,,,,,,,,,,,,,,,,,,,,30Â DecÂ '99,,,,,,30Â DecÂ '99,,,,,,,,,,,,,,,,,,,,,,,,--,,,,,,,,,,,,,,,,,,,,,,,,,,,
,416,-,,ð³ð´,skycrab1,,ð,9:26.342,9:26.342,29Â NovÂ 2024,(U),-573879670804358217,,,9,26,342,566342,https://www.youtube.com/watch?v=ljKL-oDGeS4&list=PLU3_fvoJ1GyMStiA29z37DUPtG47PvOJz&index=100,,,,,,,,,,,,,,,,,,,,,,,,,30Â DecÂ '99,,,,,,30Â DecÂ '99,,,,,,,,,,,,,,,,,,,,,,,,--,,,,,,,,,,,,,,,,,,,,,,,,,,,
,417,-,,ð¸ð°,NoFear1337,,ð,9:25.778,9:26.417,11Â JunÂ 2025,(U),unknown,,,9,26,417,566417,https://www.youtube.com/watch?v=oA02Os8avDY,,,,,,,,,,,,,,,,,,,,,,,,,30Â DecÂ '99,,,,,,30Â DecÂ '99,,,,,,,,,,,,,,,,,,,,,,,,--,,,,,,,,,,,,,,,,,,,,,,,,,,,
,418,-,,ð¨ð¦,silverr,,ð,9:26.582,9:26.582,20Â NovÂ 2022,(U),1572653948546520317,15,No,9,26,582,566582,https://www.youtube.com/watch?v=144OjtguCG0,,,,,,,,,,,,,,,,,,,,,,,,,30Â DecÂ '99,,,,,,30Â DecÂ '99,,,,,,,,,,,,,,,,,,,,,,,,--,,,,,,,,,,,,,,,,,,,,,,,,,,,
,419,-,,ð³ð´,skycrab1,,ð,9:25.953,9:26.605,16Â JunÂ 2024,(U),4052163355630291928,,,9,26,605,566605,https://www.youtube.com/watch?v=5UOYqMnbR5Q&list=PLU3_fvoJ1GyMStiA29z37DUPtG47PvOJz&index=33,,,,,,,,,,,,,,,,,,,,,,,,,30Â DecÂ '99,,,,,,30Â DecÂ '99,,,,,,,,,,,,,,,,,,,,,,,,--,,,,,,,,,,,,,,,,,,,,,,,,,,,
,420,-,,ð¹ð¿,Kxpow,,ð,9:23.950,9:27.626,29Â OctÂ 2023,(U),-6876585563479815399,09,Yes,9,27,626,567626,https://www.youtube.com/watch?v=cSA8vjfDlfU,,,,,,,,,,,,,,,,,,,,,,,,,30Â DecÂ '99,,,,,,30Â DecÂ '99,,,,,,,,,,,,,,,,,,,,,,,,--,,,,,,,,,,,,,,,,,,,,,,,,,,,
,421,-,,ðºð¸,doogile,,ð,9:27.915,9:27.915,24Â MarÂ 2025,(U),-5268124447019689631,,,9,27,915,567915,https://www.youtube.com/watch?v=uCE8j5wqBaA,,,,,,,,,,,,,,,,,,,,,,,,,30Â DecÂ '99,,,,,,30Â DecÂ '99,,,,,,,,,,,,,,,,,,,,,,,,--,,,,,,,,,,,,,,,,,,,,,,,,,,,
,422,-,,ð³ð´,skycrab1,,ð,9:28.206,9:28.206,22Â JulÂ 2025,(U),unknown,,,9,28,206,568206,https://www.youtube.com/watch?v=ENH9wNoiQAo&list=PLU3_fvoJ1GyMStiA29z37DUPtG47PvOJz&index=135,,,,,,,,,,,,,,,,,,,,,,,,,30Â DecÂ '99,,,,,,30Â DecÂ '99,,,,,,,,,,,,,,,,,,,,,,,,--,,,,,,,,,,,,,,,,,,,,,,,,,,,
,423,-,,ð³ð´,skycrab1,,ð,9:28.538,9:28.538,25Â DecÂ 2025,(U),1919295731799192555,,,9,28,538,568538,https://www.youtube.com/watch?v=1c-F687nKas&list=PLU3_fvoJ1GyMStiA29z37DUPtG47PvOJz&index=105,,,,,,,,,,,,,,,,,,,,,,,,,30Â DecÂ '99,,,,,,30Â DecÂ '99,,,,,,,,,,,,,,,,,,,,,,,,--,,,,,,,,,,,,,,,,,,,,,,,,,,,
,424,-,,ð¨ð¦,Aquacorde,,ð,9:28.545,9:28.545,28Â MayÂ 2025,(U),8276441451627221996,,,9,28,545,568545,https://www.youtube.com/watch?v=qGEzygjg50o,,,,,,,,,,,,,,,,,,,,,,,,,30Â DecÂ '99,,,,,,30Â DecÂ '99,,,,,,,,,,,,,,,,,,,,,,,,--,,,,,,,,,,,,,,,,,,,,,,,,,,,
,425,-,,ð¨ð¦,Aquacorde,,ð,9:28.680,9:28.680,25Â JunÂ 2025,(U),-1610154249394651609,,,9,28,680,568680,https://www.youtube.com/watch?v=SsOvlZxk2S0,,,,,,,,,,,,,,,,,,,,,,,,,30Â DecÂ '99,,,,,,30Â DecÂ '99,,,,,,,,,,,,,,,,,,,,,,,,--,,,,,,,,,,,,,,,,,,,,,,,,,,,
,426,-,,ð¬ð§,priffie,,â,9:28.626,9:29.199,08Â AprÂ 2023,(V),-7240688859963036907,12,Yes,9,29,199,569199,https://www.speedrun.com/mc/run/y804n81m,,,,,,,,,,,,,,,,,,,,,,,,,30Â DecÂ '99,,,,,,30Â DecÂ '99,,,,,,,,,,,,,,,,,,,,,,,,--,,,,,,,,,,,,,,,,,,,,,,,,,,,
,427,-,,ðºð¸,Zylenox,,ð,9:23.337,9:29.349,21Â AprÂ 2023,(U),-9047486339153673349,12,Yes,9,29,349,569349,https://www.youtube.com/watch?v=YnxRG1jCZTA,,,,,,,,,,,,,,,,,,,,,,,,,30Â DecÂ '99,,,,,,30Â DecÂ '99,,,,,,,,,,,,,,,,,,,,,,,,--,,,,,,,,,,,,,,,,,,,,,,,,,,,
,428,-,,ðºð¸,doogile,,ð,9:28.970,9:29.443,26Â AprÂ 2024,(U),-2635465260695469451,,,9,29,443,569443,https://docs.google.com/spreadsheets/d/1zgmOYJBULyHLqs9lGB6-cO4QhRoJdgOpd9WpUWpILYo/edit?gid=1452671563#gid=1452671563,,,,,,,,,,,,,,,,,,,,,,,,,30Â DecÂ '99,,,,,,30Â DecÂ '99,,,,,,,,,,,,,,,,,,,,,,,,--,,,,,,,,,,,,,,,,,,,,,,,,,,,
,429,-,,ð³ð´,skycrab1,,ð,9:26.981,9:29.598,07Â MayÂ 2024,(U),unknown,,,9,29,598,569598,https://www.youtube.com/watch?v=HE41uYZ0V0c&list=PLU3_fvoJ1GyMStiA29z37DUPtG47PvOJz&index=18,,,,,,,,,,,,,,,,,,,,,,,,,30Â DecÂ '99,,,,,,30Â DecÂ '99,,,,,,,,,,,,,,,,,,,,,,,,--,,,,,,,,,,,,,,,,,,,,,,,,,,,
,430,-,,ð³ð´,skycrab1,,ð,9:27.107,9:29.673,13Â AugÂ 2024,(U),-3946489265844514970,,,9,29,673,569673,https://www.youtube.com/watch?v=M5EHSGhejt8&list=PLU3_fvoJ1GyMStiA29z37DUPtG47PvOJz&index=52,,,,,,,,,,,,,,,,,,,,,,,,,30Â DecÂ '99,,,,,,30Â DecÂ '99,,,,,,,,,,,,,,,,,,,,,,,,--,,,,,,,,,,,,,,,,,,,,,,,,,,,
,431,-,,ð©ð°,Bloopy,,ð,9:29.719,9:29.719,04Â MayÂ 2024,(U),2537181557128625381,,,9,29,719,569719,https://www.youtube.com/watch?v=rmm0JiGtxuA,,,,,,,,,,,,,,,,,,,,,,,,,30Â DecÂ '99,,,,,,30Â DecÂ '99,,,,,,,,,,,,,,,,,,,,,,,,--,,,,,,,,,,,,,,,,,,,,,,,,,,,
,432,-,,ð©ð°,Bloopy,,ð,9:29.416,9:29.779,21Â SepÂ 2024,(U),-4222360412448811712,,,9,29,779,569779,https://www.youtube.com/watch?v=mWQwmeDz0b8,,,,,,,,,,,,,,,,,,,,,,,,,30Â DecÂ '99,,,,,,30Â DecÂ '99,,,,,,,,,,,,,,,,,,,,,,,,--,,,,,,,,,,,,,,,,,,,,,,,,,,,
,433,-,,ð¸ð°,NoFear1337,,ð,9:28.431,9:29.817,17Â JanÂ 2024,(U),unknown,,,9,29,817,569817,https://www.youtube.com/watch?v=2cTYxX1bq7o&list=PLaTJSsRuu2UeeWabBBfNVWALvnefBoL2C&index=4,,,,,,,,,,,,,,,,,,,,,,,,,30Â DecÂ '99,,,,,,30Â DecÂ '99,,,,,,,,,,,,,,,,,,,,,,,,--,,,,,,,,,,,,,,,,,,,,,,,,,,,
,434,-,,ðºð¸,doogile,,ð,9:27.467,9:29.905,19Â OctÂ 2022,(U),-6120632814765297894,,,9,29,905,569905,https://www.youtube.com/watch?v=KngO-bBQ6z0,,,,,,,,,,,,,,,,,,,,,,,,,30Â DecÂ '99,,,,,,30Â DecÂ '99,,,,,,,,,,,,,,,,,,,,,,,,--,,,,,,,,,,,,,,,,,,,,,,,,,,,
,435,-,,ð³ð´,skycrab1,,ð,9:29.936,9:29.936,24Â SepÂ 2024,(U),-5978876616461348700,,,9,29,936,569936,https://www.youtube.com/watch?v=lNwP-AfLpC4&list=PLU3_fvoJ1GyMStiA29z37DUPtG47PvOJz&index=73,,,,,,,,,,,,,,,,,,,,,,,,,30Â DecÂ '99,,,,,,30Â DecÂ '99,,,,,,,,,,,,,,,,,,,,,,,,--,,,,,,,,,,,,,,,,,,,,,,,,,,,
,436,-,,ðºð¸,Zylenox,,ð,9:26.907,9:30.104,25Â SepÂ 2023,(U),unknown,,,9,30,104,570104,https://www.youtube.com/watch?v=-xiJj1JVujk,,,,,,,,,,,,,,,,,,,,,,,,,30Â DecÂ '99,,,,,,30Â DecÂ '99,,,,,,,,,,,,,,,,,,,,,,,,--,,,,,,,,,,,,,,,,,,,,,,,,,,,
,437,-,,ðµð±,watermelon1708,,ð,9:30.313,9:30.785,08Â NovÂ 2025,(U),unknown,,,9,30,785,570785,https://www.youtube.com/watch?v=Pm6Yt1efFdU,,,,,,,,,,,,,,,,,,,,,,,,,30Â DecÂ '99,,,,,,30Â DecÂ '99,,,,,,,,,,,,,,,,,,,,,,,,--,,,,,,,,,,,,,,,,,,,,,,,,,,,
,438,-,,ðºð¸,doogile,,ð,9:30.866,9:30.866,14Â AugÂ 2024,(U),-5785712557054868103,,,9,30,866,570866,https://www.youtube.com/watch?v=IaJnBpkCYeE,,,,,,,,,,,,,,,,,,,,,,,,,30Â DecÂ '99,,,,,,30Â DecÂ '99,,,,,,,,,,,,,,,,,,,,,,,,--,,,,,,,,,,,,,,,,,,,,,,,,,,,
,439,-,,ð©ð°,Bloopy,,ð,9:30.985,9:30.985,23Â FebÂ 2025,(U),4074137476637722037,,,9,30,985,570985,https://www.youtube.com/watch?v=fidYadn3gaU,,,,,,,,,,,,,,,,,,,,,,,,,30Â DecÂ '99,,,,,,30Â DecÂ '99,,,,,,,,,,,,,,,,,,,,,,,,--,,,,,,,,,,,,,,,,,,,,,,,,,,,
,440,67,ð¨ð¦,EvanKeen,,,â,9:28.162,9:31.118,19Â MayÂ 2022,(V),6318159047332790071,,,9,31,118,571118,https://www.speedrun.com/mc/runs/z1pxrk7z,,,,,,,,,,,,,,,,,,,,,,,,,30Â DecÂ '99,,,,,,30Â DecÂ '99,,,,,,,,,,,,,,,,,,,,,,,,,,,,,,,,,,,,,,,,,,,,,,,,,,,
,441,-,,ð³ð´,skycrab1,,ð,9:30.274,9:31.319,16Â JunÂ 2024,(U),1613878261208097476,,,9,31,319,571319,https://www.youtube.com/watch?v=8s8EV_O6Ndk&list=PLU3_fvoJ1GyMStiA29z37DUPtG47PvOJz&index=32,,,,,,,,,,,,,,,,,,,,,,,,,30Â DecÂ '99,,,,,,30Â DecÂ '99,,,,,,,,,,,,,,,,,,,,,,,,--,,,,,,,,,,,,,,,,,,,,,,,,,,,
,442,-,,ðºð¸,doogile,,ð,9:29.751,9:32.126,10Â MayÂ 2023,(U),1251289617466531900,,,9,32,126,572126,https://www.youtube.com/watch?v=y6WViu7_6NI,,,,,,,,,,,,,,,,,,,,,,,,,30Â DecÂ '99,,,,,,30Â DecÂ '99,,,,,,,,,,,,,,,,,,,,,,,,--,,,,,,,,,,,,,,,,,,,,,,,,,,,
,443,-,,ð³ð´,skycrab1,,ð,9:31.708,9:32.427,14Â JunÂ 2024,(U),2235642990872806134,,,9,32,427,572427,https://www.youtube.com/watch?v=TK7I7irT2Ig&list=PLU3_fvoJ1GyMStiA29z37DUPtG47PvOJz&index=30,,,,,,,,,,,,,,,,,,,,,,,,,30Â DecÂ '99,,,,,,30Â DecÂ '99,,,,,,,,,,,,,,,,,,,,,,,,--,,,,,,,,,,,,,,,,,,,,,,,,,,,
,444,-,,ðºð¸,doogile,,ð,9:32.194,9:32.494,25Â MayÂ 2025,(U),-1725089180716272190,,,9,32,494,572494,https://www.youtube.com/watch?v=wXXYlwLqc64,,,,,,,,,,,,,,,,,,,,,,,,,30Â DecÂ '99,,,,,,30Â DecÂ '99,,,,,,,,,,,,,,,,,,,,,,,,--,,,,,,,,,,,,,,,,,,,,,,,,,,,
,445,-,,ð¸ð°,NoFear1337,,ð,9:32.897,9:32.897,15Â DecÂ 2023,(U),unknown,,,9,32,897,572897,https://www.youtube.com/watch?v=SROkWtFTBvE,,,,,,,,,,,,,,,,,,,,,,,,,30Â DecÂ '99,,,,,,30Â DecÂ '99,,,,,,,,,,,,,,,,,,,,,,,,--,,,,,,,,,,,,,,,,,,,,,,,,,,,
,446,-,,ð³ð´,skycrab1,,ð,9:32.943,9:33.168,21Â OctÂ 2025,(U),see video,,,9,33,168,573168,https://www.youtube.com/watch?v=lHiL5mg3oA4&list=PLU3_fvoJ1GyMStiA29z37DUPtG47PvOJz&index=145,,,,,,,,,,,,,,,,,,,,,,,,,30Â DecÂ '99,,,,,,30Â DecÂ '99,,,,,,,,,,,,,,,,,,,,,,,,--,,,,,,,,,,,,,,,,,,,,,,,,,,,
,447,-,,ð¸ð°,NoFear1337,,ð,9:33.243,9:33.243,23Â JulÂ 2025,(U),unknown,,,9,33,243,573243,https://www.youtube.com/watch?v=Ucnbg8kATvI,,,,,,,,,,,,,,,,,,,,,,,,,30Â DecÂ '99,,,,,,30Â DecÂ '99,,,,,,,,,,,,,,,,,,,,,,,,--,,,,,,,,,,,,,,,,,,,,,,,,,,,
,448,-,,ðµð±,watermelon1708,,ð,9:33.249,9:33.249,20Â NovÂ 2025,(U),unknown,,,9,33,249,573249,https://www.youtube.com/watch?v=FIQZdzOU1z0,,,,,,,,,,,,,,,,,,,,,,,,,30Â DecÂ '99,,,,,,30Â DecÂ '99,,,,,,,,,,,,,,,,,,,,,,,,--,,,,,,,,,,,,,,,,,,,,,,,,,,,
,449,-,,ð¨ð¦,Aquacorde,,ð,9:33.414,9:33.414,14Â JulÂ 2025,(U),3745240715930610868,,,9,33,414,573414,https://www.youtube.com/watch?v=irG5odl9FWc,,,,,,,,,,,,,,,,,,,,,,,,,30Â DecÂ '99,,,,,,30Â DecÂ '99,,,,,,,,,,,,,,,,,,,,,,,,--,,,,,,,,,,,,,,,,,,,,,,,,,,,
,450,-,,ðºð¦,loodlow,,â,9:31.417,9:34.074,03Â JanÂ 2024,(V),223037202453904849,,,9,34,74,574074,https://www.speedrun.com/mc/runs/y8kod21y,,,,,,,,,,,,,,,,,,,,,,,,,30Â DecÂ '99,,,,,,30Â DecÂ '99,,,,,,,,,,,,,,,,,,,,,,,,--,,,,,,,,,,,,,,,,,,,,,,,,,,,
,451,-,,ð³ð´,skycrab1,,ð,9:31.539,9:34.051,05Â FebÂ 2024,(U),unknown,,,9,34,51,574051,https://www.youtube.com/watch?v=7WaCloKkkXQ&list=PLU3_fvoJ1GyMStiA29z37DUPtG47PvOJz&index=8,,,,,,,,,,,,,,,,,,,,,,,,,30Â DecÂ '99,,,,,,30Â DecÂ '99,,,,,,,,,,,,,,,,,,,,,,,,--,,,,,,,,,,,,,,,,,,,,,,,,,,,
,452,-,,ð³ð´,skycrab1,,ð,9:33.046,9:34.091,21Â JunÂ 2024,(U),6111477306279101383,,,9,34,91,574091,https://www.youtube.com/watch?v=SjpGEQo2qAI&list=PLU3_fvoJ1GyMStiA29z37DUPtG47PvOJz&index=36,,,,,,,,,,,,,,,,,,,,,,,,,30Â DecÂ '99,,,,,,30Â DecÂ '99,,,,,,,,,,,,,,,,,,,,,,,,--,,,,,,,,,,,,,,,,,,,,,,,,,,,
,453,-,,ðºð¸,doogile,,ð,9:34.348,9:34.348,21Â MarÂ 2025,(U),3428741567389448584,,,9,34,348,574348,https://www.youtube.com/watch?v=ON2kExN455Q,,,,,,,,,,,,,,,,,,,,,,,,,30Â DecÂ '99,,,,,,30Â DecÂ '99,,,,,,,,,,,,,,,,,,,,,,,,--,,,,,,,,,,,,,,,,,,,,,,,,,,,
,454,-,,ðºð¸,doogile,,ð,9:27.828,9:34.557,12Â AprÂ 2023,(U),-1996716733981977639,,,9,34,557,574557,https://www.youtube.com/watch?v=uv1DYktuHdQ,,,,,,,,,,,,,,,,,,,,,,,,,30Â DecÂ '99,,,,,,30Â DecÂ '99,,,,,,,,,,,,,,,,,,,,,,,,--,,,,,,,,,,,,,,,,,,,,,,,,,,,
,455,-,,ð¨ð¦,Aquacorde,,ð,9:35.061,9:35.061,11Â FebÂ 2024,(U),5916322168139045813,,,9,35,61,575061,https://www.youtube.com/watch?v=_kB4l1r6Z_U,,,,,,,,,,,,,,,,,,,,,,,,,30Â DecÂ '99,,,,,,30Â DecÂ '99,,,,,,,,,,,,,,,,,,,,,,,,--,,,,,,,,,,,,,,,,,,,,,,,,,,,
,456,-,,ð³ð´,skycrab1,,ð,9:33.390,9:35.170,05Â JulÂ 2025,(U),3232995416196274049,,,9,35,170,575170,https://www.youtube.com/watch?v=kxZT3ObGb8g&list=PLU3_fvoJ1GyMStiA29z37DUPtG47PvOJz&index=40,,,,,,,,,,,,,,,,,,,,,,,,,30Â DecÂ '99,,,,,,30Â DecÂ '99,,,,,,,,,,,,,,,,,,,,,,,,--,,,,,,,,,,,,,,,,,,,,,,,,,,,
,457,-,,ð³ð´,skycrab1,,ð,9:35.237,9:35.237,16 Sep 2024,(U),3490610711658203102,,,9,35,237,575237,https://www.youtube.com/watch?v=_H66aNYnVX4&list=PLU3_fvoJ1GyMStiA29z37DUPtG47PvOJz&index=71,,,,,,,,,,,,,,,,,,,,,,,,,30Â DecÂ '99,,,,,,30Â DecÂ '99,,,,,,,,,,,,,,,,,,,,,,,,--,,,,,,,,,,,,,,,,,,,,,,,,,,,
,458,-,,ð³ð´,skycrab1,,ð,9:33.936,9:35.543,05Â AugÂ 2024,(U),8022322116352656572,,,9,35,543,575543,https://www.youtube.com/watch?v=4ly8bruecIw&list=PLU3_fvoJ1GyMStiA29z37DUPtG47PvOJz&index=48,,,,,,,,,,,,,,,,,,,,,,,,,30Â DecÂ '99,,,,,,30Â DecÂ '99,,,,,,,,,,,,,,,,,,,,,,,,--,,,,,,,,,,,,,,,,,,,,,,,,,,,
,459,-,,ð³ð´,skycrab1,,ð,9:35.206,9:35.594,10Â SepÂ 2024,(U),4102653367681446187,,,9,35,594,575594,https://www.youtube.com/watch?v=yy661jRyqhw&list=PLU3_fvoJ1GyMStiA29z37DUPtG47PvOJz&index=66,,,,,,,,,,,,,,,,,,,,,,,,,30Â DecÂ '99,,,,,,30Â DecÂ '99,,,,,,,,,,,,,,,,,,,,,,,,--,,,,,,,,,,,,,,,,,,,,,,,,,,,
,460,-,,ð¸ð°,NoFear1337,,ð,9:35.670,9:35.670,20Â DecÂ 2023,(U),unknown,,,9,35,670,575670,https://www.youtube.com/watch?v=Dsj0KzbzY60,,,,,,,,,,,,,,,,,,,,,,,,,30Â DecÂ '99,,,,,,30Â DecÂ '99,,,,,,,,,,,,,,,,,,,,,,,,--,,,,,,,,,,,,,,,,,,,,,,,,,,,
,461,-,,ð¨ð¦,silverr,,ð,9:35.814,9:35.814,05Â FebÂ 2023,(U),8973390315724050418,15,Yes,9,35,814,575814,https://www.youtube.com/watch?v=6EHuNGxSBko,,,,,,,,,,,,,,,,,,,,,,,,,30Â DecÂ '99,,,,,,30Â DecÂ '99,,,,,,,,,,,,,,,,,,,,,,,,--,,,,,,,,,,,,,,,,,,,,,,,,,,,
,462,-,,ðµð±,watermelon1708,,ð,9:34.440,9:35.912,13Â OctÂ 2025,(U),unknown,,,9,35,912,575912,https://www.youtube.com/watch?v=YxzgDYgm8AE,,,,,,,,,,,,,,,,,,,,,,,,,30Â DecÂ '99,,,,,,30Â DecÂ '99,,,,,,,,,,,,,,,,,,,,,,,,--,,,,,,,,,,,,,,,,,,,,,,,,,,,
,463,-,,ðºð¸,doogile,,ð,9:35.919,9:35.919,23Â MayÂ 2025,(U),369201841316479078,,,9,35,919,575919,https://www.youtube.com/watch?v=m5WY6SiLPH8,,,,,,,,,,,,,,,,,,,,,,,,,30Â DecÂ '99,,,,,,30Â DecÂ '99,,,,,,,,,,,,,,,,,,,,,,,,--,,,,,,,,,,,,,,,,,,,,,,,,,,,
,464,68,ð¬ð§,Brentilda,,â,â,9:38.000,9:36.000,19Â AprÂ 2021,(V),-8422260959436812016,01,No,9,36,0,576000,https://www.speedrun.com/mc/run/zq13899m,,,,,,,,,,,,,,,,,,,,,,,,,30Â DecÂ '99,,,,,,30Â DecÂ '99,,,,,,,,,,,,,,,,,,,,,,,,--,,,,,,,,,,,,,,,,,,,,,,,,,,,
,465,69,ð¸ðª,Crookst,,,â,9:31.823,9:36.696,05Â MarÂ 2022,(V),1234475058860136521,06,Yes,9,36,696,576696,https://www.speedrun.com/mc/run/zn75ro9m,,,,,,,,,,,,,,,,,,,,,,,,,30Â DecÂ '99,,,,,,30Â DecÂ '99,,,,,,,,,,,,,,,,,,,,,,,,--,,,,,,,,,,,,,,,,,,,,,,,,,,,
,466,-,,ð©ð°,Bloopy,,ð,9:36.244,9:36.244,27Â OctÂ 2024,(U),3241660036235146313,,,9,36,244,576244,https://www.youtube.com/watch?v=KEaHoB1_iY4,,,,,,,,,,,,,,,,,,,,,,,,,30Â DecÂ '99,,,,,,30Â DecÂ '99,,,,,,,,,,,,,,,,,,,,,,,,--,,,,,,,,,,,,,,,,,,,,,,,,,,,
,467,-,,ð¨ð¦,Jay12310,,ð,9:36.303,9:36.303,07Â JanÂ 2026,(U),unknown,,,9,36,303,576303,https://www.youtube.com/watch?v=pROA_8k_5eg&list=PLaTJSsRuu2UcsiC6KEkJwrGp1GaGgPoVG&index=12,,,,,,,,,,,,,,,,,,,,,,,,,30Â DecÂ '99,,,,,,30Â DecÂ '99,,,,,,,,,,,,,,,,,,,,,,,,--,,,,,,,,,,,,,,,,,,,,,,,,,,,
,468,-,,ðºð¸,doogile,,ð,9:36.342,9:36.342,06Â JunÂ 2025,(U),3942752838021789289,,,9,36,342,576342,https://www.youtube.com/watch?v=Kwy4Xk-e0q8,,,,,,,,,,,,,,,,,,,,,,,,,30Â DecÂ '99,,,,,,30Â DecÂ '99,,,,,,,,,,,,,,,,,,,,,,,,--,,,,,,,,,,,,,,,,,,,,,,,,,,,
,469,-,,ð³ð´,skycrab1,,ð,9:35.664,9:36.849,26Â MarÂ 2024,(U),unknown,,,9,36,849,576849,https://www.youtube.com/watch?v=R_kkDzbVPHM&list=PLU3_fvoJ1GyMStiA29z37DUPtG47PvOJz&index=13,,,,,,,,,,,,,,,,,,,,,,,,,30Â DecÂ '99,,,,,,30Â DecÂ '99,,,,,,,,,,,,,,,,,,,,,,,,--,,,,,,,,,,,,,,,,,,,,,,,,,,,
,470,-,,ð³ð´,skycrab1,,ð,9:36.996,9:36.996,08Â OctÂ 2024,(U),7453415470551744389,,,9,36,996,576996,https://www.youtube.com/watch?v=kSKZSx3MlS0&list=PLU3_fvoJ1GyMStiA29z37DUPtG47PvOJz&index=77,,,,,,,,,,,,,,,,,,,,,,,,,30Â DecÂ '99,,,,,,30Â DecÂ '99,,,,,,,,,,,,,,,,,,,,,,,,--,,,,,,,,,,,,,,,,,,,,,,,,,,,
,471,-,,ð³ð´,skycrab1,,ð,9:36.604,9:37.350,26Â MayÂ 2024,(U),546895512825728469,,,9,37,350,577350,https://www.youtube.com/watch?v=13DWhOeZhQ0&list=PLU3_fvoJ1GyMStiA29z37DUPtG47PvOJz&index=23,,,,,,,,,,,,,,,,,,,,,,,,,30Â DecÂ '99,,,,,,30Â DecÂ '99,,,,,,,,,,,,,,,,,,,,,,,,--,,,,,,,,,,,,,,,,,,,,,,,,,,,
,472,-,,ðºð¸,doogile,,ð,9:36.895,9:37.361,14Â FebÂ 2024,(U),8840188245230081545,,,9,37,361,577361,https://www.youtube.com/watch?v=vGXGBTmZ5tU,,,,,,,,,,,,,,,,,,,,,,,,,30Â DecÂ '99,,,,,,30Â DecÂ '99,,,,,,,,,,,,,,,,,,,,,,,,--,,,,,,,,,,,,,,,,,,,,,,,,,,,
,473,-,,ð¨ð¦,Aquacorde,,ð,9:37.428,9:37.428,12Â JunÂ 2025,(U),5411072566358981877,,,9,37,428,577428,https://www.youtube.com/watch?v=8qtirJeKx8I,,,,,,,,,,,,,,,,,,,,,,,,,30Â DecÂ '99,,,,,,30Â DecÂ '99,,,,,,,,,,,,,,,,,,,,,,,,--,,,,,,,,,,,,,,,,,,,,,,,,,,,
,474,-,,ð¨ð¦,Aquacorde,,ð,9:37.634,9:37.634,22Â MayÂ 2024,(U),-2489974967494847394,,,9,37,634,577634,https://www.youtube.com/watch?v=VE9n0qCjt7w,,,,,,,,,,,,,,,,,,,,,,,,,30Â DecÂ '99,,,,,,30Â DecÂ '99,,,,,,,,,,,,,,,,,,,,,,,,--,,,,,,,,,,,,,,,,,,,,,,,,,,,
,475,-,,ð³ð´,skycrab1,,ð,9:38.062,9:38.159,08Â DecÂ 2025,(U),unknown,,,9,38,159,578159,https://www.youtube.com/watch?v=ZuI2ve_w9q0&list=PLU3_fvoJ1GyMStiA29z37DUPtG47PvOJz&index=158,,,,,,,,,,,,,,,,,,,,,,,,,30Â DecÂ '99,,,,,,30Â DecÂ '99,,,,,,,,,,,,,,,,,,,,,,,,--,,,,,,,,,,,,,,,,,,,,,,,,,,,
,476,-,,ð¨ð¦,Aquacorde,,ð,9:38.350,9:38.350,13Â AprÂ 2024,(U),-9127982004582887256,,,9,38,350,578350,https://www.youtube.com/watch?v=J3IDVImiBgk,,,,,,,,,,,,,,,,,,,,,,,,,30Â DecÂ '99,,,,,,30Â DecÂ '99,,,,,,,,,,,,,,,,,,,,,,,,--,,,,,,,,,,,,,,,,,,,,,,,,,,,
,477,70,ð§ð·,shyaya,,,â,9:24.030,9:38.411,30Â AprÂ 2022,(V),2054193579190053167,,,9,38,411,578411,https://www.speedrun.com/mc/runs/znpk5w3m,,,,,,,,,,,,,,,,,,,,,,,,,30Â DecÂ '99,,,,,,30Â DecÂ '99,,,,,,,,,,,,,,,,,,,,,,,,,,,,,,,,,,,,,,,,,,,,,,,,,,,
,478,-,,ð³ð´,skycrab1,,ð,9:37.169,9:38.505,15Â JunÂ 2024,(U),-6835923738561090524,,,9,38,505,578505,https://www.youtube.com/watch?v=DiB9QaNNmPs&list=PLU3_fvoJ1GyMStiA29z37DUPtG47PvOJz&index=31&pp=iAQB,,,,,,,,,,,,,,,,,,,,,,,,,30Â DecÂ '99,,,,,,30Â DecÂ '99,,,,,,,,,,,,,,,,,,,,,,,,--,,,,,,,,,,,,,,,,,,,,,,,,,,,
,479,-,,ð¨ð¦,Aquacorde,,ð,9:38.736,9:38.736,06Â JunÂ 2025,(U),9010889274559730847,,,9,38,736,578736,https://www.youtube.com/watch?v=bVVdKUflSME,,,,,,,,,,,,,,,,,,,,,,,,,30Â DecÂ '99,,,,,,30Â DecÂ '99,,,,,,,,,,,,,,,,,,,,,,,,--,,,,,,,,,,,,,,,,,,,,,,,,,,,
,480,-,,ðµð±,watermelon1708,,ð,9:37.975,9:38.760,14Â NovÂ 2025,(U),unknown,,,9,38,760,578760,https://www.youtube.com/watch?v=i8Pi7aIULKc,,,,,,,,,,,,,,,,,,,,,,,,,30Â DecÂ '99,,,,,,30Â DecÂ '99,,,,,,,,,,,,,,,,,,,,,,,,--,,,,,,,,,,,,,,,,,,,,,,,,,,,
,481,-,,ð®ð¹,drip120,,ð,9:37.558,9:39.066,24Â OctÂ 2025,(U),unknown,,,9,39,66,579066,https://www.youtube.com/watch?v=wyhD_ahpxGU,,,,,,,,,,,,,,,,,,,,,,,,,30Â DecÂ '99,,,,,,30Â DecÂ '99,,,,,,,,,,,,,,,,,,,,,,,,--,,,,,,,,,,,,,,,,,,,,,,,,,,,
,482,-,,ð³ð´,skycrab1,,ð,9:39.300,9:39.928,28Â JulÂ 2024,(U),1220434626875752910,,,9,39,928,579928,https://www.youtube.com/watch?v=mFNMOnaFXaY&list=PLU3_fvoJ1GyMStiA29z37DUPtG47PvOJz&index=45,,,,,,,,,,,,,,,,,,,,,,,,,30Â DecÂ '99,,,,,,30Â DecÂ '99,,,,,,,,,,,,,,,,,,,,,,,,--,,,,,,,,,,,,,,,,,,,,,,,,,,,
,483,-,,ðºð¦,dinonuggieboi,,â,9:35.023,9:39.334,22Â AprÂ 2023,(V),-6590499565572039174,04,Yes,9,39,334,579334,https://www.speedrun.com/mc/run/m3q9d2dy,,,,,,,,,,,,,,,,,,,,,,,,,30Â DecÂ '99,,,,,,30Â DecÂ '99,,,,,,,,,,,,,,,,,,,,,,,,--,,,,,,,,,,,,,,,,,,,,,,,,,,,
,484,-,,ðµð±,watermelon1708,,ð,9:37.815,9:39.646,12Â OctÂ 2025,(U),see video,,,9,39,646,579646,https://www.youtube.com/watch?v=0Sux8DzQKHg,,,,,,,,,,,,,,,,,,,,,,,,,30Â DecÂ '99,,,,,,30Â DecÂ '99,,,,,,,,,,,,,,,,,,,,,,,,--,,,,,,,,,,,,,,,,,,,,,,,,,,,
,485,-,,ð³ð´,skycrab1,,ð,9:39.881,9:39.881,20Â OctÂ 2024,(U),-8605506067910459007,,,9,39,881,579881,https://www.youtube.com/watch?v=Qo6r_k863hs&list=PLU3_fvoJ1GyMStiA29z37DUPtG47PvOJz&index=86,,,,,,,,,,,,,,,,,,,,,,,,,30Â DecÂ '99,,,,,,30Â DecÂ '99,,,,,,,,,,,,,,,,,,,,,,,,--,,,,,,,,,,,,,,,,,,,,,,,,,,,
,486,-,,ð¨ð¦,Aquacorde,,ð,9:39.937,9:39.937,12Â JulÂ 2025,(U),3456563830022902090,,,9,39,937,579937,https://www.youtube.com/watch?v=9W4oVjvPLO8,,,,,,,,,,,,,,,,,,,,,,,,,30Â DecÂ '99,,,,,,30Â DecÂ '99,,,,,,,,,,,,,,,,,,,,,,,,--,,,,,,,,,,,,,,,,,,,,,,,,,,,
,487,-,,ð³ð´,skycrab1,,ð,9:39.675,9:39.946,17Â MayÂ 2025,(U),unknown,,,9,39,946,579946,https://www.youtube.com/watch?v=7_u4r-5wbBw&list=PLU3_fvoJ1GyMStiA29z37DUPtG47PvOJz&index=122,,,,,,,,,,,,,,,,,,,,,,,,,30Â DecÂ '99,,,,,,30Â DecÂ '99,,,,,,,,,,,,,,,,,,,,,,,,--,,,,,,,,,,,,,,,,,,,,,,,,,,,
,488,-,,ð¹ð¿,Kxpow,,â,9:35.931,9:40.072,13Â FebÂ 2023,(V),-2352610708955668290,06,Yes,9,40,72,580072,https://www.speedrun.com/mc/run/meeedq3m,,,,,,,,,,,,,,,,,,,,,,,,,30Â DecÂ '99,,,,,,30Â DecÂ '99,,,,,,,,,,,,,,,,,,,,,,,,--,,,,,,,,,,,,,,,,,,,,,,,,,,,
,489,-,,ð¨ð¦,silverr,,ð,9:39.324,9:40.144,13Â SepÂ 2023,(U),unknown,??,Yes,9,40,144,580144,https://www.youtube.com/watch?v=7Qgs9qVAEYg,,,,,,,,,,,,,,,,,,,,,,,,,30Â DecÂ '99,,,,,,30Â DecÂ '99,,,,,,,,,,,,,,,,,,,,,,,,--,,,,,,,,,,,,,,,,,,,,,,,,,,,
,490,-,,ðºð¸,doogile,,ð,9:38.425,9:40.319,20Â JanÂ 2024,(U),-4077851580953068746,,,9,40,319,580319,https://www.youtube.com/watch?v=qYuK9wNO7GQ,,,,,,,,,,,,,,,,,,,,,,,,,30Â DecÂ '99,,,,,,30Â DecÂ '99,,,,,,,,,,,,,,,,,,,,,,,,--,,,,,,,,,,,,,,,,,,,,,,,,,,,
,491,-,,ð³ð±,HDMICables,,â,9:35.842,9:40.337,30Â DecÂ 2023,(U),-2883304325678276407,06,Yes,9,40,337,580337,https://www.youtube.com/watch?v=fsCAdRBeb3s,,,,,,,,,,,,,,,,,,,,,,,,,30Â DecÂ '99,,,,,,30Â DecÂ '99,,,,,,,,,,,,,,,,,,,,,,,,--,,,,,,,,,,,,,,,,,,,,,,,,,,,
,492,-,,ð¨ð¦,NoHacsJustRoblox,,ð,9:39.837,9:40.348,22Â AprÂ 2024,(U),7851252288319915185,,,9,40,348,580348,https://www.youtube.com/watch?v=yxr4anf52rI,,,,,,,,,,,,,,,,,,,,,,,,,30Â DecÂ '99,,,,,,30Â DecÂ '99,,,,,,,,,,,,,,,,,,,,,,,,--,,,,,,,,,,,,,,,,,,,,,,,,,,,
,493,-,,ð³ð´,skycrab1,,ð,9:39.314,9:40.387,13Â AugÂ 2024,(U),-7637821071124496857,,,9,40,387,580387,https://www.youtube.com/watch?v=aFxizpVM6-c&list=PLU3_fvoJ1GyMStiA29z37DUPtG47PvOJz&index=51,,,,,,,,,,,,,,,,,,,,,,,,,30Â DecÂ '99,,,,,,30Â DecÂ '99,,,,,,,,,,,,,,,,,,,,,,,,--,,,,,,,,,,,,,,,,,,,,,,,,,,,
,494,-,,ð³ð´,skycrab1,,ð,9:40.817,9:40.817,08Â DecÂ 2025,(U),unknown,,,9,40,817,580817,https://www.youtube.com/watch?v=WAg6hWbZyx4&list=PLU3_fvoJ1GyMStiA29z37DUPtG47PvOJz&index=154,,,,,,,,,,,,,,,,,,,,,,,,,30Â DecÂ '99,,,,,,30Â DecÂ '99,,,,,,,,,,,,,,,,,,,,,,,,--,,,,,,,,,,,,,,,,,,,,,,,,,,,
,495,-,,ðºð¸,doogile,,ð,9:40.835,9:40.835,07Â JulÂ 2024,(U),2139235147472927794,,,9,40,835,580835,https://www.youtube.com/watch?v=SIsWU7n7Y1Q,,,,,,,,,,,,,,,,,,,,,,,,,30Â DecÂ '99,,,,,,30Â DecÂ '99,,,,,,,,,,,,,,,,,,,,,,,,--,,,,,,,,,,,,,,,,,,,,,,,,,,,
,496,-,,ð¹ð¿,Kxpow,,ð,9:36.126,9:40.897,01Â DecÂ 2023,(U),259107068981043696,09,Yes,9,40,897,580897,https://www.youtube.com/watch?v=QfrFgDFKD5w,,,,,,,,,,,,,,,,,,,,,,,,,30Â DecÂ '99,,,,,,30Â DecÂ '99,,,,,,,,,,,,,,,,,,,,,,,,--,,,,,,,,,,,,,,,,,,,,,,,,,,,
,497,-,,ð³ð´,skycrab1,,ð,9:40.016,9:40.947,25Â JanÂ 2024,(U),unknown,,,9,40,947,580947,https://www.youtube.com/watch?v=BfPtmmhAcv8&list=PLU3_fvoJ1GyMStiA29z37DUPtG47PvOJz&index=7,,,,,,,,,,,,,,,,,,,,,,,,,30Â DecÂ '99,,,,,,30Â DecÂ '99,,,,,,,,,,,,,,,,,,,,,,,,--,,,,,,,,,,,,,,,,,,,,,,,,,,,
,498,-,,ð³ð´,skycrab1,,ð,9:40.952,9:40.952,17Â OctÂ 2024,(U),-6693970200234515187,,,9,40,952,580952,https://www.youtube.com/watch?v=KoyMQIZpl2M&list=PLU3_fvoJ1GyMStiA29z37DUPtG47PvOJz&index=84,,,,,,,,,,,,,,,,,,,,,,,,,30Â DecÂ '99,,,,,,30Â DecÂ '99,,,,,,,,,,,,,,,,,,,,,,,,--,,,,,,,,,,,,,,,,,,,,,,,,,,,
,499,-,,ðµð±,watermelon1708,,ð,9:40.214,9:40.974,10Â NovÂ 2025,(U),unknown,,,9,40,974,580974,https://www.youtube.com/watch?v=BRWCw1TJJ8I,,,,,,,,,,,,,,,,,,,,,,,,,30Â DecÂ '99,,,,,,30Â DecÂ '99,,,,,,,,,,,,,,,,,,,,,,,,--,,,,,,,,,,,,,,,,,,,,,,,,,,,
,500,-,,ð¸ð°,NoFear1337,,ð,9:41.386,9:41.386,29Â JulÂ 2025,(U),unknown,,,9,41,386,581386,https://www.youtube.com/watch?v=IPeeYl5K1dw,,,,,,,,,,,,,,,,,,,,,,,,,30Â DecÂ '99,,,,,,30Â DecÂ '99,,,,,,,,,,,,,,,,,,,,,,,,--,,,,,,,,,,,,,,,,,,,,,,,,,,,
,501,-,,ð³ð´,skycrab1,,ð,9:40.139,9:41.483,30Â AprÂ 2024,(U),unknown,,,9,41,483,581483,https://www.youtube.com/watch?v=eg2ekkY0cNE&list=PLU3_fvoJ1GyMStiA29z37DUPtG47PvOJz&index=17,,,,,,,,,,,,,,,,,,,,,,,,,30Â DecÂ '99,,,,,,30Â DecÂ '99,,,,,,,,,,,,,,,,,,,,,,,,--,,,,,,,,,,,,,,,,,,,,,,,,,,,
,502,-,,ð³ð´,skycrab1,,ð,9:41.890,9:41.890,31Â JanÂ 2025,(U),3885342470278498728,,,9,41,890,581890,https://www.youtube.com/watch?v=UnIxyUgilX4&list=PLU3_fvoJ1GyMStiA29z37DUPtG47PvOJz&index=111,,,,,,,,,,,,,,,,,,,,,,,,,30Â DecÂ '99,,,,,,30Â DecÂ '99,,,,,,,,,,,,,,,,,,,,,,,,--,,,,,,,,,,,,,,,,,,,,,,,,,,,
,503,-,,ð³ð´,skycrab1,,ð,9:41.631,9:42.343,21Â AugÂ 2024,(U),2108680863366446173,,,9,42,343,582343,https://www.youtube.com/watch?v=c-yAb9s6b5Y&list=PLU3_fvoJ1GyMStiA29z37DUPtG47PvOJz&index=58,,,,,,,,,,,,,,,,,,,,,,,,,30Â DecÂ '99,,,,,,30Â DecÂ '99,,,,,,,,,,,,,,,,,,,,,,,,--,,,,,,,,,,,,,,,,,,,,,,,,,,,
,504,-,,ð¹ð·,Ancoboy,,â,9:40.615,9:42.910,21Â AugÂ 2023,(U),6827480725930071979,06,Yes,9,42,910,582910,https://www.youtube.com/watch?v=29VY3VmMX2Y,,,,,,,,,,,,,,,,,,,,,,,,,30Â DecÂ '99,,,,,,30Â DecÂ '99,,,,,,,,,,,,,,,,,,,,,,,,--,,,,,,,,,,,,,,,,,,,,,,,,,,,
,505,-,,ð³ð´,skycrab1,,ð,9:42.450,9:43.523,19Â JulÂ 2024,(U),-1964772688075275318,,,9,43,523,583523,https://www.youtube.com/watch?v=HHrKcvSjew0&list=PLU3_fvoJ1GyMStiA29z37DUPtG47PvOJz&index=43,,,,,,,,,,,,,,,,,,,,,,,,,30Â DecÂ '99,,,,,,30Â DecÂ '99,,,,,,,,,,,,,,,,,,,,,,,,--,,,,,,,,,,,,,,,,,,,,,,,,,,,
,506,-,,ð³ð´,skycrab1,,ð,9:41.443,9:43.808,12Â MarÂ 2024,(U),unknown,,,9,43,808,583808,https://www.youtube.com/watch?v=VoCX3_TnqHI&list=PLU3_fvoJ1GyMStiA29z37DUPtG47PvOJz&index=12,,,,,,,,,,,,,,,,,,,,,,,,,30Â DecÂ '99,,,,,,30Â DecÂ '99,,,,,,,,,,,,,,,,,,,,,,,,--,,,,,,,,,,,,,,,,,,,,,,,,,,,
,507,-,,ð¨ð¦,Aquacorde,,ð,9:43.870,9:43.870,26Â JanÂ 2024,(U),2993955281694429561,,,9,43,870,583870,https://www.youtube.com/watch?v=E1hFL8IGFnc,,,,,,,,,,,,,,,,,,,,,,,,,30Â DecÂ '99,,,,,,30Â DecÂ '99,,,,,,,,,,,,,,,,,,,,,,,,--,,,,,,,,,,,,,,,,,,,,,,,,,,,
,508,-,,ð¸ð°,NoFear1337,,ð,9:42.464,9:44.152,09Â DecÂ 2023,(U),Unknown,??,Yes,9,44,152,584152,https://www.youtube.com/watch?v=rlc36sXmCDk,,,,,,,,,,,,,,,,,,,,,,,,,30Â DecÂ '99,,,,,,30Â DecÂ '99,,,,,,,,,,,,,,,,,,,,,,,,--,,,,,,,,,,,,,,,,,,,,,,,,,,,
,509,-,,ð¨ð¦,silverr,,ð,9:39.420,9:44.275,21Â MayÂ 2023,(U),Unknown,12,Yes,9,44,275,584275,https://www.youtube.com/watch?v=vJQDBHHepPE,,,,,,,,,,,,,,,,,,,,,,,,,30Â DecÂ '99,,,,,,30Â DecÂ '99,,,,,,,,,,,,,,,,,,,,,,,,--,,,,,,,,,,,,,,,,,,,,,,,,,,,
,510,-,,ð¨ð¦,Aquacorde,,ð,9:44.349,9:44.349,12Â JulÂ 2025,(U),1087998950322160223,,,9,44,349,584349,https://www.youtube.com/watch?v=H0hSYxjyzsI,,,,,,,,,,,,,,,,,,,,,,,,,30Â DecÂ '99,,,,,,30Â DecÂ '99,,,,,,,,,,,,,,,,,,,,,,,,--,,,,,,,,,,,,,,,,,,,,,,,,,,,
,511,-,,ð³ð´,skycrab1,,ð,9:44.358,9:44.358,02Â FebÂ 2025,(U),1322346143525327365,,,9,44,358,584358,https://www.youtube.com/watch?v=7qXx3IHHQhA&list=PLU3_fvoJ1GyMStiA29z37DUPtG47PvOJz&index=112,,,,,,,,,,,,,,,,,,,,,,,,,30Â DecÂ '99,,,,,,30Â DecÂ '99,,,,,,,,,,,,,,,,,,,,,,,,--,,,,,,,,,,,,,,,,,,,,,,,,,,,
,512,-,,ð³ð´,skycrab1,,ð,9:44.424,9:44.424,26Â OctÂ 2024,(U),-5203179418336138120,,,9,44,424,584424,https://www.youtube.com/watch?v=FwxAelAatn8&list=PLU3_fvoJ1GyMStiA29z37DUPtG47PvOJz&index=89,,,,,,,,,,,,,,,,,,,,,,,,,30Â DecÂ '99,,,,,,30Â DecÂ '99,,,,,,,,,,,,,,,,,,,,,,,,--,,,,,,,,,,,,,,,,,,,,,,,,,,,
,513,-,,ð³ð´,skycrab1,,ð,9:44.489,9:44.489,08Â FebÂ 2025,(U),76808428139630285,,,9,44,489,584489,https://www.youtube.com/watch?v=A1g4bfj2Byw&list=PLU3_fvoJ1GyMStiA29z37DUPtG47PvOJz&index=115,,,,,,,,,,,,,,,,,,,,,,,,,30Â DecÂ '99,,,,,,30Â DecÂ '99,,,,,,,,,,,,,,,,,,,,,,,,--,,,,,,,,,,,,,,,,,,,,,,,,,,,
,514,-,,ð¸ðª,Crookst,,ð,9:44.556,9:44.556,14Â MarÂ 2022,(U),Unknown,06,Yes,9,44,556,584556,https://www.youtube.com/watch?v=31OsmvNWQaE,,,,,,,,,,,,,,,,,,,,,,,,,30Â DecÂ '99,,,,,,30Â DecÂ '99,,,,,,,,,,,,,,,,,,,,,,,,--,,,,,,,,,,,,,,,,,,,,,,,,,,,
,515,-,,ðºð¸,Zylenox,,ð,9:38.527,9:44.801,09Â FebÂ 2023,(U),-3251173191348135293,15,Yes,9,44,801,584801,https://www.youtube.com/watch?v=FS5mcKtJB7M,,,,,,,,,,,,,,,,,,,,,,,,,30Â DecÂ '99,,,,,,30Â DecÂ '99,,,,,,,,,,,,,,,,,,,,,,,,--,,,,,,,,,,,,,,,,,,,,,,,,,,,
,516,-,,ðµð±,watermelon1708,,ð,9:42.792,9:44.899,29Â JulÂ 2025,(U),unknown,,,9,44,899,584899,https://www.youtube.com/watch?v=HecWdO0ujt8,,,,,,,,,,,,,,,,,,,,,,,,,30Â DecÂ '99,,,,,,30Â DecÂ '99,,,,,,,,,,,,,,,,,,,,,,,,--,,,,,,,,,,,,,,,,,,,,,,,,,,,
,517,-,,ð©ðª,jason_n,,â,9:44.284,9:44.931,01Â MayÂ 2024,(V),-7717725771183973328,,,9,44,931,584931,https://www.speedrun.com/mc/runs/y8w63edy,,,,,,,,,,,,,,,,,,,,,,,,,30Â DecÂ '99,,,,,,30Â DecÂ '99,,,,,,,,,,,,,,,,,,,,,,,,--,,,,,,,,,,,,,,,,,,,,,,,,,,,
,518,-,,ð³ð´,skycrab1,,ð,9:45.037,9:45.037,23Â OctÂ 2025,(U),unknown,,,9,45,37,585037,https://www.youtube.com/watch?v=T9vM7OUlcEI&list=PLU3_fvoJ1GyMStiA29z37DUPtG47PvOJz&index=146,,,,,,,,,,,,,,,,,,,,,,,,,30Â DecÂ '99,,,,,,30Â DecÂ '99,,,,,,,,,,,,,,,,,,,,,,,,--,,,,,,,,,,,,,,,,,,,,,,,,,,,
,519,-,,ð³ð´,skycrab1,,ð,9:42.436,9:45.242,03Â AugÂ 2024,(U),-2702230192878188102,,,9,45,242,585242,https://www.youtube.com/watch?v=-sDFnCpd8j4&list=PLU3_fvoJ1GyMStiA29z37DUPtG47PvOJz&index=46,,,,,,,,,,,,,,,,,,,,,,,,,30Â DecÂ '99,,,,,,30Â DecÂ '99,,,,,,,,,,,,,,,,,,,,,,,,--,,,,,,,,,,,,,,,,,,,,,,,,,,,
,520,-,,ðºð¸,doogile,,ð,9:42.858,9:45.286,13Â MarÂ 2023,(U),7973705383474527466,,,9,45,286,585286,https://www.youtube.com/watch?v=Cf8Sk1XdjME,,,,,,,,,,,,,,,,,,,,,,,,,30Â DecÂ '99,,,,,,30Â DecÂ '99,,,,,,,,,,,,,,,,,,,,,,,,--,,,,,,,,,,,,,,,,,,,,,,,,,,,
,521,-,,ðµð±,watermelon1708,,ð,9:44.114,9:45.496,26Â SepÂ 2025,(U),unknown,,,9,45,496,585496,https://www.youtube.com/watch?v=fT6s7ACmW9o,,,,,,,,,,,,,,,,,,,,,,,,,30Â DecÂ '99,,,,,,30Â DecÂ '99,,,,,,,,,,,,,,,,,,,,,,,,--,,,,,,,,,,,,,,,,,,,,,,,,,,,
,522,-,,ð®ð¹,drip120,,ð,9:45.216,9:45.567,12Â JanÂ 2026,(U),unknown,,,9,45,567,585567,https://www.youtube.com/watch?v=ZZyjifZwkio,,,,,,,,,,,,,,,,,,,,,,,,,30Â DecÂ '99,,,,,,30Â DecÂ '99,,,,,,,,,,,,,,,,,,,,,,,,--,,,,,,,,,,,,,,,,,,,,,,,,,,,
,523,-,,ð¸ð°,NoFear1337,,ð,9:44.152,9:44.152,09Â DecÂ 2023,(U),unknown,,,9,44,152,584152,https://www.youtube.com/watch?v=rlc36sXmCDk,,,,,,,,,,,,,,,,,,,,,,,,,30Â DecÂ '99,,,,,,30Â DecÂ '99,,,,,,,,,,,,,,,,,,,,,,,,--,,,,,,,,,,,,,,,,,,,,,,,,,,,
,524,-,,ð³ð´,skycrab1,,ð,9:44.649,9:44.649,10Â OctÂ 2024,(U),-1175900086044057204,,,9,44,649,584649,https://www.youtube.com/watch?v=A-29KTnAD2I&list=PLU3_fvoJ1GyMStiA29z37DUPtG47PvOJz&index=82,,,,,,,,,,,,,,,,,,,,,,,,,30Â DecÂ '99,,,,,,30Â DecÂ '99,,,,,,,,,,,,,,,,,,,,,,,,--,,,,,,,,,,,,,,,,,,,,,,,,,,,
,525,-,,ð©ð°,Bloopy,,ð,9:42.547,9:45.668,23Â MayÂ 2024,(U),7218213766237196138,,,9,45,668,585668,https://www.youtube.com/watch?v=0A2pZcw7nKA,,,,,,,,,,,,,,,,,,,,,,,,,30Â DecÂ '99,,,,,,30Â DecÂ '99,,,,,,,,,,,,,,,,,,,,,,,,--,,,,,,,,,,,,,,,,,,,,,,,,,,,
,526,-,,ð©ð°,Bloopy,,ð,9:44.536,9:45.834,08Â MayÂ 2024,(U),5767139754953530122,,,9,45,834,585834,https://www.youtube.com/watch?v=t48Dg8QRZ7I,,,,,,,,,,,,,,,,,,,,,,,,,30Â DecÂ '99,,,,,,30Â DecÂ '99,,,,,,,,,,,,,,,,,,,,,,,,--,,,,,,,,,,,,,,,,,,,,,,,,,,,
,527,-,,ðºð¸,doogile,,ð,9:46.008,9:46.008,16Â AugÂ 2024,(U),see video,,,9,46,8,586008,https://www.youtube.com/watch?v=Qf_GLwKVINE,,,,,,,,,,,,,,,,,,,,,,,,,30Â DecÂ '99,,,,,,30Â DecÂ '99,,,,,,,,,,,,,,,,,,,,,,,,--,,,,,,,,,,,,,,,,,,,,,,,,,,,
,528,-,,ðºð¸,doogile,,ð,9:46.009,9:46.009,22Â MayÂ 2025,(U),-3736586617850065730,,,9,46,9,586009,https://www.youtube.com/watch?v=ccQtcViua94,,,,,,,,,,,,,,,,,,,,,,,,,30Â DecÂ '99,,,,,,30Â DecÂ '99,,,,,,,,,,,,,,,,,,,,,,,,--,,,,,,,,,,,,,,,,,,,,,,,,,,,
,529,-,,ð¨ð¦,Aquacorde,,ð,9:46.107,9:46.107,27Â JunÂ 2024,(U),9049033619582385475,,,9,46,107,586107,https://www.youtube.com/watch?v=Ye9k6KJM768,,,,,,,,,,,,,,,,,,,,,,,,,30Â DecÂ '99,,,,,,30Â DecÂ '99,,,,,,,,,,,,,,,,,,,,,,,,--,,,,,,,,,,,,,,,,,,,,,,,,,,,
,530,-,,ð©ð°,Bloopy,,ð,9:46.158,9:46.158,08Â MarÂ 2025,(U),6216282210011845491,,,9,46,158,586158,https://www.youtube.com/watch?v=ONuQrlNvhS8,,,,,,,,,,,,,,,,,,,,,,,,,30Â DecÂ '99,,,,,,30Â DecÂ '99,,,,,,,,,,,,,,,,,,,,,,,,--,,,,,,,,,,,,,,,,,,,,,,,,,,,
,531,-,,ð©ð°,Bloopy,,ð,9:46.195,9:46.195,20Â JanÂ 2025,(U),-7985963383704728573,,,9,46,195,586195,https://www.youtube.com/watch?v=29tEBxruVpI,,,,,,,,,,,,,,,,,,,,,,,,,30Â DecÂ '99,,,,,,30Â DecÂ '99,,,,,,,,,,,,,,,,,,,,,,,,--,,,,,,,,,,,,,,,,,,,,,,,,,,,
,532,-,,ð¨ð¦,Aquacorde,,ð,9:46.271,9:46.271,28Â MarÂ 2025,(U),-07976283618262231963,,,9,46,271,586271,https://www.youtube.com/watch?v=jSkSLZfGAwQ,,,,,,,,,,,,,,,,,,,,,,,,,30Â DecÂ '99,,,,,,30Â DecÂ '99,,,,,,,,,,,,,,,,,,,,,,,,--,,,,,,,,,,,,,,,,,,,,,,,,,,,
,533,-,,ð©ð°,Bloopy,,ð,9:46.391,9:46.391,27Â JunÂ 2024,(U),-7127755779148304965,,,9,46,391,586391,https://www.youtube.com/watch?v=NYuEksXYaCU,,,,,,,,,,,,,,,,,,,,,,,,,30Â DecÂ '99,,,,,,30Â DecÂ '99,,,,,,,,,,,,,,,,,,,,,,,,--,,,,,,,,,,,,,,,,,,,,,,,,,,,
,534,-,,ð¨ð¦,NoHacsJustRoblox,,â,9:45.421,9:46.316,13Â JanÂ 2024,(U),-4263921606035060816,,,9,46,316,586316,https://www.youtube.com/watch?v=6KMSa52qjCM,,,,,,,,,,,,,,,,,,,,,,,,,30Â DecÂ '99,,,,,,30Â DecÂ '99,,,,,,,,,,,,,,,,,,,,,,,,--,,,,,,,,,,,,,,,,,,,,,,,,,,,
,535,-,,ðºð¸,thecamo6,,â,9:45.287,9:46.653,02Â JanÂ 2023,(V),-4279335892801629149,,,9,46,653,586653,https://www.speedrun.com/mc/runs/ydg0jj0y,,,,,,,,,,,,,,,,,,,,,,,,,30Â DecÂ '99,,,,,,30Â DecÂ '99,,,,,,,,,,,,,,,,,,,,,,,,--,,,,,,,,,,,,,,,,,,,,,,,,,,,
,536,-,,ðºð¸,doogile,,ð,9:41.283,9:46.909,28Â OctÂ 2023,(U),8031767395139939967,,,9,46,909,586909,https://www.youtube.com/watch?v=qMYf-lt2Gik,,,,,,,,,,,,,,,,,,,,,,,,,30Â DecÂ '99,,,,,,30Â DecÂ '99,,,,,,,,,,,,,,,,,,,,,,,,--,,,,,,,,,,,,,,,,,,,,,,,,,,,
,537,71,ð¬ð§,DECTHEELITE,,,â,9:45.625,9:47.012,08Â JulÂ 2022,(V),-7457612752333916459,,,9,47,12,587012,https://www.speedrun.com/mc/runs/m33v8k4m,,,,,,,,,,,,,,,,,,,,,,,,,30Â DecÂ '99,,,,,,30Â DecÂ '99,,,,,,,,,,,,,,,,,,,,,,,,,,,,,,,,,,,,,,,,,,,,,,,,,,,
,538,-,,ðºð¸,doogile,,ð,9:45.866,9:47.031,17Â JanÂ 2024,(U),659506891402994010,,,9,47,31,587031,https://www.youtube.com/watch?v=xvG0ou32Tn4,,,,,,,,,,,,,,,,,,,,,,,,,30Â DecÂ '99,,,,,,30Â DecÂ '99,,,,,,,,,,,,,,,,,,,,,,,,--,,,,,,,,,,,,,,,,,,,,,,,,,,,
,539,-,,ð¹ð¿,Kxpow,,ð,9:41.724,9:47.267,03Â NovÂ 2023,(U),-4292657386397314439,09,Yes,9,47,267,587267,https://www.youtube.com/watch?v=Mvek4DydEWs,,,,,,,,,,,,,,,,,,,,,,,,,30Â DecÂ '99,,,,,,30Â DecÂ '99,,,,,,,,,,,,,,,,,,,,,,,,--,,,,,,,,,,,,,,,,,,,,,,,,,,,
,540,-,,ðºð¸,meebie,,ð,9:47.293,9:47.293,28Â MarÂ 2024,(U),unknown,,,9,47,293,587293,https://www.youtube.com/watch?v=iyNfS8lVaQA&list=PLaTJSsRuu2Ufk7cX7bUTt9V-IJxa8wqSM&index=11,,,,,,,,,,,,,,,,,,,,,,,,,30Â DecÂ '99,,,,,,30Â DecÂ '99,,,,,,,,,,,,,,,,,,,,,,,,--,,,,,,,,,,,,,,,,,,,,,,,,,,,
,541,-,,ð³ð´,skycrab1,,ð,9:46.198,9:47.329,23Â JulÂ 2024,(U),-8584715713734940155,,,9,47,329,587329,https://www.youtube.com/watch?v=SxKsNmBrYIo&list=PLU3_fvoJ1GyMStiA29z37DUPtG47PvOJz&index=44,,,,,,,,,,,,,,,,,,,,,,,,,30Â DecÂ '99,,,,,,30Â DecÂ '99,,,,,,,,,,,,,,,,,,,,,,,,--,,,,,,,,,,,,,,,,,,,,,,,,,,,
,542,-,,ð¨ð¦,NoHacsJustRoblox,,ð,9:43.761,9:47.778,10Â NovÂ 2023,(V),-4347952844736501796,,,9,47,778,587778,https://www.speedrun.com/mc/runs/mr26ln4y,,,,,,,,,,,,,,,,,,,,,,,,,30Â DecÂ '99,,,,,,30Â DecÂ '99,,,,,,,,,,,,,,,,,,,,,,,,--,,,,,,,,,,,,,,,,,,,,,,,,,,,
,543,-,,ð¨ð¦,NoHacsJustRoblox,,ð,9:46.999,9:47.999,11Â OctÂ 2024,(U),unknown,,,9,47,999,587999,https://www.youtube.com/watch?v=sbS8Zko1TlQ,,,,,,,,,,,,,,,,,,,,,,,,,30Â DecÂ '99,,,,,,30Â DecÂ '99,,,,,,,,,,,,,,,,,,,,,,,,--,,,,,,,,,,,,,,,,,,,,,,,,,,,
,544,-,,ð¨ð¦,Aquacorde,,ð,9:48.026,9:48.026,22Â FebÂ 2024,(U),9118196624093387626,,,9,48,26,588026,https://www.youtube.com/watch?v=mIFXvcg5exc,,,,,,,,,,,,,,,,,,,,,,,,,30Â DecÂ '99,,,,,,30Â DecÂ '99,,,,,,,,,,,,,,,,,,,,,,,,--,,,,,,,,,,,,,,,,,,,,,,,,,,,
,545,-,,ð¸ð°,NoFear1337,,ð,9:48.163,9:48.213,27Â AugÂ 2023,(U),unknown,,,9,48,213,588213,https://www.youtube.com/watch?v=z-TqSwvseQM,,,,,,,,,,,,,,,,,,,,,,,,,30Â DecÂ '99,,,,,,30Â DecÂ '99,,,,,,,,,,,,,,,,,,,,,,,,--,,,,,,,,,,,,,,,,,,,,,,,,,,,
,546,-,,ð³ð´,skycrab1,,ð,9:47.690,9:48.353,19Â JulÂ 2024,(U),-209222904514390450,,,9,48,353,588353,https://www.youtube.com/watch?v=SHAbsCkd9IA&list=PLU3_fvoJ1GyMStiA29z37DUPtG47PvOJz&index=42,,,,,,,,,,,,,,,,,,,,,,,,,30Â DecÂ '99,,,,,,30Â DecÂ '99,,,,,,,,,,,,,,,,,,,,,,,,--,,,,,,,,,,,,,,,,,,,,,,,,,,,
,547,-,,ðºð¸,Zylenox,,ð,9:43.663,9:48.405,23Â DecÂ 2022,(U),4650296313107653918,,,9,48,405,588405,https://www.youtube.com/watch?v=c6A7e74XY5g,,,,,,,,,,,,,,,,,,,,,,,,,30Â DecÂ '99,,,,,,30Â DecÂ '99,,,,,,,,,,,,,,,,,,,,,,,,--,,,,,,,,,,,,,,,,,,,,,,,,,,,
,548,-,,ðºð¸,meebie,,â,9:47.567,9:48.735,13Â MarÂ 2023,(V),5085481578685051061,12,Yes,9,48,735,588735,https://www.speedrun.com/mc/run/yj8eo2gm,,,,,,,,,,,,,,,,,,,,,,,,,30Â DecÂ '99,,,,,,30Â DecÂ '99,,,,,,,,,,,,,,,,,,,,,,,,--,,,,,,,,,,,,,,,,,,,,,,,,,,,
,549,-,,ð¸ð°,NoFear1337,,ð,9:46.172,9:48.868,04Â NovÂ 2025,(U),unknown,,,9,48,868,588868,https://www.youtube.com/watch?v=nWG0IBAK484,,,,,,,,,,,,,,,,,,,,,,,,,30Â DecÂ '99,,,,,,30Â DecÂ '99,,,,,,,,,,,,,,,,,,,,,,,,--,,,,,,,,,,,,,,,,,,,,,,,,,,,
,550,-,,ð³ð´,skycrab1,,ð,9:48.787,9:49.039,08Â DecÂ 2025,(U),unknown,,,9,49,39,589039,https://www.youtube.com/watch?v=nuRVx79nIxg&list=PLU3_fvoJ1GyMStiA29z37DUPtG47PvOJz&index=155,,,,,,,,,,,,,,,,,,,,,,,,,30Â DecÂ '99,,,,,,30Â DecÂ '99,,,,,,,,,,,,,,,,,,,,,,,,--,,,,,,,,,,,,,,,,,,,,,,,,,,,
,551,-,,ð³ð´,skycrab1,,ð,9:49.051,9:49.051,07Â SepÂ 2024,(U),-5901488670443987544,,,9,49,51,589051,https://www.youtube.com/watch?v=QTUOtzq4PCM&list=PLU3_fvoJ1GyMStiA29z37DUPtG47PvOJz&index=65,,,,,,,,,,,,,,,,,,,,,,,,,30Â DecÂ '99,,,,,,30Â DecÂ '99,,,,,,,,,,,,,,,,,,,,,,,,--,,,,,,,,,,,,,,,,,,,,,,,,,,,
,552,-,,ðµð±,kazzruns,,â,9:47.765,9:49.408,21Â OctÂ 2024,(V),-5518127791753338364,,,9,49,408,589408,https://www.speedrun.com/mc/runs/y6ejg9jz,,,,,,,,,,,,,,,,,,,,,,,,,30Â DecÂ '99,,,,,,30Â DecÂ '99,,,,,,,,,,,,,,,,,,,,,,,,,,,,,,,,,,,,,,,,,,,,,,,,,,,
,553,-,,ð¸ðª,Crookst,,ð,9:49.408,9:49.408,24Â MayÂ 2022,(U),unknown,06,Yes,9,49,408,589408,https://www.youtube.com/watch?v=uV8TKcBR9fY,,,,,,,,,,,,,,,,,,,,,,,,,30Â DecÂ '99,,,,,,30Â DecÂ '99,,,,,,,,,,,,,,,,,,,,,,,,--,,,,,,,,,,,,,,,,,,,,,,,,,,,
,554,-,,ð¹ð¿,Kxpow,,ð,9:40.156,9:49.436,30Â JulÂ 2023,(U),-5875652353814320049,08,Yes,9,49,436,589436,https://www.youtube.com/watch?v=c4mVL3Qoois,,,,,,,,,,,,,,,,,,,,,,,,,30Â DecÂ '99,,,,,,30Â DecÂ '99,,,,,,,,,,,,,,,,,,,,,,,,--,,,,,,,,,,,,,,,,,,,,,,,,,,,
,555,-,,ðºð¸,doogile,,ð,9:48.125,9:49.511,22Â JanÂ 2023,(U),-5847241643383056057,,,9,49,511,589511,https://www.youtube.com/watch?v=svPe9bvWOZs,,,,,,,,,,,,,,,,,,,,,,,,,30Â DecÂ '99,,,,,,30Â DecÂ '99,,,,,,,,,,,,,,,,,,,,,,,,--,,,,,,,,,,,,,,,,,,,,,,,,,,,
,556,-,,ðºð¸,Zylenox,,ð,9:46.820,9:49.532,02Â JulÂ 2023,(U),8044565015290039310,15,Yes,9,49,532,589532,https://www.youtube.com/watch?v=sDcIlMtOOmE,,,,,,,,,,,,,,,,,,,,,,,,,30Â DecÂ '99,,,,,,30Â DecÂ '99,,,,,,,,,,,,,,,,,,,,,,,,--,,,,,,,,,,,,,,,,,,,,,,,,,,,
,557,-,,ð§ðª,boyenn,,ð,9:46.577,9:46.697,09Â MarÂ 2025,(U),unknown,,,9,46,697,586697,https://www.youtube.com/watch?v=V12SrHOwNBQ,,,,,,,,,,,,,,,,,,,,,,,,,30Â DecÂ '99,,,,,,30Â DecÂ '99,,,,,,,,,,,,,,,,,,,,,,,,--,,,,,,,,,,,,,,,,,,,,,,,,,,,
,558,-,,ð³ð´,skycrab1,,ð,9:49.773,9:49.773,18Â NovÂ 2024,(U),8995165694867144478,,,9,49,773,589773,https://www.youtube.com/watch?v=OrzWR9MX7RQ&list=PLU3_fvoJ1GyMStiA29z37DUPtG47PvOJz&index=96,,,,,,,,,,,,,,,,,,,,,,,,,30Â DecÂ '99,,,,,,30Â DecÂ '99,,,,,,,,,,,,,,,,,,,,,,,,--,,,,,,,,,,,,,,,,,,,,,,,,,,,
,559,-,,ðµð±,watermelon1708,,ð,9:49.338,9:49.896,15Â AugÂ 2025,(U),unknown,,,9,49,896,589896,https://www.youtube.com/watch?v=N1MKoW8JtrU,,,,,,,,,,,,,,,,,,,,,,,,,30Â DecÂ '99,,,,,,30Â DecÂ '99,,,,,,,,,,,,,,,,,,,,,,,,--,,,,,,,,,,,,,,,,,,,,,,,,,,,
,560,-,,ð³ð´,skycrab1,,ð,9:49.969,9:50.065,13Â NovÂ 2024,(U),4962570127198828524,,,9,50,65,590065,https://www.youtube.com/watch?v=6eV5G75VplI&list=PLU3_fvoJ1GyMStiA29z37DUPtG47PvOJz&index=93,,,,,,,,,,,,,,,,,,,,,,,,,30Â DecÂ '99,,,,,,30Â DecÂ '99,,,,,,,,,,,,,,,,,,,,,,,,--,,,,,,,,,,,,,,,,,,,,,,,,,,,
,561,-,,ðºð¸,doogile,,ð,9:49.649,9:50.424,12Â SepÂ 2023,(U),-1655592444366996481,,,9,50,424,590424,https://www.youtube.com/watch?v=FBTXjli9DBQ,,,,,,,,,,,,,,,,,,,,,,,,,30Â DecÂ '99,,,,,,30Â DecÂ '99,,,,,,,,,,,,,,,,,,,,,,,,--,,,,,,,,,,,,,,,,,,,,,,,,,,,
,562,-,,ð¸ð°,NoFear1337,,ð,9:50.463,9:50.463,20Â AugÂ 2023,(U),unknown,,,9,50,463,590463,https://www.youtube.com/watch?v=48-PM4b2mhk,,,,,,,,,,,,,,,,,,,,,,,,,30Â DecÂ '99,,,,,,30Â DecÂ '99,,,,,,,,,,,,,,,,,,,,,,,,--,,,,,,,,,,,,,,,,,,,,,,,,,,,
,563,-,,ð³ð´,skycrab1,,ð,9:49.721,9:50.491,21Â JunÂ 2024,(U),-6497843382079027047,,,9,50,491,590491,https://www.youtube.com/watch?v=F8E2ivfO0zk&list=PLU3_fvoJ1GyMStiA29z37DUPtG47PvOJz&index=37,,,,,,,,,,,,,,,,,,,,,,,,,30Â DecÂ '99,,,,,,30Â DecÂ '99,,,,,,,,,,,,,,,,,,,,,,,,--,,,,,,,,,,,,,,,,,,,,,,,,,,,
,564,-,,ðºð¸,doogile,,ð,9:39.067,9:50.542,28Â OctÂ 2023,(U),9080996345703823922,,,9,50,542,590542,https://www.youtube.com/watch?v=_V6MkKldJvY,,,,,,,,,,,,,,,,,,,,,,,,,30Â DecÂ '99,,,,,,30Â DecÂ '99,,,,,,,,,,,,,,,,,,,,,,,,--,,,,,,,,,,,,,,,,,,,,,,,,,,,
,565,-,,ð³ð´,skycrab1,,ð,9:50.665,9:50.665,23Â SepÂ 2024,(U),2493200409668593062,,,9,50,665,590665,https://www.youtube.com/watch?v=EEEQo8N6gQU&list=PLU3_fvoJ1GyMStiA29z37DUPtG47PvOJz&index=72,,,,,,,,,,,,,,,,,,,,,,,,,30Â DecÂ '99,,,,,,30Â DecÂ '99,,,,,,,,,,,,,,,,,,,,,,,,--,,,,,,,,,,,,,,,,,,,,,,,,,,,
,566,-,,ðºð¸,doogile,,ð,9:43.048,9:50.671,06Â JunÂ 2023,(U),5486779662085254088,,,9,50,671,590671,https://www.youtube.com/watch?v=GNfBvK-DdeI,,,,,,,,,,,,,,,,,,,,,,,,,30Â DecÂ '99,,,,,,30Â DecÂ '99,,,,,,,,,,,,,,,,,,,,,,,,--,,,,,,,,,,,,,,,,,,,,,,,,,,,
,567,-,,ð¨ð¦,Aquacorde,,ð,9:50.705,9:50.705,28Â MayÂ 2025,(U),1875131557642639498,,,9,50,705,590705,https://www.youtube.com/watch?v=WHI4EIF361I,,,,,,,,,,,,,,,,,,,,,,,,,30Â DecÂ '99,,,,,,30Â DecÂ '99,,,,,,,,,,,,,,,,,,,,,,,,--,,,,,,,,,,,,,,,,,,,,,,,,,,,
,568,-,,ð³ð´,skycrab1,,ð,9:48.924,9:50.706,14Â AprÂ 2024,(U),unknown,,,9,50,706,590706,https://www.youtube.com/watch?v=sr2kZbeK9UA&list=PLU3_fvoJ1GyMStiA29z37DUPtG47PvOJz&index=15,,,,,,,,,,,,,,,,,,,,,,,,,30Â DecÂ '99,,,,,,30Â DecÂ '99,,,,,,,,,,,,,,,,,,,,,,,,--,,,,,,,,,,,,,,,,,,,,,,,,,,,
,569,-,,ðºð¸,doogile,,ð,9:49.586,9:50.726,23Â JanÂ 2024,(U),-584548052417778455,,,9,50,726,590726,https://www.youtube.com/watch?v=ql5yaRF0gCE,,,,,,,,,,,,,,,,,,,,,,,,,30Â DecÂ '99,,,,,,30Â DecÂ '99,,,,,,,,,,,,,,,,,,,,,,,,--,,,,,,,,,,,,,,,,,,,,,,,,,,,
,570,-,,ð³ð´,skycrab1,,ð,9:50.792,9:50.792,07Â NovÂ 2024,(U),7554489611952099407,,,9,50,792,590792,https://www.youtube.com/watch?v=6-ETpuXoEEk&list=PLU3_fvoJ1GyMStiA29z37DUPtG47PvOJz&index=91,,,,,,,,,,,,,,,,,,,,,,,,,30Â DecÂ '99,,,,,,30Â DecÂ '99,,,,,,,,,,,,,,,,,,,,,,,,--,,,,,,,,,,,,,,,,,,,,,,,,,,,
,571,-,,ð®ð¹,drip120,,â,9:50.878,9:50.878,04Â OctÂ 2023,(V),-1789423009707373733,,Yes,9,50,878,590878,https://www.speedrun.com/mc/runs/y6q50l6z,,,,,,,,,,,,,,,,,,,,,,,,,30Â DecÂ '99,,,,,,30Â DecÂ '99,,,,,,,,,,,,,,,,,,,,,,,,--,,,,,,,,,,,,,,,,,,,,,,,,,,,
,572,-,,ð¸ð°,NoFear1337,,ð,9:48.795,9:51.150,17Â JunÂ 2025,(U),unknown,,,9,51,150,591150,https://www.youtube.com/watch?v=EZF1Z0DG-74,,,,,,,,,,,,,,,,,,,,,,,,,30Â DecÂ '99,,,,,,30Â DecÂ '99,,,,,,,,,,,,,,,,,,,,,,,,--,,,,,,,,,,,,,,,,,,,,,,,,,,,
,573,-,,ð³ð´,skycrab1,,ð,9:51.158,9:51.158,08Â DecÂ 2025,(U),unknown,,,9,51,158,591158,https://www.youtube.com/watch?v=fKGyoMdXDzc&list=PLU3_fvoJ1GyMStiA29z37DUPtG47PvOJz&index=156,,,,,,,,,,,,,,,,,,,,,,,,,30Â DecÂ '99,,,,,,30Â DecÂ '99,,,,,,,,,,,,,,,,,,,,,,,,--,,,,,,,,,,,,,,,,,,,,,,,,,,,
,574,72,ðºð¸,Dylqn,,,â,9:54.988,9:51.164,01Â AugÂ 2022,(V),-7315821799138863380,,,9,51,164,591164,https://www.speedrun.com/mc/runs/yod43rjm,,,,,,,,,,,,,,,,,,,,,,,,,30Â DecÂ '99,,,,,,30Â DecÂ '99,,,,,,,,,,,,,,,,,,,,,,,,,,,,,,,,,,,,,,,,,,,,,,,,,,,
,575,-,,ð³ð´,skycrab1,,ð,9:50.489,9:51.181,20Â MarÂ 2026,(U),unknown,,,9,51,181,591181,https://www.youtube.com/watch?v=_SXbQSqj37s&list=PLU3_fvoJ1GyMStiA29z37DUPtG47PvOJz&index=173,,,,,,,,,,,,,,,,,,,,,,,,,30Â DecÂ '99,,,,,,30Â DecÂ '99,,,,,,,,,,,,,,,,,,,,,,,,,,,,,,,,,,,,,,,,,,,,,,,,,,,
,576,-,,ð³ð´,skycrab1,,ð,9:51.202,9:51.202,09Â OctÂ 2024,(U),6786942152196432309,,,9,51,202,591202,https://www.youtube.com/watch?v=qIX6RDLk3Fw&list=PLU3_fvoJ1GyMStiA29z37DUPtG47PvOJz&index=79,,,,,,,,,,,,,,,,,,,,,,,,,30Â DecÂ '99,,,,,,30Â DecÂ '99,,,,,,,,,,,,,,,,,,,,,,,,--,,,,,,,,,,,,,,,,,,,,,,,,,,,
,577,-,,ð³ð´,skycrab1,,ð,9:51.237,9:51.237,04Â SepÂ 2024,(U),-5564102044404778436,,,9,51,237,591237,https://www.youtube.com/watch?v=J6913JzSFoI&list=PLU3_fvoJ1GyMStiA29z37DUPtG47PvOJz&index=63,,,,,,,,,,,,,,,,,,,,,,,,,30Â DecÂ '99,,,,,,30Â DecÂ '99,,,,,,,,,,,,,,,,,,,,,,,,--,,,,,,,,,,,,,,,,,,,,,,,,,,,
,578,-,,ð®ð¹,drip120,,ð,9:49.755,9:51.238,17Â DecÂ 2025,(U),unknown,,,9,51,238,591238,https://www.youtube.com/watch?v=wz6HL9sHv3A,,,,,,,,,,,,,,,,,,,,,,,,,30Â DecÂ '99,,,,,,30Â DecÂ '99,,,,,,,,,,,,,,,,,,,,,,,,--,,,,,,,,,,,,,,,,,,,,,,,,,,,
,579,-,,ð¬ð§,priffie,,â,9:52.129,9:52.129,06Â AprÂ 2023,(V),-6774371518579710751,12,Yes,9,52,129,592129,https://www.speedrun.com/mc/run/y4g4q23y,,,,,,,,,,,,,,,,,,,,,,,,,30Â DecÂ '99,,,,,,30Â DecÂ '99,,,,,,,,,,,,,,,,,,,,,,,,--,,,,,,,,,,,,,,,,,,,,,,,,,,,
,580,-,,ð©ð°,Bloopy,,ð,9:51.888,9:52.213,01Â DecÂ 2024,(U),-585511820718115060,,,9,52,213,592213,https://www.youtube.com/watch?v=NZGdtGg7EMI,,,,,,,,,,,,,,,,,,,,,,,,,30Â DecÂ '99,,,,,,30Â DecÂ '99,,,,,,,,,,,,,,,,,,,,,,,,--,,,,,,,,,,,,,,,,,,,,,,,,,,,
,581,-,,ðºð¸,doogile,,ð,9:47.627,9:52.339,30Â MarÂ 2025,(U),unknown,,,9,52,339,592339,https://www.youtube.com/watch?v=qhwp9ohvjNc,,,,,,,,,,,,,,,,,,,,,,,,,30Â DecÂ '99,,,,,,30Â DecÂ '99,,,,,,,,,,,,,,,,,,,,,,,,--,,,,,,,,,,,,,,,,,,,,,,,,,,,
,582,-,,ð§ðª,boyenn,,ð,9:52.329,9:52.329,02Â MayÂ 2025,(U),unknown,,,9,52,329,592329,https://www.youtube.com/watch?v=d_SBrMIiMm4,,,,,,,,,,,,,,,,,,,,,,,,,30Â DecÂ '99,,,,,,30Â DecÂ '99,,,,,,,,,,,,,,,,,,,,,,,,--,,,,,,,,,,,,,,,,,,,,,,,,,,,
,583,-,,ð¸ð°,NoFear1337,,ð,9:50.254,9:52.607,29Â AugÂ 2025,(U),unknown,,,9,52,607,592607,https://www.youtube.com/watch?v=1CSaPJ3zD9E,,,,,,,,,,,,,,,,,,,,,,,,,30Â DecÂ '99,,,,,,30Â DecÂ '99,,,,,,,,,,,,,,,,,,,,,,,,--,,,,,,,,,,,,,,,,,,,,,,,,,,,
,584,-,,ð¸ð°,NoFear1337,,ð,9:52.674,9:52.674,14Â JulÂ 2023,(U),3311070428506478041,,,9,52,674,592674,https://www.youtube.com/watch?v=0xG_Me1Rz5g,,,,,,,,,,,,,,,,,,,,,,,,,30Â DecÂ '99,,,,,,30Â DecÂ '99,,,,,,,,,,,,,,,,,,,,,,,,--,,,,,,,,,,,,,,,,,,,,,,,,,,,
,585,-,,ð¸ð°,NoFear1337,,ð,9:51.200,9:52.693,27Â NovÂ 2024,(U),unknown,,,9,52,693,592693,https://www.youtube.com/watch?v=fOaCQDFWOJY&list=PLaTJSsRuu2UeeWabBBfNVWALvnefBoL2C&index=14,,,,,,,,,,,,,,,,,,,,,,,,,30Â DecÂ '99,,,,,,30Â DecÂ '99,,,,,,,,,,,,,,,,,,,,,,,,--,,,,,,,,,,,,,,,,,,,,,,,,,,,
,586,-,,ð¸ð°,NoFear1337,,ð,9:52.350,9:52.741,04Â NovÂ 2025,(U),unknown,,,9,52,741,592741,https://www.youtube.com/watch?v=OHpcSW2oLMw,,,,,,,,,,,,,,,,,,,,,,,,,30Â DecÂ '99,,,,,,30Â DecÂ '99,,,,,,,,,,,,,,,,,,,,,,,,--,,,,,,,,,,,,,,,,,,,,,,,,,,,
,587,-,,ðºð¸,Zylenox,,â,9:50.003,9:52.982,01Â OctÂ 2022,(X),7341342396448378050,06,Yes,9,52,982,592982,https://www.speedrun.com/mc/run/zgqlvxey,,,,,,,,,,,,,,,,,,,,,,,,,30Â DecÂ '99,,,,,,30Â DecÂ '99,,,,,,,,,,,,,,,,,,,,,,,,--,,,,,,,,,,,,,,,,,,,,,,,,,,,
,588,-,,ð¨ð¦,Aquacorde,,ð,9:52.194,9:53.340,22Â SepÂ 2024,(U),-9213133469295055645,,,9,53,340,593340,https://www.youtube.com/watch?v=WlkQTuuVfUg,,,,,,,,,,,,,,,,,,,,,,,,,30Â DecÂ '99,,,,,,30Â DecÂ '99,,,,,,,,,,,,,,,,,,,,,,,,--,,,,,,,,,,,,,,,,,,,,,,,,,,,
,589,-,,ð³ð´,skycrab1,,ð,9:52.003,9:53.778,08Â AugÂ 2024,(U),-7456900742999053389,,,9,53,778,593778,https://www.youtube.com/watch?v=nJT3-TIU4ak&list=PLU3_fvoJ1GyMStiA29z37DUPtG47PvOJz&index=49,,,,,,,,,,,,,,,,,,,,,,,,,30Â DecÂ '99,,,,,,30Â DecÂ '99,,,,,,,,,,,,,,,,,,,,,,,,--,,,,,,,,,,,,,,,,,,,,,,,,,,,
,590,-,,ð«ð®,AndrewCrow,,â,9:53.628,9:53.628,09Â MarÂ 2022,(V),-4620186726931781022,,,9,53,628,593628,https://www.speedrun.com/mc/runs/yvq5e58m,,,,,,,,,,,,,,,,,,,,,,,,,30Â DecÂ '99,,,,,,30Â DecÂ '99,,,,,,,,,,,,,,,,,,,,,,,,,,,,,,,,,,,,,,,,,,,,,,,,,,,
,591,-,,ðºð¸,Zylenox,,ð,9:52.464,9:53.967,08Â JunÂ 2023,(U),unknown,15,Yes,9,53,967,593967,https://www.youtube.com/watch?v=tgOPJWqSS2A,,,,,,,,,,,,,,,,,,,,,,,,,30Â DecÂ '99,,,,,,30Â DecÂ '99,,,,,,,,,,,,,,,,,,,,,,,,--,,,,,,,,,,,,,,,,,,,,,,,,,,,
,592,-,,ð¸ð°,NoFear1337,,ð,9:54.420,9:54.420,03 Jul 2024,(U),unknown,,,9,54,420,594420,https://www.youtube.com/watch?v=wLSjADbTw0g&list=PLaTJSsRuu2UeeWabBBfNVWALvnefBoL2C&index=11,,,,,,,,,,,,,,,,,,,,,,,,,30Â DecÂ '99,,,,,,30Â DecÂ '99,,,,,,,,,,,,,,,,,,,,,,,,--,,,,,,,,,,,,,,,,,,,,,,,,,,,
,593,-,,ðºð¸,doogile,,ð,9:48.840,9:54.481,30Â NovÂ 2023,(U),984680660246125124,,,9,54,481,594481,https://www.youtube.com/watch?v=o4MQAI-5dNk,,,,,,,,,,,,,,,,,,,,,,,,,30Â DecÂ '99,,,,,,30Â DecÂ '99,,,,,,,,,,,,,,,,,,,,,,,,--,,,,,,,,,,,,,,,,,,,,,,,,,,,
,594,-,,ð³ð´,skycrab1,,ð,9:53.575,9:54.586,23Â MayÂ 2024,(U),891404935747886516,,,9,54,586,594586,https://www.youtube.com/watch?v=Jej0PF9SsMc&list=PLU3_fvoJ1GyMStiA29z37DUPtG47PvOJz&index=22,,,,,,,,,,,,,,,,,,,,,,,,,30Â DecÂ '99,,,,,,30Â DecÂ '99,,,,,,,,,,,,,,,,,,,,,,,,--,,,,,,,,,,,,,,,,,,,,,,,,,,,
,595,-,,ðºð¸,doogile,,ð,9:53.274,9:54.737,30Â AprÂ 2023,(U),8647590348212055728,,,9,54,737,594737,https://www.youtube.com/watch?v=LCDb8vZEG8M,,,,,,,,,,,,,,,,,,,,,,,,,30Â DecÂ '99,,,,,,30Â DecÂ '99,,,,,,,,,,,,,,,,,,,,,,,,--,,,,,,,,,,,,,,,,,,,,,,,,,,,
,596,-,,ð³ð´,skycrab1,,â,9:48.928,9:54.790,17Â AugÂ 2023,(V),4841977551772325086,,,9,54,790,594790,https://www.speedrun.com/mc/runs/zx3pxk8z,,,,,,,,,,,,,,,,,,,,,,,,,30Â DecÂ '99,,,,,,30Â DecÂ '99,,,,,,,,,,,,,,,,,,,,,,,,--,,,,,,,,,,,,,,,,,,,,,,,,,,,
,597,-,,ð³ð´,skycrab1,,ð,9:51.595,9:55.093,04Â NovÂ 2023,(U),unknown,,,9,55,93,595093,https://www.youtube.com/watch?v=6XR2MBsNb6k&list=PLU3_fvoJ1GyMStiA29z37DUPtG47PvOJz&index=3,,,,,,,,,,,,,,,,,,,,,,,,,30Â DecÂ '99,,,,,,30Â DecÂ '99,,,,,,,,,,,,,,,,,,,,,,,,--,,,,,,,,,,,,,,,,,,,,,,,,,,,
,598,-,,ðµð±,watermelon1708,,ð,9:55.102,9:55.102,09Â NovÂ 2025,(U),unknown,,,9,55,102,595102,https://www.youtube.com/watch?v=ZPS7AydV7hs,,,,,,,,,,,,,,,,,,,,,,,,,30Â DecÂ '99,,,,,,30Â DecÂ '99,,,,,,,,,,,,,,,,,,,,,,,,--,,,,,,,,,,,,,,,,,,,,,,,,,,,
,599,-,,ð³ð´,skycrab1,,ð,9:55.288,9:55.288,11Â SepÂ 2024,(U),-7383229006023208125,,,9,55,288,595288,https://www.youtube.com/watch?v=hsEjtrLyOUM&list=PLU3_fvoJ1GyMStiA29z37DUPtG47PvOJz&index=68,,,,,,,,,,,,,,,,,,,,,,,,,30Â DecÂ '99,,,,,,30Â DecÂ '99,,,,,,,,,,,,,,,,,,,,,,,,--,,,,,,,,,,,,,,,,,,,,,,,,,,,
,600,-,,ð¸ð°,NoFear1337,,ð,9:55.440,9:55.440,02Â OctÂ 2023,(U),unknown,,,9,55,440,595440,https://www.youtube.com/watch?v=wSvd77nUE5w,,,,,,,,,,,,,,,,,,,,,,,,,30Â DecÂ '99,,,,,,30Â DecÂ '99,,,,,,,,,,,,,,,,,,,,,,,,--,,,,,,,,,,,,,,,,,,,,,,,,,,,
,601,-,,ð¸ð°,NoFear1337,,ð,9:55.325,9:55.616,6 May 2024,(U),unknown,,,9,55,616,595616,https://www.youtube.com/watch?v=SGv4ZI8oRZs&list=PLaTJSsRuu2UeeWabBBfNVWALvnefBoL2C&index=9,,,,,,,,,,,,,,,,,,,,,,,,,30Â DecÂ '99,,,,,,30Â DecÂ '99,,,,,,,,,,,,,,,,,,,,,,,,--,,,,,,,,,,,,,,,,,,,,,,,,,,,
,602,-,,ð¹ð¿,Kxpow,,ð,9:54.397,9:55.748,04Â DecÂ 2023,(U),5607338791284436984,09,Yes,9,55,748,595748,https://www.youtube.com/watch?v=A7-MF6MUslQ,,,,,,,,,,,,,,,,,,,,,,,,,30Â DecÂ '99,,,,,,30Â DecÂ '99,,,,,,,,,,,,,,,,,,,,,,,,--,,,,,,,,,,,,,,,,,,,,,,,,,,,
,603,-,,ðºð¸,doogile,,ð,9:54.943,9:55.997,03Â MarÂ 2024,(U),-6539725761091483883,,,9,55,997,595997,https://www.youtube.com/watch?v=xPmNTEmWuPM,,,,,,,,,,,,,,,,,,,,,,,,,30Â DecÂ '99,,,,,,30Â DecÂ '99,,,,,,,,,,,,,,,,,,,,,,,,--,,,,,,,,,,,,,,,,,,,,,,,,,,,
,604,-,,ð¸ð°,NoFear1337,,ð,9:55.940,9:56.174,17Â JunÂ 2025,(U),unknown,,,9,56,174,596174,https://www.youtube.com/watch?v=Ueljb7uj3fA,,,,,,,,,,,,,,,,,,,,,,,,,30Â DecÂ '99,,,,,,30Â DecÂ '99,,,,,,,,,,,,,,,,,,,,,,,,--,,,,,,,,,,,,,,,,,,,,,,,,,,,
,605,-,,ð¸ð°,NoFear1337,,ð,9:56.184,9:56.184,10Â DecÂ 2023,(U),unknown,,,9,56,184,596184,https://www.youtube.com/watch?v=qT6Bdh7x3RY,,,,,,,,,,,,,,,,,,,,,,,,,30Â DecÂ '99,,,,,,30Â DecÂ '99,,,,,,,,,,,,,,,,,,,,,,,,--,,,,,,,,,,,,,,,,,,,,,,,,,,,
,606,-,,ðµð±,watermelon1708,,ð,9:55.885,9:56.256,03Â OctÂ 2025,(U),unknown,,,9,56,256,596256,todo,,,,,,,,,,,,,,,,,,,,,,,,,30Â DecÂ '99,,,,,,30Â DecÂ '99,,,,,,,,,,,,,,,,,,,,,,,,--,,,,,,,,,,,,,,,,,,,,,,,,,,,
,607,-,,ðºð¸,doogile,,ð,9:54.068,9:56.523,23Â FebÂ 2023,(U),6408064456688013983,,,9,56,523,596523,https://www.youtube.com/watch?v=GdCYkElNK1M,,,,,,,,,,,,,,,,,,,,,,,,,30Â DecÂ '99,,,,,,30Â DecÂ '99,,,,,,,,,,,,,,,,,,,,,,,,--,,,,,,,,,,,,,,,,,,,,,,,,,,,
,608,-,,ð³ð´,skycrab1,,ð,9:56.544,9:56.544,17Â JanÂ 2025,(U),4734961951437511625,,,9,56,544,596544,https://www.youtube.com/watch?v=b02Hcjv7jIE&list=PLU3_fvoJ1GyMStiA29z37DUPtG47PvOJz&index=109,,,,,,,,,,,,,,,,,,,,,,,,,30Â DecÂ '99,,,,,,30Â DecÂ '99,,,,,,,,,,,,,,,,,,,,,,,,--,,,,,,,,,,,,,,,,,,,,,,,,,,,
,609,-,,ð³ð´,skycrab1,,ð,9:56.649,9:56.649,08Â DecÂ 2025,(U),unknown,,,9,56,649,596649,https://www.youtube.com/watch?v=P0qk2AGV3VY&list=PLU3_fvoJ1GyMStiA29z37DUPtG47PvOJz&index=152,,,,,,,,,,,,,,,,,,,,,,,,,30Â DecÂ '99,,,,,,30Â DecÂ '99,,,,,,,,,,,,,,,,,,,,,,,,--,,,,,,,,,,,,,,,,,,,,,,,,,,,
,610,-,,ð³ð´,skycrab1,,ð,9:56.902,9:56.902,04Â OctÂ 2024,(U),-633820598283488717,,,9,56,902,596902,https://www.youtube.com/watch?v=PI6D8MfZuDk&list=PLU3_fvoJ1GyMStiA29z37DUPtG47PvOJz&index=75,,,,,,,,,,,,,,,,,,,,,,,,,30Â DecÂ '99,,,,,,30Â DecÂ '99,,,,,,,,,,,,,,,,,,,,,,,,--,,,,,,,,,,,,,,,,,,,,,,,,,,,
,611,-,,ð¨ð¦,Aquacorde,,ð,9:56.926,9:56.926,27Â MarÂ 2025,(U),5157843297046225006,,,9,56,926,596926,https://www.youtube.com/watch?v=hGn2BSJHRhA,,,,,,,,,,,,,,,,,,,,,,,,,30Â DecÂ '99,,,,,,30Â DecÂ '99,,,,,,,,,,,,,,,,,,,,,,,,--,,,,,,,,,,,,,,,,,,,,,,,,,,,
,612,-,,ð¨ð¦,NoHacsJustRoblox,,ð,9:57.026,9:57.026,17Â AprÂ 2024,(U),-3757955350309369688,,,9,57,26,597026,https://www.youtube.com/watch?v=P8t-qbFZ-BY,,,,,,,,,,,,,,,,,,,,,,,,,30Â DecÂ '99,,,,,,30Â DecÂ '99,,,,,,,,,,,,,,,,,,,,,,,,--,,,,,,,,,,,,,,,,,,,,,,,,,,,
,613,-,,ð®ð¹,drip120,,â,9:55.892,9:57.317,03Â JulÂ 2023,(V),2452531967130653073,,Yes,9,57,317,597317,https://www.speedrun.com/mc/runs/z1lg9prm,,,,,,,,,,,,,,,,,,,,,,,,,30Â DecÂ '99,,,,,,30Â DecÂ '99,,,,,,,,,,,,,,,,,,,,,,,,--,,,,,,,,,,,,,,,,,,,,,,,,,,,
,614,-,,ð³ð´,skycrab1,,â,9:51.461,9:57.147,11Â MayÂ 2023,(U),2605522184157601882,,,9,57,147,597147,https://www.youtube.com/watch?v=jYU7tFrq3Kw,,,,,,,,,,,,,,,,,,,,,,,,,30Â DecÂ '99,,,,,,30Â DecÂ '99,,,,,,,,,,,,,,,,,,,,,,,,--,,,,,,,,,,,,,,,,,,,,,,,,,,,
,615,-,,ð³ð´,skycrab1,,ð,9:56.329,9:57.615,29Â AugÂ 2024,(U),-4480279023059321104,,,9,57,615,597615,https://www.youtube.com/watch?v=c_knIEDIN0Q&list=PLU3_fvoJ1GyMStiA29z37DUPtG47PvOJz&index=60,,,,,,,,,,,,,,,,,,,,,,,,,30Â DecÂ '99,,,,,,30Â DecÂ '99,,,,,,,,,,,,,,,,,,,,,,,,--,,,,,,,,,,,,,,,,,,,,,,,,,,,
,616,-,,ðºð¸,doogile,,ð,9:56.917,9:57.529,17Â OctÂ 2023,(U),-5689854122444057127,,,9,57,529,597529,https://www.youtube.com/watch?v=2BCjNspgecU,,,,,,,,,,,,,,,,,,,,,,,,,30Â DecÂ '99,,,,,,30Â DecÂ '99,,,,,,,,,,,,,,,,,,,,,,,,--,,,,,,,,,,,,,,,,,,,,,,,,,,,
,617,-,,ð³ð´,skycrab1,,ð,9:56.188,9:57.562,02Â JunÂ 2024,(U),3940068487217196837,,,9,57,562,597562,https://www.youtube.com/watch?v=iAdpF0Sqc88&list=PLU3_fvoJ1GyMStiA29z37DUPtG47PvOJz&index=26,,,,,,,,,,,,,,,,,,,,,,,,,30Â DecÂ '99,,,,,,30Â DecÂ '99,,,,,,,,,,,,,,,,,,,,,,,,--,,,,,,,,,,,,,,,,,,,,,,,,,,,
,618,-,,ð³ð´,skycrab1,,ð,9:56.538,9:57.820,14Â AugÂ 2024,(U),479487356210199051,,,9,57,820,597820,https://www.youtube.com/watch?v=1M8TGn4UPXE&list=PLU3_fvoJ1GyMStiA29z37DUPtG47PvOJz&index=54,,,,,,,,,,,,,,,,,,,,,,,,,30Â DecÂ '99,,,,,,30Â DecÂ '99,,,,,,,,,,,,,,,,,,,,,,,,--,,,,,,,,,,,,,,,,,,,,,,,,,,,
,619,-,,ð¸ð°,NoFear1337,,ð,9:54.437,9:57.999,09Â OctÂ 2025,(U),unknown,,,9,57,999,597999,https://www.youtube.com/watch?v=ksuzNN1cGZo,,,,,,,,,,,,,,,,,,,,,,,,,30Â DecÂ '99,,,,,,30Â DecÂ '99,,,,,,,,,,,,,,,,,,,,,,,,--,,,,,,,,,,,,,,,,,,,,,,,,,,,
,620,-,,ð³ð´,skycrab1,,ð,9:57.276,9:58.045,20Â JunÂ 2024,(U),1800265226031074073,,,9,58,45,598045,https://www.youtube.com/watch?v=wnyuQs9XN68&list=PLU3_fvoJ1GyMStiA29z37DUPtG47PvOJz&index=35,,,,,,,,,,,,,,,,,,,,,,,,,30Â DecÂ '99,,,,,,30Â DecÂ '99,,,,,,,,,,,,,,,,,,,,,,,,--,,,,,,,,,,,,,,,,,,,,,,,,,,,
,621,-,,ðºð¸,meebie,,ð,9:57.945,9:58.412,03Â DecÂ 2023,(U),unknown,,,9,58,412,598412,https://www.youtube.com/watch?v=nh-UhStAL0s&list=PLaTJSsRuu2Ufk7cX7bUTt9V-IJxa8wqSM&index=7,,,,,,,,,,,,,,,,,,,,,,,,,0,,,,,,0:00,,,,,,,,,,,,,,,,,,,,,,,,--,,,,,,,,,,,,,,,,,,,,,,,,,,,
,622,-,,ðºð¸,doogile,,ð,9:56.283,9:58.776,24Â OctÂ 2023,(U),-7334551745838915059,,,9,58,776,598776,https://www.youtube.com/watch?v=m6JOuubXYqM,,,,,,,,,,,,,,,,,,,,,,,,,0,,,,,,0:00,,,,,,,,,,,,,,,,,,,,,,,,--,,,,,,,,,,,,,,,,,,,,,,,,,,,
,623,-,,ð³ð´,skycrab1,,ð,9:58.937,9:58.937,22Â JulÂ 2025,(U),unknown,,,9,58,937,598937,https://www.youtube.com/watch?v=GyLMFvz9RwQ&list=PLU3_fvoJ1GyMStiA29z37DUPtG47PvOJz&index=136,,,,,,,,,,,,,,,,,,,,,,,,,30Â DecÂ '99,,,,,,30Â DecÂ '99,,,,,,,,,,,,,,,,,,,,,,,,--,,,,,,,,,,,,,,,,,,,,,,,,,,,
,624,73,ð§ð¾,MiGor,,,â,9:58.953,9:59.304,09Â MarÂ 2023,(V),-9045855264029833300,,,9,59,304,599304,https://www.speedrun.com/mc/runs/ywvx7j9z,,,,,,,,,,,,,,,,,,,,,,,,,30Â DecÂ '99,,,,,,30Â DecÂ '99,,,,,,,,,,,,,,,,,,,,,,,,--,,,,,,,,,,,,,,,,,,,,,,,,,,,
,625,-,,ð³ð´,skycrab1,,ð,9:59.434,9:59.434,03Â FebÂ 2025,(U),1510017576030083045,,,9,59,434,599434,https://www.youtube.com/watch?v=2hEq9CQ2tCI&list=PLU3_fvoJ1GyMStiA29z37DUPtG47PvOJz&index=113,,,,,,,,,,,,,,,,,,,,,,,,,30Â DecÂ '99,,,,,,30Â DecÂ '99,,,,,,,,,,,,,,,,,,,,,,,,--,,,,,,,,,,,,,,,,,,,,,,,,,,,
,626,74,ðºð¸,Dav1E,,,â,9:56.187,9:59.801,04Â MarÂ 2023,(V),-4842662315057252519,,,9,59,801,599801,https://www.speedrun.com/mc/runs/ydglnxxy,,,,,,,,,,,,,,,,,,,,,,,,,30Â DecÂ '99,,,,,,30Â DecÂ '99,,,,,,,,,,,,,,,,,,,,,,,,--,,,,,,,,,,,,,,,,,,,,,,,,,,,
,627,-,,ð¹ð¿,Kxpow,,ð,9:57.406,9:59.883,13Â NovÂ 2023,(U),2010962759059367227,,,9,59,883,599883,https://www.youtube.com/watch?v=Um24X3kHXaQ,,,,,,,,,,,,,,,,,,,,,,,,,30Â DecÂ '99,,,,,,30Â DecÂ '99,,,,,,,,,,,,,,,,,,,,,,,,,,,,,,,,,,,,,,,,,,,,,,,,,,,
,628,-,,ð¸ð°,NoFear1337,,ð,9:59.977,9:59.977,26Â JulÂ 2023,(U),unknown,,,9,59,977,599977,https://www.youtube.com/watch?v=jIXSA_OzqEo,,,,,,,,,,,,,,,,,,,,,,,,,30Â DecÂ '99,,,,,,30Â DecÂ '99,,,,,,,,,,,,,,,,,,,,,,,,--,,,,,,,,,,,,,,,,,,,,,,,,,,,
,629,-,,,test_runner,,ð,11:07.000,11:07.000,18Â AprÂ 2026,(B),unknown,,,11,7,0,667000,https://www.youtube.com/watch?v=dQw4w9WgXcQ,,,,,,,,,,,,,,,,,,,,,,,,,30Â DecÂ '99,,,,,,30Â DecÂ '99,,,,,,,,,,,,,,,,,,,,,,,,--,,,,,,,,,,,,,,,,,,,,,,,,,,,
,630,,,,,,,,,,,,,,,,,,,,,,,,,,,,,,,,,,,,,,,,,,,30Â DecÂ '99,,,,,,30Â DecÂ '99,,,,,,,,,,,,,,,,,,,,,,,,--,,,,,,,,,,,,,,,,,,,,,,,,,,,
,631,,,,,,,,,,,,,,,,,,,,,,,,,,,,,,,,,,,,,,,,,,,30Â DecÂ '99,,,,,,30Â DecÂ '99,,,,,,,,,,,,,,,,,,,,,,,,--,,,,,,,,,,,,,,,,,,,,,,,,,,,
,632,,,,,,,,,,,,,,,,,,,,,,,,,,,,,,,,,,,,,,,,,,,30Â DecÂ '99,,,,,,30Â DecÂ '99,,,,,,,,,,,,,,,,,,,,,,,,--,,,,,,,,,,,,,,,,,,,,,,,,,,,
,633,,,,,,,,,,,,,,,,,,,,,,,,,,,,,,,,,,,,,,,,,,,30Â DecÂ '99,,,,,,30Â DecÂ '99,,,,,,,,,,,,,,,,,,,,,,,,--,,,,,,,,,,,,,,,,,,,,,,,,,,,
,,,,,,,,,,,,,,,,,,,,,,,,,,,,,,,,,,,,,,,,,,,,30Â DecÂ '99,,,,,,30Â DecÂ '99,,,,,,,,,,,,,,,,,,,,,,,,--,,,,,,,,,,,,,,,,,,,,,,,,,,,
,,,,,,,,,,,,,,,,,,,,,,,,,,,,,,,,,,,,,,,,,,,,30Â DecÂ '99,,,,,,30Â DecÂ '99,,,,,,,,,,,,,,,,,,,,,,,,--,,,,,,,,,,,,,,,,,,,,,,,,,,,
,,,,,,,,,,,,,,,,,,,,,,,,,,,,,,,,,,,,,,,,,,,,30Â DecÂ '99,,,,,,30Â DecÂ '99,,,,,,,,,,,,,,,,,,,,,,,,--,,,,,,,,,,,,,,,,,,,,,,,,,,,
,,,,,,,,,,,,,,,,,,,,,,,,,,,,,,,,,,,,,,,,,,,,30Â DecÂ '99,,,,,,30Â DecÂ '99,,,,,,,,,,,,,,,,,,,,,,,,--,,,,,,,,,,,,,,,,,,,,,,,,,,,
,,,,,,,,,,,,,,,,,,,,,,,,,,,,,,,,,,,,,,,,,,,,30Â DecÂ '99,,,,,,30Â DecÂ '99,,,,,,,,,,,,,,,,,,,,,,,,--,,,,,,,,,,,,,,,,,,,,,,,,,,,
,,,,,,,,,,,,,,,,,,,,,,,,,,,,,,,,,,,,,,,,,,,,30Â DecÂ '99,,,,,,30Â DecÂ '99,,,,,,,,,,,,,,,,,,,,,,,,--,,,,,,,,,,,,,,,,,,,,,,,,,,,
,,,,,,,,,,,,,,,,,,,,,,,,,,,,,,,,,,,,,,,,,,,,30Â DecÂ '99,,,,,,30Â DecÂ '99,,,,,,,,,,,,,,,,,,,,,,,,--,,,,,,,,,,,,,,,,,,,,,,,,,,,
,,,,,,,,,,,,,,,,,,,,,,,,,,,,,,,,,,,,,,,,,,,,30Â DecÂ '99,,,,,,30Â DecÂ '99,,,,,,,,,,,,,,,,,,,,,,,,--,,,,,,,,,,,,,,,,,,,,,,,,,,,
,,,,,,,,,,,,,,,,,,,,,,,,,,,,,,,,,,,,,,,,,,,,30Â DecÂ '99,,,,,,30Â DecÂ '99,,,,,,,,,,,,,,,,,,,,,,,,--,,,,,,,,,,,,,,,,,,,,,,,,,,,
,,,,,,,,,,,,,,,,,,,,,,,,,,,,,,,,,,,,,,,,,,,,30Â DecÂ '99,,,,,,30Â DecÂ '99,,,,,,,,,,,,,,,,,,,,,,,,--,,,,,,,,,,,,,,,,,,,,,,,,,,,
,,,,,,,,,,,,,,,,,,,,,,,,,,,,,,,,,,,,,,,,,,,,30Â DecÂ '99,,,,,,30Â DecÂ '99,,,,,,,,,,,,,,,,,,,,,,,,--,,,,,,,,,,,,,,,,,,,,,,,,,,,
,,,,,,,,,,,,,,,,,,,,,,,,,,,,,,,,,,,,,,,,,,,,30Â DecÂ '99,,,,,,30Â DecÂ '99,,,,,,,,,,,,,,,,,,,,,,,,--,,,,,,,,,,,,,,,,,,,,,,,,,,,
,,,,,,,,,,,,,,,,,,,,,,,,,,,,,,,,,,,,,,,,,,,,30Â DecÂ '99,,,,,,30Â DecÂ '99,,,,,,,,,,,,,,,,,,,,,,,,--,,,,,,,,,,,,,,,,,,,,,,,,,,,
,,,,,,,,,,,,,,,,,,,,,,,,,,,,,,,,,,,,,,,,,,,,30Â DecÂ '99,,,,,,30Â DecÂ '99,,,,,,,,,,,,,,,,,,,,,,,,--,,,,,,,,,,,,,,,,,,,,,,,,,,,
,,,,,,,,,,,,,,,,,,,,,,,,,,,,,,,,,,,,,,,,,,,,30Â DecÂ '99,,,,,,30Â DecÂ '99,,,,,,,,,,,,,,,,,,,,,,,,--,,,,,,,,,,,,,,,,,,,,,,,,,,,
,,,,,,,,,,,,,,,,,,,,,,,,,,,,,,,,,,,,,,,,,,,,30Â DecÂ '99,,,,,,30Â DecÂ '99,,,,,,,,,,,,,,,,,,,,,,,,--,,,,,,,,,,,,,,,,,,,,,,,,,,,
,,,,,,,,,,,,,,,,,,,,,,,,,,,,,,,,,,,,,,,,,,,,30Â DecÂ '99,,,,,,30Â DecÂ '99,,,,,,,,,,,,,,,,,,,,,,,,--,,,,,,,,,,,,,,,,,,,,,,,,,,,
,,,,,,,,,,,,,,,,,,,,,,,,,,,,,,,,,,,,,,,,,,,,,,,,,,,,,,,,,,,,,,,,,,,,,,,,,,--,,,,,,,,,,,,,,,,,,,,,,,,,,,
,,,,,,,,,,,,,,,,,,,,,,,,,,,,,,,,,,,,,,,,,,,,,,,,,,,,,,,,,,,,,,,,,,,,,,,,,,--,,,,,,,,,,,,,,,,,,,,,,,,,,,
,,,,,,,,,,,,,,,,,,,,,,,,,,,,,,,,,,,,,,,,,,,,,,,,,,,,,,,,,,,,,,,,,,,,,,,,,,--,,,,,,,,,,,,,,,,,,,,,,,,,,,
,,,,,,,,,,,,,,,,,,,,,,,,,,,,,,,,,,,,,,,,,,,,,,,,,,,,,,,,,,,,,,,,,,,,,,,,,,--,,,,,,,,,,,,,,,,,,,,,,,,,,,
,,,,,,,,,,,,,,,,,,,,,,,,,,,,,,,,,,,,,,,,,,,,,,,,,,,,,,,,,,,,,,,,,,,,,,,,,,--,,,,,,,,,,,,,,,,,,,,,,,,,,,
,,,,,,,,,,,,,,,,,,,,,,,,,,,,,,,,,,,,,,,,,,,,,,,,,,,,,,,,,,,,,,,,,,,,,,,,,,--,,,,,,,,,,,,,,,,,,,,,,,,,,,
,,,,,,,,,,,,,,,,,,,,,,,,,,,,,,,,,,,,,,,,,,,,,,,,,,,,,,,,,,,,,,,,,,,,,,,,,,--,,,,,,,,,,,,,,,,,,,,,,,,,,,
,,,,,,,,,,,,,,,,,,,,,,,,,,,,,,,,,,,,,,,,,,,,,,,,,,,,,,,,,,,,,,,,,,,,,,,,,,--,,,,,,,,,,,,,,,,,,,,,,,,,,,
,,,,,,,,,,,,,,,,,,,,,,,,,,,,,,,,,,,,,,,,,,,,,,,,,,,,,,,,,,,,,,,,,,,,,,,,,,--,,,,,,,,,,,,,,,,,,,,,,,,,,,
,,,,,,,,,,,,,,,,,,,,,,,,,,,,,,,,,,,,,,,,,,,,,,,,,,,,,,,,,,,,,,,,,,,,,,,,,,--,,,,,,,,,,,,,,,,,,,,,,,,,,,
,,,,,,,,,,,,,,,,,,,,,,,,,,,,,,,,,,,,,,,,,,,,,,,,,,,,,,,,,,,,,,,,,,,,,,,,,,--,,,,,,,,,,,,,,,,,,,,,,,,,,,
,,,,,,,,,,,,,,,,,,,,,,,,,,,,,,,,,,,,,,,,,,,,,,,,,,,,,,,,,,,,,,,,,,,,,,,,,,--,,,,,,,,,,,,,,,,,,,,,,,,,,,
,,,,,,,,,,,,,,,,,,,,,,,,,,,,,,,,,,,,,,,,,,,,,,,,,,,,,,,,,,,,,,,,,,,,,,,,,,--,,,,,,,,,,,,,,,,,,,,,,,,,,,
,,,,,,,,,,,,,,,,,,,,,,,,,,,,,,,,,,,,,,,,,,,,,,,,,,,,,,,,,,,,,,,,,,,,,,,,,,--,,,,,,,,,,,,,,,,,,,,,,,,,,,
,,,,,,,,,,,,,,,,,,,,,,,,,,,,,,,,,,,,,,,,,,,,,,,,,,,,,,,,,,,,,,,,,,,,,,,,,,--,,,,,,,,,,,,,,,,,,,,,,,,,,,
,,,,,,,,,,,,,,,,,,,,,,,,,,,,,,,,,,,,,,,,,,,,,,,,,,,,,,,,,,,,,,,,,,,,,,,,,,--,,,,,,,,,,,,,,,,,,,,,,,,,,,
,,,,,,,,,,,,,,,,,,,,,,,,,,,,,,,,,,,,,,,,,,,,,,,,,,,,,,,,,,,,,,,,,,,,,,,,,,--,,,,,,,,,,,,,,,,,,,,,,,,,,,
,,,,,,,,,,,,,,,,,,,,,,,,,,,,,,,,,,,,,,,,,,,,,,,,,,,,,,,,,,,,,,,,,,,,,,,,,,--,,,,,,,,,,,,,,,,,,,,,,,,,,,
,,,,,,,,,,,,,,,,,,,,,,,,,,,,,,,,,,,,,,,,,,,,,,,,,,,,,,,,,,,,,,,,,,,,,,,,,,--,,,,,,,,,,,,,,,,,,,,,,,,,,,
,,,,,,,,,,,,,,,,,,,,,,,,,,,,,,,,,,,,,,,,,,,,,,,,,,,,,,,,,,,,,,,,,,,,,,,,,,--,,,,,,,,,,,,,,,,,,,,,,,,,,,
,,,,,,,,,,,,,,,,,,,,,,,,,,,,,,,,,,,,,,,,,,,,,,,,,,,,,,,,,,,,,,,,,,,,,,,,,,--,,,,,,,,,,,,,,,,,,,,,,,,,,,
,,,,,,,,,,,,,,,,,,,,,,,,,,,,,,,,,,,,,,,,,,,,,,,,,,,,,,,,,,,,,,,,,,,,,,,,,,--,,,,,,,,,,,,,,,,,,,,,,,,,,,
,,,,,,,,,,,,,,,,,,,,,,,,,,,,,,,,,,,,,,,,,,,,,,,,,,,,,,,,,,,,,,,,,,,,,,,,,,--,,,,,,,,,,,,,,,,,,,,,,,,,,,
,,,,,,,,,,,,,,,,,,,,,,,,,,,,,,,,,,,,,,,,,,,,,,,,,,,,,,,,,,,,,,,,,,,,,,,,,,--,,,,,,,,,,,,,,,,,,,,,,,,,,,
,,,,,,,,,,,,,,,,,,,,,,,,,,,,,,,,,,,,,,,,,,,,,,,,,,,,,,,,,,,,,,,,,,,,,,,,,,--,,,,,,,,,,,,,,,,,,,,,,,,,,,
,,,,,,,,,,,,,,,,,,,,,,,,,,,,,,,,,,,,,,,,,,,,,,,,,,,,,,,,,,,,,,,,,,,,,,,,,,--,,,,,,,,,,,,,,,,,,,,,,,,,,,
,,,,,,,,,,,,,,,,,,,,,,,,,,,,,,,,,,,,,,,,,,,,,,,,,,,,,,,,,,,,,,,,,,,,,,,,,,--,,,,,,,,,,,,,,,,,,,,,,,,,,,
,,,,,,,,,,,,,,,,,,,,,,,,,,,,,,,,,,,,,,,,,,,,,,,,,,,,,,,,,,,,,,,,,,,,,,,,,,--,,,,,,,,,,,,,,,,,,,,,,,,,,,
,,,,,,,,,,,,,,,,,,,,,,,,,,,,,,,,,,,,,,,,,,,,,,,,,,,,,,,,,,,,,,,,,,,,,,,,,,--,,,,,,,,,,,,,,,,,,,,,,,,,,,
,,,,,,,,,,,,,,,,,,,,,,,,,,,,,,,,,,,,,,,,,,,,,,,,,,,,,,,,,,,,,,,,,,,,,,,,,,--,,,,,,,,,,,,,,,,,,,,,,,,,,,
,,,,,,,,,,,,,,,,,,,,,,,,,,,,,,,,,,,,,,,,,,,,,,,,,,,,,,,,,,,,,,,,,,,,,,,,,,--,,,,,,,,,,,,,,,,,,,,,,,,,,,
,,,,,,,,,,,,,,,,,,,,,,,,,,,,,,,,,,,,,,,,,,,,,,,,,,,,,,,,,,,,,,,,,,,,,,,,,,--,,,,,,,,,,,,,,,,,,,,,,,,,,,