flag,runner_name,is_wr,is_pb,in_game_time,re_timed_time,date,days_since,src_status,seed,instances(depracated),depracated,link,minutes,seconds,milliseconds,total_milliseconds,total_seconds,rounding,current_wr,normal_time,wr_at_time,normal_time,decay,weight,k,run_score,non_weighted_run_score,current_wr_run_score,dynamic_k,blank,iron_source,has_tnt,enter_type,enter_time,enter_structure1_split,structure_1_time,structure1_type,structure1_split,structure1_exit_time,structure1_structure2_split,structure2_time,structure2_type,structure_2_split,structure2_exit,blaze_rates_string,blaze_rods_dropped,blazes_killed,blaze_rates_decimal,structure2_exit_exit1_split,rods_obtained_pre_exit1,num_exits,exit1_time,stronghold_travel_type,triangulation_split,eyes_thrown,eye_breaks,eyes_left,total_eye_loss,reenter_time,exit_2_split,stronghold_distance,<400,400-1000,1000-1500,1500-2000,200+,exit_2_time,theoretical_blind,nether_split,total_nether,total_ow2,post_blind,structure2_finish_split,structure2_exit_stronghold_split,stronghold_time,portal_room_locator_type,stronghold_split,frames_filled,frames_needed,end_enter_time,end_type,explosives_used,rotations,zero_explosivies,perch_explosives,end_spawn_type,dragon_node,dragon_location,dragon_angle,tower_height,tower,standing_height,end_split,truncated_igt,bastion_type,bastion_route,chests_checked,depracated,bastion_enter_time,bastion_enter_route_start_split,route_start_time,route_split,total_bastion_split,bastion_exit_time,obsidian,string,glowstone,arrows,pearls,crying_obsidian,days_since,elo_weight,elo,timeloss
🇺🇸,lowkey,1,1,6:48.508,6:50.359,11 Jun 2025,331,(V),-8717682453392808086,,Yes,https://www.speedrun.com/mc/runs/m7l7960y,6,50,359,410359,410,0,410359,1,421494,0.9735820676,-0.0005,0.8475,0.5145509995,85.9226,101.3871,1000.0000,0.60000,,BT,🗙,2x1 Magma,1:39,0:23,2:02,Bridge,1:58,4:00,0:00,4:00,Fort,0:32,4:32,6/6,6,6,1.00,0:12,Yes,2,4:44,Calc,#REF!,2,0,0,0,5:09,0:33,1289,0,0,1,0,0,5:42,4:44,3:05,3:38,1:12,2:04,2:48,1:10,5:42,Prempt,0:14,1,,5:56,Zero,6,4,6,--,O,B Diag,B,Diag,85,M85,99,0:52,6:48,Bridge,DK,6,DT,2:02,,,,1:58,4:00,28,82,22,40,,24,331,0.02660997589,26.97909571,"Nether enter, bastion split, stronghold distance"
🇨🇦,Jay12310,0,1,6:56.051,6:56.731,04 Feb 2026,93,(Q),6044301913007956989,,,https://www.speedrun.com/mc/runs/mep526qy,6,56,731,416731,417,1,410359,1.015527867,410359,1.015527867,-0.0005,0.9546,0.6569457855,94.4951,98.9928,989.9285,0.65695,,BT,,2x1 Magma,1:08,0:28,1:36,Stables,2:00,3:36,0:03,3:39,Fort,1:38,5:28,6/12,6,12,0.50,--,No,2,4:59,Calc,,1,0,1,1,5:10,0:23,739,0,1,0,0,0,5:51,5:17,4:09,4:32,0:47,1:39,3:17,0:23,5:51,Prempt,0:13,1,,6:04,Zero,5,,5,--,B57,F Diag,F,Diag,83,Small Cage,94,0:52,6:56,Stables,GAP,1,B-TST,1:36,,,,2:00,3:36,20,60,30,0,28,16,93,0.9227142322,913.4211003,"bastion split, fortress split, rates"
🇮🇹,drip120,1,1,7:00.799,7:01.494,03 Jan 2024,856,(V),8802654848425114236,15,Yes,https://www.speedrun.com/mc/run/y8ko8qny,7,1,494,421494,421,0,410359,1.027134777,446254,0.9445159035,-0.0005,0.6518,0.4353010615,66.8211,102.5159,981.3529,0.70306,,BT,,2x1 Magma,1:18,0:15,1:33,Treasure,1:38,3:11,0:21,3:32,Fort,0:58,4:57,6/9,6,9,0.67,--,No,2,4:26,Calc,,1,0,0,0,4:53,0:25,821,0,1,0,0,0,5:22,4:30,3:12,3:37,1:14,2:30,3:28,0:25,5:22,Prempt,0:22,0,,5:44,Perch,5,--,--,5,O,--,--,,--,--,--,1:16,7:00,Treasure,BOOMR,4,8/12,1:33,,,,1:38,3:11,21,70,26,0,,22,856,0,0,"fort distance, perch"
🇨🇦,Aquacorde,0,1,7:08.699,7:08.699,10 Mar 2026,59,(Q),2129033182999502069,,,https://www.speedrun.com/mc/runs/y4vwx5ny,7,8,699,428699,429,1,410359,1.044692574,410359,1.044692574,-0.0005,0.9709,0.7790309314,93.8417,96.6512,966.5123,0.77903,,BT,✔,2x1 Magma,1:29,0:07,1:36,Housing,1:37,3:13,0:12,3:25,Fort,1:04,4:29,6/10,6,10,0.60,0:12,Yes,2,4:41,Calc,,1,0,0,0,4:56,1:07,1773,0,0,0,1,0,6:03,4:41,3:12,4:19,1:39,2:27,3:43,1:34,6:03,Prempt,0:17,1,,6:20,Zero,5,,5,--,O,B 1/8,B,1/8,--,--,93,0:48,7:08,Housing,TOPD,3,--,1:36,,,,1:37,3:13,24,67,31,53,58,13,59,0.9796715662,946.8645749,"rates, terrain to sh"
🇺🇦,loodlow,0,1,7:10.076,7:11.350,21 Oct 2025,199,(V),-1058044179150873683,,Yes,https://www.speedrun.com/mc/runs/ydo05ojz,7,11,350,431350,431,0,410359,1.051152771,410359,1.051152771,-0.0005,0.9053,0.8089749346,86.9482,96.0446,960.4458,0.80897,,BT,,2x1 Magma,1:31,0:35,2:06,Housing,1:45,3:51,0:05,3:56,Fort,0:37,4:33,6/7,6,7,0.86,0:13,Yes,1,4:46,Blind,,1,0,0,0,--,--,136,1,0,0,0,0,--,4:46,3:15,3:15,1:34,2:24,3:14,1:18,5:51,Prempt,0:29,0,,6:20,Zero,5,,5,--,O,B Diag,B,Diag,103,Tall Boi,95,0:50,7:10,Housing,TOPD,5,TR,2:06,,,,1:45,3:51,23,80,25,15,,32,199,0.4547261543,436.7398422,"nav, dig down"
🇨🇦,Aquacorde,0,1,7:09.181,7:12.114,16 Feb 2026,81,(Q),-6645733506759892987,,,https://www.speedrun.com/mc/runs/zpvnl4gz,7,12,114,432114,432,0,410359,1.053014556,410359,1.053014556,-0.0005,0.9603,0.8178118521,92.0585,95.8634,958.6342,0.81781,,BT,,RP,1:08,0:48,1:56,Bridge,2:04,4:00,0:11,4:11,Fort,1:15,5:26,7/10,7,10,0.70,0:10,Yes,1,5:36,Blind,,2,0,0,0,--,--,180,1,0,0,0,0,--,5:36,4:28,4:28,0:47,1:33,2:58,0:51,6:17,OEPR,0:06,1,,6:23,Zero,5,,5,--,O,B Diag,B,Diag,91,M91,99,0:46,7:09,Bridge,DK,4,TS,1:56,,,,2:04,4:00,18,109,19,19,24,30,81,0.9482433608,909.0184821,
🇩🇰,Bloopy,0,1,7:13.157,7:13.157,16 Oct 2025,204,(V),-5449384532227041969,,Yes,https://www.speedrun.com/mc/runs/yv535lom,7,13,157,433157,433,0,410359,1.055556232,410359,1.055556232,-0.0005,0.9030,0.8300281801,86.3399,95.6114,956.1143,0.83003,,BT,,2x1 Magma,1:03,0:24,1:27,Housing,1:49,3:16,0:12,3:28,Fort,1:14,4:42,5/9,5,9,0.56,0:15,Yes,1,4:57,Blind,,1,0,0,0,--,--,587,0,1,0,0,0,--,4:57,3:54,3:54,1:23,2:16,3:45,1:26,6:08,OEPR,0:12,2,,6:20,Zero,6,,6,--,O,F Diag,F,Diag,103,Tall Boi,95,0:53,7:13,Housing,MANH,3,SINGLE,1:27,,,,1:49,3:16,18,108,43,44,,16,204,0.4278569364,409.0801201,
🇵🇱,watermelon1708,0,1,7:16.326,7:16.326,07 Dec 2025,152,(V),-3009416634026052013,,Yes,https://www.speedrun.com/mc/runs/y9wx8x2z,7,16,326,436326,436,0,410359,1.063278739,410359,1.063278739,-0.0005,0.9268,0.8682453027,87.8734,94.8121,948.1210,0.86825,,BT,,2x1 Magma,1:24,0:05,1:29,Bridge,1:59,3:28,0:15,3:43,Fort,1:42,5:45,6/14,6,14,0.43,--,No,2,5:17,Calc,,1,0,0,0,5:37,0:25,671,0,1,0,0,0,6:10,5:25,4:01,4:26,1:01,1:50,3:32,0:25,6:10,Prempt,0:16,2,,6:26,Zero,6,,6,--,O,F Diag,F,Diag,91,M91,99,0:49,7:15,Bridge,SOOG,4,RT,1:29,,,,1:59,3:28,21,128,60,12,32,49,152,0.7038564851,667.3410972,
🇳🇴,skycrab1,0,1,7:16.474,7:16.560,02 Jan 2026,126,(Q),-8753882162041693203,,Yes,https://www.speedrun.com/mc/runs/m320j36y,7,16,560,436560,437,1,410359,1.063848971,410359,1.063848971,-0.0005,0.9389,0.8711339965,88.9659,94.7510,947.5103,0.87113,,BT,,2x1 Magma,1:47,0:16,2:03,Treasure,1:40,3:43,0:29,4:12,Fort,0:58,5:25,6/9,6,9,0.67,--,No,2,4:56,Calc,,1,0,0,0,5:11,0:30,1066,0,0,1,0,0,5:55,5:10,3:23,3:53,1:14,2:04,3:02,0:30,5:55,Prempt,0:29,3,,6:24,Zero,6,,6,--,O,F Diag,F,Diag,88,M88,99,0:50,7:14,Treasure,BOOMR,4,--,2:03,,,,1:40,3:43,22,110,45,31,29,21,126,0.8186999694,775.7266494,
🇵🇱,okshey,0,1,7:21.820,7:21.820,22 Mar 2026,47,(Q),todo,,,https://www.speedrun.com/mc/runs/z5nrjxez,7,21,820,441820,442,1,410359,1.076667016,410359,1.076667016,-0.0005,0.9768,0.9385710475,91.1346,93.3016,933.0165,0.93857,,BT,✔,2x1 Magma,1:13,0:27,1:40,Treasure,1:50,3:30,0:13,3:43,Fort,1:32,5:15,6/11,6,11,0.55,0:11,Yes,2,5:26,Calc,,1,0,0,0,5:45,0:23,558,0,1,0,0,0,6:08,5:26,4:13,4:36,1:07,1:55,3:38,0:53,6:08,Prempt,0:25,1,0,6:33,Zero,5,3,5,--,B58,F Diag,F,Diag,86,Tall Cage,95,0:48,7:21,Treasure,BOOMR,4,--,1:40,,,,1:50,3:30,20,79,58,36,23,29,47,0.98967141,923.3797439,
🇨🇦,NoHacsJustRoblox,0,1,7:21.808,7:22.283,29 Apr 2024,739,(V),8722833245086318634,,Yes,https://www.speedrun.com/mc/runs/z58ewkez,7,22,283,442283,442,0,410359,1.077795296,421494,1.049322173,-0.0005,0.6911,0.8003771264,66.4956,96.2199,931.6689,0.94474,,BT,,2x1 Magma,1:13,0:25,1:38,Bridge,1:40,3:18,0:24,3:42,Fort,0:59,4:41,6/9,6,9,0.67,0:02,Yes,2,4:39,Calc,,1,0,1,1,4:53,0:41,1939,0,0,0,1,0,5:34,4:39,3:26,4:07,1:16,2:42,3:39,0:53,5:34,Prempt,0:21,1,,5:55,F.PC,4,--,--,4,B57,--,--,,--,--,--,1:26,7:21,Bridge,OLD,3,--,1:38,,,,1:40,3:18,24,49,35,0,,11,739,0,0,
🇳🇴,skycrab1,0,1,7:22.684,7:23.784,19 Apr 2024,749,(V),6338107534563615641,,Yes,https://www.speedrun.com/mc/runs/mew18n2m,7,23,784,443784,444,1,410359,1.081453069,421494,1.052883315,-0.0005,0.6876,0.8171858444,65.9277,95.8763,927.2185,0.96502,,BT,,1x1 Magma,1:49,0:05,1:54,Housing,1:51,3:45,0:26,4:11,Fort,0:30,4:41,6/7,6,7,0.86,0:09,Yes,2,4:50,Calc,,1,0,0,0,5:15,0:55,1439,0,0,1,0,0,6:10,4:50,3:01,3:56,1:38,2:32,3:11,1:29,6:10,Prempt,0:18,2,,6:28,Zero,7,,7,--,O,F Diag,F,Diag,94,T94,99,0:54,7:22,Housing,MANJ,5,DT,1:54,,,,1:51,3:45,21,57,56,0,,38,749,0,0,
🇨🇦,Aquacorde,0,1,7:24.170,7:24.170,16 Oct 2025,204,(V),-1813865513517318496,,Yes,https://www.speedrun.com/mc/runs/ydo6pewz,7,24,170,444170,444,0,410359,1.082393709,410359,1.082393709,-0.0005,0.9030,0.9702956646,83.6254,92.6054,926.0536,0.97030,,BT,,2x1 Magma,1:16,0:38,1:54,Housing,1:43,3:37,0:39,4:16,Fort,1:03,5:41,6/8,6,8,0.75,--,No,2,5:11,Calc,,2,0,0,0,5:33,0:34,867,0,1,0,0,0,6:15,5:19,4:03,4:37,1:17,2:05,3:08,0:34,6:15,Prempt,0:21,1,,6:36,Zero,5,,5,--,H,F Diag,F,Diag,86,Tall Cage,99,0:48,7:24,Housing,TOPD,3,--,1:54,,,,1:43,3:37,27,75,18,46,,26,204,0.4278569364,396.2184631,
🇸🇰,NoFear1337,1,1,7:24.504,7:26.254,08 Dec 2023,882,(V),-8415980398606239765,12,Yes,https://www.speedrun.com/mc/run/m7308v9y,7,26,254,446254,446,0,410359,1.087472189,465828,0.9579801987,-0.0005,0.6434,0.4702249908,65.6512,102.0391,919.6189,0.99928,,BT,,RP,1:39,0:33,2:12,Treasure,1:50,4:02,0:19,4:21,Fort,0:34,4:55,5/6,5,6,0.83,0:06,Yes,2,5:01,HP,,2,0,0,0,5:37,0:36,1489,0,0,1,0,0,6:13,5:01,3:22,3:58,1:28,2:23,3:03,1:18,6:13,Prempt,0:16,4,,6:29,Zero,6,,6,--,O,F Diag,F,Diag,85,M85,95,0:55,7:24,Treasure,BOOMR,4,8/10,2:12,,,,1:50,4:02,10,121,55,25,44,26,882,0,0,
🇳🇴,skycrab1,0,0,7:27.923,7:27.923,20 Mar 2026,49,(U),-5301700605608362807,,,https://www.youtube.com/watch?v=gd8ToSBA6yY,7,27,923,447923,448,1,410359,1.091539359,410359,1.091539359,-0.0005,0.9758,1.023093743,89.2158,91.4286,914.2861,1.02309,,BT,🗙,2x1 Magma,1:35,0:50,2:25,Treasure,1:40,4:05,0:15,4:20,Fort,0:31,4:51,6/7,6,7,0.86,0:11,Yes,2,5:02,Calc,,1,1,0,1,5:12,1:07,1745,0,0,0,1,0,6:19,5:02,3:27,4:34,1:39,2:25,3:07,1:28,6:19,Prempt,0:22,1,1,6:41,Zero,5,,5,--,O,B Diag,B,Diag,91,M91,99,0:46,7:27,Treasure,BOOMR,4,10/15,2:25,,,,1:40,4:05,18,112,11,25,39,31,49,0.9883040358,903.5926639,
🇫🇮,AndrewCrow,0,1,7:28.358,7:28.874,17 Feb 2026,80,(Q),-346656346610546380,,,https://www.speedrun.com/mc/runs/m389g06y,7,28,874,448874,449,1,410359,1.093856842,410359,1.093856842,-0.0005,0.9608,1.036900388,87.5447,91.1175,911.1751,1.03690,,BT,,2x1 Magma,1:25,0:36,2:01,Bridge,1:53,3:54,0:13,4:07,Fort,0:52,4:59,6/7,6,7,0.86,0:09,Yes,2,5:08,Calc,,1,0,0,0,5:38,0:44,1131,0,0,1,0,0,6:22,5:08,3:43,4:27,1:26,2:20,3:21,1:23,6:22,PR,0:12,2,,6:34,Zero,7,,7,--,O,F Diag,F,Diag,91,M91,99,0:54,7:28,Bridge,CRKSMK,3,--,2:01,,,,1:53,3:54,29,94,36,26,32,27,80,0.9500886338,865.6971298,
🇨🇦,Jay12310,0,1,7:28.256,7:29.121,02 Aug 2024,644,(V),-6421260664080147265,,Yes,https://www.speedrun.com/mc/runs/y8prdrxz,7,29,121,449121,449,0,410359,1.094458754,421494,1.065545417,-0.0005,0.7247,0.8797829997,68.5330,94.5677,910.3585,1.04052,,BT,,2x1 Magma,1:48,0:28,2:16,Fort,0:37,2:53,0:20,3:13,Housing,1:38,5:08,5/6,5,6,0.83,--,No,2,4:23,Calc,,1,0,0,0,4:40,0:42,600,0,1,0,0,0,5:50,4:51,3:03,3:45,1:42,2:37,4:15,0:42,5:50,Prempt,0:43,3,,6:33,Zero,6,,6,--,O,F Diag,F,Diag,86,Tall Cage,95,0:55,7:28,Housing,MANH,3,--,3:13,,,,1:55,5:08,22,70,19,0,14,22,644,0,0.000000002377781979,
🇩🇪,jason_n,0,1,7:29.374,7:29.374,06 Oct 2024,579,(V),-4936383011000236174,,Yes,https://www.speedrun.com/mc/runs/znxxp6vy,7,29,374,449374,449,0,410359,1.095075288,421494,1.066145663,-0.0005,0.7486,0.8828630866,70.7479,94.5022,909.5182,1.04423,,BT,,Lava Pool,1:26,1:00,2:26,Stables,1:20,3:46,0:13,3:59,Fort,1:12,5:28,6/9,6,9,0.67,--,No,2,5:06,Calc,,1,0,0,0,5:23,0:23,349,1,0,0,0,0,5:51,5:11,3:45,4:08,1:26,2:18,3:30,0:31,5:59,Prempt,0:38,1,,6:37,Zero,5,,5,--,H,F Diag,F,Diag,88,M88,95,0:52,7:29,Stables,DBTRPL,6,--,2:26,,,,1:20,3:46,21,63,6,0,52,17,579,0.000000003716609905,0.000003512277161,
🇫🇮,sadekeppi,0,1,7:29.931,7:29.931,02 Apr 2025,401,(V),6582471955859004032,,Yes,https://www.speedrun.com/mc/runs/z5l4r5gy,7,29,931,449931,450,1,410359,1.096432636,421494,1.067467153,-0.0005,0.8183,0.8896809198,77.2143,94.3569,907.6551,1.05245,,BT,,2x1 Magma,1:23,0:31,1:54,Housing,1:46,3:40,0:19,3:59,Fort,0:51,4:50,6/7,6,7,0.86,0:10,Yes,2,5:00,Calc,,1,0,0,0,5:44,0:25,583,0,1,0,0,0,6:09,5:00,3:37,4:02,1:38,2:29,3:30,1:19,6:09,Prempt,0:29,1,,6:38,Zero,6,,6,--,O,F Diag,F,Diag,91,M91,99,0:51,7:29,Housing,MANH,5,--,1:54,,,,1:46,3:40,40,57,8,14,23,1,401,0.001583496187,1.494137433,
🇺🇸,doogile,0,1,7:29.752,7:30.439,12 Dec 2023,878,(V),-8404662731985464270,18,Yes,https://www.speedrun.com/mc/runs/m3kq8ddy,7,30,439,450439,450,0,410359,1.097670576,446254,1.009378067,-0.0005,0.6447,0.6337612606,64.0878,99.4102,905.9399,1.06001,,SH,,RP,1:46,0:35,2:21,Housing,1:28,3:49,0:31,4:20,Fort,0:31,4:51,5/7,5,7,0.71,0:12,Yes,2,5:03,HP,,1,0,0,0,5:30,0:35,1102,0,0,1,0,0,6:05,5:03,3:17,3:52,1:12,2:26,3:09,1:14,6:05,Prempt,0:10,2,,6:15,F.Zero,5,--,--,5,B56,F Diag,F,Diag,91,M91,--,1:14,7:29,Housing,MANH,3,--,2:21,,,,1:28,3:49,17,68,15,25,33,21,878,0,0,
🇵🇱,watermelon1708,0,1,7:30.263,7:30.682,04 Dec 2025,155,(U),-8027616666562891938,,Yes,https://www.youtube.com/watch?v=zaVHr65a7Uk&list=PLZ59bMb0zBUSR6W9smbN1LDkQJlGfPEUk&index=4,7,30,682,450682,451,1,410359,1.098262741,410359,1.098262741,-0.0005,0.9254,1.063637639,83.7617,90.5114,905.1140,1.06364,,BT,,2x1 Magma,1:12,0:57,2:09,Housing,1:34,3:43,0:10,3:53,Fort,1:34,5:40,5/9,5,9,0.56,--,No,2,5:13,Calc,,1,0,1,1,5:26,0:37,1450,0,0,1,0,0,6:17,5:27,4:15,4:52,1:12,2:03,3:37,0:37,6:17,Prempt,0:22,1,,6:39,Zero,5,,5,--,H,F Diag,F,Diag,85,M85,95,0:51,7:30,Housing,TOPD,5,DBTRPL,2:09,,,,1:34,3:43,24,57,65,42,19,32,155,0.6890871695,623.7024698,
🇺🇸,itsnahan,0,1,7:32.783,7:32.783,04 Jun 2025,338,(V),4115833317145621618,,Yes,https://www.speedrun.com/mc/runs/zqp1639m,7,32,783,452783,453,1,410359,1.103382648,421494,1.07423356,-0.0005,0.8445,0.9253934447,79.0361,93.5883,897.8264,1.09553,,BT,,Lava Pool,1:31,0:10,1:41,Bridge,1:58,3:39,0:14,3:53,Fort,1:07,5:00,5/11,5,11,0.45,0:17,Yes,2,5:17,Calc,,1,0,0,0,5:53,0:29,unknown,0,0,0,0,0,6:22,5:17,3:46,4:15,1:23,2:15,3:39,1:22,6:22,Prempt,0:18,2,,6:40,Zero,6,,6,--,O,B Diag,B,Diag,85,M85,95,0:52,7:32,Bridge,SOOG,3,DT,1:41,,,,1:58,3:39,24,101,40,32,30,30,338,0.02103753197,19.68866371,
🇳🇴,skycrab1,0,0,7:25.567,7:32.827,19 Aug 2024,627,(U),4927231128345776418,,Yes,https://www.youtube.com/watch?v=87ruBPBpgbg&list=PLU3_fvoJ1GyMStiA29z37DUPtG47PvOJz&index=57,7,32,827,452827,453,1,410359,1.103489871,421494,1.07433795,-0.0005,0.7309,0.925955072,68.3933,93.5761,897.6709,1.09620,,BT,,2x1 Magma,1:13,0:37,1:50,Bridge,1:59,3:49,0:14,4:03,Fort,0:45,4:48,6/11,6,11,0.55,0:10,Yes,2,4:58,Calc,,1,0,0,0,5:17,0:45,1485,0,0,1,0,0,6:02,4:58,3:45,4:30,1:28,2:27,3:22,1:14,6:02,Prempt,0:24,2,,6:26,Zero,6,,6,--,O,B Diag,B,Diag,76,Small Boi,90,0:59,7:25,Bridge,OLD,6,DT,1:50,1:33,,,1:59,3:49,20,135,72,0,35,29,627,0,0.00000001845688676,
🇸🇰,NoFear1337,0,0,7:29.999,7:32.999,21 Jan 2024,838,(U),1330456095954625394,,Yes,https://www.youtube.com/watch?v=u1WAriPLZMQ,7,32,999,452999,453,1,410359,1.103909016,421494,1.074746022,-0.0005,0.6577,0.9281536684,61.5140,93.5284,897.0621,1.09886,,BT,,2x1 Magma,1:23,0:13,1:36,Housing,1:00,2:36,0:15,2:51,Fort,1:52,5:10,6/12,6,12,0.50,--,No,2,3:42,Calc,,1,0,0,0,4:09,0:33,198,1,0,0,0,0,5:43,4:43,3:20,3:53,1:19,2:46,4:38,0:33,5:43,Prempt,0:19,1,,6:02,Perch,4,--,--,4,B58,--,--,,--,--,--,1:27,7:29,Housing,MANH,3,--,1:36,,,,1:00,2:36,20,56,0,0,17,8,838,0,0,
🇵🇱,kazzruns,0,1,7:33.804,7:33.804,24 Jul 2025,288,(V),-5890829594904468442,,Yes,https://www.speedrun.com/mc/runs/yjqo30nm,7,33,804,453804,454,1,410359,1.105870713,410359,1.105870713,-0.0005,0.8659,1.111347725,77.4267,89.4189,894.1889,1.11135,,BT,,2x1 Magma,1:13,0:14,1:27,Stables,1:39,3:06,0:09,3:15,Fort,1:23,5:01,6/8,6,8,0.75,--,No,2,4:20,Calc,,2,1,1,2,4:43,1:13,2302,0,0,0,0,1,6:14,4:38,3:25,4:38,1:56,2:55,4:18,1:13,6:14,Prempt,0:20,2,,6:34,Perch,5,--,--,5,O,--,--,,--,--,--,0:59,7:33,Stables,DBTRPL,7,TTD,1:27,,,,1:39,3:06,20,72,20,33,17,13,288,0.09174087977,82.03367411,
🇨🇦,Aquacorde,0,0,7:34.421,7:34.056,03 Mar 2026,66,(U),6573117783169949946,,,https://www.youtube.com/watch?v=l__1dhyvdjw,7,34,56,454056,454,0,410359,1.10648481,410359,1.10648481,-0.0005,0.9675,1.115285531,86.4284,89.3281,893.2814,1.11529,,BT,✔,Lava Pool,1:01,0:16,1:17,Housing,1:24,2:41,1:04,3:45,Fort,2:03,6:05,5/12,5,12,0.42,--,No,2,4:42,Calc,,1,0,0,0,4:59,0:32,333,1,0,0,0,0,6:37,5:48,4:47,5:19,1:02,1:46,3:49,0:32,6:37,Prempt,0:13,3,,6:50,Zero,4,2,4,--,O,F Diag,F,Diag,88,M88,99,0:44,7:34,Housing,MANH,3,--,1:17,,,,1:24,2:41,23,31,44,26,47,23,66,0.9716597376,867.9655258,
🇺🇸,Feinberg,0,1,7:34.367,7:34.367,28 Apr 2026,10,(Q),todo,,,https://www.youtube.com/watch?v=iOWwIieY6C4,7,34,367,454367,454,0,410359,1.107242683,410359,1.107242683,-0.0005,0.9950,1.120163395,88.7706,89.2156,892.1560,1.12016,,BT,✔,2x1 Magma,1:34,0:34,2:08,Housing,1:46,3:54,0:27,4:21,Fort,1:11,6:06,6/11,6,11,0.55,--,No,2,5:21,Calc,,2,0,0,0,5:55,0:24,1381,0,0,1,0,0,6:30,5:32,3:58,4:22,1:15,2:02,3:13,0:24,6:30,Prempt,0:17,1,0,6:47,Zero,5,3,5,--,O,B Diag,B,Diag,91,M91,99,0:47,7:34,Housing,TOPD,3,--,2:08,0:06,2:14,1:40,1:46,3:54,28,88,64,12,33,23,10,0.999900005,892.066816,
🇺🇸,itsnahan,0,0,7:34.447,7:34.546,19 Dec 2025,140,(U),-7173684177694873982,,Yes,https://www.youtube.com/watch?v=1_O9cZzkKpk,7,34,546,454546,455,1,410359,1.107678886,410359,1.107678886,-0.0005,0.9324,1.122980009,83.1234,89.1506,891.5057,1.12298,,BT,,2x1 Magma,1:24,0:34,1:58,Housing,1:45,3:43,0:04,3:47,Fort,1:53,5:56,6/7,6,7,0.86,--,No,2,5:07,Calc,,1,0,0,0,5:23,0:24,unknown,0,0,0,0,0,6:20,5:40,4:16,4:40,1:02,1:54,3:47,0:24,6:20,Prempt,0:22,1,,6:42,Zero,6,,6,--,O,F 1/8,F,1/8,--,--,92,0:52,7:34,Housing,TOPD,8,DBTRPL,1:58,,,,1:45,3:43,35,128,49,25,26,14,140,0.7600280032,677.5692645,
🇦🇿,KenanKardes,0,1,7:35.447,7:34.838,13 Sep 2024,602,(V),5361864572335160821,,Yes,https://www.speedrun.com/mc/runs/zx0e765z,7,34,838,454838,455,1,410359,1.108390458,421494,1.079109074,-0.0005,0.7401,0.9519761064,68.8335,93.0085,890.4405,1.12759,,BT,✔,2x1 Magma,1:37,0:52,2:29,Housing,1:14,3:43,0:15,3:58,Fort,1:38,5:48,6/9,6,9,0.67,--,No,2,5:17,Calc,,1,1,0,1,5:29,0:28,895,0,1,0,0,0,6:16,5:36,3:59,4:27,1:12,1:59,3:37,0:28,6:16,Prempt,0:32,1,,6:48,Zero,4,2,4,--,B56,F Diag,F,Diag,91,M91,95,0:47,7:35,Housing,MANH,3,DBTRPL,2:29,,,,1:14,3:43,20,79,54,27,34,19,602,0.0000000003350568825,0.0000003116313388,
🇵🇱,watermelon1708,0,0,7:35.875,7:35.875,21 Feb 2026,76,(U),unknown,,,https://www.youtube.com/watch?v=3E-mIUUQVAU,7,35,875,455875,456,1,410359,1.110917514,410359,1.110917514,-0.0005,0.9627,1.14410145,85.3556,88.6616,886.6156,1.14410,,BT,🗙,2x1 Magma,1:36,0:19,1:55,Housing,1:39,3:34,0:36,4:10,Fort,1:17,5:27,6/11,6,11,0.55,0:05,Yes,2,5:32,Calc,,1,0,0,0,6:11,0:20,349,1,0,0,0,0,6:31,5:32,3:56,4:16,1:15,2:03,3:25,1:04,6:31,Prempt,0:16,2,0,6:47,Zero,6,3,6,--,O,B 1/8,B,1/8,--,--,93,0:48,7:35,Housing,MANH,4,,1:55,,,,1:39,3:34,26,139,28,8,54,25,76,0.9570519546,848.5371978,
🇩🇪,jason_n,0,0,7:36.562,7:36.562,27 Dec 2025,132,(U),5101166286806026119,,Yes,https://www.youtube.com/watch?v=PIIJU2GwFP4&list=PLZ59bMb0zBUSR6W9smbN1LDkQJlGfPEUk&index=1,7,36,562,456562,457,1,410359,1.112591658,410359,1.112591658,-0.0005,0.9361,1.155165538,82.7582,88.4045,884.0452,1.15517,,BT,,2x1 Magma,1:20,0:32,1:52,Housing,1:39,3:31,0:03,3:34,Fort,0:26,4:00,5/6,5,6,0.83,0:23,Yes,2,4:23,HP,,1,0,0,0,4:59,0:32,1611,0,0,0,1,0,5:31,4:23,3:03,3:35,1:36,3:13,4:02,1:31,5:31,Prempt,0:28,2,,5:59,F.Zero,5,--,--,5,O,B Diag,B,Diag,97,T97(F),--,1:37,7:36,Housing,MANH,3,N/A,1:52,,,,1:39,3:31,13,52,48,35,32,24,132,0.794536145,702.4058833,
🇩🇪,jason_n,0,0,7:38.273,7:38.273,12 Nov 2025,177,(U),2886416364403862215,,Yes,https://www.youtube.com/watch?v=bA3Sck4VKWw,7,38,273,458273,458,0,410359,1.116761177,410359,1.116761177,-0.0005,0.9153,1.183158868,80.3194,87.7517,877.5166,1.18316,,BT,✔,2x1 Magma,1:13,0:39,1:52,Treasure,2:03,3:55,0:14,4:09,Fort,1:11,5:20,7/8,7,8,0.88,0:07,Yes,1,5:27,Blind,,1,0,1,1,--,--,243,1,0,0,0,0,--,5:27,4:14,4:14,1:20,2:11,3:29,0:56,6:16,Prempt,0:31,1,0,6:47,Zero,6,4,6,--,O,B Diag,B,Diag,91,M91,99,0:51,7:38,Treasure,NEW,4,--,1:52,,,,2:03,3:55,16,140,64,15,32,38,177,0.5743459867,503.9981323,
🇩🇰,Bloopy,0,1,7:35.809,7:38.482,28 Nov 2024,526,(V),-7640184333545180122,,Yes,https://www.speedrun.com/mc/runs/zxj96rqy,7,38,482,458482,458,0,410359,1.117270488,421494,1.087754511,-0.0005,0.7687,1.000920059,70.6669,91.9254,876.7066,1.18662,,BT,✔,Lava Pool,1:21,0:00,1:21,Stables,2:06,3:27,0:12,3:39,Fort,1:33,5:45,6/8,6,8,0.75,--,No,2,5:02,Calc,,1,0,0,0,5:35,0:43,965,0,1,0,0,0,6:28,5:12,3:51,4:34,1:31,2:23,3:56,0:43,6:28,Prempt,0:15,2,0,6:43,Perch,4,,--,4,B57,B Diag,B,Diag,--,--,--,0:52,7:35,Stables,DBTRPL,6,--,1:21,,,,2:06,3:27,39,99,56,0,19,28,526,0.0000004782378663,0.0004396220391,
🇮🇱,orachi,0,1,7:36.656,7:38.738,17 Apr 2026,21,(Q),1736164389740735086,,,https://youtu.be/OYGFbW4afPw?si=is-E-XG_ij3QA938,7,38,738,458738,459,1,410359,1.117894332,410359,1.117894332,-0.0005,0.9896,1.190875737,86.6564,87.5711,875.7108,1.19088,,BT,✔,Cave Lava,1:39,0:33,2:12,Housing,01:47,3:59,0:26,4:25,Fort,1:06,5:31,7/8,7,8,0.88,0:15,Yes,2,5:46,Calc,,1,0,1,1,5:57,0:28,695,0,1,0,0,0,6:25,5:46,4:07,4:35,1:02,1:50,3:11,0:54,6:25,Prempt,0:23,2,0,6:48,Zero,5,4,5,--,O,B Diag,B,Diag,94,T94,99,0:48,7:36,Housing,MANH,4,--,2:12,0:12,2:24,1:35,1:47,3:59,21,46,64,39,48,29,21,0.9990743287,874.900201,
🇳🇴,skycrab1,0,0,7:39.667,7:39.667,08 Mar 2026,61,(U),488777781406333665,,,https://www.youtube.com/watch?v=bCf8wapBEIU,7,39,667,459667,460,1,410359,1.120158203,410359,1.120158203,-0.0005,0.9700,1.206434093,84.5866,87.2063,872.0627,1.20643,,BT,✔,2x1 Magma,1:16,0:53,2:09,Housing,01:39,3:48,0:18,4:06,Fort,1:20,5:39,6/8,6,8,0.75,--,No,2,5:21,Calc,,1,0,0,0,5:34,0:31,755,0,1,0,0,0,6:10,5:26,4:10,4:41,1:28,2:13,3:33,0:31,6:10,Prempt,0:44,1,0,6:54,Zero,5,3,5,--,H,F Diag,F,Diag,91,M91,99,0:45,7:39,Housing,TOPD,5,--,2:09,,,,1:39,3:48,20,130,34,34,32,33,61,0.9775575639,852.4914582,
🇺🇸,Infume,0,1,7:39.778,7:39.778,06 Jun 2025,336,(Q),-8467677866844055286,,,https://www.youtube.com/watch?v=UnKMvsVNbYU,7,39,778,459778,460,1,410359,1.120428698,421494,1.090829288,-0.0005,0.8454,1.018898483,77.3692,91.5229,871.6232,1.20831,,BT,✔,2x1 Magma,1:08,0:38,1:46,Treasure,01:44,3:30,0:29,3:59,Fort,1:28,5:58,6/8,6,8,0.75,--,No,2,5:21,Calc,,1,0,0,0,5:52,0:34,610,0,1,0,0,0,6:32,5:27,4:19,4:53,1:26,2:12,3:40,0:34,6:32,Prempt,0:21,0,0,6:53,Zero,4,2,4,--,H,B 1/8,B,1/8,--,--,92,0:46,7:39,Treasure,BOOMR,4,--,1:46,,,,1:44,3:30,29,100,28,24,31,25,336,0.02252103314,20.61189748,
🇺🇸,doogile,0,0,7:38.813,7:40.190,19 Oct 2025,201,(U),-6371149676202072948,,Yes,https://www.youtube.com/watch?v=HUv4d3f0b0Y,7,40,190,460190,460,0,410359,1.121432697,410359,1.121432697,-0.0005,0.9044,1.21527638,78.6802,86.9985,869.9850,1.21528,,BT,🗙,2x1 Magma,1:17,0:32,1:49,Treasure,02:25,4:14,0:11,4:25,Fort,0:40,5:05,5/7,5,7,0.71,0:11,Yes,2,5:16,Blind,,1,0,0,0,--,--,269,1,0,0,0,0,--,5:16,3:59,3:59,0:46,2:22,3:13,0:54,5:59,OEPR,0:03,2,2,6:02,Perch,3,--,--,3,H,--,--,,--,--,--,1:36,7:38,Treasure,BOOMR,5,--,1:49,,,,2:25,4:14,17,15,40,28,37,28,201,0.4439425575,386.2233868,
🇳🇴,skycrab1,0,0,7:39.953,7:41.343,19 Dec 2025,140,(U),9053135870907266934,,Yes,https://www.youtube.com/watch?v=9YRVwmSP0e4&list=PLU3_fvoJ1GyMStiA29z37DUPtG47PvOJz&index=162,7,41,343,461343,461,0,410359,1.124242432,410359,1.124242432,-0.0005,0.9324,1.234984191,80.6841,86.5344,865.3439,1.23498,,BT,✔,2x1 Magma,1:31,0:34,2:05,Bridge,02:04,4:09,0:13,4:22,Fort,1:37,6:14,5/13,5,13,0.38,--,No,2,5:39,Calc,,1,0,0,0,5:54,0:16,692,0,1,0,0,0,6:30,5:59,4:28,4:44,0:45,1:40,3:17,0:16,6:30,Prempt,0:14,3,2,6:44,Zero,6,6,6,--,H,F Diag,F,Diag,85,M85,94,0:55,7:39,Bridge,DK,3,--,2:05,,,,2:04,4:09,31,194,43,0,19,55,140,0.7600280032,657.6855984,
🇹🇿,Kxpow,0,1,7:41.490,7:41.490,05 Oct 2025,215,(V),3413784149860051440,,Yes,https://www.speedrun.com/mc/runs/y2rqdr6m,7,41,490,461490,461,0,410359,1.124600655,410359,1.124600655,-0.0005,0.8981,1.237518132,77.6608,86.4746,864.7462,1.23752,,BT,✔,Cave Lava,1:39,0:23,2:02,Stables,01:48,3:50,0:39,4:29,Fort,0:54,5:48,6/7,6,7,0.86,--,No,2,5:15,Calc,,1,0,0,0,5:40,0:39,1383,0,0,1,0,0,6:27,5:23,3:44,4:23,1:27,2:18,3:12,0:39,6:27,Prempt,0:23,1,0,6:50,Zero,5,4,5,--,O,B Diag,B,Diag,85,M85,95,0:51,7:41,Stables,GAP,3,--,2:02,,,,1:48,3:50,21,64,11,14,42,14,215,0.370153498,320.088814,
🇿🇦,Airpodsz,0,1,7:43.320,7:43.320,20 Mar 2026,49,(Q),253105556005796161,,,https://www.speedrun.com/mc/runs/zn6o493y,7,43,320,463320,463,0,410359,1.129060164,410359,1.129060164,-0.0005,0.9758,1.269471381,83.6444,85.7190,857.1901,1.26947,,BT,✔,2x1 Magma,1:29,0:40,2:09,Bridge,02:14,4:23,0:15,4:38,Fort,0:49,5:27,5/6,5,6,0.83,0:10,Yes,1,5:37,Blind,,1,0,0,0,--,--,109,1,0,0,0,0,--,5:37,4:08,4:08,1:17,2:06,3:05,1:00,6:27,Prempt,0:27,2,2,6:54,Zero,5,3,5,--,O,B Diag,B,Diag,86,Tall Cage,95,0:49,7:43,Bridge,CRKSMK,3,DBTRPL,2:09,0:43,2:52,1:31,2:14,4:23,21,69,53,11,49,35,49,0.9883040358,847.16448,
🇬🇧,priffie,0,1,7:43.529,7:43.909,24 Oct 2024,561,(V),-3978494106932821584,,Yes,https://www.speedrun.com/mc/runs/y6e87kpz,7,43,909,463909,464,1,410359,1.130495493,421494,1.100630139,-0.0005,0.7554,1.078272428,68.1208,90.1777,854.7129,1.27992,,BT,✔,Cave Lava,1:23,0:38,2:01,Stables,01:42,3:43,0:18,4:01,Fort,0:56,4:57,6/10,6,10,0.60,0:15,Yes,1,5:12,Blind,,1,0,0,0,--,--,90,1,0,0,0,0,6:27,5:12,3:49,3:49,1:39,2:31,3:42,0:55,5:52,Prempt,0:59,0,0,6:51,Zero,5,4,5,--,O,F Diag,F,Diag,85,M85,95,0:52,7:43,Stables,DBTRPL,8,DBTRPL,2:01,0:26,2:27,1:16,1:42,3:43,14,107,40,39,27,18,561,0.00000002148634758,0.00001937589722,
🇩🇰,Bloopy,0,0,7:44.248,7:44.248,07 Mar 2026,62,(U),-7077016121021295276,,,https://www.youtube.com/watch?v=1gyyI3VzVgg,7,44,248,464248,464,0,410359,1.131321599,410359,1.131321599,-0.0005,0.9695,1.285966864,82.7231,85.3277,853.2771,1.28597,,BT,✔,2x1 Magma,1:32,0:39,2:11,Housing,01:25,3:36,0:07,3:43,Fort,1:06,4:49,6/7,6,7,0.86,0:11,Yes,2,5:00,Calc,,2,0,0,0,5:32,0:38,1522,0,0,0,1,0,6:10,5:00,3:28,4:06,1:53,2:44,4:01,1:21,6:10,Prempt,0:43,0,0,6:53,Zero,5,4,5,--,O,F Diag,F,Diag,85,M85,95,0:51,7:44,Housing,MANH,5,RUIN,2:11,0:09,2:20,1:16,1:25,3:36,26,92,39,11,39,24,62,0.9764489584,833.1815129,
🇺🇸,zylenox,0,1,7:44.775,7:45.223,12 Mar 2026,57,(Q),todo,,,https://www.youtube.com/watch?v=hi8zV9Wnris,7,45,223,465223,465,0,410359,1.133697567,410359,1.133697567,-0.0005,0.9719,1.303512228,82.5249,84.9107,849.1066,1.30351,,BT,🗙,Lava Pool,1:16,0:12,1:28,Housing,01:35,3:03,0:28,3:31,Fort,1:27,5:13,5/9,5,9,0.56,--,No,2,4:45,Calc,,1,0,0,0,5:00,0:41,1826,0,0,0,1,0,5:54,4:58,3:42,4:23,1:56,2:46,4:13,0:41,5:54,Prempt,1:00,3,2,6:54,Zero,6,4,6,--,O,B Diag,B,Diag,97,T97,100,0:50,7:44,Housing,MANH,5,--,1:28,0:30,1:58,1:05,1:35,3:03,26,98,12,39,21,21,57,0.9816511285,833.5264476,
🇸🇪,PAPLERR,0,0,7:45.368,7:45.368,15 May 2025,358,(V),2933743551005337304,,Yes,https://www.speedrun.com/mc/runs/zngk8olm,7,45,368,465368,465,0,410359,1.134050916,421494,1.104091636,-0.0005,0.8361,1.100013455,74.9817,89.6796,848.4812,1.30614,,BT,🗙,2x1 Magma,1:23,0:38,2:01,Bridge,01:44,3:45,0:06,3:51,Fort,1:24,5:34,5/10,5,10,0.50,--,No,2,5:02,Calc,,2,0,1,1,5:21,0:38,1333,0,0,1,0,0,6:12,5:15,3:52,4:30,1:43,2:30,3:54,0:38,6:12,Prempt,0:46,4,3,6:58,Zero,5,3,5,--,O,B 1/8,B,1/8,--,--,93,0:47,7:45,Bridge,PAPL,3,,2:01,0:33,2:34,1:11,1:44,3:45,20,73,44,35,32,17,358,0.01017042582,9.120799857,
🇫🇷,M4xx,0,1,7:45.390,7:45.390,04 Mar 2026,65,(Q),805412740251903790,,,https://www.youtube.com/watch?v=dBMHGH7DJCc,7,45,390,465390,465,0,410359,1.134104528,410359,1.134104528,-0.0005,0.9680,1.306539641,82.1257,84.8386,848.3862,1.30654,,BT,🗙,2x1 Magma,1:28,0:15,1:43,Housing,01:43,3:26,0:10,3:36,Fort,1:46,5:34,6/12,6,12,0.50,--,No,2,4:34,Calc,,1,1,0,1,4:46,0:28,751,0,1,0,0,0,6:02,5:22,3:54,4:22,1:33,2:23,4:09,0:31,6:05,Prempt,0:50,2,1,6:55,Zero,5,3,5,--,B56,F Diag,F,Diag,88,M88,95,0:50,7:45,Housing,MANH,3,,1:43,0:06,1:49,1:37,1:43,3:26,26,100,36,57,20,12,65,0.972911166,825.4043751,
🇹🇷,Ancoboy,0,1,7:40.016,7:45.590,11 Dec 2025,148,(V),-5628543556500972011,,,https://www.speedrun.com/mc/runs/yv580x4m,7,45,590,465590,466,1,410359,1.134591906,410359,1.134591906,-0.0005,0.9287,1.310173872,78.7069,84.7521,847.5210,1.31017,,BT,✔,2x1 Magma,1:28,0:52,2:20,Treasure,01:43,4:03,0:12,4:15,Fort,1:06,6:01,7/9,7,9,0.78,--,No,2,5:15,Calc,,2,1,0,1,5:55,0:24,1203,0,0,1,0,0,6:25,5:21,3:53,4:17,1:23,2:19,3:25,0:24,6:25,Prempt,0:19,0,0,6:44,Zero,6,6,6,--,B58,F diag,F,diag,100,T100,95,0:56,7:40,Treasure,BOOMR,4,,2:20,0:03,2:23,1:40,1:43,4:03,22,109,55,0,48,24,148,0.7231206475,612.8599551,
🇺🇸,zylenox,1,1,7:42.999,7:45.828,07 Feb 2023,1186,(V),7499203634667178692,15,Yes,https://www.speedrun.com/mc/run/zg2q0lny,7,45,828,465828,466,1,410359,1.135171886,495537,0.9400468583,-0.0005,0.5527,0.4243519554,56.7358,102.6583,846.4882,1.31451,,BT,✔,2x1 Magma,1:08,0:34,1:42,Housing,01:17,2:59,0:12,3:11,Fort,1:42,5:16,6/9,6,9,0.67,--,No,2,4:40,Calc,,2,1,0,1,5:03,0:34,1111,0,0,1,0,0,5:50,4:53,3:45,4:19,1:21,2:49,4:31,0:34,5:50,Prempt,0:24,1,1,6:14,Perch,5,--,--,5,--,--,--,--,--,--,--,1:28,7:42,Housing,MANH,3,,1:42,0:06,1:48,1:11,1:17,2:59,20,84,54,0,17,11,1186,0,0,
🇮🇱,orachi,0,1,7:43.169,7:47.566,08 Jul 2025,304,(V),4897417229505621926,,Yes,https://www.speedrun.com/mc/runs/me2eeo2m,7,47,566,467566,468,1,410359,1.139407202,410359,1.139407202,-0.0005,0.8590,1.34658738,72.0550,83.8836,838.8355,1.34659,,BT,✔,2x1 Magma,1:18,0:34,1:52,Housing,01:48,3:40,0:13,3:53,Fort,1:15,5:08,6/11,6,11,0.55,0:12,Yes,2,5:20,Calc,,1,0,0,0,5:52,0:35,1666,0,0,0,1,0,6:27,5:20,4:02,4:37,1:30,2:23,3:50,1:19,6:27,Prempt,0:23,1,0,6:50,Zero,6,5,6,--,O,B Diag,B,Diag,83,Small Cage,95,0:53,7:43,Housing,TOPD,6,,1:52,0:14,2:06,1:34,1:48,3:40,20,100,59,30,35,24,304,0.0602383311,50.53005358,
🇺🇸,meebie,0,1,7:46.598,7:47.588,23 Nov 2024,531,(V),-6994443511834809581,,Yes,https://www.speedrun.com/mc/runs/y4lpk63z,7,47,588,467588,468,1,410359,1.139460814,421494,1.109358615,-0.0005,0.7668,1.133888551,68.1692,88.8983,838.7374,1.34700,,BT,✔,2x1 Magma,1:42,0:47,2:29,Bridge,01:42,4:11,0:23,4:34,Fort,1:29,5:12,6/6,6,6,1.00,--,No,2,5:24,Calc,,1,1,0,1,5:51,1:29,1044,0,0,1,0,0,6:41,6:03,4:21,4:32,0:56,1:43,3:12,1:29,6:41,Prempt,0:18,1,1,6:59,Zero,5,4,5,--,O,F Diag,F,Diag,103,T103,104,0:47,7:46,Bridge,CRKSMK,3,,2:29,0:38,3:07,1:04,1:42,4:11,22,63,14,43,32,29,531,0.0000003145480155,0.0002796278154,
🇳🇴,skycrab1,0,0,7:48.043,7:48.043,24 Apr 2025,379,(U),9061699410068612393,,Yes,https://www.youtube.com/watch?v=GoPCnP2PyWo&list=PLU3_fvoJ1GyMStiA29z37DUPtG47PvOJz&index=121,7,48,43,468043,468,0,410359,1.140569599,421494,1.110438108,-0.0005,0.8274,1.140951529,73.4166,88.7346,836.7013,1.35552,,SH,🗙,Lava Pool,1:19,0:38,1:57,Housing,01:34,3:31,0:21,3:52,Fort,1:05,5:25,6/6,6,6,1.00,--,No,2,4:50,Calc,,1,1,0,1,5:18,0:38,1450,0,0,1,0,0,6:03,4:57,3:38,4:16,1:27,2:51,3:56,0:38,6:03,Prempt,0:21,1,1,6:24,Flew,4,--,F1,4,FO,FB FDiag,FB,FDiag,F95,Tall Cage (F),F86,1:24,7:48,Housing,TOPD,6,DBTRPL,1:57,0:16,2:13,1:18,1:34,3:31,35,76,48,3,25,27,379,0.004322186373,3.835276089,
🇦🇿,KenanKardes,0,0,7:46.865,7:48.393,21 Aug 2025,260,(U),-11765461984395005,,Yes,https://www.youtube.com/watch?v=iKXaGZ3zmX8,7,48,393,468393,468,0,410359,1.141422511,410359,1.141422511,-0.0005,0.8781,1.362103691,73.3320,83.5126,835.1260,1.36210,,BT,✔,2x1 Magma,1:21,0:44,2:05,Stables,01:29,3:34,0:23,3:57,Fort,1:39,5:55,6/13,6,13,0.46,,No,2,5:32,Calc,,1,0,0,0,5:51,0:22,566,0,1,0,0,0,6:17,5:36,4:15,4:37,1:21,2:10,3:49,0:22,6:17,Prempt,0:40,0,1,6:57,Zero,5,3,5,--,B57,F Diag,F,Diag,88,M88,95,0:49,7:46,Stables,DBTRPL,6,SDD,2:05,0:25,2:30,1:04,1:29,3:34,28,93,26,64,47,22,260,0.1724582674,144.0243818,
🇹🇿,Kxpow,0,1,7:48.623,7:48.623,09 Jun 2025,333,(V),692932803524010650,,Yes,https://www.speedrun.com/mc/runs/zpo1xonm,7,48,623,468623,469,1,410359,1.141982995,421494,1.111814166,-0.0005,0.8466,1.150014814,74.9467,88.5243,834.0865,1.36645,,,,,,,,,,,,,Fort,,,,,,,,,,,,,,,,,,,,,,,,,,,,,,,,,,,,,,,,,,,,,,,,,,,,,,,,,,,,,,,,,,,,,333,0.02490706701,22.04879571,
🇸🇪,v_strid,0,1,7:49.149,7:49.149,08 Jun 2025,334,(V),6117620716132541251,,Yes,https://www.speedrun.com/mc/runs/yw2qgp0y,7,49,149,469149,469,0,410359,1.1432648,421494,1.113062108,-0.0005,0.8462,1.158292678,74.7463,88.3318,831.6964,1.37643,,,,,,,,,,,,,Fort,,,,,,,,,,,,,,,,,,,,,,,,,,,,,,,,,,,,,,,,,,--,,,,,,,,,,,,,,,,,,,,,,,,,,,334,0.02408971242,21.27886882,
🇺🇸,zylenox,0,0,7:49.391,7:49.391,06 May 2026,2,(U),unknown,,,https://www.youtube.com/watch?v=wJC3ok9Fln0,7,49,391,469391,469,0,410359,1.143854527,410359,1.143854527,-0.0005,0.9990,1.381048501,82.9761,83.0591,830.5908,1.38105,,,,,,,,,,,,,,,,,,,,,,,,,,,,,,,,,,,,,,,,,,,,,,,,,,,,,,,,,,,,,,,,,,,,,,,,,,,,,,,,,,,,,
🇺🇸,doogile,0,0,7:48.748,7:50.206,29 Feb 2024,799,(U),8277071365134778012,,Yes,https://www.youtube.com/watch?v=ktTRyL2JWz0,7,50,206,470206,470,0,410359,1.145840593,421494,1.115569854,-0.0005,0.6707,1.175096364,58.9775,87.9401,826.8395,1.39670,,,,,,,,,,,,,,,,,,,,,,,,,,,,,,,,,,,,,,,,,,,,,,,,,,,,,,,--,,,,,,,,,,,,,,,,,,,,,,,,,,,799,0,0,
🇬🇧,priffie,0,1,7:50.291,7:50.291,05 Jun 2024,702,(V),6555576914548637179,,Yes,https://www.speedrun.com/mc/runs/ywg2ldnz,7,50,291,470291,470,0,410359,1.146047729,421494,1.115771518,-0.0005,0.7040,1.176457532,61.8860,87.9083,826.4458,1.39834,,,,,,,,,,,,,,,,,,,,,,,,,,,,,,,,,,,,,,,,,,,,,,,,,,,,,,,--,,,,,,,,,,,,,,,,,,,,,,,,,,,702,0,0,
🇳🇴,skycrab1,0,0,7:50.670,7:50.670,18 Nov 2024,536,(U),-1765111318942208381,,Yes,https://www.youtube.com/watch?v=JfVKj2Nz5vE&list=PLU3_fvoJ1GyMStiA29z37DUPtG47PvOJz&index=97,7,50,670,470670,471,1,410359,1.14697131,421494,1.1166707,-0.0005,0.7649,1.182544732,67.1329,87.7660,824.6847,1.40568,,,,,,,,,,,,,,,,,,,,,,,,,,,,,,,,,,,,,,,,,,,,,,,,,,,,,,,--,,,,,,,,,,,,,,,,,,,,,,,,,,,536,0.0000002052441481,0.0001801346185,
🇺🇸,doogile,0,1,7:50.112,7:51.014,21 Jun 2023,1052,(V),291596226023214174,15,Yes,https://www.speedrun.com/mc/run/zgedgrvy,7,51,14,471014,471,0,410359,1.147809601,465828,1.011132864,-0.0005,0.5910,0.6402908202,58.6790,99.2936,823.0783,1.41238,,,,,,,,,,,,,,,,,,,,,,,,,,,,,,,,,,,,,,,,,,,,,,,,,,,,,,,--,,,,,,,,,,,,,,,,,,,,,,,,,,,1052,0,0,
🇦🇺,mikky_,0,1,7:51.104,7:51.620,19 Sep 2024,596,(V),-7641908410120115826,,Yes,https://www.speedrun.com/mc/runs/ydljp8jz,7,51,620,471620,472,1,410359,1.149286357,421494,1.118924587,-0.0005,0.7423,1.197932711,64.8814,87.4057,820.2297,1.42424,,,,,,,,,,,,,,,,,,,,,,,,,,,,,,,,,,,,,,,,,,,,,,,,,,,,,,,--,,,,,,,,,,,,,,,,,,,,,,,,,,,596,0.0000000006391553352,0.0000005586583872,
BlazeMind,BlazeMind,0,1,7:49.832,7:51.665,27 Jan 2026,101,(Q),tbd,,,https://www.youtube.com/watch?v=0e-OYyUWBT0,7,51,665,471665,472,1,410359,1.149396017,410359,1.149396017,-0.0005,0.9508,1.425127962,77.9635,82.0017,820.0172,1.42513,,,,,,,,,,,,,,,,,,,,,,,,,,,,,,,,,,,,,,,,,,,,,,,,,,,,,,,--,,,,,,,,,,,,,,,,,,,,,,,,,,,101,0.9020998199,739.7373604,
🇳🇴,skycrab1,0,0,7:51.826,7:51.826,25 Dec 2024,499,(U),-7679264656588706480,,Yes,https://www.youtube.com/watch?v=Nag0tKfRWgc&list=PLU3_fvoJ1GyMStiA29z37DUPtG47PvOJz&index=106,7,51,826,471826,472,1,410359,1.149788356,421494,1.119413325,-0.0005,0.7792,1.201294094,68.0443,87.3269,819.2559,1.42830,,,,,,,,,,,,,,,,,,,,,,,,,,,,,,,,,,,,,,,,,,,,,,,,,,,,,,,--,,,,,,,,,,,,,,,,,,,,,,,,,,,499,0.000004016298302,0.003507308733,
🇨🇦,Jay12310,0,0,7:52.961,7:52.961,14 Mar 2026,55,(U),unknown,,,https://www.youtube.com/watch?v=z39xlzHCJik,7,52,961,472961,473,1,410359,1.152554227,410359,1.152554227,-0.0005,0.9729,1.450826522,79.1766,81.3842,813.8419,1.45083,,,,,,,,,,,,,,,,,,,,,,,,,,,,,,,,,,,,,,,,,,,,,,,,,,,,,,,,,,,,,,,,,,,,,,,,,,,,,,,,,,55,0.9835001388,800.4136342,
🇳🇴,skycrab1,0,0,7:52.279,7:53.490,14 May 2024,724,(U),3412336035458832291,,Yes,https://www.youtube.com/watch?v=zY_QWRWxGE0&list=PLU3_fvoJ1GyMStiA29z37DUPtG47PvOJz&index=20,7,53,490,473490,473,0,410359,1.153843342,421494,1.123361187,-0.0005,0.6963,1.228771162,60.3544,86.6809,811.2902,1.46144,,,,,,,,,,,,,,,,,,,,,,,,,,,,,,,,,,,,,,,,,,,,,,,,,,,,,,,--,,,,,,,,,,,,,,,,,,,,,,,,,,,724,0,0,
🇺🇸,meebie,0,0,7:50.698,7:53.506,28 Jun 2025,314,(U),5748636184496198066,,Yes,https://www.youtube.com/watch?v=giuYrUlLBq8,7,53,506,473506,474,1,410359,1.153882332,410359,1.153882332,-0.0005,0.8547,1.461760304,69.3347,81.1213,811.2127,1.46176,,,,,,,,,,,,,,,,,,,,,,,,,,,,,,,,,,,,,,,,,,,,,,,,,,,,,,,--,,,,,,,,,,,,,,,,,,,,,,,,,,,314,0.04523363191,36.69409761,
🇹🇷,ulsahin,0,1,7:51.545,7:53.512,24 Oct 2025,196,(V),7066468390795139054,,Yes,https://www.speedrun.com/mc/runs/mr5kp38y,7,53,512,473512,474,1,410359,1.153896954,410359,1.153896954,-0.0005,0.9066,1.461881097,73.5459,81.1184,811.1837,1.46188,,,,,,,,,,,,,,,,,,,,,,,,,,,,,,,,,,,,,,,,,,,,,,,,,,,,,,,--,,,,,,,,,,,,,,,,,,,,,,,,,,,196,0.4709734293,382.0459543,
🇺🇸,doogile,0,0,7:52.863,7:53.548,27 Jan 2024,832,(U),-2273417716457818411,18,Yes,https://www.youtube.com/watch?v=E-qMOVRq0Go,7,53,548,473548,474,1,410359,1.153984682,421494,1.123498792,-0.0005,0.6597,1.229739397,57.1666,86.6580,811.0093,1.46261,,,,,,,,,,,,,,,,,,,,,,,,,,,,,,,,,,,,,,,,,,,,,,,,,,,,,,,--,,,,,,,,,,,,,,,,,,,,,,,,,,,832,0,0,
🇳🇴,skycrab1,0,0,7:45.964,7:53.929,23 Oct 2025,197,(U),5643603245218707817,,Yes,https://www.youtube.com/watch?v=zg_t8sgrqFk&list=PLU3_fvoJ1GyMStiA29z37DUPtG47PvOJz&index=147,7,53,929,473929,474,1,410359,1.154913137,410359,1.154913137,-0.0005,0.9062,1.470298727,73.3256,80.9159,809.1589,1.47030,,,,,,,,,,,,,,,,,,,,,,,,,,,,,,,,,,,,,,,,,,,,,,,,,,,,,,,--,,,,,,,,,,,,,,,,,,,,,,,,,,,197,0.4655492908,376.7033494,
🇳🇴,skycrab1,0,0,7:52.279,7:53.490,14 May 2024,724,(U),-3412336035458832291,,,https://www.youtube.com/watch?v=zY_QWRWxGE0&list=PLU3_fvoJ1GyMStiA29z37DUPtG47PvOJz&index=20,7,53,490,473490,473,0,410359,1.153843342,421494,1.123361187,-0.0005,0.6963,1.228771162,60.3544,86.6809,811.2902,1.46144,,,,,,,,,,,,,,,,,,,,,,,,,,,,,,,,,,,,,,,,,,,,,,,,,,,,,,,--,,,,,,,,,,,,,,,,,,,,,,,,,,,724,0,0,
🇺🇸,Infume,0,0,7:53.848,7:53.848,23 Jul 2025,289,(U),unknown,,,https://www.youtube.com/watch?v=dpJWEh0YCUo&list=PLNlBsWHYU3zCJ5XoAac-T3YF54AvqfXXn&index=22,7,53,848,473848,474,1,410359,1.154715749,410359,1.154715749,-0.0005,0.8655,1.468660167,70.0632,80.9553,809.5531,1.46866,,,,,,,,,,,,,,,,,,,,,,,,,,,,,,,,,,,,,,,,,,,,,,,,,,,,,,,--,,,,,,,,,,,,,,,,,,,,,,,,,,,289,0.08947850054,72.437595,
🇸🇪,ANJOUU,0,1,7:54.143,7:54.143,28 Apr 2025,375,(V),5590192376632660897,,Yes,https://www.speedrun.com/mc/runs/y6j7vnpm,7,54,143,474143,474,0,410359,1.155434632,421494,1.124910438,-0.0005,0.8290,1.239713335,71.6470,86.4228,808.1155,1.47464,,,,,,,,,,,,,,,,,,,,,,,,,,,,,,,,,,,,,,,,,,,,,,,,,,,,,,,--,,,,,,,,,,,,,,,,,,,,,,,,,,,375,0.005125959766,4.429998643,
🇩🇪,Blad_d,0,1,7:52.310,7:54.145,14 Apr 2025,389,(V),-4813633027442683952,,Yes,https://www.speedrun.com/mc/runs/zgj4w4dz,7,54,145,474145,474,0,410359,1.155439505,421494,1.124915183,-0.0005,0.8232,1.239746987,71.1466,86.4220,808.1057,1.47468,,,,,,,,,,,,,,,,,,,,,,,,,,,,,,,,,,,,,,,,,,,,,,,,,,,,,,,--,,,,,,,,,,,,,,,,,,,,,,,,,,,389,0.002776992143,2.399932681,
🇭🇷,Mar1n,0,1,7:55.128,7:55.128,22 Jun 2025,320,(V),-7684621580507828677,,Yes,https://www.speedrun.com/mc/runs/m7lwl84y,7,55,128,475128,475,0,410359,1.157834969,410359,1.157834969,-0.0005,0.8521,1.494750861,68.4506,80.3275,803.2747,1.49475,,,,,,,,,,,,,,,,,,,,,,,,,,,,,,,,,,,,,,,,,,,,,,,,,,,,,,,--,,,,,,,,,,,,,,,,,,,,,,,,,,,320,0.03774886009,30.32270487,
🇺🇸,meebie,0,0,7:55.456,7:55.456,07 Jun 2025,335,(U),3603293482983366385,,Yes,https://www.youtube.com/watch?v=caV9b4ltoSQ,7,55,456,475456,475,0,410359,1.158634269,421494,1.128025547,-0.0005,0.8458,1.261990435,72.6490,85.8962,801.6489,1.50150,,,,,,,,,,,,,,,,,,,,,,,,,,,,,,,,,,,,,,,,,,,,,,,,,,,,,,,--,,,,,,,,,,,,,,,,,,,,,,,,,,,335,0.0232945116,20.00910269,
🇺🇸,zylenox,0,0,7:52.850,7:55.550,22 Apr 2025,381,(U),-4019650266393698573,,Yes,http://youtube.com/watch?v=aEZQAJ5LhgA&list=PLZ59bMb0zBUSR6W9smbN1LDkQJlGfPEUk&index=51,7,55,550,475550,476,1,410359,1.158863337,421494,1.128248563,-0.0005,0.8265,1.263599508,70.9657,85.8581,801.1817,1.50345,,,,,,,,,,,,,,,,,,,,,,,,,,,,,,,,,,,,,,,,,,,,,,,,,,,,,,,--,,,,,,,,,,,,,,,,,,,,,,,,,,,381,0.003963475053,3.402964849,
🇵🇱,pardonmc,0,1,7:55.683,7:55.683,17 Jul 2025,295,(V),6664192904935921173,,Yes,https://www.speedrun.com/mc/runs/yd4j7evy,7,55,683,475683,476,1,410359,1.159187443,410359,1.159187443,-0.0005,0.8629,1.506195425,69.0738,80.0520,800.5197,1.50620,,,,,,,,,,,,,,,,,,,,,,,,,,,,,,,,,,,,,,,,,,,,,,,,,,,,,,,--,,,,,,,,,,,,,,,,,,,,,,,,,,,295,0.07674726717,61.43770139,
🇩🇰,Bloopy,0,0,7:52.588,7:55.999,02 Jun 2025,340,(U),-1088594931172127368,,,https://www.youtube.com/watch?v=lAD-2zBAaWk,7,55,999,475999,476,1,410359,1.159957501,421494,1.129313822,-0.0005,0.8437,1.271311775,72.2813,85.6754,798.9423,1.51275,,,,,,,,,,,,,,,,,,,,,,,,,,,,,,,,,,,,,,,,,,,,,,,,,,,,,,,--,,,,,,,,,,,,,,,,,,,,,,,,,,,340,0.01963581666,16.82306373,
🇳🇱,HDMICables,0,1,7:55.623,7:56.598,07 May 2025,366,(V),-2481499363875064100,,Yes,https://www.speedrun.com/mc/runs/yd437kxy,7,56,598,476598,477,1,410359,1.161417198,421494,1.130734957,-0.0005,0.8328,1.281668709,71.1432,85.4297,795.9346,1.52524,,,,,,,,,,,,,,,,,,,,,,,,,,,,,,,,,,,,,,,,,,,,,,,,,,,,,,,--,,,,,,,,,,,,,,,,,,,,,,,,,,,366,0.00742583903,6.343875322,
🇵🇱,okshey,0,1,7:56.752,7:56.752,17 Feb 2026,80,(Q),-6419209590101822881,,,https://www.speedrun.com/mc/runs/yo8v370z,7,56,752,476752,477,1,410359,1.161792479,410359,1.161792479,-0.0005,0.9608,1.528466072,76.3979,79.5158,795.1576,1.52847,,,,,,,,,,,,,,,,,,,,,,,,,,,,,,,,,,,,,,,,,,,,,,,,,,,,,,,--,,,,,,,,,,,,,,,,,,,,,,,,,,,80,0.9500886338,755.4701809,
🇩🇪,jason_n,0,0,7:56.903,7:56.903,16 May 2025,357,(U),8174323531600874073,,Yes,https://www.youtube.com/watch?v=mEjUzh-nDqI,7,56,903,476903,477,1,410359,1.16216045,421494,1.131458574,-0.0005,0.8365,1.286972365,71.3587,85.3038,794.3943,1.53164,,,,,,,,,,,,,,,,,,,,,,,,,,,,,,,,,,,,,,,,,,,,,,,,,,,,,,,--,,,,,,,,,,,,,,,,,,,,,,,,,,,357,0.01056795151,9.014867377,
🇳🇴,skycrab1,0,0,7:56.326,7:58.380,20 Sep 2024,595,(U),-630318768044632099,,Yes,https://www.youtube.com/watch?v=5xFvTb5MDmQ&list=PLU3_fvoJ1GyMStiA29z37DUPtG47PvOJz&index=71,7,58,380,478380,478,0,410359,1.165759737,421494,1.134962775,-0.0005,0.7427,1.312945613,62.8940,84.6861,786.8510,1.56296,,,,,,,,,,,,,,,,,,,,,,,,,,,,,,,,,,,,,,,,,,,,,,,,,,,,,,,--,,,,,,,,,,,,,,,,,,,,,,,,,,,595,0.0000000007109013102,0.0000006020345851,
🇨🇦,Aquacorde,0,1,7:57.023,7:57.023,14 Mar 2025,420,(V),5239949107527415069,,Yes,https://www.speedrun.com/mc/runs/y9pe59em,7,57,23,477023,477,0,410359,1.162452877,421494,1.131743275,-0.0005,0.8106,1.289064634,69.1057,85.2541,793.7866,1.53416,,,,,,,,,,,,,,,,,,,,,,,,,,,,,,,,,,,,,,,,,,,,,,,,,,,,,,,--,,,,,,,,,,,,,,,,,,,,,,,,,,,420,0.0006058973353,0.516552534,
🇿🇦,Airpodsz,0,1,7:57.301,7:57.301,20 Oct 2025,200,(V),1950744630814396345,,Yes,https://www.speedrun.com/mc/runs/z175257z,7,57,301,477301,477,0,410359,1.163130332,410359,1.163130332,-0.0005,0.9048,1.540020499,71.6971,79.2375,792.3753,1.54002,,,,,,,,,,,,,,,,,,,,,,,,,,,,,,,,,,,,,,,,,,,,,,,,,,,,,,,--,,,,,,,,,,,,,,,,,,,,,,,,,,,200,0.4493289641,356.0371875,
🇫🇮,sadekeppi,0,1,7:56.839,7:57.450,21 Feb 2025,441,(V),-8774410482674782880,,Yes,https://www.speedrun.com/mc/runs/zpkp2jvy,7,57,450,477450,477,0,410359,1.163493429,421494,1.132756338,-0.0005,0.8021,1.296535286,68.2414,85.0766,791.6169,1.54317,,,,,,,,,,,,,,,,,,,,,,,,,,,,,,,,,,,,,,,,,,,,,,,,,,,,,,,--,,,,,,,,,,,,,,,,,,,,,,,,,,,441,0.0001884623888,0.1603373893,
🇨🇦,Jay12310,0,0,7:57.965,7:57.965,25 Dec 2025,134,(U),unknown,,Yes,https://www.youtube.com/watch?v=Dsok_v8zWzA&list=PLZ59bMb0zBUSR6W9smbN1LDkQJlGfPEUk,7,57,965,477965,478,1,410359,1.164748428,410359,1.164748428,-0.0005,0.9352,1.554102209,73.7855,78.8985,788.9845,1.55410,,,,,,,,,,,,,,,,,,,,,,,,,,,,,,,,,,,,,,,,,,,,,,,,,,,,,,,--,,,,,,,,,,,,,,,,,,,,,,,,,,,134,0.7861478499,620.2585036,
🇵🇱,mati_lopez,0,1,7:58.102,7:58.102,01 Mar 2025,433,(V),-7204778880031266135,,Yes,https://www.speedrun.com/mc/runs/z08d87jm,7,58,102,478102,478,0,410359,1.165082282,421494,1.134303217,-0.0005,0.8053,1.308020071,68.2949,84.8034,788.2814,1.55702,,,,,,,,,,,,,,,,,,,,,,,,,,,,,,,,,,,,,,,,,,,,,,,,,,,,,,,--,,,,,,,,,,,,,,,,,,,,,,,,,,,433,0.0002980427278,0.2527503031,
🇨🇿,kohout135,0,1,7:57.901,7:58.328,16 Jun 2025,326,(V),505133867771410090,,Yes,https://www.speedrun.com/mc/runs/yd4epqwy,7,58,328,478328,478,0,410359,1.165633019,410359,1.165633019,-0.0005,0.8496,1.561850271,66.8729,78.7119,787.1190,1.56185,,,,,,,,,,,,,,,,,,,,,,,,,,,,,,,,,,,,,,,,,,,,,,,,,,,,,,,--,,,,,,,,,,,,,,,,,,,,,,,,,,,326,0.03128559222,24.62548261,
🇩🇰,Bloopy,0,0,7:58.540,7:58.540,04 Feb 2025,458,(U),9020295482724158911,,,https://www.youtube.com/watch?v=rB_AjEUIYWE,7,58,540,478540,479,1,410359,1.16614964,421494,1.135342377,-0.0005,0.7953,1.315788255,67.2994,84.6184,786.0255,1.56639,,,,,,,,,,,,,,,,,,,,,,,,,,,,,,,,,,,,,,,,,,,,,,,,,,,,,,,--,,,,,,,,,,,,,,,,,,,,,,,,,,,458,0.00006724343265,0.05690030777,
🇦🇺,bigbigmongey,0,1,7:58.900,7:59.372,20 Oct 2025,200,(V),4336613090571479730,,Yes,https://www.speedrun.com/mc/runs/zn5kqqvz,7,59,372,479372,479,0,410359,1.168177133,410359,1.168177133,-0.0005,0.9048,1.584331515,70.7317,78.1707,781.7067,1.58433,,,,,,,,,,,,,,,,,,,,,,,,,,,,,,,,,,,,,,,,,,,,,,,,,,,,,,,--,,,,,,,,,,,,,,,,,,,,,,,,,,,200,0.4493289641,351.2434648,
🇺🇦,dinonuggieboi,0,1,7:58.082,7:59.376,10 May 2025,363,(V),4495867891036383676,,Yes,https://www.speedrun.com/mc/runs/z16jpxwm,7,59,376,479376,479,0,410359,1.16818688,421494,1.137325798,-0.0005,0.8340,1.330734111,70.2761,84.2621,781.6858,1.58442,,,,,,,,,,,,,,,,,,,,,,,,,,,,,,,,,,,,,,,,,,,,,,,,,,,,,,,--,,,,,,,,,,,,,,,,,,,,,,,,,,,363,0.008369051687,7.051935315,
🇺🇸,Infume,0,1,7:59.698,7:59.698,08 May 2025,365,(V),1457025420686153641,,Yes,https://www.speedrun.com/mc/runs/yd4634jy,7,59,698,479698,480,1,410359,1.168971559,421494,1.138089747,-0.0005,0.8332,1.33653263,70.0906,84.1237,780.0025,1.59141,,,,,,,,,,,,,,,,,,,,,,,,,,,,,,,,,,,,,,,,,,,,,,,,,,,,,,,--,,,,,,,,,,,,,,,,,,,,,,,,,,,365,0.007729489191,6.502330712,
🇨🇦,Aquacorde,0,0,7:59.882,8:00.035,19 Aug 2025,262,(U),-6415662147603823754,,,https://www.youtube.com/watch?v=WdnsDM7UisA,8,0,35,480035,480,0,410359,1.169792791,410359,1.169792791,-0.0005,0.8772,1.59876171,68.2680,77.8234,778.2337,1.59876,,,,,,,,,,,,,,,,,,,,,,,,,,,,,,,,,,,,,,,,,,,,,,,,,,,,,,,--,,,,,,,,,,,,,,,,,,,,,,,,,,,262,0.1655515255,128.8377763,
🇦🇺,bigbigmongey,0,1,7:58.808,8:00.202,05 May 2025,368,(V),1438072232147069823,,,https://www.speedrun.com/mc/runs/yd43n2xy,8,0,202,480202,480,0,410359,1.170199752,421494,1.139285494,-0.0005,0.8319,1.345655582,69.8043,83.9058,777.3545,1.60242,,,,,,,,,,,,,,,,,,,,,,,,,,,,,,,,,,,,,,,,,,,,,,,,,,,,,,,,,,,,,,,,,,,,,,,,,,,,,,,,,,368,0.006849338505,5.746993413,
🇵🇱,watermelon1708,0,0,8:00.245,8:00.245,18 Mar 2026,51,(U),unknown,,,https://www.youtube.com/watch?v=P99-S3NPS-k,8,0,245,480245,480,0,410359,1.170304538,410359,1.170304538,-0.0005,0.9748,1.603357361,75.7562,77.7128,777.1279,1.60336,,,,,,,,,,,,,,,,,,,,,,,,,,,,,,,,,,,,,,,,,,,,,,,,,,,,,,,,,,,,,,,,,,,,,,,,,,,,,,,,,,51,0.9868224937,766.8872433,
🇫🇮,sadekeppi,0,0,8:00.342,8:01.352,15 Apr 2025,388,(U),unknown,,,https://www.youtube.com/watch?v=p5n5mCcWxvw,8,1,352,481352,481,0,410359,1.173002176,421494,1.142013884,-0.0005,0.8237,1.366688102,68.6955,83.4029,771.2524,1.62778,,,,,,,,,,,,,,,,,,,,,,,,,,,,,,,,,,,,,,,,,,,,,,,,,,,,,,,,,,,,,,,,,,,,,,,,,,,,,,,,,,388,0.002905623738,2.423374762,
🇦🇹,Mescht,0,1,8:00.384,8:00.384,09 Apr 2025,394,(V),8206887781532841360,,Yes,https://www.speedrun.com/mc/runs/mko6ex3z,8,0,384,480384,480,0,410359,1.170643266,421494,1.139717291,-0.0005,0.8212,1.348964129,68.8378,83.8268,776.3943,1.60641,,,,,,,,,,,,,,,,,,,,,,,,,,,,,,,,,,,,,,,,,,,,,,,,,,,,,,,--,,,,,,,,,,,,,,,,,,,,,,,,,,,394,0.002206608848,1.849728783,
🇺🇸,meebie,0,1,8:00.427,8:00.427,20 Apr 2024,748,(U),unknown,,,https://www.youtube.com/watch?v=lSiuiiMRays&list=PLaTJSsRuu2Ufk7cX7bUTt9V-IJxa8wqSM&index=14,8,0,427,480427,480,0,410359,1.170748052,421494,1.139819309,-0.0005,0.6880,1.349746917,57.6580,83.8081,776.1672,1.60735,,,,,,,,,,,,,,,,,,,,,,,,,,,,,,,,,,,,,,,,,,,,,,,,,,,,,,,,,,,,,,,,,,,,,,,,,,,,,,,,,,748,0,0,
🇩🇪,jason_n,0,0,8:00.870,8:00.870,15 Jun 2025,327,(U),see video,,,https://www.youtube.com/watch?v=WU1fSPhJGAk,8,0,870,480870,481,1,410359,1.171827595,410359,1.171827595,-0.0005,0.8492,1.617106433,65.7102,77.3820,773.8201,1.61711,,,,,,,,,,,,,,,,,,,,,,,,,,,,,,,,,,,,,,,,,,,,,,,,,,,,,,,--,,,,,,,,,,,,,,,,,,,,,,,,,,,327,0.03030088679,23.44743674,
🇺🇸,meebie,0,1,8:00.927,8:00.927,10 Dec 2023,880,(V),698408566767839427,,,https://www.youtube.com/watch?v=PUuvT8h96hI&list=PLaTJSsRuu2Ufk7cX7bUTt9V-IJxa8wqSM&index=9,8,0,927,480927,481,1,410359,1.171966498,446254,1.077697903,-0.0005,0.6440,0.944207622,60.0104,93.1786,773.5173,1.61837,,,,,,,,,,,,,,,,,,,,,,,,,,,,,,,,,,,,,,,,,,,,,,,,,,,,,,,--,,,,,,,,,,,,,,,,,,,,,,,,,,,880,0,0,
🇹🇿,Kxpow,0,1,7:58.526,8:00.969,20 Jul 2024,657,(V),-2313608296694412917,,,https://www.speedrun.com/mc/runs/y8p9gwxz,8,0,969,480969,481,1,410359,1.172068847,421494,1.141105211,-0.0005,0.7200,1.359649811,60.1716,83.5713,773.2939,1.61929,,,,,,,,,,,,,,,,,,,,,,,,,,,,,,,,,,,,,,,,,,,,,,,,,,,,,,,,,,,,,,,,,,,,,,,,,,,,,,,,,,657,0,0.0000000004034154898,
🇺🇸,thecamo6,0,1,8:00.680,8:01.217,28 May 2024,710,(V),8027147372185455800,,,https://www.speedrun.com/mc/runs/mel636qz,8,1,217,481217,481,0,410359,1.172673196,421494,1.141693595,-0.0005,0.7012,1.364203406,58.5216,83.4624,771.9731,1.62479,,,,,,,,,,,,,,,,,,,,,,,,,,,,,,,,,,,,,,,,,,,,,,,,,,,,,,,--,,,,,,,,,,,,,,,,,,,,,,,,,,,710,0,0,
🇺🇦,7rowl,0,1,8:00.564,8:01.225,19 Jul 2024,658,(V),4542168202417465956,,,https://www.speedrun.com/mc/runs/y4l3p3qz,8,1,225,481225,481,0,410359,1.172692691,421494,1.141712575,-0.0005,0.7196,1.36435053,60.0606,83.4588,771.9304,1.62496,,,,,,,,,,,,,,,,,,,,,,,,,,,,,,,,,,,,,,,,,,,,,,,,,,,,,,,--,,,,,,,,,,,,,,,,,,,,,,,,,,,658,0,0.0000000003538696575,
🇩🇪,jason_n,0,0,8:01.271,8:01.271,25 Oct 2024,560,(U),-8000908414180372217,,,https://www.youtube.com/watch?v=VmnT8lICQ94,8,1,271,481271,481,0,410359,1.172804788,421494,1.14182171,-0.0005,0.7558,1.365196782,63.0615,83.4386,771.6850,1.62598,,,,,,,,,,,,,,,,,,,,,,,,,,,,,,,,,,,,,,,,,,,,,,,,,,,,,,,--,,,,,,,,,,,,,,,,,,,,,,,,,,,560,0.00000002360989342,0.00001969976374,
🇧🇪,boyenn,0,1,7:59.551,8:01.422,08 Jun 2025,334,(V),254566834946075032,,,https://www.speedrun.com/mc/runs/z00rj59z,8,1,422,481422,481,0,410359,1.173172758,421494,1.14217996,-0.0005,0.8462,1.36797811,70.5494,83.3720,770.8783,1.62934,,,,,,,,,,,,,,,,,,,,,,,,,,,,,,,,,,,,,,,,,,,,,,,,,,,,,,,--,,,,,,,,,,,,,,,,,,,,,,,,,,,334,0.02408971242,20.08408423,
🇫🇮,iluappi,0,1,7:59.559,8:01.633,15 Oct 2025,205,(V),-1502625211715149134,,,https://www.speedrun.com/mc/runs/y4016j2z,8,1,633,481633,482,1,410359,1.173686942,410359,1.173686942,-0.0005,0.9026,1.634037284,69.4758,76.9749,769.7488,1.63404,,,,,,,,,,,,,,,,,,,,,,,,,,,,,,,,,,,,,,,,,,,,,,,,,,,,,,,--,,,,,,,,,,,,,,,,,,,,,,,,,,,205,0.4225225334,325.2361923,
🇬🇧,priffie,0,1,8:03.241,8:03.241,03 Dec 2023,887,(V),-4868324554498692300,12,Yes,https://www.speedrun.com/mc/run/yoole61y,8,3,241,483241,483,0,410359,1.177605463,465828,1.03738075,-0.0005,0.6418,0.7464535101,62.4444,97.2978,761.0490,1.67025,,,,,,,,,,,,,,,,,,,,,,,,,,,,,,,,,,,,,,,,,,,,,,,,,,,,,,,--,,,,,,,,,,,,,,,,,,,,,,,,,,,887,0,0,
🇳🇴,skycrab1,0,0,8:03.337,8:03.337,17 Jun 2025,325,(U),-4304452735829751506,,,https://www.youtube.com/watch?v=ul-SUoNx_XU&list=PLU3_fvoJ1GyMStiA29z37DUPtG47PvOJz&index=131,8,3,337,483337,483,0,410359,1.177839404,410359,1.177839404,-0.0005,0.8500,1.672434485,64.6458,76.0524,760.5245,1.67243,,,,,,,,,,,,,,,,,,,,,,,,,,,,,,,,,,,,,,,,,,,,,,,,,,,,,,,--,,,,,,,,,,,,,,,,,,,,,,,,,,,325,0.03229598047,24.56188329,
Tenes9999,Tenes9999,0,1,8:03.631,8:03.631,16 May 2025,357,(V),-7442337813042441622,,,https://www.speedrun.com/mc/runs/zngk3x8m,8,3,631,483631,484,1,410359,1.17855585,421494,1.147420841,-0.0005,0.8365,1.409269773,68.9149,82.3824,758.9147,1.67914,,,,,,,,,,,,,,,,,,,,,,,,,,,,,,,,,,,,,,,,,,,,,,,,,,,,,,,--,,,,,,,,,,,,,,,,,,,,,,,,,,,357,0.01056795151,8.706134421,
🇸🇪,PAPLERR,0,1,8:04.190,8:04.190,26 Jan 2025,467,(V),-5524626450736366561,,,https://www.speedrun.com/mc/runs/m3w6egwy,8,4,190,484190,484,0,410359,1.179918072,421494,1.148747076,-0.0005,0.7918,1.41989972,65.0249,82.1273,755.8390,1.69196,,,,,,,,,,,,,,,,,,,,,,,,,,,,,,,,,,,,,,,,,,,,,,,,,,,,,,,,,,,,,,,,,,,,,,,,,,,,,,,,,,467,0.00003774127254,0.03099587522,
🇳🇴,skycrab1,0,0,8:04.394,8:04.394,30 Sep 2025,220,(U),see video,,,https://www.youtube.com/watch?v=xW_pib-H4zw&list=PLU3_fvoJ1GyMStiA29z37DUPtG47PvOJz&index=143,8,4,394,484394,484,0,410359,1.180415197,410359,1.180415197,-0.0005,0.8958,1.696664062,67.6097,75.4712,754.7118,1.69666,,,,,,,,,,,,,,,,,,,,,,,,,,,,,,,,,,,,,,,,,,,,,,,,,,,,,,,--,,,,,,,,,,,,,,,,,,,,,,,,,,,220,0.3447968072,260.2222289,
🇨🇦,Jay12310,0,0,8:04.480,8:04.480,26 Jan 2025,467,(U),unknown,,,https://www.youtube.com/watch?v=jjYvP5zAbZg&list=PLaTJSsRuu2UcsiC6KEkJwrGp1GaGgPoVG&index=5,8,4,480,484480,484,0,410359,1.18062477,421494,1.149435105,-0.0005,0.7918,1.425443444,64.9195,81.9941,754.2359,1.69865,,,,,,,,,,,,,,,,,,,,,,,,,,,,,,,,,,,,,,,,,,,,,,,,,,,,,,,--,,,,,,,,,,,,,,,,,,,,,,,,,,,467,0.00003774127254,0.03094563275,
🇧🇷,brahmaquente,0,1,8:01.509,8:04.797,12 May 2025,361,(V),4176313215067158543,,,https://www.speedrun.com/mc/runs/y4nwjk3m,8,4,797,484797,485,1,410359,1.181397264,421494,1.150187191,-0.0005,0.8349,1.431526127,68.3311,81.8480,752.4775,1.70599,,,,,,,,,,,,,,,,,,,,,,,,,,,,,,,,,,,,,,,,,,,,,,,,,,,,,,,,,,,,,,,,,,,,,,,,,,,,,,,,,,361,0.009053642645,7.410228749,
🇺🇦,7rowl,0,1,8:04.491,8:05.070,13 May 2024,725,(U),3390807343358437717,,,https://www.youtube.com/watch?v=1KMm0eJPRws,8,5,70,485070,485,0,410359,1.182062535,421494,1.150834887,-0.0005,0.6959,1.436783687,56.8729,81.7217,750.9582,1.71233,,,,,,,,,,,,,,,,,,,,,,,,,,,,,,,,,,,,,,,,,,,,,,,,,,,,,,,--,,,,,,,,,,,,,,,,,,,,,,,,,,,725,0,0,
🇧🇬,BlindTravel,0,1,8:03.959,8:05.167,10 May 2025,363,(V),3979016117801702341,,,https://www.speedrun.com/mc/runs/y8g1jl5z,8,5,167,485167,485,0,410359,1.182298914,421494,1.151065021,-0.0005,0.8340,1.438656037,68.1199,81.6767,750.4173,1.71459,,,,,,,,,,,,,,,,,,,,,,,,,,,,,,,,,,,,,,,,,,,,,,,,,,,,,,,,,,,,,,,,,,,,,,,,,,,,,,,,,,363,0.008369051687,6.83556744,
🇹🇿,Kxpow,0,0,8:02.735,8:05.252,10 May 2025,363,(U),-7680287748229501835,,,https://www.youtube.com/watch?v=B-KCsE-Rm1k,8,5,252,485252,485,0,410359,1.18250605,421494,1.151266685,-0.0005,0.8340,1.440298604,68.0870,81.6373,749.9428,1.71657,,,,,,,,,,,,,,,,,,,,,,,,,,,,,,,,,,,,,,,,,,,,,,,,,,,,,,,,,,,,,,,,,,,,,,,,,,,,,,,,,,,,,
🇸🇪,v_strid,0,1,8:04.428,8:05.428,05 Feb 2025,457,(V),-5544842606483643213,,,https://www.speedrun.com/mc/runs/z5lxpqny,8,5,428,485428,485,0,410359,1.182934942,421494,1.151684247,-0.0005,0.7957,1.443705175,64.8958,81.5554,748.9590,1.72068,,,,,,,,,,,,,,,,,,,,,,,,,,,,,,,,,,,,,,,,,,,,,,,,,,,,,,,,,,,,,,,,,,,,,,,,,,,,,,,,,,457,0.00007160115878,0.05839459702,
🇳🇴,skycrab1,0,0,8:05.447,8:05.447,13 Jul 2025,299,(U),8311211913392066784,,,https://www.youtube.com/watch?v=MPlhH010LdE&list=PLU3_fvoJ1GyMStiA29z37DUPtG47PvOJz&index=133,8,5,447,485447,485,0,410359,1.182981243,410359,1.182981243,-0.0005,0.8611,1.721119446,64.4866,74.8853,748.8527,1.72112,,,,,,,,,,,,,,,,,,,,,,,,,,,,,,,,,,,,,,,,,,,,,,,,,,,,,,,--,,,,,,,,,,,,,,,,,,,,,,,,,,,299,0.06903857311,51.69972047,
🇺🇦,loodlow,0,1,8:02.631,8:05.732,30 Jun 2025,312,(V),6502082647557812063,,,https://www.speedrun.com/mc/runs/z16gg09m,8,5,732,485732,486,1,410359,1.183675757,410359,1.183675757,-0.0005,0.8556,1.727793368,63.9321,74.7255,747.2552,1.72779,,,,,,,,,,,,,,,,,,,,,,,,,,,,,,,,,,,,,,,,,,,,,,,,,,,,,,,--,,,,,,,,,,,,,,,,,,,,,,,,,,,312,0.0479722385,35.8475038,
🇵🇱,watermelon1708,0,1,8:03.854,8:07.194,06 Jul 2025,306,(V),9122600350394059007,,,https://www.speedrun.com/mc/runs/yw2v45ny,8,7,194,487194,487,0,410359,1.187238491,410359,1.187238491,-0.0005,0.8581,1.762400966,63.4143,73.8983,738.9826,1.76240,,,,,,,,,,,,,,,,,,,,,,,,,,,,,,,,,,,,,,,,,,,,,,,,,,,,,,,--,,,,,,,,,,,,,,,,,,,,,,,,,,,306,0.05696822629,42.09852798,
🇩🇪,jason_n,0,0,8:07.349,8:07.349,10 Jun 2025,332,(U),6183710647574302652,,,https://www.youtube.com/watch?v=Logr5V0QDDk,8,7,349,487349,487,0,410359,1.187616209,421494,1.156241844,-0.0005,0.8470,1.481372423,68.3138,80.6495,738.0980,1.76611,,,,,,,,,,,,,,,,,,,,,,,,,,,,,,,,,,,,,,,,,,,,,,,,,,,,,,,--,,,,,,,,,,,,,,,,,,,,,,,,,,,332,0.02574700936,20.76482194,
🇸🇪,PAPLERR,0,1,8:07.689,8:07.689,28 May 2025,345,(V),-2052078032780233310,,,https://www.speedrun.com/mc/runs/y22nr37y,8,7,689,487689,488,1,410359,1.188444752,421494,1.157048499,-0.0005,0.8416,1.488132579,67.7343,80.4868,736.1524,1.77426,,,,,,,,,,,,,,,,,,,,,,,,,,,,,,,,,,,,,,,,,,,,,,,,,,,,,,,,,,,,,,,,,,,,,,,,,,,,,,,,,,345,0.01646756649,13.25421162,
🇨🇳,Acactus_,0,1,8:05.297,8:08.421,23 Feb 2024,805,(V),6832552403849051699,,,https://www.speedrun.com/mc/runs/zn28n27z,8,8,421,488421,488,0,410359,1.190228556,421494,1.158785178,-0.0005,0.6686,1.502783103,53.5814,80.1341,731.9402,1.79193,,,,,,,,,,,,,,,,,,,,,,,,,,,,,,,,,,,,,,,,,,,,,,,,,,,,,,,,,,,,,,,,,,,,,,,,,,,,,,,,,,805,0,0,
🇮🇱,sagi_enderman,0,1,8:05.180,8:08.427,24 Jan 2024,835,(V),-1127568643405241248,,,https://www.speedrun.com/mc/runs/zqdn2l1m,8,8,427,488427,488,0,410359,1.190243177,421494,1.158799414,-0.0005,0.6587,1.502903735,52.7818,80.1312,731.9056,1.79208,,,,,,,,,,,,,,,,,,,,,,,,,,,,,,,,,,,,,,,,,,,,,,,,,,,,,,,--,,,,,,,,,,,,,,,,,,,,,,,,,,,835,0,0,
🇫🇮,Lathil,0,1,8:08.473,8:08.473,14 Apr 2025,389,(V),-1308536743164996263,,,https://www.speedrun.com/mc/runs/ylpgo0rm,8,8,473,488473,488,0,410359,1.190355274,421494,1.158908549,-0.0005,0.8232,1.503828873,65.9494,80.1089,731.6398,1.79319,,,,,,,,,,,,,,,,,,,,,,,,,,,,,,,,,,,,,,,,,,,,,,,,,,,,,,,,,,,,,,,,,,,,,,,,,,,,,,,,,,389,0.002776992143,2.224619117,
🇺🇸,meebie,0,0,8:09.030,8:09.030,16 Oct 2025,204,(U),unknown,,,https://www.youtube.com/watch?v=uZ1E_scaXFA&list=PLaTJSsRuu2Ufk7cX7bUTt9V-IJxa8wqSM&index=20,8,9,30,489030,489,0,410359,1.191712622,410359,1.191712622,-0.0005,0.9030,1.806753411,65.7777,72.8412,728.4115,1.80675,,,,,,,,,,,,,,,,,,,,,,,,,,,,,,,,,,,,,,,,,,,,,,,,,,,,,,,,,,,,,,,,,,,,,,,,,,,,,,,,,,204,0.4278569364,311.6559256,
🇩🇪,jason_n,0,1,8:10.305,8:10.305,12 May 2024,726,(V),-8081672849157921881,,,https://www.speedrun.com/mc/runs/y46kvjnz,8,10,305,490305,490,0,410359,1.194819658,421494,1.163254993,-0.0005,0.6956,1.541101205,55.0985,79.2115,720.9529,1.83815,,,,,,,,,,,,,,,,,,,,,,,,,,,,,,,,,,,,,,,,,,,,,,,,,,,,,,,--,,,,,,,,,,,,,,,,,,,,,,,,,,,726,0,0,
🇺🇸,meebie,0,1,8:09.372,8:10.419,07 Jul 2023,1036,(V),-4538563713628989532,12,Yes,https://www.speedrun.com/mc/run/zge2pn0y,8,10,419,490419,490,0,410359,1.195097463,465828,1.052789871,-0.0005,0.5957,0.8167404078,57.1200,95.8854,720.2814,1.84098,,,,,,,,,,,,,,,,,,,,,,,,,,,,,,,,,,,,,,,,,,,,,,,,,,,,,,,--,,,,,,,,,,,,,,,,,,,,,,,,,,,1036,0,0,
🇸🇰,NoFear1337,0,0,7:47.229,8:10.447,27 Dec 2023,863,(U),unknown,16,Yes,https://www.youtube.com/watch?v=GFz5UcBTrAk,8,10,447,490447,490,0,410359,1.195165696,446254,1.099031045,-0.0005,0.6495,1.068366434,58.7203,90.4037,720.1163,1.84167,,,,,,,,,,,,,,,,,,,,,,,,,,,,,,,,,,,,,,,,,,,,,,,,,,,,,,,--,,,,,,,,,,,,,,,,,,,,,,,,,,,863,0,0,
🇺🇸,itsnahan,0,1,8:10.502,8:10.502,19 May 2025,354,(U),-2397708846488236424,,,https://www.youtube.com/watch?v=U4hoPKXpmyo,8,10,502,490502,491,1,410359,1.195299725,421494,1.163722378,-0.0005,0.8378,1.545159242,66.2799,79.1138,719.7920,1.84304,,,,,,,,,,,,,,,,,,,,,,,,,,,,,,,,,,,,,,,,,,,,,,,,,,,,,,,,,,,,,,,,,,,,,,,,,,,,,,,,,,,,,
🇳🇴,skycrab1,0,0,8:09.558,8:10.528,23 Jun 2024,684,(U),-6343411097658357214,,,https://www.youtube.com/watch?v=pmNaJCUang0&list=PLU3_fvoJ1GyMStiA29z37DUPtG47PvOJz&index=38,8,10,528,490528,491,1,410359,1.195363085,421494,1.163784063,-0.0005,0.7103,1.545695551,56.1892,79.1009,719.6386,1.84369,,,,,,,,,,,,,,,,,,,,,,,,,,,,,,,,,,,,,,,,,,,,,,,,,,,,,,,--,,,,,,,,,,,,,,,,,,,,,,,,,,,684,0,0,
🇬🇧,Steez,0,1,8:10.112,8:10.627,14 Aug 2025,267,(V),-550357973299006184,,,https://www.speedrun.com/mc/runs/y4nn06nm,8,10,627,490627,491,1,410359,1.195604337,410359,1.195604337,-0.0005,0.8750,1.846153327,62.9192,71.9054,719.0542,1.84615,,,,,,,,,,,,,,,,,,,,,,,,,,,,,,,,,,,,,,,,,,,,,,,,,,,,,,,,,,,,,,,,,,,,,,,,,,,,,,,,,,267,0.1490585198,107.1811511,
🇨🇦,Aquacorde,0,0,8:10.818,8:10.818,15 Jul 2025,297,(U),5155476148031295835,,,https://www.youtube.com/watch?v=m5GWURA89ts,8,10,818,490818,491,1,410359,1.196069783,410359,1.196069783,-0.0005,0.8620,1.850917303,61.8851,71.7925,717.9251,1.85092,,,,,,,,,,,,,,,,,,,,,,,,,,,,,,,,,,,,,,,,,,,,,,,,,,,,,,,--,,,,,,,,,,,,,,,,,,,,,,,,,,,297,0.07281689329,52.27707262,
🇳🇴,skycrab1,0,0,8:10.890,8:10.890,06 Jan 2025,487,(U),-7855142198495008899,,,https://www.youtube.com/watch?v=__bACJwOlow&list=PLU3_fvoJ1GyMStiA29z37DUPtG47PvOJz&index=107,8,10,890,490890,491,1,410359,1.196245239,421494,1.164642913,-0.0005,0.7839,1.55318037,61.8643,78.9207,717.4989,1.85272,,,,,,,,,,,,,,,,,,,,,,,,,,,,,,,,,,,,,,,,,,,,,,,,,,,,,,,--,,,,,,,,,,,,,,,,,,,,,,,,,,,487,0.000009634787609,0.007603837131,
🇳🇴,skycrab1,0,0,8:10.497,8:11.103,07 Feb 2026,90,(U),unknown,,,https://www.youtube.com/watch?v=c8Pr_8UkxF0&list=PLU3_fvoJ1GyMStiA29z37DUPtG47PvOJz&index=167,8,11,103,491103,491,0,410359,1.196764297,410359,1.196764297,-0.0005,0.9560,1.858046567,68.4720,71.6236,716.2363,1.85805,,,,,,,,,,,,,,,,,,,,,,,,,,,,,,,,,,,,,,,,,,,,,,,,,,,,,,,,,,,,,,,,,,,,,,,,,,,,,,,,,,90,0.9296937948,665.8804674,
🇧🇷,brahmaquente,0,1,8:07.405,8:11.357,30 Jul 2024,647,(V),468064970823174801,,,https://www.speedrun.com/mc/runs/meg6x50y,8,11,357,491357,491,0,410359,1.197383267,421494,1.165750877,-0.0005,0.7236,1.562885244,56.9388,78.6870,714.7273,1.86442,,,,,,,,,,,,,,,,,,,,,,,,,,,,,,,,,,,,,,,,,,,,,,,,,,,,,,,,,,,,,,,,,,,,,,,,,,,,,,,,,,647,0,0.000000001359784568,
🇩🇰,Bloopy,0,0,8:11.720,8:11.720,07 Mar 2026,62,(U),6328234340742294275,,,https://www.youtube.com/watch?v=_3NI29jbOy0,8,11,720,491720,492,1,410359,1.198267858,410359,1.198267858,-0.0005,0.9695,1.873566084,69.0814,71.2564,712.5643,1.87357,,,,,,,,,,,,,,,,,,,,,,,,,,,,,,,,,,,,,,,,,,,,,,,,,,,,,,,,,,,,,,,,,,,,,,,,,,,,,,,,,,62,0.9764489584,695.7826654,
🇺🇸,itsnahan,0,1,8:11.731,8:12.061,26 Sep 2024,589,(V),8580381741511547234,,,https://www.speedrun.com/mc/runs/ydl27rxz,8,12,61,492061,492,0,410359,1.199098838,421494,1.167421126,-0.0005,0.7449,1.577620273,58.3500,78.3322,710.5255,1.88219,,,,,,,,,,,,,,,,,,,,,,,,,,,,,,,,,,,,,,,,,,,,,,,,,,,,,,,,,,,,,,,,,,,,,,,,,,,,,,,,,,589,0.000000001335918322,0.000001046454533,
🇷🇴,tudorule,0,1,8:08.070,8:12.219,03 May 2025,370,(V),3079207861677416186,,,https://www.speedrun.com/mc/runs/y6jp6n0m,8,12,219,492219,492,0,410359,1.199483867,421494,1.167795983,-0.0005,0.8311,1.580944705,65.0357,78.2522,709.5786,1.88620,,,,,,,,,,,,,,,,,,,,,,,,,,,,,,,,,,,,,,,,,,,,,,,,,,,,,,,,,,,,,,,,,,,,,,,,,,,,,,,,,,370,0.006312017014,4.93929193,
🇦🇺,ParaFraser,0,1,8:10.103,8:12.481,05 Jul 2025,307,(V),-3856485852976638547,,,https://www.speedrun.com/mc/runs/y4nxdrdm,8,12,481,492481,492,0,410359,1.200122332,410359,1.200122332,-0.0005,0.8577,1.892869275,60.7257,70.8005,708.0052,1.89287,,,,,,,,,,,,,,,,,,,,,,,,,,,,,,,,,,,,,,,,,,,,,,,,,,,,,,,,,,,,,,,,,,,,,,,,,,,,,,,,,,307,0.05538512074,39.21295397,
🇳🇴,skycrab1,0,0,8:12.697,8:12.697,16 Jun 2025,326,(U),8459975692548252643,,,https://www.youtube.com/watch?v=snXcok9zxhU&list=PLU3_fvoJ1GyMStiA29z37DUPtG47PvOJz&index=130,8,12,697,492697,493,1,410359,1.2006487,410359,1.2006487,-0.0005,0.8496,1.898380935,60.0410,70.6705,706.7052,1.89838,,,,,,,,,,,,,,,,,,,,,,,,,,,,,,,,,,,,,,,,,,,,,,,,,,,,,,,--,,,,,,,,,,,,,,,,,,,,,,,,,,,326,0.03128559222,22.10968959,
🇺🇸,Infume,0,0,8:12.836,8:12.836,17 Jun 2025,325,(U),unknown,,,https://www.youtube.com/watch?v=IKZLFxXVutk,8,12,836,492836,493,1,410359,1.200987428,410359,1.200987428,-0.0005,0.8500,1.901935465,59.9998,70.5867,705.8672,1.90194,,,,,,,,,,,,,,,,,,,,,,,,,,,,,,,,,,,,,,,,,,,,,,,,,,,,,,,,,,,,,,,,,,,,,,,,,,,,,,,,,,,,,
🇹🇿,Kxpow,0,0,8:11.452,8:12.866,09 Nov 2024,545,(U),-4774790054232718199,,,https://www.youtube.com/watch?v=hPLiTXbLFJs,8,12,866,492866,493,1,410359,1.201060535,421494,1.169330999,-0.0005,0.7615,1.594625009,59.3362,77.9229,705.6862,1.90270,,,,,,,,,,,,,,,,,,,,,,,,,,,,,,,,,,,,,,,,,,,,,,,,,,,,,,,,,,,,,,,,,,,,,,,,,,,,,,,,,,,,,
🇨🇦,wethr,0,1,8:13.175,8:13.175,22 Dec 2024,502,(V),4556224492622948754,,,https://www.speedrun.com/mc/runs/y9p0o6vm,8,13,175,493175,493,0,410359,1.201813534,421494,1.170064105,-0.0005,0.7780,1.601196695,60.5027,77.7648,703.8188,1.91063,,,,,,,,,,,,,,,,,,,,,,,,,,,,,,,,,,,,,,,,,,,,,,,,,,,,,,,,,,,,,,,,,,,,,,,,,,,,,,,,,,502,0.000003205633587,0.002492853768,
🇺🇸,zylenox,0,0,8:11.111,8:13.283,16 Mar 2023,1149,(U),3386076644250915113,15,Yes,https://www.youtube.com/watch?v=t_huEH4IZxg,8,13,283,493283,493,0,410359,1.202076718,465828,1.058938063,-0.0005,0.5630,0.8465586261,53.6344,95.2677,703.1649,1.91341,,,,,,,,,,,,,,,,,,,,,,,,,,,,,,,,,,,,,,,,,,,,,,,,,,,,,,,--,,,,,,,,,,,,,,,,,,,,,,,,,,,1149,0,0,
🇦🇺,bigbigmongey,0,1,8:12.044,8:12.649,02 Jul 2024,675,(V),8478412829008933608,,,https://www.speedrun.com/mc/runs/z0dvl6ey,8,12,649,492649,493,1,410359,1.20053173,421494,1.168816163,-0.0005,0.7136,1.590024694,55.6811,78.0336,706.9943,1.89715,,,,,,,,,,,,,,,,,,,,,,,,,,,,,,,,,,,,,,,,,,,,,,,,,,,,,,,,,,,,,,,,,,,,,,,,,,,,,,,,,,675,0,0,
🇨🇦,MrBudgie,0,1,8:10.638,8:13.690,16 Aug 2024,630,(V),1320019232325394424,,,https://www.speedrun.com/mc/runs/yvx1dexz,8,13,690,493690,494,1,410359,1.203068533,421494,1.17128595,-0.0005,0.7298,1.612204547,56.5586,77.4999,700.6947,1.92391,,,,,,,,,,,,,,,,,,,,,,,,,,,,,,,,,,,,,,,,,,,,,,,,,,,,,,,,,,,,,,,,,,,,,,,,,,,,,,,,,,630,0,0.00000001071267858,
🇨🇦,Aquacorde,0,0,8:14.109,8:14.109,05 Jul 2025,307,(U),6586350975935929914,,,https://www.youtube.com/watch?v=G0Hp7oeSKuw,8,14,109,494109,494,0,410359,1.20408959,410359,1.20408959,-0.0005,0.8577,1.934769938,59.8797,69.8142,698.1420,1.93477,,,,,,,,,,,,,,,,,,,,,,,,,,,,,,,,,,,,,,,,,,,,,,,,,,,,,,,--,,,,,,,,,,,,,,,,,,,,,,,,,,,307,0.05538512074,38.66667981,
🇺🇸,Bloon,0,1,8:14.162,8:14.162,27 Oct 2025,193,(V),-960978816984086672,,,https://www.speedrun.com/mc/runs/z0k9kvjm,8,14,162,494162,494,0,410359,1.204218745,410359,1.204218745,-0.0005,0.9080,1.936148012,63.3626,69.7818,697.8184,1.93615,,,,,,,,,,,,,,,,,,,,,,,,,,,,,,,,,,,,,,,,,,,,,,,,,,,,,,,,,,,,,,,,,,,,,,,,,,,,,,,,,,193,0.4872852005,340.0365915,
🇨🇦,Jay12310,0,0,8:14.911,8:14.911,01 Dec 2025,158,(U),unknown,,,https://www.youtube.com/watch?v=DQen1iTu-So&list=PLaTJSsRuu2UcsiC6KEkJwrGp1GaGgPoVG&index=9,8,14,911,494911,495,1,410359,1.206043976,410359,1.206043976,-0.0005,0.9240,1.955718132,64.0571,69.3229,693.2288,1.95572,,,,,,,,,,,,,,,,,,,,,,,,,,,,,,,,,,,,,,,,,,,,,,,,,,,,,,,--,,,,,,,,,,,,,,,,,,,,,,,,,,,158,0.6740633375,467.2801479,
🇺🇸,doogile,1,1,8:10.241,8:15.537,06 Nov 2022,1279,(V),9153513292182018950,,,https://www.youtube.com/watch?v=8DYIvJETTDE,8,15,537,495537,496,1,410359,1.20756947,517884,0.9568494103,-0.0005,0.5276,0.467176738,53.8540,102.0821,689.3694,1.97221,,,,,,,,,,,,,,,,,,,,,,,,,,,,,,,,,,,,,,,,,,,,,,,,,,,,,,,--,,,,,,,,,,,,,,,,,,,,,,,,,,,1279,0,0,
🇩🇰,Bloopy,0,0,8:15.715,8:15.715,06 Apr 2026,32,(U),3795610833190711920,,,https://www.youtube.com/watch?v=Tk_-9crkNP0,8,15,715,495715,496,1,410359,1.208003236,410359,1.208003236,-0.0005,0.9841,1.976924004,67.7343,68.8268,688.2680,1.97692,,,,,,,,,,,,,,,,,,,,,,,,,,,,,,,,,,,,,,,,,,,,,,,,,,,,,,,,,,,,,,,,,,,,,,,,,,,,,,,,,,32,0.9967285628,686.016421,
🇨🇦,Aquacorde,0,0,8:16.080,8:16.080,19 Jul 2025,293,(U),-3413707190764289689,,,https://www.youtube.com/watch?v=ip7IP1Srx_o,8,16,80,496080,496,0,410359,1.208892701,410359,1.208892701,-0.0005,0.8637,1.986619387,59.2520,68.6004,686.0044,1.98662,,,,,,,,,,,,,,,,,,,,,,,,,,,,,,,,,,,,,,,,,,,,,,,,,,,,,,,--,,,,,,,,,,,,,,,,,,,,,,,,,,,293,0.08083253772,55.4514748,
🇧🇪,akbh,0,1,8:16.150,8:16.150,28 Oct 2025,192,(V),-494949671729861114,,,https://www.speedrun.com/mc/runs/y9w1kxrz,8,16,150,496150,496,0,410359,1.209063284,410359,1.209063284,-0.0005,0.9085,1.988483673,62.2815,68.5569,685.5694,1.98848,,,,,,,,,,,,,,,,,,,,,,,,,,,,,,,,,,,,,,,,,,,,,,,,,,,,,,,,,,,,,,,,,,,,,,,,,,,,,,,,,,192,0.4927325239,337.8023559,
🇬🇧,Mauvu,0,1,8:16.269,8:16.269,04 Jun 2025,338,(V),7577249546337144986,,,https://www.speedrun.com/mc/runs/yvl7e48z,8,16,269,496269,496,0,410359,1.209353274,421494,1.177404661,-0.0005,0.8445,1.668376254,64.3092,76.1499,684.8294,1.99166,,,,,,,,,,,,,,,,,,,,,,,,,,,,,,,,,,,,,,,,,,,,,,,,,,,,,,,,,,,,,,,,,,,,,,,,,,,,,,,,,,338,0.02103753197,16.02005308,
🇸🇰,NoFear1337,0,0,8:16.272,8:16.613,23 Apr 2026,15,(U),unknown,,,https://www.youtube.com/watch?v=NVqSAkRBd_4,8,16,613,496613,497,1,410359,1.210191564,410359,1.210191564,-0.0005,0.9925,2.000854402,67.7585,68.2686,682.6860,2.00085,,,,,,,,,,,,,,,,,,,,,,,,,,,,,,,,,,,,,,,,,,,,,,,,,,,,,,,,,,,,,,,,,,,,,,,,,,,,,,,,,,15,0.9996625569,682.4555853,
🇦🇷,TuCara9,0,1,8:17.207,8:17.713,26 Nov 2025,163,(V),7314274440218677457,,,https://www.speedrun.com/mc/runs/m326p64y,8,17,713,497713,498,1,410359,1.212872144,410359,1.212872144,-0.0005,0.9217,2.03052378,62.2898,67.5790,675.7898,2.03052,,,,,,,,,,,,,,,,,,,,,,,,,,,,,,,,,,,,,,,,,,,,,,,,,,,,,,,,,,,,,,,,,,,,,,,,,,,,,,,,,,163,0.6485120461,438.2577987,
🇨🇦,Aquacorde,0,0,8:17.895,8:17.895,12 Aug 2025,269,(U),-7262470716101336113,,,https://www.youtube.com/watch?v=ytYXAwlQPWg,8,17,895,497895,498,1,410359,1.213315658,410359,1.213315658,-0.0005,0.8742,2.035470782,58.9741,67.4643,674.6426,2.03547,,,,,,,,,,,,,,,,,,,,,,,,,,,,,,,,,,,,,,,,,,,,,,,,,,,,,,,--,,,,,,,,,,,,,,,,,,,,,,,,,,,269,0.1427713471,96.31963682,
🇮🇪,ContraVz,0,1,8:17.914,8:17.914,03 Apr 2025,400,(V),3844627486666536870,,,https://www.speedrun.com/mc/runs/y2n4p27y,8,17,914,497914,498,1,410359,1.213361959,421494,1.181307444,-0.0005,0.8187,1.705131399,61.6244,75.2682,674.5228,2.03599,,,,,,,,,,,,,,,,,,,,,,,,,,,,,,,,,,,,,,,,,,,,,,,,,,,,,,,,,,,,,,,,,,,,,,,,,,,,,,,,,,400,0.001661557273,1.250624675,
🇺🇸,Feinberg,0,1,8:15.802,8:18.453,23 Oct 2025,197,(V),-4568351362798030549,,,https://www.speedrun.com/mc/runs/zp5lnlny,8,18,453,498453,498,0,410359,1.214675443,410359,1.214675443,-0.0005,0.9062,2.050705749,60.8161,67.1115,671.1149,2.05071,,,,,,,,,,,,,,,,,,,,,,,,,,,,,,,,,,,,,,,,,,,,,,,,,,,,,,,,,,,,,,,,,,,,,,,,,,,,,,,,,,197,0.4655492908,312.4370627,
🇩🇪,jason_n,0,0,8:18.588,8:18.588,19 Aug 2025,262,(U),4176206987315611766,,,https://www.youtube.com/watch?v=GBSM3X1G7Rg,8,18,588,498588,499,1,410359,1.215004423,410359,1.215004423,-0.0005,0.8772,2.054407032,58.7963,67.0259,670.2590,2.05441,,,,,,,,,,,,,,,,,,,,,,,,,,,,,,,,,,,,,,,,,,,,,,,,,,,,,,,--,,,,,,,,,,,,,,,,,,,,,,,,,,,262,0.1655515255,110.9623994,
🇩🇰,Bloopy,0,0,8:18.601,8:18.601,02 Aug 2025,279,(U),121410886578867315,,,https://www.youtube.com/watch?v=EwXtlrbNI1o,8,18,601,498601,499,1,410359,1.215036103,410359,1.215036103,-0.0005,0.8698,2.054763769,58.2915,67.0177,670.1765,2.05476,,,,,,,,,,,,,,,,,,,,,,,,,,,,,,,,,,,,,,,,,,,,,,,,,,,,,,,--,,,,,,,,,,,,,,,,,,,,,,,,,,,279,0.1139763965,76.38430562,
🇺🇸,zylenox,0,0,8:17.546,8:18.731,15 Apr 2024,753,(U),3379831003145275556,,,https://www.youtube.com/watch?v=JDIyooRslEc,8,18,731,498731,499,1,410359,1.215352898,421494,1.183245788,-0.0005,0.6863,1.723658811,51.3490,74.8245,669.3514,2.05833,,,,,,,,,,,,,,,,,,,,,,,,,,,,,,,,,,,,,,,,,,,,,,,,,,,,,,,--,,,,,,,,,,,,,,,,,,,,,,,,,,,753,0,0,
🇳🇴,skycrab1,0,0,8:17.174,8:19.441,19 May 2024,719,(U),3087289280453736272,,,https://www.youtube.com/watch?v=82fZlnldpjc&list=PLU3_fvoJ1GyMStiA29z37DUPtG47PvOJz&index=21,8,19,441,499441,499,0,410359,1.217083091,421494,1.184930272,-0.0005,0.6980,1.739908312,51.9580,74.4357,664.8295,2.07793,,,,,,,,,,,,,,,,,,,,,,,,,,,,,,,,,,,,,,,,,,,,,,,,,,,,,,,--,,,,,,,,,,,,,,,,,,,,,,,,,,,719,0,0,
🇫🇮,sadekeppi,0,0,8:19.618,8:19.618,22 Mar 2026,47,(U),6063058172507802220,,,https://www.youtube.com/watch?v=jy9oRPGabRY,8,19,618,499618,500,1,410359,1.21751442,410359,1.21751442,-0.0005,0.9768,2.082845155,64.8283,66.3698,663.6982,2.08285,,,,,,,,,,,,,,,,,,,,,,,,,,,,,,,,,,,,,,,,,,,,,,,,,,,,,,,,,,,,,,,,,,,,,,,,,,,,,,,,,,,,,
🇳🇴,skycrab1,0,0,8:19.619,8:19.619,09 Oct 2024,576,(U),-7062641621573021177,,,https://www.youtube.com/watch?v=qIX6RDLk3Fw&list=PLU3_fvoJ1GyMStiA29z37DUPtG47PvOJz&index=79,8,19,619,499619,500,1,410359,1.217516857,421494,1.185352579,-0.0005,0.7498,1.744003915,55.7356,74.3378,663.6918,2.08287,,,,,,,,,,,,,,,,,,,,,,,,,,,,,,,,,,,,,,,,,,,,,,,,,,,,,,,--,,,,,,,,,,,,,,,,,,,,,,,,,,,576,0.000000005017682817,0.000003730033998,
🇭🇷,Mar1n,0,1,8:19.806,8:19.806,21 Oct 2024,564,(V),698532108666567657,,,https://www.speedrun.com/mc/runs/z1n66ojy,8,19,806,499806,500,1,410359,1.217972556,421494,1.185796239,-0.0005,0.7543,1.748316039,55.9933,74.2347,662.4949,2.08807,,,,,,,,,,,,,,,,,,,,,,,,,,,,,,,,,,,,,,,,,,,,,,,,,,,,,,,,,,,,,,,,,,,,,,,,,,,,,,,,,,564,0.00000001616181623,0.00001199767723,
🇺🇸,Reignex,0,1,8:19.298,8:19.817,24 Sep 2023,957,(U),-3985147101755228047,,,https://www.youtube.com/watch?v=P5dL8lNC1pw,8,19,817,499817,500,1,410359,1.217999362,465828,1.072964699,-0.0005,0.6197,0.9185930283,58.0891,93.7356,662.4245,2.08838,,,,,,,,,,,,,,,,,,,,,,,,,,,,,,,,,,,,,,,,,,,,,,,,,,,,,,,,,,,,,,,,,,,,,,,,,,,,,,,,,,,,,
🇺🇦,7rowl,0,1,8:17.517,8:20.033,31 May 2023,1073,(V),-3529659453233886563,,,https://www.speedrun.com/mc/runs/zqj4529m,8,20,33,500033,500,0,410359,1.21852573,465828,1.07342839,-0.0005,0.5848,0.9210725728,54.7844,93.6819,661.0397,2.09440,,,,,,,,,,,,,,,,,,,,,,,,,,,,,,,,,,,,,,,,,,,,,,,,,,,,,,,--,,,,,,,,,,,,,,,,,,,,,,,,,,,1073,0,0,
🇿🇦,Airpodsz,0,1,8:20.084,8:20.084,22 Jun 2025,320,(U),-4055965136463756680,,,https://www.youtube.com/watch?v=TTa_ZbIyFbM&list=PLjW0OIc7zcEcqLcQwe9V6NfJUy0AUDomQ&index=11,8,20,84,500084,500,0,410359,1.218650011,410359,1.218650011,-0.0005,0.8521,2.095827408,56.3022,66.0712,660.7124,2.09583,,,,,,,,,,,,,,,,,,,,,,,,,,,,,,,,,,,,,,,,,,,,,,,,,,,,,,,,,,,,,,,,,,,,,,,,,,,,,,,,,,,,,
🇳🇴,skycrab1,0,0,8:20.209,8:20.209,15 Dec 2024,509,(U),-6441503782371694371,,,https://www.youtube.com/watch?v=MBNYYvNrJZk&list=PLU3_fvoJ1GyMStiA29z37DUPtG47PvOJz&index=103,8,20,209,500209,500,0,410359,1.218954623,421494,1.186752362,-0.0005,0.7753,1.757641982,57.3817,74.0119,659.9096,2.09932,,,,,,,,,,,,,,,,,,,,,,,,,,,,,,,,,,,,,,,,,,,,,,,,,,,,,,,--,,,,,,,,,,,,,,,,,,,,,,,,,,,509,0.000001874398219,0.001387277751,
🇳🇴,skycrab1,0,0,8:20.575,8:20.575,29 Aug 2024,617,(U),6341036276828892777,,,https://www.youtube.com/watch?v=mUhBdkUS4Xo&list=PLU3_fvoJ1GyMStiA29z37DUPtG47PvOJz&index=61,8,20,575,500575,501,1,410359,1.219846525,421494,1.187620702,-0.0005,0.7345,1.76615085,54.2161,73.8087,657.5547,2.10958,,,,,,,,,,,,,,,,,,,,,,,,,,,,,,,,,,,,,,,,,,,,,,,,,,,,,,,--,,,,,,,,,,,,,,,,,,,,,,,,,,,617,0,0.00000004647045945,
🇺🇸,doogile,0,0,8:20.954,8:20.954,22 Sep 2024,593,(U),5840096564526051748,,,https://www.youtube.com/watch?v=GqY9MGcuvWk,8,20,954,500954,501,1,410359,1.220770106,421494,1.188519884,-0.0005,0.7434,1.775001374,54.7136,73.5976,655.1091,2.12026,,,,,,,,,,,,,,,,,,,,,,,,,,,,,,,,,,,,,,,,,,,,,,,,,,,,,,,--,,,,,,,,,,,,,,,,,,,,,,,,,,,593,0.0000000008785171382,0.0000006465672203,
🇹🇿,Kxpow,0,1,8:19.128,8:20.966,05 Dec 2023,885,(V),-207017292191506931,,,https://www.speedrun.com/mc/runs/z5ke9xjz,8,20,966,500966,501,1,410359,1.220799349,465828,1.075431275,-0.0005,0.6424,0.9318569318,60.0336,93.4479,655.0316,2.12060,,,,,,,,,,,,,,,,,,,,,,,,,,,,,,,,,,,,,,,,,,,,,,,,,,,,,,,,,,,,,,,,,,,,,,,,,,,,,,,,,,885,0,0,
🇹🇿,Kxpow,0,1,8:19.488,8:21.011,09 Jan 2024,850,(V),4490097923820258206,,,https://www.speedrun.com/mc/runs/y8kg0e1y,8,21,11,501011,501,0,410359,1.220909009,421494,1.188655117,-0.0005,0.6538,1.776335935,48.0951,73.5657,654.7407,2.12187,,,,,,,,,,,,,,,,,,,,,,,,,,,,,,,,,,,,,,,,,,,,,,,,,,,,,,,,,,,,,,,,,,,,,,,,,,,,,,,,,,850,0,0,
🇺🇦,dinonuggieboi,0,1,8:20.213,8:21.405,23 Dec 2024,501,(V),2194551805406621364,,,https://www.speedrun.com/mc/runs/zpk476gy,8,21,405,501405,501,0,410359,1.221869144,421494,1.189589887,-0.0005,0.7784,1.785585745,57.0927,73.3452,652.1899,2.13303,,,,,,,,,,,,,,,,,,,,,,,,,,,,,,,,,,,,,,,,,,,,,,,,,,,,,,,,,,,,,,,,,,,,,,,,,,,,,,,,,,501,0.000003456859293,0.0025354405,
🇫🇮,AndrewCrow,0,1,8:19.952,8:21.407,19 Oct 2025,201,(V),4078753902684247139,,,https://www.speedrun.com/mc/runs/yw580r9y,8,21,407,501407,501,0,410359,1.221874018,410359,1.221874018,-0.0005,0.9044,2.133082554,58.9819,65.2177,652.1769,2.13308,,,,,,,,,,,,,,,,,,,,,,,,,,,,,,,,,,,,,,,,,,,,,,,,,,,,,,,,,,,,,,,,,,,,,,,,,,,,,,,,,,201,0.4439425575,289.5290999,
🇳🇴,skycrab1,0,0,8:22.065,8:22.065,06 Mar 2026,63,(U),unknown,,,https://www.youtube.com/watch?v=WR8_NH2aZTo&list=PLU3_fvoJ1GyMStiA29z37DUPtG47PvOJz&index=171,8,22,65,502065,502,0,410359,1.223477492,410359,1.223477492,-0.0005,0.9690,2.151832444,62.7809,64.7900,647.9002,2.15183,,,,,,,,,,,,,,,,,,,,,,,,,,,,,,,,,,,,,,,,,,,,,,,,,,,,,,,,,,,,,,,,,,,,,,,,,,,,,,,,,,63,0.9753053281,631.9005253,
🇺🇸,Feinberg,0,1,8:21.322,8:22.104,21 Oct 2025,199,(V),8513141949686627238,,,https://www.speedrun.com/mc/runs/yw58n63y,8,22,104,502104,502,0,410359,1.22357253,410359,1.22357253,-0.0005,0.9053,2.152948396,58.6307,64.7646,647.6461,2.15295,,,,,,,,,,,,,,,,,,,,,,,,,,,,,,,,,,,,,,,,,,,,,,,,,,,,,,,,,,,,,,,,,,,,,,,,,,,,,,,,,,,,,
🇩🇪,jason_n,0,0,8:22.273,8:22.273,02 Feb 2026,95,(U),7995908203394493910,,,https://www.youtube.com/watch?v=JHDFp57LuTQ,8,22,273,502273,502,0,410359,1.223984365,410359,1.223984365,-0.0005,0.9536,2.157790205,61.6551,64.6544,646.5440,2.15779,,,,,,,,,,,,,,,,,,,,,,,,,,,,,,,,,,,,,,,,,,,,,,,,,,,,,,,--,,,,,,,,,,,,,,,,,,,,,,,,,,,95,0.9178351313,593.4207989,
🇳🇴,skycrab1,0,0,8:22.292,8:22.292,10 Dec 2024,514,(U),7706444672099891654,,,https://www.youtube.com/watch?v=VKGDkYwS24I&list=PLU3_fvoJ1GyMStiA29z37DUPtG47PvOJz&index=101,8,22,292,502292,502,0,410359,1.224030666,421494,1.191694306,-0.0005,0.7734,1.806569797,56.3364,72.8455,646.4200,2.15834,,,,,,,,,,,,,,,,,,,,,,,,,,,,,,,,,,,,,,,,,,,,,,,,,,,,,,,--,,,,,,,,,,,,,,,,,,,,,,,,,,,514,0.000001265966875,0.0009222001709,
🇫🇮,Cube1337x,0,1,8:23.352,8:23.352,29 Feb 2024,799,(V),5421616656737029560,,,https://www.speedrun.com/mc/runs/yvl3g1ez,8,23,352,503352,503,0,410359,1.22661377,421494,1.19420917,-0.0005,0.6707,1.831939897,48.4499,72.2426,639.4761,2.18893,,,,,,,,,,,,,,,,,,,,,,,,,,,,,,,,,,,,,,,,,,,,,,,,,,,,,,,--,,,,,,,,,,,,,,,,,,,,,,,,,,,799,0,0,
🇿🇦,Airpodsz,0,1,8:23.804,8:23.804,13 Jun 2025,329,(U),-6210122066414894256,,,https://www.youtube.com/watch?v=ZR9aV6-3rnQ&list=PLjW0OIc7zcEcqLcQwe9V6NfJUy0AUDomQ&index=13,8,23,804,503804,504,1,410359,1.227715244,410359,1.227715244,-0.0005,0.8483,2.20210083,53.9954,63.6499,636.4994,2.20210,,,,,,,,,,,,,,,,,,,,,,,,,,,,,,,,,,,,,,,,,,,,,,,,,,,,,,,,,,,,,,,,,,,,,,,,,,,,,,,,,,,,,
,lowkey,0,1,8:22.028,8:23.880,22 May 2023,1082,(V),9002087332504975257,,Yes,https://www.youtube.com/watch?v=jFKZ4TUPdmo,8,23,880,503880,504,1,410359,1.227900448,465828,1.081686803,-0.0005,0.5822,0.9663247505,53.9627,92.6930,635.9980,2.20432,,,,,,,,,,,,,,,,,,,,,,,,,,,,,,,,,,,,,,,,,,,,,,,,,,,,,,,--,,,,,,,,,,,,,,,,,,,,,,,,,,,1082,0,0,
🇦🇺,Erikfzf,0,1,8:24.041,8:24.041,20 Nov 2024,534,(V),-6796941207508613900,,,https://www.speedrun.com/mc/runs/y8p52pnz,8,24,41,504041,504,0,410359,1.228292788,421494,1.195843832,-0.0005,0.7657,1.848603239,55.0116,71.8473,634.9349,2.20903,,,,,,,,,,,,,,,,,,,,,,,,,,,,,,,,,,,,,,,,,,,,,,,,,,,,,,,,,,,,,,,,,,,,,,,,,,,,,,,,,,,,,
🇮🇹,Ale267,0,0,8:24.141,8:24.141,13 Jun 2025,329,(V),8802496130484979857,,,https://www.speedrun.com/mc/runs/zng0o67m,8,24,141,504141,504,0,410359,1.228536477,410359,1.228536477,-0.0005,0.8483,2.211963432,53.8066,63.4274,634.2740,2.21196,,,,,,,,,,,,,,,,,,,,,,,,,,,,,,,,,,,,,,,,,,,,,,,,,,,,,,,,,,,,,,,,,,,,,,,,,,,,,,,,,,,,,
🇳🇴,skycrab1,0,0,8:24.266,8:24.266,25 Jan 2025,468,(U),-2192530939169664687,,,https://www.youtube.com/watch?v=G-ri7QuIsdY&list=PLU3_fvoJ1GyMStiA29z37DUPtG47PvOJz&index=110,8,24,266,504266,504,0,410359,1.228841088,421494,1.196377647,-0.0005,0.7914,1.854074502,56.7547,71.7177,633.4472,2.21563,,,,,,,,,,,,,,,,,,,,,,,,,,,,,,,,,,,,,,,,,,,,,,,,,,,,,,,--,,,,,,,,,,,,,,,,,,,,,,,,,,,468,0.00003534607515,0.02534939421,
🇦🇺,Erikfzf,0,1,8:24.756,8:24.826,02 Jan 2024,857,(V),3735207518751547870,,,https://www.speedrun.com/mc/runs/m73or65y,8,24,826,504826,505,1,410359,1.230205747,446254,1.131252605,-0.0005,0.6515,1.285460671,55.5976,85.3397,629.7348,2.23213,,,,,,,,,,,,,,,,,,,,,,,,,,,,,,,,,,,,,,,,,,,,,,,,,,,,,,,,,,,,,,,,,,,,,,,,,,,,,,,,,,,,,
🇦🇺,retropog,0,1,8:25.491,8:25.491,12 Aug 2025,269,(V),-6648406379191052807,,,https://www.speedrun.com/mc/runs/yljj7rkm,8,25,491,505491,505,0,410359,1.231826279,410359,1.231826279,-0.0005,0.8742,2.251871125,54.6615,62.5308,625.3084,2.25187,,,,,,,,,,,,,,,,,,,,,,,,,,,,,,,,,,,,,,,,,,,,,,,,,,,,,,,,,,,,,,,,,,,,,,,,,,,,,,,,,,,,,
🇨🇦,Jay12310,0,0,8:26.738,8:26.738,24 Nov 2025,165,(U),unknown,,,https://www.youtube.com/watch?v=fEau7iO9TJQ&list=PLaTJSsRuu2UcsiC6KEkJwrGp1GaGgPoVG&index=8,8,26,738,506738,507,1,410359,1.234865082,410359,1.234865082,-0.0005,0.9208,2.289306547,56.8101,61.6957,616.9569,2.28931,,,,,,,,,,,,,,,,,,,,,,,,,,,,,,,,,,,,,,,,,,,,,,,,,,,,,,,--,,,,,,,,,,,,,,,,,,,,,,,,,,,165,0.6381304816,393.6990307,
🇹🇿,Kxpow,0,0,8:24.614,8:26.794,16 Feb 2025,446,(U),5461458107701865257,,,https://www.youtube.com/watch?v=tlAI3ivGJ7E,8,26,794,506794,507,1,410359,1.235001547,421494,1.20237536,-0.0005,0.8001,1.916563061,56.2018,70.2422,616.5804,2.29100,,,,,,,,,,,,,,,,,,,,,,,,,,,,,,,,,,,,,,,,,,,,,,,,,,,,,,,,,,,,,,,,,,,,,,,,,,,,,,,,,,,,,
🇺🇸,zylenox,0,0,8:24.513,8:26.865,22 Apr 2023,1112,(U),2931282686903167782,12,Yes,https://www.youtube.com/watch?v=MBJI6KWkH2Q,8,26,865,506865,507,1,410359,1.235174567,465828,1.088094747,-0.0005,0.5735,1.002894487,52.6938,91.8813,616.1027,2.29315,,,,,,,,,,,,,,,,,,,,,,,,,,,,,,,,,,,,,,,,,,,,,,,,,,,,,,,--,,,,,,,,,,,,,,,,,,,,,,,,,,,1112,0,0,
🇷🇸,skylewl,0,1,8:26.341,8:26.935,22 May 2025,351,(V),-1265497981289572825,,,https://www.speedrun.com/mc/runs/zpolr1nm,8,26,935,506935,507,1,410359,1.235345149,421494,1.202709884,-0.0005,0.8390,1.920103839,58.8659,70.1589,615.6316,2.29527,,,,,,,,,,,,,,,,,,,,,,,,,,,,,,,,,,,,,,,,,,,,,,,,,,,,,,,,,,,,,,,,,,,,,,,,,,,,,,,,,,,,,
🇨🇦,Jay12310,0,1,8:26.957,8:26.957,07 May 2024,731,(V),608766675105077046,,,https://www.speedrun.com/mc/runs/y22k556y,8,26,957,506957,507,1,410359,1.235398761,421494,1.20276208,-0.0005,0.6938,1.920656834,48.6707,70.1459,615.4835,2.29594,,,,,,,,,,,,,,,,,,,,,,,,,,,,,,,,,,,,,,,,,,,,,,,,,,,,,,,--,,,,,,,,,,,,,,,,,,,,,,,,,,,731,0,0,
🇿🇦,Airpodsz,0,0,8:26.899,8:27.143,10 Oct 2025,210,(U),8562500061980624537,,,https://www.youtube.com/watch?v=imhzoxbMZqY&list=PLjW0OIc7zcEcqLcQwe9V6NfJUy0AUDomQ&index=9,8,27,143,507143,507,0,410359,1.235852022,410359,1.235852022,-0.0005,0.9003,2.301584263,55.3007,61.4231,614.2306,2.30158,,,,,,,,,,,,,,,,,,,,,,,,,,,,,,,,,,,,,,,,,,,,,,,,,,,,,,,,,,,,,,,,,,,,,,,,,,,,,,,,,,,,,
🇫🇮,sadekeppi,0,0,8:26.965,8:27.444,01 Jan 2026,127,(U),unknown,,,https://www.youtube.com/watch?v=sHGcb5u_PzY,8,27,444,507444,507,0,410359,1.236585526,410359,1.236585526,-0.0005,0.9385,2.310747371,57.4534,61.2200,612.1999,2.31075,,,,,,,,,,,,,,,,,,,,,,,,,,,,,,,,,,,,,,,,,,,,,,,,,,,,,,,,,,,,,,,,,,,,,,,,,,,,,,,,,,,,,
🇺🇸,zylenox,0,1,8:25.432,8:27.473,17 Dec 2022,1238,(V),-4934318869749955,12,Yes,https://www.speedrun.com/mc/run/yln0kekz,8,27,473,507473,507,0,410359,1.236656196,495537,1.024087001,-0.0005,0.5385,0.6906469667,52.9703,98.3696,612.0041,2.31163,,,,,,,,,,,,,,,,,,,,,,,,,,,,,,,,,,,,,,,,,,,,,,,,,,,,,,,--,,,,,,,,,,,,,,,,,,,,,,,,,,,1238,0,0,
🇹🇿,Kxpow,0,0,8:25.252,8:27.555,05 Dec 2024,519,(U),3327219662586290997,,,https://www.youtube.com/watch?v=7kGjbwncYQI,8,27,555,507555,508,1,410359,1.236856021,421494,1.204180842,-0.0005,0.7714,1.935743503,53.8396,69.7913,611.4502,2.31413,,,,,,,,,,,,,,,,,,,,,,,,,,,,,,,,,,,,,,,,,,,,,,,,,,,,,,,,,,,,,,,,,,,,,,,,,,,,,,,,,,,,,
🇺🇸,meebie,0,0,8:27.708,8:28.050,19 Apr 2024,749,(U),-2948925549180981634,,,https://www.youtube.com/watch?v=bnxMyi5w0lE&list=PLaTJSsRuu2Ufk7cX7bUTt9V-IJxa8wqSM&index=13,8,28,50,508050,508,0,410359,1.238062282,421494,1.205355236,-0.0005,0.6876,1.948312568,47.7880,69.4964,608.1006,2.32929,,,,,,,,,,,,,,,,,,,,,,,,,,,,,,,,,,,,,,,,,,,,,,,,,,,,,,,--,,,,,,,,,,,,,,,,,,,,,,,,,,,749,0,0,
🇳🇴,skycrab1,0,0,8:27.992,8:28.114,07 Feb 2026,90,(U),unknown,,,https://www.youtube.com/watch?v=h2JcBageD9o&list=PLU3_fvoJ1GyMStiA29z37DUPtG47PvOJz&index=165,8,28,114,508114,508,0,410359,1.238218243,410359,1.238218243,-0.0005,0.9560,2.331261093,58.0928,60.7667,607.6668,2.33126,,,,,,,,,,,,,,,,,,,,,,,,,,,,,,,,,,,,,,,,,,,,,,,,,,,,,,,,,,,,,,,,,,,,,,,,,,,,,,,,,,90,0.9296937948,564.9440439,
🇨🇦,Aquacorde,0,0,8:28.191,8:28.191,21 Sep 2025,229,(U),-1431734441306868324,,,https://www.youtube.com/watch?v=Sr-fxjtImKM,8,28,191,508191,508,0,410359,1.238405884,410359,1.238405884,-0.0005,0.8918,2.333629059,54.1459,60.7145,607.1447,2.33363,,,,,,,,,,,,,,,,,,,,,,,,,,,,,,,,,,,,,,,,,,,,,,,,,,,,,,,--,,,,,,,,,,,,,,,,,,,,,,,,,,,229,0.3009235901,182.7041548,
🇳🇴,skycrab1,0,0,8:27.909,8:28.430,05 Dec 2025,154,(U),see video,,,https://www.youtube.com/watch?v=whjGQXRNxTo&list=PLU3_fvoJ1GyMStiA29z37DUPtG47PvOJz&index=150,8,28,430,508430,508,0,410359,1.2389883,410359,1.2389883,-0.0005,0.9259,2.340992703,56.0647,60.5523,605.5226,2.34099,,,,,,,,,,,,,,,,,,,,,,,,,,,,,,,,,,,,,,,,,,,,,,,,,,,,,,,--,,,,,,,,,,,,,,,,,,,,,,,,,,,154,0.6940395025,420.2565984,
🇨🇦,Aquacorde,0,0,8:28.441,8:28.441,16 Oct 2025,204,(U),7318195485466118347,,,https://www.youtube.com/watch?v=RrhnX7u9LCk,8,28,441,508441,508,0,410359,1.239015106,410359,1.239015106,-0.0005,0.9030,2.341332116,54.6737,60.5448,605.4479,2.34133,,,,,,,,,,,,,,,,,,,,,,,,,,,,,,,,,,,,,,,,,,,,,,,,,,,,,,,--,,,,,,,,,,,,,,,,,,,,,,,,,,,204,0.4278569364,259.0450757,
🇳🇴,skycrab1,0,0,8:28.504,8:28.504,25 May 2025,348,(U),4268670771735988776,,,https://www.youtube.com/watch?v=CTzti8oVBRg&list=PLU3_fvoJ1GyMStiA29z37DUPtG47PvOJz&index=126,8,28,504,508504,509,1,410359,1.23916863,421494,1.206432357,-0.0005,0.8403,1.959905341,58.1694,69.2248,605.0199,2.34328,,,,,,,,,,,,,,,,,,,,,,,,,,,,,,,,,,,,,,,,,,,,,,,,,,,,,,,--,,,,,,,,,,,,,,,,,,,,,,,,,,,348,0.01478090402,10.23205528,
🇭🇺,fe666,0,1,8:27.472,8:28.669,04 Jun 2025,338,(V),6672725285728588092,,,https://www.speedrun.com/mc/runs/y8gv7gxz,8,28,669,508669,509,1,410359,1.239570717,421494,1.206823822,-0.0005,0.8445,1.964133986,58.3774,69.1259,603.8983,2.34838,,,,,,,,,,,,,,,,,,,,,,,,,,,,,,,,,,,,,,,,,,,,,,,,,,,,,,,,,,,,,,,,,,,,,,,,,,,,,,,,,,,,,
🇫🇮,AndrewCrow,0,1,8:27.109,8:28.982,12 Jun 2025,330,(V),-4964328459581115875,,,https://www.speedrun.com/mc/runs/y6j9rnjm,8,28,982,508982,509,1,410359,1.240333464,410359,1.240333464,-0.0005,0.8479,2.358079521,51.0235,60.1768,601.7677,2.35808,,,,,,,,,,,,,,,,,,,,,,,,,,,,,,,,,,,,,,,,,,,,,,,,,,,,,,,,,,,,,,,,,,,,,,,,,,,,,,,,,,330,0.02749640528,16.54644846,
🇫🇮,sadekeppi,0,1,8:29.360,8:29.360,18 Jan 2025,475,(V),-3537755011442785569,,,https://www.speedrun.com/mc/runs/y4j787qy,8,29,360,509360,509,0,410359,1.241254609,421494,1.208463228,-0.0005,0.7886,1.981932684,54.1844,68.7098,599.1897,2.36984,,,,,,,,,,,,,,,,,,,,,,,,,,,,,,,,,,,,,,,,,,,,,,,,,,,,,,,,,,,,,,,,,,,,,,,,,,,,,,,,,,475,0.0000221607578,0.01522661843,
🇬🇧,priffie,0,0,8:26.220,8:29.674,06 Jan 2024,853,(U),2398058020999821172,12,Yes,https://www.youtube.com/watch?v=sPSq_jhIyhY,8,29,674,509674,510,1,410359,1.242019792,421494,1.209208198,-0.0005,0.6528,1.99006867,44.7291,68.5200,597.0440,2.37966,,,,,,,,,,,,,,,,,,,,,,,,,,,,,,,,,,,,,,,,,,,,,,,,,,,,,,,--,,,,,,,,,,,,,,,,,,,,,,,,,,,853,0,0,
🇳🇴,skycrab1,0,0,8:27.951,8:29.783,18 May 2024,720,(U),2517517963886160862,,,https://www.youtube.com/watch?v=Hd2X1E-Ms7c&list=PLU3_fvoJ1GyMStiA29z37DUPtG47PvOJz&index=24,8,29,783,509783,510,1,410359,1.242285414,421494,1.209466801,-0.0005,0.6977,1.992899986,47.7587,68.4540,596.2983,2.38307,,,,,,,,,,,,,,,,,,,,,,,,,,,,,,,,,,,,,,,,,,,,,,,,,,,,,,,--,,,,,,,,,,,,,,,,,,,,,,,,,,,720,0,0,
🇳🇴,skycrab1,0,0,8:29.901,8:29.901,06 Mar 2026,63,(U),unknown,,,https://www.youtube.com/watch?v=HUVPQIRwcK0&list=PLU3_fvoJ1GyMStiA29z37DUPtG47PvOJz&index=170,8,29,901,509901,510,1,410359,1.242572967,410359,1.242572967,-0.0005,0.9690,2.386774341,57.7025,59.5491,595.4906,2.38677,,,,,,,,,,,,,,,,,,,,,,,,,,,,,,,,,,,,,,,,,,,,,,,,,,,,,,,,,,,,,,,,,,,,,,,,,,,,,,,,,,63,0.9753053281,580.7851508,
🇫🇮,AndrewCrow,0,0,8:28.900,8:29.924,25 Jan 2026,103,(U),unknown,,,https://www.youtube.com/watch?v=p-jx69uoxuQ,8,29,924,509924,510,1,410359,1.242629015,410359,1.242629015,-0.0005,0.9498,2.387496482,56.5450,59.5333,595.3331,2.38750,,,,,,,,,,,,,,,,,,,,,,,,,,,,,,,,,,,,,,,,,,,,,,,,,,,,,,,,,,,,,,,,,,,,,,,,,,,,,,,,,,103,0.8964859125,533.7077309,
🇺🇸,21MashedPotatoes,0,1,8:28.630,8:30.606,18 Mar 2025,416,(V),-1787025825846103322,,,https://www.speedrun.com/mc/runs/zn9gdp9y,8,30,606,510606,511,1,410359,1.244290974,421494,1.21141938,-0.0005,0.8122,2.014395317,55.1923,67.9535,590.6540,2.40900,,,,,,,,,,,,,,,,,,,,,,,,,,,,,,,,,,,,,,,,,,,,,,,,,,,,,,,,,,,,,,,,,,,,,,,,,,,,,,,,,,,,,
🇮🇹,Tiger,0,1,8:30.448,8:30.666,17 Nov 2025,172,(V),6903870760878118513,,,https://www.speedrun.com/mc/runs/zn50x99z,8,30,666,510666,511,1,410359,1.244437188,410359,1.244437188,-0.0005,0.9176,2.410898496,54.1602,59.0242,590.2416,2.41090,,,,,,,,,,,,,,,,,,,,,,,,,,,,,,,,,,,,,,,,,,,,,,,,,,,,,,,,,,,,,,,,,,,,,,,,,,,,,,,,,,,,,
🇺🇦,7rowl,0,0,8:31.022,8:31.022,29 Aug 2023,983,(U),-849877744345333161,,,https://www.youtube.com/watch?v=rao2ee_878E,8,31,22,511022,511,0,410359,1.245304721,465828,1.097018642,-0.0005,0.6117,1.056022379,55.4725,90.6845,587.7917,2.42220,,,,,,,,,,,,,,,,,,,,,,,,,,,,,,,,,,,,,,,,,,,,,,,,,,,,,,,--,,,,,,,,,,,,,,,,,,,,,,,,,,,983,0,0,
🇿🇦,Airpodsz,0,0,8:31.022,8:31.022,11 Dec 2025,148,(U),5299065848782546350,,,https://www.youtube.com/watch?v=wQtm-GDFqBc&list=PLjW0OIc7zcEcqLcQwe9V6NfJUy0AUDomQ&index=7,8,31,22,511022,511,0,410359,1.245304721,410359,1.245304721,-0.0005,0.9287,2.422199066,54.5866,58.7792,587.7917,2.42220,,,,,,,,,,,,,,,,,,,,,,,,,,,,,,,,,,,,,,,,,,,,,,,,,,,,,,,,,,,,,,,,,,,,,,,,,,,,,,,,,,,,,
🇳🇴,skycrab1,0,0,8:30.987,8:31.085,08 Dec 2025,151,(U),unknown,,,https://www.youtube.com/watch?v=tLfXiUo2Dw0&list=PLU3_fvoJ1GyMStiA29z37DUPtG47PvOJz&index=157,8,31,85,511085,511,0,410359,1.245458245,410359,1.245458245,-0.0005,0.9273,2.42420381,54.4645,58.7358,587.3577,2.42420,,,,,,,,,,,,,,,,,,,,,,,,,,,,,,,,,,,,,,,,,,,,,,,,,,,,,,,--,,,,,,,,,,,,,,,,,,,,,,,,,,,151,0.708719754,416.2719963,
🇳🇴,skycrab1,0,0,8:28.790,8:31.168,21 Oct 2025,199,(U),see video,,,https://www.youtube.com/watch?v=gGs-3BbCEWA&list=PLU3_fvoJ1GyMStiA29z37DUPtG47PvOJz&index=144,8,31,168,511168,511,0,410359,1.245660507,410359,1.245660507,-0.0005,0.9053,2.426847246,53.1211,58.6786,586.7857,2.42685,,,,,,,,,,,,,,,,,,,,,,,,,,,,,,,,,,,,,,,,,,,,,,,,,,,,,,,--,,,,,,,,,,,,,,,,,,,,,,,,,,,199,0.4547261543,266.8267985,
🇿🇦,Airpodsz,0,0,8:31.428,8:31.428,26 Jan 2026,102,(U),-8578498424150323071,,,https://www.youtube.com/watch?v=GUFzoqNHpYY&list=PLjW0OIc7zcEcqLcQwe9V6NfJUy0AUDomQ&index=6,8,31,428,511428,511,0,410359,1.246294099,410359,1.246294099,-0.0005,0.9503,2.435144576,55.5906,58.4992,584.9923,2.43514,,,,,,,,,,,,,,,,,,,,,,,,,,,,,,,,,,,,,,,,,,,,,,,,,,,,,,,,,,,,,,,,,,,,,,,,,,,,,,,,,,,,,
🇺🇸,doogile,0,0,8:31.156,8:31.904,27 Jan 2024,832,(U),-4987550100545669891,,,https://www.youtube.com/watch?v=K9wU6ilEDcc,8,31,904,511904,512,1,410359,1.247454059,421494,1.214498902,-0.0005,0.6597,2.048722003,44.3024,67.1574,581.7030,2.45040,,,,,,,,,,,,,,,,,,,,,,,,,,,,,,,,,,,,,,,,,,,,,,,,,,,,,,,--,,,,,,,,,,,,,,,,,,,,,,,,,,,832,0,0,
🇸🇰,NoFear1337,0,0,8:32.422,8:32.422,14 Jul 2024,663,(U),unknown,,,https://www.youtube.com/watch?v=yw7-yaW4Nfk&list=PLaTJSsRuu2UeeWabBBfNVWALvnefBoL2C&index=21,8,32,422,512422,512,0,410359,1.248716368,421494,1.215727863,-0.0005,0.7178,2.062567475,47.9789,66.8374,578.1149,2.46710,,,,,,,,,,,,,,,,,,,,,,,,,,,,,,,,,,,,,,,,,,,,,,,,,,,,,,,--,,,,,,,,,,,,,,,,,,,,,,,,,,,663,0,0.0000000001472959245,
🇹🇿,Kxpow,0,0,8:32.528,8:32.704,14 Apr 2025,389,(U),-7350225453272074548,,,https://www.youtube.com/watch?v=pNjykng4Vlo,8,32,704,512704,513,1,410359,1.249403571,421494,1.216396912,-0.0005,0.8232,2.070140355,54.8797,66.6626,576.1577,2.47623,,,,,,,,,,,,,,,,,,,,,,,,,,,,,,,,,,,,,,,,,,,,,,,,,,,,,,,,,,,,,,,,,,,,,,,,,,,,,,,,,,,,,
🇨🇦,Aquacorde,0,0,8:32.755,8:32.755,08 Jul 2025,304,(U),4813852831291424591,,,https://www.youtube.com/watch?v=9t2wFDDYuWw,8,32,755,512755,513,1,410359,1.249527852,410359,1.249527852,-0.0005,0.8590,2.47788908,49.4608,57.5803,575.8035,2.47789,,,,,,,,,,,,,,,,,,,,,,,,,,,,,,,,,,,,,,,,,,,,,,,,,,,,,,,--,,,,,,,,,,,,,,,,,,,,,,,,,,,304,0.0602383311,34.68544097,
🇺🇦,7rowl,0,0,8:30.604,8:32.840,28 Aug 2023,984,(U),-3689619904496856440,,,https://www.youtube.com/watch?v=fDjrOqatTAs,8,32,840,512840,513,1,410359,1.249734988,465828,1.10092137,-0.0005,0.6114,1.080085847,55.1095,90.1363,575.2129,2.48065,,,,,,,,,,,,,,,,,,,,,,,,,,,,,,,,,,,,,,,,,,,,,,,,,,,,,,,--,,,,,,,,,,,,,,,,,,,,,,,,,,,984,0,0,
🇷🇺,aleen,0,1,8:31.570,8:33.119,20 Jun 2025,322,(V),5001642787122467207,,,https://www.speedrun.com/mc/runs/y9ell6nz,8,33,119,513119,513,0,410359,1.250414881,410359,1.250414881,-0.0005,0.8513,2.489730564,48.8023,57.3273,573.2728,2.48973,,,,,,,,,,,,,,,,,,,,,,,,,,,,,,,,,,,,,,,,,,,,,,,,,,,,,,,,,,,,,,,,,,,,,,,,,,,,,,,,,,,,,
🇳🇴,skycrab1,0,0,8:33.231,8:33.231,23 May 2025,350,(U),4058006226311107449,,,https://www.youtube.com/watch?v=Gqyss7R7ZB0&list=PLU3_fvoJ1GyMStiA29z37DUPtG47PvOJz&index=125,8,33,231,513231,513,0,410359,1.250687812,421494,1.217647226,-0.0005,0.8395,2.084359666,55.6853,66.3350,572.4933,2.49338,,,,,,,,,,,,,,,,,,,,,,,,,,,,,,,,,,,,,,,,,,,,,,,,,,,,,,,--,,,,,,,,,,,,,,,,,,,,,,,,,,,350,0.01373923047,9.113912976,
🇳🇴,skycrab1,0,1,8:31.860,8:33.243,12 Jan 2024,847,(V),8794223043069861926,,,https://www.speedrun.com/mc/runs/zxw0jlqm,8,33,243,513243,513,0,410359,1.250717055,421494,1.217675696,-0.0005,0.6548,2.084684467,43.4280,66.3275,572.4098,2.49378,,,,,,,,,,,,,,,,,,,,,,,,,,,,,,,,,,,,,,,,,,,,,,,,,,,,,,,--,,,,,,,,,,,,,,,,,,,,,,,,,,,847,0,0,
🇿🇦,Airpodsz,0,0,8:33.474,8:33.474,30 Jan 2026,98,(U),3992068236416817288,,,https://www.youtube.com/watch?v=QdzeaYNQyw8&list=PLjW0OIc7zcEcqLcQwe9V6NfJUy0AUDomQ&index=5,8,33,474,513474,513,0,410359,1.251279977,410359,1.251279977,-0.0005,0.9522,2.501327913,54.3506,57.0801,570.8007,2.50133,,,,,,,,,,,,,,,,,,,,,,,,,,,,,,,,,,,,,,,,,,,,,,,,,,,,,,,,,,,,,,,,,,,,,,,,,,,,,,,,,,,,,
🇺🇸,meebie,0,0,8:33.573,8:33.573,04 Dec 2023,886,(U),unknown,,,https://www.youtube.com/watch?v=tPDjceeZd7w&list=PLaTJSsRuu2Ufk7cX7bUTt9V-IJxa8wqSM&index=8,8,33,573,513573,514,1,410359,1.251521229,465828,1.102494912,-0.0005,0.6421,1.089933821,57.7324,89.9109,570.1106,2.50457,,,,,,,,,,,,,,,,,,,,,,,,,,,,,,,,,,,,,,,,,,,,,,,,,,,,,,,--,,,,,,,,,,,,,,,,,,,,,,,,,,,886,0,0,
🇨🇦,Aquacorde,0,1,8:33.639,8:33.639,16 Aug 2024,630,(V),-8818959532856191300,,,https://www.speedrun.com/mc/runs/m3jr41wz,8,33,639,513639,514,1,410359,1.251682064,421494,1.218615212,-0.0005,0.7298,2.095428493,48.2247,66.0804,569.6503,2.50673,,,,,,,,,,,,,,,,,,,,,,,,,,,,,,,,,,,,,,,,,,,,,,,,,,,,,,,--,,,,,,,,,,,,,,,,,,,,,,,,,,,630,0,0.000000009134177749,
🇵🇱,kazzruns,0,0,8:33.801,8:33.801,28 Aug 2025,253,(U),unknown,,,https://www.youtube.com/watch?v=pXLKegNZ5CU,8,33,801,513801,514,1,410359,1.25207684,410359,1.25207684,-0.0005,0.8812,2.512053192,50.0965,56.8520,568.5200,2.51205,,,,,,,,,,,,,,,,,,,,,,,,,,,,,,,,,,,,,,,,,,,,,,,,,,,,,,,,,,,,,,,,,,,,,,,,,,,,,,,,,,253,0.1980119889,112.5737842,
🇨🇦,Jay12310,0,0,8:33.946,8:33.946,07 Jan 2025,486,(U),unknown,,,https://www.youtube.com/watch?v=pROA_8k_5eg&list=PLaTJSsRuu2UcsiC6KEkJwrGp1GaGgPoVG&index=12,8,33,946,513946,514,1,410359,1.252430189,421494,1.219343573,-0.0005,0.7843,2.103792096,51.6744,65.8883,567.5077,2.51682,,,,,,,,,,,,,,,,,,,,,,,,,,,,,,,,,,,,,,,,,,,,,,,,,,,,,,,--,,,,,,,,,,,,,,,,,,,,,,,,,,,486,0.00001034377571,0.006815342722,
🇩🇰,Bloopy,0,1,8:33.952,8:33.952,03 Aug 2024,643,(V),255624109612098462,,,https://www.speedrun.com/mc/runs/yvx9vo8z,8,33,952,513952,514,1,410359,1.252444811,421494,1.219357808,-0.0005,0.7251,2.103955853,47.7703,65.8846,567.4658,2.51702,,,,,,,,,,,,,,,,,,,,,,,,,,,,,,,,,,,,,,,,,,,,,,,,,,,,,,,--,,,,,,,,,,,,,,,,,,,,,,,,,,,643,0,0.000000001875705347,
🇹🇿,Kxpow,0,0,8:33.650,8:34.025,07 Apr 2025,396,(U),6819794187957055616,,,https://www.youtube.com/watch?v=GgUTA6ioiaY,8,34,25,514025,514,0,410359,1.252622704,421494,1.219531002,-0.0005,0.8204,2.105949147,54.0122,65.8389,566.9559,2.51942,,,,,,,,,,,,,,,,,,,,,,,,,,,,,,,,,,,,,,,,,,,,,,,,,,,,,,,,,,,,,,,,,,,,,,,,,,,,,,,,,,,,,
🇹🇿,Kxpow,0,0,8:34.869,8:34.122,09 Jun 2024,698,(U),2173195834724120179,,,https://www.youtube.com/watch?v=Kk_U2QpN_NU,8,34,122,514122,514,0,410359,1.252859082,421494,1.219761135,-0.0005,0.7054,2.108600401,46.3994,65.7780,566.2781,2.52262,,,,,,,,,,,,,,,,,,,,,,,,,,,,,,,,,,,,,,,,,,,,,,,,,,,,,,,,,,,,,,,,,,,,,,,,,,,,,,,,,,,,,
🇵🇱,watermelon1708,0,0,8:33.349,8:34.250,27 Nov 2025,162,(U),unknown,,,https://www.youtube.com/watch?v=3mEKAQ3Z4RM,8,34,250,514250,514,0,410359,1.253171004,410359,1.253171004,-0.0005,0.9222,2.526846832,52.1393,56.5383,565.3832,2.52685,,,,,,,,,,,,,,,,,,,,,,,,,,,,,,,,,,,,,,,,,,,,,,,,,,,,,,,--,,,,,,,,,,,,,,,,,,,,,,,,,,,162,0.6536698967,369.573969,
🇿🇦,Airpodsz,0,1,8:33.349,8:34.302,02 May 2025,371,(V),-1155336759388266365,,,https://www.speedrun.com/mc/runs/zpo0j7vm,8,34,302,514302,514,0,410359,1.253297722,421494,1.220188188,-0.0005,0.8307,2.113528213,54.5472,65.6651,565.0195,2.52857,,,,,,,,,,,,,,,,,,,,,,,,,,,,,,,,,,,,,,,,,,,,,,,,,,,,,,,,,,,,,,,,,,,,,,,,,,,,,,,,,,,,,
🇳🇴,skycrab1,0,0,8:34.391,8:34.391,14 Jun 2025,328,(U),unknown,,,https://www.youtube.com/watch?v=mbQO0iA60UA&list=PLU3_fvoJ1GyMStiA29z37DUPtG47PvOJz&index=127,8,34,391,514391,514,0,410359,1.253514606,410359,1.253514606,-0.0005,0.8487,2.531508512,47.9027,56.4397,564.3969,2.53151,,,,,,,,,,,,,,,,,,,,,,,,,,,,,,,,,,,,,,,,,,,,,,,,,,,,,,,--,,,,,,,,,,,,,,,,,,,,,,,,,,,328,0.02934141734,16.56020394,
🇩🇰,Bloopy,0,0,8:34.410,8:34.410,31 Oct 2025,189,(U),-6611883265830397474,,,https://www.youtube.com/watch?v=WJlhnd9qMjI,8,34,410,514410,514,0,410359,1.253560906,410359,1.253560906,-0.0005,0.9098,2.532137268,51.3383,56.4264,564.2639,2.53214,,,,,,,,,,,,,,,,,,,,,,,,,,,,,,,,,,,,,,,,,,,,,,,,,,,,,,,--,,,,,,,,,,,,,,,,,,,,,,,,,,,189,0.5090918128,287.262137,
🇺🇸,doogile,0,0,8:34.422,8:34.422,22 May 2025,351,(U),4475174620258750317,,,https://www.youtube.com/watch?v=rEmLQHlkBMs,8,34,422,514422,514,0,410359,1.253590149,421494,1.220472889,-0.0005,0.8390,2.116819174,55.0322,65.5897,564.1799,2.53253,,,,,,,,,,,,,,,,,,,,,,,,,,,,,,,,,,,,,,,,,,,,,,,,,,,,,,,--,,,,,,,,,,,,,,,,,,,,,,,,,,,351,0.01324208717,8.685443976,
🇺🇸,doogile,0,0,8:31.615,8:34.469,03 Oct 2023,948,(U),2814215657097519375,,,https://www.youtube.com/watch?v=MruA0trsR5Y,8,34,469,514469,514,0,410359,1.253704683,465828,1.104418369,-0.0005,0.6225,1.102086828,55.7966,89.6320,563.8510,2.53409,,,,,,,,,,,,,,,,,,,,,,,,,,,,,,,,,,,,,,,,,,,,,,,,,,,,,,,--,,,,,,,,,,,,,,,,,,,,,,,,,,,948,0,0,
🇺🇸,Infume,0,0,8:34.629,8:34.629,08 Jul 2025,304,(U),unknown,,,https://www.youtube.com/watch?v=YAmH6pcDVA4,8,34,629,514629,515,1,410359,1.254094585,410359,1.254094585,-0.0005,0.8590,2.539394576,48.3379,56.2731,562.7307,2.53939,,,,,,,,,,,,,,,,,,,,,,,,,,,,,,,,,,,,,,,,,,,,,,,,,,,,,,,,,,,,,,,,,,,,,,,,,,,,,,,,,,,,,
🇳🇴,skycrab1,0,0,8:34.709,8:34.709,13 Sep 2024,602,(U),-251105327808432283,,,https://www.youtube.com/watch?v=_Zw3t6qzR0A&list=PLU3_fvoJ1GyMStiA29z37DUPtG47PvOJz&index=69,8,34,709,514709,515,1,410359,1.254289537,421494,1.221153801,-0.0005,0.7401,2.124708762,48.4078,65.4091,562.1702,2.54205,,,,,,,,,,,,,,,,,,,,,,,,,,,,,,,,,,,,,,,,,,,,,,,,,,,,,,,--,,,,,,,,,,,,,,,,,,,,,,,,,,,602,0.0000000003350568825,0.0000002191577271,
🇺🇸,meebie,0,0,8:34.971,8:34.971,16 Nov 2025,173,(U),unknown,,,https://www.youtube.com/watch?v=NwUTr6N_4P0&list=PLaTJSsRuu2Ufk7cX7bUTt9V-IJxa8wqSM&index=21,8,34,971,514971,515,1,410359,1.254928002,410359,1.254928002,-0.0005,0.9171,2.550765032,51.3902,56.0333,560.3335,2.55077,,,,,,,,,,,,,,,,,,,,,,,,,,,,,,,,,,,,,,,,,,,,,,,,,,,,,,,,,,,,,,,,,,,,,,,,,,,,,,,,,,173,0.5958467952,333.87292,
🇹🇿,Kxpow,0,0,8:33.988,8:34.984,16 Jul 2024,661,(U),-1283922549785337759,,,https://www.youtube.com/watch?v=5AKtYY2dEFM,8,34,984,514984,515,1,410359,1.254959682,421494,1.221806242,-0.0005,0.7186,2.132293275,46.8761,65.2357,560.2423,2.55120,,,,,,,,,,,,,,,,,,,,,,,,,,,,,,,,,,,,,,,,,,,,,,,,,,,,,,,,,,,,,,,,,,,,,,,,,,,,,,,,,,,,,
🇹🇿,Kxpow,0,0,8:34.236,8:34.986,09 Mar 2025,425,(U),1402888148426280669,,,https://www.youtube.com/watch?v=BSu7lGN61-M,8,34,986,514986,515,1,410359,1.254964555,421494,1.221810987,-0.0005,0.8086,2.132348525,52.7460,65.2345,560.2283,2.55126,,,,,,,,,,,,,,,,,,,,,,,,,,,,,,,,,,,,,,,,,,,,,,,,,,,,,,,,,,,,,,,,,,,,,,,,,,,,,,,,,,,,,
🇸🇰,NoFear1337,0,0,8:35.097,8:35.579,27 Dec 2023,863,(U),unknown,,,https://www.youtube.com/watch?v=op6VlwDM3Xo&list=PLaTJSsRuu2UeeWabBBfNVWALvnefBoL2C,8,35,579,515579,516,1,410359,1.256409632,446254,1.155348748,-0.0005,0.6495,1.473920772,52.5010,80.8287,556.0636,2.57109,,,,,,,,,,,,,,,,,,,,,,,,,,,,,,,,,,,,,,,,,,,,,,,,,,,,,,,--,,,,,,,,,,,,,,,,,,,,,,,,,,,863,0,0,
🇳🇴,skycrab1,0,0,8:34.852,8:35.797,03 Aug 2024,643,(U),-5772469146569821756,,,https://www.youtube.com/watch?v=b47aZUBK814&list=PLU3_fvoJ1GyMStiA29z37DUPtG47PvOJz&index=47,8,35,797,515797,516,1,410359,1.256940874,421494,1.223735095,-0.0005,0.7251,2.154858446,46.9267,64.7211,554.5301,2.57841,,,,,,,,,,,,,,,,,,,,,,,,,,,,,,,,,,,,,,,,,,,,,,,,,,,,,,,--,,,,,,,,,,,,,,,,,,,,,,,,,,,643,0,0.000000001842581962,
🇳🇴,skycrab1,0,0,8:35.819,8:35.819,18 May 2025,355,(U),see video,,,https://www.youtube.com/watch?v=kDl3PmegjWA&list=PLU3_fvoJ1GyMStiA29z37DUPtG47PvOJz&index=124,8,35,819,515819,516,1,410359,1.256994485,421494,1.22378729,-0.0005,0.8374,2.155472037,54.1832,64.7072,554.3753,2.57915,,,,,,,,,,,,,,,,,,,,,,,,,,,,,,,,,,,,,,,,,,,,,,,,,,,,,,,--,,,,,,,,,,,,,,,,,,,,,,,,,,,355,0.0114029008,7.37849264,
🇺🇸,meebie,0,0,8:35.914,8:35.914,18 Nov 2023,902,(U),-2503873430617653818,,,https://www.youtube.com/watch?v=c2uu-GXtiIc&list=PLaTJSsRuu2Ufk7cX7bUTt9V-IJxa8wqSM&index=5,8,35,914,515914,516,1,410359,1.25722599,465828,1.107520372,-0.0005,0.6370,1.121955698,56.8032,89.1742,553.7066,2.58235,,,,,,,,,,,,,,,,,,,,,,,,,,,,,,,,,,,,,,,,,,,,,,,,,,,,,,,--,,,,,,,,,,,,,,,,,,,,,,,,,,,902,0,0,
🇵🇱,watermelon1708,0,0,8:34.398,8:35.950,10 Nov 2025,179,(U),see video,,,https://www.youtube.com/watch?v=fEy7nXScnGI,8,35,950,515950,516,1,410359,1.257313718,410359,1.257313718,-0.0005,0.9144,2.583565293,50.6071,55.3453,553.4531,2.58357,,,,,,,,,,,,,,,,,,,,,,,,,,,,,,,,,,,,,,,,,,,,,,,,,,,,,,,--,,,,,,,,,,,,,,,,,,,,,,,,,,,179,0.5635304555,311.8876794,
🇸🇰,NoFear1337,0,0,8:31.037,8:35.967,25 Dec 2023,865,(U),4143928542736581557,16,Yes,https://www.youtube.com/watch?v=wOf3KZ159XE,8,35,967,515967,516,1,410359,1.257355145,446254,1.156218208,-0.0005,0.6489,1.48117476,52.3353,80.6542,553.3334,2.58414,,,,,,,,,,,,,,,,,,,,,,,,,,,,,,,,,,,,,,,,,,,,,,,,,,,,,,,--,,,,,,,,,,,,,,,,,,,,,,,,,,,865,0,0,
🇳🇴,skycrab1,0,0,8:36.102,8:36.102,29 Oct 2024,556,(U),-3646678682630251613,,,https://www.youtube.com/watch?v=okNmE6As3I8&list=PLU3_fvoJ1GyMStiA29z37DUPtG47PvOJz&index=90,8,36,102,516102,516,0,410359,1.257684125,421494,1.224458711,-0.0005,0.7573,2.163379071,48.8663,64.5273,552.3825,2.58869,,,,,,,,,,,,,,,,,,,,,,,,,,,,,,,,,,,,,,,,,,,,,,,,,,,,,,,--,,,,,,,,,,,,,,,,,,,,,,,,,,,556,0.00000003430545011,0.00002213637986,
🇳🇴,skycrab1,0,0,8:34.986,8:36.447,30 May 2024,708,(U),5645148096058568914,,,https://www.youtube.com/watch?v=qmxUkDzqJLA&list=PLU3_fvoJ1GyMStiA29z37DUPtG47PvOJz&index=25,8,36,447,516447,516,0,410359,1.258524853,421494,1.225277228,-0.0005,0.7019,2.173053641,45.1359,64.3076,549.9502,2.60036,,,,,,,,,,,,,,,,,,,,,,,,,,,,,,,,,,,,,,,,,,,,,,,,,,,,,,,--,,,,,,,,,,,,,,,,,,,,,,,,,,,708,0,0,
🇳🇴,skycrab1,0,0,8:35.909,8:36.678,13 Aug 2024,633,(U),-757577179228035098,,,https://www.youtube.com/watch?v=3jCFZ5mZbuw&list=PLU3_fvoJ1GyMStiA29z37DUPtG47PvOJz&index=53,8,36,678,516678,517,1,410359,1.259087774,421494,1.225825279,-0.0005,0.7287,2.179553106,46.7532,64.1601,548.3199,2.60820,,,,,,,,,,,,,,,,,,,,,,,,,,,,,,,,,,,,,,,,,,,,,,,,,,,,,,,--,,,,,,,,,,,,,,,,,,,,,,,,,,,633,0,0.000000006194236144,
🇹🇿,Kxpow,0,0,8:36.194,8:36.695,04 Nov 2024,550,(U),-8654711318816498039,,,https://www.youtube.com/watch?v=NiXw7_TxVeo,8,36,695,516695,517,1,410359,1.259129202,421494,1.225865611,-0.0005,0.7596,2.180032111,48.7260,64.1493,548.1998,2.60878,,,,,,,,,,,,,,,,,,,,,,,,,,,,,,,,,,,,,,,,,,,,,,,,,,,,,,,,,,,,,,,,,,,,,,,,,,,,,,,,,,,,,
🇫🇮,AndrewCrow,0,0,8:33.154,8:36.802,20 Jul 2025,292,(U),unknown,,,https://www.youtube.com/watch?v=E1L_FPxRTuo,8,36,802,516802,517,1,410359,1.259389949,410359,1.259389949,-0.0005,0.8642,2.612416081,47.3078,54.7444,547.4442,2.61242,,,,,,,,,,,,,,,,,,,,,,,,,,,,,,,,,,,,,,,,,,,,,,,,,,,,,,,,,,,,,,,,,,,,,,,,,,,,,,,,,,292,0.08293411347,45.40179566,
🇳🇴,skycrab1,0,0,8:36.197,8:36.807,30 Sep 2025,220,(U),unknown,,,https://www.youtube.com/watch?v=dGXgTgEdGVY&list=PLU3_fvoJ1GyMStiA29z37DUPtG47PvOJz&index=142,8,36,807,516807,517,1,410359,1.259402133,410359,1.259402133,-0.0005,0.8958,2.612586237,49.0388,54.7409,547.4088,2.61259,,,,,,,,,,,,,,,,,,,,,,,,,,,,,,,,,,,,,,,,,,,,,,,,,,,,,,,--,,,,,,,,,,,,,,,,,,,,,,,,,,,220,0.3447968072,188.7448187,
🇺🇸,doogile,0,0,8:32.663,8:36.891,31 Mar 2024,768,(U),-8770456777787364691,,,https://www.youtube.com/watch?v=IRTvOCDfvbA,8,36,891,516891,517,1,410359,1.259606832,421494,1.226330624,-0.0005,0.6811,2.185561589,43.6087,64.0240,546.8154,2.61545,,,,,,,,,,,,,,,,,,,,,,,,,,,,,,,,,,,,,,,,,,,,,,,,,,,,,,,--,,,,,,,,,,,,,,,,,,,,,,,,,,,768,0,0,
🇵🇱,okshey,0,1,8:35.972,8:37.500,17 Apr 2025,386,(V),-1892453842458127965,,,https://www.speedrun.com/mc/runs/zn9dgq8y,8,37,500,517500,518,1,410359,1.261090898,421494,1.227775484,-0.0005,0.8245,2.202822938,52.4648,63.6336,542.5075,2.63627,,,,,,,,,,,,,,,,,,,,,,,,,,,,,,,,,,,,,,,,,,,,,,,,,,,,,,,,,,,,,,,,,,,,,,,,,,,,,,,,,,386,0.003178818793,2.022797874,
🇳🇴,skycrab1,0,0,8:36.373,8:37.680,12 Jun 2024,695,(U),8302535928926204218,,,https://www.youtube.com/watch?v=RUtcNVLefnE&list=PLU3_fvoJ1GyMStiA29z37DUPtG47PvOJz&index=28,8,37,680,517680,518,1,410359,1.261529539,421494,1.228202537,-0.0005,0.7065,2.2079482,44.8724,63.5180,541.2325,2.64245,,,,,,,,,,,,,,,,,,,,,,,,,,,,,,,,,,,,,,,,,,,,,,,,,,,,,,,--,,,,,,,,,,,,,,,,,,,,,,,,,,,695,0,0,
🇨🇦,sockmonkey737,0,1,8:36.752,8:37.739,14 May 2025,359,(V),-3879107049025834895,,,https://www.speedrun.com/mc/runs/z5w7nw5z,8,37,739,517739,518,1,410359,1.261673315,421494,1.228342515,-0.0005,0.8357,2.209630476,53.0495,63.4800,540.8144,2.64448,,,,,,,,,,,,,,,,,,,,,,,,,,,,,,,,,,,,,,,,,,,,,,,,,,,,,,,,,,,,,,,,,,,,,,,,,,,,,,,,,,,,,
🇨🇦,rdpill,0,1,8:34.580,8:37.769,05 Nov 2024,549,(V),4338721383690060751,,,https://www.speedrun.com/mc/runs/m7nn9r0z,8,37,769,517769,518,1,410359,1.261746422,421494,1.22841369,-0.0005,0.7600,2.210486311,48.2271,63.4607,540.6018,2.64551,,,,,,,,,,,,,,,,,,,,,,,,,,,,,,,,,,,,,,,,,,,,,,,,,,,,,,,,,,,,,,,,,,,,,,,,,,,,,,,,,,,,,
🇮🇱,sagi_enderman,1,1,8:31.726,8:37.884,29 Jul 2022,1379,(V),-774874644388946464,,,https://www.speedrun.com/mc/runs/mkdld9xy,8,37,884,517884,518,1,410359,1.262026664,548820,0.9436317918,-0.0005,0.5018,0.4331102176,51.4597,102.5447,539.7866,2.64947,,,,,,,,,,,,,,,,,,,,,,,,,,,,,,,,,,,,,,,,,,,,,,,,,,,,,,,--,,,,,,,,,,,,,,,,,,,,,,,,,,,1379,0,0,
🇺🇸,meebie,0,0,8:37.477,8:37.975,07 Aug 2023,1005,(U),1459462342630812192,,,https://www.youtube.com/watch?v=C983h_XUVjM&list=PLaTJSsRuu2Ufk7cX7bUTt9V-IJxa8wqSM&index=3,8,37,975,517975,518,1,410359,1.262248422,465828,1.111944752,-0.0005,0.6050,1.150878413,53.5465,88.5042,539.1412,2.65261,,,,,,,,,,,,,,,,,,,,,,,,,,,,,,,,,,,,,,,,,,,,,,,,,,,,,,,--,,,,,,,,,,,,,,,,,,,,,,,,,,,1005,0,0,
🇳🇴,skycrab1,0,0,8:38.021,8:38.021,06 May 2025,367,(U),unknown,,,https://www.youtube.com/watch?v=VTFc9umQMn8&list=PLU3_fvoJ1GyMStiA29z37DUPtG47PvOJz&index=120,8,38,21,518021,518,0,410359,1.262360518,421494,1.229011564,-0.0005,0.8324,2.217687086,52.6866,63.2984,538.8150,2.65419,,,,,,,,,,,,,,,,,,,,,,,,,,,,,,,,,,,,,,,,,,,,,,,,,,,,,,,--,,,,,,,,,,,,,,,,,,,,,,,,,,,367,0.007132551175,4.514792346,
🇰🇷,dwoh,0,1,8:48.684,8:38.155,02 Feb 2025,460,(V),3434004177647168368,,,https://www.speedrun.com/mc/runs/ylp19kkm,8,38,155,518155,518,0,410359,1.262687062,421494,1.22932948,-0.0005,0.7945,2.221524638,50.2241,63.2120,537.8642,2.65882,,,,,,,,,,,,,,,,,,,,,,,,,,,,,,,,,,,,,,,,,,,,,,,,,,,,,,,,,,,,,,,,,,,,,,,,,,,,,,,,,,,,,
🇮🇸,Kind,0,1,8:37.353,8:38.527,24 Jun 2023,1049,(V),8707775504708410399,,,https://www.speedrun.com/mc/runs/znelek8z,8,38,527,518527,519,1,410359,1.263593585,465828,1.113129739,-0.0005,0.5919,1.158742884,52.2731,88.3213,535.2227,2.67171,,,,,,,,,,,,,,,,,,,,,,,,,,,,,,,,,,,,,,,,,,,,,,,,,,,,,,,,,,,,,,,,,,,,,,,,,,,,,,,,,,,,,
🇧🇷,misfitmcsr,0,1,8:38.209,8:38.728,15 Jul 2025,297,(V),2738581748136977282,,,https://www.speedrun.com/mc/runs/y9e8jwvz,8,38,728,518728,519,1,410359,1.2640834,410359,1.2640834,-0.0005,0.8620,2.678695735,46.0131,53.3794,533.7941,2.67870,,,,,,,,,,,,,,,,,,,,,,,,,,,,,,,,,,,,,,,,,,,,,,,,,,,,,,,,,,,,,,,,,,,,,,,,,,,,,,,,,,,,,
🇵🇱,okshey,0,0,8:38.735,8:38.735,15 Nov 2025,174,(U),unknown,,,https://www.youtube.com/watch?v=TfnVJFvNoDY,8,38,735,518735,519,1,410359,1.264100458,410359,1.264100458,-0.0005,0.9167,2.678939334,48.9271,53.3744,533.7444,2.67894,,,,,,,,,,,,,,,,,,,,,,,,,,,,,,,,,,,,,,,,,,,,,,,,,,,,,,,,,,,,,,,,,,,,,,,,,,,,,,,,,,174,0.5904901053,315.1707629,
🇨🇦,Jay12310,0,0,8:36.088,8:38.790,24 Nov 2025,165,(U),unknown,,,https://www.youtube.com/watch?v=t3Th0f5TeHc&list=PLaTJSsRuu2UcsiC6KEkJwrGp1GaGgPoVG&index=7,8,38,790,518790,519,1,410359,1.264234487,410359,1.264234487,-0.0005,0.9208,2.680854006,49.1118,53.3353,533.3533,2.68085,,,,,,,,,,,,,,,,,,,,,,,,,,,,,,,,,,,,,,,,,,,,,,,,,,,,,,,--,,,,,,,,,,,,,,,,,,,,,,,,,,,165,0.6381304816,340.348994,
🇹🇿,Kxpow,0,0,8:37.259,8:38.835,02 Mar 2024,797,(U),8469828128004769896,,,https://www.youtube.com/watch?v=VU43_XgypsM,8,38,835,518835,519,1,410359,1.264344147,421494,1.230942789,-0.0005,0.6713,2.241090796,42.1408,62.7724,533.0333,2.68242,,,,,,,,,,,,,,,,,,,,,,,,,,,,,,,,,,,,,,,,,,,,,,,,,,,,,,,,,,,,,,,,,,,,,,,,,,,,,,,,,,,,,
🇿🇦,Airpodsz,0,0,8:39.098,8:39.098,12 May 2025,361,(U),1497324270395087566,,,https://www.youtube.com/watch?v=QcZ_tKesd74&list=PLjW0OIc7zcEcqLcQwe9V6NfJUy0AUDomQ&index=14,8,39,98,519098,519,0,410359,1.26498505,421494,1.23156676,-0.0005,0.8349,2.248699665,52.2633,62.6019,531.1621,2.69160,,,,,,,,,,,,,,,,,,,,,,,,,,,,,,,,,,,,,,,,,,,,,,,,,,,,,,,,,,,,,,,,,,,,,,,,,,,,,,,,,,,,,
🇨🇦,Jay12310,0,0,8:39.147,8:39.147,06 Dec 2025,153,(U),unknown,,,https://www.youtube.com/watch?v=SSESxjNH_hk&list=PLaTJSsRuu2UcsiC6KEkJwrGp1GaGgPoVG&index=10,8,39,147,519147,519,0,410359,1.265104457,410359,1.265104457,-0.0005,0.9264,2.693311617,49.1720,53.0813,530.8133,2.69331,,,,,,,,,,,,,,,,,,,,,,,,,,,,,,,,,,,,,,,,,,,,,,,,,,,,,,,--,,,,,,,,,,,,,,,,,,,,,,,,,,,153,0.6989628399,371.0187909,
🇺🇸,doogile,0,0,8:39.037,8:39.282,30 Mar 2025,404,(U),8886412600271699411,,,https://www.youtube.com/watch?v=u6qbrlizGMM,8,39,282,519282,519,0,410359,1.265433438,421494,1.232003303,-0.0005,0.8171,2.254036749,51.0540,62.4824,529.8521,2.69804,,,,,,,,,,,,,,,,,,,,,,,,,,,,,,,,,,,,,,,,,,,,,,,,,,,,,,,--,,,,,,,,,,,,,,,,,,,,,,,,,,,404,0.001368655511,0.8551684323,
🇺🇸,Reignex,0,1,8:39.268,8:39.218,18 Sep 2022,1328,(U),Unknown,12,Yes,https://www.youtube.com/watch?v=z1feRpPuykI,8,39,218,519218,519,0,410359,1.265277477,517884,1.002575866,-0.0005,0.5148,0.6090855007,51.3982,99.8434,530.3079,2.69580,,,,,,,,,,,,,,,,,,,,,,,,,,,,,,,,,,,,,,,,,,,,,,,,,,,,,,,,,,,,,,,,,,,,,,,,,,,,,,,,,,,,,
🇿🇦,Airpodsz,0,0,8:39.411,8:39.411,05 Sep 2025,245,(U),-1145251015490040547,,,https://www.youtube.com/watch?v=X9g8K9tNTi8&list=PLjW0OIc7zcEcqLcQwe9V6NfJUy0AUDomQ&index=10,8,39,411,519411,519,0,410359,1.265747796,410359,1.265747796,-0.0005,0.8847,2.702557085,46.7950,52.8933,528.9333,2.70256,,,,,,,,,,,,,,,,,,,,,,,,,,,,,,,,,,,,,,,,,,,,,,,,,,,,,,,,,,,,,,,,,,,,,,,,,,,,,,,,,,,,,
🇩🇰,Bloopy,0,0,8:39.524,8:39.524,08 Feb 2025,454,(U),-1918684009025106856,,,https://www.youtube.com/watch?v=4Ncc5fSS7fU,8,39,524,519524,520,1,410359,1.266023165,421494,1.232577451,-0.0005,0.7969,2.261073473,49.6681,62.3250,528.1281,2.70652,,,,,,,,,,,,,,,,,,,,,,,,,,,,,,,,,,,,,,,,,,,,,,,,,,,,,,,--,,,,,,,,,,,,,,,,,,,,,,,,,,,454,0.00008630125653,0.05378726963,
🇩🇪,jason_n,0,0,8:39.547,8:39.547,14 Sep 2024,601,(U),-6811725567637899791,,,https://www.youtube.com/watch?v=vO1lOV6z_rs,8,39,547,519547,520,1,410359,1.266079214,421494,1.232632018,-0.0005,0.7404,2.261743276,46.1373,62.3100,527.9642,2.70733,,,,,,,,,,,,,,,,,,,,,,,,,,,,,,,,,,,,,,,,,,,,,,,,,,,,,,,--,,,,,,,,,,,,,,,,,,,,,,,,,,,601,0.0000000003734712458,0.0000002327101026,
🇫🇮,sadekeppi,0,0,8:39.634,8:39.634,23 Nov 2025,166,(U),unknown,,,https://www.youtube.com/watch?v=7l0U6MbHxfo,8,39,634,519634,520,1,410359,1.266291223,410359,1.266291223,-0.0005,0.9204,2.710388702,48.5342,52.7344,527.3441,2.71039,,,,,,,,,,,,,,,,,,,,,,,,,,,,,,,,,,,,,,,,,,,,,,,,,,,,,,,,,,,,,,,,,,,,,,,,,,,,,,,,,,166,0.6329083842,333.7605072,
🇳🇴,skycrab1,0,0,8:39.547,8:39.779,30 May 2025,343,(U),unknown,,,https://www.youtube.com/watch?v=NFMHJvhQb_w&list=PLU3_fvoJ1GyMStiA29z37DUPtG47PvOJz&index=129,8,39,779,519779,520,1,410359,1.266644572,421494,1.233182442,-0.0005,0.8424,2.268509512,52.3627,62.1589,526.3102,2.71549,,,,,,,,,,,,,,,,,,,,,,,,,,,,,,,,,,,,,,,,,,,,,,,,,,,,,,,--,,,,,,,,,,,,,,,,,,,,,,,,,,,343,0.01767930204,10.98926752,
🇫🇮,AndrewCrow,0,0,8:38.402,8:39.880,12 Aug 2025,269,(U),unknown,,,https://www.youtube.com/watch?v=psOz3n2aTy0,8,39,880,519880,520,1,410359,1.266890698,410359,1.266890698,-0.0005,0.8742,2.719051489,45.9446,52.5590,525.5898,2.71905,,,,,,,,,,,,,,,,,,,,,,,,,,,,,,,,,,,,,,,,,,,,,,,,,,,,,,,,,,,,,,,,,,,,,,,,,,,,,,,,,,269,0.1427713471,75.03917062,
🇵🇱,watermelon1708,0,0,8:39.647,8:40.008,29 Nov 2025,160,(U),unknown,,,https://www.youtube.com/watch?v=t10Ij-c_N2s,8,40,8,520008,520,0,410359,1.26720262,410359,1.26720262,-0.0005,0.9231,2.723568693,48.4338,52.4677,524.6766,2.72357,,,,,,,,,,,,,,,,,,,,,,,,,,,,,,,,,,,,,,,,,,,,,,,,,,,,,,,--,,,,,,,,,,,,,,,,,,,,,,,,,,,160,0.6639157633,348.3410567,
🇩🇪,jason_n,0,0,8:40.038,8:40.038,21 Aug 2024,625,(U),8973323366010797251,,,https://www.youtube.com/watch?v=wtVTAwET8cA,8,40,38,520038,520,0,410359,1.267275727,421494,1.233796922,-0.0005,0.7316,2.276084635,45.3529,61.9900,524.4625,2.72463,,,,,,,,,,,,,,,,,,,,,,,,,,,,,,,,,,,,,,,,,,,,,,,,,,,,,,,--,,,,,,,,,,,,,,,,,,,,,,,,,,,625,0,0.00000001546781722,
🇮🇹,nonshochiama,0,1,8:38.077,8:40.586,04 Jan 2024,855,(V),8591525407209828717,,,https://www.speedrun.com/mc/runs/m73l1key,8,40,586,520586,521,1,410359,1.268611143,421494,1.23509706,-0.0005,0.6521,2.292187104,40.1923,61.6317,520.5487,2.74405,,,,,,,,,,,,,,,,,,,,,,,,,,,,,,,,,,,,,,,,,,,,,,,,,,,,,,,,,,,,,,,,,,,,,,,,,,,,,,,,,,,,,
🇵🇱,watermelon1708,0,0,8:39.979,8:40.694,15 Nov 2025,174,(U),unknown,,,https://www.youtube.com/watch?v=EKR-bvraczI,8,40,694,520694,521,1,410359,1.268874327,410359,1.268874327,-0.0005,0.9167,2.747892062,47.6467,51.9777,519.7767,2.74789,,,,,,,,,,,,,,,,,,,,,,,,,,,,,,,,,,,,,,,,,,,,,,,,,,,,,,,--,,,,,,,,,,,,,,,,,,,,,,,,,,,174,0.5904901053,306.923008,
🇺🇸,doogile,0,0,8:39.729,8:40.725,09 Dec 2023,881,(U),-5412281049038794009,,,https://www.youtube.com/watch?v=Jv2jo4YQLrw,8,40,725,520725,521,1,410359,1.268949871,446254,1.166880297,-0.0005,0.6437,1.572835187,50.4977,78.4474,519.5551,2.74900,,,,,,,,,,,,,,,,,,,,,,,,,,,,,,,,,,,,,,,,,,,,,,,,,,,,,,,--,,,,,,,,,,,,,,,,,,,,,,,,,,,881,0,0,
🇺🇸,doogile,0,0,8:40.768,8:40.768,16 Jul 2024,661,(U),8198000986967179551,,,https://www.youtube.com/watch?v=Ce_A0Sa97Hg,8,40,768,520768,521,1,410359,1.269054657,421494,1.235528857,-0.0005,0.7186,2.297557547,44.2006,61.5124,519.2476,2.75053,,,,,,,,,,,,,,,,,,,,,,,,,,,,,,,,,,,,,,,,,,,,,,,,,,,,,,,--,,,,,,,,,,,,,,,,,,,,,,,,,,,661,0,0.0000000001763317097,
🇳🇴,skycrab1,0,0,8:40.888,8:40.888,08 Dec 2025,151,(U),unknown,,,https://www.youtube.com/watch?v=xihX3p1Fp4s&list=PLU3_fvoJ1GyMStiA29z37DUPtG47PvOJz&index=153,8,40,888,520888,521,1,410359,1.269347084,410359,1.269347084,-0.0005,0.9273,2.754805641,48.0692,51.8389,518.3895,2.75481,,,,,,,,,,,,,,,,,,,,,,,,,,,,,,,,,,,,,,,,,,,,,,,,,,,,,,,--,,,,,,,,,,,,,,,,,,,,,,,,,,,151,0.708719754,367.3928468,
🇹🇷,Ancoboy,0,1,8:39.744,8:40.941,15 Dec 2023,875,(U),-2037700049700041325,,,https://www.youtube.com/watch?v=rIQn66zPVwM,8,40,941,520941,521,1,410359,1.269476239,446254,1.167364326,-0.0005,0.6456,1.577117102,50.5829,78.3443,518.0103,2.75670,,,,,,,,,,,,,,,,,,,,,,,,,,,,,,,,,,,,,,,,,,,,,,,,,,,,,,,,,,,,,,,,,,,,,,,,,,,,,,,,,,,,,
🇫🇮,megelimc,0,1,8:35.954,8:41.307,26 Jun 2024,681,(V),5074648903421430178,,,https://www.speedrun.com/mc/runs/zq8l7d1z,8,41,307,521307,521,0,410359,1.270368141,421494,1.236807641,-0.0005,0.7114,2.313528525,43.5090,61.1584,515.3910,2.76979,,,,,,,,,,,,,,,,,,,,,,,,,,,,,,,,,,,,,,,,,,,,,,,,,,,,,,,,,,,,,,,,,,,,,,,,,,,,,,,,,,,,,
🇳🇴,skycrab1,0,0,8:40.847,8:41.542,18 May 2025,355,(U),unknown,,,https://www.youtube.com/watch?v=xJ01M7bzZw4&list=PLU3_fvoJ1GyMStiA29z37DUPtG47PvOJz&index=123,8,41,542,521542,522,1,410359,1.27094081,421494,1.237365182,-0.0005,0.8374,2.320522834,51.0822,61.0037,513.7079,2.77823,,,,,,,,,,,,,,,,,,,,,,,,,,,,,,,,,,,,,,,,,,,,,,,,,,,,,,,--,,,,,,,,,,,,,,,,,,,,,,,,,,,355,0.0114029008,6.956197072,
🇨🇦,Jay12310,0,1,8:41.613,8:41.613,31 Jan 2024,828,(V),-2567989600321826795,,,https://www.speedrun.com/mc/runs/z1ke12jy,8,41,613,521613,522,1,410359,1.27111383,421494,1.23753363,-0.0005,0.6610,2.322639731,40.2926,60.9570,513.1993,2.78078,,,,,,,,,,,,,,,,,,,,,,,,,,,,,,,,,,,,,,,,,,,,,,,,,,,,,,,--,,,,,,,,,,,,,,,,,,,,,,,,,,,828,0,0,
🇹🇿,Kxpow,0,0,8:40.524,8:41.729,26 Jun 2024,681,(U),-2265204569977030713,,,https://www.youtube.com/watch?v=HS2BLQxAvHQ,8,41,729,521729,522,1,410359,1.271396509,421494,1.237808842,-0.0005,0.7114,2.326102045,43.3113,60.8805,512.3680,2.78496,,,,,,,,,,,,,,,,,,,,,,,,,,,,,,,,,,,,,,,,,,,,,,,,,,,,,,,,,,,,,,,,,,,,,,,,,,,,,,,,,,,,,
🇿🇦,Airpodsz,0,0,8:42.023,8:42.023,13 Feb 2026,84,(U),3688076343083871671,,,https://www.youtube.com/watch?v=FDhUOxV4hnA&list=PLjW0OIc7zcEcqLcQwe9V6NfJUy0AUDomQ&index=4,8,42,23,522023,522,0,410359,1.272112955,410359,1.272112955,-0.0005,0.9589,2.795564522,48.9273,51.0260,510.2602,2.79556,,,,,,,,,,,,,,,,,,,,,,,,,,,,,,,,,,,,,,,,,,,,,,,,,,,,,,,,,,,,,,,,,,,,,,,,,,,,,,,,,,,,,
🇬🇧,biased,0,1,8:39.479,8:42.046,21 Sep 2024,594,(V),-1851988790638545849,,,https://www.speedrun.com/mc/runs/z0qx9l9m,8,42,46,522046,522,0,410359,1.272169003,421494,1.238560929,-0.0005,0.7430,2.335587302,45.0815,60.6713,510.0953,2.79640,,,,,,,,,,,,,,,,,,,,,,,,,,,,,,,,,,,,,,,,,,,,,,,,,,,,,,,,,,,,,,,,,,,,,,,,,,,,,,,,,,,,,
🇨🇦,Aquacorde,0,0,8:42.341,8:42.341,21 Jun 2025,321,(U),-7609881780988686655,,,https://www.youtube.com/watch?v=MuohhSr-XiM,8,42,341,522341,522,0,410359,1.272887886,410359,1.272887886,-0.0005,0.8517,2.807079922,43.2655,50.7979,507.9789,2.80708,,,,,,,,,,,,,,,,,,,,,,,,,,,,,,,,,,,,,,,,,,,,,,,,,,,,,,,--,,,,,,,,,,,,,,,,,,,,,,,,,,,321,0.0366033285,18.59371818,
🇹🇿,Kxpow,0,0,9:40.539,8:42.547,14 Jul 2024,663,(U),-3078327032604818062,,,https://www.youtube.com/watch?v=6oDlGw6KjR8,8,42,547,522547,523,1,410359,1.273389885,421494,1.239749558,-0.0005,0.7178,2.350648835,43.3148,60.3399,506.5002,2.81456,,,,,,,,,,,,,,,,,,,,,,,,,,,,,,,,,,,,,,,,,,,,,,,,,,,,,,,,,,,,,,,,,,,,,,,,,,,,,,,,,,,,,
🇺🇸,doogile,0,0,8:42.117,8:42.986,28 Feb 2024,800,(U),5949882598636664818,,,https://www.youtube.com/watch?v=oCkkuqlQ9Po,8,42,986,522986,523,1,410359,1.27445968,421494,1.240791091,-0.0005,0.6703,2.36391788,40.2519,60.0488,503.3470,2.83057,,,,,,,,,,,,,,,,,,,,,,,,,,,,,,,,,,,,,,,,,,,,,,,,,,,,,,,--,,,,,,,,,,,,,,,,,,,,,,,,,,,800,0,0,
🇵🇱,Mixray,0,1,8:38.475,8:43.007,24 Dec 2023,866,(V),-9159005293217893627,,,https://www.speedrun.com/mc/run/y2kweg9y,8,43,7,523007,523,0,410359,1.274510855,446254,1.171993977,-0.0005,0.6486,1.618614918,50.1634,77.3457,503.1961,2.83133,,,,,,,,,,,,,,,,,,,,,,,,,,,,,,,,,,,,,,,,,,,,,,,,,,,,,,,,,,,,,,,,,,,,,,,,,,,,,,,,,,,,,
🇫🇮,AndrewCrow,0,0,8:42.102,8:43.518,17 Jul 2025,295,(U),unknown,,,https://www.youtube.com/watch?v=uT5c_6-u4Ns,8,43,518,523518,524,1,410359,1.275756106,410359,1.275756106,-0.0005,0.8629,2.850069024,43.1019,49.9522,499.5223,2.85007,,,,,,,,,,,,,,,,,,,,,,,,,,,,,,,,,,,,,,,,,,,,,,,,,,,,,,,,,,,,,,,,,,,,,,,,,,,,,,,,,,295,0.07674726717,38.33697139,
🇹🇿,Kxpow,0,0,8:40.779,8:43.672,26 Jan 2024,833,(U),-8996510102519287588,,,https://www.youtube.com/watch?v=KF9Pal7AXdU,8,43,672,523672,524,1,410359,1.276131387,421494,1.242418635,-0.0005,0.6594,2.384786903,39.2923,59.5924,498.4145,2.85574,,,,,,,,,,,,,,,,,,,,,,,,,,,,,,,,,,,,,,,,,,,,,,,,,,,,,,,,,,,,,,,,,,,,,,,,,,,,,,,,,,,,,
🇿🇦,Airpodsz,0,0,8:43.709,8:43.709,25 Mar 2026,44,(U),7506275670866580323,,,https://www.youtube.com/watch?v=llpWdAgohkU&list=PLjW0OIc7zcEcqLcQwe9V6NfJUy0AUDomQ&index=1,8,43,709,523709,524,1,410359,1.276221552,410359,1.276221552,-0.0005,0.9782,2.85710005,48.7309,49.8148,498.1482,2.85710,,,,,,,,,,,,,,,,,,,,,,,,,,,,,,,,,,,,,,,,,,,,,,,,,,,,,,,,,,,,,,,,,,,,,,,,,,,,,,,,,,,,,
🇺🇸,doogile,0,0,8:43.991,8:43.991,13 Jul 2024,664,(U),-7771537069643682878,,,https://www.youtube.com/watch?v=TZ_zdyCgG4M,8,43,991,523991,524,1,410359,1.276908756,421494,1.243175466,-0.0005,0.7175,2.39454733,42.6041,59.3796,496.1187,2.86751,,,,,,,,,,,,,,,,,,,,,,,,,,,,,,,,,,,,,,,,,,,,,,,,,,,,,,,--,,,,,,,,,,,,,,,,,,,,,,,,,,,664,0,0.0000000001146705636,
🇳🇴,skycrab1,0,0,8:43.592,8:44.066,13 Jul 2025,299,(U),see video,,,https://www.youtube.com/watch?v=jDNFlZ8Sg58&list=PLU3_fvoJ1GyMStiA29z37DUPtG47PvOJz&index=132,8,44,66,524066,524,0,410359,1.277091522,410359,1.277091522,-0.0005,0.8611,2.870283133,42.6762,49.5579,495.5788,2.87028,,,,,,,,,,,,,,,,,,,,,,,,,,,,,,,,,,,,,,,,,,,,,,,,,,,,,,,--,,,,,,,,,,,,,,,,,,,,,,,,,,,299,0.06903857311,34.2140534,
🇩🇰,Bloopy,0,0,8:44.147,8:44.147,14 Jan 2025,479,(U),865156050683453436,,,https://www.youtube.com/watch?v=mCIohgnMn6Q,8,44,147,524147,524,0,410359,1.27728891,421494,1.243545578,-0.0005,0.7870,2.399333452,46.6511,59.2755,494.9956,2.87328,,,,,,,,,,,,,,,,,,,,,,,,,,,,,,,,,,,,,,,,,,,,,,,,,,,,,,,--,,,,,,,,,,,,,,,,,,,,,,,,,,,479,0.000016865779,0.00999726959,
🇸🇰,NoFear1337,0,0,8:43.284,8:44.223,01 Jan 2024,858,(U),unknown,,,https://www.youtube.com/watch?v=qY2cZ8Sy2uY&list=PLaTJSsRuu2UeeWabBBfNVWALvnefBoL2C&index=3,8,44,223,524223,524,0,410359,1.277474114,446254,1.174718882,-0.0005,0.6512,1.643503615,49.9748,76.7473,494.4484,2.87610,,,,,,,,,,,,,,,,,,,,,,,,,,,,,,,,,,,,,,,,,,,,,,,,,,,,,,,--,,,,,,,,,,,,,,,,,,,,,,,,,,,858,0,0,
🇨🇦,Jay12310,0,0,8:44.276,8:44.276,10 Nov 2025,179,(U),unknown,,,https://www.youtube.com/watch?v=zPHrwr8ViFs&list=PLaTJSsRuu2UcsiC6KEkJwrGp1GaGgPoVG&index=6,8,44,276,524276,524,0,410359,1.277603269,410359,1.277603269,-0.0005,0.9144,2.878063098,45.1769,49.4067,494.0667,2.87806,,,,,,,,,,,,,,,,,,,,,,,,,,,,,,,,,,,,,,,,,,,,,,,,,,,,,,,--,,,,,,,,,,,,,,,,,,,,,,,,,,,179,0.5635304555,278.4216155,
🇺🇸,doogile,0,0,8:43.409,8:44.369,22 Mar 2024,777,(U),3833476757322719608,,,https://www.youtube.com/watch?v=ReityME0-V4,8,44,369,524369,524,0,410359,1.2778299,421494,1.244072276,-0.0005,0.6781,2.406159223,40.0925,59.1271,493.3969,2.88151,,,,,,,,,,,,,,,,,,,,,,,,,,,,,,,,,,,,,,,,,,,,,,,,,,,,,,,--,,,,,,,,,,,,,,,,,,,,,,,,,,,777,0,0,
🇳🇴,skycrab1,0,0,8:43.341,8:44.403,08 May 2024,730,(U),unknown,,,https://www.youtube.com/watch?v=KxM7quLW_a0&list=PLU3_fvoJ1GyMStiA29z37DUPtG47PvOJz&index=19,8,44,403,524403,524,0,410359,1.277912754,421494,1.244152942,-0.0005,0.6942,2.407206144,41.0300,59.1043,493.1519,2.88278,,,,,,,,,,,,,,,,,,,,,,,,,,,,,,,,,,,,,,,,,,,,,,,,,,,,,,,--,,,,,,,,,,,,,,,,,,,,,,,,,,,730,0,0,
🇨🇦,Aquacorde,0,0,8:44.345,8:44.570,08 Jul 2025,304,(U),-1775700207608873533,,,https://www.youtube.com/watch?v=oEQpaV4i5Xo,8,44,570,524570,525,1,410359,1.278319715,410359,1.278319715,-0.0005,0.8590,2.888986507,42.2578,49.1949,491.9489,2.88899,,,,,,,,,,,,,,,,,,,,,,,,,,,,,,,,,,,,,,,,,,,,,,,,,,,,,,,--,,,,,,,,,,,,,,,,,,,,,,,,,,,304,0.0602383311,29.63417849,
🇺🇸,Infume,0,0,8:44.686,8:44.686,21 May 2025,352,(U),unknown,,,https://www.youtube.com/watch?v=sLVc8CxP9NU,8,44,686,524686,525,1,410359,1.278602394,421494,1.244824363,-0.0005,0.8386,2.415936036,49.4071,58.9149,491.1130,2.89331,,,,,,,,,,,,,,,,,,,,,,,,,,,,,,,,,,,,,,,,,,,,,,,,,,,,,,,,,,,,,,,,,,,,,,,,,,,,,,,,,,,,,
🇳🇴,skycrab1,0,0,8:41.713,8:44.753,09 Jun 2024,698,(U),3601997149186064061,,,https://www.youtube.com/watch?v=ARk7_DpxA8k&list=PLU3_fvoJ1GyMStiA29z37DUPtG47PvOJz&index=27,8,44,753,524753,525,1,410359,1.278765666,421494,1.244983321,-0.0005,0.7054,2.418006971,41.5265,58.8700,490.6302,2.89580,,,,,,,,,,,,,,,,,,,,,,,,,,,,,,,,,,,,,,,,,,,,,,,,,,,,,,,--,,,,,,,,,,,,,,,,,,,,,,,,,,,698,0,0,
🇸🇰,NoFear1337,0,0,8:44.741,8:45.020,09 Dec 2025,150,(U),unknown,,,https://www.youtube.com/watch?v=LrqzlWWtJ5s,8,45,20,525020,525,0,410359,1.279416316,410359,1.279416316,-0.0005,0.9277,2.905777306,45.3393,48.8706,488.7056,2.90578,,,,,,,,,,,,,,,,,,,,,,,,,,,,,,,,,,,,,,,,,,,,,,,,,,,,,,,--,,,,,,,,,,,,,,,,,,,,,,,,,,,150,0.7135519747,348.7168283,
🇫🇮,sadekeppi,0,1,8:45.285,8:45.285,11 Jan 2025,482,(V),-7902621488584533605,,,https://www.speedrun.com/mc/runs/yoq7jxdz,8,45,285,525285,525,0,410359,1.280062092,421494,1.246245498,-0.0005,0.7858,2.434507223,45.9819,58.5130,486.7947,2.91571,,,,,,,,,,,,,,,,,,,,,,,,,,,,,,,,,,,,,,,,,,,,,,,,,,,,,,,,,,,,,,,,,,,,,,,,,,,,,,,,,,482,0.00001370134164,0.008017065553,
🇫🇮,iluappi,0,1,8:43.470,8:45.874,31 Jul 2025,281,(V),-5964250352143644519,,,https://www.speedrun.com/mc/runs/yljxnnkm,8,45,874,525874,526,1,410359,1.281497421,410359,1.281497421,-0.0005,0.8689,2.937880859,41.9295,48.2545,482.5453,2.93788,,,,,,,,,,,,,,,,,,,,,,,,,,,,,,,,,,,,,,,,,,,,,,,,,,,,,,,--,,,,,,,,,,,,,,,,,,,,,,,,,,,281,0.1087390722,52.47153233,
🇹🇿,Kxpow,0,1,8:39.054,8:45.890,29 May 2023,1075,(X),-8065244563761891233,08,Yes,https://www.youtube.com/watch?v=_Wdwq60t9tg,8,45,890,525890,526,1,410359,1.281536411,465828,1.128936002,-0.0005,0.5842,1.268571434,50.0901,85.7403,482.4299,2.93849,,,,,,,,,,,,,,,,,,,,,,,,,,,,,,,,,,,,,,,,,,,,,,,,,,,,,,,--,,,,,,,,,,,,,,,,,,,,,,,,,,,1075,0,0,
🇸🇰,NoFear1337,0,1,8:43.898,8:45.910,06 Apr 2023,1128,(V),-7753826472617365003,06,Yes,https://www.speedrun.com/mc/run/ywv7303z,8,45,910,525910,526,1,410359,1.281585149,465828,1.128978936,-0.0005,0.5689,1.268882561,48.7760,85.7330,482.2855,2.93924,,,,,,,,,,,,,,,,,,,,,,,,,,,,,,,,,,,,,,,,,,,,,,,,,,,,,,,--,,,,,,,,,,,,,,,,,,,,,,,,,,,1128,0,0,
🇺🇸,doogile,0,1,8:46.031,8:46.031,27 Oct 2022,1289,(V),8426484340228880879,,,https://www.speedrun.com/mc/runs/zq95v58y,8,46,31,526031,526,0,410359,1.281880012,517884,1.015731322,-0.0005,0.5249,0.6577273206,51.9563,98.9786,481.4122,2.94382,,,,,,,,,,,,,,,,,,,,,,,,,,,,,,,,,,,,,,,,,,,,,,,,,,,,,,,--,,,,,,,,,,,,,,,,,,,,,,,,,,,1289,0,0,
🇳🇴,skycrab1,0,0,8:45.053,8:46.049,08 Nov 2025,181,(U),see video,,,https://www.youtube.com/watch?v=wAckC_nZcLI&list=PLU3_fvoJ1GyMStiA29z37DUPtG47PvOJz&index=148,8,46,49,526049,526,0,410359,1.281923876,410359,1.281923876,-0.0005,0.9135,2.944498179,43.9639,48.1282,481.2822,2.94450,,,,,,,,,,,,,,,,,,,,,,,,,,,,,,,,,,,,,,,,,,,,,,,,,,,,,,,--,,,,,,,,,,,,,,,,,,,,,,,,,,,181,0.5526811091,265.9956053,
🇺🇸,Bloon,0,1,8:44.182,8:46.079,16 Sep 2023,965,(V),-6259156646960673664,,,https://www.speedrun.com/mc/runs/zne8x33z,8,46,79,526079,526,0,410359,1.281996983,465828,1.129341731,-0.0005,0.6172,1.271514422,52.8792,85.6706,481.0657,2.94563,,,,,,,,,,,,,,,,,,,,,,,,,,,,,,,,,,,,,,,,,,,,,,,,,,,,,,,,,,,,,,,,,,,,,,,,,,,,,,,,,,,,,
🇦🇿,KenanKardes,0,1,8:45.460,8:46.120,27 Jun 2024,680,(V),-2790104330333108477,,,https://www.speedrun.com/mc/runs/y9jrkkem,8,46,120,526120,526,0,410359,1.282096896,421494,1.248226547,-0.0005,0.7118,2.460608176,41.2477,57.9508,480.7697,2.94719,,,,,,,,,,,,,,,,,,,,,,,,,,,,,,,,,,,,,,,,,,,,,,,,,,,,,,,,,,,,,,,,,,,,,,,,,,,,,,,,,,680,0,0,
🇳🇴,skycrab1,0,0,8:46.360,8:46.475,05 Dec 2025,154,(U),see video,,,https://www.youtube.com/watch?v=21D0838rJEA&list=PLU3_fvoJ1GyMStiA29z37DUPtG47PvOJz&index=151,8,46,475,526475,526,0,410359,1.282961992,410359,1.282961992,-0.0005,0.9259,2.960661937,44.2767,47.8207,478.2066,2.96066,,,,,,,,,,,,,,,,,,,,,,,,,,,,,,,,,,,,,,,,,,,,,,,,,,,,,,,--,,,,,,,,,,,,,,,,,,,,,,,,,,,154,0.6940395025,331.8942584,
🇺🇸,Infume,0,1,8:45.718,8:45.457,22 Sep 2024,593,(V),3279252009956815997,,,https://www.speedrun.com/mc/runs/meg0139y,8,45,457,525457,525,0,410359,1.280481237,421494,1.24665357,-0.0005,0.7434,2.43986338,43.4135,58.3974,485.5541,2.92217,,,,,,,,,,,,,,,,,,,,,,,,,,,,,,,,,,,,,,,,,,,,,,,,,,,,,,,,,,,,,,,,,,,,,,,,,,,,,,,,,,,,,
🇺🇸,meebie,0,0,8:46.730,8:46.730,31 Aug 2024,615,(U),-1594197392145476989,,,https://www.youtube.com/watch?v=zkLphmIsY5Y&list=PLaTJSsRuu2Ufk7cX7bUTt9V-IJxa8wqSM&index=16,8,46,730,526730,527,1,410359,1.283583399,421494,1.249673779,-0.0005,0.7353,2.479833685,42.3073,57.5387,476.3649,2.97038,,,,,,,,,,,,,,,,,,,,,,,,,,,,,,,,,,,,,,,,,,,,,,,,,,,,,,,,,,,,,,,,,,,,,,,,,,,,,,,,,,615,0,0.00000004548906572,
🇳🇴,skycrab1,0,0,8:46.809,8:46.809,19 Dec 2025,140,(U),see video,,,https://www.youtube.com/watch?v=C7eIdtsV1E0&list=PLU3_fvoJ1GyMStiA29z37DUPtG47PvOJz&index=161,8,46,809,526809,527,1,410359,1.283775913,410359,1.283775913,-0.0005,0.9324,2.97338993,44.3628,47.5794,475.7943,2.97339,,,,,,,,,,,,,,,,,,,,,,,,,,,,,,,,,,,,,,,,,,,,,,,,,,,,,,,--,,,,,,,,,,,,,,,,,,,,,,,,,,,140,0.7600280032,361.6169933,
🇹🇿,Kxpow,0,0,8:45.615,8:46.891,23 May 2024,715,(U),unknown,,,https://www.youtube.com/watch?v=hyrD8CeOnTI,8,46,891,526891,527,1,410359,1.283975738,421494,1.250055754,-0.0005,0.6994,2.484930288,40.1677,57.4298,475.2020,2.97652,,,,,,,,,,,,,,,,,,,,,,,,,,,,,,,,,,,,,,,,,,,,,,,,,,,,,,,,,,,,,,,,,,,,,,,,,,,,,,,,,,,,,
🇺🇸,doogile,0,0,8:45.693,8:47.009,10 Jun 2023,1063,(U),3305404777235060755,,,https://www.youtube.com/watch?v=LJc8Ue_wMxc,8,47,9,527009,527,0,410359,1.284263291,465828,1.131338176,-0.0005,0.5877,1.286088516,50.1473,85.3248,474.3495,2.98103,,,,,,,,,,,,,,,,,,,,,,,,,,,,,,,,,,,,,,,,,,,,,,,,,,,,,,,--,,,,,,,,,,,,,,,,,,,,,,,,,,,1063,0,0,
🇫🇷,Poni,0,1,8:45.604,8:47.223,02 Oct 2022,1314,(V),-1837751846856531191,,,https://www.youtube.com/watch?v=XF7fO8ptCng,8,47,223,527223,527,0,410359,1.284784786,517884,1.018032996,-0.0005,0.5184,0.6666344622,51.2264,98.8156,472.8033,2.98923,,,,,,,,,,,,,,,,,,,,,,,,,,,,,,,,,,,,,,,,,,,,,,,,,,,,,,,,,,,,,,,,,,,,,,,,,,,,,,,,,,,,,
🇫🇮,sadekeppi,0,0,8:46.062,8:47.235,05 Mar 2025,429,(U),unknown,,,https://www.youtube.com/watch?v=PmJBX5UDkaQ,8,47,235,527235,527,0,410359,1.284814029,421494,1.250871899,-0.0005,0.8069,2.49585128,46.1546,57.1967,472.7166,2.98969,,,,,,,,,,,,,,,,,,,,,,,,,,,,,,,,,,,,,,,,,,,,,,,,,,,,,,,,,,,,,,,,,,,,,,,,,,,,,,,,,,429,0.0003724681974,0.2130396382,
🇨🇦,bluescaled,0,1,8:47.616,8:47.616,21 Apr 2024,747,(V),2917123539303046566,,,https://www.speedrun.com/mc/runs/y22e7l7y,8,47,616,527616,528,1,410359,1.285742484,421494,1.251775826,-0.0005,0.6883,2.507996916,39.1918,56.9382,469.9633,3.00434,,,,,,,,,,,,,,,,,,,,,,,,,,,,,,,,,,,,,,,,,,,,,,,,,,,,,,,,,,,,,,,,,,,,,,,,,,,,,,,,,,,,,
🇨🇦,21mustard,0,1,8:47.222,8:47.675,11 Oct 2024,574,(V),7459329575802108907,,,https://www.speedrun.com/mc/runs/yj9qjr3z,8,47,675,527675,528,1,410359,1.285886261,421494,1.251915804,-0.0005,0.7505,2.509882448,42.7027,56.8981,469.5368,3.00662,,,,,,,,,,,,,,,,,,,,,,,,,,,,,,,,,,,,,,,,,,,,,,,,,,,,,,,,,,,,,,,,,,,,,,,,,,,,,,,,,,,,,
🇹🇿,Kxpow,0,0,8:44.127,8:47.693,03 Jul 2024,674,(U),-6959476761706024628,,,https://www.youtube.com/watch?v=lpnHvetQjc0,8,47,693,527693,528,1,410359,1.285930125,421494,1.251958509,-0.0005,0.7139,2.510457946,40.6113,56.8859,469.4067,3.00731,,,,,,,,,,,,,,,,,,,,,,,,,,,,,,,,,,,,,,,,,,,,,,,,,,,,,,,,,,,,,,,,,,,,,,,,,,,,,,,,,,,,,
🇳🇴,skycrab1,0,0,8:48.708,8:48.708,20 Sep 2025,230,(U),see video,,,https://www.youtube.com/watch?v=QaK_cdmaPKQ&list=PLU3_fvoJ1GyMStiA29z37DUPtG47PvOJz&index=138,8,48,708,528708,529,1,410359,1.288403569,410359,1.288403569,-0.0005,0.8914,3.046683136,41.1873,46.2069,462.0688,3.04668,,,,,,,,,,,,,,,,,,,,,,,,,,,,,,,,,,,,,,,,,,,,,,,,,,,,,,,--,,,,,,,,,,,,,,,,,,,,,,,,,,,230,0.2962060358,136.8675767,
🇫🇮,sadekeppi,0,0,8:47.747,8:47.747,08 Dec 2025,151,(U),unknown,,,https://www.youtube.com/watch?v=U0VSovfqp08,8,47,747,527747,528,1,410359,1.286061717,410359,1.286061717,-0.0005,0.9273,3.009394927,43.4909,46.9016,469.0164,3.00939,,,,,,,,,,,,,,,,,,,,,,,,,,,,,,,,,,,,,,,,,,,,,,,,,,,,,,,,,,,,,,,,,,,,,,,,,,,,,,,,,,151,0.708719754,332.4012131,
🇰🇷,temp_gd,0,1,8:44.823,8:47.833,16 Aug 2024,630,(V),7789304644075460763,,,https://www.speedrun.com/mc/runs/y2w7q3jy,8,47,833,527833,528,1,410359,1.286271289,421494,1.252290661,-0.0005,0.7298,2.51493807,41.4453,56.7908,468.3948,3.01272,,,,,,,,,,,,,,,,,,,,,,,,,,,,,,,,,,,,,,,,,,,,,,,,,,,,,,,,,,,,,,,,,,,,,,,,,,,,,,,,,,,,,
🇺🇸,doogile,0,0,8:46.578,8:47.860,20 Aug 2023,992,(U),4103179370625614995,,,https://www.youtube.com/watch?v=uDN8xoI81Ys,8,47,860,527860,528,1,410359,1.286337085,465828,1.133165031,-0.0005,0.6090,1.299560486,51.7646,85.0047,468.1996,3.01376,,,,,,,,,,,,,,,,,,,,,,,,,,,,,,,,,,,,,,,,,,,,,,,,,,,,,,,--,,,,,,,,,,,,,,,,,,,,,,,,,,,992,0,0,
🇳🇴,skycrab1,0,0,8:47.874,8:47.874,27 Nov 2024,527,(U),6699117318653298892,,,https://www.youtube.com/watch?v=5ukarnI5ByU&list=PLU3_fvoJ1GyMStiA29z37DUPtG47PvOJz&index=99,8,47,874,527874,528,1,410359,1.286371202,421494,1.252387934,-0.0005,0.7684,2.516251456,43.6142,56.7629,468.0984,3.01430,,,,,,,,,,,,,,,,,,,,,,,,,,,,,,,,,,,,,,,,,,,,,,,,,,,,,,,--,,,,,,,,,,,,,,,,,,,,,,,,,,,527,0.000000440076043,0.0002497998312,
🇩🇰,Bloopy,0,0,8:47.901,8:47.901,22 Sep 2024,593,(U),3928864958060769511,,,https://www.youtube.com/watch?v=aNxuLYPmOdo,8,47,901,527901,528,1,410359,1.286436998,421494,1.252451992,-0.0005,0.7434,2.517116704,42.1848,56.7445,467.9033,3.01534,,,,,,,,,,,,,,,,,,,,,,,,,,,,,,,,,,,,,,,,,,,,,,,,,,,,,,,--,,,,,,,,,,,,,,,,,,,,,,,,,,,593,0.0000000008785171382,0.0000004985103401,
🇨🇦,silverr,0,1,8:46.965,8:47.927,22 Oct 2022,1294,(V),2855607942042314683,,,https://www.speedrun.com/mc/runs/zgq688ey,8,47,927,527927,528,1,410359,1.286500357,517884,1.019392374,-0.0005,0.5236,0.6719521086,51.6900,98.7177,467.7153,3.01635,,,,,,,,,,,,,,,,,,,,,,,,,,,,,,,,,,,,,,,,,,,,,,,,,,,,,,,--,,,,,,,,,,,,,,,,,,,,,,,,,,,1294,0,0,
🇺🇸,doogile,0,0,8:46.669,8:48.064,10 Dec 2023,880,(U),-842020506674052183,,,https://www.youtube.com/watch?v=lirP0lAFhMI,8,48,64,528064,528,0,410359,1.286834211,446254,1.183326088,-0.0005,0.6440,1.724430288,48.1778,74.8060,466.7250,3.02165,,,,,,,,,,,,,,,,,,,,,,,,,,,,,,,,,,,,,,,,,,,,,,,,,,,,,,,--,,,,,,,,,,,,,,,,,,,,,,,,,,,880,0,0,
🇺🇸,doogile,0,0,8:48.089,8:48.089,23 Jul 2024,654,(U),-8431738247847193587,,,https://www.youtube.com/watch?v=RMvtU2KWgYM,8,48,89,528089,528,0,410359,1.286895133,421494,1.252898025,-0.0005,0.7211,2.523148755,40.8253,56.6166,466.5442,3.02262,,,,,,,,,,,,,,,,,,,,,,,,,,,,,,,,,,,,,,,,,,,,,,,,,,,,,,,--,,,,,,,,,,,,,,,,,,,,,,,,,,,654,0,0.000000000402334034,
🇳🇴,skycrab1,0,0,8:48.272,8:48.272,07 Feb 2026,90,(U),unknown,,,https://www.youtube.com/watch?v=mNshDsaAVzc&list=PLU3_fvoJ1GyMStiA29z37DUPtG47PvOJz&index=169,8,48,272,528272,528,0,410359,1.287341084,410359,1.287341084,-0.0005,0.9560,3.029715247,44.4750,46.5221,465.2212,3.02972,,,,,,,,,,,,,,,,,,,,,,,,,,,,,,,,,,,,,,,,,,,,,,,,,,,,,,,,,,,,,,,,,,,,,,,,,,,,,,,,,,90,0.9296937948,432.5133034,
🇨🇦,NoHacsJustRoblox,0,0,8:48.505,8:48.505,08 May 2024,730,(U),unknown,,,https://www.youtube.com/watch?v=5UDUfLkhEoQ,8,48,505,528505,529,1,410359,1.28790888,421494,1.25388499,-0.0005,0.6942,2.536542154,39.1064,56.3333,463.5366,3.03877,,,,,,,,,,,,,,,,,,,,,,,,,,,,,,,,,,,,,,,,,,,,,,,,,,,,,,,--,,,,,,,,,,,,,,,,,,,,,,,,,,,730,0,0,
🇩🇰,Bloopy,0,0,8:48.509,8:48.509,06 Apr 2026,32,(U),5863096878600780723,,,https://www.youtube.com/watch?v=VfwUs71-gkQ,8,48,509,528509,529,1,410359,1.287918627,410359,1.287918627,-0.0005,0.9841,3.038928199,45.6151,46.3508,463.5077,3.03893,,,,,,,,,,,,,,,,,,,,,,,,,,,,,,,,,,,,,,,,,,,,,,,,,,,,,,,,,,,,,,,,,,,,,,,,,,,,,,,,,,32,0.9967285628,461.9913795,
🇳🇴,skycrab1,0,0,8:48.529,8:48.529,03 Feb 2025,459,(U),2881897363802283355,,,https://www.youtube.com/watch?v=-3u6nTAXcUM&list=PLU3_fvoJ1GyMStiA29z37DUPtG47PvOJz&index=114,8,48,529,528529,529,1,410359,1.287967365,421494,1.25394193,-0.0005,0.7949,2.537316782,44.7681,56.3169,463.3631,3.03971,,,,,,,,,,,,,,,,,,,,,,,,,,,,,,,,,,,,,,,,,,,,,,,,,,,,,,,--,,,,,,,,,,,,,,,,,,,,,,,,,,,459,0.00006313357109,0.03555489463,
🇳🇴,skycrab1,0,0,8:48.873,8:48.873,10 Dec 2024,514,(U),2315176208545760284,,,https://www.youtube.com/watch?v=_u3kwy8rXbI&list=PLU3_fvoJ1GyMStiA29z37DUPtG47PvOJz&index=102,8,48,873,528873,529,1,410359,1.288805656,421494,1.254758075,-0.0005,0.7734,2.548443004,43.3722,56.0823,460.8757,3.05313,,,,,,,,,,,,,,,,,,,,,,,,,,,,,,,,,,,,,,,,,,,,,,,,,,,,,,,--,,,,,,,,,,,,,,,,,,,,,,,,,,,514,0.000001265966875,0.0007099827573,
🇺🇸,zylenox,0,0,8:45.820,8:48.997,15 Oct 2025,205,(U),unknown,,,https://www.youtube.com/watch?v=V6zCvGFaLyo,8,48,997,528997,529,1,410359,1.28910783,410359,1.28910783,-0.0005,0.9026,3.057976561,41.5167,45.9979,459.9791,3.05798,,,,,,,,,,,,,,,,,,,,,,,,,,,,,,,,,,,,,,,,,,,,,,,,,,,,,,,,,,,,,,,,,,,,,,,,,,,,,,,,,,,,,
🇫🇮,sadekeppi,0,0,8:49.348,8:49.348,19 Feb 2026,78,(U),unknown,,,https://www.youtube.com/watch?v=DQEdLEhfIcw,8,49,348,529348,529,0,410359,1.289963179,410359,1.289963179,-0.0005,0.9618,3.071742672,43.9944,45.7441,457.4409,3.07174,,,,,,,,,,,,,,,,,,,,,,,,,,,,,,,,,,,,,,,,,,,,,,,,,,,,,,,,,,,,,,,,,,,,,,,,,,,,,,,,,,,,,
🇳🇴,skycrab1,0,0,8:49.409,8:49.409,28 May 2025,345,(U),unknown,,,https://www.youtube.com/watch?v=xyDX6i-JbRU&list=PLU3_fvoJ1GyMStiA29z37DUPtG47PvOJz&index=128,8,49,409,529409,529,0,410359,1.290111829,421494,1.256029742,-0.0005,0.8416,2.565865971,46.8882,55.7159,456.9997,3.07414,,,,,,,,,,,,,,,,,,,,,,,,,,,,,,,,,,,,,,,,,,,,,,,,,,,,,,,--,,,,,,,,,,,,,,,,,,,,,,,,,,,345,0.01646756649,9.175059542,
🇳🇴,skycrab1,0,0,8:49.441,8:49.441,06 Mar 2026,63,(U),unknown,,,https://www.youtube.com/watch?v=IpU2pIs3HGI&list=PLU3_fvoJ1GyMStiA29z37DUPtG47PvOJz&index=163,8,49,441,529441,529,0,410359,1.290189809,410359,1.290189809,-0.0005,0.9690,3.075399292,44.2604,45.6768,456.7683,3.07540,,,,,,,,,,,,,,,,,,,,,,,,,,,,,,,,,,,,,,,,,,,,,,,,,,,,,,,,,,,,,,,,,,,,,,,,,,,,,,,,,,63,0.9753053281,445.4885757,
🇵🇱,watermelon1708,0,0,8:45.180,8:49.596,22 Dec 2025,137,(U),see video,,,https://www.youtube.com/watch?v=oDrlzG59d00,8,49,596,529596,530,1,410359,1.290567527,410359,1.290567527,-0.0005,0.9338,3.081502229,42.5481,45.5647,455.6474,3.08150,,,,,,,,,,,,,,,,,,,,,,,,,,,,,,,,,,,,,,,,,,,,,,,,,,,,,,,--,,,,,,,,,,,,,,,,,,,,,,,,,,,137,0.7732635841,352.3355632,
🇳🇴,skycrab1,0,0,8:49.496,8:49.628,07 Feb 2026,90,(U),unknown,,,https://www.youtube.com/watch?v=9i8Wohwq8no&list=PLU3_fvoJ1GyMStiA29z37DUPtG47PvOJz&index=168,8,49,628,529628,530,1,410359,1.290645508,410359,1.290645508,-0.0005,0.9560,3.082763525,43.5377,45.5416,455.4160,3.08276,,,,,,,,,,,,,,,,,,,,,,,,,,,,,,,,,,,,,,,,,,,,,,,,,,,,,,,,,,,,,,,,,,,,,,,,,,,,,,,,,,90,0.9296937948,423.3974459,
🇺🇸,Feinberg,0,1,8:49.295,8:49.902,17 Apr 2025,386,(V),1158649802805325651,,,https://www.speedrun.com/mc/runs/m7erj55z,8,49,902,529902,530,1,410359,1.291313216,421494,1.257199391,-0.0005,0.8245,2.581984914,45.6584,55.3783,453.4346,3.09358,,,,,,,,,,,,,,,,,,,,,,,,,,,,,,,,,,,,,,,,,,,,,,,,,,,,,,,,,,,,,,,,,,,,,,,,,,,,,,,,,,,,,
🇳🇴,skycrab1,0,0,8:49.936,8:49.936,08 Nov 2025,181,(U),see video,,,https://www.youtube.com/watch?v=5haOUDeGf-A&list=PLU3_fvoJ1GyMStiA29z37DUPtG47PvOJz&index=149,8,49,936,529936,530,1,410359,1.29139607,410359,1.29139607,-0.0005,0.9135,3.094926909,41.3976,45.3189,453.1887,3.09493,,,,,,,,,,,,,,,,,,,,,,,,,,,,,,,,,,,,,,,,,,,,,,,,,,,,,,,--,,,,,,,,,,,,,,,,,,,,,,,,,,,181,0.5526811091,250.4688419,
🇺🇸,meebie,0,0,8:48.596,8:50.051,03 Sep 2023,978,(U),7299498132050335302,15,Yes,https://www.youtube.com/watch?v=LMy95QFL1VM,8,50,51,530051,530,0,410359,1.291676313,465828,1.137868484,-0.0005,0.6132,1.334850792,51.6126,84.1638,452.3571,3.09948,,,,,,,,,,,,,,,,,,,,,,,,,,,,,,,,,,,,,,,,,,,,,,,,,,,,,,,--,,,,,,,,,,,,,,,,,,,,,,,,,,,978,0,0,
🇫🇮,sadekeppi,0,0,8:50.468,8:50.468,30 Dec 2025,129,(U),unknown,,,https://www.youtube.com/watch?v=eoU6uHpwlCc,8,50,468,530468,530,0,410359,1.292692496,410359,1.292692496,-0.0005,0.9375,3.11603654,42.1274,44.9342,449.3418,3.11604,,,,,,,,,,,,,,,,,,,,,,,,,,,,,,,,,,,,,,,,,,,,,,,,,,,,,,,,,,,,,,,,,,,,,,,,,,,,,,,,,,,,,
🇸🇰,NoFear1337,0,0,8:50.451,8:50.501,19 Oct 2023,932,(U),unknown,,,https://www.youtube.com/watch?v=Wq1CcMWfAsY,8,50,501,530501,531,1,410359,1.292772913,465828,1.138834505,-0.0005,0.6275,1.342208011,52.7032,83.9882,449.1032,3.11735,,,,,,,,,,,,,,,,,,,,,,,,,,,,,,,,,,,,,,,,,,,,,,,,,,,,,,,--,,,,,,,,,,,,,,,,,,,,,,,,,,,932,0,0,
🇨🇦,Aquacorde,0,0,8:50.506,8:50.506,19 Jul 2025,293,(U),-7616555443413747711,,,https://www.youtube.com/watch?v=68HoZv27LzI,8,50,506,530506,531,1,410359,1.292785098,410359,1.292785098,-0.0005,0.8637,3.117549239,38.7871,44.9067,449.0670,3.11755,,,,,,,,,,,,,,,,,,,,,,,,,,,,,,,,,,,,,,,,,,,,,,,,,,,,,,,--,,,,,,,,,,,,,,,,,,,,,,,,,,,293,0.08083253772,36.29922607,
🇺🇸,Reignex,0,0,8:50.578,8:50.578,30 Sep 2023,951,(U),unknown,,,https://www.youtube.com/watch?v=z1feRpPuykI,8,50,578,530578,531,1,410359,1.292960554,465828,1.138999803,-0.0005,0.6216,1.343470669,52.1861,83.9580,448.5464,3.12042,,,,,,,,,,,,,,,,,,,,,,,,,,,,,,,,,,,,,,,,,,,,,,,,,,,,,,,,,,,,,,,,,,,,,,,,,,,,,,,,,,,,,
🇳🇴,skycrab1,0,0,8:50.803,8:50.803,05 May 2025,368,(U),unknown,,,https://www.youtube.com/watch?v=yXdhGgJyuoQ&list=PLU3_fvoJ1GyMStiA29z37DUPtG47PvOJz&index=119,8,50,803,530803,531,1,410359,1.293508854,421494,1.259337025,-0.0005,0.8319,2.611677112,45.5566,54.7598,446.9196,3.12939,,,,,,,,,,,,,,,,,,,,,,,,,,,,,,,,,,,,,,,,,,,,,,,,,,,,,,,--,,,,,,,,,,,,,,,,,,,,,,,,,,,368,0.006849338505,3.750681049,
🇳🇴,skycrab1,0,0,8:50.545,8:51.236,10 Aug 2024,636,(U),-3197286302200123556,,,https://www.youtube.com/watch?v=k1eYrv60vEg&list=PLU3_fvoJ1GyMStiA29z37DUPtG47PvOJz&index=50,8,51,236,531236,531,0,410359,1.294564028,421494,1.260364323,-0.0005,0.7276,2.626054479,39.6265,54.4618,443.7894,3.14674,,,,,,,,,,,,,,,,,,,,,,,,,,,,,,,,,,,,,,,,,,,,,,,,,,,,,,,--,,,,,,,,,,,,,,,,,,,,,,,,,,,636,0,0.000000003659784787,
🇨🇦,NoHacsJustRoblox,0,0,8:51.843,8:52.318,01 Dec 2024,523,(U),unknown,,,https://www.youtube.com/watch?v=Z6z82Y5kP4k,8,52,318,532318,532,0,410359,1.297200744,421494,1.262931382,-0.0005,0.7699,2.662290047,41.3552,53.7153,435.9707,3.19044,,,,,,,,,,,,,,,,,,,,,,,,,,,,,,,,,,,,,,,,,,,,,,,,,,,,,,,--,,,,,,,,,,,,,,,,,,,,,,,,,,,523,0.0000006125920011,0.0003290553899,
🇿🇦,Airpodsz,0,0,8:52.362,8:52.362,16 Jun 2025,326,(U),-3727821509649303195,,,https://www.youtube.com/watch?v=nUrWuk_QNM8&list=PLjW0OIc7zcEcqLcQwe9V6NfJUy0AUDomQ&index=12,8,52,362,532362,532,0,410359,1.297307967,410359,1.297307967,-0.0005,0.8496,3.192228655,37.0127,43.5653,435.6529,3.19223,,,,,,,,,,,,,,,,,,,,,,,,,,,,,,,,,,,,,,,,,,,,,,,,,,,,,,,,,,,,,,,,,,,,,,,,,,,,,,,,,,,,,
🇺🇸,doogile,0,0,8:51.678,8:52.413,10 Dec 2023,880,(U),-5260994394316547335,,,https://www.youtube.com/watch?v=OW5kwKZPOzU,8,52,413,532413,532,0,410359,1.297432248,446254,1.193071659,-0.0005,0.6440,1.820424858,46.7030,72.5161,435.2846,3.19430,,,,,,,,,,,,,,,,,,,,,,,,,,,,,,,,,,,,,,,,,,,,,,,,,,,,,,,--,,,,,,,,,,,,,,,,,,,,,,,,,,,880,0,0,
🇸🇰,NoFear1337,0,0,8:51.877,8:53.246,20 Sep 2025,230,(U),unknown,,,https://www.youtube.com/watch?v=AEz9SIx1tgc,8,53,246,533246,533,0,410359,1.299462178,410359,1.299462178,-0.0005,0.8914,3.228351249,38.2637,42.9270,429.2705,3.22835,,,,,,,,,,,,,,,,,,,,,,,,,,,,,,,,,,,,,,,,,,,,,,,,,,,,,,,--,,,,,,,,,,,,,,,,,,,,,,,,,,,230,0.2962060358,127.1524999,
🇸🇪,Greetings,0,1,8:48.832,8:53.598,13 Dec 2023,877,(V),-1991754109876931903,,,https://www.speedrun.com/mc/runs/z1klew9y,8,53,598,533598,534,1,410359,1.300319964,446254,1.195727097,-0.0005,0.6450,1.847408736,46.3600,71.8757,426.7307,3.24284,,,,,,,,,,,,,,,,,,,,,,,,,,,,,,,,,,,,,,,,,,,,,,,,,,,,,,,,,,,,,,,,,,,,,,,,,,,,,,,,,,,,,
🇩🇰,Bloopy,0,0,8:52.223,8:53.623,28 Feb 2026,69,(U),945686901685258779,,,https://www.youtube.com/watch?v=F4IAOLQREog,8,53,623,533623,534,1,410359,1.300380886,410359,1.300380886,-0.0005,0.9661,3.243866133,41.2085,42.6550,426.5504,3.24387,,,,,,,,,,,,,,,,,,,,,,,,,,,,,,,,,,,,,,,,,,,,,,,,,,,,,,,,,,,,,,,,,,,,,,,,,,,,,,,,,,69,0.9676828303,412.7654642,
🇺🇸,zylenox,0,0,8:49.318,8:53.683,06 Mar 2026,63,(U),unknown,,,https://www.youtube.com/watch?v=atLqoAAuits,8,53,683,533683,534,1,410359,1.300527099,410359,1.300527099,-0.0005,0.9690,3.246341418,41.2904,42.6118,426.1176,3.24634,,,,,,,,,,,,,,,,,,,,,,,,,,,,,,,,,,,,,,,,,,,,,,,,,,,,,,,,,,,,,,,,,,,,,,,,,,,,,,,,,,63,0.9753053281,415.5947398,
🇹🇿,Kxpow,0,0,8:51.774,8:53.737,11 Oct 2025,209,(U),-6043942058155624568,,,https://www.youtube.com/watch?v=FRGK0mq-lPk,8,53,737,533737,534,1,410359,1.300658692,410359,1.300658692,-0.0005,0.9008,3.248570603,38.3485,42.5728,425.7281,3.24857,,,,,,,,,,,,,,,,,,,,,,,,,,,,,,,,,,,,,,,,,,,,,,,,,,,,,,,,,,,,,,,,,,,,,,,,,,,,,,,,,,,,,
🇮🇱,orachi,0,0,8:50.653,8:54.005,30 Mar 2026,39,(U),unknown,,,https://www.youtube.com/watch?v=2ZzDiVnz1n0,8,54,5,534005,534,0,410359,1.301311778,410359,1.301311778,-0.0005,0.9807,3.259654008,41.5612,42.3795,423.7955,3.25965,,,,,,,,,,,,,,,,,,,,,,,,,,,,,,,,,,,,,,,,,,,,,,,,,,,,,,,,,,,,,,,,,,,,,,,,,,,,,,,,,,,,,
🇵🇱,watermelon1708,0,0,8:52.609,8:54.133,05 Nov 2025,184,(U),unknown,,,https://www.youtube.com/watch?v=x_zdSf7bhIg,8,54,133,534133,534,0,410359,1.3016237,410359,1.3016237,-0.0005,0.9121,3.264959364,38.5704,42.2873,422.8727,3.26496,,,,,,,,,,,,,,,,,,,,,,,,,,,,,,,,,,,,,,,,,,,,,,,,,,,,,,,--,,,,,,,,,,,,,,,,,,,,,,,,,,,184,0.5363596254,226.8118517,
🇳🇴,skycrab1,0,0,8:54.230,8:54.230,11 Nov 2024,543,(U),-2877178576147619973,,,https://www.youtube.com/watch?v=65224Q7ZkCQ&list=PLU3_fvoJ1GyMStiA29z37DUPtG47PvOJz&index=92,8,54,230,534230,534,0,410359,1.301860079,421494,1.267467627,-0.0005,0.7622,2.727411726,39.9335,52.3900,422.1735,3.26898,,,,,,,,,,,,,,,,,,,,,,,,,,,,,,,,,,,,,,,,,,,,,,,,,,,,,,,--,,,,,,,,,,,,,,,,,,,,,,,,,,,543,0.0000001113819334,0.00005835304328,
🇹🇿,Kxpow,0,0,8:53.387,8:54.313,24 May 2024,714,(U),3884560685979045965,,,https://www.youtube.com/watch?v=8VHwLAOXpXo,8,54,313,534313,534,0,410359,1.302062341,421494,1.267664546,-0.0005,0.6998,2.730270491,36.6207,52.3324,421.5753,3.27243,,,,,,,,,,,,,,,,,,,,,,,,,,,,,,,,,,,,,,,,,,,,,,,,,,,,,,,,,,,,,,,,,,,,,,,,,,,,,,,,,,,,,
🇮🇪,Corobo,0,1,8:53.731,8:54.386,30 Apr 2023,1104,(V),1354172977527206994,,,https://www.speedrun.com/mc/run/y62775qz,8,54,386,534386,534,0,410359,1.302240234,465828,1.147174494,-0.0005,0.5758,1.407303369,47.4627,82.4296,421.0493,3.27547,,,,,,,,,,,,,,,,,,,,,,,,,,,,,,,,,,,,,,,,,,,,,,,,,,,,,,,,,,,,,,,,,,,,,,,,,,,,,,,,,,,,,
🇫🇮,sadekeppi,0,0,8:55.010,8:55.010,20 Dec 2025,139,(U),unknown,,,https://www.youtube.com/watch?v=j2ynm5Ra1MU,8,55,10,535010,535,0,410359,1.303760853,410359,1.303760853,-0.0005,0.9329,3.301515154,38.8587,41.6555,416.5549,3.30152,,,,,,,,,,,,,,,,,,,,,,,,,,,,,,,,,,,,,,,,,,,,,,,,,,,,,,,,,,,,,,,,,,,,,,,,,,,,,,,,,,139,0.7644781002,318.4471121,
🇳🇴,skycrab1,0,0,8:53.059,8:55.075,17 Jun 2024,690,(U),-1214553875519321530,,,https://www.youtube.com/watch?v=UbiUU4PS8Yg&list=PLU3_fvoJ1GyMStiA29z37DUPtG47PvOJz&index=34,8,55,75,535075,535,0,410359,1.303919251,421494,1.269472401,-0.0005,0.7082,2.75664086,36.6873,51.8022,416.0870,3.30424,,,,,,,,,,,,,,,,,,,,,,,,,,,,,,,,,,,,,,,,,,,,,,,,,,,,,,,--,,,,,,,,,,,,,,,,,,,,,,,,,,,690,0,0,
🇸🇪,Greetings,0,1,8:51.442,8:55.091,16 Oct 2023,935,(V),-998303849944798184,,,https://www.speedrun.com/mc/runs/y6q69wpz,8,55,91,535091,535,0,410359,1.303958241,465828,1.148687928,-0.0005,0.6266,1.419424069,51.4654,82.1387,415.9718,3.30491,,,,,,,,,,,,,,,,,,,,,,,,,,,,,,,,,,,,,,,,,,,,,,,,,,,,,,,,,,,,,,,,,,,,,,,,,,,,,,,,,,,,,
🇺🇸,pizu,0,1,8:54.022,8:55.184,24 May 2025,349,(V),7703092344048773038,,,https://www.speedrun.com/mc/runs/mkw8dklm,8,55,184,535184,535,0,410359,1.304184872,421494,1.269731004,-0.0005,0.8399,2.760431461,43.4437,51.7262,415.3025,3.30881,,,,,,,,,,,,,,,,,,,,,,,,,,,,,,,,,,,,,,,,,,,,,,,,,,,,,,,,,,,,,,,,,,,,,,,,,,,,,,,,,,,,,
🇳🇴,skycrab1,0,0,8:55.209,8:55.494,29 Apr 2025,374,(U),unknown,,,https://www.youtube.com/watch?v=Jv4hwkbrykA&list=PLU3_fvoJ1GyMStiA29z37DUPtG47PvOJz&index=118,8,55,494,535494,535,0,410359,1.304940308,421494,1.270466484,-0.0005,0.8294,2.771237424,42.7248,51.5102,413.0721,3.32184,,,,,,,,,,,,,,,,,,,,,,,,,,,,,,,,,,,,,,,,,,,,,,,,,,,,,,,--,,,,,,,,,,,,,,,,,,,,,,,,,,,374,0.005346236626,2.753857301,
🇮🇹,Ale267,0,1,8:53.440,8:55.565,10 Dec 2023,880,(V),2654444086800961845,,,https://www.speedrun.com/mc/runs/y4kok52m,8,55,565,535565,536,1,410359,1.305113328,446254,1.200134901,-0.0005,0.6440,1.893000716,45.5961,70.7974,412.5615,3.32484,,,,,,,,,,,,,,,,,,,,,,,,,,,,,,,,,,,,,,,,,,,,,,,,,,,,,,,,,,,,,,,,,,,,,,,,,,,,,,,,,,,,,
🇺🇸,Feinberg,0,0,8:55.644,8:55.644,23 Apr 2025,380,(U),5199559453196523459,,,https://www.youtube.com/watch?v=3fE6RVy2Hns,8,55,644,535644,536,1,410359,1.305305842,421494,1.27082236,-0.0005,0.8270,2.776479606,42.5103,51.4056,411.9934,3.32817,,,,,,,,,,,,,,,,,,,,,,,,,,,,,,,,,,,,,,,,,,,,,,,,,,,,,,,,,,,,,,,,,,,,,,,,,,,,,,,,,,,,,
🇵🇱,kazzruns,0,1,8:55.715,8:55.971,13 Nov 2024,541,(V),-8462465597101337145,,,https://www.speedrun.com/mc/runs/y9dr7oem,8,55,971,535971,536,1,410359,1.306102705,421494,1.271598172,-0.0005,0.7630,2.787938138,39.0483,51.1775,409.6427,3.34199,,,,,,,,,,,,,,,,,,,,,,,,,,,,,,,,,,,,,,,,,,,,,,,,,,,,,,,,,,,,,,,,,,,,,,,,,,,,,,,,,,541,0.0000001328504072,0.00006798949851,
🇺🇸,doogile,0,0,8:56.053,8:56.053,24 Mar 2025,410,(U),-4743958313443045268,,,https://www.youtube.com/watch?v=MOF0Iu9SBKo,8,56,53,536053,536,0,410359,1.30630253,421494,1.271792718,-0.0005,0.8146,2.790818116,41.6450,51.1203,409.0535,3.34546,,,,,,,,,,,,,,,,,,,,,,,,,,,,,,,,,,,,,,,,,,,,,,,,,,,,,,,--,,,,,,,,,,,,,,,,,,,,,,,,,,,410,0.001015778465,0.5192685316,
🇺🇸,Crimson,0,1,8:54.994,8:56.208,17 May 2023,1087,(V),3901188098282843839,,,https://www.speedrun.com/mc/run/m3q1wlgy,8,56,208,536208,536,0,410359,1.306680248,465828,1.151085808,-0.0005,0.5807,1.438825272,47.4283,81.6727,407.9400,3.35204,,,,,,,,,,,,,,,,,,,,,,,,,,,,,,,,,,,,,,,,,,,,,,,,,,,,,,,,,,,,,,,,,,,,,,,,,,,,,,,,,,,,,
🇫🇮,megelimc,0,1,8:53.668,8:56.251,03 Aug 2023,1009,(V),4759173544729623169,,,https://www.speedrun.com/mc/run/zqjp6wrm,8,56,251,536251,536,0,410359,1.306785035,465828,1.151178117,-0.0005,0.6038,1.439577002,49.3036,81.6546,407.6311,3.35386,,,,,,,,,,,,,,,,,,,,,,,,,,,,,,,,,,,,,,,,,,,,,,,,,,,,,,,,,,,,,,,,,,,,,,,,,,,,,,,,,,,,,
🇮🇱,Ranik_,0,1,8:46.425,8:56.260,09 Sep 2024,606,(V),-6541623548531621549,,,https://www.speedrun.com/mc/runs/y6eo9opz,8,56,260,536260,536,0,410359,1.306806967,421494,1.272283828,-0.0005,0.7386,2.798100073,37.6506,50.9757,407.5665,3.35424,,,,,,,,,,,,,,,,,,,,,,,,,,,,,,,,,,,,,,,,,,,,,,,,,,,,,,,,,,,,,,,,,,,,,,,,,,,,,,,,,,,,,
🇸🇰,NoFear1337,0,0,8:55.940,8:56.651,09 Sep 2024,606,(U),unknown,,,https://www.youtube.com/watch?v=OFKGxnx2P38&list=PLaTJSsRuu2UeeWabBBfNVWALvnefBoL2C&index=12,8,56,651,536651,537,1,410359,1.307759791,421494,1.273211481,-0.0005,0.7386,2.811900977,37.4489,50.7026,404.7595,3.37089,,,,,,,,,,,,,,,,,,,,,,,,,,,,,,,,,,,,,,,,,,,,,,,,,,,,,,,--,,,,,,,,,,,,,,,,,,,,,,,,,,,606,0.0000000002162682458,0.0000001096535785,
🇸🇰,NoFear1337,0,0,8:55.740,8:56.923,27 Mar 2024,772,(U),unknown,,,https://www.youtube.com/watch?v=NMjC1md2rGE&list=PLaTJSsRuu2UeeWabBBfNVWALvnefBoL2C&index=8,8,56,923,536923,537,1,410359,1.308422625,421494,1.273856805,-0.0005,0.6798,2.821537253,34.3369,50.5124,402.8082,3.38251,,,,,,,,,,,,,,,,,,,,,,,,,,,,,,,,,,,,,,,,,,,,,,,,,,,,,,,--,,,,,,,,,,,,,,,,,,,,,,,,,,,772,0,0,
🇹🇿,Kxpow,0,0,8:55.272,8:57.094,20 Jan 2024,839,(U),7446084260793059276,,,https://www.youtube.com/watch?v=_47g7wdLm7w,8,57,94,537094,537,0,410359,1.308839333,421494,1.274262504,-0.0005,0.6574,2.827610367,33.1270,50.3928,401.5821,3.38984,,,,,,,,,,,,,,,,,,,,,,,,,,,,,,,,,,,,,,,,,,,,,,,,,,,,,,,,,,,,,,,,,,,,,,,,,,,,,,,,,,,,,
🇺🇸,Reignex,0,0,8:57.103,8:57.103,04 Jul 2023,1039,(U),Unknown,,,https://www.youtube.com/watch?v=zJuRWv35UOg,8,57,103,537103,537,0,410359,1.308861265,465828,1.153007119,-0.0005,0.5948,1.454546518,48.3556,81.2947,401.5176,3.39022,,,,,,,,,,,,,,,,,,,,,,,,,,,,,,,,,,,,,,,,,,,,,,,,,,,,,,,,,,,,,,,,,,,,,,,,,,,,,,,,,,,,,
🇩🇰,Bloopy,0,0,8:57.348,8:57.348,14 Mar 2026,55,(U),4967329614795166163,,,https://www.youtube.com/watch?v=fcX2MP-_y2E,8,57,348,537348,537,0,410359,1.309458304,410359,1.309458304,-0.0005,0.9729,3.400743085,38.8918,39.9762,399.7618,3.40074,,,,,,,,,,,,,,,,,,,,,,,,,,,,,,,,,,,,,,,,,,,,,,,,,,,,,,,,,,,,,,,,,,,,,,,,,,,,,,,,,,55,0.9835001388,393.1657927,
🇿🇦,Airpodsz,0,0,8:57.540,8:57.540,20 Mar 2026,49,(U),-2146193489695759329,,,https://www.youtube.com/watch?v=MuYlBvogeeU&list=PLjW0OIc7zcEcqLcQwe9V6NfJUy0AUDomQ&index=3,8,57,540,537540,538,1,410359,1.309926187,410359,1.309926187,-0.0005,0.9758,3.409007667,38.8745,39.8387,398.3866,3.40901,,,,,,,,,,,,,,,,,,,,,,,,,,,,,,,,,,,,,,,,,,,,,,,,,,,,,,,,,,,,,,,,,,,,,,,,,,,,,,,,,,,,,
🇨🇦,Aquacorde,0,1,8:57.720,8:57.720,25 Jul 2024,652,(V),3015905876303256572,,,https://www.speedrun.com/mc/runs/m3j14wdz,8,57,720,537720,538,1,410359,1.310364827,421494,1.275747697,-0.0005,0.7218,2.849942142,36.0576,49.9547,397.0979,3.41677,,,,,,,,,,,,,,,,,,,,,,,,,,,,,,,,,,,,,,,,,,,,,,,,,,,,,,,--,,,,,,,,,,,,,,,,,,,,,,,,,,,652,0,0.0000000004584917244,
🇺🇸,meebie,0,0,8:57.348,8:57.738,18 Aug 2024,628,(U),7618635482659477050,,,https://www.youtube.com/watch?v=IJsF0R7FLR0&list=PLaTJSsRuu2Ufk7cX7bUTt9V-IJxa8wqSM&index=15,8,57,738,537738,538,1,410359,1.310408691,421494,1.275790403,-0.0005,0.7305,2.850586581,36.4837,49.9421,396.9690,3.41755,,,,,,,,,,,,,,,,,,,,,,,,,,,,,,,,,,,,,,,,,,,,,,,,,,,,,,,,,,,,,,,,,,,,,,,,,,,,,,,,,,628,0,0.000000008753032403,
🇨🇦,Aquacorde,0,0,8:57.744,8:57.744,21 Jul 2025,291,(U),2089452302138806331,,,https://www.youtube.com/watch?v=4Cu-z1JTQKs,8,57,744,537744,538,1,410359,1.310423312,410359,1.310423312,-0.0005,0.8646,3.417808214,34.3178,39.6926,396.9261,3.41781,,,,,,,,,,,,,,,,,,,,,,,,,,,,,,,,,,,,,,,,,,,,,,,,,,,,,,,--,,,,,,,,,,,,,,,,,,,,,,,,,,,291,0.08507542185,33.76865354,
🇹🇿,Kxpow,0,0,8:55.692,8:57.890,05 May 2024,733,(U),-851024555308033013,,,https://www.youtube.com/watch?v=wCxU4ZJnPnM,8,57,890,537890,538,1,410359,1.310779098,421494,1.276151025,-0.0005,0.6932,2.85603367,34.5439,49.8356,395.8813,3.42412,,,,,,,,,,,,,,,,,,,,,,,,,,,,,,,,,,,,,,,,,,,,,,,,,,,,,,,,,,,,,,,,,,,,,,,,,,,,,,,,,,,,,
🇳🇴,xzeroxy,0,1,8:59.230,8:59.230,03 Dec 2024,521,(V),5478553775963038982,,,https://www.speedrun.com/mc/runs/y6g3kk6m,8,59,230,539230,539,0,410359,1.314044532,421494,1.279330192,-0.0005,0.7707,2.904455477,37.6825,48.8960,386.3117,3.48252,,,,,,,,,,,,,,,,,,,,,,,,,,,,,,,,,,,,,,,,,,,,,,,,,,,,,,,,,,,,,,,,,,,,,,,,,,,,,,,,,,,,,
🇳🇴,skycrab1,0,0,8:59.293,8:59.293,11 Sep 2024,604,(U),-6389114711842986192,,,https://www.youtube.com/watch?v=8hzE9Hw6gAU&list=PLU3_fvoJ1GyMStiA29z37DUPtG47PvOJz&index=67,8,59,293,539293,539,0,410359,1.314198056,421494,1.27947966,-0.0005,0.7393,2.906749857,36.1180,48.8518,385.8627,3.48529,,,,,,,,,,,,,,,,,,,,,,,,,,,,,,,,,,,,,,,,,,,,,,,,,,,,,,,--,,,,,,,,,,,,,,,,,,,,,,,,,,,604,0.0000000002693831501,0.0000001315985628,
🇩🇰,Bloopy,0,0,8:59.432,8:59.432,16 May 2025,357,(U),-18983467290883032,,,https://www.youtube.com/watch?v=514JjNvEQK4,8,59,432,539432,539,0,410359,1.314536784,421494,1.27980944,-0.0005,0.8365,2.911817752,40.7841,48.7542,384.8723,3.49140,,,,,,,,,,,,,,,,,,,,,,,,,,,,,,,,,,,,,,,,,,,,,,,,,,,,,,,--,,,,,,,,,,,,,,,,,,,,,,,,,,,357,0.01056795151,5.152324394,
🇺🇸,meebie,0,0,8:59.573,8:59.573,19 Nov 2023,901,(U),-1575876630213539597,12,Yes,https://www.youtube.com/watch?v=zJnvTxa-tIw,8,59,573,539573,540,1,410359,1.314880385,465828,1.158309505,-0.0005,0.6373,1.498757232,51.1320,80.2310,383.8682,3.49761,,,,,,,,,,,,,,,,,,,,,,,,,,,,,,,,,,,,,,,,,,,,,,,,,,,,,,,--,,,,,,,,,,,,,,,,,,,,,,,,,,,901,0,0,
🇹🇿,Kxpow,0,0,8:58.491,8:59.754,25 Apr 2025,378,(U),-7011577718832438866,,,https://www.youtube.com/watch?v=R37ovz0afsw,8,59,754,539754,540,1,410359,1.315321462,421494,1.280573389,-0.0005,0.8278,2.923587907,40.1709,48.5281,382.5798,3.50560,,,,,,,,,,,,,,,,,,,,,,,,,,,,,,,,,,,,,,,,,,,,,,,,,,,,,,,,,,,,,,,,,,,,,,,,,,,,,,,,,,,,,
🇩🇰,Bloopy,0,0,9:00.170,9:00.170,05 Oct 2024,580,(U),-5352242782529280836,,,https://www.youtube.com/watch?v=fRLq2qYkV40,9,0,170,540170,540,0,410359,1.316335209,421494,1.281560354,-0.0005,0.7483,2.938856573,36.0932,48.2359,379.6215,3.52401,,,,,,,,,,,,,,,,,,,,,,,,,,,,,,,,,,,,,,,,,,,,,,,,,,,,,,,--,,,,,,,,,,,,,,,,,,,,,,,,,,,580,0.000000003360419566,0.000001620928464,
🇵🇱,okshey,0,0,9:00.060,9:00.305,15 Nov 2025,174,(U),unknown,,,https://www.youtube.com/watch?v=KsYm43TDgBw,9,0,305,540305,540,0,410359,1.316664189,410359,1.316664189,-0.0005,0.9167,3.530008295,34.7111,37.8662,378.6624,3.53001,,,,,,,,,,,,,,,,,,,,,,,,,,,,,,,,,,,,,,,,,,,,,,,,,,,,,,,,,,,,,,,,,,,,,,,,,,,,,,,,,,174,0.5904901053,223.5963963,
🇨🇦,Aquacorde,0,0,9:00.365,9:00.365,21 Aug 2024,625,(U),-3831818911159801954,,,https://www.youtube.com/watch?v=3dW5m8cUe6A,9,0,365,540365,540,0,410359,1.316810403,421494,1.282022994,-0.0005,0.7316,2.946038087,35.1899,48.0989,378.2363,3.53268,,,,,,,,,,,,,,,,,,,,,,,,,,,,,,,,,,,,,,,,,,,,,,,,,,,,,,,--,,,,,,,,,,,,,,,,,,,,,,,,,,,625,0,0.00000001200168422,
🇵🇱,watermelon1708,0,0,8:59.980,9:00.400,06 Dec 2025,153,(U),unknown,,,https://www.youtube.com/watch?v=NKfTh40LmXo,9,0,400,540400,540,0,410359,1.316895694,410359,1.316895694,-0.0005,0.9264,3.53423213,35.0150,37.7988,377.9877,3.53423,,,,,,,,,,,,,,,,,,,,,,,,,,,,,,,,,,,,,,,,,,,,,,,,,,,,,,,--,,,,,,,,,,,,,,,,,,,,,,,,,,,153,0.6989628399,264.1993639,
🇳🇴,skycrab1,0,0,9:00.416,9:00.416,18 Dec 2024,506,(U),-2825863056396066441,,,https://www.youtube.com/watch?v=QuzaLR4dZX0&list=PLU3_fvoJ1GyMStiA29z37DUPtG47PvOJz&index=104,9,0,416,540416,540,0,410359,1.316934684,421494,1.282143993,-0.0005,0.7765,2.947918896,37.3194,48.0630,377.8741,3.53494,,,,,,,,,,,,,,,,,,,,,,,,,,,,,,,,,,,,,,,,,,,,,,,,,,,,,,,--,,,,,,,,,,,,,,,,,,,,,,,,,,,506,0.000002363370925,0.001135907457,
🇺🇸,Feinberg,0,1,8:57.718,9:00.487,15 Oct 2022,1301,(V),6318646588162790338,,,https://www.speedrun.com/mc/runs/z1gxnkrz,9,0,487,540487,540,0,410359,1.317107703,517884,1.043644909,-0.0005,0.5218,0.7742785069,50.4808,96.7464,377.3700,3.53810,,,,,,,,,,,,,,,,,,,,,,,,,,,,,,,,,,,,,,,,,,,,,,,,,,,,,,,,,,,,,,,,,,,,,,,,,,,,,,,,,,,,,
🇳🇴,skycrab1,0,0,8:59.994,9:00.517,15 Aug 2024,631,(U),6950286062050709827,,,https://www.youtube.com/watch?v=GdrxXjooUA4&list=PLU3_fvoJ1GyMStiA29z37DUPtG47PvOJz&index=56,9,0,517,540517,541,1,410359,1.31718081,421494,1.282383616,-0.0005,0.7294,2.95164678,35.0065,47.9920,377.1571,3.53944,,,,,,,,,,,,,,,,,,,,,,,,,,,,,,,,,,,,,,,,,,,,,,,,,,,,,,,--,,,,,,,,,,,,,,,,,,,,,,,,,,,631,0,0.000000005888061439,
🇿🇦,Airpodsz,0,0,9:00.719,9:00.719,18 Jan 2026,110,(U),202293140077516834,,,https://www.youtube.com/watch?v=5CQDNMm5aWc&list=PLjW0OIc7zcEcCMM5essHmBGzf92S0FzKi&index=23,9,0,719,540719,541,1,410359,1.317673062,410359,1.317673062,-0.0005,0.9465,3.548447959,35.5617,37.5724,375.7238,3.54845,,,,,,,,,,,,,,,,,,,,,,,,,,,,,,,,,,,,,,,,,,,,,,,,,,,,,,,,,,,,,,,,,,,,,,,,,,,,,,,,,,,,,
🇸🇰,NoFear1337,0,0,8:57.699,9:00.720,14 Apr 2023,1120,(U),unknown,,,https://www.youtube.com/watch?v=HRrYCllMZvI,9,0,720,540720,541,1,410359,1.317675499,465828,1.160771787,-0.0005,0.5712,1.519704345,45.5406,79.7267,375.7167,3.54849,,,,,,,,,,,,,,,,,,,,,,,,,,,,,,,,,,,,,,,,,,,,,,,,,,,,,,,--,,,,,,,,,,,,,,,,,,,,,,,,,,,1120,0,0,
🇿🇦,Airpodsz,0,0,9:00.930,9:00.930,11 Dec 2025,148,(U),-6589365021336644663,,,https://www.youtube.com/watch?v=yl-ZE4j38zU&list=PLjW0OIc7zcEcCMM5essHmBGzf92S0FzKi&index=20,9,0,930,540930,541,1,410359,1.318187246,410359,1.318187246,-0.0005,0.9287,3.557878595,34.7535,37.4228,374.2278,3.55788,,,,,,,,,,,,,,,,,,,,,,,,,,,,,,,,,,,,,,,,,,,,,,,,,,,,,,,,,,,,,,,,,,,,,,,,,,,,,,,,,,,,,
🇫🇮,AndrewCrow,0,0,9:00.882,9:00.977,18 Feb 2026,79,(U),unknown,,,https://www.youtube.com/watch?v=fdNNViVWFV8,9,0,977,540977,541,1,410359,1.31830178,410359,1.31830178,-0.0005,0.9613,3.559982266,35.9414,37.3895,373.8947,3.55998,,,,,,,,,,,,,,,,,,,,,,,,,,,,,,,,,,,,,,,,,,,,,,,,,,,,,,,,,,,,,,,,,,,,,,,,,,,,,,,,,,79,0.9518918058,355.9072969,
🇳🇴,skycrab1,0,1,8:59.353,9:01.102,05 Nov 2023,915,(V),-7277035047426370667,,,https://www.speedrun.com/mc/runs/yd2e770m,9,1,102,541102,541,0,410359,1.318606391,465828,1.161591832,-0.0005,0.6329,1.526740047,50.3489,79.5573,373.0091,3.56558,,,,,,,,,,,,,,,,,,,,,,,,,,,,,,,,,,,,,,,,,,,,,,,,,,,,,,,--,,,,,,,,,,,,,,,,,,,,,,,,,,,915,0,0,
🇺🇸,doogile,0,0,8:59.983,9:01.127,06 Oct 2023,945,(U),9195494537967252613,,,https://www.youtube.com/watch?v=lUWGWVc40zo,9,1,127,541127,541,0,410359,1.318667313,465828,1.1616455,-0.0005,0.6234,1.527201538,49.5924,79.5462,372.8320,3.56670,,,,,,,,,,,,,,,,,,,,,,,,,,,,,,,,,,,,,,,,,,,,,,,,,,,,,,,--,,,,,,,,,,,,,,,,,,,,,,,,,,,945,0,0,
🇩🇰,Bloopy,0,0,9:01.143,9:01.143,18 Jan 2025,475,(U),-7620737076103346510,,,https://www.youtube.com/watch?v=d9vkKsLySa0,9,1,143,541143,541,0,410359,1.318706304,421494,1.28386881,-0.0005,0.7886,2.97484571,37.4993,47.5519,372.7187,3.56742,,,,,,,,,,,,,,,,,,,,,,,,,,,,,,,,,,,,,,,,,,,,,,,,,,,,,,,--,,,,,,,,,,,,,,,,,,,,,,,,,,,475,0.0000221607578,0.01053785995,
🇺🇸,doogile,0,0,9:01.449,9:01.449,25 May 2024,713,(U),-7536657347809840728,,,https://www.youtube.com/watch?v=fqNFbLGUKeA,9,1,449,541449,541,0,410359,1.319451992,421494,1.284594799,-0.0005,0.7001,2.986244501,33.1415,47.3367,370.5528,3.58117,,,,,,,,,,,,,,,,,,,,,,,,,,,,,,,,,,,,,,,,,,,,,,,,,,,,,,,--,,,,,,,,,,,,,,,,,,,,,,,,,,,713,0,0,
🇩🇰,Bloopy,0,0,9:01.455,9:01.455,29 Jan 2025,464,(U),-3030095061520695931,,,https://www.youtube.com/watch?v=VGY1zOH0JTc,9,1,455,541455,541,0,410359,1.319466613,421494,1.284609034,-0.0005,0.7929,2.986468393,37.5321,47.3324,370.5104,3.58144,,,,,,,,,,,,,,,,,,,,,,,,,,,,,,,,,,,,,,,,,,,,,,,,,,,,,,,--,,,,,,,,,,,,,,,,,,,,,,,,,,,464,0.00004586838767,0.02171062896,
🇵🇱,watermelon1708,0,0,8:59.859,9:01.423,25 Dec 2025,134,(U),see video,,,https://www.youtube.com/watch?v=cE3J7k4Sshc,9,1,423,541423,541,0,410359,1.319388633,410359,1.319388633,-0.0005,0.9352,3.579999417,34.6711,37.0737,370.7368,3.58000,,,,,,,,,,,,,,,,,,,,,,,,,,,,,,,,,,,,,,,,,,,,,,,,,,,,,,,--,,,,,,,,,,,,,,,,,,,,,,,,,,,134,0.7861478499,291.4539185,
🇵🇱,watermelon1708,0,0,8:57.165,9:01.510,21 Oct 2025,199,(U),unknown,,,https://www.youtube.com/watch?v=bgofOfS1s1A,9,1,510,541510,542,1,410359,1.319600642,410359,1.319600642,-0.0005,0.9053,3.583915655,33.5067,37.0121,370.1214,3.58392,,,,,,,,,,,,,,,,,,,,,,,,,,,,,,,,,,,,,,,,,,,,,,,,,,,,,,,--,,,,,,,,,,,,,,,,,,,,,,,,,,,199,0.4547261543,168.3038719,
🇺🇸,Feinberg,0,0,9:01.535,9:01.535,02 May 2023,1102,(U),7702150658606563994,,,https://www.youtube.com/watch?v=2iCRD8BHCck,9,1,535,541535,542,1,410359,1.319661565,465828,1.16252136,-0.0005,0.5764,1.534751188,45.7435,79.3644,369.9446,3.58504,,,,,,,,,,,,,,,,,,,,,,,,,,,,,,,,,,,,,,,,,,,,,,,,,,,,,,,,,,,,,,,,,,,,,,,,,,,,,,,,,,,,,
🇳🇴,skycrab1,0,0,9:01.581,9:01.581,24 Oct 2024,561,(U),5396784990910154852,,,https://www.youtube.com/watch?v=7QvmYogun44&list=PLU3_fvoJ1GyMStiA29z37DUPtG47PvOJz&index=88,9,1,581,541581,542,1,410359,1.319773662,421494,1.28490797,-0.0005,0.7554,2.991173573,35.6883,47.2438,369.6193,3.58711,,,,,,,,,,,,,,,,,,,,,,,,,,,,,,,,,,,,,,,,,,,,,,,,,,,,,,,--,,,,,,,,,,,,,,,,,,,,,,,,,,,561,0.00000002148634758,0.00001015096847,
🇨🇦,NoHacsJustRoblox,0,0,9:00.675,9:01.646,03 Sep 2024,612,(U),7108735323901756884,,,https://www.youtube.com/watch?v=1F8ZBRB354Y,9,1,646,541646,542,1,410359,1.319932059,421494,1.285062184,-0.0005,0.7364,2.993603418,34.7560,47.1981,369.1598,3.59005,,,,,,,,,,,,,,,,,,,,,,,,,,,,,,,,,,,,,,,,,,,,,,,,,,,,,,,--,,,,,,,,,,,,,,,,,,,,,,,,,,,612,0.0000000001109332108,0.00000005235834315,
🇳🇴,skycrab1,0,0,9:01.851,9:01.851,06 Oct 2024,579,(U),5584430862827466527,,,https://www.youtube.com/watch?v=XLXBEG_9Z2M&list=PLU3_fvoJ1GyMStiA29z37DUPtG47PvOJz&index=76,9,1,851,541851,542,1,410359,1.320431622,421494,1.285548549,-0.0005,0.7486,3.001278243,35.2263,47.0538,367.7113,3.59930,,,,,,,,,,,,,,,,,,,,,,,,,,,,,,,,,,,,,,,,,,,,,,,,,,,,,,,--,,,,,,,,,,,,,,,,,,,,,,,,,,,579,0.000000003716609905,0.000001748807838,
🇺🇸,doogile,0,0,9:01.361,9:01.856,17 Mar 2024,782,(U),-423824187334230143,,,https://www.youtube.com/watch?v=9aJOIrN2g-A,9,1,856,541856,542,1,410359,1.320443807,421494,1.285560411,-0.0005,0.6764,3.001465652,31.8239,47.0503,367.6760,3.59953,,,,,,,,,,,,,,,,,,,,,,,,,,,,,,,,,,,,,,,,,,,,,,,,,,,,,,,--,,,,,,,,,,,,,,,,,,,,,,,,,,,782,0,0,
🇺🇸,FooN,0,1,8:57.293,9:01.942,23 Feb 2023,1170,(V),-5695877831493898620,,,https://www.speedrun.com/mc/run/zxnw86qm,9,1,942,541942,542,1,410359,1.320653379,465828,1.163395073,-0.0005,0.5571,1.542316413,44.1129,79.1822,367.0687,3.60342,,,,,,,,,,,,,,,,,,,,,,,,,,,,,,,,,,,,,,,,,,,,,,,,,,,,,,,,,,,,,,,,,,,,,,,,,,,,,,,,,,,,,
🇺🇸,FooN,0,0,8:57.834,9:01.977,27 Mar 2023,1138,(U),3309154460547738819,,,https://www.youtube.com/watch?v=lKsvBCOS7mY,9,1,977,541977,542,1,410359,1.32073867,465828,1.163470208,-0.0005,0.5661,1.542968578,44.8155,79.1665,366.8216,3.60500,,,,,,,,,,,,,,,,,,,,,,,,,,,,,,,,,,,,,,,,,,,,,,,,,,,,,,,,,,,,,,,,,,,,,,,,,,,,,,,,,,,,,
🇺🇸,Crimson,0,0,9:01.997,9:01.997,29 Aug 2023,983,(U),-5988520828336756304,,,https://www.youtube.com/watch?v=RhhfwurxegQ,9,1,997,541997,542,1,410359,1.320787408,465828,1.163513142,-0.0005,0.6117,1.543341358,48.4213,79.1576,366.6804,3.60591,,,,,,,,,,,,,,,,,,,,,,,,,,,,,,,,,,,,,,,,,,,,,,,,,,,,,,,,,,,,,,,,,,,,,,,,,,,,,,,,,,,,,
🇿🇦,Airpodsz,0,0,9:02.293,9:02.293,04 Oct 2025,216,(U),1464731346073354969,,,https://www.youtube.com/watch?v=XqbzG-qNr_Y&list=PLjW0OIc7zcEcCMM5essHmBGzf92S0FzKi&index=12,9,2,293,542293,542,0,410359,1.321508728,410359,1.321508728,-0.0005,0.8976,3.619332129,32.7268,36.4592,364.5922,3.61933,,,,,,,,,,,,,,,,,,,,,,,,,,,,,,,,,,,,,,,,,,,,,,,,,,,,,,,,,,,,,,,,,,,,,,,,,,,,,,,,,,,,,
🇳🇴,skycrab1,0,0,9:02.423,9:02.423,30 Aug 2024,616,(U),3049901205395221348,,,https://www.youtube.com/watch?v=PPXIiFSl4dc&list=PLU3_fvoJ1GyMStiA29z37DUPtG47PvOJz&index=62,9,2,423,542423,542,0,410359,1.321825524,421494,1.286905626,-0.0005,0.7349,3.022785211,34.2848,46.6513,363.6758,3.62524,,,,,,,,,,,,,,,,,,,,,,,,,,,,,,,,,,,,,,,,,,,,,,,,,,,,,,,--,,,,,,,,,,,,,,,,,,,,,,,,,,,616,0,0.0000000329194072,
🇸🇰,NoFear1337,0,0,9:02.402,9:02.859,30 Jun 2025,312,(U),unknown,,,https://www.youtube.com/watch?v=6HhUuitsxGs,9,2,859,542859,543,1,410359,1.322888008,410359,1.322888008,-0.0005,0.8556,3.645125067,30.8520,36.0606,360.6062,3.64513,,,,,,,,,,,,,,,,,,,,,,,,,,,,,,,,,,,,,,,,,,,,,,,,,,,,,,,--,,,,,,,,,,,,,,,,,,,,,,,,,,,312,0.0479722385,17.29908612,
🇩🇰,Bloopy,0,1,9:02.325,9:02.890,20 Jul 2024,657,(U),-3162138013269904068,,,https://www.youtube.com/watch?v=LQVoVG-qCYo,9,2,890,542890,543,1,410359,1.322963551,421494,1.28801359,-0.0005,0.7200,3.040445411,33.3524,46.3226,360.3881,3.64654,,,,,,,,,,,,,,,,,,,,,,,,,,,,,,,,,,,,,,,,,,,,,,,,,,,,,,,--,,,,,,,,,,,,,,,,,,,,,,,,,,,657,0,0.0000000002236085051,
🇹🇿,Kxpow,0,0,9:03.078,9:03.054,21 Nov 2024,533,(U),7835830573202269696,,,https://www.youtube.com/watch?v=sjkM1cm4Mqw,9,3,54,543054,543,0,410359,1.323363201,421494,1.288402682,-0.0005,0.7661,3.046668941,35.3973,46.2071,359.2351,3.65405,,,,,,,,,,,,,,,,,,,,,,,,,,,,,,,,,,,,,,,,,,,,,,,,,,,,,,,,,,,,,,,,,,,,,,,,,,,,,,,,,,,,,
🇩🇰,Bloopy,0,1,9:03.208,9:03.208,09 Mar 2024,790,(V),327741930004183264,,,https://www.speedrun.com/mc/runs/zq8w755z,9,3,208,543208,543,0,410359,1.323738483,421494,1.288768049,-0.0005,0.6737,3.052523262,31.0558,46.0987,358.1532,3.66111,,,,,,,,,,,,,,,,,,,,,,,,,,,,,,,,,,,,,,,,,,,,,,,,,,,,,,,--,,,,,,,,,,,,,,,,,,,,,,,,,,,790,0,0,
🇺🇸,Jamyreaf,0,1,9:03.026,9:03.450,22 Dec 2023,868,(V),5419460951497660528,,,https://www.speedrun.com/mc/runs/zne212vz,9,3,450,543450,543,0,410359,1.32432821,446254,1.21780421,-0.0005,0.6479,2.086151179,42.9525,66.2937,356.4544,3.67223,,,,,,,,,,,,,,,,,,,,,,,,,,,,,,,,,,,,,,,,,,,,,,,,,,,,,,,,,,,,,,,,,,,,,,,,,,,,,,,,,,,,,
🇨🇦,Aquacorde,0,0,9:03.483,9:03.483,15 Jul 2025,297,(U),3586604150107286256,,,https://www.youtube.com/watch?v=HlKgDCEfr1M,9,3,483,543483,543,0,410359,1.324408628,410359,1.324408628,-0.0005,0.8620,3.67374872,30.7064,35.6223,356.2229,3.67375,,,,,,,,,,,,,,,,,,,,,,,,,,,,,,,,,,,,,,,,,,,,,,,,,,,,,,,--,,,,,,,,,,,,,,,,,,,,,,,,,,,297,0.07281689329,25.93904456,
🇿🇦,Airpodsz,0,0,9:03.899,9:03.899,15 Apr 2026,23,(U),-5695150729901952096,,,https://www.youtube.com/watch?v=cX83xI84c9s&list=PLjW0OIc7zcEcCMM5essHmBGzf92S0FzKi&index=43,9,3,899,543899,544,1,410359,1.325422374,410359,1.325422374,-0.0005,0.9886,3.69294101,34.9268,35.3307,353.3075,3.69294,,,,,,,,,,,,,,,,,,,,,,,,,,,,,,,,,,,,,,,,,,,,,,,,,,,,,,,,,,,,,,,,,,,,,,,,,,,,,,,,,,,,,
🇺🇸,doogile,0,0,8:58.672,9:04.680,20 Oct 2023,931,(U),5170768254742346902,,,https://www.youtube.com/watch?v=nX477DDwCp4,9,4,680,544680,545,1,410359,1.327325586,465828,1.169272779,-0.0005,0.6278,1.594104174,48.9295,77.9355,347.8492,3.72921,,,,,,,,,,,,,,,,,,,,,,,,,,,,,,,,,,,,,,,,,,,,,,,,,,,,,,,--,,,,,,,,,,,,,,,,,,,,,,,,,,,931,0,0,
🇳🇴,skycrab1,0,0,9:03.846,9:05.167,01 Dec 2023,889,(U),5228422525265565557,,,https://www.youtube.com/watch?v=Qe_QUpUyPbc&list=PLU3_fvoJ1GyMStiA29z37DUPtG47PvOJz&index=5,9,5,167,545167,545,0,410359,1.328512351,465828,1.170318229,-0.0005,0.6411,1.603480475,49.8232,77.7098,344.4561,3.75199,,,,,,,,,,,,,,,,,,,,,,,,,,,,,,,,,,,,,,,,,,,,,,,,,,,,,,,--,,,,,,,,,,,,,,,,,,,,,,,,,,,889,0,0,
🇺🇸,doogile,0,0,9:03.653,9:05.189,03 Jul 2024,674,(U),-1944357644516820181,,,https://www.youtube.com/watch?v=2PrVhqKEWwk,9,5,189,545189,545,0,410359,1.328565963,421494,1.293467997,-0.0005,0.7139,3.128724843,31.9146,44.7041,344.3031,3.75302,,,,,,,,,,,,,,,,,,,,,,,,,,,,,,,,,,,,,,,,,,,,,,,,,,,,,,,--,,,,,,,,,,,,,,,,,,,,,,,,,,,674,0,0,
🇮🇱,orachi,0,1,8:57.600,9:05.256,25 Jun 2025,317,(U),-7552354587565645070,,,https://www.youtube.com/watch?v=udGViBe-s18,9,5,256,545256,545,0,410359,1.328729235,410359,1.328729235,-0.0005,0.8534,3.756162058,29.3438,34.3837,343.8369,3.75616,,,,,,,,,,,,,,,,,,,,,,,,,,,,,,,,,,,,,,,,,,,,,,,,,,,,,,,,,,,,,,,,,,,,,,,,,,,,,,,,,,,,,
🇨🇦,Jay12310,0,0,9:05.451,9:05.451,16 Mar 2024,783,(U),see video,,,https://www.youtube.com/watch?v=ivDOaiqp9jM&list=PLaTJSsRuu2UcsiC6KEkJwrGp1GaGgPoVG&index=2,9,5,451,545451,545,0,410359,1.329204428,421494,1.294089596,-0.0005,0.6760,3.138928086,30.0972,44.5197,342.4813,3.76532,,,,,,,,,,,,,,,,,,,,,,,,,,,,,,,,,,,,,,,,,,,,,,,,,,,,,,,--,,,,,,,,,,,,,,,,,,,,,,,,,,,783,0,0,
🇨🇿,90Tom,0,1,9:01.644,9:05.616,03 Mar 2023,1162,(V),8054207278677261153,,,https://www.speedrun.com/mc/run/ydgnxwqy,9,5,616,545616,546,1,410359,1.329606515,465828,1.171282104,-0.0005,0.5593,1.612169795,43.3492,77.5008,341.3352,3.77309,,,,,,,,,,,,,,,,,,,,,,,,,,,,,,,,,,,,,,,,,,,,,,,,,,,,,,,,,,,,,,,,,,,,,,,,,,,,,,,,,,,,,
🇺🇸,doogile,0,0,9:05.184,9:05.845,06 Nov 2023,914,(U),5873759299326194645,,,https://www.youtube.com/watch?v=5MtswX7IfB4,9,5,845,545845,546,1,410359,1.330164563,465828,1.171773702,-0.0005,0.6332,1.616618093,49.0042,77.3938,339.7463,3.78390,,,,,,,,,,,,,,,,,,,,,,,,,,,,,,,,,,,,,,,,,,,,,,,,,,,,,,,--,,,,,,,,,,,,,,,,,,,,,,,,,,,914,0,0,
🇳🇴,skycrab1,0,0,9:04.821,9:06.518,16 Oct 2024,569,(U),1509054890108880200,,,https://www.youtube.com/watch?v=o2BhtRPoBl8&list=PLU3_fvoJ1GyMStiA29z37DUPtG47PvOJz&index=83,9,6,518,546518,547,1,410359,1.331804591,421494,1.296621067,-0.0005,0.7524,3.180785909,32.9313,43.7689,335.0878,3.81581,,,,,,,,,,,,,,,,,,,,,,,,,,,,,,,,,,,,,,,,,,,,,,,,,,,,,,,--,,,,,,,,,,,,,,,,,,,,,,,,,,,569,0.00000000998680715,0.000004371116975,
🇺🇸,Feinberg,0,1,9:03.853,9:06.683,29 Aug 2022,1348,(U),8035153315721236887,,,https://www.youtube.com/watch?v=UbeZGrhbc4A,9,6,683,546683,547,1,410359,1.332206678,517884,1.055608978,-0.0005,0.5097,0.8302835723,48.7272,95.6061,333.9483,3.82367,,,,,,,,,,,,,,,,,,,,,,,,,,,,,,,,,,,,,,,,,,,,,,,,,,,,,,,,,,,,,,,,,,,,,,,,,,,,,,,,,,,,,
🇷🇺,aleen,0,1,9:06.179,9:06.732,06 May 2023,1097.458333,(V),4100897809495913321,,,https://www.speedrun.com/mc/run/y8693gdm,9,6,732,546732,547,1,410359,1.332326085,465828,1.173677838,-0.0005,0.5777,1.63395399,44.4683,76.9769,333.6101,3.82601,,,,,,,,,,,,,,,,,,,,,,,,,,,,,,,,,,,,,,,,,,,,,,,,,,,,,,,,,,,,,,,,,,,,,,,,,,,,,,,,,,,,,
🇺🇸,Kruin,0,1,9:03.885,9:06.887,15 Oct 2023,936,(V),7290573103261113412,,,https://www.speedrun.com/mc/runs/m3knr56y,9,6,887,546887,547,1,410359,1.332703803,465828,1.174010579,-0.0005,0.6263,1.637000741,48.1612,76.9036,332.5409,3.83341,,,,,,,,,,,,,,,,,,,,,,,,,,,,,,,,,,,,,,,,,,,,,,,,,,,,,,,,,,,,,,,,,,,,,,,,,,,,,,,,,,,,,
🇺🇸,Reignex,0,0,9:07.014,9:07.014,06 Nov 2023,914,(U),Unknown,,,https://youtu.be/M7Q-8t9ktCs?si=MnwwCmv0kkfe0HjL,9,7,14,547014,547,0,410359,1.333013288,465828,1.174283212,-0.0005,0.6332,1.639500976,48.6558,76.8435,331.6656,3.83948,,,,,,,,,,,,,,,,,,,,,,,,,,,,,,,,,,,,,,,,,,,,,,,,,,,,,,,,,,,,,,,,,,,,,,,,,,,,,,,,,,,,,
🇳🇴,skycrab1,0,0,9:07.149,9:07.149,10 Oct 2024,575,(U),-1175900086044057204,,,https://www.youtube.com/watch?v=A-29KTnAD2I&list=PLU3_fvoJ1GyMStiA29z37DUPtG47PvOJz&index=82,9,7,149,547149,547,0,410359,1.333342269,421494,1.298118123,-0.0005,0.7501,3.205771466,32.4998,43.3252,330.7358,3.84595,,,,,,,,,,,,,,,,,,,,,,,,,,,,,,,,,,,,,,,,,,,,,,,,,,,,,,,--,,,,,,,,,,,,,,,,,,,,,,,,,,,575,0.000000005541849761,0.000002401017233,
🇳🇴,skycrab1,0,0,9:07.112,9:07.112,28 Apr 2025,375,(U),unknown,,,https://www.youtube.com/watch?v=o710MyvzZRc&list=PLU3_fvoJ1GyMStiA29z37DUPtG47PvOJz&index=117,9,7,112,547112,547,0,410359,1.333252104,421494,1.29803034,-0.0005,0.8290,3.204301607,35.9394,43.3512,330.9905,3.84417,,,,,,,,,,,,,,,,,,,,,,,,,,,,,,,,,,,,,,,,,,,,,,,,,,,,,,,--,,,,,,,,,,,,,,,,,,,,,,,,,,,375,0.005125959766,2.222165428,
🇫🇮,sadekeppi,0,0,9:05.453,9:07.231,05 Apr 2025,398,(U),3784350697232535949,,,https://www.youtube.com/watch?v=_6D4CEjB7EI,9,7,231,547231,547,0,410359,1.333542094,421494,1.298312669,-0.0005,0.8195,3.209031116,35.4599,43.2676,330.1713,3.84988,,,,,,,,,,,,,,,,,,,,,,,,,,,,,,,,,,,,,,,,,,,,,,,,,,,,,,,,,,,,,,,,,,,,,,,,,,,,,,,,,,398,0.001828097994,0.7909732329,
🇹🇿,Kxpow,0,0,9:06.897,9:07.297,05 May 2025,368,(U),5215338801678081222,,,https://www.youtube.com/watch?v=jzfuky40oOw,9,7,297,547297,547,0,410359,1.333702928,421494,1.298469255,-0.0005,0.8319,3.211656867,35.9572,43.2212,329.7173,3.85304,,,,,,,,,,,,,,,,,,,,,,,,,,,,,,,,,,,,,,,,,,,,,,,,,,,,,,,,,,,,,,,,,,,,,,,,,,,,,,,,,,,,,
🇫🇮,AndrewCrow,0,0,9:06.737,9:07.310,04 Jul 2025,308,(U),unknown,,,https://www.youtube.com/watch?v=9ykWGMkAK-8,9,7,310,547310,547,0,410359,1.333734608,410359,1.333734608,-0.0005,0.8573,3.853668775,28.2581,32.9628,329.6278,3.85367,,,,,,,,,,,,,,,,,,,,,,,,,,,,,,,,,,,,,,,,,,,,,,,,,,,,,,,,,,,,,,,,,,,,,,,,,,,,,,,,,,308,0.05383609102,17.74587419,
🇳🇴,skycrab1,0,0,9:07.485,9:07.485,08 Feb 2025,454,(U),3737533492080781915,,,https://www.youtube.com/watch?v=vIyLdcMlpzU&list=PLU3_fvoJ1GyMStiA29z37DUPtG47PvOJz&index=116,9,7,485,547485,547,0,410359,1.334161064,421494,1.298915287,-0.0005,0.7969,3.219146699,34.3385,43.0890,328.4248,3.86208,,,,,,,,,,,,,,,,,,,,,,,,,,,,,,,,,,,,,,,,,,,,,,,,,,,,,,,--,,,,,,,,,,,,,,,,,,,,,,,,,,,454,0.00008630125653,0.03718636872,
🇬🇧,ninathepig,0,1,8:54.614,9:07.741,08 Nov 2022,1277,(V),1527477638666863321,,,https://www.speedrun.com/mc/run/z1g48nrz,9,7,741,547741,548,1,410359,1.334784908,495537,1.105348339,-0.0005,0.5281,1.108008388,47.2613,89.4958,326.6670,3.87441,,,,,,,,,,,,,,,,,,,,,,,,,,,,,,,,,,,,,,,,,,,,,,,,,,,,,,,,,,,,,,,,,,,,,,,,,,,,,,,,,,,,,
🇳🇴,skycrab1,0,0,9:07.893,9:07.893,16 Nov 2024,538,(U),3572344265609154792,,,https://www.youtube.com/watch?v=GB4EvDhnAj0&list=PLU3_fvoJ1GyMStiA29z37DUPtG47PvOJz&index=94,9,7,893,547893,548,1,410359,1.335155315,421494,1.299883272,-0.0005,0.7641,3.235454404,32.7071,42.8024,325.6247,3.88175,,,,,,,,,,,,,,,,,,,,,,,,,,,,,,,,,,,,,,,,,,,,,,,,,,,,,,,--,,,,,,,,,,,,,,,,,,,,,,,,,,,538,0.0000001726348443,0.00007389177688,
🇺🇸,doogile,0,0,9:07.950,9:07.950,16 Aug 2024,630,(U),unknown,,,https://www.youtube.com/watch?v=rVh_EFcoA_Q,9,7,950,547950,548,1,410359,1.335294218,421494,1.300018506,-0.0005,0.7298,3.237738494,31.2075,42.7623,325.2340,3.88450,,,,,,,,,,,,,,,,,,,,,,,,,,,,,,,,,,,,,,,,,,,,,,,,,,,,,,,--,,,,,,,,,,,,,,,,,,,,,,,,,,,630,0,0.000000005910959371,
🇳🇴,skycrab1,0,0,9:02.208,9:08.108,24 Aug 2024,622,(U),8200471492953039268,,,https://www.youtube.com/watch?v=7kCryLBekaY&list=PLU3_fvoJ1GyMStiA29z37DUPtG47PvOJz&index=59,9,8,108,548108,548,0,410359,1.335679247,421494,1.300393363,-0.0005,0.7327,3.244077288,31.2512,42.6513,324.1519,3.89215,,,,,,,,,,,,,,,,,,,,,,,,,,,,,,,,,,,,,,,,,,,,,,,,,,,,,,,--,,,,,,,,,,,,,,,,,,,,,,,,,,,622,0,0.00000001510045534,
🇳🇴,skycrab1,0,0,9:08.173,9:08.173,22 Jul 2025,290,(U),unknown,,,https://www.youtube.com/watch?v=ywxlACuqAe0&list=PLU3_fvoJ1GyMStiA29z37DUPtG47PvOJz&index=137,9,8,173,548173,548,0,410359,1.335837645,410359,1.335837645,-0.0005,0.8650,3.89529685,28.0014,32.3707,323.7070,3.89530,,,,,,,,,,,,,,,,,,,,,,,,,,,,,,,,,,,,,,,,,,,,,,,,,,,,,,,--,,,,,,,,,,,,,,,,,,,,,,,,,,,290,0.08725678115,28.24563109,
🇹🇿,Kxpow,0,0,9:04.666,9:08.266,14 Nov 2023,906,(U),-4809940892150569008,,,https://www.youtube.com/watch?v=gg6rLSlqqqc,9,8,266,548266,548,0,410359,1.336064275,465828,1.176970899,-0.0005,0.6357,1.664336141,48.4715,76.2469,323.0708,3.89981,,,,,,,,,,,,,,,,,,,,,,,,,,,,,,,,,,,,,,,,,,,,,,,,,,,,,,,,,,,,,,,,,,,,,,,,,,,,,,,,,,906,0,0,
🇧🇪,boyenn,0,0,9:08.407,9:08.407,09 Mar 2025,425,(U),unknown,,,https://www.youtube.com/watch?v=PIdpIYU0iN8,9,8,407,548407,548,0,410359,1.336407877,421494,1.301102744,-0.0005,0.8086,3.256102898,34.3164,42.4414,322.1069,3.90665,,,,,,,,,,,,,,,,,,,,,,,,,,,,,,,,,,,,,,,,,,,,,,,,,,,,,,,--,,,,,,,,,,,,,,,,,,,,,,,,,,,425,0.0004635656701,0.1967437558,
🇸🇰,NoFear1337,0,0,9:08.371,9:08.421,08 Jun 2023,1065,(U),unknown,,,https://www.youtube.com/watch?v=IffgSK8FXyU,9,8,421,548421,548,0,410359,1.336441993,465828,1.17730364,-0.0005,0.5871,1.667434537,44.7236,76.1725,322.0112,3.90733,,,,,,,,,,,,,,,,,,,,,,,,,,,,,,,,,,,,,,,,,,,,,,,,,,,,,,,--,,,,,,,,,,,,,,,,,,,,,,,,,,,1065,0,0,
🇨🇦,Aquacorde,0,0,9:08.473,9:08.473,17 Jul 2025,295,(U),-4757456621971521047,,,https://www.youtube.com/watch?v=3NgUon3iBFM,9,8,473,548473,548,0,410359,1.336568712,410359,1.336568712,-0.0005,0.8629,3.909860173,27.7545,32.1656,321.6560,3.90986,,,,,,,,,,,,,,,,,,,,,,,,,,,,,,,,,,,,,,,,,,,,,,,,,,,,,,,--,,,,,,,,,,,,,,,,,,,,,,,,,,,295,0.07674726717,24.68621981,
🇸🇰,NoFear1337,0,0,9:05.980,9:08.551,02 Feb 2024,826,(U),unknown,,,https://www.youtube.com/watch?v=4fdVhFGeQgo&list=PLaTJSsRuu2UeeWabBBfNVWALvnefBoL2C&index=5,9,8,551,548551,549,1,410359,1.336758789,421494,1.301444386,-0.0005,0.6617,3.261908547,28.0150,42.3403,321.1234,3.91365,,,,,,,,,,,,,,,,,,,,,,,,,,,,,,,,,,,,,,,,,,,,,,,,,,,,,,,--,,,,,,,,,,,,,,,,,,,,,,,,,,,826,0,0,
🇮🇹,drip120,0,0,9:07.364,9:08.692,01 Nov 2025,188,(U),unknown,,,https://www.youtube.com/watch?v=xe-spdcY7jk,9,8,692,548692,549,1,410359,1.337102391,410359,1.337102391,-0.0005,0.9103,3.920521621,29.1437,32.0161,320.1612,3.92052,,,,,,,,,,,,,,,,,,,,,,,,,,,,,,,,,,,,,,,,,,,,,,,,,,,,,,,--,,,,,,,,,,,,,,,,,,,,,,,,,,,188,0.5145476057,164.7381798,
🇺🇸,doogile,0,0,9:08.808,9:08.808,22 May 2025,351,(U),7495631434322162088,,,https://www.youtube.com/watch?v=p9ACbnS-GcQ,9,8,808,548808,549,1,410359,1.33738507,421494,1.302054122,-0.0005,0.8390,3.272292768,35.3738,42.1600,319.3703,3.92618,,,,,,,,,,,,,,,,,,,,,,,,,,,,,,,,,,,,,,,,,,,,,,,,,,,,,,,--,,,,,,,,,,,,,,,,,,,,,,,,,,,351,0.01324208717,5.582859193,
🇫🇮,Cube1337x,1,1,9:06.178,9:08.820,22 Jan 2022,1567,(V),5182416045755256460,,,https://www.speedrun.com/mc/runs/mr673jdm,9,8,820,548820,549,1,410359,1.337414313,576000,0.9528125,-0.0005,0.4568,0.4564692945,46.6996,102.2310,319.2885,3.92676,,,,,,,,,,,,,,,,,,,,,,,,,,,,,,,,,,,,,,,,,,,,,,,,,,,,,,,--,,,,,,,,,,,,,,,,,,,,,,,,,,,1567,0,0,
🇳🇴,skycrab1,0,0,9:09.076,9:09.076,26 Nov 2024,528,(U),9146773889861471357,,,https://www.youtube.com/watch?v=YABLZ52h9Ug&list=PLU3_fvoJ1GyMStiA29z37DUPtG47PvOJz&index=98,9,9,76,549076,549,0,410359,1.338038157,421494,1.302689955,-0.0005,0.7680,3.283152571,32.2334,41.9720,317.5452,3.93928,,,,,,,,,,,,,,,,,,,,,,,,,,,,,,,,,,,,,,,,,,,,,,,,,,,,,,,--,,,,,,,,,,,,,,,,,,,,,,,,,,,528,0.0000004048313809,0.0001699156707,
🇭🇺,Fe666,0,1,9:06.021,9:09.448,23 Jan 2023,1201,(V),2113816333217399931,,,https://www.speedrun.com/mc/run/y4g7pk2y,9,9,448,549448,549,0,410359,1.33894468,495537,1.108793087,-0.0005,0.5485,1.130204806,48.8108,88.9836,315.0170,3.95752,,,,,,,,,,,,,,,,,,,,,,,,,,,,,,,,,,,,,,,,,,,,,,,,,,,,,,,,,,,,,,,,,,,,,,,,,,,,,,,,,,,,,
🇳🇴,skycrab1,0,0,9:02.533,9:09.719,10 Apr 2024,758,(U),unknown,,,https://www.youtube.com/watch?v=s7Oyw0cBsDM&list=PLU3_fvoJ1GyMStiA29z37DUPtG47PvOJz&index=14,9,9,719,549719,550,1,410359,1.339605078,421494,1.304215481,-0.0005,0.6845,3.309338022,28.4232,41.5212,313.1792,3.97086,,,,,,,,,,,,,,,,,,,,,,,,,,,,,,,,,,,,,,,,,,,,,,,,,,,,,,,--,,,,,,,,,,,,,,,,,,,,,,,,,,,758,0,0,
🇺🇸,doogile,0,0,9:08.362,9:09.903,03 Feb 2024,825,(U),4060064418388945747,,,https://www.youtube.com/watch?v=z1xyWdGMjq8,9,9,903,549903,550,1,410359,1.340053465,421494,1.304652024,-0.0005,0.6620,3.316865105,27.4014,41.3923,311.9333,3.97994,,,,,,,,,,,,,,,,,,,,,,,,,,,,,,,,,,,,,,,,,,,,,,,,,,,,,,,--,,,,,,,,,,,,,,,,,,,,,,,,,,,825,0,0,
🇹🇿,Kxpow,0,0,9:08.845,9:10.172,29 Oct 2024,556,(U),-4790850567885431426,,,https://www.youtube.com/watch?v=RbtDei5_zJ4,9,10,172,550172,550,0,410359,1.340708989,421494,1.30529023,-0.0005,0.7573,3.327896603,31.2036,41.2039,310.1146,3.99324,,,,,,,,,,,,,,,,,,,,,,,,,30 Dec '99,,,,,,,,,,,,,,,,,,,,,,,,,,,,,,--,,,,,,,,,,,,,,,,,,,,,,,,,,,333,0.02490706701,10.24752461,
🇸🇰,NoFear1337,0,0,9:09.128,9:10.259,08 Jun 2025,334,(U),unknown,,,https://www.youtube.com/watch?v=SiADDCUpd7E,9,10,259,550259,550,0,410359,1.340920998,421494,1.305496638,-0.0005,0.8462,3.331471342,34.8152,41.1430,309.5271,3.99756,,,,,,,,,,,,,,,,,,,,,,,,,,,,,,,,,,,,,,,,,,,,,,,,,,,,,,,--,,,,,,,,,,,,,,,,,,,,,,,,,,,334,0.02408971242,9.911240083,
🇹🇿,Kxpow,0,0,9:05.662,9:10.523,09 Nov 2023,911,(U),78496239085493281,,,https://www.youtube.com/watch?v=gieho9nQgi0,9,10,523,550523,551,1,410359,1.341564338,465828,1.181816035,-0.0005,0.6341,1.709975074,47.6563,75.1522,307.7465,4.01066,,,,,,,,,,,,,,,,,,,,,,,,,,,,,,,,,,,,,,,,,,,,,,,,,,,,,,,,,,,,,,,,,,,,,,,,,,,,,,,,,,911,0,0,
🇺🇸,doogile,0,0,9:07.746,9:10.622,05 Nov 2023,915,(U),1666689678537156689,,,https://www.youtube.com/watch?v=VZnZzz2vZfk,9,10,622,550622,551,1,410359,1.34180559,465828,1.18202856,-0.0005,0.6329,1.712002809,47.5303,75.1036,307.0796,4.01559,,,,,,,,,,,,,,,,,,,,,,,,,,,,,,,,,,,,,,,,,,,,,,,,,,,,,,,--,,,,,,,,,,,,,,,,,,,,,,,,,,,915,0,0,
🇳🇴,skycrab1,0,0,9:09.863,9:10.809,08 Mar 2024,791,(U),unknown,,,https://www.youtube.com/watch?v=LhLJ0UepT94&list=PLU3_fvoJ1GyMStiA29z37DUPtG47PvOJz&index=11,9,10,809,550809,551,1,410359,1.342261288,421494,1.30680152,-0.0005,0.6733,3.354148905,27.4443,40.7583,305.8212,4.02491,,,,,,,,,,,,,,,,,,,,,,,,,,,,,,,,,,,,,,,,,,,,,,,,,,,,,,,--,,,,,,,,,,,,,,,,,,,,,,,,,,,791,0,0,
🇭🇷,CroProYT,0,1,9:10.972,9:10.972,06 May 2023,1097.645833,(V),-3937688426642137933,,,https://www.speedrun.com/mc/run/z5p1o7dm,9,10,972,550972,551,1,410359,1.342658501,465828,1.18277991,-0.0005,0.5776,1.71918913,43.2826,74.9315,304.7257,4.03305,,,,,,,,,,,,,,,,,,,,,,,,,,,,,,,,,,,,,,,,,,,,,,,,,,,,,,,,,,,,,,,,,,,,,,,,,,,,,,,,,,,,,
🇺🇸,Feinberg,0,0,9:07.558,9:11.108,05 Mar 2024,794,(U),-6417905259519219654,,,https://www.youtube.com/watch?v=OEKYeJXKFLs,9,11,108,551108,551,0,410359,1.342989919,421494,1.307510902,-0.0005,0.6723,3.366534388,27.2626,40.5493,303.8126,4.03985,,,,,,,,,,,,,,,,,,,,,,,,,,,,,,,,,,,,,,,,,,,,,,,,,,,,,,,,,,,,,,,,,,,,,,,,,,,,,,,,,,,,,
🇨🇦,catJAM19,0,1,9:09.695,9:11.108,21 Oct 2025,199,(V),8621681605212957189,,,https://www.speedrun.com/mc/runs/yw58nw2y,9,11,108,551108,551,0,410359,1.342989919,410359,1.342989919,-0.0005,0.9053,4.039846234,27.5038,30.3813,303.8126,4.03985,,,,,,,,,,,,,,,,,,,,,,,,,,,,,,,,,,,,,,,,,,,,,,,,,,,,,,,,,,,,,,,,,,,,,,,,,,,,,,,,,,,,,
🇳🇴,skycrab1,0,0,9:10.726,9:11.397,13 Jun 2024,694,(U),-8879598757614006862,,,https://www.youtube.com/watch?v=cIcsjmes9iM&list=PLU3_fvoJ1GyMStiA29z37DUPtG47PvOJz&index=29,9,11,397,551397,551,0,410359,1.34369418,421494,1.308196558,-0.0005,0.7068,3.378544019,28.5177,40.3474,301.8753,4.05433,,,,,,,,,,,,,,,,,,,,,,,,,,,,,,,,,,,,,,,,,,,,,,,,,,,,,,,--,,,,,,,,,,,,,,,,,,,,,,,,,,,694,0,0,
🇫🇮,sadekeppi,0,0,9:11.155,9:11.500,28 Mar 2026,41,(U),unknown,,,https://www.youtube.com/watch?v=n1bfxslQnoY,9,11,500,551500,552,1,410359,1.34394518,410359,1.34394518,-0.0005,0.9797,4.059504875,29.5074,30.1186,301.1858,4.05950,,,,,,,,,,,,,,,,,,,,,,,,,,,,,,,,,,,,,,,,,,,,,,,,,,,,,,,,,,,,,,,,,,,,,,,,,,,,,,,,,,,,,
🇳🇴,skycrab1,0,0,9:11.538,9:11.538,19 Dec 2025,140,(U),unknown,,,https://www.youtube.com/watch?v=cGZBFX1-arU&list=PLU3_fvoJ1GyMStiA29z37DUPtG47PvOJz&index=160,9,11,538,551538,552,1,410359,1.344037782,410359,1.344037782,-0.0005,0.9324,4.061415022,28.0587,30.0932,300.9315,4.06142,,,,,,,,,,,,,,,,,,,,,,,,,,,,,,,,,,,,,,,,,,,,,,,,,,,,,,,--,,,,,,,,,,,,,,,,,,,,,,,,,,,140,0.7600280032,228.7163923,
🇫🇮,sadekeppi,0,0,9:11.468,9:11.596,25 Jan 2026,103,(U),unknown,,,https://www.youtube.com/watch?v=bauK5JutqFo,9,11,596,551596,552,1,410359,1.344179121,410359,1.344179121,-0.0005,0.9498,4.064332033,28.5457,30.0544,300.5436,4.06433,,,,,,,,,,,,,,,,,,,,,,,,,,,,,,,,,,,,,,,,,,,,,,,,,,,,,,,,,,,,,,,,,,,,,,,,,,,,,,,,,,,,,
🇳🇴,xzeroxy,0,1,9:04.267,9:11.604,25 Dec 2023,865,(V),861747958763840487,,,https://www.speedrun.com/mc/runs/yjwoo7dm,9,11,604,551604,552,1,410359,1.344198616,446254,1.236076315,-0.0005,0.6489,2.304382723,39.8162,61.3610,300.4901,4.06473,,,,,,,,,,,,,,,,,,,,,,,,,,,,,,,,,,,,,,,,,,,,,,,,,,,,,,,,,,,,,,,,,,,,,,,,,,,,,,,,,,,,,
🇳🇴,skycrab1,0,0,9:11.051,9:11.608,20 Sep 2025,230,(U),unknown,,,https://www.youtube.com/watch?v=jITLzyt8gXQ&list=PLU3_fvoJ1GyMStiA29z37DUPtG47PvOJz&index=141,9,11,608,551608,552,1,410359,1.344208364,410359,1.344208364,-0.0005,0.8914,4.064935782,26.7823,30.0463,300.4634,4.06494,,,,,,,,,,,,,,,,,,,,,,,,,,,,,,,,,,,,,,,,,,,,,,,,,,,,,,,--,,,,,,,,,,,,,,,,,,,,,,,,,,,230,0.2962060358,88.9990666,
🇿🇦,Airpodsz,0,0,9:11.814,9:11.814,14 Jan 2026,114,(U),1219385164880601751,,,https://www.youtube.com/watch?v=qmwuUfY7LMs&list=PLjW0OIc7zcEcCMM5essHmBGzf92S0FzKi&index=22,9,11,814,551814,552,1,410359,1.344710363,410359,1.344710363,-0.0005,0.9446,4.075312439,28.2516,29.9087,299.0871,4.07531,,,,,,,,,,,,,,,,,,,,,,,,,,,,,,,,,,,,,,,,,,,,,,,,,,,,,,,,,,,,,,,,,,,,,,,,,,,,,,,,,,,,,
🇳🇴,skycrab1,0,0,9:11.308,9:12.058,19 Dec 2025,140,(U),see video,,,https://www.youtube.com/watch?v=Z1rqujzYKV8&list=PLU3_fvoJ1GyMStiA29z37DUPtG47PvOJz&index=159,9,12,58,552058,552,0,410359,1.345304965,410359,1.345304965,-0.0005,0.9324,4.087633342,27.7350,29.7460,297.4596,4.08763,,,,,,,,,,,,,,,,,,,,,,,,,,,,,,,,,,,,,,,,,,,,,,,,,,,,,,,--,,,,,,,,,,,,,,,,,,,,,,,,,,,140,0.7600280032,226.0776458,
🇮🇹,drip120,0,0,9:10.678,9:12.062,29 Aug 2024,617,(U),unknown,,,https://www.youtube.com/watch?v=LSRuTRyAUfA,9,12,62,552062,552,0,410359,1.345314712,421494,1.309774279,-0.0005,0.7345,3.406322465,29.2962,39.8833,297.4330,4.08784,,,,   ,,,,,,,,,,,,,,,,,,,,,,,,,,,,,,,,,,,,,,,,,,,,,,,,,,,--,,,,,,,,,,,,,,,,,,,,,,,,,,,617,0,0.00000002511078143,
🇦🇺,Erikfzf,0,1,9:12.227,9:12.227,05 Jul 2023,1038,(V),7337174511026994351,,,https://www.speedrun.com/mc/runs/znvqd5lm,9,12,227,552227,552,0,410359,1.345716799,465828,1.185474038,-0.0005,0.5951,1.74518346,44.2228,74.3096,296.3342,4.09619,,,,,,,,,,,,,,,,,,,,,,,,,,,,,,,,,,,,,,,,,,,,,,,,,,,,,,,,,,,,,,,,,,,,,,,,,,,,,,,,,,,,,
🇫🇮,AndrewCrow,0,0,9:12.154,9:12.313,18 Jun 2025,324,(U),unknown,,,https://www.youtube.com/watch?v=mgqba8qgpQE,9,12,313,552313,552,0,410359,1.345926372,410359,1.345926372,-0.0005,0.8504,4.100544661,25.1528,29.5762,295.7620,4.10054,,,,,,,,,,,,,,,,,,,,,,,,,,,,,,,,,,,,,,,,,,,,,,,,,,,,,,,,,,,,,,,,,,,,,,,,,,,,,,,,,,324,0.0333324994,9.858486955,
🇵🇱,okshey,0,1,9:09.804,9:12.402,11 Aug 2024,635,(V),-2254865974237692647,,,https://www.speedrun.com/mc/runs/z0qrw64m,9,12,402,552402,552,0,410359,1.346143255,421494,1.310580934,-0.0005,0.7280,3.420602747,28.8612,39.6463,295.1703,4.10506,,,,,,,,,,,,,,,,,,,,,,,,,,,,,,,,,,,,,,,,,,,,,,,,,,,,,,,,,,,,,,,,,,,,,,,,,,,,,,,,,,635,0,0.000000003007356585,
🇳🇴,skycrab1,0,0,9:10.431,9:12.727,07 Feb 2026,90,(U),unknown,,,https://www.youtube.com/watch?v=__q_TjQ_FMo&list=PLU3_fvoJ1GyMStiA29z37DUPtG47PvOJz&index=164,9,12,727,552727,553,1,410359,1.346935245,410359,1.346935245,-0.0005,0.9560,4.12158288,28.0120,29.3013,293.0129,4.12158,,,,,,,,,,,,,,,,,,,,,,,,,,,,,,,,,,,,,,,,,,,,,,,,,,,,,,,,,,,,,,,,,,,,,,,,,,,,,,,,,,90,0.9296937948,272.4123031,
🇨🇿,Cursed_Carrot,0,1,9:00.750,9:12.941,11 Mar 2023,1154,(U),2638661032627702990,,,https://www.youtube.com/watch?v=xsjwfJw8KyQ,9,12,941,552941,553,1,410359,1.347456739,465828,1.187006792,-0.0005,0.5616,1.76013128,41.5303,73.9525,291.5954,4.13249,,,,,,,,,,,,,,,,,,,,,,,,,,,,,,,,,,,,,,,,,,,,,,,,,,,,,,,,,,,,,,,,,,,,,,,,,,,,,,,,,,,,,
🇹🇿,Kxpow,0,0,9:12.892,9:13.067,13 Apr 2025,390,(U),-7593319761722198140,,,https://www.youtube.com/watch?v=5-GsNMW2ryY,9,13,67,553067,553,0,410359,1.347763787,421494,1.312158655,-0.0005,0.8228,3.448686176,32.2415,39.1834,290.7619,4.13893,,,,,,,,,,,,,,,,,,,,,,,,,,,,,,,,,,,,,,,,,,,,,,,,,,,,,,,,,,,,,,,,,,,,,,,,,,,,,,,,,,,,,
🇿🇦,Airpodsz,0,0,9:13.123,9:13.123,31 Jan 2026,97,(U),2793387180528208862,,,https://www.youtube.com/watch?v=tWXMNab6zb8&list=PLjW0OIc7zcEcCMM5essHmBGzf92S0FzKi&index=26,9,13,123,553123,553,0,410359,1.347900253,410359,1.347900253,-0.0005,0.9527,4.141795058,27.6644,29.0392,290.3917,4.14180,,,,,,,,,,,,,,,,,,,,,,,,,,,,,,,,,,,,,,,,,,,,,,,,,,,,,,,,,,,,,,,,,,,,,,,,,,,,,,,,,,,,,
🇳🇴,skycrab1,0,0,9:11.847,9:13.147,18 Feb 2024,810,(U),unknown,,,https://www.youtube.com/watch?v=kFt_4d61onA&list=PLU3_fvoJ1GyMStiA29z37DUPtG47PvOJz&index=10,9,13,147,553147,553,0,410359,1.347958739,421494,1.312348456,-0.0005,0.6670,3.452078312,26.0973,39.1278,290.2331,4.14302,,,,,,,,,,,,,,,,,,,,,,,,,,,,,,,,,,,,,,,,,,,,,,,,,,,,,,,--,,,,,,,,,,,,,,,,,,,,,,,,,,,810,0,0,
🇺🇸,doogile,0,0,9:13.305,9:13.305,18 May 2025,355,(U),5319889205923870675,,,https://www.youtube.com/watch?v=ztGEXhDZfOU,9,13,305,553305,553,0,410359,1.348343767,421494,1.312723313,-0.0005,0.8374,3.458786433,32.6721,39.0179,289.1897,4.15111,,,,,,,,,,,,,,,,,,,,,,,,,,,,,,,,,,,,,,,,,,,,,,,,,,,,,,,--,,,,,,,,,,,,,,,,,,,,,,,,,,,355,0.0114029008,4.44917504,
🇵🇱,okshey,0,0,9:12.171,9:13.635,17 Jul 2025,295,(U),unknown,,,https://www.youtube.com/watch?v=ty4JUqRnYw0,9,13,635,553635,554,1,410359,1.349147941,410359,1.349147941,-0.0005,0.8629,4.168056997,24.7654,28.7015,287.0148,4.16806,,,,,,,,,,,,,,,,,,,,,,,,,,,,,,,,,,,,,,,,,,,,,,,,,,,,,,,,,,,,,,,,,,,,,,,,,,,,,,,,,,295,0.07674726717,22.02760087,
🇨🇦,Aquacorde,0,1,9:13.730,9:13.730,02 May 2023,1102,(V),1132467978693802935,,,https://www.speedrun.com/mc/runs/z5poxedm,9,13,730,553730,554,1,410359,1.349379446,465828,1.18870055,-0.0005,0.5764,1.776784501,42.3951,73.5550,286.3898,4.17295,,,,,,,,,,,,,,,,,,,,,,,,,,,,,,,,,,,,,,,,,,,,,,,,,,,,,,,--,,,,,,,,,,,,,,,,,,,,,,,,,,,1102,0,0,
🇸🇰,NoFear1337,0,0,9:10.602,9:13.999,04 Jul 2025,308,(U),unknown,,,https://www.youtube.com/watch?v=yNwHcISAArA,9,13,999,553999,554,1,410359,1.350034969,410359,1.350034969,-0.0005,0.8573,4.186816426,24.3999,28.4623,284.6226,4.18682,,,,,,,,,,,,,,,,,,,,,,,,,,,,,,,,,,,,,,,,,,,,,,,,,,,,,,,--,,,,,,,,,,,,,,,,,,,,,,,,,,,308,0.05383609102,15.32296665,
🇫🇷,AstraF,0,1,9:12.826,9:14.135,24 Oct 2023,927,(V),8692637984665644759,,,https://www.speedrun.com/mc/runs/y4krq6nm,9,14,135,554135,554,0,410359,1.350366387,465828,1.18956997,-0.0005,0.6291,1.785388202,46.1428,73.3499,283.7306,4.19384,,,,,,,,,,,,,,,,,,,,,,,,,,,,,,,,,,,,,,,,,,,,,,,,,,,,,,,,,,,,,,,,,,,,,,,,,,,,,,,,,,,,,
🇳🇴,skycrab1,0,0,9:10.467,9:14.159,20 Sep 2025,230,(U),unknown,,,https://www.youtube.com/watch?v=OEZzZLeynP0&list=PLU3_fvoJ1GyMStiA29z37DUPtG47PvOJz&index=139,9,14,159,554159,554,0,410359,1.350424872,410359,1.350424872,-0.0005,0.8914,4.195085759,25.2768,28.3573,283.5733,4.19509,,,,,,,,,,,,,,,,,,,,,,,,,,,,,,,,,,,,,,,,,,,,,,,,,,,,,,,--,,,,,,,,,,,,,,,,,,,,,,,,,,,230,0.2962060358,83.99612844,
🇳🇴,skycrab1,0,0,9:13.279,9:14.255,15 Feb 2024,813,(U),unknown,,,https://www.youtube.com/watch?v=WLjCJKEsbRU&list=PLU3_fvoJ1GyMStiA29z37DUPtG47PvOJz&index=9,9,14,255,554255,554,0,410359,1.350658813,421494,1.3149772,-0.0005,0.6660,3.499363165,25.5459,38.3585,282.9444,4.20005,,,,,,,,,,,,,,,,,,,,,,,,,,,,,,,,,,,,,,,,,,,,,,,,,,,,,,,--,,,,,,,,,,,,,,,,,,,,,,,,,,,813,0,0,
🇳🇴,skycrab1,0,0,9:12.682,9:14.598,17 Aug 2024,629,(U),-7884786286742246917,,,https://www.youtube.com/watch?v=AzF0dGCk1Ow&list=PLU3_fvoJ1GyMStiA29z37DUPtG47PvOJz&index=56,9,14,598,554598,555,1,410359,1.351494667,421494,1.315790972,-0.0005,0.7302,3.514116374,27.8341,38.1209,280.7016,4.21785,,,,,,,,,,,,,,,,,,,,,,,,,,,,,,,,,,,,,,,,,,,,,,,,,,,,,,,--,,,,,,,,,,,,,,,,,,,,,,,,,,,629,0,0.000000005934573722,
🇵🇱,watermelon1708,0,0,9:12.401,9:14.662,24 Jul 2025,288,(U),unknown,,,https://www.youtube.com/watch?v=4QYqWY63NSU,9,14,662,554662,555,1,410359,1.351650628,410359,1.351650628,-0.0005,0.8659,4.221175959,24.2694,28.0284,280.2839,4.22118,,,,,,,,,,,,,,,,,,,,,,,,,,,,,,,,,,,,,,,,,,,,,,,,,,,,,,,--,,,,,,,,,,,,,,,,,,,,,,,,,,,288,0.09174087977,25.71349014,
🇺🇸,doogile,0,0,9:14.024,9:14.498,29 Jan 2024,830,(U),6589962244023862742,,,https://www.youtube.com/watch?v=-hzOpmkTbDU,9,14,498,554498,554,0,410359,1.351250978,421494,1.315553721,-0.0005,0.6603,3.50980949,25.2185,38.1902,281.3548,4.21265,,,,,,,,,,,,,,,,,,,,,,,,,,,,,,,,,,,,,,,,,,,,,,,,,,,,,,,--,,,,,,,,,,,,,,,,,,,,,,,,,,,830,0,0,
🇹🇿,Kxpow,0,0,9:14.187,9:14.913,24 Mar 2025,410,(U),-2641175186777624724,,,https://www.youtube.com/watch?v=kCgKV0ghctY,9,14,913,554913,555,1,410359,1.352262287,421494,1.316538314,-0.0005,0.8146,3.527713549,30.8775,37.9029,278.6477,4.23425,,,,,,,,,,,,,,,,,,,,,,,,,,,,,,,,,,,,,,,,,,,,,,,,,,,,,,,,,,,,,,,,,,,,,,,,,,,,,,,,,,,,,
🇺🇸,Feinberg,0,0,9:11.174,9:14.994,27 Oct 2022,1289,(U),2915556913390472646,,,https://www.youtube.com/watch?v=DWH0YeK2M_A,9,14,994,554994,555,1,410359,1.352459676,517884,1.071656973,-0.0005,0.5249,0.9116346219,49.2830,93.8858,278.1204,4.23847,,,,,,,,,,,,,,,,,,,,,,,,,,,,,,,,,,,,,,,,,,,,,,,,,,,,,,,,,,,,,,,,,,,,,,,,,,,,,,,,,,,,,
🇺🇸,doogile,0,0,9:14.533,9:15.162,26 Apr 2024,742,(U),-3919243300877167705,,,https://www.youtube.com/watch?v=GeoFh01Ym_4,9,15,162,555162,555,0,410359,1.352869073,421494,1.317129069,-0.0005,0.6900,3.538494614,26.0359,37.7308,277.0280,4.24725,,,,,,,,,,,,,,,,,,,,,,,,,,,,,,,,,,,,,,,,,,,,,,,,,,,,,,,--,,,,,,,,,,,,,,,,,,,,,,,,,,,742,0,0,
🇹🇿,Kxpow,0,0,9:11.735,9:15.261,31 Mar 2025,403,(U),-6009471755051022829,,,6009471755051022829,9,15,261,555261,555,0,410359,1.353110325,421494,1.317363948,-0.0005,0.8175,3.54278913,30.7891,37.6624,276.3851,4.25243,,,,,,,,,,,,,,,,,,,,,,,,,,,,,,,,,,,,,,,,,,,,,,,,,,,,,,,,,,,,,,,,,,,,,,,,,,,,,,,,,,,,,
🇫🇮,sadekeppi,0,0,9:13.584,9:15.527,14 Apr 2025,389,(U),-8290656219591381128,,,https://www.youtube.com/watch?v=Zz14GZVj_0g,9,15,527,555527,556,1,410359,1.353758538,421494,1.317995037,-0.0005,0.8232,3.554350709,30.8542,37.4787,274.6602,4.26638,,,,,,,,,,,,,,,,,,,,,,,,,,,,,,,,,,,,,,,,,,,,,,,,,,,,,,,,,,,,,,,,,,,,,,,,,,,,,,,,,,389,0.002776992143,1.040780246,
🇺🇸,doogile,0,0,9:14.089,9:15.601,11 Nov 2023,909,(U),2174062846577023263,,,https://www.youtube.com/watch?v=pUgJefjM1GA,9,15,601,555601,556,1,410359,1.353938868,465828,1.192717054,-0.0005,0.6348,1.816848639,46.0846,72.6011,274.1811,4.27026,,,,,,,,,,,,,,,,,,,,,,,,,,,,,,,,,,,,,,,,,,,,,,,,,,,,,,,--,,,,,,,,,,,,,,,,,,,,,,,,,,,909,0,0,
🇹🇿,Kxpow,0,0,9:15.051,9:15.727,26 Feb 2025,436,(U),-8993383903360972932,,,https://www.youtube.com/watch?v=hyPRZkxhZtg,9,15,727,555727,556,1,410359,1.354245916,421494,1.318469539,-0.0005,0.8041,3.563065528,30.0266,37.3407,273.3660,4.27689,,,,,,,,,,,,,,,,,,,,,,,,,,,,,,,,,,,,,,,,,,,,,,,,,,,,,,,,,,,,,,,,,,,,,,,,,,,,,,,,,,,,,
🇳🇴,skycrab1,0,0,9:14.966,9:16.045,09 Jul 2024,668,(U),1846406805123780457,,,https://www.youtube.com/watch?v=6Yj7_cuk-uM&list=PLU3_fvoJ1GyMStiA29z37DUPtG47PvOJz&index=41,9,16,45,556045,556,0,410359,1.355020848,421494,1.319223998,-0.0005,0.7161,3.576960894,26.5810,37.1215,271.3130,4.29365,,,,,,,,,,,,,,,,,,,,,,,,,,,,,,,,,,,,,,,,,,,,,,,,,,,,,,,--,,,,,,,,,,,,,,,,,,,,,,,,,,,668,0,0,
🇨🇦,rdpill,0,1,9:09.681,9:16.183,20 Oct 2023,931,(V),7156324769459840152,,,https://www.speedrun.com/mc/runs/y9kngrnz,9,16,183,556183,556,0,410359,1.355357139,465828,1.193966443,-0.0005,0.6278,1.829477234,45.3921,72.3011,270.4239,4.30094,,,,,,,,,,,,,,,,,,,,,,,,,,,,,,,,,,,,,,,,,,,,,,,,,,,,,,,,,,,,,,,,,,,,,,,,,,,,,,,,,,,,,
🇫🇮,sadekeppi,0,0,9:16.215,9:16.215,06 Apr 2025,397,(U),unknown,,,https://www.youtube.com/watch?v=yJf1cOGUM_k,9,16,215,556215,556,0,410359,1.355435119,421494,1.319627326,-0.0005,0.8200,3.584408817,30.3421,37.0044,270.2179,4.30263,,,,,,,,,,,,,,,,,,,,,,,,,,,,,,,,,,,,,,,,,,,,,,,,,,,,,,,,,,,,,,,,,,,,,,,,,,,,,,,,,,397,0.001916839966,0.7093150167,
🇫🇮,megelimc,0,1,9:09.754,9:16.343,17 Nov 2022,1267.25,(V),-892141537493528746,,,https://www.speedrun.com/mc/run/y4xdkwdz,9,16,343,556343,556,0,410359,1.355747041,495537,1.122707285,-0.0005,0.5307,1.224179832,46.0559,86.7890,269.3945,4.30940,,,,,,,,,,,,,,,,,,,,,,,,,,,,,,,,,,,,,,,,,,,,,,,,,,,,,,,,,,,,,,,,,,,,,,,,,,,,,,,,,,,,,
🇸🇰,NoFear1337,0,0,9:14.913,9:16.380,10 Feb 2024,818,(U),unknown,,,https://www.youtube.com/watch?v=5zSaBWQqr4U&list=PLaTJSsRuu2UeeWabBBfNVWALvnefBoL2C&index=6,9,16,380,556380,556,0,410359,1.355837206,421494,1.32001879,-0.0005,0.6643,3.591650756,24.5071,36.8908,269.1566,4.31136,,,,,,,,,,,,,,,,,,,,,,,,,,,,,,,,,,,,,,,,,,,,,,,,,,,,,,,--,,,,,,,,,,,,,,,,,,,,,,,,,,,818,0,0,
🇺🇸,zylenox,0,0,9:14.387,9:16.437,20 May 2023,1084,(U),8905593962406892009,,,https://www.youtube.com/watch?v=hGU9t4TJ2m0,9,16,437,556437,556,0,410359,1.355976109,465828,1.194511708,-0.0005,0.5816,1.835013589,41.9727,72.1696,268.7904,4.31439,,,,,,,,,,,,,,,,,,,,,,,,,,,,,,,,,,,,,,,,,,,,,,,,,,,,,,,--,,,,,,,,,,,,,,,,,,,,,,,,,,,1084,0,0,
🇫🇮,AndrewCrow,0,1,9:14.036,9:16.477,02 Apr 2025,401,(V),-6799269420836569969,,,https://www.speedrun.com/mc/runs/y9pq32vm,9,16,477,556477,556,0,410359,1.356073584,421494,1.320248924,-0.0005,0.8183,3.595914158,30.1339,36.8241,268.5335,4.31651,,,,,,,,,,,,,,,,,,,,,,,,,,,,,,,,,,,,,,,,,,,,,,,,,,,,,,,,,,,,,,,,,,,,,,,,,,,,,,,,,,401,0.001583496187,0.5831080574,
🇨🇦,Aquacorde,0,0,9:15.604,9:16.493,26 Jan 2024,833,(U),-1042044413178476719,,,https://www.youtube.com/watch?v=pAhnFo4AVnE,9,16,493,556493,556,0,410359,1.356112575,421494,1.320286884,-0.0005,0.6594,3.596617828,24.2727,36.8131,268.4307,4.31736,,,,,,,,,,,,,,,,,,,,,,,,,,,,,,,,,,,,,,,,,,,,,,,,,,,,,,,--,,,,,,,,,,,,,,,,,,,,,,,,,,,833,0,0,
🇳🇴,skycrab1,0,0,9:16.645,9:16.645,17 Oct 2024,568,(U),6561585119955405427,,,https://www.youtube.com/watch?v=MkMf2lrPDJk&list=PLU3_fvoJ1GyMStiA29z37DUPtG47PvOJz&index=85,9,16,645,556645,557,1,410359,1.356482982,421494,1.320647506,-0.0005,0.7528,3.60330875,27.6330,36.7086,267.4555,4.32543,,,,,,,,,,,,,,,,,,,,,,,,,,,,,,,,,,,,,,,,,,,,,,,,,,,,,,,--,,,,,,,,,,,,,,,,,,,,,,,,,,,568,0.0000000110036016,0.000004039264639,
🇹🇿,Kxpow,0,0,9:15.670,9:16.934,13 Jan 2024,846,(U),-6971781653969664165,,,https://www.youtube.com/watch?v=LSWoZhH81gU,9,16,934,556934,557,1,410359,1.357187243,421494,1.321333163,-0.0005,0.6551,3.616060579,23.9169,36.5100,265.6052,4.34081,,,,,,,,,,,,,,,,,,,,,,,,,,,,,,,,,,,,,,,,,,,,,,,,,,,,,,,,,,,,,,,,,,,,,,,,,,,,,,,,,,,,,
🇺🇸,Infume,0,1,9:13.433,9:16.955,05 Nov 2023,915,(V),2006249756228583623,09,Yes,https://www.speedrun.com/mc/runs/yoo68gjy,9,16,955,556955,557,1,410359,1.357238418,465828,1.195623707,-0.0005,0.6329,1.846351362,45.5034,71.9007,265.4709,4.34193,,,,,,,,,,,,,,,,,,,,,,,,,,,,,,,,,,,,,,,,,,,,,,,,,,,,,,,--,,,,,,,,,,,,,,,,,,,,,,,,,,,915,0,0,
🇨🇦,NoHacsJustRoblox,0,0,9:17.060,9:17.060,04 Oct 2024,581,(U),-7707972832259680714,,,https://www.youtube.com/watch?v=OErmac0MJfo,9,17,60,557060,557,0,410359,1.357494292,421494,1.321632099,-0.0005,0.7479,3.621632641,27.2408,36.4235,264.8000,4.34753,,,,,,,,,,,,,,,,,,,,,,,,,,,,,,,,,,,,,,,,,,,,,,,,,,,,,,,--,,,,,,,,,,,,,,,,,,,,,,,,,,,581,0.000000003037308426,0.000001106294803,
🇺🇸,doogile,0,0,9:17.074,9:17.074,22 Sep 2024,593,(U),7208789671149948230,,,https://www.youtube.com/watch?v=GoOPg6uyw0M,9,17,74,557074,557,0,410359,1.357528408,421494,1.321665314,-0.0005,0.7434,3.622252226,27.0707,36.4139,264.7106,4.34827,,,,,,,,,,,,,,,,,,,,,,,,,,,,,,,,,,,,,,,,,,,,,,,,,,,,,,,--,,,,,,,,,,,,,,,,,,,,,,,,,,,593,0.0000000008785171382,0.0000003199025059,
🇿🇦,Airpodsz,0,0,9:17.082,9:17.082,09 May 2025,364,(U),-7592157151259512396,,,https://www.youtube.com/watch?v=dGtOu27tzuo&list=PLjW0OIc7zcEcCMM5essHmBGzf92S0FzKi&index=5,9,17,82,557082,557,0,410359,1.357547903,421494,1.321684294,-0.0005,0.8336,3.622606317,30.3501,36.4084,264.6595,4.34870,,,,,,,,,,,,,,,,,,,,,,,,,,,,,,,,,,,,,,,,,,,,,,,,,,,,,,,,,,,,,,,,,,,,,,,,,,,,,,,,,,,,,
🇸🇰,NoFear1337,0,0,9:17.140,9:17.140,12 Dec 2022,1243,(U),unknown,,,https://www.youtube.com/watch?v=6nhON_z_fUs,9,17,140,557140,557,0,410359,1.357689243,495537,1.124315641,-0.0005,0.5371,1.235501657,46.4744,86.5222,264.2893,4.35180,,,,,,,,,,,,,,,,,,,,,,,,,,,,,,,,,,,,,,,,,,,,,,,,,,,,,,,--,,,,,,,,,,,,,,,,,,,,,,,,,,,1243,0,0,
🇩🇰,Bloopy,0,0,9:17.397,9:17.397,31 Oct 2024,554,(U),-8999228905854836808,,,https://www.youtube.com/watch?v=3DH8mKGha0g,9,17,397,557397,557,0,410359,1.358315524,421494,1.322431636,-0.0005,0.7581,3.636572906,27.4358,36.1924,262.6512,4.36555,,,,,,,,,,,,,,,,,,,,,,,,,,,,,,,,,,,,,,,,,,,,,,,,,,,,,,,--,,,,,,,,,,,,,,,,,,,,,,,,,,,554,0.0000000412693229,0.00001493635899,
🇫🇮,AndrewCrow,0,1,9:16.632,9:17.414,04 Mar 2025,430,(V),-7135634061431368207,,,https://www.speedrun.com/mc/runs/y6geo5jm,9,17,414,557414,557,0,410359,1.358356951,421494,1.322471969,-0.0005,0.8065,3.637328006,29.1813,36.1808,262.5430,4.36646,,,,,,,,,,,,,,,,,,,,,,,,,,,,,,,,,,,,,,,,,,,,,,,,,,,,,,,,,,,,,,,,,,,,,,,,,,,,,,,,,,430,0.0003524153875,0.1275065327,
🇺🇸,zylenox,0,0,9:10.985,9:17.522,15 May 2023,1088.104167,(U),-7323274319262585461,15,Yes,https://www.youtube.com/watch?v=EUYjJCqOPdc,9,17,522,557522,558,1,410359,1.358620135,465828,1.196840894,-0.0005,0.5804,1.858834369,41.5589,71.6050,261.8560,4.37225,,,,,,,,,,,,,,,,,,,,,,,,,,,,,,,,,,,,,,,,,,,,,,,,,,,,,,,--,,,,,,,,,,,,,,,,,,,,,,,,,,,1088.104167,0,0,
🇺🇸,zylenox,0,0,9:13.869,9:17.609,31 Jan 2023,1193,(U),-7020151109902988040,15,Yes,https://www.youtube.com/watch?v=LFG9a3caV7M,9,17,609,557609,558,1,410359,1.358832145,495537,1.125262089,-0.0005,0.5507,1.242209629,47.5637,86.3639,261.3030,4.37692,,,,,,,,,,,,,,,,,,,,,,,,,,,,,,,,,,,,,,,,,,,,,,,,,,,,,,,--,,,,,,,,,,,,,,,,,,,,,,,,,,,1193,0,0,
🇫🇮,sadekeppi,0,1,9:16.512,9:17.825,18 Sep 2024,597,(V),-8519881394831868986,,,https://www.speedrun.com/mc/runs/yvxpxe6z,9,17,825,557825,558,1,410359,1.359358513,421494,1.323447072,-0.0005,0.7419,3.655625773,26.6348,35.8993,259.9323,4.38853,,,,,,,,,,,,,,,,,,,,,,,,,,,,,,,,,,,,,,,,,,,,,,,,,,,,,,,,,,,,,,,,,,,,,,,,,,,,,,,,,,597,0.000000000574444689,0.0000002062217736,
🇳🇴,skycrab1,0,0,9:18.049,9:18.049,10 Oct 2024,575,(U),7717196540961604110,,,https://www.youtube.com/watch?v=zMUJ5AJmou8&list=PLU3_fvoJ1GyMStiA29z37DUPtG47PvOJz&index=80,9,18,49,558049,558,0,410359,1.359904376,421494,1.323978515,-0.0005,0.7501,3.665632392,26.8145,35.7462,258.5138,4.40060,,,,,,,,,,,,,,,,,,,,,,,,,,,,,,,,,,,,,,,,,,,,,,,,,,,,,,,--,,,,,,,,,,,,,,,,,,,,,,,,,,,575,0.000000005541849761,0.000001980997994,
🇳🇴,skycrab1,0,0,9:18.430,9:18.430,22 Jul 2025,290,(U),unknown,,,https://www.youtube.com/watch?v=za-UzBn_QrM&list=PLU3_fvoJ1GyMStiA29z37DUPtG47PvOJz&index=134,9,18,430,558430,558,0,410359,1.360832832,410359,1.360832832,-0.0005,0.8650,4.421190918,22.1539,25.6108,256.1082,4.42119,,,,,,,,,,,,,,,,,,,,,,,,,,,,,,,,,,,,,,,,,,,,,,,,,,,,,,,--,,,,,,,,,,,,,,,,,,,,,,,,,,,290,0.08725678115,22.34717944,
🇺🇸,Reignex,0,0,9:18.705,9:18.705,14 Oct 2023,937,(U),unknown,12,Yes,https://www.youtube.com/watch?v=4FF1nTxjHGU,9,18,705,558705,559,1,410359,1.361502977,465828,1.199380458,-0.0005,0.6259,1.885125621,44.4313,70.9833,254.3776,4.43611,,,,,,,,,,,,,,,,,,,,,,,,,,,,,,,,,,,,,,,,,,,,,,,,,,,,,,,--,,,,,,,,,,,,,,,,,,,,,,,,,,,937,0,0,
🇵🇱,okshey,0,0,9:15.055,9:18.727,18 Oct 2025,202,(U),see video,,,https://www.youtube.com/watch?v=dMuMFmERlLs,9,18,727,558727,559,1,410359,1.361556588,410359,1.361556588,-0.0005,0.9039,4.437304133,22.9815,25.4239,254.2394,4.43730,,,,,,,,,,,,,,,,,,,,,,,,,,,,,,,,,,,,,,,,,,,,,,,,,,,,,,,,,,,,,,,,,,,,,,,,,,,,,,,,,,202,0.4385678268,111.5012205,
🇦🇿,KenanKardes,0,0,9:18.778,9:18.778,27 Jan 2025,466,(U),-6623698323742859643,,,https://www.youtube.com/watch?v=rL1KGMFLajg,9,18,778,558778,559,1,410359,1.36168087,421494,1.325708077,-0.0005,0.7922,3.698365872,27.9224,35.2487,253.9191,4.44008,,,,,,,,,,,,,,,,,,,,,,,,,,,,,,,,,,,,,,,,,,,,,,,,,,,,,,,,,,,,,,,,,,,,,,,,,,,,,,,,,,,,,
🇸🇰,NoFear1337,0,0,9:16.999,9:18.825,30 Dec 2023,860,(U),unknown,,,https://www.youtube.com/watch?v=LBJgput7Jd4&list=PLaTJSsRuu2UeeWabBBfNVWALvnefBoL2C&index=2,9,18,825,558825,559,1,410359,1.361795404,446254,1.252257683,-0.0005,0.6505,2.514492931,36.9490,56.8002,253.6240,4.44263,,,,,,,,,,,,,,,,,,,,,,,,,,,,,,,,,,,,,,,,,,,,,,,,,,,,,,,--,,,,,,,,,,,,,,,,,,,,,,,,,,,860,0,0,
🇸🇰,NoFear1337,0,0,9:18.887,9:18.887,23 Jun 2024,684,(U),unknown,,,https://www.youtube.com/watch?v=07u83rRMp7g&list=PLaTJSsRuu2UeeWabBBfNVWALvnefBoL2C&index=10,9,18,887,558887,559,1,410359,1.361946491,421494,1.32596668,-0.0005,0.7103,3.703282244,24.9861,35.1744,253.2349,4.44601,,,,,,,,,,,,,,,,,,,,,,,,,,,,,,,,,,,,,,,,,,,,,,,,,,,,,,,--,,,,,,,,,,,,,,,,,,,,,,,,,,,684,0,0,
🇹🇷,ulsahin,0,1,9:11.907,9:18.901,22 Oct 2022,1294,(V),-9175405862479286955,01,Yes,https://www.speedrun.com/mc/run/yw62x49m,9,18,901,558901,559,1,410359,1.361980607,517884,1.079201134,-0.0005,0.5236,0.9524850175,48.6947,92.9973,253.1471,4.44677,,,,,,,,,,,,,,,,,,,,,,,,,,,,,,,,,,,,,,,,,,,,,,,,,,,,,,,--,,,,,,,,,,,,,,,,,,,,,,,,,,,1294,0,0,
🇳🇴,skycrab1,0,0,9:17.770,9:18.915,05 Jul 2024,672,(U),9011816872477408016,,,https://www.youtube.com/watch?v=LWG_qoaOPj0&list=PLU3_fvoJ1GyMStiA29z37DUPtG47PvOJz&index=39,9,18,915,558915,559,1,410359,1.362014724,421494,1.326033111,-0.0005,0.7146,3.704546094,25.1228,35.1554,253.0593,4.44753,,,,,,,,,,,,,,,,,,,,,,,,,,,,,,,,,,,,,,,,,,,,,,,,,,,,,,,--,,,,,,,,,,,,,,,,,,,,,,,,,,,672,0,0,
🇹🇿,Kxpow,0,0,9:18.000,9:19.060,28 May 2024,710,(U),5540784854483904308,,,https://www.youtube.com/watch?v=vgONoZbPcTc,9,19,60,559060,559,0,410359,1.362368073,421494,1.326377125,-0.0005,0.7012,3.711097113,24.5808,35.0567,252.1507,4.45543,,,,,,,,,,,,,,,,,,,,,,,,,,,,,,,,,,,,,,,,,,,,,,,,,,,,,,,,,,,,,,,,,,,,,,,,,,,,,,,,,,,,,
🇩🇰,Bloopy,0,0,9:18.948,9:19.201,15 May 2024,723,(U),-4253594903097616882,,,https://www.youtube.com/watch?v=phM9zY5QURA,9,19,201,559201,559,0,410359,1.362711674,421494,1.32671165,-0.0005,0.6966,3.717477199,24.3547,34.9608,251.2685,4.46313,,,,,,,,,,,,,,,,,,,,,,,,,,,,,,,,,,,,,,,,,,,,,,,,,,,,,,,--,,,,,,,,,,,,,,,,,,,,,,,,,,,723,0,0,
🇺🇸,Feinberg,0,0,9:19.272,9:19.272,27 Aug 2025,254,(U),5931765018474160498,,,https://www.youtube.com/watch?v=AW8biucjxzA,9,19,272,559272,559,0,410359,1.362884694,410359,1.362884694,-0.0005,0.8807,4.467006143,22.0910,25.0825,250.8247,4.46701,,,,,,,,,,,,,,,,,,,,,,,,,,,,,,,,,,,,,,,,,,,,,,,,,,,,,,,,,,,,,,,,,,,,,,,,,,,,,,,,,,,,,
🇺🇸,Redstcne,0,1,9:18.180,9:19.332,25 Dec 2023,865,(V),-6193469961585936628,,,https://www.speedrun.com/mc/run/zqd8p78m,9,19,332,559332,559,0,410359,1.363030907,446254,1.253393807,-0.0005,0.6489,2.529868753,36.6454,56.4744,250.4499,4.47029,,,,,,,,,,,,,,,,,,,,,,,,,,,,,,,,,,,,,,,,,,,,,,,,,,,,,,,,,,,,,,,,,,,,,,,,,,,,,,,,,,,,,
🇧🇷,sanjinhu,0,1,9:17.533,9:19.616,14 Jul 2025,298,(V),7650618747477981610,,,https://www.speedrun.com/mc/runs/z5wplwgz,9,19,616,559616,560,1,410359,1.363722984,410359,1.363722984,-0.0005,0.8616,4.485843443,21.4254,24.8679,248.6792,4.48584,,,,,,,,,,,,,,,,,,,,,,,,,,,,,,,,,,,,,,,,,,,,,,,,,,,,,,,,,,,,,,,,,,,,,,,,,,,,,,,,,,,,,
🇺🇦,7rowl,0,0,9:20.008,9:20.008,09 Dec 2023,881,(U),-3950245049777822737,12,Yes,https://www.youtube.com/watch?v=h-SMqgJqpj8,9,20,8,560008,560,0,410359,1.364678245,446254,1.254908639,-0.0005,0.6437,2.55050035,36.0731,56.0389,246.2438,4.50739,,,,,,,,,,,,,,,,,,,,,,,,,,,,,,,,,,,,,,,,,,,,,,,,,,,,,,,,,,,,,,,,,,,,,,,,,,,,,,,,,,,,,
🇸🇰,NoFear1337,0,0,9:20.067,9:20.067,17 Mar 2024,782,(U),unknown,,,https://www.youtube.com/watch?v=wx_CPxzxwnY&list=PLaTJSsRuu2UeeWabBBfNVWALvnefBoL2C&index=7,9,20,67,560067,560,0,410359,1.364822022,421494,1.328766246,-0.0005,0.6764,3.756875002,23.2493,34.3731,245.8782,4.51065,,,,,,,,,,,,,,,,,,,,,,,,,,,,,,,,,,,,,,,,,,,,,,,,,,,,,,,--,,,,,,,,,,,,,,,,,,,,,,,,,,,782,0,0,
🇩🇰,Bloopy,0,0,9:20.313,9:20.313,14 Sep 2024,601,(U),1197606622777508367,,,https://www.youtube.com/watch?v=uvKQQ_wiAXU,9,20,313,560313,560,0,410359,1.365421497,421494,1.329349884,-0.0005,0.7404,3.768133374,25.3282,34.2067,244.3560,4.52422,,,,,,,,,,,,,,,,,,,,,,,,,,,,,,,,,,,,,,,,,,,,,,,,,,,,,,,--,,,,,,,,,,,,,,,,,,,,,,,,,,,601,0.0000000003734712458,0.0000001277520242,
🇸🇰,NoFear1337,0,1,9:20.103,9:20.564,05 Nov 2022,1280,(V),-04661894098057216280,,,https://www.speedrun.com/mc/runs/znq62l9z,9,20,564,560564,561,1,410359,1.366033156,517884,1.082412278,-0.0005,0.5273,0.970400181,48.8289,92.6031,242.8070,4.53812,,,,,,,,,,,,,,,,,,,,,,,,,,,,,,,,,,,,,,,,,,,,,,,,,,,,,,,--,,,,,,,,,,,,,,,,,,,,,,,,,,,1280,0,0,
🇿🇦,Airpodsz,0,0,9:20.764,9:20.764,10 Oct 2025,210,(U),8202288226526358896,,,https://www.youtube.com/watch?v=aTw9MuaTVCc&list=PLjW0OIc7zcEcCMM5essHmBGzf92S0FzKi&index=13,9,20,764,560764,561,1,410359,1.366520534,410359,1.366520534,-0.0005,0.9003,4.549212404,21.7497,24.1576,241.5757,4.54921,,,,,,,,,,,,,,,,,,,,,,,,,,,,,,,,,,,,,,,,,,,,,,,,,,,,,,,,,,,,,,,,,,,,,,,,,,,,,,,,,,,,,
🇨🇦,dandannyboy,0,1,9:17.413,9:20.810,17 Aug 2024,629,(V),5069141939301614256,,,https://www.speedrun.com/mc/runs/zqqv725z,9,20,810,560810,561,1,410359,1.366632631,421494,1.330529023,-0.0005,0.7302,3.790969619,24.7310,33.8710,241.2929,4.55177,,,,,,,,,,,,,,,,,,,,,,,,,,,,,,,,,,,,,,,,,,,,,,,,,,,,,,,,,,,,,,,,,,,,,,,,,,,,,,,,,,,,,
🇿🇦,Airpodsz,0,0,9:20.925,9:20.925,22 Jul 2025,290,(U),-5682170692209227387,,,https://www.youtube.com/watch?v=LlCBi4LbqvQ&list=PLjW0OIc7zcEcCMM5essHmBGzf92S0FzKi&index=8,9,20,925,560925,561,1,410359,1.366912874,410359,1.366912874,-0.0005,0.8650,4.55816195,20.8113,24.0587,240.5865,4.55816,,,,,,,,,,,,,,,,,,,,,,,,,,,,,,,,,,,,,,,,,,,,,,,,,,,,,,,,,,,,,,,,,,,,,,,,,,,,,,,,,,,,,
🇫🇮,sadekeppi,0,0,9:20.981,9:20.981,17 Feb 2026,80,(U),unknown,,,https://www.youtube.com/watch?v=UcBuJ---HfI,9,20,981,560981,561,1,410359,1.36704934,410359,1.36704934,-0.0005,0.9608,4.561278451,23.0823,24.0243,240.2429,4.56128,,,,,,,,,,,,,,,,,,,,,,,,,,,,,,,,,,,,,,,,,,,,,,,,,,,,,,,,,,,,,,,,,,,,,,,,,,,,,,,,,,,,,
🇹🇿,Kxpow,0,0,9:18.860,9:21.100,25 Feb 2024,803,(U),-1070171335018102689,,,https://www.youtube.com/watch?v=7qv8ewBebLE,9,21,100,561100,561,0,410359,1.36733933,421494,1.331217052,-0.0005,0.6693,3.804350803,22.5395,33.6755,239.5133,4.56791,,,,,,,,,,,,,,,,,,,,,,,,,,,,,,,,,,,,,,,,,,,,,,,,,,,,,,,,,,,,,,,,,,,,,,,,,,,,,,,,,,,,,
🇳🇴,skycrab1,0,0,9:21.103,9:21.103,20 Sep 2025,230,(U),see video,,,https://www.youtube.com/watch?v=GHKDc6d-Fes&list=PLU3_fvoJ1GyMStiA29z37DUPtG47PvOJz&index=140,9,21,103,561103,561,0,410359,1.36734664,410359,1.36734664,-0.0005,0.8914,4.568074436,21.3478,23.9495,239.4949,4.56807,,,,,,,,,,,,,,,,,,,,,,,,,,,,,,,,,,,,,,,,,,,,,,,,,,,,,,,--,,,,,,,,,,,,,,,,,,,,,,,,,,,230,0.2962060358,70.93984209,
🇺🇸,doogile,0,0,9:20.519,9:21.114,10 Dec 2023,880,(U),-3029852224010085717,,,https://www.youtube.com/watch?v=ddJ5zdyslbw,9,21,114,561114,561,0,410359,1.367373446,446254,1.257387049,-0.0005,0.6440,2.584579418,35.6307,55.3241,239.4275,4.56869,,,,,,,,,,,,,,,,,,,,,,,,,,,,,,,,,,,,,,,,,,,,,,,,,,,,,,,--,,,,,,,,,,,,,,,,,,,,,,,,,,,880,0,0,
🇺🇸,doogile,0,1,9:18.601,9:21.223,31 Aug 2022,1346,(V),-926914523663257060,,,https://www.speedrun.com/mc/runs/znq7rllz,9,21,223,561223,561,0,410359,1.367639067,517884,1.083684763,-0.0005,0.5102,0.9775881996,47.1627,92.4441,238.7602,4.57477,,,,,,,,,,,,,,,,,,,,,,,,,,,,,,,,,,,,,,,,,,,,,,,,,,,,,,,--,,,,,,,,,,,,,,,,,,,,,,,,,,,1346,0,0,
🇵🇱,okshey,0,0,9:19.696,9:21.313,12 Jul 2025,300,(U),9087194925192302501,,,https://www.youtube.com/watch?v=YhRxM08p0zE,9,21,313,561313,561,0,410359,1.367858387,410359,1.367858387,-0.0005,0.8607,4.579793226,20.5029,23.8210,238.2099,4.57979,,,,,,,,,,,,,,,,,,,,,,,,,,,,,,,,,,,,,,,,,,,,,,,,,,,,,,,,,,,,,,,,,,,,,,,,,,,,,,,,,,300,0.06720551274,16.00901522,
🇮🇱,orachi,0,1,9:17.041,9:21.403,15 Oct 2024,570,(V),-6838685268510991553,,,https://www.speedrun.com/mc/runs/y8po4rxz,9,21,403,561403,561,0,410359,1.368077708,421494,1.331935923,-0.0005,0.7520,3.818376231,25.1711,33.4715,237.6600,4.58482,,,,,,,,,,,,,,,,,,,,,,,,,,,,,,,,,,,,,,,,,,,,,,,,,,,,,,,,,,,,,,,,,,,,,,,,,,,,,,,,,,,,,
🇺🇸,doogile,0,0,9:18.200,9:21.657,13 Oct 2023,938,(U),5505825860127473867,,,https://www.youtube.com/watch?v=ePu9GV9eOKA,9,21,657,561657,562,1,410359,1.368696678,465828,1.205717561,-0.0005,0.6256,1.952205241,43.4218,69.4052,236.1113,4.59905,,,,,,,,,,,,,,,,,,,,,,,,,,,,,,,,,,,,,,,,,,,,,,,,,,,,,,,--,,,,,,,,,,,,,,,,,,,,,,,,,,,938,0,0,
🇳🇴,skycrab1,0,0,9:21.700,9:21.700,18 Nov 2024,536,(U),4892185153542737576,,,https://www.youtube.com/watch?v=ZDMheI2JkhE&list=PLU3_fvoJ1GyMStiA29z37DUPtG47PvOJz&index=95,9,21,700,561700,562,1,410359,1.368801464,421494,1.33264056,-0.0005,0.7649,3.832168078,25.4500,33.2720,235.8496,4.60146,,,,,,,,,,,,,,,,,,,,,,,,,,,,,,,,,,,,,,,,,,,,,,,,,,,,,,,--,,,,,,,,,,,,,,,,,,,,,,,,,,,536,0.0000002052441481,0.0000682888033,
🇿🇦,Airpodsz,0,0,9:21.746,9:21.746,04 Oct 2025,216,(U),8717532358866919839,,,https://www.youtube.com/watch?v=GaRAj44ZXQU&list=PLjW0OIc7zcEcCMM5essHmBGzf92S0FzKi&index=11,9,21,746,561746,562,1,410359,1.368913561,410359,1.368913561,-0.0005,0.8976,4.604039443,21.1454,23.5570,235.5697,4.60404,,,,,,,,,,,,,,,,,,,,,,,,,,,,,,,,,,,,,,,,,,,,,,,,,,,,,,,,,,,,,,,,,,,,,,,,,,,,,,,,,,,,,
🇺🇸,oxidiot,0,1,9:21.111,9:21.759,30 Apr 2023,1103.291667,(V),-5459883539213513455,,,https://www.speedrun.com/mc/run/m3qd5r6y,9,21,759,561759,562,1,410359,1.368945241,465828,1.205936526,-0.0005,0.5760,1.954561119,39.9457,69.3500,235.4906,4.60477,,,,,,,,,,,,,,,,,,,,,,,,,,,,,,,,,,,,,,,,,,,,,,,,,,,,,,,,,,,,,,,,,,,,,,,,,,,,,,,,,,,,,
🇳🇴,skycrab1,0,0,9:21.933,9:21.933,21 Oct 2024,564,(U),-5604599059233679142,,,https://www.youtube.com/watch?v=IfSVkk_BYyI&list=PLU3_fvoJ1GyMStiA29z37DUPtG47PvOJz&index=87,9,21,933,561933,562,1,410359,1.36936926,421494,1.333193355,-0.0005,0.7543,3.843018615,24.9783,33.1157,234.4335,4.61455,,,,,,,,,,,,,,,,,,,,,,,,,,,,,,,,,,,,,,,,,,,,,,,,,,,,,,,--,,,,,,,,,,,,,,,,,,,,,,,,,,,564,0.00000001616181623,0.000005352091146,
🇸🇰,NoFear1337,0,0,9:22.270,9:22.270,06 Dec 2023,884,(U),unknown,,,https://www.youtube.com/watch?v=4AiI-9WGRVg,9,22,270,562270,562,0,410359,1.370190492,465828,1.207033497,-0.0005,0.6427,1.96640231,44.3965,69.0728,232.3920,4.63353,,,,,,,,,,,,,,,,,,,,,,,,,,,,,,,,,,,,,,,,,,,,,,,,,,,,,,,--,,,,,,,,,,,,,,,,,,,,,,,,,,,884,0,0,
🇿🇦,Airpodsz,0,0,9:22.276,9:22.276,30 Jan 2026,98,(U),-7344504832917567171,,,https://www.youtube.com/watch?v=mW0bPVkZyHc&list=PLjW0OIc7zcEcCMM5essHmBGzf92S0FzKi&index=25,9,22,276,562276,562,0,410359,1.370205113,410359,1.370205113,-0.0005,0.9522,4.633870288,22.1245,23.2356,232.3557,4.63387,,,,,,,,,,,,,,,,,,,,,,,,,,,,,,,,,,,,,,,,,,,,,,,,,,,,,,,,,,,,,,,,,,,,,,,,,,,,,,,,,,,,,
🇨🇦,Aquacorde,0,0,9:22.481,9:22.481,26 May 2024,712,(U),2029778823013494560,,,https://www.youtube.com/watch?v=A__tIzZKmi4,9,22,481,562481,562,0,410359,1.370704676,421494,1.334493492,-0.0005,0.7005,3.868644969,22.9396,32.7488,231.1178,4.64545,,,,,,,,,,,,,,,,,,,,,,,,,,,,,,,,,,,,,,,,,,,,,,,,,,,,,,,--,,,,,,,,,,,,,,,,,,,,,,,,,,,712,0,0,
🇨🇦,Aquacorde,0,0,9:22.502,9:22.502,07 Jun 2025,335,(U),-803046318085136033,,,https://www.youtube.com/watch?v=XDNtWhu2Vbk,9,22,502,562502,563,1,410359,1.37075585,421494,1.334543315,-0.0005,0.8458,3.869629986,27.6863,32.7347,230.9912,4.64664,,,,,,,,,,,,,,,,,,,,,,,,,,,,,,,,,,,,,,,,,,,,,,,,,,,,,,,--,,,,,,,,,,,,,,,,,,,,,,,,,,,335,0.0232945116,7.625398334,
🇿🇦,Airpodsz,0,0,9:22.503,9:22.503,13 Feb 2026,84,(U),-8952982730153359190,,,https://www.youtube.com/watch?v=qr85451zGsc&list=PLjW0OIc7zcEcCMM5essHmBGzf92S0FzKi&index=30,9,22,503,562503,563,1,410359,1.370758287,410359,1.370758287,-0.0005,0.9589,4.646698599,22.1485,23.0985,230.9852,4.64670,,,,,,,,,,,,,,,,,,,,,,,,,,,,,,,,,,,,,,,,,,,,,,,,,,,,,,,,,,,,,,,,,,,,,,,,,,,,,,,,,,,,,
🇹🇿,Kxpow,0,0,9:21.477,9:22.628,25 Nov 2024,529,(U),-7404386622282913682,,,https://www.youtube.com/watch?v=8Oy2tN5jbxQ,9,22,628,562628,563,1,410359,1.371062899,421494,1.334842252,-0.0005,0.7676,3.875544718,25.0622,32.6506,230.2320,4.65378,,,,,,,,,,,,,,,,,,,,,,,,,,,,,,,,,,,,,,,,,,,,,,,,,,,,,,,,,,,,,,,,,,,,,,,,,,,,,,,,,,,,,
🇨🇦,Aquacorde,0,0,9:22.630,9:22.919,24 Jun 2025,318,(U),-731369506168980347,,,https://www.youtube.com/watch?v=JWt0HXHpP90,9,22,919,562919,563,1,410359,1.371772034,410359,1.371772034,-0.0005,0.8530,4.670288513,19.4895,22.8483,228.4829,4.67029,,,,,,,,,,,,,,,,,,,,,,,,,,,,,,,,,,,,,,,,,,,,,,,,,,,,,,,--,,,,,,,,,,,,,,,,,,,,,,,,,,,318,0.04012550147,9.167991116,
🇿🇦,Airpodsz,0,0,9:22.992,9:22.992,04 Feb 2026,93,(U),9186072717829534641,,,https://www.youtube.com/watch?v=xd8luqUIyHQ&list=PLjW0OIc7zcEcCMM5essHmBGzf92S0FzKi&index=28,9,22,992,562992,563,1,410359,1.371949927,410359,1.371949927,-0.0005,0.9546,4.67443889,21.7684,22.8045,228.0451,4.67444,,,,,,,,,,,,,,,,,,,,,,,,,,,,,,,,,,,,,,,,,,,,,,,,,,,,,,,,,,,,,,,,,,,,,,,,,,,,,,,,,,,,,
🇭🇷,CroProYT,0,0,9:23.011,9:23.011,05 Sep 2023,976,(U),-6782874286453284642,,,https://www.youtube.com/watch?v=t5T7-utQrwk,9,23,11,563011,563,0,410359,1.371996228,465828,1.208624213,-0.0005,0.6139,1.98368829,42.1526,68.6688,227.9312,4.67552,,,,,,,,,,,,,,,,,,,,,,,,,,,,,,,,,,,,,,,,,,,,,,,,,,,,,,,,,,,,,,,,,,,,,,,,,,,,,,,,,,,,,
🇺🇸,meebie,0,0,9:22.696,9:23.114,24 Dec 2023,866,(U),-915907836254045753,06,Yes,https://www.youtube.com/watch?v=Dr2HLNRqUNg,9,23,114,563114,563,0,410359,1.372247227,446254,1.261868801,-0.0005,0.6486,2.64723741,35.0382,54.0246,227.3142,4.68138,,,,,,,,,,,,,,,,,,,,,,,,,,,,,,,,,,,,,,,,,,,,,,,,,,,,,,,--,,,,,,,,,,,,,,,,,,,,,,,,,,,866,0,0,
🇹🇿,Kxpow,0,0,9:22.800,9:23.240,15 Aug 2024,631,(U),6054288791678680157,,,https://www.youtube.com/watch?v=AnGRa7hNR5Q,9,23,240,563240,563,0,410359,1.372554276,421494,1.33629423,-0.0005,0.7294,3.904386707,23.5185,32.2426,226.5605,4.68856,,,,,,,,,,,,,,,,,,,,,,,,,,,,,,,,,,,,,,,,,,,,,,,,,,,,,,,,,,,,,,,,,,,,,,,,,,,,,,,,,,,,,
🇺🇸,Saturn1249,0,1,9:20.714,9:23.292,14 Oct 2023,937,(V),4043113488438547453,09,Yes,https://www.speedrun.com/mc/runs/ywn0489y,9,23,292,563292,563,0,410359,1.372680994,465828,1.20922744,-0.0005,0.6259,1.990279222,42.8864,68.5151,226.2498,4.69153,,,,,,,,,,,,,,,,,,,,,,,,,,,,,,,,,,,,,,,,,,,,,,,,,,,,,,,,,,,,,,,,,,,,,,,,,,,,,,,,,,,,,
🇫🇮,Cube1337x,0,0,9:23.434,9:23.434,05 Dec 2022,1250,(U),Unknown,12,Yes,https://www.youtube.com/watch?v=DabM3su7vRg,9,23,434,563434,563,0,410359,1.373027032,495537,1.137017014,-0.0005,0.5353,1.328397002,45.1321,84.3178,225.4022,4.69964,,,,,,,,,,,,,,,,,,,,,,,,,,,,,,,,,,,,,,,,,,,,,,,,,,,,,,,,,,,,,,,,,,,,,,,,,,,,,,,,,,,,,
🇸🇰,NoFear1337,0,0,9:23.530,9:23.530,09 Sep 2024,606,(U),unknown,,,https://www.youtube.com/watch?v=LcP3_KsnQBU&list=PLaTJSsRuu2UeeWabBBfNVWALvnefBoL2C&index=13,9,23,530,563530,564,1,410359,1.373260974,421494,1.336982258,-0.0005,0.7386,3.918119475,23.6719,32.0498,224.8301,4.70513,,,,,,,,,,,,,,,,,,,,,,,,,,,,,,,,,,,,,,,,,,,,,,,,,,,,,,,--,,,,,,,,,,,,,,,,,,,,,,,,,,,606,0.0000000002162682458,0.00000006931343383,
🇫🇮,AndrewCrow,0,0,9:22.604,9:23.535,21 Apr 2025,382,(U),unknown,,,https://www.youtube.com/watch?v=5q8FW1Ippp0,9,23,535,563535,564,1,410359,1.373273158,421494,1.336994121,-0.0005,0.8261,3.918356619,26.4746,32.0464,224.8003,4.70541,,,,,,,,,,,,,,,,,,,,,,,,,,,,,,,,,,,,,,,,,,,,,,,,,,,,,,,,,,,,,,,,,,,,,,,,,,,,,,,,,,382,0.003794142685,1.215887259,
🇨🇦,Aquacorde,0,0,9:22.799,9:23.620,20 Jun 2025,322,(U),-4713042810041071084,,,https://www.youtube.com/watch?v=tUPPN8xWm5Q,9,23,620,563620,564,1,410359,1.373480294,410359,1.373480294,-0.0005,0.8513,4.710277148,19.0940,22.4294,224.2943,4.71028,,,,,,,,,,,,,,,,,,,,,,,,,,,,,,,,,,,,,,,,,,,,,,,,,,,,,,,--,,,,,,,,,,,,,,,,,,,,,,,,,,,322,0.03548572415,7.959243961,
🇳🇴,skycrab1,0,0,9:23.687,9:23.687,03 Oct 2024,582,(U),-7384765236082352690,,,https://www.youtube.com/watch?v=F1V1bKWF_BA&list=PLU3_fvoJ1GyMStiA29z37DUPtG47PvOJz&index=74,9,23,687,563687,564,1,410359,1.373643566,421494,1.337354743,-0.0005,0.7475,3.925571824,23.8798,31.9455,223.8958,4.71411,,,,,,,,,,,,,,,,,,,,,,,,,,,,,,,,,,,,,,,,,,,,,,,,,,,,,,,--,,,,,,,,,,,,,,,,,,,,,,,,,,,582,0.000000002744308243,0.0000008766832458,
🇳🇴,skycrab1,0,0,9:23.710,9:23.710,05 Sep 2024,610,(U),9087246093674379559,,,https://www.youtube.com/watch?v=4u3juUdWOrY&list=PLU3_fvoJ1GyMStiA29z37DUPtG47PvOJz&index=64,9,23,710,563710,564,1,410359,1.373699614,421494,1.337409311,-0.0005,0.7371,3.926664616,23.5365,31.9302,223.7590,4.71543,,,,,,,,,,,,,,,,,,,,,,,,,,,,,,,,,,,,,,,,,,,,,,,,,,,,,,,--,,,,,,,,,,,,,,,,,,,,,,,,,,,610,0.0000000001387843259,0.00000004431417772,
🇸🇰,NoFear1337,0,1,9:22.527,9:23.863,20 Aug 2022,1357,(V),-6071912128039465735,,,https://www.speedrun.com/mc/runs/y4x2xndz,9,23,863,563863,564,1,410359,1.374072459,517884,1.08878243,-0.0005,0.5074,1.006896513,46.5731,91.7919,222.8505,4.72421,,,,,,,,,,,,,,,,,,,,,,,,,,,,,,,,,,,,,,,,,,,,,,,,,,,,,,,--,,,,,,,,,,,,,,,,,,,,,,,,,,,1357,0,0,
🇩🇰,Bloopy,0,0,9:23.928,9:23.928,28 Nov 2024,526,(U),-2126051371963399188,,,https://www.youtube.com/watch?v=Q0HBLIfoV5A,9,23,928,563928,564,1,410359,1.374230856,421494,1.337926519,-0.0005,0.7687,3.937035674,24.4350,31.7857,222.4651,4.72794,,,,,,,,,,,,,,,,,,,,,,,,,,,,,,,,,,,,,,,,,,,,,,,,,,,,,,,--,,,,,,,,,,,,,,,,,,,,,,,,,,,526,0.0000004782378663,0.0001520112166,
🇺🇸,Feinberg,0,0,9:24.066,9:24.066,05 Dec 2022,1250,(U),7850065604828970526,,,https://www.youtube.com/watch?v=9O21256DGy8,9,24,66,564066,564,0,410359,1.374567147,495537,1.138292398,-0.0005,0.5353,1.33807471,45.0085,84.0869,221.6477,4.73588,,,,,,,,,,,,,,,,,,,,,,,,,,,,,,,,,,,,,,,,,,,,,,,,,,,,,,,,,,,,,,,,,,,,,,,,,,,,,,,,,,,,,
🇺🇸,doogile,0,0,9:23.427,9:24.091,02 Mar 2024,797,(U),-1696208169374363336,,,https://www.youtube.com/watch?v=dGmT4jJ31yM,9,24,91,564091,564,0,410359,1.37462807,421494,1.338313238,-0.0005,0.6713,3.944805914,21.2661,31.6777,221.4998,4.73731,,,,,,,,,,,,,,,,,,,,,,,,,,,,,,,,,,,,,,,,,,,,,,,,,,,,,,,--,,,,,,,,,,,,,,,,,,,,,,,,,,,797,0,0,
🇳🇴,skycrab1,0,0,9:24.105,9:24.105,15 Jan 2025,478,(U),3842162755449251697,,,https://www.youtube.com/watch?v=XO9rgYbn6Bw&list=PLU3_fvoJ1GyMStiA29z37DUPtG47PvOJz&index=108,9,24,105,564105,564,0,410359,1.374662186,421494,1.338346453,-0.0005,0.7874,3.945473925,24.9362,31.6685,221.4170,4.73812,,,,,,,,,,,,,,,,,,,,,,,,,,,,,,,,,,,,,,,,,,,,,,,,,,,,,,,--,,,,,,,,,,,,,,,,,,,,,,,,,,,478,0.00001806498182,0.005720903282,
🇺🇸,doogile,0,0,9:22.116,9:24.247,24 Mar 2025,410,(U),-6047098650778031938,,,https://www.youtube.com/watch?v=NN8rfsl5mJo,9,24,247,564247,564,0,410359,1.375008225,421494,1.33868335,-0.0005,0.8146,3.95225509,25.7221,31.5745,220.5778,4.74630,,,,,,,,,,,,,,,,,,,,,,,,,,,,,,,,,,,,,,,,,,,,,,,,,,,,,,,--,,,,,,,,,,,,,,,,,,,,,,,,,,,410,0.001015778465,0.3207271882,
🇫🇷,emia,0,1,9:23.219,9:24.448,29 Jun 2024,678,(V),2145701135424086428,,,https://www.speedrun.com/mc/runs/zxqevkkm,9,24,448,564448,564,0,410359,1.37549804,421494,1.339160225,-0.0005,0.7125,3.961871302,22.4016,31.4417,219.3925,4.75790,,,,,,,,,,,,,,,,,,,,,,,,,,,,,,,,,,,,,,,,,,,,,,,,,,,,,,,,,,,,,,,,,,,,,,,,,,,,,,,,,,,,,
🇨🇦,Aquacorde,0,0,9:24.529,9:24.529,18 Jul 2025,294,(U),-9197658143197340999,,,https://www.youtube.com/watch?v=LeAZ9kcT4ks,9,24,529,564529,565,1,410359,1.375695428,410359,1.375695428,-0.0005,0.8633,4.762577474,18.8989,21.8916,218.9157,4.76258,,,,,,,,,,,,,,,,,,,,,,,,,,,,,,,,,,,,,,,,,,,,,,,,,,,,,,,--,,,,,,,,,,,,,,,,,,,,,,,,,,,294,0.07877036748,17.24406754,
🇵🇱,watermelon1708,0,0,9:24.119,9:24.537,14 Sep 2025,236,(U),unknown,,,https://www.youtube.com/watch?v=Y6Sokcc9jqc,9,24,537,564537,565,1,410359,1.375714923,410359,1.375714923,-0.0005,0.8887,4.763040011,19.4508,21.8869,218.8686,4.76304,,,,,,,,,,,,,,,,,,,,,,,,,,,,,,,,,,,,,,,,,,,,,,,,,,,,,,,--,,,,,,,,,,,,,,,,,,,,,,,,,,,236,0.2686285792,58.79436084,
🇸🇰,NoFear1337,0,0,9:23.488,9:24.567,01 Jul 2023,1042,(U),unknown,,,https://www.youtube.com/watch?v=PuoZym6BBOw,9,24,567,564567,565,1,410359,1.37578803,465828,1.211964502,-0.0005,0.5939,2.020433627,40.2760,67.8132,218.6921,4.76477,,,,,,,,,,,,,,,,,,,,,,,,,,,,,,,,,,,,,,,,,,,,,,,,,,,,,,,--,,,,,,,,,,,,,,,,,,,,,,,,,,,1042,0,0,
🇦🇿,KenanKardes,0,0,9:24.603,9:24.603,12 Jun 2025,330,(U),unknown,,,https://www.youtube.com/watch?v=_XhRM7ZS_eo,9,24,603,564603,565,1,410359,1.375875758,410359,1.375875758,-0.0005,0.8479,4.766857441,18.5248,21.8480,218.4805,4.76686,,,,,,,,,,,,,,,,,,,,,,,,,,,,,,,,,,,,,,,,,,,,,,,,,,,,,,,,,,,,,,,,,,,,,,,,,,,,,,,,,,,,,
🇮🇱,orachi,0,1,9:22.560,9:24.684,31 Dec 2022,1224,(V),4355905136547056729,09,Yes,https://www.speedrun.com/mc/run/y2jdqg9z,9,24,684,564684,565,1,410359,1.376073146,495537,1.13953953,-0.0005,0.5423,1.347601162,45.4740,83.8593,218.0046,4.77155,,,,,,,,,,,,,,,,,,,,,,,,,,,,,,,,,,,,,,,,,,,,,,,,,,,,,,,,,,,,,,,,,,,,,,,,,,,,,,,,,,,,,
🇮🇱,Ranik_,0,1,9:20.683,9:24.724,24 Nov 2023,896,(U),1109837926684475838,10,Yes,https://www.youtube.com/watch?v=dV1aDceWUCA,9,24,724,564724,565,1,410359,1.376170621,465828,1.212301536,-0.0005,0.6389,2.024175111,43.2707,67.7263,217.7697,4.77386,,,,,,,,,,,,,,,,,,,,,,,,,,,,,,,,,,,,,,,,,,,,,,,,,,,,,,,,,,,,,,,,,,,,,,,,,,,,,,,,,,,,,
🇺🇸,doogile,0,0,9:23.811,9:24.766,15 May 2023,1089,(U),8584643897871750893,,,https://www.youtube.com/watch?v=JGxZAVwLpq0,9,24,766,564766,565,1,410359,1.376272971,465828,1.212391698,-0.0005,0.5801,2.025177076,39.2767,67.7030,217.5233,4.77630,,,,,,,,,,,,,,,,,,,,,,,,,,,,,,,,,,,,,,,,,,,,,,,,,,,,,,,--,,,,,,,,,,,,,,,,,,,,,,,,,,,1089,0,0,
🇺🇸,meebie,0,0,9:25.282,9:25.282,30 Mar 2024,769,(U),unknown,,,https://www.youtube.com/watch?v=H78JhqT_JAE&list=PLaTJSsRuu2Ufk7cX7bUTt9V-IJxa8wqSM&index=12,9,25,282,565282,565,0,410359,1.377530406,421494,1.341138901,-0.0005,0.6808,4.001991539,21.0312,30.8924,214.5062,4.80629,,,,,,,,,,,,,,,,,,,,,,,,,,,,,,,,,,,,,,,,,,,,,,,,,,,,,,,--,,,,,,,,,,,,,,,,,,,,,,,,,,,769,0,0,
🇸🇰,NoFear1337,0,0,9:25.453,9:25.453,01 Jul 2023,1042,(U),unknown,,,https://www.youtube.com/watch?v=5J0MBJD0At4,9,25,453,565453,565,0,410359,1.377947115,465828,1.213866491,-0.0005,0.5939,2.041629962,39.9840,67.3216,213.5107,4.81626,,,,,,,,,,,,,,,,,,,,,,,,,,,,,,,,,,,,,,,,,,,,,,,,,,,,,,,--,,,,,,,,,,,,,,,,,,,,,,,,,,,1042,0,0,
🇨🇦,Aquacorde,0,0,9:24.313,9:25.637,26 Sep 2024,589,(U),8823111015249469125,,,https://www.youtube.com/watch?v=9xLUevZxPBM,9,25,637,565637,566,1,410359,1.378395502,421494,1.341981143,-0.0005,0.7449,4.019177185,22.8384,30.6595,212.4420,4.82701,,,,,,,,,,,,,,,,,,,,,,,,,,,,,,,,,,,,,,,,,,,,,,,,,,,,,,,--,,,,,,,,,,,,,,,,,,,,,,,,,,,589,0.000000001335918322,0.0000004095853702,
🇦🇺,Erikfzf,0,0,9:25.466,9:25.850,05 Nov 2023,915,(U),-7014933560991100257,09,Yes,https://www.youtube.com/watch?v=yTC-CTw-S9M,9,25,850,565850,566,1,410359,1.37891456,465828,1.214718737,-0.0005,0.6329,2.051192504,42.4653,67.1002,211.2081,4.83949,,,,,,,,,,,,,,,,,,,,,,,,,,,,,,,,,,,,,,,,,,,,,,,,,,,,,,,,,,,,,,,,,,,,,,,,,,,,,,,,,,,,,
🇺🇸,Reignex,0,0,9:25.893,9:25.893,22 Jun 2023,1051,(U),-3154839464526750191,12,Yes,https://www.youtube.com/watch?v=ODPP7xDMpkg,9,25,893,565893,566,1,410359,1.379019346,465828,1.214811046,-0.0005,0.5913,2.052230664,39.6595,67.0762,210.9594,4.84201,,,,,,,,,,,,,,,,,,,,,,,,,,,,,,,,,,,,,,,,,,,,,,,,,,,,,,,,,,,,,,,,,,,,,,,,,,,,,,,,,,,,,
🇨🇿,Cursed_Carrot,0,0,9:22.576,9:26.302,15 Nov 2023,905,(U),Unknown,06,Yes,https://www.youtube.com/watch?v=Jz8Dku3uzKM,9,26,302,566302,566,0,410359,1.380016035,465828,1.215689053,-0.0005,0.6360,2.062128949,42.5174,66.8475,208.6010,4.86605,,,,,,,,,,,,,,,,,,,,,,,,,,,,,,,,,,,,,,,,,,,,,,,,,,,,,,,,,,,,,,,,,,,,,,,,,,,,,,,,,,,,,
🇺🇸,doogile,0,0,9:26.244,9:26.244,08 Jul 2024,669,(U),-6098241121848454577,,,https://www.youtube.com/watch?v=yjRzgyThepc,9,26,244,566244,566,0,410359,1.379874695,421494,1.343421259,-0.0005,0.7157,4.048712543,21.6588,30.2626,208.9346,4.86264,,,,,,,,,,,,,,,,,,,,,,,,,,,,,,,,,,,,,,,,,,,,,,,,,,,,,,,--,,,,,,,,,,,,,,,,,,,,,,,,,,,669,0,0,
🇺🇸,Feinberg,0,0,9:23.304,9:26.292,23 Oct 2022,1293,(U),8012915193548119046,,,https://www.youtube.com/watch?v=II4PzqmdYaU,9,26,292,566292,566,0,410359,1.379991666,517884,1.09347267,-0.0005,0.5239,1.034599476,47.7615,91.1694,208.6585,4.86546,,,,,,,,,,,,,,,,,,,,,,,,,,,,,,,,,,,,,,,,,,,,,,,,,,,,,,,,,,,,,,,,,,,,,,,,,,,,,,,,,,,,,
🇳🇴,skycrab1,0,0,9:26.342,9:26.342,29 Nov 2024,525,(U),-573879670804358217,,,https://www.youtube.com/watch?v=ljKL-oDGeS4&list=PLU3_fvoJ1GyMStiA29z37DUPtG47PvOJz&index=100,9,26,342,566342,566,0,410359,1.38011351,421494,1.343653765,-0.0005,0.7691,4.05349886,23.2266,30.1986,208.3710,4.86841,,,,,,,,,,,,,,,,,,,,,,,,,,,,,,,,,,,,,,,,,,,,,,,,,,,,,,,--,,,,,,,,,,,,,,,,,,,,,,,,,,,525,0.0000005195449524,0.0001568954713,
🇿🇦,Airpodsz,0,0,9:26.396,9:26.396,06 Jan 2026,122,(U),-2175784441475197621,,,https://www.youtube.com/watch?v=LQDOgYw8GFM&list=PLjW0OIc7zcEcCMM5essHmBGzf92S0FzKi&index=21,9,26,396,566396,566,0,410359,1.380245102,410359,1.380245102,-0.0005,0.9408,4.871594265,19.5748,20.8061,208.0607,4.87159,,,,,,,,,,,,,,,,,,,,,,,,,,,,,,,,,,,,,,,,,,,,,,,,,,,,,,,,,,,,,,,,,,,,,,,,,,,,,,,,,,,,,
🇸🇰,NoFear1337,0,0,9:25.778,9:26.417,11 Jun 2025,331,(U),unknown,,,https://www.youtube.com/watch?v=oA02Os8avDY,9,26,417,566417,566,0,410359,1.380296277,421494,1.343831703,-0.0005,0.8475,4.057165217,25.5510,30.1497,207.9401,4.87283,,,,,,,,,,,,,,,,,,,,,,,,,,,,,,,,,,,,,,,,,,,,,,,,,,,,,,,--,,,,,,,,,,,,,,,,,,,,,,,,,,,331,0.02660997589,8.022839192,
🇫🇮,AndrewCrow,0,0,9:25.617,9:26.432,26 Mar 2025,408,(U),unknown,,,https://www.youtube.com/watch?v=P0dZdFlev4k,9,26,432,566432,566,0,410359,1.380332831,421494,1.343867291,-0.0005,0.8155,4.057898838,24.5780,30.1400,207.8540,4.87372,,,,,,,,,,,,,,,,,,,,,,,,,,,,,,,,,,,,,,,,,,,,,,,,,,,,,,,,,,,,,,,,,,,,,,,,,,,,,,,,,,408,0.001123022913,0.3384787414,
🇨🇦,silverr,0,0,9:26.582,9:26.582,20 Nov 2022,1265,(U),1572653948546520317,15,No,https://www.youtube.com/watch?v=144OjtguCG0,9,26,582,566582,567,1,410359,1.380698364,495537,1.143369718,-0.0005,0.5313,1.377252629,44.1744,83.1500,206.9937,4.88257,,,,,,,,,,,,,,,,,,,,,,,,,,,,,,,,,,,,,,,,,,,,,,,,,,,,,,,--,,,,,,,,,,,,,,,,,,,,,,,,,,,1265,0,0,
🇳🇴,skycrab1,0,0,9:25.953,9:26.605,16 Jun 2024,691,(U),4052163355630291928,,,https://www.youtube.com/watch?v=5UOYqMnbR5Q&list=PLU3_fvoJ1GyMStiA29z37DUPtG47PvOJz&index=33,9,26,605,566605,567,1,410359,1.380754413,421494,1.344277736,-0.0005,0.7079,4.066368362,21.2553,30.0273,206.8620,4.88393,,,,,,,,,,,,,,,,,,,,,,,,,,,,,,,,,,,,,,,,,,,,,,,,,,,,,,,--,,,,,,,,,,,,,,,,,,,,,,,,,,,691,0,0,
🇫🇮,sadekeppi,0,0,9:26.631,9:26.895,07 Feb 2026,90,(U),unknown,,,https://www.youtube.com/watch?v=2A6FRsoQeMs,9,26,895,566895,567,1,410359,1.381461111,410359,1.381461111,-0.0005,0.9560,4.901098879,19.6175,20.5204,205.2042,4.90110,,,,,,,,,,,,,,,,,,,,,,,,,,,,,,,,,,,,,,,,,,,,,,,,,,,,,,,,,,,,,,,,,,,,,,,,,,,,,,,,,,,,,
🇿🇦,Airpodsz,0,0,9:27.357,9:27.357,22 Jul 2025,290,(U),-2604853440259743565,,,https://www.youtube.com/watch?v=VAFkDLDPYUQ&list=PLjW0OIc7zcEcCMM5essHmBGzf92S0FzKi&index=9,9,27,357,567357,567,0,410359,1.382586954,410359,1.382586954,-0.0005,0.8650,4.928555051,17.5233,20.2577,202.5767,4.92856,,,,,,,,,,,,,,,,,,,,,,,,,,,,,,,,,,,,,,,,,,,,,,,,,,,,,,,,,,,,,,,,,,,,,,,,,,,,,,,,,,,,,
🇺🇸,Feinberg,0,0,9:25.548,9:27.465,17 Nov 2022,1268,(U),-9141701029188025583,,,https://www.youtube.com/watch?v=csGOZLziuNI,9,27,465,567465,567,0,410359,1.382850139,495537,1.145151623,-0.0005,0.5305,1.391251848,43.9303,82.8146,201.9649,4.93499,,,,,,,,,,,,,,,,,,,,,,,,,,,,,,,,,,,,,,,,,,,,,,,,,,,,,,,,,,,,,,,,,,,,,,,,,,,,,,,,,,,,,
🇫🇮,sadekeppi,0,0,9:27.613,9:27.613,08 Feb 2026,89,(U),unknown,,,https://www.youtube.com/watch?v=QDSeKwk5Zx4,9,27,613,567613,568,1,410359,1.383210798,410359,1.383210798,-0.0005,0.9565,4.943826727,19.2374,20.1128,201.1279,4.94383,,,,,,,,,,,,,,,,,,,,,,,,,,,,,,,,,,,,,,,,,,,,,,,,,,,,,,,,,,,,,,,,,,,,,,,,,,,,,,,,,,,,,
🇹🇿,Kxpow,0,0,9:23.950,9:27.626,29 Oct 2023,922,(U),-6876585563479815399,09,Yes,https://www.youtube.com/watch?v=cSA8vjfDlfU,9,27,626,567626,568,1,410359,1.383242478,465828,1.218531303,-0.0005,0.6307,2.09446692,41.6877,66.1025,201.0545,4.94460,,,,,,,,,,,,,,,,,,,,,,,,,,,,,,,,,,,,,,,,,,,,,,,,,,,,,,,--,,,,,,,,,,,,,,,,,,,,,,,,,,,922,0,0,
🇬🇧,biased,0,1,9:26.052,9:27.836,10 Dec 2023,880,(U),-7133651556852481155,12,Yes,https://www.speedrun.com/mc/runs/ywnrrk9y,9,27,836,567836,568,1,410359,1.383754225,446254,1.272450219,-0.0005,0.6440,2.800571063,32.7987,50.9268,199.8700,4.95716,,,,,,,,,,,,,,,,,,,,,,,,,,,,,,,,,,,,,,,,,,,,,,,,,,,,,,,,,,,,,,,,,,,,,,,,,,,,,,,,,,,,,
🇺🇸,doogile,0,0,9:27.915,9:27.915,24 Mar 2025,410,(U),-5268124447019689631,,,https://www.youtube.com/watch?v=uCE8j5wqBaA,9,27,915,567915,568,1,410359,1.383946739,421494,1.347385728,-0.0005,0.8146,4.13100748,23.7705,29.1788,199.4254,4.96190,,,,,,,,,,,,,,,,,,,,,,,,,,,,,,,,,,,,,,,,,,,,,,,,,,,,,,,--,,,,,,,,,,,,,,,,,,,,,,,,,,,410,0.001015778465,0.2963922318,
🇳🇴,skycrab1,0,0,9:28.206,9:28.206,22 Jul 2025,290,(U),unknown,,,https://www.youtube.com/watch?v=ENH9wNoiQAo&list=PLU3_fvoJ1GyMStiA29z37DUPtG47PvOJz&index=135,9,28,206,568206,568,0,410359,1.384655874,410359,1.384655874,-0.0005,0.8650,4.979361242,17.1094,19.7792,197.7916,4.97936,,,,,,,,,,,,,,,,,,,,,,,,,,,,,,,,,,,,,,,,,,,,,,,,,,,,,,,--,,,,,,,,,,,,,,,,,,,,,,,,,,,290,0.08725678115,17.25865891,
🇨🇦,dandannyboy,0,1,9:27.290,9:28.538,18 Mar 2023,1147,(V),9012700196601131274,11,Yes,https://www.speedrun.com/mc/run/yv87r88m,9,28,538,568538,569,1,410359,1.385464922,465828,1.220489108,-0.0005,0.5635,2.117006786,36.9606,65.5854,195.9359,4.99935,,,,,,,,,,,,,,,,,,,,,,,,,,,,,,,,,,,,,,,,,,,,,,,,,,,,,,,,,,,,,,,,,,,,,,,,,,,,,,,,,,,,,
🇳🇴,skycrab1,0,0,9:28.538,9:28.538,25 Dec 2025,134,(U),1919295731799192555,,,https://www.youtube.com/watch?v=1c-F687nKas&list=PLU3_fvoJ1GyMStiA29z37DUPtG47PvOJz&index=105,9,28,538,568538,569,1,410359,1.385464922,410359,1.385464922,-0.0005,0.9352,4.999353168,18.3238,19.5936,195.9359,4.99935,,,,,,,,,,,,,,,,,,,,,,,,,,,,,,,,,,,,,,,,,,,,,,,,,,,,,,,--,,,,,,,,,,,,,,,,,,,,,,,,,,,134,0.7861478499,154.0345509,
🇨🇦,Aquacorde,0,0,9:28.545,9:28.545,28 May 2025,345,(U),8276441451627221996,,,https://www.youtube.com/watch?v=qGEzygjg50o,9,28,545,568545,569,1,410359,1.38548198,421494,1.348880411,-0.0005,0.8416,4.16241361,24.2148,28.7738,195.8968,4.99978,,,,,,,,,,,,,,,,,,,,,,,,,,,,,,,,,,,,,,,,,,,,,,,,,,,,,,,--,,,,,,,,,,,,,,,,,,,,,,,,,,,345,0.01646756649,4.738339534,
🇿🇦,Airpodsz,0,0,9:26.396,9:26.396,06 Jan 2025,487,(U),-2175784441475197621,,,https://www.youtube.com/watch?v=LQDOgYw8GFM&list=PLjW0OIc7zcEcCMM5essHmBGzf92S0FzKi&index=21,9,26,396,566396,566,0,410359,1.380245102,421494,1.343781881,-0.0005,0.7839,4.056138343,23.6445,30.1634,208.0607,4.87159,,,,,,,,,,,,,,,,,,,,,,,,,,,,,,,,,,,,,,,,,,,,,,,,,,,,,,,,,,,,,,,,,,,,,,,,,,,,,,,,,,,,,
🇿🇦,Airpodsz,0,0,9:26.613,9:26.613,09 Nov 2025,180,(U),-2354651812036719635,,,https://www.youtube.com/watch?v=P0EKdJ-0n-k&list=PLjW0OIc7zcEcCMM5essHmBGzf92S0FzKi&index=17,9,26,613,566613,567,1,410359,1.380773908,410359,1.380773908,-0.0005,0.9139,4.884405775,18.9016,20.6816,206.8162,4.88441,,,,,,,,,,,,,,,,,,,,,,,,,,,,,,,,,,,,,,,,,,,,,,,,,,,,,,,,,,,,,,,,,,,,,,,,,,,,,,,,,,,,,
🇿🇦,Airpodsz,0,0,9:27.943,9:27.943,09 Nov 2025,180,(U),-1774896006983302139,,,https://www.youtube.com/watch?v=HW1RGgQ0eBU&list=PLjW0OIc7zcEcCMM5essHmBGzf92S0FzKi&index=18,9,27,943,567943,568,1,410359,1.384014972,410359,1.384014972,-0.0005,0.9139,4.963573939,18.2117,19.9268,199.2679,4.96357,,,,,,,,,,,,,,,,,,,,,,,,,,,,,,,,,,,,,,,,,,,,,,,,,,,,,,,,,,,,,,,,,,,,,,,,,,,,,,,,,,,,,
🇿🇦,Airpodsz,0,0,9:28.092,9:28.092,26 Jan 2026,102,(U),-2419031821582277757,,,https://www.youtube.com/watch?v=O-h0iAKkziw&list=PLjW0OIc7zcEcCMM5essHmBGzf92S0FzKi&index=24,9,28,92,568092,568,0,410359,1.384378069,410359,1.384378069,-0.0005,0.9503,4.972512692,18.8565,19.8431,198.4308,4.97251,,,,,,,,,,,,,,,,,,,,,,,,,,,,,,,,,,,,,,,,,,,,,,,,,,,,,,,,,,,,,,,,,,,,,,,,,,,,,,,,,,,,,
🇨🇦,Aquacorde,0,0,9:28.680,9:28.680,25 Jun 2025,317,(U),-1610154249394651609,,,https://www.youtube.com/watch?v=SsOvlZxk2S0,9,28,680,568680,569,1,410359,1.385810961,410359,1.385810961,-0.0005,0.8534,5.007925343,16.6541,19.5145,195.1448,5.00793,,,,,,,,,,,,,,,,,,,,,,,,,,,,,,,,,,,,,,,,,,,,,,,,,,,,,,,--,,,,,,,,,,,,,,,,,,,,,,,,,,,317,0.04135750808,8.070702725,
🇬🇧,Mauvu,0,1,9:27.622,9:28.892,21 Apr 2023,1113,(V),7554296837427947431,09,Yes,https://www.speedrun.com/mc/run/y2g97jjz,9,28,892,568892,569,1,410359,1.386327581,465828,1.221249045,-0.0005,0.5732,2.125814444,37.4788,65.3838,193.9668,5.02075,,,,,,,,,,,,,,,,,,,,,,,,,,,,,,,,,,,,,,,,,,,,,,,,,,,,,,,,,,,,,,,,,,,,,,,,,,,,,,,,,,,,,
🇬🇧,priffie,0,1,9:28.626,9:29.199,08 Apr 2023,1126,(V),-7240688859963036907,12,Yes,https://www.speedrun.com/mc/run/y804n81m,9,29,199,569199,569,0,410359,1.387075707,465828,1.221908086,-0.0005,0.5695,2.133479396,37.1362,65.2086,192.2673,5.03937,,,,,,,,,,,,,,,,,,,,,,,,,,,,,,,,,,,,,,,,,,,,,,,,,,,,,,,--,,,,,,,,,,,,,,,,,,,,,,,,,,,1126,0,0,
🇺🇸,zylenox,0,0,9:23.337,9:29.349,21 Apr 2023,1113,(U),-9047486339153673349,12,Yes,https://www.youtube.com/watch?v=YnxRG1jCZTA,9,29,349,569349,569,0,410359,1.38744124,465828,1.222230094,-0.0005,0.5732,2.137233517,37.3292,65.1229,191.4396,5.04848,,,,,,,,,,,,,,,,,,,,,,,,,,,,,,,,,,,,,,,,,,,,,,,,,,,,,,,--,,,,,,,,,,,,,,,,,,,,,,,,,,,1113,0,0,
🇺🇸,doogile,0,0,9:28.970,9:29.443,26 Apr 2024,742,(U),-2635465260695469451,,,https://www.youtube.com/watch?v=pcDuyhI1pfU,9,29,443,569443,569,0,410359,1.387670308,421494,1.351010928,-0.0005,0.6900,4.207542233,19.4592,28.1999,190.9219,5.05421,,,,,,,,,,,,,,,,,,,,,,,,,,,,,,,,,,,,,,,,,,,,,,,,,,,,,,,--,,,,,,,,,,,,,,,,,,,,,,,,,,,742,0,0,
🇷🇺,aleen,0,0,9:26.515,9:29.470,28 Dec 2023,862,(U),8241236612932344167,,,https://www.youtube.com/watch?v=kWIGRiiqiSY,9,29,470,569470,569,0,410359,1.387736104,446254,1.276111811,-0.0005,0.6499,2.855440908,32.3937,49.8472,190.7733,5.05585,,,,,,,,,,,,,,,,,,,,,,,,,,,,,,,,,,,,,,,,,,,,,,,,,,,,,,,,,,,,,,,,,,,,,,,,,,,,,,,,,,,,,
🇿🇦,Airpodsz,0,0,9:49.281,9:49.281,20 Mar 2026,49,(U),6777406368169812581,,,https://www.youtube.com/watch?v=whpjt7M0YYg&list=PLjW0OIc7zcEcCMM5essHmBGzf92S0FzKi&index=38,9,49,281,589281,589,0,410359,1.436013344,410359,1.436013344,-0.0005,0.9758,6.396211875,9.6414,9.8805,98.8055,6.39621,,,,,,,,,,,,,,,,,,,,,,,,,,,,,,,,,,,,,,,,,,,,,,,,,,,,,,,,,,,,,,,,,,,,,,,,,,,,,,,,,,,,,
🇳🇴,skycrab1,0,0,9:26.981,9:29.598,07 May 2024,731,(U),unknown,,,https://www.youtube.com/watch?v=HE41uYZ0V0c&list=PLU3_fvoJ1GyMStiA29z37DUPtG47PvOJz&index=18,9,29,598,569598,570,1,410359,1.388048026,421494,1.351378667,-0.0005,0.6938,4.215375017,19.4980,28.1013,190.0697,5.06365,,,,,,,,,,,,,,,,,,,,,,,,,,,,,,,,,,,,,,,,,,,,,,,,,,,,,,,--,,,,,,,,,,,,,,,,,,,,,,,,,,,731,0,0,
🇳🇴,skycrab1,0,0,9:27.107,9:29.673,13 Aug 2024,633,(U),-3946489265844514970,,,https://www.youtube.com/watch?v=M5EHSGhejt8&list=PLU3_fvoJ1GyMStiA29z37DUPtG47PvOJz&index=52,9,29,673,569673,570,1,410359,1.388230793,421494,1.351556606,-0.0005,0.7287,4.219169668,20.4425,28.0536,189.6581,5.06823,,,,,,,,,,,,,,,,,,,,,,,,,,,,,,,,,,,,,,,,,,,,,,,,,,,,,,,--,,,,,,,,,,,,,,,,,,,,,,,,,,,633,0,0.00000000270838671,
🇨🇳,pluginL,0,1,9:27.131,9:29.681,24 Dec 2023,866,(V),unknown,,,https://www.speedrun.com/mc/runs/mkqp0p1m,9,29,681,569681,570,1,410359,1.388250288,446254,1.276584636,-0.0005,0.6486,2.862595478,32.2384,49.7076,189.6142,5.06872,,,,,,,,,,,,,,,,,,,,,,,,,,,,,,,,,,,,,,,,,,,,,,,,,,,,,,,,,,,,,,,,,,,,,,,,,,,,,,,,,,,,,
🇩🇰,Bloopy,0,0,9:29.719,9:29.719,04 May 2024,734,(U),2537181557128625381,,,https://www.youtube.com/watch?v=rmm0JiGtxuA,9,29,719,569719,570,1,410359,1.38834289,421494,1.351665741,-0.0005,0.6928,4.221498537,19.4155,28.0243,189.4059,5.07104,,,,,,,,,,,,,,,,,,,,,,,,,,,,,,,,,,,,,,,,,,,,,,,,,,,,,,,--,,,,,,,,,,,,,,,,,,,,,,,,,,,734,0,0,
🇩🇰,Bloopy,0,0,9:29.416,9:29.779,21 Sep 2024,594,(U),-4222360412448811712,,,https://www.youtube.com/watch?v=mWQwmeDz0b8,9,29,779,569779,570,1,410359,1.388489103,421494,1.351808092,-0.0005,0.7430,4.224537889,20.7950,27.9862,189.0771,5.07471,,,,,,,,,,,,,,,,,,,,,,,,,,,,,,,,,,,,,,,,,,,,,,,,,,,,,,,--,,,,,,,,,,,,,,,,,,,,,,,,,,,594,0.0000000007904186295,0.0000002212083992,
🇷🇺,aleen,0,1,9:27.498,9:29.799,30 Mar 2023,1135,(V),-3937335511967148505,04,Yes,https://www.speedrun.com/mc/runs/meed7lqm,9,29,799,569799,570,1,410359,1.388537841,465828,1.223196115,-0.0005,0.5669,2.148531547,36.7748,64.8652,188.9676,5.07593,,,,,,,,,,,,,,,,,,,,,,,,,,,,,,,,,,,,,,,,,,,,,,,,,,,,,,,,,,,,,,,,,,,,,,,,,,,,,,,,,,,,,
🇸🇰,NoFear1337,0,0,9:28.431,9:29.817,17 Jan 2024,842,(U),unknown,,,https://www.youtube.com/watch?v=2cTYxX1bq7o&list=PLaTJSsRuu2UeeWabBBfNVWALvnefBoL2C&index=4,9,29,817,569817,570,1,410359,1.388581705,421494,1.351898248,-0.0005,0.6564,4.226463805,18.3541,27.9621,188.8691,5.07703,,,,,,,,,,,,,,,,,,,,,,,,,,,,,,,,,,,,,,,,,,,,,,,,,,,,,,,--,,,,,,,,,,,,,,,,,,,,,,,,,,,842,0,0,
🇱🇹,Fluhhe,0,1,9:29.980,9:29.980,18 Nov 2022,1267,(V),2080172975809117900,12,Yes,https://www.speedrun.com/mc/run/y6x1gp1y,9,29,980,569980,570,1,410359,1.388978918,495537,1.150226926,-0.0005,0.5307,1.431848152,43.4352,81.8403,187.9779,5.08700,,,,,,,,,,,,,,,,,,,,,,,,,,,,,,,,,,,,,,,,,,,,,,,,,,,,,,,,,,,,,,,,,,,,,,,,,,,,,,,,,,,,,
🇺🇸,doogile,0,0,9:27.467,9:29.905,19 Oct 2022,1297,(U),-6120632814765297894,,,https://www.youtube.com/watch?v=KngO-bBQ6z0,9,29,905,569905,570,1,410359,1.388796152,517884,1.100449135,-0.0005,0.5228,1.077146811,47.1610,90.2034,188.3877,5.08241,,,,,,,,,,,,,,,,,,,,,,,,,,,,,,,,,,,,,,,,,,,,,,,,,,,,,,,--,,,,,,,,,,,,,,,,,,,,,,,,,,,1297,0,0,
🇳🇴,skycrab1,0,0,9:29.936,9:29.936,24 Sep 2024,591,(U),-5978876616461348700,,,https://www.youtube.com/watch?v=lNwP-AfLpC4&list=PLU3_fvoJ1GyMStiA29z37DUPtG47PvOJz&index=73,9,29,936,569936,570,1,410359,1.388871695,421494,1.352180577,-0.0005,0.7442,4.232499951,20.7521,27.8866,188.2183,5.08431,,,,,,,,,,,,,,,,,,,,,,,,,,,,,,,,,,,,,,,,,,,,,,,,,,,,,,,--,,,,,,,,,,,,,,,,,,,,,,,,,,,591,0.000000001084109309,0.0000003023212962,
🇺🇦,7rowl,0,0,9:30.025,9:30.025,19 Dec 2023,871,(U),5331888045547392312,12,Yes,https://www.youtube.com/watch?v=7ub8Kvb-CkY,9,30,25,570025,570,0,410359,1.389088579,446254,1.277355497,-0.0005,0.6469,2.874293942,32.0106,49.4799,187.7323,5.08976,,,,,,,,,,,,,,,,,,,,,,,,,,,,,,,,,,,,,,,,,,,,,,,,,,,,,,,,,,,,,,,,,,,,,,,,,,,,,,,,,,,,,
🇫🇮,AndrewCrow,0,0,9:29.406,9:30.054,04 Jul 2025,308,(U),unknown,,,https://www.youtube.com/watch?v=vaF2tNGXMo4,9,30,54,570054,570,0,410359,1.389159248,410359,1.389159248,-0.0005,0.8573,5.091536446,16.0802,18.7574,187.5741,5.09154,,,,,,,,,,,,,,,,,,,,,,,,,,,,,,,,,,,,,,,,,,,,,,,,,,,,,,,,,,,,,,,,,,,,,,,,,,,,,,,,,,308,0.05383609102,10.09825497,
🇺🇸,zylenox,0,0,9:26.907,9:30.104,25 Sep 2023,956,(U),unknown,,,https://www.youtube.com/watch?v=-xiJj1JVujk,9,30,104,570104,570,0,410359,1.389281093,465828,1.223850863,-0.0005,0.6200,2.156219599,40.1093,64.6901,187.3015,5.09460,,,,,,,,,,,,,,,,,,,,,,,,,,,,,,,,,,,,,,,,,,,,,,,,,,,,,,,--,,,,,,,,,,,,,,,,,,,,,,,,,,,956,0,0,
🇨🇦,silverr,0,0,9:30.447,9:30.447,04 Sep 2023,977,(U),Unknown,??,Yes,https://www.youtube.com/watch?v=YUQuFcbgMHQ,9,30,447,570447,570,0,410359,1.390116946,465828,1.224587187,-0.0005,0.6135,2.164895039,39.5693,64.4928,185.4368,5.11567,,,,,,,,,,,,,,,,,,,,,,,,,,,,,,,,,,,,,,,,,,,,,,,,,,,,,,,,,,,,,,,,,,,,,,,,,,,,,,,,,,,,,
🇵🇱,Mixray,0,1,9:25.735,9:30.513,04 Nov 2023,916,(U),-5905769840829513487,04,Yes,https://www.youtube.com/watch?v=WElcYQqI0oQ,9,30,513,570513,571,1,410359,1.390277781,465828,1.22472887,-0.0005,0.6325,2.16656796,40.7707,64.4548,185.0791,5.11974,,,,,,,,,,,,,,,,,,,,,,,,,,,,,,,,,,,,,,,,,,,,,,,,,,,,,,,,,,,,,,,,,,,,,,,,,,,,,,,,,,,,,
🇹🇿,Kxpow,0,0,9:29.834,9:30.586,02 Feb 2024,826,(U),920429739470121297,,,https://www.youtube.com/watch?v=OauRzq1hZQc,9,30,586,570586,571,1,410359,1.390455674,421494,1.35372271,-0.0005,0.6617,4.265604247,18.1795,27.4755,184.6839,5.12424,,,,,,,,,,,,,,,,,,,,,,,,,,,,,,,,,,,,,,,,,,,,,,,,,,,,,,,,,,,,,,,,,,,,,,,,,,,,,,,,,,,,,
🇺🇦,7rowl,0,0,9:30.657,9:30.657,02 Jun 2023,1071,(U),Unknown,12,Yes,https://www.youtube.com/watch?v=y7I-tBARvMo,9,30,657,570657,571,1,410359,1.390628693,465828,1.225037997,-0.0005,0.5854,2.170222002,37.6818,64.3718,184.2999,5.12861,,,,,,,,,,,,,,,,,,,,,,,,,,,,,,,,,,,,,,,,,,,,,,,,,,,,,,,,,,,,,,,,,,,,,,,,,,,,,,,,,,,,,
🇵🇱,watermelon1708,0,0,9:30.313,9:30.785,08 Nov 2025,181,(U),unknown,,,https://www.youtube.com/watch?v=Pm6Yt1efFdU,9,30,785,570785,571,1,410359,1.390940615,410359,1.390940615,-0.0005,0.9135,5.136514924,16.7722,18.3609,183.6087,5.13651,,,,,,,,,,,,,,,,,,,,,,,,,,,,,,,,,,,,,,,,,,,,,,,,,,,,,,,--,,,,,,,,,,,,,,,,,,,,,,,,,,,181,0.5526811091,101.4770692,
🇺🇸,Kruin,0,1,9:24.729,9:30.812,09 Aug 2023,1003,(V),7325938221011148995,15,Yes,https://www.speedrun.com/mc/runs/mrl56x4m,9,30,812,570812,571,1,410359,1.391006411,465828,1.225370738,-0.0005,0.6056,2.17416136,38.9308,64.2824,183.4631,5.13818,,,,,,,,,,,,,,,,,,,,,,,,,,,,,,,,,,,,,,,,,,,,,,,,,,,,,,,,,,,,,,,,,,,,,,,,,,,,,,,,,,,,,
🇺🇸,doogile,0,0,9:30.866,9:30.866,14 Aug 2024,632,(U),-5785712557054868103,,,https://www.youtube.com/watch?v=IaJnBpkCYeE,9,30,866,570866,571,1,410359,1.391138004,421494,1.354387014,-0.0005,0.7291,4.279934451,19.9027,27.2992,183.1720,5.14152,,,,,,,,,,,,,,,,,,,,,,,,,,,,,,,,,,,,,,,,,,,,,,,,,,,,,,,--,,,,,,,,,,,,,,,,,,,,,,,,,,,632,0,0.000000002971630035,
🇩🇰,Bloopy,0,0,9:30.985,9:30.985,23 Feb 2025,439,(U),4074137476637722037,,,https://www.youtube.com/watch?v=fidYadn3gaU,9,30,985,570985,571,1,410359,1.391427994,421494,1.354669343,-0.0005,0.8029,4.286037571,21.8590,27.2243,182.5314,5.14888,,,,,,,,,,,,,,,,,,,,,,,,,,,,,,,,,,,,,,,,,,,,,,,,,,,,,,,--,,,,,,,,,,,,,,,,,,,,,,,,,,,439,0.0002116763925,0.057627521,
🇨🇦,EvanKeen,0,1,9:28.162,9:31.118,19 May 2022,1450,(V),6318159047332790071,,,https://www.speedrun.com/mc/runs/z1pxrk7z,9,31,118,571118,571,0,410359,1.3917521,548820,1.040628986,-0.0005,0.4843,0.7607564858,46.9871,97.0157,181.8169,5.15712,,,,,,,,,,,,,,,,,,,,,,,,,,,,,,,,,,,,,,,,,,,,,,,,,,,,,,,,,,,,,,,,,,,,,,,,,,,,,,,,,,1450,0,0,
🇫🇮,sadekeppi,0,0,9:30.876,9:31.265,31 May 2025,342,(U),unknown,,,https://www.youtube.com/watch?v=iJRCQkhKdPs,9,31,265,571265,571,0,410359,1.392110323,421494,1.355333647,-0.0005,0.8428,4.300427991,22.7971,27.0486,181.0288,5.16624,,,,,,,,,,,,,,,,,,,,,,,,,,,,,,,,,,,,,,,,,,,,,,,,,,,,,,,,,,,,,,,,,,,,,,,,,,,,,,,,,,342,0.01831254747,4.953287124,
🇳🇴,skycrab1,0,0,9:30.274,9:31.319,16 Jun 2024,691,(U),1613878261208097476,,,https://www.youtube.com/watch?v=8s8EV_O6Ndk&list=PLU3_fvoJ1GyMStiA29z37DUPtG47PvOJz&index=32,9,31,319,571319,571,0,410359,1.392241915,421494,1.355461762,-0.0005,0.7079,4.303208158,19.1228,27.0148,180.7398,5.16959,,,,,,,,,,,,,,,,,,,,,,,,,,,,,,,,,,,,,,,,,,,,,,,,,,,,,,,--,,,,,,,,,,,,,,,,,,,,,,,,,,,691,0,0,
🇫🇮,AndrewCrow,0,0,9:31.244,9:31.377,28 Nov 2025,161,(U),unknown,,,https://www.youtube.com/watch?v=lKt9DvJSsdE,9,31,377,571377,571,0,410359,1.392383255,410359,1.392383255,-0.0005,0.9227,5.173194885,16.6474,18.0430,180.4296,5.17319,,,,,,,,,,,,,,,,,,,,,,,,,,,,,,,,,,,,,,,,,,,,,,,,,,,,,,,,,,,,,,,,,,,,,,,,,,,,,,,,,,161,0.6588047306,118.8678653,
🇿🇦,Airpodsz,0,0,9:31.446,9:31.446,10 Oct 2025,210,(U),5371483678379121796,,,https://www.youtube.com/watch?v=FLtLJIjnd-I&list=PLjW0OIc7zcEcCMM5essHmBGzf92S0FzKi&index=14,9,31,446,571446,571,0,410359,1.3925514,410359,1.3925514,-0.0005,0.9003,5.177484944,16.2113,18.0061,180.0609,5.17748,,,,,,,,,,,,,,,,,,,,,,,,,,,,,,,,,,,,,,,,,,,,,,,,,,,,,,,,,,,,,,,,,,,,,,,,,,,,,,,,,,,,,
🇺🇸,doogile,0,0,9:29.751,9:32.126,10 May 2023,1094,(U),1251289617466531900,,,https://www.youtube.com/watch?v=y6WViu7_6NI,9,32,126,572126,572,0,410359,1.394208486,465828,1.228191521,-0.0005,0.5787,2.207815865,36.7585,63.5209,176.4491,5.21993,,,,,,,,,,,,,,,,,,,,,,,,,,,,,,,,,,,,,,,,,,,,,,,,,,,,,,,--,,,,,,,,,,,,,,,,,,,,,,,,,,,1094,0,0,
🇯🇵,mebuki117,0,1,9:28.540,9:32.312,10 Nov 2022,1275,(V),3603260969608126058,09,Yes,https://www.speedrun.com/mc/run/zx8r8dem,9,32,312,572312,572,0,410359,1.394661747,495537,1.154932931,-0.0005,0.5286,1.470463137,42.7710,80.9119,175.4678,5.23159,,,,,,,,,,,,,,,,,,,,,,,,,,,,,,,,,,,,,,,,,,,,,,,,,,,,,,,,,,,,,,,,,,,,,,,,,,,,,,,,,,,,,
🇳🇴,skycrab1,0,0,9:31.708,9:32.427,14 Jun 2024,693,(U),2235642990872806134,,,https://www.youtube.com/watch?v=TK7I7irT2Ig&list=PLU3_fvoJ1GyMStiA29z37DUPtG47PvOJz&index=30,9,32,427,572427,572,0,410359,1.39494199,421494,1.358090507,-0.0005,0.7072,4.360602307,18.6152,26.3239,174.8626,5.23882,,,,,,,,,,,,,,,,,,,,,,,,,,,,,,,,,,,,,,,,,,,,,,,,,,,,,,,--,,,,,,,,,,,,,,,,,,,,,,,,,,,693,0,0,
🇿🇦,Airpodsz,0,0,9:32.438,9:32.438,27 Oct 2025,193,(U),2979817871645690531,,,https://www.youtube.com/watch?v=yAvo-mhmCUw&list=PLjW0OIc7zcEcCMM5essHmBGzf92S0FzKi&index=15,9,32,438,572438,572,0,410359,1.394968796,410359,1.394968796,-0.0005,0.9080,5.239506913,15.8724,17.4805,174.8048,5.23951,,,,,,,,,,,,,,,,,,,,,,,,,,,,,,,,,,,,,,,,,,,,,,,,,,,,,,,,,,,,,,,,,,,,,,,,,,,,,,,,,,,,,
🇺🇸,doogile,0,0,9:32.194,9:32.494,25 May 2025,348,(U),-1725089180716272190,,,https://www.youtube.com/watch?v=wXXYlwLqc64,9,32,494,572494,572,0,410359,1.395105261,421494,1.358249465,-0.0005,0.8403,4.364094323,22.0850,26.2824,174.5105,5.24303,,,,,,,,,,,,,,,,,,,,,,,,,,,,,,,,,,,,,,,,,,,,,,,,,,,,,,,--,,,,,,,,,,,,,,,,,,,,,,,,,,,348,0.01478090402,3.884773745,
🇿🇦,Airpodsz,0,0,9:32.712,9:32.712,04 Feb 2026,93,(U),-5491553150795514793,,,https://www.youtube.com/watch?v=gUqcgYIBV68&list=PLjW0OIc7zcEcCMM5essHmBGzf92S0FzKi&index=29,9,32,712,572712,573,1,410359,1.395636504,410359,1.395636504,-0.0005,0.9546,5.256751995,16.5491,17.3368,173.3676,5.25675,,,,,,,,,,,,,,,,,,,,,,,,,,,,,,,,,,,,,,,,,,,,,,,,,,,,,,,,,,,,,,,,,,,,,,,,,,,,,,,,,,,,,
🇸🇰,NoFear1337,0,0,9:32.897,9:32.897,15 Dec 2023,875,(U),unknown,,,https://www.youtube.com/watch?v=SROkWtFTBvE,9,32,897,572897,573,1,410359,1.396087328,446254,1.283791294,-0.0005,0.6456,2.973630914,30.7166,47.5749,172.4007,5.26842,,,,,,,,,,,,,,,,,,,,,,,,,,,,,,,,,,,,,,,,,,,,,,,,,,,,,,,--,,,,,,,,,,,,,,,,,,,,,,,,,,,875,0,0,
🇺🇸,Feinberg,0,0,9:33.123,9:33.123,21 Dec 2025,138,(U),1570558326201400964,,No,https://www.youtube.com/watch?v=6rzjZzzcGeA,9,33,123,573123,573,0,410359,1.396638066,410359,1.396638066,-0.0005,0.9333,5.282712608,15.9808,17.1224,171.2236,5.28271,,,,,,,,,,,,,,,,,,,,,,,,,,,,,,,,,,,,,,,,,,,,,,,,,,,,,,,,,,,,,,,,,,,,,,,,,,,,,,,,,,,,,
🇳🇴,skycrab1,0,0,9:32.943,9:33.168,21 Oct 2025,199,(U),see video,,,https://www.youtube.com/watch?v=lHiL5mg3oA4&list=PLU3_fvoJ1GyMStiA29z37DUPtG47PvOJz&index=145,9,33,168,573168,573,0,410359,1.396747726,410359,1.396747726,-0.0005,0.9053,5.285561803,15.4795,17.0990,170.9897,5.28556,,,,,,,,,,,,,,,,,,,,,,,,,,,,,,,,,,,,,,,,,,,,,,,,,,,,,,,--,,,,,,,,,,,,,,,,,,,,,,,,,,,199,0.4547261543,77.753495,
🇵🇱,mati_lopez,0,1,9:33.192,9:33.192,12 Dec 2023,878,(V),6639007270022584625,06,Yes,https://www.speedrun.com/mc/runs/mr2l5n4y,9,33,192,573192,573,0,410359,1.396806211,446254,1.284452352,-0.0005,0.6447,2.984004895,30.5443,47.3789,170.8651,5.28708,,,,,,,,,,,,,,,,,,,,,,,,,,,,,,,,,,,,,,,,,,,,,,,,,,,,,,,,,,,,,,,,,,,,,,,,,,,,,,,,,,,,,
🇸🇰,NoFear1337,0,0,9:33.243,9:33.243,23 Jul 2025,289,(U),unknown,,,https://www.youtube.com/watch?v=Ucnbg8kATvI,9,33,243,573243,573,0,410359,1.396930493,410359,1.396930493,-0.0005,0.8655,5.290313444,14.7647,17.0600,170.6003,5.29031,,,,,,,,,,,,,,,,,,,,,,,,,,,,,,,,,,,,,,,,,,,,,,,,,,,,,,,--,,,,,,,,,,,,,,,,,,,,,,,,,,,289,0.08947850054,15.26505999,
🇵🇱,watermelon1708,0,0,9:33.249,9:33.249,20 Nov 2025,169,(U),unknown,,,https://www.youtube.com/watch?v=FIQZdzOU1z0,9,33,249,573249,573,0,410359,1.396945114,410359,1.396945114,-0.0005,0.9190,5.290693737,15.6748,17.0569,170.5692,5.29069,,,,,,,,,,,,,,,,,,,,,,,,,,,,,,,,,,,,,,,,,,,,,,,,,,,,,,,--,,,,,,,,,,,,,,,,,,,,,,,,,,,169,0.6171267171,105.2627975,
🇿🇦,Airpodsz,0,0,9:29.788,9:33.273,13 Feb 2026,84,(U),8037488532370898787,,,https://www.youtube.com/watch?v=wCmYoF-sS1s&list=PLjW0OIc7zcEcCMM5essHmBGzf92S0FzKi&index=32,9,33,273,573273,573,0,410359,1.397003599,410359,1.397003599,-0.0005,0.9589,5.292215145,16.3434,17.0445,170.4447,5.29222,,,,,,,,,,,,,,,,,,,,,,,,,,,,,,,,,,,,,,,,,,,,,,,,,,,,,,,,,,,,,,,,,,,,,,,,,,,,,,,,,,,,,
🇨🇦,Mynski,0,1,9:26.553,9:33.317,01 Jul 2023,1041.416667,(?),Unknown,??,Yes,https://www.youtube.com/watch?v=Eu51zmyVc4U,9,33,317,573317,573,0,410359,1.397110822,465828,1.230748259,-0.0005,0.5941,2.23872337,37.3246,62.8255,170.2166,5.29501,,,,,,,,,,,,,,,,,,,,,,,,,,,,,,,,,,,,,,,,,,,,,,,,,,,,,,,,,,,,,,,,,,,,,,,,,,,,,,,,,,,,,
🇮🇱,Ranik_,0,1,9:23.709,9:33.385,10 Oct 2023,941,(U),-8488106891176696564,08,Yes,https://www.youtube.com/watch?v=hpavr1Umah8,9,33,385,573385,573,0,410359,1.397276531,465828,1.230894236,-0.0005,0.6247,2.24049969,39.2216,62.7857,169.8644,5.29932,,,,,,,,,,,,,,,,,,,,,,,,,,,,,,,,,,,,,,,,,,,,,,,,,,,,,,,,,,,,,,,,,,,,,,,,,,,,,,,,,,,,,
🇨🇦,Aquacorde,0,0,9:33.414,9:33.414,14 Jul 2025,298,(U),3745240715930610868,,,https://www.youtube.com/watch?v=irG5odl9FWc,9,33,414,573414,573,0,410359,1.397347201,410359,1.397347201,-0.0005,0.8616,5.301161144,14.6221,16.9714,169.7143,5.30116,,,,,,,,,,,,,,,,,,,,,,,,,,,,,,,,,,,,,,,,,,,,,,,,,,,,,,,--,,,,,,,,,,,,,,,,,,,,,,,,,,,298,0.07090890882,12.03425301,
🇺🇦,7rowl,0,1,9:33.656,9:33.656,27 May 2023,1077,(U),-280346871610267376,12,Yes,https://www.youtube.com/watch?v=pfJ6_SIVQsE,9,33,656,573656,574,1,410359,1.397936928,465828,1.231475995,-0.0005,0.5836,2.247591417,36.5504,62.6267,168.4646,5.31655,,,,,,,,,,,,,,,,,,,,,,,,,,,,,,,,,,,,,,,,,,,,,,,,,,,,,,,,,,,,,,,,,,,,,,,,,,,,,,,,,,,,,
🇮🇹,Ale267,0,1,9:31.798,9:33.920,18 Mar 2023,1147,(V),6878392714686165176,12,Yes,https://www.speedrun.com/mc/run/m3lv7dwm,9,33,920,573920,574,1,410359,1.398580268,465828,1.232042728,-0.0005,0.5635,2.254519319,35.2058,62.4716,167.1070,5.33337,,,,,,,,,,,,,,,,,,,,,,,,,,,,,,,,,,,,,,,,,,,,,,,,,,,,,,,,,,,,,,,,,,,,,,,,,,,,,,,,,,,,,
🇫🇮,sadekeppi,0,0,9:33.933,9:33.933,27 Nov 2025,162,(U),unknown,,,https://www.youtube.com/watch?v=v5aAY7aHxAc,9,33,933,573933,574,1,410359,1.398611947,410359,1.398611947,-0.0005,0.9222,5.334203944,15.4044,16.7040,167.0403,5.33420,,,,,,,,,,,,,,,,,,,,,,,,,,,,,,,,,,,,,,,,,,,,,,,,,,,,,,,,,,,,,,,,,,,,,,,,,,,,,,,,,,162,0.6536698967,109.1892106,
🇺🇦,loodlow,0,1,9:31.417,9:34.074,03 Jan 2024,856,(V),223037202453904849,,,https://www.speedrun.com/mc/runs/y8kod21y,9,34,74,574074,574,0,410359,1.398955549,446254,1.286428805,-0.0005,0.6518,3.015213031,30.5001,46.7928,166.3178,5.34321,,,,,,,,,,,,,,,,,,,,,,,,,,,,,,,,,,,,,,,,,,,,,,,,,,,,,,,--,,,,,,,,,,,,,,,,,,,,,,,,,,,856,0,0,
🇳🇴,skycrab1,0,0,9:31.539,9:34.051,05 Feb 2024,823,(U),unknown,,,https://www.youtube.com/watch?v=7WaCloKkkXQ&list=PLU3_fvoJ1GyMStiA29z37DUPtG47PvOJz&index=8,9,34,51,574051,574,0,410359,1.3988995,421494,1.361943468,-0.0005,0.6627,4.445938453,16.7813,25.3243,166.4356,5.34174,,,,,,,,,,,,,,,,,,,,,,,,,,,,,,,,,,,,,,,,,,,,,,,,,,,,,,,--,,,,,,,,,,,,,,,,,,,,,,,,,,,823,0,0,
🇳🇴,skycrab1,0,0,9:33.046,9:34.091,21 Jun 2024,686,(U),6111477306279101383,,,https://www.youtube.com/watch?v=SjpGEQo2qAI&list=PLU3_fvoJ1GyMStiA29z37DUPtG47PvOJz&index=36,9,34,91,574091,574,0,410359,1.398996976,421494,1.362038368,-0.0005,0.7096,4.448058678,17.9537,25.2998,166.2308,5.34430,,,,,,,,,,,,,,,,,,,,,,,,,,,,,,,,,,,,,,,,,,,,,,,,,,,,,,,--,,,,,,,,,,,,,,,,,,,,,,,,,,,686,0,0,
🇺🇸,doogile,0,0,9:34.348,9:34.348,21 Mar 2025,413,(U),3428741567389448584,,,https://www.youtube.com/watch?v=ON2kExN455Q,9,34,348,574348,574,0,410359,1.399623257,421494,1.362648104,-0.0005,0.8134,4.461702282,20.4521,25.1432,164.9187,5.36075,,,,,,,,,,,,,,,,,,,,,,,,,,,,,,,,,,,,,,,,,,,,,,,,,,,,,,,--,,,,,,,,,,,,,,,,,,,,,,,,,,,413,0.0008721931119,0.2192969132,
🇺🇸,Infume,0,1,9:34.494,9:34.494,12 Mar 2023,1153,(V),-5346143310482159884,,,https://www.speedrun.com/mc/runs/znj9q59m,9,34,494,574494,574,0,410359,1.399979043,465828,1.233274943,-0.0005,0.5619,2.26964839,34.9104,62.1335,164.1759,5.37012,,,,,,,,,,,,,,,,,,,,,,,,,,,,,,,,,,,,,,,,,,,,,,,,,,,,,,,,,,,,,,,,,,,,,,,,,,,,,,,,,,,,,
🇿🇦,Airpodsz,0,0,9:34.549,9:34.549,25 Mar 2026,44,(U),5812532133711140207,,,https://www.youtube.com/watch?v=asR4UWgtxFQ&list=PLjW0OIc7zcEcCMM5essHmBGzf92S0FzKi&index=40,9,34,549,574549,575,1,410359,1.400113072,410359,1.400113072,-0.0005,0.9782,5.373655744,16.0330,16.3897,163.8965,5.37366,,,,,,,,,,,,,,,,,,,,,,,,,,,,,,,,,,,,,,,,,,,,,,,,,,,,,,,,,,,,,,,,,,,,,,,,,,,,,,,,,,,,,
🇺🇸,doogile,0,0,9:27.828,9:34.557,12 Apr 2023,1122,(U),-1996716733981977639,,,https://www.youtube.com/watch?v=uv1DYktuHdQ,9,34,557,574557,575,1,410359,1.400132567,465828,1.233410186,-0.0005,0.5706,2.271314429,35.4346,62.0964,163.8559,5.37417,,,,,,,,,,,,,,,,,,,,,,,,,,,,,,,,,,,,,,,,,,,,,,,,,,,,,,,--,,,,,,,,,,,,,,,,,,,,,,,,,,,1122,0,0,
🇨🇦,Aquacorde,0,0,9:35.061,9:35.061,11 Feb 2024,817,(U),5916322168139045813,,,https://www.youtube.com/watch?v=_kB4l1r6Z_U,9,35,61,575061,575,0,410359,1.40136076,421494,1.364339706,-0.0005,0.6646,4.499746286,16.4238,24.7106,161.3084,5.40664,,,,,,,,,,,,,,,,,,,,,,,,,,,,,,,,,,,,,,,,,,,,,,,,,,,,,,,--,,,,,,,,,,,,,,,,,,,,,,,,,,,817,0,0,
🇳🇴,skycrab1,0,0,9:33.390,9:35.170,05 Jul 2025,307,(U),3232995416196274049,,,https://www.youtube.com/watch?v=kxZT3ObGb8g&list=PLU3_fvoJ1GyMStiA29z37DUPtG47PvOJz&index=40,9,35,170,575170,575,0,410359,1.401626381,410359,1.401626381,-0.0005,0.8577,5.413685488,13.7884,16.0760,160.7604,5.41369,,,,,,,,,,,,,,,,,,,,,,,,,,,,,,,,,,,,,,,,,,,,,,,,,,,,,,,--,,,,,,,,,,,,,,,,,,,,,,,,,,,307,0.05538512074,8.9037335,
🇳🇴,skycrab1,0,0,9:35.237,9:35.237,16 Sep 2024,599,(U),3490610711658203102,,,https://www.youtube.com/watch?v=_H66aNYnVX4&list=PLU3_fvoJ1GyMStiA29z37DUPtG47PvOJz&index=71,9,35,237,575237,575,0,410359,1.401789652,421494,1.364757268,-0.0005,0.7412,4.50918088,18.2364,24.6043,160.4240,5.41802,,,,,,,,,,,,,,,,,,,,,,,,,,,,,,,,,,,,,,,,,,,,,,,,,,,,,,,--,,,,,,,,,,,,,,,,,,,,,,,,,,,599,0.0000000004635161444,0.0000001140448206,
🇳🇴,skycrab1,0,0,9:33.936,9:35.543,05 Aug 2024,641,(U),8022322116352656572,,,https://www.youtube.com/watch?v=4ly8bruecIw&list=PLU3_fvoJ1GyMStiA29z37DUPtG47PvOJz&index=48,9,35,543,575543,576,1,410359,1.402535341,421494,1.365483257,-0.0005,0.7258,4.525625495,17.7236,24.4199,158.8928,5.43785,,,,,,,,,,,,,,,,,,,,,,,,,,,,,,,,,,,,,,,,,,,,,,,,,,,,,,,--,,,,,,,,,,,,,,,,,,,,,,,,,,,641,0,0.0000000008902781443,
🇳🇴,skycrab1,0,0,9:35.206,9:35.594,10 Sep 2024,605,(U),4102653367681446187,,,https://www.youtube.com/watch?v=yy661jRyqhw&list=PLU3_fvoJ1GyMStiA29z37DUPtG47PvOJz&index=66,9,35,594,575594,576,1,410359,1.402659622,421494,1.365604255,-0.0005,0.7390,4.528371369,18.0229,24.3893,158.6383,5.44117,,,,,,,,,,,,,,,,,,,,,,,,,,,,,,,,,,,,,,,,,,,,,,,,,,,,,,,--,,,,,,,,,,,,,,,,,,,,,,,,,,,605,0.0000000002414128687,0.00000005887883238,
🇿🇦,Airpodsz,0,0,9:34.064,9:35.608,07 May 2025,366,(U),492596804425449081,,,https://www.youtube.com/watch?v=ivfJVCUNFEQ&list=PLjW0OIc7zcEcCMM5essHmBGzf92S0FzKi&index=4,9,35,608,575608,576,1,410359,1.402693739,421494,1.365637471,-0.0005,0.8328,4.529125393,20.3036,24.3809,158.5685,5.44208,,,,,,,,,,,,,,,,,,,,,,,,,,,,,,,,,,,,,,,,,,,,,,,,,,,,,,,,,,,,,,,,,,,,,,,,,,,,,,,,,,,,,
🇸🇰,NoFear1337,0,0,9:35.670,9:35.670,20 Dec 2023,870,(U),unknown,,,https://www.youtube.com/watch?v=Dsj0KzbzY60,9,35,670,575670,576,1,410359,1.402844826,446254,1.290005244,-0.0005,0.6473,3.072421088,29.6005,45.7316,158.2596,5.44610,,,,,,,,,,,,,,,,,,,,,,,,,,,,,,,,,,,,,,,,,,,,,,,,,,,,,,,--,,,,,,,,,,,,,,,,,,,,,,,,,,,870,0,0,
🇨🇦,silverr,0,0,9:35.814,9:35.814,05 Feb 2023,1188,(U),8973390315724050418,15,Yes,https://www.youtube.com/watch?v=6EHuNGxSBko,9,35,814,575814,576,1,410359,1.403195738,495537,1.162000012,-0.0005,0.5521,1.530253214,43.8780,79.4727,157.5435,5.45547,,,,,,,,,,,,,,,,,,,,,,,,,,,,,,,,,,,,,,,,,,,,,,,,,,,,,,,--,,,,,,,,,,,,,,,,,,,,,,,,,,,1188,0,0,
🇵🇱,watermelon1708,0,0,9:34.440,9:35.912,13 Oct 2025,207,(U),unknown,,,https://www.youtube.com/watch?v=YxzgDYgm8AE,9,35,912,575912,576,1,410359,1.403434554,410359,1.403434554,-0.0005,0.9017,5.461856161,14.1615,15.7057,157.0571,5.46186,,,,,,,,,,,,,,,,,,,,,,,,,,,,,,,,,,,,,,,,,,,,,,,,,,,,,,,--,,,,,,,,,,,,,,,,,,,,,,,,,,,207,0.4119001555,64.69184282,
🇿🇦,Airpodsz,0,0,9:35.503,9:35.919,26 Feb 2026,71,(U),-1555971930486417562,,,https://www.youtube.com/watch?v=LH375ak-SW4&list=PLjW0OIc7zcEcCMM5essHmBGzf92S0FzKi&index=39,9,35,919,575919,576,1,410359,1.403451612,410359,1.403451612,-0.0005,0.9651,5.462312378,15.1546,15.7022,157.0224,5.46231,,,,,,,,,,,,,,,,,,,,,,,,,,,,,,,,,,,,,,,,,,,,,,,,,,,,,,,,,,,,,,,,,,,,,,,,,,,,,,,,,,,,,
🇺🇸,doogile,0,0,9:35.919,9:35.919,23 May 2025,350,(U),369201841316479078,,,https://www.youtube.com/watch?v=m5WY6SiLPH8,9,35,919,575919,576,1,410359,1.403451612,421494,1.366375322,-0.0005,0.8395,4.545903911,20.3100,24.1942,157.0224,5.46231,,,,,,,,,,,,,,,,,,,,,,,,,,,,,,,,,,,,,,,,,,,,,,,,,,,,,,,--,,,,,,,,,,,,,,,,,,,,,,,,,,,350,0.01373923047,3.324100699,
🇬🇧,Brentilda,1,1,9:38.000,9:36.000,19 Apr 2021,1845,(V),-8422260959436812016,01,No,https://www.speedrun.com/mc/run/zq13899m,9,36,0,576000,576,0,410359,1.403649,667000,0.8635682159,-0.0005,0.3975,0.2790797795,41.4135,104.1786,156.6211,5.46759,,,,,,,,,,,,,,,,,,,,,,,,,,,,,,,,,,,,,,,,,,,,,,,,,,,,,,,--,,,,,,,,,,,,,,,,,,,,,,,,,,,1845,0,0,
🇵🇱,okshey,0,0,9:36.198,9:36.198,09 Nov 2025,180,(U),unknown,,,https://www.youtube.com/watch?v=EPY9lEApMl8,9,36,198,576198,576,0,410359,1.404131504,410359,1.404131504,-0.0005,0.9139,5.480522974,14.2247,15.5643,155.6425,5.48052,,,,,,,,,,,,,,,,,,,,,,,,,,,,,,,,,,,,,,,,,,,,,,,,,,,,,,,,,,,,,,,,,,,,,,,,,,,,,,,,,,180,0.5581095554,86.86557787,
🇸🇪,Crookst,0,1,9:31.823,9:36.696,05 Mar 2022,1525,(V),1234475058860136521,06,Yes,https://www.speedrun.com/mc/run/zn75ro9m,9,36,696,576696,577,1,410359,1.405345076,548820,1.05079261,-0.0005,0.4665,0.8072762451,44.8209,96.0793,153.1965,5.51316,,,,,,,,,,,,,,,,,,,,,,,,,,,,,,,,,,,,,,,,,,,,,,,,,,,,,,,--,,,,,,,,,,,,,,,,,,,,,,,,,,,1525,0,0,
🇩🇰,Bloopy,0,0,9:36.244,9:36.244,27 Oct 2024,558,(U),3241660036235146313,,,https://www.youtube.com/watch?v=KEaHoB1_iY4,9,36,244,576244,576,0,410359,1.404243601,421494,1.367146389,-0.0005,0.7565,4.563495917,18.1569,23.9999,155.4157,5.48353,,,,,,,,,,,,,,,,,,,,,,,,,,,,,,,,,,,,,,,,,,,,,,,,,,,,,,,--,,,,,,,,,,,,,,,,,,,,,,,,,,,558,0.00000002847864867,0.000006834835873,
🇨🇦,Jay12310,0,0,9:36.303,9:36.303,07 Jan 2026,121,(U),unknown,,,https://www.youtube.com/watch?v=pROA_8k_5eg&list=PLaTJSsRuu2UcsiC6KEkJwrGp1GaGgPoVG&index=12,9,36,303,576303,576,0,410359,1.404387378,410359,1.404387378,-0.0005,0.9413,5.487390139,14.6018,15.5125,155.1250,5.48739,,,,,,,,,,,,,,,,,,,,,,,,,,,,,,,,,,,,,,,,,,,,,,,,,,,,,,,--,,,,,,,,,,,,,,,,,,,,,,,,,,,121,0.8376490173,129.9402884,
🇺🇸,doogile,0,0,9:36.342,9:36.342,06 Jun 2025,336,(U),3942752838021789289,,,https://www.youtube.com/watch?v=Kwy4Xk-e0q8,9,36,342,576342,576,0,410359,1.404482417,421494,1.367378895,-0.0005,0.8454,4.568812278,20.2389,23.9414,154.9330,5.48994,,,,,,,,,,,,,,,,,,,,,,,,,,,,,,,,,,,,,,,,,,,,,,,,,,,,,,,--,,,,,,,,,,,,,,,,,,,,,,,,,,,336,0.02252103314,5.391847009,
🇧🇪,boyenn,0,1,9:36.771,9:36.771,02 Jan 2024,857,(U),-4821689901528726194,18,Yes,https://www.youtube.com/watch?v=_6pn-zw0hAg,9,36,771,576771,577,1,410359,1.405527843,446254,1.292472448,-0.0005,0.6515,3.112444557,29.3165,44.9995,152.8300,5.51809,,,,,,,,,,,,,,,,,,,,,,,,,,,,,,,,,,,,,,,,,,,,,,,,,,,,,,,,,,,,,,,,,,,,,,,,,,,,,,,,,,,,,
🇳🇴,skycrab1,0,0,9:35.664,9:36.849,26 Mar 2024,773,(U),unknown,,,https://www.youtube.com/watch?v=R_kkDzbVPHM&list=PLU3_fvoJ1GyMStiA29z37DUPtG47PvOJz&index=13,9,36,849,576849,577,1,410359,1.40571792,421494,1.368581759,-0.0005,0.6794,4.596403068,16.0616,23.6399,152.4494,5.52322,,,,,,,,,,,,,,,,,,,,,,,,,,,,,,,,,,,,,,,,,,,,,,,,,,,,,,,--,,,,,,,,,,,,,,,,,,,,,,,,,,,773,0,0,
🇳🇴,skycrab1,0,0,9:36.996,9:36.996,08 Oct 2024,577,(U),7453415470551744389,,,https://www.youtube.com/watch?v=kSKZSx3MlS0&list=PLU3_fvoJ1GyMStiA29z37DUPtG47PvOJz&index=77,9,36,996,576996,577,1,410359,1.406076143,421494,1.368930519,-0.0005,0.7494,4.604430017,17.6501,23.5527,151.7335,5.53290,,,,,,,,,,,,,,,,,,,,,,,,,,,,,,,,,,,,,,,,,,,,,,,,,,,,,,,--,,,,,,,,,,,,,,,,,,,,,,,,,,,577,0.000000004541523539,0.000001069653044,
🇮🇹,chiodus2472,0,1,9:34.948,9:37.268,09 Jan 2024,850,(V),-969821978931819875,01,Yes,https://www.speedrun.com/mc/runs/yd2409vm,9,37,268,577268,577,0,410359,1.406738977,421494,1.369575842,-0.0005,0.6538,4.619314996,15.2929,23.3919,150.4140,5.55086,,,,,,,,,,,,,,,,,,,,,,,,,,,,,,,,,,,,,,,,,,,,,,,,,,,,,,,,,,,,,,,,,,,,,,,,,,,,,,,,,,,,,
🇳🇴,skycrab1,0,0,9:36.604,9:37.350,26 May 2024,712,(U),546895512825728469,,,https://www.youtube.com/watch?v=13DWhOeZhQ0&list=PLU3_fvoJ1GyMStiA29z37DUPtG47PvOJz&index=23,9,37,350,577350,577,0,410359,1.406938802,421494,1.369770388,-0.0005,0.7005,4.623810642,16.3515,23.3435,150.0175,5.55628,,,,,,,,,,,,,,,,,,,,,,,,,,,,,,,,,,,,,,,,,,,,,,,,,,,,,,,--,,,,,,,,,,,,,,,,,,,,,,,,,,,712,0,0,
🇺🇸,doogile,0,0,9:36.895,9:37.361,14 Feb 2024,814,(U),8840188245230081545,,,https://www.youtube.com/watch?v=vGXGBTmZ5tU,9,37,361,577361,577,0,410359,1.406965608,421494,1.369796486,-0.0005,0.6656,4.624414008,15.5342,23.3370,149.9643,5.55701,,,,,,,,,,,,,,,,,,,,,,,,,,,,,,,,,,,,,,,,,,,,,,,,,,,,,,,--,,,,,,,,,,,,,,,,,,,,,,,,,,,814,0,0,
🇨🇦,21mustard,0,1,9:22.292,9:37.383,21 Jul 2023,1022,(V),unknown,09,Yes,https://www.speedrun.com/mc/runs/mrlv1p4m,9,37,383,577383,577,0,410359,1.40701922,465828,1.239476803,-0.0005,0.5999,2.347184995,36.2433,60.4160,149.8580,5.55846,,,,,,,,,,,,,,,,,,,,,,,,,,,,,,,,,,,,,,,,,,,,,,,,,,,,,,,,,,,,,,,,,,,,,,,,,,,,,,,,,,,,,
🇨🇦,Aquacorde,0,0,9:37.428,9:37.428,12 Jun 2025,330,(U),5411072566358981877,,,https://www.youtube.com/watch?v=8qtirJeKx8I,9,37,428,577428,577,0,410359,1.40712888,410359,1.40712888,-0.0005,0.8479,5.561439667,12.6880,14.9641,149.6408,5.56144,,,,,,,,,,,,,,,,,,,,,,,,,,,,,,,,,,,,,,,,,,,,,,,,,,,,,,,--,,,,,,,,,,,,,,,,,,,,,,,,,,,330,0.02749640528,4.114584781,
🇨🇦,Aquacorde,0,0,9:37.634,9:37.634,22 May 2024,716,(U),-2489974967494847394,,,https://www.youtube.com/watch?v=VE9n0qCjt7w,9,37,634,577634,578,1,410359,1.407630879,421494,1.370444182,-0.0005,0.6991,4.639410569,16.2019,23.1763,148.6487,5.57509,,,,,,,,,,,,,,,,,,,,,,,,,,,,,,,,,,,,,,,,,,,,,,,,,,,,,,,--,,,,,,,,,,,,,,,,,,,,,,,,,,,716,0,0,
🇳🇴,skycrab1,0,0,9:38.062,9:38.159,08 Dec 2025,151,(U),unknown,,,https://www.youtube.com/watch?v=ZuI2ve_w9q0&list=PLU3_fvoJ1GyMStiA29z37DUPtG47PvOJz&index=158,9,38,159,578159,578,0,410359,1.408910247,410359,1.408910247,-0.0005,0.9273,5.610021563,13.5510,14.6137,146.1374,5.61002,,,,,,,,,,,,,,,,,,,,,,,,,,,,,,,,,,,,,,,,,,,,,,,,,,,,,,,--,,,,,,,,,,,,,,,,,,,,,,,,,,,151,0.708719754,103.570449,
🇺🇸,Reignex,0,0,9:38.147,9:38.262,11 Jul 2023,1032,(U),unknown,12,Yes,https://www.youtube.com/watch?v=z-OO3UOtPY88,9,38,262,578262,578,0,410359,1.409161247,465828,1.241363765,-0.0005,0.5969,2.371242232,35.7476,59.8884,145.6476,5.61690,,,,,,,,,,,,,,,,,,,,,,,,,,,,,,,,,,,,,,,,,,,,,,,,,,,,,,,,,,,,,,,,,,,,,,,,,,,,,,,,,,,,,
🇨🇦,Aquacorde,0,0,9:38.350,9:38.350,13 Apr 2024,755,(U),-9127982004582887256,,,https://www.youtube.com/watch?v=J3IDVImiBgk,9,38,350,578350,578,0,410359,1.409375693,421494,1.372142901,-0.0005,0.6856,4.678944781,15.6016,22.7571,145.2298,5.62278,,,,,,,,,,,,,,,,,,,,,,,,,,,,,,,,,,,,,,,,,,,,,,,,,,,,,,,--,,,,,,,,,,,,,,,,,,,,,,,,,,,755,0,0,
🇧🇷,shyaya,0,1,9:24.030,9:38.411,30 Apr 2022,1469,(V),2054193579190053167,,,https://www.speedrun.com/mc/runs/znpk5w3m,9,38,411,578411,578,0,410359,1.409524343,548820,1.053917496,-0.0005,0.4797,0.8221315227,45.9474,95.7745,144.9407,5.62685,,,,,,,,,,,,,,,,,,,,,,,,,,,,,,,,,,,,,,,,,,,,,,,,,,,,,,,,,,,,,,,,,,,,,,,,,,,,,,,,,,1469,0,0,
🇳🇴,skycrab1,0,0,9:37.169,9:38.505,15 Jun 2024,692,(U),-6835923738561090524,,,https://www.youtube.com/watch?v=DiB9QaNNmPs&list=PLU3_fvoJ1GyMStiA29z37DUPtG47PvOJz&index=31&pp=iAQB,9,38,505,578505,579,1,410359,1.409753411,421494,1.372510641,-0.0005,0.7075,4.687541913,16.0370,22.6668,144.4957,5.63315,,,,,,,,,,,,,,,,,,,,,,,,,,,,,,,,,,,,,,,,,,,,,,,,,,,,,,,--,,,,,,,,,,,,,,,,,,,,,,,,,,,692,0,0,
🇷🇺,aleen,0,0,9:38.572,9:38.572,11 Jul 2023,1032,(U),-2116083140785115834,04,Yes,https://www.youtube.com/watch?v=LVB2XbfIBdY,9,38,572,578572,579,1,410359,1.409916683,465828,1.242029247,-0.0005,0.5969,2.379779071,35.6362,59.7017,144.1790,5.63763,,,,,,,,,,,,,,,,,,,,,,,,,,,,,,,,,,,,,,,,,,,,,,,,,,,,,,,,,,,,,,,,,,,,,,,,,,,,,,,,,,,,,
🇿🇦,Airpodsz,0,0,9:38.670,9:38.670,02 Jun 2025,340,(U),5921062734951902024,,,https://www.youtube.com/watch?v=O4iSypYT2y4&list=PLjW0OIc7zcEcCMM5essHmBGzf92S0FzKi&index=6,9,38,670,578670,579,1,410359,1.410155498,421494,1.372902105,-0.0005,0.8437,4.696708898,19.0422,22.5708,143.7166,5.64420,,,,,,,,,,,,,,,,,,,,,,,,,,,,,,,,,,,,,,,,,,,,,,,,,,,,,,,,,,,,,,,,,,,,,,,,,,,,,,,,,,,,,
🇨🇦,Aquacorde,0,0,9:38.736,9:38.736,06 Jun 2025,336,(U),9010889274559730847,,,https://www.youtube.com/watch?v=bVVdKUflSME,9,38,736,578736,579,1,410359,1.410316333,421494,1.373058691,-0.0005,0.8454,4.700380086,19.0479,22.5325,143.4056,5.64863,,,,,,,,,,,,,,,,,,,,,,,,,,,,,,,,,,,,,,,,,,,,,,,,,,,,,,,--,,,,,,,,,,,,,,,,,,,,,,,,,,,336,0.02252103314,5.074546062,
🇵🇱,watermelon1708,0,0,9:37.975,9:38.760,14 Nov 2025,175,(U),unknown,,,https://www.youtube.com/watch?v=i8Pi7aIULKc,9,38,760,578760,579,1,410359,1.410374818,410359,1.410374818,-0.0005,0.9162,5.650240733,13.1287,14.3293,143.2926,5.65024,,,,,,,,,,,,,,,,,,,,,,,,,,,,,,,,,,,,,,,,,,,,,,,,,,,,,,,--,,,,,,,,,,,,,,,,,,,,,,,,,,,175,0.5851204825,83.84345594,
🇮🇹,drip120,0,0,9:37.558,9:39.066,24 Oct 2025,196,(U),unknown,,,https://www.youtube.com/watch?v=wyhD_ahpxGU,9,39,66,579066,579,0,410359,1.411120507,410359,1.411120507,-0.0005,0.9066,5.670814874,12.8614,14.1857,141.8566,5.67081,,,,,,,,,,,,,,,,,,,,,,,,,,,,,,,,,,,,,,,,,,,,,,,,,,,,,,,--,,,,,,,,,,,,,,,,,,,,,,,,,,,196,0.4709734293,66.81070671,
🇨🇦,EvanKeen,0,0,9:34.747,9:39.089,18 Aug 2022,1359,(U),3017816655898544242,15,Yes,https://www.youtube.com/watch?v=aFLHdmK11hU,9,39,89,579089,579,0,410359,1.411176555,517884,1.118182836,-0.0005,0.5069,1.192847986,44.3638,87.5249,141.7490,5.67236,,,,,,,,,,,,,,,,,,,,,,,,,,,,,,,,,,,,,,,,,,,,,,,,,,,,,,,,,,,,,,,,,,,,,,,,,,,,,,,,,,,,,
🇦🇺,MoleyG,0,1,9:34.824,9:39.177,03 Jul 2023,1040,(V),2069048257442487259,05,Yes,https://www.speedrun.com/mc/run/z5peddgm,9,39,177,579177,579,0,410359,1.411391002,465828,1.243328009,-0.0005,0.5945,2.396518914,35.2769,59.3367,141.3378,5.67829,,,,,,,,,,,,,,,,,,,,,,,,,,,,,,,,,,,,,,,,,,,,,,,,,,,,,,,,,,,,,,,,,,,,,,,,,,,,,,,,,,,,,
🇳🇴,skycrab1,0,0,9:39.300,9:39.928,28 Jul 2024,649,(U),1220434626875752910,,,https://www.youtube.com/watch?v=mFNMOnaFXaY&list=PLU3_fvoJ1GyMStiA29z37DUPtG47PvOJz&index=45,9,39,928,579928,580,1,410359,1.413221106,421494,1.375886727,-0.0005,0.7229,4.767117892,15.7918,21.8454,137.8566,5.72912,,,,,,,,,,,,,,,,,,,,,,,,,,,,,,,,,,,,,,,,,,,,,,,,,,,,,,,--,,,,,,,,,,,,,,,,,,,,,,,,,,,649,0,0.0000000002934337029,
🇺🇦,dinonuggieboi,0,1,9:35.023,9:39.334,22 Apr 2023,1112,(V),-6590499565572039174,04,Yes,https://www.speedrun.com/mc/run/m3q9d2dy,9,39,334,579334,579,0,410359,1.411773593,465828,1.243665044,-0.0005,0.5735,2.40088015,33.9751,59.2418,140.6059,5.68889,,,,,,,,,,,,,,,,,,,,,,,,,,,,,,,,,,,,,,,,,,,,,,,,,,,,,,,--,,,,,,,,,,,,,,,,,,,,,,,,,,,1112,0,0,
🇵🇱,Mixray,0,1,9:34.946,9:39.423,15 Sep 2023,966,(U),6988294764721144612,04,Yes,https://www.youtube.com/watch?v=BtKOerBoYtI,9,39,423,579423,579,0,410359,1.411990477,465828,1.243856101,-0.0005,0.6169,2.403355595,36.5148,59.1880,140.1919,5.69490,,,,,,,,,,,,,,,,,,,,,,,,,,,,,,,,,,,,,,,,,,,,,,,,,,,,,,,,,,,,,,,,,,,,,,,,,,,,,,,,,,,,,
🇵🇱,watermelon1708,0,0,9:37.815,9:39.646,12 Oct 2025,208,(U),see video,,,https://www.youtube.com/watch?v=0Sux8DzQKHg,9,39,646,579646,580,1,410359,1.412533903,410359,1.412533903,-0.0005,0.9012,5.709991036,12.5413,13.9158,139.1579,5.70999,,,,,,,,,,,,,,,,,,,,,,,,,,,,,,,,,,,,,,,,,,,,,,,,,,,,,,,--,,,,,,,,,,,,,,,,,,,,,,,,,,,208,0.4066138969,56.5835192,
🇳🇴,skycrab1,0,0,9:39.881,9:39.881,20 Oct 2024,565,(U),-8605506067910459007,,,https://www.youtube.com/watch?v=Qo6r_k863hs&list=PLU3_fvoJ1GyMStiA29z37DUPtG47PvOJz&index=86,9,39,881,579881,580,1,410359,1.413106573,421494,1.375775219,-0.0005,0.7539,4.764470825,16.4895,21.8723,138.0730,5.72593,,,,,,,,,,,,,,,,,,,,,,,,,,,,,,,,,,,,,,,,,,,,,,,,,,,,,,,--,,,,,,,,,,,,,,,,,,,,,,,,,,,565,0.00000001468833053,0.000003212676519,
🇨🇦,Aquacorde,0,0,9:39.937,9:39.937,12 Jul 2025,300,(U),3456563830022902090,,,https://www.youtube.com/watch?v=9W4oVjvPLO8,9,39,937,579937,580,1,410359,1.413243038,410359,1.413243038,-0.0005,0.8607,5.729735462,11.8619,13.7815,137.8152,5.72974,,,,,,,,,,,,,,,,,,,,,,,,,,,,,,,,,,,,,,,,,,,,,,,,,,,,,,,--,,,,,,,,,,,,,,,,,,,,,,,,,,,300,0.06720551274,9.261942039,
🇳🇴,skycrab1,0,0,9:39.675,9:39.946,17 May 2025,356,(U),unknown,,,https://www.youtube.com/watch?v=7_u4r-5wbBw&list=PLU3_fvoJ1GyMStiA29z37DUPtG47PvOJz&index=122,9,39,946,579946,580,1,410359,1.41326497,421494,1.375929432,-0.0005,0.8369,4.768132004,18.2747,21.8351,137.7738,5.73035,,,,,,,,,,,,,,,,,,,,,,,,,,,,,,,,,,,,,,,,,,,,,,,,,,,,,,,--,,,,,,,,,,,,,,,,,,,,,,,,,,,356,0.01097866319,2.397202229,
🇨🇦,silverr,0,0,9:39.993,9:39.993,21 Jan 2023,1203,(U),5152803780424896801,15,Yes,https://www.youtube.com/watch?v=4SxUSWR0AKk,9,39,993,579993,580,1,410359,1.413379504,495537,1.170433288,-0.0005,0.5480,1.60451547,42.5705,77.6849,137.5577,5.73354,,,,,,,,,,,,,,,,,,,,,,,,,,,,,,,,,,,,,,,,,,,,,,,,,,,,,,,,,,,,,,,,,,,,,,,,,,,,,,,,,,,,,
🇹🇿,Kxpow,0,1,9:35.931,9:40.072,13 Feb 2023,1180,(V),-2352610708955668290,06,Yes,https://www.speedrun.com/mc/run/meeedq3m,9,40,72,580072,580,0,410359,1.413572019,465828,1.245249319,-0.0005,0.5543,2.421475987,32.5916,58.7948,137.1949,5.73892,,,,,,,,,,,,,,,,,,,,,,,,,,,,,,,,,,,,,,,,,,,,,,,,,,,,,,,--,,,,,,,,,,,,,,,,,,,,,,,,,,,1180,0,0,
🇨🇦,silverr,0,0,9:39.324,9:40.144,13 Sep 2023,968,(U),unknown,??,Yes,https://www.youtube.com/watch?v=7Qgs9qVAEYg,9,40,144,580144,580,0,410359,1.413747475,465828,1.245403883,-0.0005,0.6163,2.423493771,36.2091,58.7511,136.8648,5.74382,,,,,,,,,,,,,,,,,,,,,,,,,,,,,,,,,,,,,,,,,,,,,,,,,,,,,,,--,,,,,,,,,,,,,,,,,,,,,,,,,,,968,0,0,
🇺🇸,Feinberg,0,0,9:38.533,9:40.201,22 Nov 2022,1263,(U),3763410502063067245,,,https://www.youtube.com/watch?v=X5XKUnji4HM,9,40,201,580201,580,0,410359,1.413886378,495537,1.170853034,-0.0005,0.5318,1.608296434,41.2640,77.5939,136.6037,5.74770,,,,,,,,,,,,,,,,,,,,,,,,,,,,,,,,,,,,,,,,,,,,,,,,,,,,,,,,,,,,,,,,,,,,,,,,,,,,,,,,,,,,,
🇿🇦,Airpodsz,0,0,9:40.203,9:40.203,18 Feb 2026,79,(U),1567644666340618744,,,https://www.youtube.com/watch?v=Xmbntq1hvyM&list=PLjW0OIc7zcEcCMM5essHmBGzf92S0FzKi&index=36,9,40,203,580203,580,0,410359,1.413891251,410359,1.413891251,-0.0005,0.9613,5.747835708,13.1304,13.6595,136.5946,5.74784,,,,,,,,,,,,,,,,,,,,,,,,,,,,,,,,,,,,,,,,,,,,,,,,,,,,,,,,,,,,,,,,,,,,,,,,,,,,,,,,,,,,,
🇺🇸,doogile,0,0,9:38.425,9:40.319,20 Jan 2024,839,(U),-4077851580953068746,,,https://www.youtube.com/watch?v=qYuK9wNO7GQ,9,40,319,580319,580,0,410359,1.414173931,421494,1.376814379,-0.0005,0.6574,4.789189198,14.2139,21.6222,136.0643,5.75574,,,,,,,,,,,,,,,,,,,,,,,,,,,,,,,,,,,,,,,,,,,,,,,,,,,,,,,--,,,,,,,,,,,,,,,,,,,,,,,,,,,839,0,0,
🇳🇱,HDMICables,0,1,9:35.842,9:40.337,30 Dec 2023,860,(U),-2883304325678276407,06,Yes,https://www.youtube.com/watch?v=fsCAdRBeb3s,9,40,337,580337,580,0,410359,1.414217795,446254,1.300463413,-0.0005,0.6505,3.245263052,27.7316,42.6306,135.9821,5.75697,,,,,,,,,,,,,,,,,,,,,,,,,,,,,,,,,,,,,,,,,,,,,,,,,,,,,,,--,,,,,,,,,,,,,,,,,,,,,,,,,,,860,0,0,
🇨🇦,NoHacsJustRoblox,0,0,9:39.837,9:40.348,22 Apr 2024,746,(U),7851252288319915185,,,https://www.youtube.com/watch?v=yxr4anf52rI,9,40,348,580348,580,0,410359,1.4142446,421494,1.376883182,-0.0005,0.6887,4.790829758,14.8791,21.6057,135.9319,5.75772,,,,,,,,,,,,,,,,,,,,,,,,,,,,,,,,,,,,,,,,,,,,,,,,,,,,,,,--,,,,,,,,,,,,,,,,,,,,,,,,,,,746,0,0,
🇿🇦,Airpodsz,0,0,9:40.353,9:40.353,18 Feb 2026,79,(U),5652081996775429995,,,https://www.youtube.com/watch?v=fz2WSDzfu1Y&list=PLjW0OIc7zcEcCMM5essHmBGzf92S0FzKi&index=34,9,40,353,580353,580,0,410359,1.414256785,410359,1.414256785,-0.0005,0.9613,5.758064592,13.0645,13.5909,135.9091,5.75806,,,,,,,,,,,,,,,,,,,,,,,,,,,,,,,,,,,,,,,,,,,,,,,,,,,,,,,,,,,,,,,,,,,,,,,,,,,,,,,,,,,,,
🇳🇴,skycrab1,0,0,9:39.314,9:40.387,13 Aug 2024,633,(U),-7637821071124496857,,,https://www.youtube.com/watch?v=aFxizpVM6-c&list=PLU3_fvoJ1GyMStiA29z37DUPtG47PvOJz&index=51,9,40,387,580387,580,0,410359,1.414339639,421494,1.37697571,-0.0005,0.7287,4.793036804,15.7278,21.5835,135.7540,5.76039,,,,,,,,,,,,,,,,,,,,,,,,,,,,,,,,,,,,,,,,,,,,,,,,,,,,,,,--,,,,,,,,,,,,,,,,,,,,,,,,,,,633,0,0.000000002083741104,
🇳🇴,skycrab1,0,0,9:40.817,9:40.817,08 Dec 2025,151,(U),unknown,,,https://www.youtube.com/watch?v=WAg6hWbZyx4&list=PLU3_fvoJ1GyMStiA29z37DUPtG47PvOJz&index=154,9,40,817,580817,581,1,410359,1.415387502,410359,1.415387502,-0.0005,0.9273,5.789806534,12.4071,13.3801,133.8015,5.78981,,,,,,,,,,,,,,,,,,,,,,,,,,,,,,,,,,,,,,,,,,,,,,,,,,,,,,,--,,,,,,,,,,,,,,,,,,,,,,,,,,,151,0.708719754,94.82774282,
🇮🇪,Skyro,0,1,9:38.568,9:40.820,01 Oct 2023,950,(V),2608440908150331699,11,Yes,https://www.speedrun.com/mc/runs/y8k29gdy,9,40,820,580820,581,1,410359,1.415394813,465828,1.246855062,-0.0005,0.6219,2.442511948,36.2809,58.3403,133.7879,5.79001,,,,,,,,,,,,,,,,,,,,,,,,,,,,,,,,,,,,,,,,,,,,,,,,,,,,,,,,,,,,,,,,,,,,,,,,,,,,,,,,,,,,,
🇺🇸,doogile,0,0,9:40.835,9:40.835,07 Jul 2024,670,(U),2139235147472927794,,,https://www.youtube.com/watch?v=SIsWU7n7Y1Q,9,40,835,580835,581,1,410359,1.415431366,421494,1.378038596,-0.0005,0.7153,4.818453445,15.2576,21.3292,133.7201,5.79104,,,,,,,,,,,,,,,,,,,,,,,,,,,,,,,,,,,,,,,,,,,,,,,,,,,,,,,--,,,,,,,,,,,,,,,,,,,,,,,,,,,670,0,0,
🇹🇿,Kxpow,0,0,9:36.126,9:40.897,01 Dec 2023,889,(U),259107068981043696,09,Yes,https://www.youtube.com/watch?v=QfrFgDFKD5w,9,40,897,580897,581,1,410359,1.415582453,465828,1.247020359,-0.0005,0.6411,2.44468666,37.3745,58.2934,133.4401,5.79529,,,,,,,,,,,,,,,,,,,,,,,,,,,,,,,,,,,,,,,,,,,,,,,,,,,,,,,--,,,,,,,,,,,,,,,,,,,,,,,,,,,889,0,0,
🇳🇴,skycrab1,0,0,9:40.016,9:40.947,25 Jan 2024,834,(U),unknown,,,https://www.youtube.com/watch?v=BfPtmmhAcv8&list=PLU3_fvoJ1GyMStiA29z37DUPtG47PvOJz&index=7,9,40,947,580947,581,1,410359,1.415704298,421494,1.378304317,-0.0005,0.6590,4.824826009,14.0147,21.2659,133.2145,5.79873,,,,,,,,,,,,,,,,,,,,,,,,,,,,,,,,,,,,,,,,,,,,,,,,,,,,,,,--,,,,,,,,,,,,,,,,,,,,,,,,,,,834,0,0,
🇳🇴,skycrab1,0,0,9:40.952,9:40.952,17 Oct 2024,568,(U),-6693970200234515187,,,https://www.youtube.com/watch?v=KoyMQIZpl2M&list=PLU3_fvoJ1GyMStiA29z37DUPtG47PvOJz&index=84,9,40,952,580952,581,1,410359,1.415716482,421494,1.37831618,-0.0005,0.7528,4.825110671,16.0061,21.2631,133.1919,5.79907,,,,,,,,,,,,,,,,,,,,,,,,,,,,,,,,,,,,,,,,,,,,,,,,,,,,,,,--,,,,,,,,,,,,,,,,,,,,,,,,,,,568,0.0000000110036016,0.000002339705594,
🇵🇱,watermelon1708,0,0,9:40.214,9:40.974,10 Nov 2025,179,(U),unknown,,,https://www.youtube.com/watch?v=BRWCw1TJJ8I,9,40,974,580974,581,1,410359,1.415770094,410359,1.415770094,-0.0005,0.9144,5.800581305,12.1698,13.3093,133.0927,5.80058,,,,,,,,,,,,,,,,,,,,,,,,,,,,,,,,,,,,,,,,,,,,,,,,,,,,,,,--,,,,,,,,,,,,,,,,,,,,,,,,,,,179,0.5635304555,75.00181278,
🇸🇰,NoFear1337,0,0,9:41.386,9:41.386,29 Jul 2025,283,(U),unknown,,,https://www.youtube.com/watch?v=IPeeYl5K1dw,9,41,386,581386,581,0,410359,1.416774093,410359,1.416774093,-0.0005,0.8681,5.828939708,11.3927,13.1244,131.2435,5.82894,,,,,,,,,,,,,,,,,,,,,,,,,,,,,,,,,,,,,,,,,,,,,,,,,,,,,,,--,,,,,,,,,,,,,,,,,,,,,,,,,,,283,0.1036724675,13.60634006,
🇳🇴,skycrab1,0,0,9:40.139,9:41.483,30 Apr 2024,738,(U),unknown,,,https://www.youtube.com/watch?v=eg2ekkY0cNE&list=PLU3_fvoJ1GyMStiA29z37DUPtG47PvOJz&index=17,9,41,483,581483,581,0,410359,1.417010471,421494,1.379575984,-0.0005,0.6914,4.855425514,14.4951,20.9641,130.8104,5.83563,,,,,,,,,,,,,,,,,,,,,,,,,,,,,,,,,,,,,,,,,,,,,,,,,,,,,,,--,,,,,,,,,,,,,,,,,,,,,,,,,,,738,0,0,
🇦🇺,jojoe77777,0,1,9:39.300,9:41.498,05 Nov 2022,1279.833333,(V),2255857141275608054,15,Yes,https://www.speedrun.com/mc/run/z0l2kr4z,9,41,498,581498,581,0,410359,1.417047025,517884,1.122834457,-0.0005,0.5273,1.225071506,45.7559,86.7680,130.7435,5.83667,,,,,,,,,,,,,,,,,,,,,,,,,,,,,,,,,,,,,,,,,,,,,,,,,,,,,,,,,,,,,,,,,,,,,,,,,,,,,,,,,,,,,
🇫🇮,sadekeppi,0,1,9:39.980,9:41.717,09 Sep 2024,606,(V),-8310562937047784479,,,https://www.speedrun.com/mc/runs/y2wjvj9y,9,41,717,581717,582,1,410359,1.417580704,421494,1.380131153,-0.0005,0.7386,4.868837423,15.3872,20.8329,129.7690,5.85181,,,,,,,,,,,,,,,,,,,,,,,,,,,,,,,,,,,,,,,,,,,,,,,,,,,,,,,,,,,,,,,,,,,,,,,,,,,,,,,,,,606,0.0000000002162682458,0.00000004505502943,
🇳🇴,skycrab1,0,0,9:41.890,9:41.890,31 Jan 2025,462,(U),3885342470278498728,,,https://www.youtube.com/watch?v=UnIxyUgilX4&list=PLU3_fvoJ1GyMStiA29z37DUPtG47PvOJz&index=111,9,41,890,581890,582,1,410359,1.418002286,421494,1.380541597,-0.0005,0.7937,4.878773899,16.4592,20.7362,129.0023,5.86379,,,,,,,,,,,,,,,,,,,,,,,,,,,,,,,,,,,,,,,,,,,,,,,,,,,,,,,--,,,,,,,,,,,,,,,,,,,,,,,,,,,462,0.00005216426897,0.01081691197,
🇿🇦,Airpodsz,0,1,9:33.100,9:41.925,01 Mar 2025,433,(U),-3371920592229005214,,,https://www.youtube.com/watch?v=mLH7Nj2vjNo&list=PLjW0OIc7zcEcCMM5essHmBGzf92S0FzKi,9,41,925,581925,582,1,410359,1.418087577,421494,1.380624635,-0.0005,0.8053,4.880786326,16.6838,20.7167,128.8476,5.86622,,,,,,,,,,,,,,,,,,,,,,,,,,,,,,,,,,,,,,,,,,,,,,,,,,,,,,,,,,,,,,,,,,,,,,,,,,,,,,,,,,,,,
🇵🇱,PolishedAqua,0,1,9:39.321,9:42.034,21 Sep 2023,960,(U),979111991370166301,16,Yes,https://www.youtube.com/watch?v=s3Oi91oPL5k,9,42,34,582034,582,0,410359,1.418353198,465828,1.249461175,-0.0005,0.6188,2.477000991,35.6415,57.5994,128.3662,5.87379,,,,,,,,,,,,,,,,,,,,,,,,,,,,,,,,,,,,,,,,,,,,,,,,,,,,,,,,,,,,,,,,,,,,,,,,,,,,,,,,,,,,,
🇫🇷,Launey,0,1,9:40.641,9:42.307,13 Dec 2023,877,(V),-5104865867818754932,15,Yes,https://www.speedrun.com/mc/runs/z1kl44gy,9,42,307,582307,582,0,410359,1.419018469,446254,1.304877939,-0.0005,0.6450,3.320766399,26.6552,41.3256,127.1655,5.89277,,,,,,,,,,,,,,,,,,,,,,,,,,,,,,,,,,,,,,,,,,,,,,,,,,,,,,,,,,,,,,,,,,,,,,,,,,,,,,,,,,,,,
🇨🇦,Jay12310,0,0,9:42.316,9:42.316,19 Mar 2026,50,(U),unknown,,,https://www.youtube.com/watch?v=nPvbjR72aFs,9,42,316,582316,582,0,410359,1.419040401,410359,1.419040401,-0.0005,0.9753,5.893397489,12.3987,12.7126,127.1260,5.89340,,,,,,,,,,,,,,,,,,,,,,,,,,,,,,,,,,,,,,,,,,,,,,,,,,,,,,,,,,,,,,,,,,,,,,,,,,,,,,,,,,,,,
🇳🇴,skycrab1,0,0,9:41.631,9:42.343,21 Aug 2024,625,(U),2108680863366446173,,,https://www.youtube.com/watch?v=c-yAb9s6b5Y&list=PLU3_fvoJ1GyMStiA29z37DUPtG47PvOJz&index=58,9,42,343,582343,582,0,410359,1.419106197,421494,1.381616346,-0.0005,0.7316,4.904876649,14.9865,20.4841,127.0077,5.89528,,,,,,,,,,,,,,,,,,,,,,,,,,,,,,,,,,,,,,,,,,,,,,,,,,,,,,,--,,,,,,,,,,,,,,,,,,,,,,,,,,,625,0,0.000000005111215452,
🇨🇦,dandannyboy,0,0,9:41.050,9:42.433,16 Aug 2023,996,(U),Unknown,09,Yes,https://www.youtube.com/watch?v=FayhjYLbY_k,9,42,433,582433,582,0,410359,1.419325517,465828,1.250317714,-0.0005,0.6077,2.488430964,34.8572,57.3550,126.6136,5.90155,,,,,,,,,,,,,,,,,,,,,,,,,,,,,,,,,,,,,,,,,,,,,,,,,,,,,,,,,,,,,,,,,,,,,,,,,,,,,,,,,,,,,
🇹🇿,Kxpow,0,0,9:41.314,9:42.605,27 Jun 2024,680,(U),8823674453656876265,,,https://www.youtube.com/watch?v=_ISsYlysXBY,9,42,605,582605,583,1,410359,1.419744663,421494,1.382237944,-0.0005,0.7118,4.920029311,14.4767,20.3389,125.8625,5.91355,,,,,,,,,,,,,,,,,,,,,,,,,,,,,,,,,,,,,,,,,,,,,,,,,,,,,,,,,,,,,,,,,,,,,,,,,,,,,,,,,,,,,
🇿🇦,Airpodsz,0,0,9:41.788,9:43.182,09 Mar 2025,425,(U),8620606746179560231,,,https://www.youtube.com/watch?v=dW2HQGl9GPg&list=PLjW0OIc7zcEcCMM5essHmBGzf92S0FzKi&index=3,9,43,182,583182,583,0,410359,1.421150748,421494,1.383606884,-0.0005,0.8086,4.953544362,16.1882,20.0211,123.3627,5.95398,,,,,,,,,,,,,,,,,,,,,,,,,,,,,,,,,,,,,,,,,,,,,,,,,,,,,,,,,,,,,,,,,,,,,,,,,,,,,,,,,,,,,
🇿🇦,Airpodsz,0,0,9:43.508,9:43.508,04 Feb 2026,93,(U),-8168269101579894154,,,https://www.youtube.com/watch?v=BrnZn3f01qk&list=PLjW0OIc7zcEcCMM5essHmBGzf92S0FzKi&index=27,9,43,508,583508,584,1,410359,1.421945175,410359,1.421945175,-0.0005,0.9546,5.97692255,11.6422,12.1964,121.9638,5.97692,,,,,,,,,,,,,,,,,,,,,,,,,,,,,,,,,,,,,,,,,,,,,,,,,,,,,,,,,,,,,,,,,,,,,,,,,,,,,,,,,,,,,
🇿🇦,Airpodsz,0,0,9:41.032,9:43.825,13 Jun 2025,329,(U),-7444531998155004388,,,https://www.youtube.com/watch?v=U_Yrt25TN3M&list=PLjW0OIc7zcEcCMM5essHmBGzf92S0FzKi&index=7,9,43,825,583825,584,1,410359,1.422717669,410359,1.422717669,-0.0005,0.8483,5.999308129,10.2318,12.0613,120.6129,5.99931,,,,,,,,,,,,,,,,,,,,,,,,,,,,,,,,,,,,,,,,,,,,,,,,,,,,,,,,,,,,,,,,,,,,,,,,,,,,,,,,,,,,,
🇹🇿,Kxpow,0,0,9:41.967,9:45.805,30 Oct 2024,555,(U),-5615062906610971575,,,https://www.youtube.com/watch?v=H7rdovQKdbk,9,45,805,585805,586,1,410359,1.427542713,421494,1.389829986,-0.0005,0.7577,5.108431589,14.0985,18.6076,112.3830,6.14079,,,,,,,,,,,,,,,,,,,,,,,,,,,,,,,,,,,,,,,,,,,,,,,,,,,,,,,,,,,,,,,,,,,,,,,,,,,,,,,,,,,,,
🇹🇷,Ancoboy,0,1,9:40.615,9:42.910,21 Aug 2023,991,(U),6827480725930071979,06,Yes,https://www.youtube.com/watch?v=29VY3VmMX2Y,9,42,910,582910,583,1,410359,1.420487914,465828,1.251341697,-0.0005,0.6093,2.502157164,34.7662,57.0624,124.5374,5.93489,,,,,,,,,,,,,,,,,,,,,,,,,,,,,,,,,,,,,,,,,,,,,,,,,,,,,,,--,,,,,,,,,,,,,,,,,,,,,,,,,,,991,0,0,
🇨🇦,dandannyboy,0,0,9:41.711,9:43.217,09 Dec 2023,881,(U),-5167919398774938171,06,Yes,https://www.youtube.com/watch?v=TTcFB-C6V9w,9,43,217,583217,583,0,410359,1.42123604,446254,1.306917137,-0.0005,0.6437,3.356164769,26.2147,40.7242,123.2121,5.95644,,,,,,,,,,,,,,,,,,,,,,,,,,,,,,,,,,,,,,,,,,,,,,,,,,,,,,,,,,,,,,,,,,,,,,,,,,,,,,,,,,,,,
🇹🇿,Kxpow,0,0,9:42.751,9:43.252,24 Jun 2024,683,(U),-9121307343439300002,,,https://www.youtube.com/watch?v=Di84HYamO6U,9,43,252,583252,583,0,410359,1.421321331,421494,1.38377296,-0.0005,0.7107,4.957623866,14.2018,19.9827,123.0615,5.95890,,,,,,,,,,,,,,,,,,,,,,,,,,,,,,,,,,,,,,,,,,,,,,,,,,,,,,,,,,,,,,,,,,,,,,,,,,,,,,,,,,,,,
🇳🇴,skycrab1,0,0,9:42.450,9:43.523,19 Jul 2024,658,(U),-1964772688075275318,,,https://www.youtube.com/watch?v=HHrKcvSjew0&list=PLU3_fvoJ1GyMStiA29z37DUPtG47PvOJz&index=43,9,43,523,583523,584,1,410359,1.421981728,421494,1.384415911,-0.0005,0.7196,4.973445101,14.2737,19.8344,121.8997,5.97798,,,,,,,,,,,,,,,,,,,,,,,,,,,,,,,,,,,,,,,,,,,,,,,,,,,,,,,--,,,,,,,,,,,,,,,,,,,,,,,,,,,658,0,0,
🇺🇸,Feinberg,0,0,9:41.438,9:43.540,26 Oct 2022,1290,(U),-2089918399750478607,,,https://www.youtube.com/watch?v=_4Xmoefjpso,9,43,540,583540,584,1,410359,1.422023155,517884,1.126777425,-0.0005,0.5247,1.253020332,45.1779,86.1084,121.8270,5.97918,,,,,,,,,,,,,,,,,,,,,,,,,,,,,,,,,,,,,,,,,,,,,,,,,,,,,,,,,,,,,,,,,,,,,,,,,,,,,,,,,,,,,
🇹🇿,Kxpow,0,0,9:42.746,9:43.785,10 Apr 2024,758,(U),3395353047088768454,,,https://www.youtube.com/watch?v=neTav4dEcFw,9,43,785,583785,584,1,410359,1.422620194,421494,1.385037509,-0.0005,0.6845,4.98878288,13.4797,19.6915,120.7828,5.99648,,,,,,,,,,,,,,,,,,,,,,,,,,,,,,,,,,,,,,,,,,,,,,,,,,,,,,,,,,,,,,,,,,,,,,,,,,,,,,,,,,,,,
🇳🇴,skycrab1,0,0,9:41.443,9:43.808,12 Mar 2024,787,(U),unknown,,,https://www.youtube.com/watch?v=VoCX3_TnqHI&list=PLU3_fvoJ1GyMStiA29z37DUPtG47PvOJz&index=12,9,43,808,583808,584,1,410359,1.422676242,421494,1.385092077,-0.0005,0.6747,4.990131299,13.2772,19.6790,120.6851,5.99811,,,,,,,,,,,,,,,,,,,,,,,,,,,,,,,,,,,,,,,,,,,,,,,,,,,,,,,--,,,,,,,,,,,,,,,,,,,,,,,,,,,787,0,0,
🇨🇦,Aquacorde,0,0,9:43.870,9:43.870,26 Jan 2024,833,(U),2993955281694429561,,,https://www.youtube.com/watch?v=E1hFL8IGFnc,9,43,870,583870,584,1,410359,1.422827329,421494,1.385239173,-0.0005,0.6594,4.993767757,12.9531,19.6453,120.4218,6.00249,,,,,,,,,,,,,,,,,,,,,,,,,,,,,,,,,,,,,,,,,,,,,,,,,,,,,,,--,,,,,,,,,,,,,,,,,,,,,,,,,,,833,0,0,
🇬🇧,ripfc,0,1,9:42.376,9:43.932,17 Jul 2023,1026,(V),2787334030513605072,09,Yes,https://www.speedrun.com/mc/runs/yonolq0z,9,43,932,583932,584,1,410359,1.422978416,465828,1.25353564,-0.0005,0.5987,2.531794136,33.7866,56.4336,120.1589,6.00688,,,,,,,,,,,,,,,,,,,,,,,,,,,,,,,,,,,,,,,,,,,,,,,,,,,,,,,,,,,,,,,,,,,,,,,,,,,,,,,,,,,,,
🇹🇼,turboOuO,0,1,9:37.270,9:44.088,03 Aug 2023,1009,(V),-7588074491361705118,06,Yes,https://www.speedrun.com/mc/run/ywrwll3m,9,44,88,584088,584,0,410359,1.423358571,465828,1.253870527,-0.0005,0.6038,2.536345433,34.0170,56.3375,119.4990,6.01794,,,,,,,,,,,,,,,,,,,,,,,,,,,,,,,,,,,,,,,,,,,,,,,,,,,,,,,,,,,,,,,,,,,,,,,,,,,,,,,,,,,,,
🇨🇦,catJAM19,0,1,9:42.637,9:44.141,20 Sep 2022,1326,(V),-1641393840275072504,09,Yes,https://www.speedrun.com/mc/run/yv0po0oz,9,44,141,584141,584,0,410359,1.423487727,517884,1.127937917,-0.0005,0.5153,1.261358698,44.2703,85.9112,119.2753,6.02170,,,,,,,,,,,,,,,,,,,,,,,,,,,,,,,,,,,,,,,,,,,,,,,,,,,,,,,,,,,,,,,,,,,,,,,,,,,,,,,,,,,,,
🇸🇰,NoFear1337,0,0,9:42.464,9:44.152,09 Dec 2023,881,(U),Unknown,??,Yes,https://www.youtube.com/watch?v=rlc36sXmCDk,9,44,152,584152,584,0,410359,1.423514532,446254,1.309012356,-0.0005,0.6437,3.392882442,25.8177,40.1073,119.2289,6.02248,,,,,,,,,,,,,,,,,,,,,,,,,,,,,,,,,,,,,,,,,,,,,,,,,,,,,,,--,,,,,,,,,,,,,,,,,,,,,,,,,,,881,0,0,
🇨🇦,silverr,0,0,9:39.420,9:44.275,21 May 2023,1083,(U),Unknown,12,Yes,https://www.youtube.com/watch?v=vJQDBHHepPE,9,44,275,584275,584,0,410359,1.42381427,465828,1.254271963,-0.0005,0.5819,2.541810776,32.7142,56.2221,118.7109,6.03121,,,,,,,,,,,,,,,,,,,,,,,,,,,,,,,,,,,,,,,,,,,,,,,,,,,,,,,--,,,,,,,,,,,,,,,,,,,,,,,,,,,1083,0,0,
🇨🇦,Aquacorde,0,0,9:44.349,9:44.349,12 Jul 2025,300,(U),1087998950322160223,,,https://www.youtube.com/watch?v=H0hSYxjyzsI,9,44,349,584349,584,0,410359,1.4239946,410359,1.4239946,-0.0005,0.8607,6.036471686,10.1908,11.8400,118.3999,6.03647,,,,,,,,,,,,,,,,,,,,,,,,,,,,,,,,,,,,,,,,,,,,,,,,,,,,,,,--,,,,,,,,,,,,,,,,,,,,,,,,,,,300,0.06720551274,7.957124197,
🇳🇴,skycrab1,0,0,9:44.358,9:44.358,02 Feb 2025,460,(U),1322346143525327365,,,https://www.youtube.com/watch?v=7qXx3IHHQhA&list=PLU3_fvoJ1GyMStiA29z37DUPtG47PvOJz&index=112,9,44,358,584358,584,0,410359,1.424016532,421494,1.386396959,-0.0005,0.7945,5.022471211,15.3988,19.3809,118.3621,6.03711,,,,,,,,,,,,,,,,,,,,,,,,,,,,,,,,,,,,,,,,,,,,,,,,,,,,,,,--,,,,,,,,,,,,,,,,,,,,,,,,,,,460,0.00005925857871,0.0114848376,
🇳🇴,skycrab1,0,0,9:44.424,9:44.424,26 Oct 2024,559,(U),-5203179418336138120,,,https://www.youtube.com/watch?v=FwxAelAatn8&list=PLU3_fvoJ1GyMStiA29z37DUPtG47PvOJz&index=89,9,44,424,584424,584,0,410359,1.424177367,421494,1.386553545,-0.0005,0.7562,5.026364291,14.6282,19.3453,118.0852,6.04181,,,,,,,,,,,,,,,,,,,,,,,,,,,,,,,,,,,,,,,,,,,,,,,,,,,,,,,--,,,,,,,,,,,,,,,,,,,,,,,,,,,559,0.00000002593459877,0.0000050171172,
🇮🇹,Ale267,0,0,9:44.431,9:44.481,29 Nov 2022,1256,(U),1581367532737313085,12,Yes,https://www.youtube.com/watch?v=XFvJQEhQJrw,9,44,481,584481,584,0,410359,1.424316269,495537,1.179490129,-0.0005,0.5337,1.687925704,40.3876,75.6807,117.8464,6.04587,,,,,,,,,,,,,,,,,,,,,,,,,,,,,,,,,,,,,,,,,,,,,,,,,,,,,,,,,,,,,,,,,,,,,,,,,,,,,,,,,,,,,
🇳🇴,skycrab1,0,0,9:44.489,9:44.489,08 Feb 2025,454,(U),76808428139630285,,,https://www.youtube.com/watch?v=A1g4bfj2Byw&list=PLU3_fvoJ1GyMStiA29z37DUPtG47PvOJz&index=115,9,44,489,584489,584,0,410359,1.424335765,421494,1.386707759,-0.0005,0.7969,5.030200964,15.3887,19.3102,117.8129,6.04643,,,,,,,,,,,,,,,,,,,,,,,,,,,,,,,,,,,,,,,,,,,,,,,,,,,,,,,--,,,,,,,,,,,,,,,,,,,,,,,,,,,454,0.00008630125653,0.0166649613,
🇸🇪,Crookst,0,0,9:44.556,9:44.556,14 Mar 2022,1516,(U),Unknown,06,Yes,https://www.youtube.com/watch?v=31OsmvNWQaE,9,44,556,584556,585,1,410359,1.424499036,548820,1.065114245,-0.0005,0.4686,0.8775769102,44.3366,94.6145,117.5326,6.05121,,,,,,,,,,,,,,,,,,,,,,,,,,,,,,,,,,,,,,,,,,,,,,,,,,,,,,,--,,,,,,,,,,,,,,,,,,,,,,,,,,,1516,0,0,
🇳🇴,skycrab1,0,0,9:44.649,9:44.649,10 Oct 2024,575,(U),-1175900086044057204,,,https://www.youtube.com/watch?v=A-29KTnAD2I&list=PLU3_fvoJ1GyMStiA29z37DUPtG47PvOJz&index=82,9,44,649,584649,585,1,410359,1.424725667,421494,1.387087361,-0.0005,0.7501,5.039655996,14.4207,19.2241,117.1442,6.05784,,,,,,,,,,,,,,,,,,,,,,,,,,,,,,,,,,,,,,,,,,,,,,,,,,,,,,,--,,,,,,,,,,,,,,,,,,,,,,,,,,,575,0.000000005541849761,0.000001065369864,
🇺🇸,zylenox,0,0,9:38.527,9:44.801,09 Feb 2023,1184,(U),-3251173191348135293,15,Yes,https://www.youtube.com/watch?v=FS5mcKtJB7M,9,44,801,584801,585,1,410359,1.425096074,465828,1.255401135,-0.0005,0.5532,2.557240267,30.9234,55.8971,116.5112,6.06869,,,,,,,,,,,,,,,,,,,,,,,,,,,,,,,,,,,,,,,,,,,,,,,,,,,,,,,--,,,,,,,,,,,,,,,,,,,,,,,,,,,1184,0,0,
🇵🇱,watermelon1708,0,0,9:42.792,9:44.899,29 Jul 2025,283,(U),unknown,,,https://www.youtube.com/watch?v=HecWdO0ujt8,9,44,899,584899,585,1,410359,1.42533489,410359,1.42533489,-0.0005,0.8681,6.075694912,10.0785,11.6104,116.1042,6.07569,,,,,,,,,,,,,,,,,,,,,,,,,,,,,,,,,,,,,,,,,,,,,,,,,,,,,,,--,,,,,,,,,,,,,,,,,,,,,,,,,,,283,0.1036724675,12.03680464,
🇩🇪,jason_n,0,1,9:44.284,9:44.931,01 May 2024,737,(V),-7717725771183973328,,,https://www.speedrun.com/mc/runs/y8w63edy,9,44,931,584931,585,1,410359,1.42541287,421494,1.387756409,-0.0005,0.6918,5.056358328,13.1940,19.0727,115.9714,6.07798,,,,,,,,,,,,,,,,,,,,,,,,,,,,,,,,,,,,,,,,,,,,,,,,,,,,,,,--,,,,,,,,,,,,,,,,,,,,,,,,,,,737,0,0,
🇳🇴,skycrab1,0,0,9:45.037,9:45.037,23 Oct 2025,197,(U),unknown,,,https://www.youtube.com/watch?v=T9vM7OUlcEI&list=PLU3_fvoJ1GyMStiA29z37DUPtG47PvOJz&index=146,9,45,37,585037,585,0,410359,1.425671181,410359,1.425671181,-0.0005,0.9062,6.085571162,10.4695,11.5532,115.5325,6.08557,,,,,,,,,,,,,,,,,,,,,,,,,,,,,,,,,,,,,,,,,,,,,,,,,,,,,,,--,,,,,,,,,,,,,,,,,,,,,,,,,,,197,0.4655492908,53.78607204,
🇫🇮,Cube1337x,0,0,9:45.156,9:45.156,09 Nov 2022,1276,(U),-3144910399269136910,12,Yes,https://www.youtube.com/watch?v=GHxivohX8Z4,9,45,156,585156,585,0,410359,1.425961171,495537,1.180852288,-0.0005,0.5283,1.700807207,39.8226,75.3719,115.0409,6.09410,,,,,,,,,,,,,,,,,,,,,,,,,,,,,,,,,,,,,,,,,,,,,,,,,,,,,,,,,,,,,,,,,,,,,,,,,,,,,,,,,,,,,
🇳🇴,skycrab1,0,0,9:42.436,9:45.242,03 Aug 2024,643,(U),-2702230192878188102,,,https://www.youtube.com/watch?v=-sDFnCpd8j4&list=PLU3_fvoJ1GyMStiA29z37DUPtG47PvOJz&index=46,9,45,242,585242,585,0,410359,1.426170743,421494,1.388494261,-0.0005,0.7251,5.074834385,13.7084,18.9066,114.6865,6.10027,,,,,,,,,,,,,,,,,,,,,,,,,,,,,,,,,,,,,,,,,,,,,,,,,,,,,,,--,,,,,,,,,,,,,,,,,,,,,,,,,,,643,0,0.0000000005382612779,
🇺🇸,doogile,0,0,9:42.858,9:45.286,13 Mar 2023,1152,(U),7973705383474527466,,,https://www.youtube.com/watch?v=Cf8Sk1XdjME,9,45,286,585286,585,0,410359,1.426277966,465828,1.256442292,-0.0005,0.5621,2.571541055,31.2534,55.5969,114.5054,6.10343,,,,,,,,,,,,,,,,,,,,,,,,,,,,,,,,,,,,,,,,,,,,,,,,,,,,,,,--,,,,,,,,,,,,,,,,,,,,,,,,,,,1152,0,0,
🇺🇸,thecamo6,0,1,9:45.287,9:45.287,02 Jan 2023,1222,(V),-4279335892801629149,16,Yes,https://www.speedrun.com/mc/run/ydg0jj0y,9,45,287,585287,585,0,410359,1.426280403,495537,1.181116647,-0.0005,0.5428,1.703317523,40.8798,75.3117,114.5013,6.10350,,,,,,,,,,,,,,,,,,,,,,,,,,,,,,,,,,,,,,,,,,,,,,,,,,,,,,,,,,,,,,,,,,,,,,,,,,,,,,,,,,,,,
🇵🇱,watermelon1708,0,0,9:44.114,9:45.496,26 Sep 2025,224,(U),unknown,,,https://www.youtube.com/watch?v=fT6s7ACmW9o,9,45,496,585496,585,0,410359,1.426789713,410359,1.426789713,-0.0005,0.8940,6.118521155,10.1602,11.3644,113.6437,6.11852,,,,,,,,,,,,,,,,,,,,,,,,,,,,,,,,,,,,,,,,,,,,,,,,,,,,,,,--,,,,,,,,,,,,,,,,,,,,,,,,,,,224,0.3249960014,36.93373921,
🇭🇷,Mar1n,0,1,9:45.500,9:45.500,07 Jul 2023,1036,(V),-4334114590353594879,06,Yes,https://www.speedrun.com/mc/run/zpwgxjxy,9,45,500,585500,586,1,410359,1.426799461,465828,1.256901689,-0.0005,0.5957,2.577873741,33.0407,55.4643,113.6273,6.11881,,,,,,,,,,,,,,,,,,,,,,,,,,,,,,,,,,,,,,,,,,,,,,,,,,,,,,,,,,,,,,,,,,,,,,,,,,,,,,,,,,,,,
🇮🇹,drip120,0,0,9:45.216,9:45.567,12 Jan 2026,116,(U),unknown,,,https://www.youtube.com/watch?v=ZZyjifZwkio,9,45,567,585567,586,1,410359,1.426962733,410359,1.426962733,-0.0005,0.9436,6.123631853,10.6966,11.3353,113.3532,6.12363,,,,,,,,,,,,,,,,,,,,,,,,,,,,,,,,,,,,,,,,,,,,,,,,,,,,,,,--,,,,,,,,,,,,,,,,,,,,,,,,,,,116,0.8554825357,96.9717074,
🇫🇮,sadekeppi,0,1,9:45.154,9:45.634,11 Jun 2024,696,(V),-3039294032806863041,,,https://www.speedrun.com/mc/runs/yjo700dz,9,45,634,585634,586,1,410359,1.427126004,421494,1.389424286,-0.0005,0.7061,5.098206608,13.2027,18.6981,113.0796,6.12846,,,,,,,,,,,,,,,,,,,,,,,,,,,,,,,,,,,,,,,,,,,,,,,,,,,,,,,,,,,,,,,,,,,,,,,,,,,,,,,,,,696,0,0,
🇩🇰,Bloopy,0,0,9:42.547,9:45.668,23 May 2024,715,(U),7218213766237196138,,,https://www.youtube.com/watch?v=0A2pZcw7nKA,9,45,668,585668,586,1,410359,1.427208859,421494,1.389504951,-0.0005,0.6994,5.100238219,13.0653,18.6801,112.9409,6.13091,,,,,,,,,,,,,,,,,,,,,,,,,,,,,,,,,,,,,,,,,,,,,,,,,,,,,,,--,,,,,,,,,,,,,,,,,,,,,,,,,,,715,0,0,
🇩🇰,Bloopy,0,0,9:44.536,9:45.834,08 May 2024,730,(U),5767139754953530122,,,https://www.youtube.com/watch?v=t48Dg8QRZ7I,9,45,834,585834,586,1,410359,1.427613382,421494,1.389898789,-0.0005,0.6942,5.110167427,12.9067,18.5923,112.2651,6.14288,,,,,,,,,,,,,,,,,,,,,,,,,,,,,,,,,,,,,,,,,,,,,,,,,,,,,,,--,,,,,,,,,,,,,,,,,,,,,,,,,,,730,0,0,
🇿🇦,Airpodsz,0,0,9:45.866,9:45.866,01 Nov 2025,188,(U),2980329477150004114,,,https://www.youtube.com/watch?v=jEn63TVyftA&list=PLjW0OIc7zcEcCMM5essHmBGzf92S0FzKi&index=16,9,45,866,585866,586,1,410359,1.427691363,410359,1.427691363,-0.0005,0.9103,6.145195211,10.2075,11.2135,112.1352,6.14520,,,,,,,,,,,,,,,,,,,,,,,,,,,,,,,,,,,,,,,,,,,,,,,,,,,,,,,,,,,,,,,,,,,,,,,,,,,,,,,,,,,,,
🇫🇮,AndrewCrow,0,1,9:43.880,9:45.961,18 Oct 2024,567,(V),-6157791681411663320,,,https://www.speedrun.com/mc/runs/z0q0r8om,9,45,961,585961,586,1,410359,1.427922868,421494,1.390200098,-0.0005,0.7531,5.117775276,13.9521,18.5252,111.7499,6.15206,,,,,,,,,,,,,,,,,,,,,,,,,,,,,,,,,,,,,,,,,,,,,,,,,,,,,,,,,,,,,,,,,,,,,,,,,,,,,,,,,,567,0.00000001211978858,0.000002245212753,
🇵🇱,okshey,0,0,9:46.003,9:46.003,09 Nov 2025,180,(U),unknown,,,https://www.youtube.com/watch?v=fWRA9j5_-ZI,9,46,3,586003,586,0,410359,1.428025217,410359,1.428025217,-0.0005,0.9139,6.155097494,10.1976,11.1580,111.5798,6.15510,,,,,,,,,,,,,,,,,,,,,,,,,,,,,,,,,,,,,,,,,,,,,,,,,,,,,,,,,,,,,,,,,,,,,,,,,,,,,,,,,,180,0.5581095554,62.27375479,
🇺🇸,doogile,0,0,9:46.008,9:46.008,16 Aug 2024,630,(U),see video,,,https://www.youtube.com/watch?v=Qf_GLwKVINE,9,46,8,586008,586,0,410359,1.428037401,421494,1.390311606,-0.0005,0.7298,5.120593289,13.5014,18.5004,111.5596,6.15546,,,,,,,,,,,,,,,,,,,,,,,,,,,,,,,,,,,,,,,,,,,,,,,,,,,,,,,--,,,,,,,,,,,,,,,,,,,,,,,,,,,630,0,0.000000002557276355,
🇺🇸,doogile,0,0,9:46.009,9:46.009,22 May 2025,351,(U),-3736586617850065730,,,https://www.youtube.com/watch?v=ccQtcViua94,9,46,9,586009,586,0,410359,1.428039838,421494,1.390313978,-0.0005,0.8390,5.120653261,15.5221,18.4999,111.5555,6.15553,,,,,,,,,,,,,,,,,,,,,,,,,,,,,,,,,,,,,,,,,,,,,,,,,,,,,,,--,,,,,,,,,,,,,,,,,,,,,,,,,,,351,0.01324208717,2.449768011,
🇿🇦,Airpodsz,0,0,9:45.625,9:46.075,18 Aug 2025,263,(U),6726877034938436606,,,https://www.youtube.com/watch?v=zn8P1NqVyKM&list=PLjW0OIc7zcEcCMM5essHmBGzf92S0FzKi&index=10,9,46,75,586075,586,0,410359,1.428200673,410359,1.428200673,-0.0005,0.8768,6.160307184,9.7576,11.1289,111.2886,6.16031,,,,,,,,,,,,,,,,,,,,,,,,,,,,,,,,,,,,,,,,,,,,,,,,,,,,,,,,,,,,,,,,,,,,,,,,,,,,,,,,,,,,,
🇫🇮,Cube1337x,0,0,9:27.463,9:46.096,06 May 2023,1097.5625,(U),4516026993066851706,15,Yes,https://www.youtube.com/watch?v=2OO7LbGcnw8,9,46,96,586096,586,0,410359,1.428251848,465828,1.258181131,-0.0005,0.5777,2.595583923,31.8255,55.0945,111.2038,6.16183,,,,,,,,,,,,,,,,,,,,,,,,,,,,,,,,,,,,,,,,,,,,,,,,,,,,,,,,,,,,,,,,,,,,,,,,,,,,,,,,,,,,,
🇨🇦,Aquacorde,0,0,9:46.107,9:46.107,27 Jun 2024,680,(U),9049033619582385475,,,https://www.youtube.com/watch?v=Ye9k6KJM768,9,46,107,586107,586,0,410359,1.428278654,421494,1.390546485,-0.0005,0.7118,5.12653354,13.1309,18.4482,111.1594,6.16262,,,,,,,,,,,,,,,,,,,,,,,,,,,,,,,,,,,,,,,,,,,,,,,,,,,,,,,--,,,,,,,,,,,,,,,,,,,,,,,,,,,680,0,0,
🇩🇰,Bloopy,0,0,9:46.158,9:46.158,08 Mar 2025,426,(U),6216282210011845491,,,https://www.youtube.com/watch?v=ONuQrlNvhS8,9,46,158,586158,586,0,410359,1.428402935,421494,1.390667483,-0.0005,0.8082,5.12959602,14.8874,18.4214,110.9535,6.16632,,,,,,,,,,,,,,,,,,,,,,,,,,,,,,,,,,,,,,,,,,,,,,,,,,,,,,,--,,,,,,,,,,,,,,,,,,,,,,,,,,,426,0.0004390586301,0.08088069022,
🇩🇰,Bloopy,0,0,9:46.195,9:46.195,20 Jan 2025,473,(U),-7985963383704728573,,,https://www.youtube.com/watch?v=29tEBxruVpI,9,46,195,586195,586,0,410359,1.4284931,421494,1.390755266,-0.0005,0.7894,5.13181882,14.5262,18.4019,110.8044,6.16900,,,,,,,,,,,,,,,,,,,,,,,,,,,,,,,,,,,,,,,,,,,,,,,,,,,,,,,--,,,,,,,,,,,,,,,,,,,,,,,,,,,473,0.0000253588773,0.004666521998,
🇮🇳,AnkurGaming,0,1,9:41.450,9:46.230,21 Dec 2023,869,(V),-4850311888308513929,01,Yes,https://www.speedrun.com/mc/runs/y8kk4rxy,9,46,230,586230,586,0,410359,1.428578391,446254,1.313668897,-0.0005,0.6476,3.475758944,25.0883,38.7411,110.6634,6.17154,,,,,,,,,,,,,,,,,,,,,,,,,,,,,,,,,,,,,,,,,,,,,,,,,,,,,,,,,,,,,,,,,,,,,,,,,,,,,,,,,,,,,
🇨🇦,Aquacorde,0,0,9:46.271,9:46.271,28 Mar 2025,406,(U),-07976283618262231963,,,https://www.youtube.com/watch?v=jSkSLZfGAwQ,9,46,271,586271,586,0,410359,1.428678304,421494,1.390935577,-0.0005,0.8163,5.136387213,14.9885,18.3620,110.4984,6.17451,,,,,,,,,,,,,,,,,,,,,,,,,,,,,,,,,,,,,,,,,,,,,,,,,,,,,,,--,,,,,,,,,,,,,,,,,,,,,,,,,,,406,0.001240374908,0.2277574807,
🇩🇰,Bloopy,0,0,9:46.391,9:46.391,27 Jun 2024,680,(U),-7127755779148304965,,,https://www.youtube.com/watch?v=NYuEksXYaCU,9,46,391,586391,586,0,410359,1.428970731,421494,1.391220278,-0.0005,0.7118,5.143607703,13.0247,18.2990,110.0163,6.18322,,,,,,,,,,,,,,,,,,,,,,,,,,,,,,,,,,,,,,,,,,,,,,,,,,,,,,,--,,,,,,,,,,,,,,,,,,,,,,,,,,,680,0,0,
🇨🇦,NoHacsJustRoblox,0,1,9:45.421,9:46.316,13 Jan 2024,846,(U),-4263921606035060816,,,https://www.youtube.com/watch?v=6KMSa52qjCM,9,46,316,586316,586,0,410359,1.428787964,421494,1.39104234,-0.0005,0.6551,5.139093858,12.0131,18.3384,110.3174,6.17777,,,,,,,,,,,,,,,,,,,,,,,,,,,,,,,,,,,,,,,,,,,,,,,,,,,,,,,--,,,,,,,,,,,,,,,,,,,,,,,,,,,846,0,0,
🇵🇱,okshey,0,0,9:44.147,9:46.558,28 Aug 2025,253,(U),unknown,,,https://www.youtube.com/watch?v=YU2CeRzbikQ,9,46,558,586558,587,1,410359,1.429377691,410359,1.429377691,-0.0005,0.8812,6.195354963,9.6354,10.9348,109.3476,6.19535,,,,,,,,,,,,,,,,,,,,,,,,,,,,,,,,,,,,,,,,,,,,,,,,,,,,,,,,,,,,,,,,,,,,,,,,,,,,,,,,,,253,0.1980119889,21.65213627,
🇿🇦,Airpodsz,0,0,9:45.809,9:46.507,13 Feb 2026,84,(U),7871916503547653355,,,https://www.youtube.com/watch?v=uGDL3hmBCkg&list=PLjW0OIc7zcEcCMM5essHmBGzf92S0FzKi&index=33,9,46,507,586507,587,1,410359,1.42925341,410359,1.42925341,-0.0005,0.9589,6.191646082,10.5046,10.9552,109.5515,6.19165,,,,,,,,,,,,,,,,,,,,,,,,,,,,,,,,,,,,,,,,,,,,,,,,,,,,,,,,,,,,,,,,,,,,,,,,,,,,,,,,,,,,,
🇺🇸,doogile,0,0,9:41.283,9:46.909,28 Oct 2023,923,(U),8031767395139939967,,,https://www.youtube.com/watch?v=qMYf-lt2Gik,9,46,909,586909,587,1,410359,1.43023304,465828,1.259926411,-0.0005,0.6303,2.619917151,34.4094,54.5888,107.9505,6.22093,,,,,,,,,,,,,,,,,,,,,,,,,,,,,,,,,,,,,,,,,,,,,,,,,,,,,,,--,,,,,,,,,,,,,,,,,,,,,,,,,,,923,0,0,
🇿🇦,Airpodsz,0,0,9:46.378,9:46.937,25 Mar 2026,44,(U),-3576720130354991042,,,https://www.youtube.com/watch?v=aRWqHkwoVuk&list=PLjW0OIc7zcEcCMM5essHmBGzf92S0FzKi&index=41,9,46,937,586937,587,1,410359,1.430301273,410359,1.430301273,-0.0005,0.9782,6.222977733,10.5493,10.7840,107.8395,6.22298,,,,,,,,,,,,,,,,,,,,,,,,,,,,,,,,,,,,,,,,,,,,,,,,,,,,,,,,,,,,,,,,,,,,,,,,,,,,,,,,,,,,,
🇬🇧,DECTHEELITE,0,1,9:45.625,9:47.012,08 Jul 2022,1400,(V),-7457612752333916459,,,https://www.speedrun.com/mc/runs/m33v8k4m,9,47,12,587012,587,0,410359,1.43048404,548820,1.069589301,-0.0005,0.4966,0.9007359994,46.7387,94.1203,107.5427,6.22846,,,,,,,,,,,,,,,,,,,,,,,,,,,,,,,,,,,,,,,,,,,,,,,,,,,,,,,,,,,,,,,,,,,,,,,,,,,,,,,,,,1400,0,0,
🇺🇸,doogile,0,0,9:45.866,9:47.031,17 Jan 2024,842,(U),659506891402994010,,,https://www.youtube.com/watch?v=xvG0ou32Tn4,9,47,31,587031,587,0,410359,1.430530341,421494,1.392738687,-0.0005,0.6564,5.182267029,11.7921,17.9651,107.4675,6.22985,,,,,,,,,,,,,,,,,,,,,,,,,,,,,,,,,,,,,,,,,,,,,,,,,,,,,,,--,,,,,,,,,,,,,,,,,,,,,,,,,,,842,0,0,
🇫🇮,AndrewCrow,0,0,9:45.854,9:47.136,26 Feb 2025,436,(U),unknown,,,https://www.youtube.com/watch?v=mYqtUu-wQLA,9,47,136,587136,587,0,410359,1.430786214,421494,1.392987801,-0.0005,0.8041,5.188633765,14.4024,17.9106,107.0530,6.23752,,,,,,,,,,,,,,,,,,,,,,,,,,,,,,,,,,,,,,,,,,,,,,,,,,,,,,,,,,,,,,,,,,,,,,,,,,,,,,,,,,436,0.0002514703168,0.04503984014,
🇹🇿,Kxpow,0,0,9:41.724,9:47.267,03 Nov 2023,917,(U),-4292657386397314439,09,Yes,https://www.youtube.com/watch?v=Mvek4DydEWs,9,47,267,587267,587,0,410359,1.431105447,465828,1.260694935,-0.0005,0.6322,2.630696471,34.3717,54.3658,106.5372,6.24712,,,,,,,,,,,,,,,,,,,,,,,,,,,,,,,,,,,,,,,,,,,,,,,,,,,,,,,--,,,,,,,,,,,,,,,,,,,,,,,,,,,917,0,0,
🇺🇸,meebie,0,0,9:47.293,9:47.293,28 Mar 2024,771,(U),unknown,,,https://www.youtube.com/watch?v=iyNfS8lVaQA&list=PLaTJSsRuu2Ufk7cX7bUTt9V-IJxa8wqSM&index=11,9,47,293,587293,587,0,410359,1.431168806,421494,1.393360285,-0.0005,0.6801,5.198166303,12.1259,17.8293,106.4350,6.24902,,,,,,,,,,,,,,,,,,,,,,,,,,,,,,,,,,,,,,,,,,,,,,,,,,,,,,,--,,,,,,,,,,,,,,,,,,,,,,,,,,,771,0,0,
🇿🇦,Airpodsz,0,0,9:47.295,9:47.295,25 Feb 2026,72,(U),4742531329891271699,,,https://www.youtube.com/watch?v=MexvV-xiZSY&list=PLjW0OIc7zcEcCMM5essHmBGzf92S0FzKi&index=37,9,47,295,587295,587,0,410359,1.43117368,410359,1.43117368,-0.0005,0.9646,6.249168429,10.2664,10.6427,106.4271,6.24917,,,,,,,,,,,,,,,,,,,,,,,,,,,,,,,,,,,,,,,,,,,,,,,,,,,,,,,,,,,,,,,,,,,,,,,,,,,,,,,,,,,,,
🇳🇴,skycrab1,0,0,9:46.198,9:47.329,23 Jul 2024,654,(U),-8584715713734940155,,,https://www.youtube.com/watch?v=SxKsNmBrYIo&list=PLU3_fvoJ1GyMStiA29z37DUPtG47PvOJz&index=44,9,47,329,587329,587,0,410359,1.431256534,421494,1.393445696,-0.0005,0.7211,5.200354264,12.8430,17.8107,106.2936,6.25166,,,,,,,,,,,,,,,,,,,,,,,,,,,,,,,,,,,,,,,,,,,,,,,,,,,,,,,--,,,,,,,,,,,,,,,,,,,,,,,,,,,654,0,0.0000000001265678529,
🇺🇸,21MashedPotatoes,0,1,9:44.649,9:47.360,25 Dec 2023,865,(V),-7351805823559982561,06,Yes,https://www.speedrun.com/mc/run/z1k9vrjy,9,47,360,587360,587,0,410359,1.431332078,446254,1.316201087,-0.0005,0.6489,3.521572296,24.6584,38.0013,106.1719,6.25393,,,,,,,,,,,,,,,,,,,,,,,,,,,,,,,,,,,,,,,,,,,,,,,,,,,,,,,,,,,,,,,,,,,,,,,,,,,,,,,,,,,,,
🇫🇮,AndrewCrow,0,0,9:42.268,9:47.403,27 Apr 2025,376,(U),unknown,,,https://www.youtube.com/watch?v=463kp9iPmH4,9,47,403,587403,587,0,410359,1.431436864,421494,1.393621262,-0.0005,0.8286,5.204854268,14.7265,17.7725,106.0034,6.25709,,,,,,,,,,,,,,,,,,,,,,,,,,,,,,,,,,,,,,,,,,,,,,,,,,,,,,,,,,,,,,,,,,,,,,,,,,,,,,,,,,376,0.004913653108,0.8732769676,
🇺🇸,21MashedPotatoes,0,1,9:46.720,9:47.583,08 Nov 2023,912,(V),-5257780577259106882,09,Yes,https://www.speedrun.com/mc/runs/y4k8qonm,9,47,583,587583,588,1,410359,1.431875504,465828,1.261373297,-0.0005,0.6338,2.640243994,34.3329,54.1687,105.2994,6.27031,,,,,,,,,,,,,,,,,,,,,,,,,,,,,,,,,,,,,,,,,,,,,,,,,,,,,,,,,,,,,,,,,,,,,,,,,,,,,,,,,,,,,
🇫🇮,sadekeppi,0,0,9:47.221,9:47.714,22 Nov 2025,167,(U),unknown,,,https://www.youtube.com/watch?v=0bzWARh6UHk,9,47,714,587714,588,1,410359,1.432194737,410359,1.432194737,-0.0005,0.9199,6.279943693,9.6394,10.4789,104.7890,6.27994,,,,,,,,,,,,,,,,,,,,,,,,,,,,,,,,,,,,,,,,,,,,,,,,,,,,,,,,,,,,,,,,,,,,,,,,,,,,,,,,,,167,0.6276665028,65.77255535,
🇮🇱,orachi,0,0,9:41.673,9:47.777,22 Dec 2024,502,(U),-8104953406256303591,,,https://www.youtube.com/watch?v=MReHAsZORLk,9,47,777,587777,588,1,410359,1.432348261,421494,1.394508581,-0.0005,0.7780,5.227649628,13.6776,17.5799,104.5441,6.28458,,,,,,,,,,,,,,,,,,,,,,,,,,,,,,,,,,,,,,,,,,,,,,,,,,,,,,,,,,,,,,,,,,,,,,,,,,,,,,,,,,,,,
🇨🇦,NoHacsJustRoblox,0,0,9:43.761,9:47.778,10 Nov 2023,910,(V),-4347952844736501796,,,https://www.speedrun.com/mc/runs/mr26ln4y,9,47,778,587778,588,1,410359,1.432350698,465828,1.261791906,-0.0005,0.6344,2.646151052,34.2900,54.0470,104.5402,6.28466,,,,,,,,,,,,,,,,,,,,,,,,,,,,,,,,,,,,,,,,,,,,,,,,,,,,,,,--,,,,,,,,,,,,,,,,,,,,,,,,,,,910,0,0,
🇨🇦,NoHacsJustRoblox,0,0,9:46.999,9:47.999,11 Oct 2024,574,(U),unknown,,,https://www.youtube.com/watch?v=sbS8Zko1TlQ,9,47,999,587999,588,1,410359,1.432889251,421494,1.395035279,-0.0005,0.7505,5.241221786,13.1085,17.4661,103.6840,6.30095,,,,,,,,,,,,,,,,,,,,,,,,,,,,,,,,,,,,,,,,,,,,,,,,,,,,,,,--,,,,,,,,,,,,,,,,,,,,,,,,,,,574,0.00000000611866195,0.000001068694091,
🇷🇸,skylewl,0,1,9:47.407,9:48.024,15 Aug 2023,997,(V),890221444930485769,09,Yes,https://www.speedrun.com/mc/runs/znv67o7m,9,48,24,588024,588,0,410359,1.432950173,465828,1.262319998,-0.0005,0.6074,2.653619826,32.7370,53.8933,103.5874,6.30280,,,,,,,,,,,,,,,,,,,,,,,,,,,,,,,,,,,,,,,,,,,,,,,,,,,,,,,,,,,,,,,,,,,,,,,,,,,,,,,,,,,,,
🇨🇦,Aquacorde,0,0,9:48.026,9:48.026,22 Feb 2024,806,(U),9118196624093387626,,,https://www.youtube.com/watch?v=mIFXvcg5exc,9,48,26,588026,588,0,410359,1.432955047,421494,1.395099337,-0.0005,0.6683,5.242874552,11.6636,17.4523,103.5797,6.30295,,,,,,,,,,,,,,,,,,,,,,,,,,,,,,,,,,,,,,,,,,,,,,,,,,,,,,,--,,,,,,,,,,,,,,,,,,,,,,,,,,,806,0,0,
🇭🇰,hackingnoises,0,1,9:38.340,9:48.065,23 Oct 2023,928,(V),-7758362008447828656,06,Yes,https://www.speedrun.com/mc/runs/y4ovn03z,9,48,65,588065,588,0,410359,1.433050085,465828,1.262408013,-0.0005,0.6288,2.654866446,33.8700,53.8677,103.4292,6.30583,,,,,,,,,,,,,,,,,,,,,,,,,,,,,,,,,,,,,,,,,,,,,,,,,,,,,,,,,,,,,,,,,,,,,,,,,,,,,,,,,,,,,
🇸🇰,NoFear1337,0,0,9:48.163,9:48.213,27 Aug 2023,985,(U),unknown,,,https://www.youtube.com/watch?v=z-TqSwvseQM,9,48,213,588213,588,0,410359,1.433410745,465828,1.262725727,-0.0005,0.6111,2.659370779,32.8618,53.7752,102.8592,6.31677,,,,,,,,,,,,,,,,,,,,,,,,,,,,,,,,,,,,,,,,,,,,,,,,,,,,,,,--,,,,,,,,,,,,,,,,,,,,,,,,,,,985,0,0,
🇺🇸,Feinberg,0,0,9:45.144,9:48.285,13 Jun 2025,329,(U),4446857090278773345,,,https://www.youtube.com/watch?v=8_LXKuVw1SU,9,48,285,588285,588,0,410359,1.433586201,410359,1.433586201,-0.0005,0.8483,6.322095739,8.7023,10.2583,102.5826,6.32210,,,,,,,,,,,,,,,,,,,,,,,,,,,,,,,,,,,,,,,,,,,,,,,,,,,,,,,,,,,,,,,,,,,,,,,,,,,,,,,,,,,,,
🇿🇦,Airpodsz,0,0,9:48.321,9:48.321,11 Dec 2025,148,(U),5951888916887174113,,,https://www.youtube.com/watch?v=GcwHXzxV3kY&list=PLjW0OIc7zcEcCMM5essHmBGzf92S0FzKi&index=19,9,48,321,588321,588,0,410359,1.433673929,410359,1.433673929,-0.0005,0.9287,6.324761549,9.5137,10.2444,102.4445,6.32476,,,,,,,,,,,,,,,,,,,,,,,,,,,,,,,,,,,,,,,,,,,,,,,,,,,,,,,,,,,,,,,,,,,,,,,,,,,,,,,,,,,,,
🇳🇴,skycrab1,0,0,9:47.690,9:48.353,19 Jul 2024,658,(U),-209222904514390450,,,https://www.youtube.com/watch?v=SHAbsCkd9IA&list=PLU3_fvoJ1GyMStiA29z37DUPtG47PvOJz&index=42,9,48,353,588353,588,0,410359,1.43375191,421494,1.395875149,-0.0005,0.7196,5.262927572,12.4394,17.2855,102.3218,6.32713,,,,,,,,,,,,,,,,,,,,,,,,,,,,,,,,,,,,,,,,,,,,,,,,,,,,,,,--,,,,,,,,,,,,,,,,,,,,,,,,,,,658,0,0,
🇺🇸,zylenox,0,0,9:43.663,9:48.405,23 Dec 2022,1232,(U),4650296313107653918,,,https://www.youtube.com/watch?v=c6A7e74XY5g,9,48,405,588405,588,0,410359,1.433878628,495537,1.187408811,-0.0005,0.5401,1.764071088,39.8910,73.8584,102.1227,6.33099,,,,,,,,,,,,,,,,,,,,,,,,,,,,,,,,,,,,,,,,,,,,,,,,,,,,,,,--,,,,,,,,,,,,,,,,,,,,,,,,,,,1232,0,0,
🇨🇳,xiamoys,0,1,9:46.458,9:48.732,25 Nov 2023,895,(U),-2621669063246225494,06,Yes,https://www.bilibili.com/video/BV1ww411H7kc/,9,48,732,588732,589,1,410359,1.434675491,465828,1.263839872,-0.0005,0.6392,2.675220212,34.1668,53.4504,100.8762,6.35527,,,,,,,,,,,,,,,,,,,,,,,,,,,,,,,,,,,,,,,,,,,,,,,,,,,,,,,,,,,,,,,,,,,,,,,,,,,,,,,,,,,,,
🇺🇸,meebie,0,1,9:47.567,9:48.735,13 Mar 2023,1152,(V),5085481578685051061,12,Yes,https://www.speedrun.com/mc/run/yj8eo2gm,9,48,735,588735,589,1,410359,1.434682802,465828,1.263846312,-0.0005,0.5621,2.675312071,30.0457,53.4486,100.8648,6.35549,,,,,,,,,,,,,,,,,,,,,,,,,,,,,,,,,,,,,,,,,,,,,,,,,,,,,,,--,,,,,,,,,,,,,,,,,,,,,,,,,,,1152,0,0,
🇵🇱,okshey,0,0,9:45.350,9:48.739,09 Jun 2025,333,(U),-7611614719566896812,,,https://www.youtube.com/watch?v=im7AKnGBPGA,9,48,739,588739,589,1,410359,1.43469255,421494,1.396790939,-0.0005,0.8466,5.286684937,14.4686,17.0898,100.8496,6.35579,,,,,,,,,,,,,,,,,,,,,,,,,,,,,,,,,,,,,,,,,,,,,,,,,,,,,,,,,,,,,,,,,,,,,,,,,,,,,,,,,,333,0.02490706701,4.256557995,
🇫🇮,AndrewCrow,0,0,9:48.071,9:48.755,06 Jul 2025,306,(U),unknown,,,https://www.youtube.com/watch?v=G3w8ujqom1I,9,48,755,588755,589,1,410359,1.43473154,410359,1.43473154,-0.0005,0.8581,6.356976493,8.6490,10.0789,100.7889,6.35698,,,,,,,,,,,,,,,,,,,,,,,,,,,,,,,,,,,,,,,,,,,,,,,,,,,,,,,,,,,,,,,,,,,,,,,,,,,,,,,,,,306,0.05696822629,5.741764676,
🇸🇰,NoFear1337,0,0,9:46.172,9:48.868,04 Nov 2025,185,(U),unknown,,,https://www.youtube.com/watch?v=nWG0IBAK484,9,48,868,588868,589,1,410359,1.435006909,410359,1.435006909,-0.0005,0.9116,6.365387665,9.1494,10.0361,100.3607,6.36539,,,,,,,,,,,,,,,,,,,,,,,,,,,,,,,,,,,,,,,,,,,,,,,,,,,,,,,--,,,,,,,,,,,,,,,,,,,,,,,,,,,185,0.53091014,53.28249525,
🇳🇴,skycrab1,0,0,9:48.787,9:49.039,08 Dec 2025,151,(U),unknown,,,https://www.youtube.com/watch?v=nuRVx79nIxg&list=PLU3_fvoJ1GyMStiA29z37DUPtG47PvOJz&index=155,9,49,39,589039,589,0,410359,1.435423617,410359,1.435423617,-0.0005,0.9273,6.378134504,9.2464,9.9715,99.7149,6.37813,,,,,,,,,,,,,,,,,,,,,,,,,,,,,,,,,,,,,,,,,,,,,,,,,,,,,,,--,,,,,,,,,,,,,,,,,,,,,,,,,,,151,0.708719754,70.6698918,
🇳🇴,skycrab1,0,0,9:49.051,9:49.051,07 Sep 2024,608,(U),-5901488670443987544,,,https://www.youtube.com/watch?v=QTUOtzq4PCM&list=PLU3_fvoJ1GyMStiA29z37DUPtG47PvOJz&index=65,9,49,51,589051,589,0,410359,1.43545286,421494,1.397531163,-0.0005,0.7379,5.305956202,12.4937,16.9324,99.6696,6.37903,,,,,,,,,,,,,,,,,,,,,,,,,,,,,,,,,,,,,,,,,,,,,,,,,,,,,,,--,,,,,,,,,,,,,,,,,,,,,,,,,,,608,0.0000000001733737928,0.00000002935632543,
🇫🇮,sadekeppi,0,0,9:49.103,9:49.103,22 Nov 2025,167,(U),unknown,,,https://www.youtube.com/watch?v=qKrWvNJtuGc,9,49,103,589103,589,0,410359,1.435579578,410359,1.435579578,-0.0005,0.9199,6.382910964,9.1505,9.9474,99.4738,6.38291,,,,,,,,,,,,,,,,,,,,,,,,,,,,,,,,,,,,,,,,,,,,,,,,,,,,,,,,,,,,,,,,,,,,,,,,,,,,,,,,,,167,0.6276665028,62.43640064,
🇺🇸,pizu,0,1,9:44.325,9:49.133,16 Aug 2023,996,(V),8008279034697202098,??,Yes,https://www.speedrun.com/mc/runs/m3q86pqy,9,49,133,589133,589,0,410359,1.435652685,465828,1.264700705,-0.0005,0.6077,2.687523656,32.3316,53.1992,99.3610,6.38515,,,,,,,,,,,,,,,,,,,,,,,,,,,,,,,,,,,,,,,,,,,,,,,,,,,,,,,,,,,,,,,,,,,,,,,,,,,,,,,,,,,,,
🇵🇱,kazzruns,0,1,9:47.765,9:49.408,21 Oct 2024,564,(V),-5518127791753338364,,,https://www.speedrun.com/mc/runs/y6ejg9jz,9,49,408,589408,589,0,410359,1.43632283,421494,1.39837815,-0.0005,0.7543,5.328082236,12.6366,16.7533,98.3304,6.40572,,,,,,,,,,,,,,,,,,,,,,,,,,,,,,,,,,,,,,,,,,,,,,,,,,,,,,,,,,,,,,,,,,,,,,,,,,,,,,,,,,564,0.00000001616181623,0.000002707635272,
🇸🇪,Crookst,0,0,9:49.408,9:49.408,24 May 2022,1445,(U),unknown,06,Yes,https://www.youtube.com/watch?v=uV8TKcBR9fY,9,49,408,589408,589,0,410359,1.43632283,548820,1.073955031,-0.0005,0.4855,0.9238965447,45.4563,93.6207,98.3304,6.40572,,,,,,,,,,,,,,,,,,,,,,,,,,,,,,,,,,,,,,,,,,,,,,,,,,,,,,,--,,,,,,,,,,,,,,,,,,,,,,,,,,,1445,0,0,
🇹🇿,Kxpow,0,0,9:40.156,9:49.436,30 Jul 2023,1013,(U),-5875652353814320049,08,Yes,https://www.youtube.com/watch?v=c4mVL3Qoois,9,49,436,589436,589,0,410359,1.436391062,465828,1.26535116,-0.0005,0.6026,2.696853659,31.9434,53.0093,98.2259,6.40781,,,,,,,,,,,,,,,,,,,,,,,,,,,,,,,,,,,,,,,,,,,,,,,,,,,,,,,--,,,,,,,,,,,,,,,,,,,,,,,,,,,1013,0,0,
🇺🇸,doogile,0,0,9:48.125,9:49.511,22 Jan 2023,1202,(U),-5847241643383056057,,,https://www.youtube.com/watch?v=svPe9bvWOZs,9,49,511,589511,590,1,410359,1.436573829,495537,1.189640733,-0.0005,0.5483,1.78609013,40.2059,73.3332,97.9462,6.41343,,,,,,,,,,,,,,,,,,,,,,,,,,,,,,,,,,,,,,,,,,,,,,,,,,,,,,,--,,,,,,,,,,,,,,,,,,,,,,,,,,,1202,0,0,
🇫🇮,sadekeppi,0,0,9:49.523,9:49.523,03 Jan 2026,125,(U),unknown,,,https://www.youtube.com/watch?v=DuhuMBSklKw,9,49,523,589523,590,1,410359,1.436603072,410359,1.436603072,-0.0005,0.9394,6.414333845,9.1970,9.7901,97.9015,6.41433,,,,,,,,,,,,,,,,,,,,,,,,,,,,,,,,,,,,,,,,,,,,,,,,,,,,,,,,,,,,,,,,,,,,,,,,,,,,,,,,,,,,,
🇺🇸,zylenox,0,0,9:46.820,9:49.532,02 Jul 2023,1041,(U),8044565015290039310,15,Yes,https://www.youtube.com/watch?v=sDcIlMtOOmE,9,49,532,589532,590,1,410359,1.436625004,465828,1.265557244,-0.0005,0.5942,2.699815708,31.4636,52.9490,97.8680,6.41501,,,,,,,,,,,,,,,,,,,,,,,,,,,,,,,,,,,,,,,,,,,,,,,,,,,,,,,--,,,,,,,,,,,,,,,,,,,,,,,,,,,1041,0,0,
🇵🇱,okshey,0,0,9:44.226,9:49.660,16 Apr 2025,387,(U),-1149895041785241433,,,https://www.youtube.com/watch?v=FwZbmFXsgSw,9,49,660,589660,590,1,410359,1.436936926,421494,1.398976023,-0.0005,0.8241,5.343749099,13.7022,16.6275,97.3921,6.42461,,,,,,,,,,,,,,,,,,,,,,,,,,,,,,,,,,,,,,,,,,,,,,,,,,,,,,,,,,,,,,,,,,,,,,,,,,,,,,,,,,387,0.003039505929,0.5053933102,
🇨🇦,Specnr,0,1,9:46.156,9:49.681,27 Dec 2022,1228,(V),7237098484174827022,18,Yes,https://www.speedrun.com/mc/run/y8020ewm,9,49,681,589681,590,1,410359,1.436988101,495537,1.189983795,-0.0005,0.5412,1.789496655,39.6427,73.2520,97.3142,6.42619,,,,,,,,,,,,,,,,,,,,,,,,,,,,,,,,,,,,,,,,,,,,,,,,,,,,,,,,,,,,,,,,,,,,,,,,,,,,,,,,,,,,,
🇧🇪,boyenn,0,0,9:49.577,9:49.697,09 Mar 2025,425,(U),unknown,,,https://www.youtube.com/watch?v=V12SrHOwNBQ,9,49,697,589697,590,1,410359,1.437027091,421494,1.399063806,-0.0005,0.8086,5.346052777,13.4294,16.6091,97.2548,6.42739,,,,,,,,,,,,,,,,,,,,,,,,,,,,,,,,,,,,,,,,,,,,,,,,,,,,,,,--,,,,,,,,,,,,,,,,,,,,,,,,,,,425,0.0004635656701,0.07699387524,
🇳🇴,skycrab1,0,0,9:49.773,9:49.773,18 Nov 2024,536,(U),8995165694867144478,,,https://www.youtube.com/watch?v=OrzWR9MX7RQ&list=PLU3_fvoJ1GyMStiA29z37DUPtG47PvOJz&index=96,9,49,773,589773,590,1,410359,1.437212295,421494,1.399244117,-0.0005,0.7649,5.350787377,12.6755,16.5712,96.9732,6.43310,,,,,,,,,,,,,,,,,,,,,,,,,,,,,,,,,,,,,,,,,,,,,,,,,,,,,,,--,,,,,,,,,,,,,,,,,,,,,,,,,,,536,0.0000002052441481,0.00003401149642,
🇺🇸,Semperz,0,1,9:46.795,9:49.877,16 Jan 2023,1208,(V),-9130200200703997782,08,Yes,https://www.speedrun.com/mc/run/mro1w68m,9,49,877,589877,590,1,410359,1.437465731,495537,1.190379326,-0.0005,0.5466,1.793431498,39.9898,73.1583,96.5888,6.44092,,,,,,,,,,,,,,,,,,,,,,,,,,,,,,,,,,,,,,,,,,,,,,,,,,,,,,,,,,,,,,,,,,,,,,,,,,,,,,,,,,,,,
🇵🇱,watermelon1708,0,0,9:49.338,9:49.896,15 Aug 2025,266,(U),unknown,,,https://www.youtube.com/watch?v=N1MKoW8JtrU,9,49,896,589896,590,1,410359,1.437512032,410359,1.437512032,-0.0005,0.8755,6.442353197,8.4499,9.6519,96.5186,6.44235,,,,,,,,,,,,,,,,,,,,,,,,,,,,,,,,,,,,,,,,,,,,,,,,,,,,,,,--,,,,,,,,,,,,,,,,,,,,,,,,,,,266,0.152268541,14.6967501,
🇭🇰,hackingnoises,0,0,9:43.081,9:49.943,16 Aug 2023,996,(U),-7758362008447828656,06,Yes,https://www.youtube.com/watch?v=zcw53uYt37o,9,49,943,589943,590,1,410359,1.437626566,465828,1.266439544,-0.0005,0.6077,2.712529745,32.0227,52.6910,96.3453,6.44589,,,,,,,,,,,,,,,,,,,,,,,,,,,,,,,,,,,,,,,,,,,,,,,,,,,,,,,,,,,,,,,,,,,,,,,,,,,,,,,,,,,,,
🇳🇴,skycrab1,0,0,9:49.969,9:50.065,13 Nov 2024,541,(U),4962570127198828524,,,https://www.youtube.com/watch?v=6eV5G75VplI&list=PLU3_fvoJ1GyMStiA29z37DUPtG47PvOJz&index=93,9,50,65,590065,590,0,410359,1.437923867,421494,1.399936891,-0.0005,0.7630,5.369012294,12.5333,16.4264,95.8963,6.45508,,,,,,,,,,,,,,,,,,,,,,,,,,,,,,,,,,,,,,,,,,,,,,,,,,,,,,,--,,,,,,,,,,,,,,,,,,,,,,,,,,,541,0.0000001328504072,0.00002182251403,
🇦🇺,Erikfzf,0,1,9:47.896,9:50.075,19 Apr 2023,1115,(V),-3556903538673690675,09,Yes,https://www.speedrun.com/mc/run/y2jlp8wz,9,50,75,590075,590,0,410359,1.437948236,465828,1.266722911,-0.0005,0.5726,2.716624375,30.1254,52.6081,95.8595,6.45584,,,,,,,,,,,,,,,,,,,,,,,,,,,,,,,,,,,,,,,,,,,,,,,,,,,,,,,,,,,,,,,,,,,,,,,,,,,,,,,,,,,,,
🇵🇱,okshey,0,0,9:50.421,9:50.421,15 Nov 2025,174,(U),unknown,,,https://www.youtube.com/watch?v=3ag6jYLEATw,9,50,421,590421,590,0,410359,1.4387914,410359,1.4387914,-0.0005,0.9167,6.481971151,8.6712,9.4594,94.5938,6.48197,,,,,,,,,,,,,,,,,,,,,,,,,,,,,,,,,,,,,,,,,,,,,,,,,,,,,,,,,,,,,,,,,,,,,,,,,,,,,,,,,,174,0.5904901053,55.85669407,
🇺🇸,doogile,0,0,9:49.649,9:50.424,12 Sep 2023,969,(U),-1655592444366996481,,,https://www.youtube.com/watch?v=FBTXjli9DBQ,9,50,424,590424,590,0,410359,1.43879871,465828,1.267472114,-0.0005,0.6160,2.727476838,32.2717,52.3887,94.5829,6.48220,,,,,,,,,,,,,,,,,,,,,,,,,,,,,,,,,,,,,,,,,,,,,,,,,,,,,,,--,,,,,,,,,,,,,,,,,,,,,,,,,,,969,0,0,
🇸🇰,NoFear1337,0,0,9:50.463,9:50.463,20 Aug 2023,992,(U),unknown,,,https://www.youtube.com/watch?v=48-PM4b2mhk,9,50,463,590463,590,0,410359,1.438893749,465828,1.267555836,-0.0005,0.6090,2.728691971,31.8878,52.3642,94.4409,6.48515,,,,,,,,,,,,,,,,,,,,,,,,,,,,,,,,,,,,,,,,,,,,,,,,,,,,,,,--,,,,,,,,,,,,,,,,,,,,,,,,,,,992,0,0,
🇳🇴,skycrab1,0,0,9:49.721,9:50.491,21 Jun 2024,686,(U),-6497843382079027047,,,https://www.youtube.com/watch?v=F8E2ivfO0zk&list=PLU3_fvoJ1GyMStiA29z37DUPtG47PvOJz&index=37,9,50,491,590491,590,0,410359,1.438961982,421494,1.400947582,-0.0005,0.7096,5.39569794,11.5077,16.2163,94.3390,6.48727,,,,,,,,,,,,,,,,,,,,,,,,,,,,,,,,,,,,,,,,,,,,,,,,,,,,,,,--,,,,,,,,,,,,,,,,,,,,,,,,,,,686,0,0,
🇺🇸,doogile,0,0,9:39.067,9:50.542,28 Oct 2023,923,(U),9080996345703823922,,,https://www.youtube.com/watch?v=_V6MkKldJvY,9,50,542,590542,591,1,410359,1.439086263,465828,1.267725427,-0.0005,0.6303,2.731154869,32.9758,52.3145,94.1537,6.49113,,,,,,,,,,,,,,,,,,,,,,,,,,,,,,,,,,,,,,,,,,,,,,,,,,,,,,,--,,,,,,,,,,,,,,,,,,,,,,,,,,,923,0,0,
🇳🇴,skycrab1,0,0,9:50.665,9:50.665,23 Sep 2024,592,(U),2493200409668593062,,,https://www.youtube.com/watch?v=EEEQo8N6gQU&list=PLU3_fvoJ1GyMStiA29z37DUPtG47PvOJz&index=72,9,50,665,590665,591,1,410359,1.439386001,421494,1.401360399,-0.0005,0.7438,5.406630986,11.9980,16.1309,93.7078,6.50046,,,,,,,,,,,,,,,,,,,,,,,,,,,,,,,,,,,,,,,,,,,,,,,,,,,,,,,--,,,,,,,,,,,,,,,,,,,,,,,,,,,592,0.0000000009760875799,0.0000001574518898,
🇺🇸,doogile,0,0,9:43.048,9:50.671,06 Jun 2023,1067,(U),5486779662085254088,,,https://www.youtube.com/watch?v=GNfBvK-DdeI,9,50,671,590671,591,1,410359,1.439400622,465828,1.268002353,-0.0005,0.5865,2.735180815,30.6374,52.2334,93.6860,6.50091,,,,,,,,,,,,,,,,,,,,,,,,,,,,,,,,,,,,,,,,,,,,,,,,,,,,,,,--,,,,,,,,,,,,,,,,,,,,,,,,,,,1067,0,0,
🇨🇦,Aquacorde,0,0,9:50.705,9:50.705,28 May 2025,345,(U),1875131557642639498,,,https://www.youtube.com/watch?v=WHI4EIF361I,9,50,705,590705,591,1,410359,1.439483477,421494,1.401455299,-0.0005,0.8416,5.409147063,13.5586,16.1113,93.5630,6.50349,,,,,,,,,,,,,,,,,,,,,,,,,,,,,,,,,,,,,,,,,,,,,,,,,,,,,,,--,,,,,,,,,,,,,,,,,,,,,,,,,,,345,0.01646756649,2.653143286,
🇳🇴,skycrab1,0,0,9:48.924,9:50.706,14 Apr 2024,754,(U),unknown,,,https://www.youtube.com/watch?v=sr2kZbeK9UA&list=PLU3_fvoJ1GyMStiA29z37DUPtG47PvOJz&index=15,9,50,706,590706,591,1,410359,1.439485914,421494,1.401457672,-0.0005,0.6859,5.409209978,11.0507,16.1108,93.5594,6.50357,,,,,,,,,,,,,,,,,,,,,,,,,,,,,,,,,,,,,,,,,,,,,,,,,,,,,,,--,,,,,,,,,,,,,,,,,,,,,,,,,,,754,0,0,
🇺🇸,doogile,0,0,9:49.586,9:50.726,23 Jan 2024,836,(U),-584548052417778455,,,https://www.youtube.com/watch?v=ql5yaRF0gCE,9,50,726,590726,591,1,410359,1.439534651,421494,1.401505122,-0.0005,0.6584,5.410468412,10.6003,16.1010,93.4871,6.50508,,,,,,,,,,,,,,,,,,,,,,,,,,,,,,,,,,,,,,,,,,,,,,,,,,,,,,,--,,,,,,,,,,,,,,,,,,,,,,,,,,,836,0,0,
🇳🇴,skycrab1,0,0,9:50.792,9:50.792,07 Nov 2024,547,(U),7554489611952099407,,,https://www.youtube.com/watch?v=6-ETpuXoEEk&list=PLU3_fvoJ1GyMStiA29z37DUPtG47PvOJz&index=91,9,50,792,590792,591,1,410359,1.439695486,421494,1.401661708,-0.0005,0.7607,5.414623061,12.2237,16.0688,93.2487,6.51010,,,,,,,,,,,,,,,,,,,,,,,,,,,,,,,,,,,,,,,,,,,,,,,,,,,,,,,--,,,,,,,,,,,,,,,,,,,,,,,,,,,547,0.0000000779863286,0.00001253143408,
🇫🇮,AndrewCrow,0,0,9:50.666,9:50.833,12 Aug 2025,269,(U),unknown,,,https://www.youtube.com/watch?v=a9jbQgG4J-I,9,50,833,590833,591,1,410359,1.439795399,410359,1.439795399,-0.0005,0.8742,6.513210182,8.1384,9.3101,93.1009,6.51321,,,,,,,,,,,,,,,,,,,,,,,,,,,,,,,,,,,,,,,,,,,,,,,,,,,,,,,,,,,,,,,,,,,,,,,,,,,,,,,,,,269,0.1427713471,13.29213662,
🇮🇹,drip120,0,1,9:50.878,9:50.878,04 Oct 2023,947,(V),-1789423009707373733,,Yes,https://www.speedrun.com/mc/runs/y6q50l6z,9,50,878,590878,591,1,410359,1.439905059,465828,1.268446723,-0.0005,0.6228,2.741652089,32.4508,52.1031,92.9387,6.51663,,,,,,,,,,,,,,,,,,,,,,,,,,,,,,,,,,,,,,,,,,,,,,,,,,,,,,,--,,,,,,,,,,,,,,,,,,,,,,,,,,,947,0,0,
🇨🇦,bluescaled,0,1,9:50.982,9:50.982,20 Sep 2023,961,(V),924997636585373701,12,Yes,https://www.speedrun.com/mc/runs/z5k12xdz,9,50,982,590982,591,1,410359,1.440158495,465828,1.268669981,-0.0005,0.6185,2.744908495,32.1839,52.0376,92.5648,6.52454,,,,,,,,,,,,,,,,,,,,,,,,,,,,,,,,,,,,,,,,,,,,,,,,,,,,,,,,,,,,,,,,,,,,,,,,,,,,,,,,,,,,,
🇸🇰,NoFear1337,0,0,9:48.795,9:51.150,17 Jun 2025,325,(U),unknown,,,https://www.youtube.com/watch?v=EZF1Z0DG-74,9,51,150,591150,591,0,410359,1.440567893,410359,1.440567893,-0.0005,0.8500,6.537335172,7.8170,9.1963,91.9627,6.53734,,,,,,,,,,,,,,,,,,,,,,,,,,,,,,,,,,,,,,,,,,,,,,,,,,,,,,,--,,,,,,,,,,,,,,,,,,,,,,,,,,,325,0.03229598047,2.970026591,
🇳🇴,skycrab1,0,0,9:51.158,9:51.158,08 Dec 2025,151,(U),unknown,,,https://www.youtube.com/watch?v=fKGyoMdXDzc&list=PLU3_fvoJ1GyMStiA29z37DUPtG47PvOJz&index=156,9,51,158,591158,591,0,410359,1.440587388,410359,1.440587388,-0.0005,0.9273,6.537945009,8.5249,9.1934,91.9341,6.53795,,,,,,,,,,,,,,,,,,,,,,,,,,,,,,,,,,,,,,,,,,,,,,,,,,,,,,,--,,,,,,,,,,,,,,,,,,,,,,,,,,,151,0.708719754,65.15553224,
🇺🇸,Dylqn,0,1,9:54.988,9:51.164,01 Aug 2022,1376,(V),-7315821799138863380,,,https://www.speedrun.com/mc/runs/yod43rjm,9,51,164,591164,591,0,410359,1.440602009,517884,1.141498868,-0.0005,0.5026,1.362694828,41.9647,83.4985,91.9127,6.53840,,,,,,,,,,,,,,,,,,,,,,,,,,,,,,,,,,,,,,,,,,,,,,,,,,,,,,,,,,,,,,,,,,,,,,,,,,,,,,,,,,1376,0,0,
🇳🇴,skycrab1,0,0,9:50.489,9:51.181,20 Mar 2026,49,(U),unknown,,,https://www.youtube.com/watch?v=_SXbQSqj37s&list=PLU3_fvoJ1GyMStiA29z37DUPtG47PvOJz&index=173,9,51,181,591181,591,0,410359,1.440643437,410359,1.440643437,-0.0005,0.9758,6.539698568,8.9629,9.1852,91.8519,6.53970,,,,,,,,,,,,,,,,,,,,,,,,,,,,,,,,,,,,,,,,,,,,,,,,,,,,,,,,,,,,,,,,,,,,,,,,,,,,,,,,,,49,0.9883040358,90.77762587,
🇨🇦,sockmonkey747,0,1,9:45.214,9:51.192,22 Sep 2022,1324,(V),-7834893168215751805,09,Yes,https://www.speedrun.com/mc/run/yl16p3xm,9,51,192,591192,591,0,410359,1.440670242,517884,1.141552935,-0.0005,0.5158,1.363113533,43.0649,83.4884,91.8126,6.54054,,,,,,,,,,,,,,,,,,,,,,,,,,,,,,,,,,,,,,,,,,,,,,,,,,,,,,,,,,,,,,,,,,,,,,,,,,,,,,,,,,,,,
🇳🇴,skycrab1,0,0,9:51.202,9:51.202,09 Oct 2024,576,(U),6786942152196432309,,,https://www.youtube.com/watch?v=qIX6RDLk3Fw&list=PLU3_fvoJ1GyMStiA29z37DUPtG47PvOJz&index=79,9,51,202,591202,591,0,410359,1.440694611,421494,1.402634438,-0.0005,0.7498,5.440494706,11.8980,15.8690,91.7769,6.54130,,,,,,,,,,,,,,,,,,,,,,,,,,,,,,,,,,,,,,,,,,,,,,,,,,,,,,,--,,,,,,,,,,,,,,,,,,,,,,,,,,,576,0.000000005017682817,0.0000007962554951,
🇳🇴,skycrab1,0,0,9:51.237,9:51.237,04 Sep 2024,611,(U),-5564102044404778436,,,https://www.youtube.com/watch?v=J6913JzSFoI&list=PLU3_fvoJ1GyMStiA29z37DUPtG47PvOJz&index=63,9,51,237,591237,591,0,410359,1.440779902,421494,1.402717476,-0.0005,0.7368,5.442708253,11.6790,15.8520,91.6520,6.54397,,,,,,,,,,,,,,,,,,,,,,,,,,,,,,,,,,,,,,,,,,,,,,,,,,,,,,,--,,,,,,,,,,,,,,,,,,,,,,,,,,,611,0.0000000001241025222,0.00000001967273059,
🇮🇹,drip120,0,0,9:49.755,9:51.238,17 Dec 2025,142,(U),unknown,,,https://www.youtube.com/watch?v=wz6HL9sHv3A,9,51,238,591238,591,0,410359,1.440782339,410359,1.440782339,-0.0005,0.9315,6.544046108,8.5367,9.1648,91.6484,6.54405,,,,,,,,,,,,,,,,,,,,,,,,,,,,,,,,,,,,,,,,,,,,,,,,,,,,,,,--,,,,,,,,,,,,,,,,,,,,,,,,,,,142,0.7510156414,68.82938583,
🇫🇮,AndrewCrow,0,0,9:51.066,9:51.257,09 Jun 2025,333,(U),unknown,,,https://www.youtube.com/watch?v=v8YGkPkyD8w,9,51,257,591257,591,0,410359,1.44082864,421494,1.402764927,-0.0005,0.8466,5.44397349,13.4124,15.8423,91.5806,6.54550,,,,,,,,,,,,,,,,,,,,,,,,,,,,,,,,,,,,,,,,,,,,,,,,,,,,,,,,,,,,,,,,,,,,,,,,,,,,,,,,,,333,0.02490706701,3.945851142,
🇫🇮,megelimc,0,0,9:47.731,9:51.467,01 Jan 2024,858,(U),Unknown,??,Yes,https://www.youtube.com/watch?v=ZnJ9vJWKmrI,9,51,467,591467,591,0,410359,1.441340387,446254,1.325404366,-0.0005,0.6512,3.692599314,23.0093,35.3359,90.8337,6.56154,,,,,,,,,,,,,,,,,,,,,,,,,,,,,,,,,,,,,,,,,,,,,,,,,,,,,,,,,,,,,,,,,,,,,,,,,,,,,,,,,,,,,
🇫🇷,AstraF,0,0,9:51.720,9:51.720,27 Oct 2023,924,(U),-337439981175768477,01,Yes,https://www.youtube.com/watch?v=2BIv_Ia0X00,9,51,720,591720,592,1,410359,1.441956921,465828,1.270254257,-0.0005,0.6300,2.768115448,32.4919,51.5726,89.9393,6.58091,,,,,,,,,,,,,,,,,,,,,,,,,,,,,,,,,,,,,,,,,,,,,,,,,,,,,,,,,,,,,,,,,,,,,,,,,,,,,,,,,,,,,
🇷🇺,aleen,0,0,9:51.372,9:51.955,13 Jun 2023,1060,(U),527896806905356617,04,Yes,https://www.youtube.com/watch?v=T3tdEJDfjbA,9,51,955,591955,592,1,410359,1.44252959,465828,1.270758735,-0.0005,0.5886,2.775541736,30.2686,51.4243,89.1136,6.59895,,,,,,,,,,,,,,,,,,,,,,,,,,,,,,,,,,,,,,,,,,,,,,,,,,,,,,,,,,,,,,,,,,,,,,,,,,,,,,,,,,,,,
🇬🇧,priffie,0,1,9:52.129,9:52.129,06 Apr 2023,1128,(V),-6774371518579710751,12,Yes,https://www.speedrun.com/mc/run/y4g4q23y,9,52,129,592129,592,0,410359,1.442953609,465828,1.271132263,-0.0005,0.5689,2.781051757,29.1943,51.3145,88.5055,6.61233,,,,,,,,,,,,,,,,,,,,,,,,,,,,,,,,,,,,,,,,,,,,,,,,,,,,,,,--,,,,,,,,,,,,,,,,,,,,,,,,,,,1128,0,0,
🇩🇰,Bloopy,0,0,9:51.888,9:52.213,01 Dec 2024,523,(U),-585511820718115060,,,https://www.youtube.com/watch?v=NZGdtGg7EMI,9,52,213,592213,592,0,410359,1.443158308,421494,1.405033049,-0.0005,0.7699,5.504752151,11.8428,15.3823,88.2129,6.61880,,,,,,,,,,,,,,,,,,,,,,,,,,,,,,,,,,,,,,,,,,,,,,,,,,,,,,,--,,,,,,,,,,,,,,,,,,,,,,,,,,,523,0.0000006125920011,0.00009423094013,
🇿🇦,Airpodsz,0,0,9:52.329,9:52.329,18 Feb 2026,79,(U),-865004664165552620,,,https://www.youtube.com/watch?v=jvUCdetNvWc&list=PLjW0OIc7zcEcCMM5essHmBGzf92S0FzKi&index=35,9,52,329,592329,592,0,410359,1.443440987,410359,1.443440987,-0.0005,0.9613,6.627745829,8.4409,8.7810,87.8099,6.62775,,,,,,,,,,,,,,,,,,,,,,,,,,,,,,,,,,,,,,,,,,,,,,,,,,,,,,,,,,,,,,,,,,,,,,,,,,,,,,,,,,,,,
🇧🇪,boyenn,0,0,9:52.329,9:52.329,02 May 2025,371,(U),unknown,,,https://www.youtube.com/watch?v=d_SBrMIiMm4,9,52,329,592329,592,0,410359,1.443440987,421494,1.405308261,-0.0005,0.8307,5.512167115,12.7320,15.3270,87.8099,6.62775,,,,,,,,,,,,,,,,,,,,,,,,,,,,,,,,,,,,,,,,,,,,,,,,,,,,,,,--,,,,,,,,,,,,,,,,,,,,,,,,,,,371,0.006057360711,0.9284140135,
🇺🇸,doogile,0,0,9:47.627,9:52.339,30 Mar 2025,404,(U),unknown,,,https://www.youtube.com/watch?v=qhwp9ohvjNc,9,52,339,592339,592,0,410359,1.443465356,421494,1.405331986,-0.0005,0.8171,5.512806744,12.5198,15.3223,87.7753,6.62852,,,,,,,,,,,,,,,,,,,,,,,,,,,,,,,,,,,,,,,,,,,,,,,,,,,,,,,--,,,,,,,,,,,,,,,,,,,,,,,,,,,404,0.001368655511,0.20970919,
🇫🇮,sadekeppi,0,0,9:52.481,9:52.481,18 Feb 2026,79,(U),unknown,,,https://www.youtube.com/watch?v=2Lpf6uTKLWQ,9,52,481,592481,592,0,410359,1.443811394,410359,1.443811394,-0.0005,0.9613,6.639480644,8.3903,8.7284,87.2837,6.63948,,,,,,,,,,,,,,,,,,,,,,,,,,,,,,,,,,,,,,,,,,,,,,,,,,,,,,,,,,,,,,,,,,,,,,,,,,,,,,,,,,,,,
🇦🇺,retropog,0,1,9:52.143,9:52.559,14 Mar 2023,1151,(V),-5536233051706105500,01,Yes,https://www.speedrun.com/mc/run/mro0xldm,9,52,559,592559,593,1,410359,1.444001472,465828,1.272055351,-0.0005,0.5624,2.794710214,28.7078,51.0430,87.0145,6.64551,,,,,,,,,,,,,,,,,,,,,,,,,,,,,,,,,,,,,,,,,,,,,,,,,,,,,,,,,,,,,,,,,,,,,,,,,,,,,,,,,,,,,
🇸🇰,NoFear1337,0,0,9:50.254,9:52.607,29 Aug 2025,252,(U),unknown,,,https://www.youtube.com/watch?v=1CSaPJ3zD9E,9,52,607,592607,593,1,410359,1.444118443,410359,1.444118443,-0.0005,0.8816,6.649221889,7.6567,8.6849,86.8491,6.64922,,,,,,,,,,,,,,,,,,,,,,,,,,,,,,,,,,,,,,,,,,,,,,,,,,,,,,,--,,,,,,,,,,,,,,,,,,,,,,,,,,,252,0.2018357967,17.52926338,
🇸🇰,NoFear1337,0,0,9:52.674,9:52.674,14 Jul 2023,1029,(U),3311070428506478041,,,https://www.youtube.com/watch?v=0xG_Me1Rz5g,9,52,674,592674,593,1,410359,1.444281714,465828,1.272302223,-0.0005,0.5978,2.798373149,30.4700,50.9703,86.6186,6.65441,,,,,,,,,,,,,,,,,,,,,,,,,,,,,,,,,,,,,,,,,,,,,,,,,,,,,,,--,,,,,,,,,,,,,,,,,,,,,,,,,,,1029,0,0,
🇸🇰,NoFear1337,0,0,9:51.200,9:52.693,27 Nov 2024,527,(U),unknown,,,https://www.youtube.com/watch?v=fOaCQDFWOJY&list=PLaTJSsRuu2UeeWabBBfNVWALvnefBoL2C&index=14,9,52,693,592693,593,1,410359,1.444328015,421494,1.406171855,-0.0005,0.7684,5.535491401,11.6439,15.1543,86.5533,6.65588,,,,,,,,,,,,,,,,,,,,,,,,,,,,,,,,,,,,,,,,,,,,,,,,,,,,,,,--,,,,,,,,,,,,,,,,,,,,,,,,,,,527,0.000000440076043,0.00006669026294,
🇫🇮,AndrewCrow,0,0,9:51.787,9:52.736,08 Feb 2025,454,(U),unknown,,,https://www.youtube.com/watch?v=3nU_mEfgpK0,9,52,736,592736,593,1,410359,1.444432802,421494,1.406273873,-0.0005,0.7969,5.538252425,12.0605,15.1339,86.4057,6.65921,,,,,,,,,,,,,,,,,,,,,,,,,,,,,,,,,,,,,,,,,,,,,,,,,,,,,,,,,,,,,,,,,,,,,,,,,,,,,,,,,,454,0.00008630125653,0.01306076426,
🇸🇰,NoFear1337,0,0,9:52.350,9:52.741,04 Nov 2025,185,(U),unknown,,,https://www.youtube.com/watch?v=OHpcSW2oLMw,9,52,741,592741,593,1,410359,1.444444986,410359,1.444444986,-0.0005,0.9116,6.659595272,7.8756,8.6389,86.3885,6.65960,,,,,,,,,,,,,,,,,,,,,,,,,,,,,,,,,,,,,,,,,,,,,,,,,,,,,,,--,,,,,,,,,,,,,,,,,,,,,,,,,,,185,0.53091014,45.86453109,
🇨🇳,pluginL,0,1,9:50.137,9:52.818,24 Aug 2022,1353,(V),656442864665422707,09,Yes,https://www.speedrun.com/mc/run/mrr1172m,9,52,818,592818,593,1,410359,1.444632627,517884,1.144692634,-0.0005,0.5084,1.387633364,42.1465,82.9013,86.1245,6.66556,,,,,,,,,,,,,,,,,,,,,,,,,,,,,,,,,,,,,,,,,,,,,,,,,,,,,,,,,,,,,,,,,,,,,,,,,,,,,,,,,,,,,
🇺🇸,zylenox,0,1,9:50.003,9:52.982,01 Oct 2022,1315,(X),7341342396448378050,06,Yes,https://www.speedrun.com/mc/run/zgqlvxey,9,52,982,592982,593,1,410359,1.445032277,517884,1.145009307,-0.0005,0.5181,1.390128954,42.9239,82.8415,85.5641,6.67829,,,,,,,,,,,,,,,,,,,,,,,,,,,,,,,,,,,,,,,,,,,,,,,,,,,,,,,--,,,,,,,,,,,,,,,,,,,,,,,,,,,1315,0,0,
🇫🇮,AndrewCrow,0,0,9:51.477,9:53.013,04 Jul 2025,308,(U),unknown,,,https://www.youtube.com/watch?v=CjilClmnXOo,9,53,13,593013,593,0,410359,1.44510782,410359,1.44510782,-0.0005,0.8573,6.680695004,7.3261,8.5458,85.4585,6.68070,,,,,,,,,,,,,,,,,,,,,,,,,,,,,,,,,,,,,,,,,,,,,,,,,,,,,,,,,,,,,,,,,,,,,,,,,,,,,,,,,,308,0.05383609102,4.600750788,
🇨🇦,Mynski,0,0,9:50.933,9:53.151,01 Jul 2023,1041.333333,(U),Unknown,??,Yes,https://www.youtube.com/watch?v=cXPQARw8DO8,9,53,151,593151,593,0,410359,1.445444111,465828,1.273326206,-0.0005,0.5941,2.813611967,30.1036,50.6688,84.9892,6.69142,,,,,,,,,,,,,,,,,,,,,,,,,,,,,,,,,,,,,,,,,,,,,,,,,,,,,,,,,,,,,,,,,,,,,,,,,,,,,,,,,,,,,
🇨🇦,Aquacorde,0,0,9:52.194,9:53.340,22 Sep 2024,593,(U),-9213133469295055645,,,https://www.youtube.com/watch?v=WlkQTuuVfUg,9,53,340,593340,593,0,410359,1.445904683,421494,1.407706871,-0.0005,0.7434,5.577162395,11.0396,14.8499,84.3493,6.70614,,,,,,,,,,,,,,,,,,,,,,,,,,,,,,,,,,,,,,,,,,,,,,,,,,,,,,,--,,,,,,,,,,,,,,,,,,,,,,,,,,,593,0.0000000008785171382,0.0000001304588095,
🇫🇮,AndrewCrow,0,1,9:53.628,9:53.628,09 Mar 2022,1521,(V),-4620186726931781022,,,https://www.speedrun.com/mc/runs/yvq5e58m,9,53,628,593628,594,1,410359,1.446606508,548820,1.081644255,-0.0005,0.4674,0.9660862418,43.3302,92.6982,83.3803,6.72862,,,,,,,,,,,,,,,,,,,,,,,,,,,,,,,,,,,,,,,,,,,,,,,,,,,,,,,,,,,,,,,,,,,,,,,,,,,,,,,,,,1521,0,0,
🇰🇷,temp_gd,0,1,9:49.097,9:53.643,28 Dec 2023,862,(V),6992561561030864143,12,Yes,https://www.speedrun.com/mc/run/ywnx46ny,9,53,643,593643,594,1,410359,1.446643061,446254,1.330280513,-0.0005,0.6499,3.786146646,22.0573,33.9416,83.3301,6.72979,,,,,,,,,,,,,,,,,,,,,,,,,,,,,,,,,,,,,,,,,,,,,,,,,,,,,,,,,,,,,,,,,,,,,,,,,,,,,,,,,,,,,
🇳🇴,skycrab1,0,0,9:52.003,9:53.778,08 Aug 2024,638,(U),-7456900742999053389,,,https://www.youtube.com/watch?v=nJT3-TIU4ak&list=PLU3_fvoJ1GyMStiA29z37DUPtG47PvOJz&index=49,9,53,778,593778,594,1,410359,1.446972042,421494,1.408746032,-0.0005,0.7269,5.605527608,10.6457,14.6458,82.8786,6.74035,,,,,,,,,,,,,,,,,,,,,,,,,,,,,,,,,,,,,,,,,,,,,,,,,,,,,,,--,,,,,,,,,,,,,,,,,,,,,,,,,,,638,0,0.0000000007715141819,
🇵🇱,DoWiii,0,1,9:49.255,9:53.787,01 Aug 2023,1011,(X),4890156782028618335,08,Yes,https://www.speedrun.com/mc/runs/m3qw49dy,9,53,787,593787,594,1,410359,1.446993974,465828,1.274691517,-0.0005,0.6032,2.834045096,30.3208,50.2663,82.8486,6.74105,,,,,,,,,,,,,,,,,,,,,,,,,,,,,,,,,,,,,,,,,,,,,,,,,,,,,,,,,,,,,,,,,,,,,,,,,,,,,,,,,,,,,
🇫🇮,AndrewCrow,0,0,9:51.947,9:53.877,28 May 2025,345,(U),unknown,,,https://www.youtube.com/watch?v=f7zANgiWh0A,9,53,877,593877,594,1,410359,1.447213294,421494,1.408980911,-0.0005,0.8416,5.611956339,12.2867,14.5999,82.5486,6.74810,,,,,,,,,,,,,,,,,,,,,,,,,,,,,,,,,,,,,,,,,,,,,,,,,,,,,,,,,,,,,,,,,,,,,,,,,,,,,,,,,,345,0.01646756649,2.40425459,
🇮🇹,Tiger,0,1,9:52.512,9:53.934,09 Jan 2024,850,(U),-3526546892064748908,09,Yes,https://www.youtube.com/watch?v=WxdVXejncoc,9,53,934,593934,594,1,410359,1.447352196,421494,1.409116144,-0.0005,0.6538,5.615660648,9.5277,14.5736,82.3590,6.75257,,,,,,,,,,,,,,,,,,,,,,,,,,,,,,,,,,,,,,,,,,,,,,,,,,,,,,,,,,,,,,,,,,,,,,,,,,,,,,,,,,,,,
🇺🇸,zylenox,0,0,9:52.464,9:53.967,08 Jun 2023,1065,(U),unknown,15,Yes,https://www.youtube.com/watch?v=tgOPJWqSS2A,9,53,967,593967,594,1,410359,1.447432614,465828,1.275077926,-0.0005,0.5871,2.839851945,29.4462,50.1524,82.2493,6.75516,,,,,,,,,,,,,,,,,,,,,,,,,,,,,,,,,,,,,,,,,,,,,,,,,,,,,,,--,,,,,,,,,,,,,,,,,,,,,,,,,,,1065,0,0,
🇺🇸,Reignex,0,0,9:54.301,9:54.301,27 Oct 2023,924,(U),Unknown,12,Yes,https://www.youtube.com/watch?v=NT6B08BXV4c,9,54,301,594301,594,0,410359,1.448246535,465828,1.275794929,-0.0005,0.6300,2.850654886,31.4638,49.9408,81.1452,6.78140,,,,,,,,,,,,,,,,,,,,,,,,,,,,,,,,,,,,,,,,,,,,,,,,,,,,,,,,,,,,,,,,,,,,,,,,,,,,,,,,,,,,,
🇸🇰,NoFear1337,0,0,9:54.420,9:54.420,03 Jul 2024,674,(U),unknown,,,https://www.youtube.com/watch?v=wLSjADbTw0g&list=PLaTJSsRuu2UeeWabBBfNVWALvnefBoL2C&index=11,9,54,420,594420,594,0,410359,1.448536525,421494,1.410269185,-0.0005,0.7139,5.647331513,10.2444,14.3497,80.7542,6.79077,,,,,,,,,,,,,,,,,,,,,,,,,,,,,,,,,,,,,,,,,,,,,,,,,,,,,,,--,,,,,,,,,,,,,,,,,,,,,,,,,,,674,0,0,
🇺🇸,doogile,0,0,9:48.840,9:54.481,30 Nov 2023,890,(U),984680660246125124,,,https://www.youtube.com/watch?v=o4MQAI-5dNk,9,54,481,594481,594,0,410359,1.448685176,465828,1.276181337,-0.0005,0.6408,2.856491955,31.9302,49.8267,80.5542,6.79558,,,,,,,,,,,,,,,,,,,,,,,,,,,,,,,,,,,,,,,,,,,,,,,,,,,,,,,--,,,,,,,,,,,,,,,,,,,,,,,,,,,890,0,0,
🇿🇦,Airpodsz,0,0,9:54.544,9:54.544,25 Mar 2026,44,(U),-9029504240721945909,,,https://www.youtube.com/watch?v=YG0SUvGeG7Q&list=PLjW0OIc7zcEcCMM5essHmBGzf92S0FzKi&index=42,9,54,544,594544,595,1,410359,1.4488387,410359,1.4488387,-0.0005,0.9782,6.800547177,7.8600,8.0348,80.3481,6.80055,,,,,,,,,,,,,,,,,,,,,,,,,,,,,,,,,,,,,,,,,,,,,,,,,,,,,,,,,,,,,,,,,,,,,,,,,,,,,,,,,,,,,
🇳🇴,skycrab1,0,0,9:53.575,9:54.586,23 May 2024,715,(U),891404935747886516,,,https://www.youtube.com/watch?v=Jej0PF9SsMc&list=PLU3_fvoJ1GyMStiA29z37DUPtG47PvOJz&index=22,9,54,586,594586,595,1,410359,1.448941049,421494,1.410663022,-0.0005,0.6994,5.658184785,9.9833,14.2737,80.2109,6.80386,,,,,,,,,,,,,,,,,,,,,,,,,,,,,,,,,,,,,,,,,,,,,,,,,,,,,,,--,,,,,,,,,,,,,,,,,,,,,,,,,,,715,0,0,
🇺🇸,Reignex,0,0,9:54.710,9:54.710,13 Aug 2023,999,(U),Unknown,12,Yes,https://www.youtube.com/watch?v=NT6B08BXV4c,9,54,710,594710,595,1,410359,1.449243224,465828,1.276672935,-0.0005,0.6068,2.863933347,30.1484,49.6815,79.8067,6.81365,,,,,,,,,,,,,,,,,,,,,,,,,,,,,,,,,,,,,,,,,,,,,,,,,,,,,,,,,,,,,,,,,,,,,,,,,,,,,,,,,,,,,
🇺🇸,doogile,0,0,9:53.274,9:54.737,30 Apr 2023,1104,(U),8647590348212055728,,,https://www.youtube.com/watch?v=LCDb8vZEG8M,9,54,737,594737,595,1,410359,1.44930902,465828,1.276730896,-0.0005,0.5758,2.86481185,28.5966,49.6644,79.7188,6.81579,,,,,,,,,,,,,,,,,,,,,,,,,,,,,,,,,,,,,,,,,,,,,,,,,,,,,,,--,,,,,,,,,,,,,,,,,,,,,,,,,,,1104,0,0,
🇳🇴,skycrab1,0,1,9:48.928,9:54.790,17 Aug 2023,995,(V),4841977551772325086,,,https://www.speedrun.com/mc/runs/zx3pxk8z,9,54,790,594790,595,1,410359,1.449438175,465828,1.276844672,-0.0005,0.6080,2.866537015,30.1780,49.6308,79.5466,6.81998,,,,,,,,,,,,,,,,,,,,,,,,,,,,,,,,,,,,,,,,,,,,,,,,,,,,,,,--,,,,,,,,,,,,,,,,,,,,,,,,,,,995,0,0,
🇫🇮,AndrewCrow,0,0,9:52.821,9:54.803,26 May 2025,347,(U),unknown,,,https://www.youtube.com/watch?v=26-ceURSKcg,9,54,803,594803,595,1,410359,1.449469854,421494,1.411177858,-0.0005,0.8407,5.672399941,11.9169,14.1747,79.5044,6.82101,,,,,,,,,,,,,,,,,,,,,,,,,,,,,,,,,,,,,,,,,,,,,,,,,,,,,,,,,,,,,,,,,,,,,,,,,,,,,,,,,,347,0.01532618769,2.172434094,
🇺🇸,Feinberg,0,0,9:54.890,9:54.890,03 Apr 2023,1131,(U),Unknown,15,Yes,https://www.youtube.com/watch?v=o4EgXKKjRmg,9,54,890,594890,595,1,410359,1.449681864,465828,1.277059344,-0.0005,0.5681,2.869794556,28.1580,49.5674,79.2223,6.82789,,,,,,,,,,,,,,,,,,,,,,,,,,,,,,,,,,,,,,,,,,,,,,,,,,,,,,,,,,,,,,,,,,,,,,,,,,,,,,,,,,,,,
🇺🇸,Feinberg,0,0,9:50.556,9:55.093,28 May 2024,710,(U),330307922541256134,,,https://www.youtube.com/watch?v=9kp1QTbxTGM,9,55,93,595093,595,0,410359,1.450176553,421494,1.411865887,-0.0005,0.7012,5.691445794,9.8466,14.0430,78.5668,6.84398,,,,,,,,,,,,,,,,,,,,,,,,,,,,,,,,,,,,,,,,,,,,,,,,,,,,,,,,,,,,,,,,,,,,,,,,,,,,,,,,,,,,,
🇳🇴,skycrab1,0,0,9:51.595,9:55.093,04 Nov 2023,916,(U),unknown,,,https://www.youtube.com/watch?v=6XR2MBsNb6k&list=PLU3_fvoJ1GyMStiA29z37DUPtG47PvOJz&index=3,9,55,93,595093,595,0,410359,1.450176553,465828,1.277495127,-0.0005,0.6325,2.876417477,31.2723,49.4386,78.5668,6.84398,,,,,,,,,,,,,,,,,,,,,,,,,,,,,,,,,,,,,,,,,,,,,,,,,,,,,,,--,,,,,,,,,,,,,,,,,,,,,,,,,,,916,0,0,
🇵🇱,watermelon1708,0,0,9:55.102,9:55.102,09 Nov 2025,180,(U),unknown,,,https://www.youtube.com/watch?v=ZPS7AydV7hs,9,55,102,595102,595,0,410359,1.450198485,410359,1.450198485,-0.0005,0.9139,6.844692175,7.1778,7.8538,78.5378,6.84469,,,,,,,,,,,,,,,,,,,,,,,,,,,,,,,,,,,,,,,,,,,,,,,,,,,,,,,--,,,,,,,,,,,,,,,,,,,,,,,,,,,180,0.5581095554,43.83270522,
🇺🇸,AceRPx,0,1,9:54.223,9:55.141,30 Mar 2023,1135,(V),8614971074767213425,12,Yes,https://www.speedrun.com/mc/run/zqenvvrz,9,55,141,595141,595,0,410359,1.450293523,465828,1.277598169,-0.0005,0.5669,2.877985471,28.0115,49.4082,78.4123,6.84779,,,,,,,,,,,,,,,,,,,,,,,,,,,,,,,,,,,,,,,,,,,,,,,,,,,,,,,,,,,,,,,,,,,,,,,,,,,,,,,,,,,,,
🇳🇴,skycrab1,0,0,9:55.288,9:55.288,11 Sep 2024,604,(U),-7383229006023208125,,,https://www.youtube.com/watch?v=hsEjtrLyOUM&list=PLU3_fvoJ1GyMStiA29z37DUPtG47PvOJz&index=68,9,55,288,595288,595,0,410359,1.450651746,421494,1.412328527,-0.0005,0.7393,5.704283839,10.3173,13.9548,77.9406,6.85946,,,,,,,,,,,,,,,,,,,,,,,,,,,,,,,,,,,,,,,,,,,,,,,,,,,,,,,--,,,,,,,,,,,,,,,,,,,,,,,,,,,604,0.0000000002693831501,0.00000003759191575,
🇧🇷,sanjinhu,0,1,9:53.150,9:55.335,07 Jul 2023,1035.291667,(V),-7500588924072040295,04,Yes,https://www.speedrun.com/mc/run/y8600ndm,9,55,335,595335,595,0,410359,1.45076628,465828,1.278014632,-0.0005,0.5959,2.884330514,29.3701,49.2851,77.7901,6.86320,,,,,,,,,,,,,,,,,,,,,,,,,,,,,,,,,,,,,,,,,,,,,,,,,,,,,,,,,,,,,,,,,,,,,,,,,,,,,,,,,,,,,
🇸🇰,NoFear1337,0,0,9:55.440,9:55.440,02 Oct 2023,949,(U),unknown,,,https://www.youtube.com/watch?v=wSvd77nUE5w,9,55,440,595440,595,0,410359,1.451022154,465828,1.278240037,-0.0005,0.6222,2.887769866,30.6235,49.2184,77.4548,6.87155,,,,,,,,,,,,,,,,,,,,,,,,,,,,,,,,,,,,,,,,,,,,,,,,,,,,,,,--,,,,,,,,,,,,,,,,,,,,,,,,,,,949,0,0,
🇸🇰,NoFear1337,0,0,9:55.325,9:55.616,06 May 2024,732,(U),unknown,,,https://www.youtube.com/watch?v=SGv4ZI8oRZs&list=PLaTJSsRuu2UeeWabBBfNVWALvnefBoL2C&index=9,9,55,616,595616,596,1,410359,1.451451047,421494,1.413106711,-0.0005,0.6935,5.725935082,9.5754,13.8073,76.8948,6.88558,,,,,,,,,,,,,,,,,,,,,,,,,,,,,,,,,,,,,,,,,,,,,,,,,,,,,,,--,,,,,,,,,,,,,,,,,,,,,,,,,,,732,0,0,
🇹🇿,Kxpow,0,0,9:54.397,9:55.748,04 Dec 2023,886,(U),5607338791284436984,09,Yes,https://www.youtube.com/watch?v=A7-MF6MUslQ,9,55,748,595748,596,1,410359,1.451772716,465828,1.278901225,-0.0005,0.6421,2.897879645,31.4780,49.0229,76.4767,6.89611,,,,,,,,,,,,,,,,,,,,,,,,,,,,,,,,,,,,,,,,,,,,,,,,,,,,,,,--,,,,,,,,,,,,,,,,,,,,,,,,,,,886,0,0,
🇭🇷,CroProYT,0,0,9:55.868,9:55.868,14 Oct 2023,937,(U),Unknown,09,Yes,https://www.youtube.com/watch?v=Q7ZSubOMa5Y,9,55,868,595868,596,1,410359,1.452065143,465828,1.279158831,-0.0005,0.6259,2.901827018,30.6377,48.9467,76.0979,6.90570,,,,,,,,,,,,,,,,,,,,,,,,,,,,,,,,,,,,,,,,,,,,,,,,,,,,,,,,,,,,,,,,,,,,,,,,,,,,,,,,,,,,,
🇺🇸,doogile,0,0,9:54.943,9:55.997,03 Mar 2024,796,(U),-6539725761091483883,,,https://www.youtube.com/watch?v=xPmNTEmWuPM,9,55,997,595997,596,1,410359,1.452379502,421494,1.414010638,-0.0005,0.6717,5.751174822,9.1595,13.6370,75.6922,6.91602,,,,,,,,,,,,,,,,,,,,,,,,,,,,,,,,,,,,,,,,,,,,,,,,,,,,,,,--,,,,,,,,,,,,,,,,,,,,,,,,,,,796,0,0,
🇵🇱,Comprex,0,1,9:55.317,9:56.068,24 Feb 2023,1169,(V),237696946987480485,09,Yes,https://www.speedrun.com/mc/run/z5e85lez,9,56,68,596068,596,0,410359,1.452552521,465828,1.279588174,-0.0005,0.5574,2.908416581,27.2113,48.8197,75.4695,6.92170,,,,,,,,,,,,,,,,,,,,,,,,,,,,,,,,,,,,,,,,,,,,,,,,,,,,,,,,,,,,,,,,,,,,,,,,,,,,,,,,,,,,,
🇸🇰,NoFear1337,0,0,9:55.940,9:56.174,17 Jun 2025,325,(U),unknown,,,https://www.youtube.com/watch?v=Ueljb7uj3fA,9,56,174,596174,596,0,410359,1.452810831,410359,1.452810831,-0.0005,0.8500,6.930201057,6.3868,7.5138,75.1378,6.93020,,,,,,,,,,,,,,,,,,,,,,,,,,,,,,,,,,,,,,,,,,,,,,,,,,,,,,,--,,,,,,,,,,,,,,,,,,,,,,,,,,,325,0.03229598047,2.426649274,
🇸🇰,NoFear1337,0,0,9:56.184,9:56.184,10 Dec 2023,880,(U),unknown,,,https://www.youtube.com/watch?v=qT6Bdh7x3RY,9,56,184,596184,596,0,410359,1.4528352,446254,1.335974579,-0.0005,0.6440,3.898021042,20.8231,32.3323,75.1066,6.93100,,,,,,,,,,,,,,,,,,,,,,,,,,,,,,,,,,,,,,,,,,,,,,,,,,,,,,,--,,,,,,,,,,,,,,,,,,,,,,,,,,,880,0,0,
🇵🇱,watermelon1708,0,0,9:55.885,9:56.256,03 Oct 2025,217,(U),unknown,,,https://www.youtube.com/watch?v=LJp8oxqNGWs,9,56,256,596256,596,0,410359,1.453010657,410359,1.453010657,-0.0005,0.8972,6.936779931,6.7182,7.4882,74.8819,6.93678,,,,,,,,,,,,,,,,,,,,,,,,,,,,,,,,,,,,,,,,,,,,,,,,,,,,,,,--,,,,,,,,,,,,,,,,,,,,,,,,,,,217,0.3599351869,26.95264266,
🇮🇱,Megafox,0,1,9:56.371,9:56.371,17 Jul 2023,1026,(U),720747584717436667,06,Yes,https://www.youtube.com/watch?v=PvIWuH2TISQ,9,56,371,596371,596,0,410359,1.453290899,465828,1.280238629,-0.0005,0.5987,2.918425075,29.1130,48.6272,74.5241,6.94602,,,,,,,,,,,,,,,,,,,,,,,,,,,,,,,,,,,,,,,,,,,,,,,,,,,,,,,,,,,,,,,,,,,,,,,,,,,,,,,,,,,,,
🇺🇸,doogile,0,0,9:54.068,9:56.523,23 Feb 2023,1170,(U),6408064456688013983,,,https://www.youtube.com/watch?v=GdCYkElNK1M,9,56,523,596523,597,1,410359,1.453661306,465828,1.28056493,-0.0005,0.5571,2.923457342,27.0367,48.5306,74.0529,6.95824,,,,,,,,,,,,,,,,,,,,,,,,,,,,,,,,,,,,,,,,,,,,,,,,,,,,,,,--,,,,,,,,,,,,,,,,,,,,,,,,,,,1170,0,0,
🇳🇴,skycrab1,0,0,9:56.544,9:56.544,17 Jan 2025,476,(U),4734961951437511625,,,https://www.youtube.com/watch?v=b02Hcjv7jIE&list=PLU3_fvoJ1GyMStiA29z37DUPtG47PvOJz&index=109,9,56,544,596544,597,1,410359,1.453712481,421494,1.415308403,-0.0005,0.7882,5.787581076,10.5578,13.3948,73.9880,6.95993,,,,,,,,,,,,,,,,,,,,,,,,,,,,,,,,,,,,,,,,,,,,,,,,,,,,,,,--,,,,,,,,,,,,,,,,,,,,,,,,,,,476,0.00002070743797,0.002773725526,
🇺🇸,TalkingMime,0,1,9:51.349,9:56.594,14 Aug 2022,1363,(V),1393345256630748585,09,Yes,https://www.speedrun.com/mc/run/mrrkdx4m,9,56,594,596594,597,1,410359,1.453834326,517884,1.151983842,-0.0005,0.5059,1.446153912,41.2256,81.4965,73.8335,6.96396,,,,,,,,,,,,,,,,,,,,,,,,,,,,,,,,,,,,,,,,,,,,,,,,,,,,,,,,,,,,,,,,,,,,,,,,,,,,,,,,,,,,,
Lysotroph,Lysotroph,0,1,9:55.526,9:56.616,22 Jan 2023,1201.125,(V),9105264807391681609,05,Yes,https://www.speedrun.com/mc/run/ydge7p0y,9,56,616,596616,597,1,410359,1.453887937,495537,1.203978714,-0.0005,0.5485,1.933587611,38.3085,69.8420,73.7656,6.96573,,,,,,,,,,,,,,,,,,,,,,,,,,,,,,,,,,,,,,,,,,,,,,,,,,,,,,,,,,,,,,,,,,,,,,,,,,,,,,,,,,,,,
🇳🇴,skycrab1,0,0,9:56.649,9:56.649,08 Dec 2025,151,(U),unknown,,,https://www.youtube.com/watch?v=P0qk2AGV3VY&list=PLU3_fvoJ1GyMStiA29z37DUPtG47PvOJz&index=152,9,56,649,596649,597,1,410359,1.453968355,410359,1.453968355,-0.0005,0.9273,6.968385839,6.8307,7.3664,73.6638,6.96839,,,,,,,,,,,,,,,,,,,,,,,,,,,,,,,,,,,,,,,,,,,,,,,,,,,,,,,--,,,,,,,,,,,,,,,,,,,,,,,,,,,151,0.708719754,52.2070191,
🇫🇷,emia,0,1,9:52.573,9:56.696,13 Mar 2023,1152,(V),-4604899140506065416,??,Yes,https://www.speedrun.com/mc/run/y4gjx4qy,9,56,696,596696,597,1,410359,1.454082888,465828,1.280936311,-0.0005,0.5621,2.929194226,27.2193,48.4207,73.5191,6.97217,,,,,,,,,,,,,,,,,,,,,,,,,,,,,,,,,,,,,,,,,,,,,,,,,,,,,,,,,,,,,,,,,,,,,,,,,,,,,,,,,,,,,
🇫🇮,Cube1337x,0,0,9:53.648,9:56.811,11 Aug 2022,1366,(U),3321772121899891075,12,Yes,https://www.youtube.com/watch?v=yMueH_YNJGs,9,56,811,596811,597,1,410359,1.454363131,517884,1.152402855,-0.0005,0.5051,1.449585123,41.1222,81.4140,73.1657,6.98145,,,,,,,,,,,,,,,,,,,,,,,,,,,,,,,,,,,,,,,,,,,,,,,,,,,,,,,,,,,,,,,,,,,,,,,,,,,,,,,,,,,,,
🇺🇸,oxidiot,0,0,9:55.037,9:56.868,09 Oct 2023,942,(U),-6457179111567451217,06,Yes,https://www.twitch.tv/videos/1947223035,9,56,868,596868,597,1,410359,1.454502034,465828,1.281305546,-0.0005,0.6244,2.93490785,30.1645,48.3114,72.9910,6.98605,,,,,,,,,,,,,,,,,,,,,,,,,,,,,,,,,,,,,,,,,,,,,,,,,,,,,,,,,,,,,,,,,,,,,,,,,,,,,,,,,,,,,
🇫🇮,AndrewCrow,0,0,9:55.082,9:56.893,07 Oct 2025,213,(U),unknown,,,https://www.youtube.com/watch?v=X6H87b0GOCI,9,56,893,596893,597,1,410359,1.454562956,410359,1.454562956,-0.0005,0.8990,6.988071794,6.5548,7.2914,72.9144,6.98807,,,,,,,,,,,,,,,,,,,,,,,,,,,,,,,,,,,,,,,,,,,,,,,,,,,,,,,,,,,,,,,,,,,,,,,,,,,,,,,,,,213,0.3804655289,27.7414247,
🇳🇴,skycrab1,0,0,9:56.902,9:56.902,04 Oct 2024,581,(U),-633820598283488717,,,https://www.youtube.com/watch?v=PI6D8MfZuDk&list=PLU3_fvoJ1GyMStiA29z37DUPtG47PvOJz&index=75,9,56,902,596902,597,1,410359,1.454584888,421494,1.416157763,-0.0005,0.7479,5.811516887,9.9003,13.2377,72.8869,6.98880,,,,,,,,,,,,,,,,,,,,,,,,,,,,,,,,,,,,,,,,,,,,,,,,,,,,,,,--,,,,,,,,,,,,,,,,,,,,,,,,,,,581,0.000000003037308426,0.0000004020694382,
🇧🇷,misfitmcsr,0,1,9:55.677,9:56.907,16 Dec 2023,874,(U),3052884545493129632,06,Yes,https://www.youtube.com/watch?v=OZaMvNf50tY,9,56,907,596907,597,1,410359,1.454597072,446254,1.337594733,-0.0005,0.6460,3.930379941,20.5925,31.8784,72.8716,6.98920,,,,,,,,,,,,,,,,,,,,,,,,,,,,,,,,,,,,,,,,,,,,,,,,,,,,,,,,,,,,,,,,,,,,,,,,,,,,,,,,,,,,,
🇨🇦,Aquacorde,0,0,9:56.926,9:56.926,27 Mar 2025,407,(U),5157843297046225006,,,https://www.youtube.com/watch?v=hGn2BSJHRhA,9,56,926,596926,597,1,410359,1.454643373,421494,1.416214703,-0.0005,0.8159,5.813124606,10.7917,13.2272,72.8135,6.99074,,,,,,,,,,,,,,,,,,,,,,,,,,,,,,,,,,,,,,,,,,,,,,,,,,,,,,,--,,,,,,,,,,,,,,,,,,,,,,,,,,,407,0.001180385381,0.1561318619,
🇹🇿,Kxpow,0,0,9:55.380,9:56.965,01 May 2024,737,(U),unknown,,,https://www.youtube.com/watch?v=nCuW5wIlqNg,9,56,965,596965,597,1,410359,1.454738412,421494,1.416307231,-0.0005,0.6918,5.815737976,9.1384,13.2101,72.6943,6.99389,,,,,,,,,,,,,,,,,,,,,,,,,,,,,,,,,,,,,,,,,,,,,,,,,,,,,,,,,,,,,,,,,,,,,,,,,,,,,,,,,,,,,
🇨🇦,NoHacsJustRoblox,0,0,9:57.026,9:57.026,17 Apr 2024,751,(U),-3757955350309369688,,,https://www.youtube.com/watch?v=P8t-qbFZ-BY,9,57,26,597026,597,0,410359,1.454887062,421494,1.416451954,-0.0005,0.6869,5.819827611,9.0564,13.1835,72.5081,6.99882,,,,,,,,,,,,,,,,,,,,,,,,,,,,,,,,,,,,,,,,,,,,,,,,,,,,,,,--,,,,,,,,,,,,,,,,,,,,,,,,,,,751,0,0,
🇿🇦,Airpodsz,0,0,9:56.613,9:57.034,28 Apr 2025,375,(U),-8896362419824518776,,,https://www.youtube.com/watch?v=cr-Z9x-EDyQ&list=PLjW0OIc7zcEcCMM5essHmBGzf92S0FzKi&index=3,9,57,34,597034,597,0,410359,1.454906557,421494,1.416470934,-0.0005,0.8290,5.820364142,10.9266,13.1800,72.4837,6.99947,,,,,,,,,,,,,,,,,,,,,,,,,,,,,,,,,,,,,,,,,,,,,,,,,,,,,,,,,,,,,,,,,,,,,,,,,,,,,,,,,,,,,
🇮🇹,drip120,0,1,9:55.892,9:57.317,03 Jul 2023,1040,(V),2452531967130653073,,Yes,https://www.speedrun.com/mc/runs/z1lg9prm,9,57,317,597317,597,0,410359,1.455596197,465828,1.282269421,-0.0005,0.5945,2.949869699,28.5524,48.0259,71.6246,7.02240,,,,,,,,,,,,,,,,,,,,,,,,,,,,,,,,,,,,,,,,,,,,,,,,,,,,,,,--,,,,,,,,,,,,,,,,,,,,,,,,,,,1040,0,0,
🇳🇴,skycrab1,0,1,9:51.461,9:57.147,11 May 2023,1093,(U),2605522184157601882,,,https://www.youtube.com/watch?v=jYU7tFrq3Kw,9,57,147,597147,597,0,410359,1.455181926,465828,1.28190448,-0.0005,0.5790,2.944196915,27.8683,48.1340,72.1399,7.00862,,,,,,,,,,,,,,,,,,,,,,,,,,,,,,,,,,,,,,,,,,,,,,,,,,,,,,,--,,,,,,,,,,,,,,,,,,,,,,,,,,,1093,0,0,
🇰🇷,dwoh,0,1,9:55.109,9:57.474,13 Apr 2023,1120.583333,(V),6418322400071711774,06,Yes,https://www.speedrun.com/mc/run/zxn1np8m,9,57,474,597474,597,0,410359,1.455978789,465828,1.282606456,-0.0005,0.5710,2.955117294,27.3678,47.9260,71.1510,7.03514,,,,,,,,,,,,,,,,,,,,,,,,,,,,,,,,,,,,,,,,,,,,,,,,,,,,,,,,,,,,,,,,,,,,,,,,,,,,,,,,,,,,,
🇺🇸,doogile,0,0,9:56.917,9:57.529,17 Oct 2023,934,(U),-5689854122444057127,,,https://www.youtube.com/watch?v=2BCjNspgecU,9,57,529,597529,598,1,410359,1.456112818,465828,1.282724525,-0.0005,0.6269,2.956957581,30.0219,47.8910,70.9856,7.03961,,,,,,,,,,,,,,,,,,,,,,,,,,,,,,,,,,,,,,,,,,,,,,,,,,,,,,,--,,,,,,,,,,,,,,,,,,,,,,,,,,,934,0,0,
🇳🇴,skycrab1,0,0,9:56.188,9:57.562,02 Jun 2024,705,(U),3940068487217196837,,,https://www.youtube.com/watch?v=iAdpF0Sqc88&list=PLU3_fvoJ1GyMStiA29z37DUPtG47PvOJz&index=26,9,57,562,597562,598,1,410359,1.456193236,421494,1.417723621,-0.0005,0.7029,5.855870733,9.1035,12.9509,70.8865,7.04230,,,,,,,,,,,,,,,,,,,,,,,,,,,,,,,,,,,,,,,,,,,,,,,,,,,,,,,--,,,,,,,,,,,,,,,,,,,,,,,,,,,705,0,0,
🇳🇴,skycrab1,0,0,9:56.329,9:57.615,29 Aug 2024,617,(U),-4480279023059321104,,,https://www.youtube.com/watch?v=c_knIEDIN0Q&list=PLU3_fvoJ1GyMStiA29z37DUPtG47PvOJz&index=60,9,57,615,597615,598,1,410359,1.456322391,421494,1.417849364,-0.0005,0.7345,5.859445251,9.4962,12.9280,70.7275,7.04661,,,,,,,,,,,,,,,,,,,,,,,,,,,,,,,,,,,,,,,,,,,,,,,,,,,,,,,--,,,,,,,,,,,,,,,,,,,,,,,,,,,617,0,0.000000008139559961,
🇹🇿,Kxpow,0,0,9:57.510,9:57.747,16 Mar 2025,418,(U),2785234047287094459,,,https://www.youtube.com/watch?v=dlgVvN9lQsA,9,57,747,597747,598,1,410359,1.45664406,421494,1.418162536,-0.0005,0.8114,5.868356097,10.4436,12.8712,70.3326,7.05735,,,,,,,,,,,,,,,,,,,,,,,,,,,,,,,,,,,,,,,,,,,,,,,,,,,,,,,,,,,,,,,,,,,,,,,,,,,,,,,,,,,,,
🇳🇴,skycrab1,0,0,9:56.538,9:57.820,14 Aug 2024,632,(U),479487356210199051,,,https://www.youtube.com/watch?v=1M8TGn4UPXE&list=PLU3_fvoJ1GyMStiA29z37DUPtG47PvOJz&index=54,9,57,820,597820,598,1,410359,1.456821953,421494,1.41833573,-0.0005,0.7291,5.873289137,9.3610,12.8398,70.1149,7.06330,,,,,,,,,,,,,,,,,,,,,,,,,,,,,,,,,,,,,,,,,,,,,,,,,,,,,,,--,,,,,,,,,,,,,,,,,,,,,,,,,,,632,0,0.000000001397664709,
🇸🇪,Crookst,0,0,9:57.002,9:57.919,08 Mar 2022,1522,(U),unknown,06,Yes,https://www.youtube.com/watch?v=vyr9SKotEcg,9,57,919,597919,598,1,410359,1.457063206,548820,1.089462848,-0.0005,0.4672,1.010871214,42.8435,91.7029,69.8204,7.07138,,,,,,,,,,,,,,,,,,,,,,,,,,,,,,,,,,,,,,,,,,,,,,,,,,,,,,,,,,,,,,,,,,,,,,,,,,,,,,,,,,,,,
🇸🇰,NoFear1337,0,0,9:54.437,9:57.999,09 Oct 2025,211,(U),unknown,,,https://www.youtube.com/watch?v=ksuzNN1cGZo,9,57,999,597999,598,1,410359,1.457258157,410359,1.457258157,-0.0005,0.8999,7.077911689,6.2616,6.9583,69.5830,7.07791,,,,,,,,,,,,,,,,,,,,,,,,,,,,,,,,,,,,,,,,,,,,,,,,,,,,,,,--,,,,,,,,,,,,,,,,,,,,,,,,,,,211,0.3908649793,27.19755673,
🇳🇴,skycrab1,0,0,9:57.276,9:58.045,20 Jun 2024,687,(U),1800265226031074073,,,https://www.youtube.com/watch?v=wnyuQs9XN68&list=PLU3_fvoJ1GyMStiA29z37DUPtG47PvOJz&index=35,9,58,45,598045,598,0,410359,1.457370254,421494,1.418869545,-0.0005,0.7093,5.88851647,9.0387,12.7434,69.4468,7.08167,,,,,,,,,,,,,,,,,,,,,,,,,,,,,,,,,,,,,,,,,,,,,,,,,,,,,,,--,,,,,,,,,,,,,,,,,,,,,,,,,,,687,0,0,
🇨🇦,sockmonkey747,0,0,8:57.801,9:58.333,25 Nov 2023,895,(U),-8427285629800657032,??,Yes,https://www.youtube.com/watch?v=3F5CGvGt_LI,9,58,333,598333,598,0,410359,1.458072078,465828,1.284450484,-0.0005,0.6392,2.98397553,30.2861,47.3795,68.5979,7.10524,,,,,,,,,,,,,,,,,,,,,,,,,,,,,,,,,,,,,,,,,,,,,,,,,,,,,,,,,,,,,,,,,,,,,,,,,,,,,,,,,,,,,
🇺🇸,meebie,0,0,9:57.945,9:58.412,03 Dec 2023,887,(U),unknown,,,https://www.youtube.com/watch?v=nh-UhStAL0s&list=PLaTJSsRuu2Ufk7cX7bUTt9V-IJxa8wqSM&index=7,9,58,412,598412,598,0,410359,1.458264593,465828,1.284620074,-0.0005,0.6418,2.986642055,30.3752,47.3292,68.3664,7.11172,,,,,,,,,,,,,,,,,,,,,,,,,,,,,,,,,,,,,,,,,,,,,,,,,,,,,,,--,,,,,,,,,,,,,,,,,,,,,,,,,,,887,0,0,
🇫🇮,Cube1337x,0,0,9:55.068,9:58.451,27 Jul 2022,1381,(U),1636443196252554241,09,Yes,https://www.youtube.com/watch?v=_NFvINz4TsM,9,58,451,598451,598,0,410359,1.458359631,548820,1.0904322,-0.0005,0.5013,1.01655953,45.9091,91.5754,68.2523,7.11492,,,,,,,,,,,,,,,,,,,,,,,,,,,,,,,,,,,,,,,,,,,,,,,,,,,,,,,,,,,,,,,,,,,,,,,,,,,,,,,,,,,,,
🇬🇧,ripfc,0,1,9:55.558,9:58.660,04 Nov 2022,1281,(X),-2253327910789881780,09,Yes,https://www.speedrun.com/mc/run/m3x8v5qm,9,58,660,598660,599,1,410359,1.458868942,517884,1.155973152,-0.0005,0.5270,1.479126926,42.5331,80.7035,67.6429,7.13208,,,,,,,,,,,,,,,,,,,,,,,,,,,,,,,,,,,,,,,,,,,,,,,,,,,,,,,,,,,,,,,,,,,,,,,,,,,,,,,,,,,,,
🇺🇸,doogile,0,0,9:56.283,9:58.776,24 Oct 2023,927,(U),-7334551745838915059,,,https://www.youtube.com/watch?v=m6JOuubXYqM,9,58,776,598776,599,1,410359,1.459151621,465828,1.285401479,-0.0005,0.6291,2.998955645,29.6280,47.0975,67.3064,7.14163,,,,,,,,,,,,,,,,,,,,,,,,,,,,,,,,,,,,,,,,,,,,,,,,,,,,,,,--,,,,,,,,,,,,,,,,,,,,,,,,,,,927,0,0,
🇺🇸,21MashedPotatoes,0,1,9:56.111,9:58.823,03 Sep 2023,978,(V),-1035469571452416469,06,Yes,https://www.speedrun.com/mc/runs/y865kpwm,9,58,823,598823,599,1,410359,1.459266155,465828,1.285502374,-0.0005,0.6132,3.000548863,28.8637,47.0675,67.1703,7.14550,,,,,,,,,,,,,,,,,,,,,,,,,,,,,,,,,,,,,,,,,,,,,,,,,,,,,,,,,,,,,,,,,,,,,,,,,,,,,,,,,,,,,
🇫🇮,Cube1337x,0,0,9:53.821,9:58.933,04 Aug 2022,1373,(U),1141273619118518696,09,Yes,https://www.youtube.com/watch?v=Et8CHmD6UpY,9,58,933,598933,599,1,410359,1.459534213,517884,1.156500297,-0.0005,0.5033,1.483535304,40.5675,80.5974,66.8527,7.15456,,,,,,,,,,,,,,,,,,,,,,,,,,,,,,,,,,,,,,,,,,,,,,,,,,,,,,,,,,,,,,,,,,,,,,,,,,,,,,,,,,,,,
🇳🇴,skycrab1,0,0,9:58.937,9:58.937,22 Jul 2025,290,(U),unknown,,,https://www.youtube.com/watch?v=GyLMFvz9RwQ&list=PLU3_fvoJ1GyMStiA29z37DUPtG47PvOJz&index=136,9,58,937,598937,599,1,410359,1.45954396,410359,1.45954396,-0.0005,0.8650,7.154890302,5.7819,6.6841,66.8412,7.15489,,,,,,,,,,,,,,,,,,,,,,,,,,,,,,,,,,,,,,,,,,,,,,,,,,,,,,,--,,,,,,,,,,,,,,,,,,,,,,,,,,,290,0.08725678115,5.832345978,
🇨🇦,Mynski,0,0,9:59.220,9:59.220,06 Nov 2023,914,(V),7446447594827026325,??,No,https://youtu.be/mlR8Lt7uwx0?si=KURJjIfR69oRZ5Gs,9,59,220,599220,599,0,410359,1.4602336,465828,1.28635462,-0.0005,0.6332,3.014036446,29.6422,46.8148,66.0289,7.17826,,,,,,,,,,,,,,,,,,,,,,,,,,,,,,,,,,,,,,,,,,,,,,,,,,,,,,,,,,,,,,,,,,,,,,,,,,,,,,,,,,,,,
🇧🇾,MiGor,0,1,9:58.953,9:59.304,09 Mar 2023,1156,(V),-9045855264029833300,,,https://www.speedrun.com/mc/runs/ywvx7j9z,9,59,304,599304,599,0,410359,1.460438299,465828,1.286534944,-0.0005,0.5610,3.016897122,26.2340,46.7613,65.7891,7.18521,,,,,,,,,,,,,,,,,,,,,,,,,,,,,,,,,,,,,,,,,,,,,,,,,,,,,,,--,,,,,,,,,,,,,,,,,,,,,,,,,,,1156,0,0,
🇨🇦,dandannyboy,0,0,9:55.330,9:59.330,25 Mar 2023,1140,(U),5058479966883990032,09,Yes,https://www.youtube.com/watch?v=hGloyYoEpBY,9,59,330,599330,599,0,410359,1.460501658,465828,1.286590759,-0.0005,0.5655,3.017783057,26.4353,46.7447,65.7150,7.18736,,,,,,,,,,,,,,,,,,,,,,,,,,,,,,,,,,,,,,,,,,,,,,,,,,,,,,,,,,,,,,,,,,,,,,,,,,,,,,,,,,,,,
🇳🇴,skycrab1,0,0,9:59.434,9:59.434,03 Feb 2025,459,(U),1510017576030083045,,,https://www.youtube.com/watch?v=2hEq9CQ2tCI&list=PLU3_fvoJ1GyMStiA29z37DUPtG47PvOJz&index=113,9,59,434,599434,599,0,410359,1.460755095,421494,1.422164966,-0.0005,0.7949,5.983284291,9.6647,12.1579,65.4193,7.19597,,,,,,,,,,,,,,,,,,,,,,,,,,,,,,,,,,,,,,,,,,,,,,,,,,,,,,,--,,,,,,,,,,,,,,,,,,,,,,,,,,,459,0.00006313357109,0.007675685434,
🇵🇱,okshey,0,0,9:58.895,9:59.567,11 Oct 2025,209,(U),unknown,,,https://www.youtube.com/watch?v=8dxPz9_7hnI,9,59,567,599567,600,1,410359,1.461079201,410359,1.461079201,-0.0005,0.9008,7.206999982,5.8589,6.5042,65.0424,7.20700,,,,,,,,,,,,,,,,,,,,,,,,,,,,,,,,,,,,,,,,,,,,,,,,,,,,,,,,,,,,,,,,,,,,,,,,,,,,,,,,,,209,0.4013453903,26.1044474,
🇺🇸,Dav1E,0,1,9:56.187,9:59.801,04 Mar 2023,1161,(V),-4842662315057252519,,,https://www.speedrun.com/mc/runs/ydglnxxy,9,59,801,599801,600,1,410359,1.461649434,465828,1.287601862,-0.0005,0.5596,3.033872091,25.9913,46.4448,64.3829,7.22644,,,,,,,,,,,,,,,,,,,,,,,,,,,,,,,,,,,,,,,,,,,,,,,,,,,,,,,--,,,,,,,,,,,,,,,,,,,,,,,,,,,1161,0,0,
🇬🇧,biased,0,1,9:59.077,9:59.852,20 Aug 2023,991.5208333,(V),-3140469198043345700,12,Yes,https://www.speedrun.com/mc/runs/z1l4jgjm,9,59,852,599852,600,1,410359,1.461773715,465828,1.287711344,-0.0005,0.6091,3.035618769,28.2701,46.4123,64.2398,7.23068,,,,,,,,,,,,,,,,,,,,,,,,,,,,,,,,,,,,,,,,,,,,,,,,,,,,,,,,,,,,,,,,,,,,,,,,,,,,,,,,,,,,,
🇹🇿,Kxpow,0,0,9:57.406,9:59.883,13 Nov 2023,907,(U),2010962759059367227,,,https://www.youtube.com/watch?v=Um24X3kHXaQ,9,59,883,599883,600,1,410359,1.461849259,465828,1.287777892,-0.0005,0.6354,3.036680911,29.4778,46.3925,64.1529,7.23326,,,,,,,,,,,,,,,,,,,,,,,,,,,,,,,,,,,,,,,,,,,,,,,,,,,,,,,,,,,,,,,,,,,,,,,,,,,,,,,,,,907,0,0,
🇧🇷,sanjinhu,0,1,9:55.617,9:59.887,16 Jun 2023,1057,(V),216474505679534839,04,Yes,https://www.speedrun.com/mc/run/mel4ee8z,9,59,887,599887,600,1,410359,1.461859006,465828,1.287786479,-0.0005,0.5895,3.036817986,27.3464,46.3900,64.1417,7.23359,,,,,,,,,,,,,,,,,,,,,,,,,,,,,,,,,,,,,,,,,,,,,,,,,,,,,,,,,,,,,,,,,,,,,,,,,,,,,,,,,,,,,
🇸🇰,NoFear1337,0,0,9:59.977,9:59.977,26 Jul 2023,1017,(U),unknown,,,https://www.youtube.com/watch?v=jIXSA_OzqEo,9,59,977,599977,600,1,410359,1.462078327,465828,1.287979683,-0.0005,0.6014,3.039903614,27.8643,46.3327,63.8900,7.24109,,,,,,,,,,,,,,,,,,,,,,,,,,,,,,,,,,,,,,,,,,,,,,,,,,,,,,,--,,,,,,,,,,,,,,,,,,,,,,,,,,,1017,0,0,
,test,0,1,9:59.977,9:59.977,01 Jan 2021,1953,,,,,,,,,,,,,,,,,,,,,,,,,,,,,,,,,,,,,,,,,,,,,,,,,,,,,,,,,,,,,,,,,,,,,,,,,,,,,--,,,,,,,,,,,,,,,,,,,,,,,,,,,1953,,,
,test,0,1,9:59.977,9:59.977,30 Dec 1899,46150,,,,,,,,,,,,,,,,,,,,,,,,,,,,,,,,,,,,,,,,,,,,,,,,,,,,,,,,,,,,,,,,,,,,,,,,,,,,,--,,,,,,,,,,,,,,,,,,,,,,,,,,,46150,,,
,,0,0,,,30 Dec 1899,,,,,,,,,,,,,,,,,,,,,,,,,,,,,,,,,,,,,,,,,,,,,,,,,,,,,,,,,,,,,,,,,,,,,,,,,,,,,,--,,,,,,,,,,,,,,,,,,,,,,,,,,,,,,
,,0,0,,,30 Dec 1899,,,,,,,,,,,,,,,,,,,,,,,,,,,,,,,,,,,,,,,,,,,,,,,,,,,,,,,,,,,,,,,,,,,,,,,,,,,,,,--,,,,,,,,,,,,,,,,,,,,,,,,,,,,,,
,,0,0,,,30 Dec 1899,,,,,,,,,,,,,,,,,,,,,,,,,,,,,,,,,,,,,,,,,,,,,,,,,,,,,,,,,,,,,,,,,,,,,,,,,,,,,,--,,,,,,,,,,,,,,,,,,,,,,,,,,,,,,
,,0,0,,,30 Dec 1899,,,,,,,,,,,,,,,,,,,,,,,,,,,,,,,,,,,,,,,,,,,,,,,,,,,,,,,,,,,,,,,,,,,,,,,,,,,,,,--,,,,,,,,,,,,,,,,,,,,,,,,,,,,,,