flag,runner_name,is_wr,is_pb,in_game_time,re_timed_time,date,days_since,src_status,seed,instances(depracated),depracated,link,minutes,seconds,milliseconds,total_milliseconds,total_seconds,rounding,current_wr,normal_time,wr_at_time,normal_time,decay,weight,k,run_score,non_weighted_run_score,current_wr_run_score,dynamic_k,blank,iron_source,has_tnt,enter_type,enter_time,enter_structure1_split,structure_1_time,structure1_type,structure1_split,structure1_exit_time,structure1_structure2_split,structure2_time,structure2_type,structure_2_split,structure2_exit,blaze_rates_string,blaze_rods_dropped,blazes_killed,blaze_rates_decimal,structure2_exit_exit1_split,rods_obtained_pre_exit1,num_exits,exit1_time,stronghold_travel_type,triangulation_split,eyes_thrown,eye_breaks,eyes_left,total_eye_loss,reenter_time,exit_2_split,stronghold_distance,<400,400-1000,1000-1500,1500-2000,200+,exit_2_time,theoretical_blind,nether_split,total_nether,total_ow2,post_blind,structure2_finish_split,structure2_exit_stronghold_split,stronghold_time,portal_room_locator_type,stronghold_split,frames_filled,frames_needed,end_enter_time,end_type,explosives_used,rotations,zero_explosivies,perch_explosives,end_spawn_type,dragon_node,dragon_location,dragon_angle,tower_height,tower,standing_height,end_split,truncated_igt,bastion_type,bastion_route,chests_checked,depracated,bastion_enter_time,bastion_enter_route_start_split,route_start_time,route_split,total_bastion_split,bastion_exit_time,obsidian,string,glowstone,arrows,pearls,crying_obsidian,days_since,elo_weight,elo,timeloss
🇺🇸,lowkey,1,1,6:48.508,6:50.359,11 Jun 2025,327,(V),-8717682453392808086,,Yes,https://www.speedrun.com/mc/runs/m7l7960y,6,50,359,410359,410,0,410359,1,421494,0.9735820676,-0.0005,0.8492,0.5035994192,860.6933,1013.5743,1000.0000,0.60000,,BT,🗙,2x1 Magma,1:39,0:23,2:02,Bridge,1:58,4:00,0:00,4:00,Fort,0:32,4:32,6/6,6,6,1.00,0:12,Yes,2,4:44,Calc,0:25,2,0,0,0,5:09,0:33,1289,0,0,1,0,0,5:42,4:44,3:05,3:38,1:12,2:04,2:48,1:10,5:42,Prempt,0:14,1,,5:56,Zero,6,4,6,--,O,B Diag,B,Diag,85,M85,99,0:52,6:48,Bridge,DK,6,DT,2:02,,,,1:58,4:00,28,82,22,40,,24,327,0.03030088679,30.71219862,"Nether enter, bastion split, stronghold distance"
🇨🇦,Jay12310,0,1,6:56.051,6:56.731,04 Feb 2026,89,(Q),6044301913007956989,,,https://www.youtube.com/watch?v=4sFehCZWJv4,6,56,731,416731,417,1,410359,1.015527867,410359,1.015527867,-0.0005,0.9565,0.6655939656,946.7163,989.7966,989.9285,0.65695,,BT,,2x1 Magma,1:08,0:28,1:36,Stables,2:00,3:36,0:03,3:39,Fort,1:38,5:28,6/12,6,12,0.50,--,No,2,4:59,Calc,0:11,1,0,1,1,5:10,0:23,739,0,1,0,0,0,5:51,5:17,4:09,4:32,0:47,1:39,3:17,0:23,5:51,Prempt,0:13,1,,6:04,Zero,5,,5,--,B57,F Diag,F,Diag,83,Small Cage,94,0:52,6:56,Stables,GAP,1,B-TST,1:36,,,,2:00,3:36,20,60,30,0,28,16,89,0.9319306285,922.4217473,"bastion split, fortress split, rates"
🇮🇹,drip120,1,1,7:00.799,7:01.494,03 Jan 2024,852,(V),8802654848425114236,15,Yes,https://www.speedrun.com/mc/run/y8ko8qny,7,1,494,421494,421,0,410359,1.027134777,446254,0.9445159035,-0.0005,0.6531,0.416697185,668.8377,1024.0714,981.3529,0.70306,,BT,,2x1 Magma,1:18,0:15,1:33,Treasure,1:38,3:11,0:21,3:32,Fort,0:58,4:57,6/9,6,9,0.67,--,No,2,4:26,Calc,0:27,1,0,0,0,4:53,0:25,821,0,1,0,0,0,5:22,4:30,3:12,3:37,1:14,2:30,3:28,0:25,5:22,Prempt,0:22,0,,5:44,Perch,5,--,--,5,O,--,--,,--,--,--,1:16,7:00,Treasure,BOOMR,4,8/12,1:33,,,,1:38,3:11,21,70,26,0,,22,852,0,0,"fort distance, perch"
🇨🇦,Aquacorde,0,1,7:08.699,7:08.699,10 Mar 2026,55,(Q),2129033182999502069,,,https://www.youtube.com/watch?v=zhRaEdGVzsQ,7,8,699,428699,429,1,410359,1.044692574,410359,1.044692574,-0.0005,0.9729,0.8093785716,939.0485,965.2307,966.5123,0.77903,,BT,✔,2x1 Magma,1:29,0:07,1:36,Housing,1:37,3:13,0:12,3:25,Fort,1:04,4:29,6/10,6,10,0.60,0:12,Yes,2,4:41,Calc,0:15,1,0,0,0,4:56,1:07,1773,0,0,0,1,0,6:03,4:41,3:12,4:19,1:39,2:27,3:43,1:34,6:03,Prempt,0:17,1,,6:20,Zero,5,,5,--,O,B 1/8,B,1/8,--,--,93,0:48,7:08,Housing,TOPD,3,--,1:36,,,,1:37,3:13,24,67,31,53,58,13,55,0.9835001388,949.3044886,"rates, terrain to sh"
🇺🇦,loodlow,0,1,7:10.076,7:11.350,21 Oct 2025,195,(V),-1058044179150873683,,Yes,https://www.speedrun.com/mc/runs/ydo05ojz,7,11,350,431350,431,0,410359,1.051152771,410359,1.051152771,-0.0005,0.9071,0.8452409672,869.6479,958.7098,960.4458,0.80897,,BT,,2x1 Magma,1:31,0:35,2:06,Housing,1:45,3:51,0:05,3:56,Fort,0:37,4:33,6/7,6,7,0.86,0:13,Yes,1,4:46,Blind,1:05,1,0,0,0,--,--,136,1,0,0,0,0,--,4:46,3:15,3:15,1:34,2:24,3:14,1:18,5:51,Prempt,0:29,0,,6:20,Zero,5,,5,--,O,B Diag,B,Diag,103,Tall Boi,95,0:50,7:10,Housing,TOPD,5,TR,2:06,,,,1:45,3:51,23,80,25,15,,32,195,0.4764047362,456.7338662,"nav, dig down"
🇨🇦,Aquacorde,0,1,7:09.181,7:12.114,16 Feb 2026,77,(Q),-6645733506759892987,,,https://www.youtube.com/watch?v=VAccioV5iEA,7,12,114,432114,432,0,410359,1.053014556,410359,1.053014556,-0.0005,0.9622,0.8558663285,920.6167,956.7515,958.6342,0.81781,,BT,,RP,1:08,0:48,1:56,Bridge,2:04,4:00,0:11,4:11,Fort,1:15,5:26,7/10,7,10,0.70,0:10,Yes,1,5:36,Blind,0:41,2,0,0,0,--,--,180,1,0,0,0,0,--,5:36,4:28,4:28,0:47,1:33,2:58,0:51,6:17,OEPR,0:06,1,,6:23,Zero,5,,5,--,O,B Diag,B,Diag,91,M91,99,0:46,7:09,Bridge,DK,4,TS,1:56,,,,2:04,4:00,18,109,19,19,24,30,77,0.9553731326,914.0547253,
🇩🇰,Bloopy,0,1,7:13.157,7:13.157,16 Oct 2025,200,(V),-5449384532227041969,,Yes,https://www.speedrun.com/mc/runs/yv535lom,7,13,157,433157,433,0,410359,1.055556232,410359,1.055556232,-0.0005,0.9048,0.8705857954,863.2329,954.0199,956.1143,0.83003,,BT,,2x1 Magma,1:03,0:24,1:27,Housing,1:49,3:16,0:12,3:28,Fort,1:14,4:42,5/9,5,9,0.56,0:15,Yes,1,4:57,Blind,1:11,1,0,0,0,--,--,587,0,1,0,0,0,--,4:57,3:54,3:54,1:23,2:16,3:45,1:26,6:08,OEPR,0:12,2,,6:20,Zero,6,,6,--,O,F Diag,F,Diag,103,Tall Boi,95,0:53,7:13,Housing,MANH,3,SINGLE,1:27,,,,1:49,3:16,18,108,43,44,,16,200,0.4493289641,428.6687885,
🇵🇱,watermelon1708,0,1,7:16.326,7:16.326,07 Dec 2025,148,(V),-3009416634026052013,,Yes,https://www.speedrun.com/mc/runs/y9wx8x2z,7,16,326,436326,436,0,410359,1.063278739,410359,1.063278739,-0.0005,0.9287,0.9168588966,877.8707,945.2971,948.1210,0.86825,,BT,,2x1 Magma,1:24,0:05,1:29,Bridge,1:59,3:28,0:15,3:43,Fort,1:42,5:45,6/14,6,14,0.43,--,No,2,5:17,Calc,0:20,1,0,0,0,5:37,0:25,671,0,1,0,0,0,6:10,5:25,4:01,4:26,1:01,1:50,3:32,0:25,6:10,Prempt,0:16,2,,6:26,Zero,6,,6,--,O,F Diag,F,Diag,91,M91,99,0:49,7:15,Bridge,SOOG,4,RT,1:29,,,,1:59,3:28,21,128,60,12,32,49,148,0.7231206475,683.5638768,
🇳🇴,skycrab1,0,1,7:16.474,7:16.560,02 Jan 2026,122,(Q),-8753882162041693203,,Yes,https://youtu.be/RLqLbCwTQWM?si=OdjKGudQYJtaeVd_,7,16,560,436560,437,1,410359,1.063848971,410359,1.063848971,-0.0005,0.9408,0.9203701089,888.7273,944.6273,947.5103,0.87113,,BT,,2x1 Magma,1:47,0:16,2:03,Treasure,1:40,3:43,0:29,4:12,Fort,0:58,5:25,6/9,6,9,0.67,--,No,2,4:56,Calc,0:15,1,0,0,0,5:11,0:30,1066,0,0,1,0,0,5:55,5:10,3:23,3:53,1:14,2:04,3:02,0:30,5:55,Prempt,0:29,3,,6:24,Zero,6,,6,--,O,F Diag,F,Diag,88,M88,99,0:50,7:14,Treasure,BOOMR,4,--,2:03,,,,1:40,3:43,22,110,45,31,29,21,122,0.8339475236,787.7695596,
🇵🇱,okshey,0,1,7:21.820,7:21.820,22 Mar 2026,43,(Q),todo,,,https://www.youtube.com/watch?v=LP5nP_U9eQ0,7,21,820,441820,442,1,410359,1.076667016,410359,1.076667016,-0.0005,0.9787,1.002861787,908.8442,928.5959,933.0165,0.93857,,BT,✔,2x1 Magma,1:13,0:27,1:40,Treasure,1:50,3:30,0:13,3:43,Fort,1:32,5:15,6/11,6,11,0.55,0:11,Yes,2,5:26,Calc,0:19,1,0,0,0,5:45,0:23,558,0,1,0,0,0,6:08,5:26,4:13,4:36,1:07,1:55,3:38,0:53,6:08,Prempt,0:25,1,0,6:33,Zero,5,3,5,--,B58,F Diag,F,Diag,86,Tall Cage,95,0:48,7:21,Treasure,BOOMR,4,--,1:40,,,,1:50,3:30,20,79,58,36,23,29,43,0.9920808232,921.2422263,
🇨🇦,NoHacsJustRoblox,0,1,7:21.808,7:22.283,29 Apr 2024,735,(V),8722833245086318634,,Yes,https://www.speedrun.com/mc/runs/z58ewkez,7,22,283,442283,442,0,410359,1.077795296,421494,1.049322173,-0.0005,0.6925,0.8349212482,665.1805,960.6004,931.6689,0.94474,,BT,,2x1 Magma,1:13,0:25,1:38,Bridge,1:40,3:18,0:24,3:42,Fort,0:59,4:41,6/9,6,9,0.67,0:02,Yes,2,4:39,Calc,0:14,1,0,1,1,4:53,0:41,1939,0,0,0,1,0,5:34,4:39,3:26,4:07,1:16,2:42,3:39,0:53,5:34,Prempt,0:21,1,,5:55,F.PC,4,--,--,4,B57,--,--,,--,--,--,1:26,7:21,Bridge,OLD,3,--,1:38,,,,1:40,3:18,24,49,35,0,,11,735,0,0,
🇳🇴,skycrab1,0,1,7:22.684,7:23.784,19 Apr 2024,745,(V),6338107534563615641,,Yes,https://www.speedrun.com/mc/runs/mew18n2m,7,23,784,443784,444,1,410359,1.081453069,421494,1.052883315,-0.0005,0.6890,0.8551130093,659.3070,956.8908,927.2185,0.96502,,BT,,1x1 Magma,1:49,0:05,1:54,Housing,1:51,3:45,0:26,4:11,Fort,0:30,4:41,6/7,6,7,0.86,0:09,Yes,2,4:50,Calc,0:25,1,0,0,0,5:15,0:55,1439,0,0,1,0,0,6:10,4:50,3:01,3:56,1:38,2:32,3:11,1:29,6:10,Prempt,0:18,2,,6:28,Zero,7,,7,--,O,F Diag,F,Diag,94,T94,99,0:54,7:22,Housing,MANJ,5,DT,1:54,,,,1:51,3:45,21,57,56,0,,38,745,0,0,
🇨🇦,Aquacorde,0,1,7:24.170,7:24.170,16 Oct 2025,200,(V),-1813865513517318496,,Yes,https://www.speedrun.com/mc/runs/ydo6pewz,7,24,170,444170,444,0,410359,1.082393709,410359,1.082393709,-0.0005,0.9048,1.042002552,833.1842,920.8109,926.0536,0.97030,,BT,,2x1 Magma,1:16,0:38,1:54,Housing,1:43,3:37,0:39,4:16,Fort,1:03,5:41,6/8,6,8,0.75,--,No,2,5:11,Calc,0:22,2,0,0,0,5:33,0:34,867,0,1,0,0,0,6:15,5:19,4:03,4:37,1:17,2:05,3:08,0:34,6:15,Prempt,0:21,1,,6:36,Zero,5,,5,--,H,F Diag,F,Diag,86,Tall Cage,99,0:48,7:24,Housing,TOPD,3,--,1:54,,,,1:43,3:37,27,75,18,46,,26,200,0.4493289641,413.7470273,
🇸🇰,NoFear1337,1,1,7:24.504,7:26.254,08 Dec 2023,878,(V),-8415980398606239765,12,Yes,https://www.speedrun.com/mc/run/m7308v9y,7,26,254,446254,446,0,410359,1.087472189,465828,0.9579801987,-0.0005,0.6447,0.4546682102,657.3873,1019.7098,919.6189,0.99928,,BT,,RP,1:39,0:33,2:12,Treasure,1:50,4:02,0:19,4:21,Fort,0:34,4:55,5/6,5,6,0.83,0:06,Yes,2,5:01,HP,0:36,2,0,0,0,5:37,0:36,1489,0,0,1,0,0,6:13,5:01,3:22,3:58,1:28,2:23,3:03,1:18,6:13,Prempt,0:16,4,,6:29,Zero,6,,6,--,O,F Diag,F,Diag,85,M85,95,0:55,7:24,Treasure,BOOMR,4,8/10,2:12,,,,1:50,4:02,10,121,55,25,44,26,878,0,0,
🇳🇴,skycrab1,0,0,7:27.923,7:27.923,20 Mar 2026,45,(U),-5301700605608362807,,,https://www.youtube.com/watch?v=gd8ToSBA6yY,7,27,923,447923,448,1,410359,1.091539359,410359,1.091539359,-0.0005,0.9778,1.107593153,887.3525,907.5443,914.2861,1.02309,,BT,🗙,2x1 Magma,1:35,0:50,2:25,Treasure,1:40,4:05,0:15,4:20,Fort,0:31,4:51,6/7,6,7,0.86,0:11,Yes,2,5:02,Calc,0:10,1,1,0,1,5:12,1:07,1745,0,0,0,1,0,6:19,5:02,3:27,4:34,1:39,2:25,3:07,1:28,6:19,Prempt,0:22,1,1,6:41,Zero,5,,5,--,O,B Diag,B,Diag,91,M91,99,0:46,7:27,Treasure,BOOMR,4,10/15,2:25,,,,1:40,4:05,18,112,11,25,39,31,45,0.990928893,899.3118419,
🇫🇮,AndrewCrow,0,1,7:28.358,7:28.874,17 Feb 2026,76,(Q),todo,,,https://www.youtube.com/watch?v=RNTNMHEVNBo,7,28,874,448874,449,1,410359,1.093856842,410359,1.093856842,-0.0005,0.9627,1.1248349,870.3074,904.0155,911.1751,1.03690,,BT,,2x1 Magma,1:25,0:36,2:01,Bridge,1:53,3:54,0:13,4:07,Fort,0:52,4:59,6/7,6,7,0.86,0:09,Yes,2,5:08,Calc,0:30,1,0,0,0,5:38,0:44,1131,0,0,1,0,0,6:22,5:08,3:43,4:27,1:26,2:20,3:21,1:23,6:22,PR,0:12,2,,6:34,Zero,7,,7,--,O,F Diag,F,Diag,91,M91,99,0:54,7:28,Bridge,CRKSMK,3,--,2:01,,,,1:53,3:54,29,94,36,26,32,27,76,0.9570519546,865.1898147,
🇨🇦,Jay12310,0,1,7:28.256,7:29.121,02 Aug 2024,640,(V),-6421260664080147265,,Yes,https://www.speedrun.com/mc/runs/y8prdrxz,7,29,121,449121,449,0,410359,1.094458754,421494,1.065545417,-0.0005,0.7261,0.9308942016,684.4775,942.6130,910.3585,1.04052,,BT,,2x1 Magma,1:48,0:28,2:16,Fort,0:37,2:53,0:20,3:13,Housing,1:38,5:08,5/6,5,6,0.83,--,No,2,4:23,Calc,0:17,1,0,0,0,4:40,0:42,600,0,1,0,0,0,5:50,4:51,3:03,3:45,1:42,2:37,4:15,0:42,5:50,Prempt,0:43,3,,6:33,Zero,6,,6,--,O,F Diag,F,Diag,86,Tall Cage,95,0:55,7:28,Housing,MANH,3,--,3:13,,,,1:55,5:08,22,70,19,0,14,22,640,0,0.00000000388654903,
🇩🇪,jason_n,0,1,7:29.374,7:29.374,06 Oct 2024,575,(V),-4936383011000236174,,Yes,https://www.speedrun.com/mc/runs/znxxp6vy,7,29,374,449374,449,0,410359,1.095075288,421494,1.066145663,-0.0005,0.7501,0.9346460844,706.5481,941.8926,909.5182,1.04423,,BT,,Lava Pool,1:26,1:00,2:26,Stables,1:20,3:46,0:13,3:59,Fort,1:12,5:28,6/9,6,9,0.67,--,No,2,5:06,Calc,0:17,1,0,0,0,5:23,0:23,349,1,0,0,0,0,5:51,5:11,3:45,4:08,1:26,2:18,3:30,0:31,5:59,Prempt,0:38,1,,6:37,Zero,5,,5,--,H,F Diag,F,Diag,88,M88,95,0:52,7:29,Stables,DBTRPL,6,--,2:26,,,,1:20,3:46,21,63,6,0,52,17,575,0.000000005541849761,0.000005219827169,
🇫🇮,sadekeppi,0,1,7:29.931,7:29.931,02 Apr 2025,397,(V),6582471955859004032,,Yes,https://www.speedrun.com/mc/runs/z5l4r5gy,7,29,931,449931,450,1,410359,1.096432636,421494,1.067467153,-0.0005,0.8200,0.9429584429,771.0018,940.2923,907.6551,1.05245,,BT,,2x1 Magma,1:23,0:31,1:54,Housing,1:46,3:40,0:19,3:59,Fort,0:51,4:50,6/7,6,7,0.86,0:10,Yes,2,5:00,Calc,0:44,1,0,0,0,5:44,0:25,583,0,1,0,0,0,6:09,5:00,3:37,4:02,1:38,2:29,3:30,1:19,6:09,Prempt,0:29,1,,6:38,Zero,6,,6,--,O,F Diag,F,Diag,91,M91,99,0:51,7:29,Housing,MANH,5,--,1:54,,,,1:46,3:40,40,57,8,14,23,1,397,0.001916839966,1.802389803,
🇺🇸,doogile,0,1,7:29.752,7:30.439,12 Dec 2023,874,(V),-8404662731985464270,18,Yes,https://www.speedrun.com/mc/runs/m3kq8ddy,7,30,439,450439,450,0,410359,1.097670576,446254,1.009378067,-0.0005,0.6460,0.6387669095,642.1313,994.0553,905.9399,1.06001,,SH,,RP,1:46,0:35,2:21,Housing,1:28,3:49,0:31,4:20,Fort,0:31,4:51,5/7,5,7,0.71,0:12,Yes,2,5:03,HP,0:27,1,0,0,0,5:30,0:35,1102,0,0,1,0,0,6:05,5:03,3:17,3:52,1:12,2:26,3:09,1:14,6:05,Prempt,0:10,2,,6:15,F.Zero,5,--,--,5,B56,F Diag,F,Diag,91,M91,--,1:14,7:29,Housing,MANH,3,--,2:21,,,,1:28,3:49,17,68,15,25,33,21,874,0,0,
🇵🇱,watermelon1708,0,1,7:30.263,7:30.682,04 Dec 2025,151,(U),-8027616666562891938,,Yes,https://www.youtube.com/watch?v=zaVHr65a7Uk&list=PLZ59bMb0zBUSR6W9smbN1LDkQJlGfPEUk&index=4,7,30,682,450682,451,1,410359,1.098262741,410359,1.098262741,-0.0005,0.9273,1.158327315,831.8779,897.1165,905.1140,1.06364,,BT,,2x1 Magma,1:12,0:57,2:09,Housing,1:34,3:43,0:10,3:53,Fort,1:34,5:40,5/9,5,9,0.56,--,No,2,5:13,Calc,0:13,1,0,1,1,5:26,0:37,1450,0,0,1,0,0,6:17,5:27,4:15,4:52,1:12,2:03,3:37,0:37,6:17,Prempt,0:22,1,,6:39,Zero,5,,5,--,H,F Diag,F,Diag,85,M85,95,0:51,7:30,Housing,TOPD,5,DBTRPL,2:09,,,,1:34,3:43,24,57,65,42,19,32,151,0.708719754,635.8041767,
🇺🇸,itsnahan,0,1,7:32.783,7:32.783,04 Jun 2025,334,(V),4115833317145621618,,Yes,https://www.speedrun.com/mc/runs/zqp1639m,7,32,783,452783,453,1,410359,1.103382648,421494,1.07423356,-0.0005,0.8462,0.9866653382,788.4766,931.7856,897.8264,1.09553,,BT,,Lava Pool,1:31,0:10,1:41,Bridge,1:58,3:39,0:14,3:53,Fort,1:07,5:00,5/11,5,11,0.45,0:17,Yes,2,5:17,Calc,0:36,1,0,0,0,5:53,0:29,unknown,0,0,0,0,0,6:22,5:17,3:46,4:15,1:23,2:15,3:39,1:22,6:22,Prempt,0:18,2,,6:40,Zero,6,,6,--,O,B Diag,B,Diag,85,M85,95,0:52,7:32,Bridge,SOOG,3,DT,1:41,,,,1:58,3:39,24,101,40,32,30,30,334,0.02408971242,22.44644614,
🇳🇴,skycrab1,0,0,7:25.567,7:32.827,19 Aug 2024,623,(U),4927231128345776418,,Yes,https://www.youtube.com/watch?v=87ruBPBpgbg&list=PLU3_fvoJ1GyMStiA29z37DUPtG47PvOJz&index=57,7,32,827,452827,453,1,410359,1.103489871,421494,1.07433795,-0.0005,0.7323,0.987354879,682.2918,931.6502,897.6709,1.09620,,BT,,2x1 Magma,1:13,0:37,1:50,Bridge,1:59,3:49,0:14,4:03,Fort,0:45,4:48,6/11,6,11,0.55,0:10,Yes,2,4:58,Calc,0:19,1,0,0,0,5:17,0:45,1485,0,0,1,0,0,6:02,4:58,3:45,4:30,1:28,2:27,3:22,1:14,6:02,Prempt,0:24,2,,6:26,Zero,6,,6,--,O,B Diag,B,Diag,76,Small Boi,90,0:59,7:25,Bridge,OLD,6,DT,1:50,1:33,,,1:59,3:49,20,135,72,0,35,29,623,0,0.00000002936450165,
🇸🇰,NoFear1337,0,0,7:29.999,7:32.999,21 Jan 2024,834,(U),1330456095954625394,,Yes,https://www.youtube.com/watch?v=u1WAriPLZMQ,7,32,999,452999,453,1,410359,1.103909016,421494,1.074746022,-0.0005,0.6590,0.9900548611,613.6273,931.1197,897.0621,1.09886,,BT,,2x1 Magma,1:23,0:13,1:36,Housing,1:00,2:36,0:15,2:51,Fort,1:52,5:10,6/12,6,12,0.50,--,No,2,3:42,Calc,0:27,1,0,0,0,4:09,0:33,198,1,0,0,0,0,5:43,4:43,3:20,3:53,1:19,2:46,4:38,0:33,5:43,Prempt,0:19,1,,6:02,Perch,4,--,--,4,B58,--,--,,--,--,--,1:27,7:29,Housing,MANH,3,--,1:36,,,,1:00,2:36,20,56,0,0,17,8,834,0,0,
🇵🇱,kazzruns,0,1,7:33.804,7:33.804,24 Jul 2025,284,(V),-5890829594904468442,,Yes,https://www.speedrun.com/mc/runs/yjqo30nm,7,33,804,453804,454,1,410359,1.105870713,410359,1.105870713,-0.0005,0.8676,1.21841983,767.5027,884.6057,894.1889,1.11135,,BT,,2x1 Magma,1:13,0:14,1:27,Stables,1:39,3:06,0:09,3:15,Fort,1:23,5:01,6/8,6,8,0.75,--,No,2,4:20,Calc,0:23,2,1,1,2,4:43,1:13,2302,0,0,0,0,1,6:14,4:38,3:25,4:38,1:56,2:55,4:18,1:13,6:14,Prempt,0:20,2,,6:34,Perch,5,--,--,5,O,--,--,,--,--,--,0:59,7:33,Stables,DBTRPL,7,TTD,1:27,,,,1:39,3:06,20,72,20,33,17,13,284,0.1012026436,89.52443777,
🇨🇦,Aquacorde,0,0,7:34.421,7:34.056,03 Mar 2026,62,(U),6573117783169949946,,,https://www.youtube.com/watch?v=l__1dhyvdjw,7,34,56,454056,454,0,410359,1.10648481,410359,1.10648481,-0.0005,0.9695,1.223398018,856.5921,883.5624,893.2814,1.11529,,BT,✔,Lava Pool,1:01,0:16,1:17,Housing,1:24,2:41,1:04,3:45,Fort,2:03,6:05,5/12,5,12,0.42,--,No,2,4:42,Calc,0:17,1,0,0,0,4:59,0:32,333,1,0,0,0,0,6:37,5:48,4:47,5:19,1:02,1:46,3:49,0:32,6:37,Prempt,0:13,3,,6:50,Zero,4,2,4,--,O,F Diag,F,Diag,88,M88,99,0:44,7:34,Housing,MANH,3,--,1:17,,,,1:24,2:41,23,31,44,26,47,23,62,0.9764489584,862.7535652,
🇺🇸,Feinberg,0,1,7:34.367,7:34.367,28 Apr 2026,6,(Q),todo,,,https://www.youtube.com/watch?v=iOWwIieY6C4,7,34,367,454367,454,0,410359,1.107242683,410359,1.107242683,-0.0005,0.9970,1.229568454,879.6250,882.2678,892.1560,1.12016,,BT,✔,2x1 Magma,1:34,0:34,2:08,Housing,1:46,3:54,0:27,4:21,Fort,1:11,6:06,6/11,6,11,0.55,--,No,2,5:21,Calc,0:34,2,0,0,0,5:55,0:24,1381,0,0,1,0,0,6:30,5:32,3:58,4:22,1:15,2:02,3:13,0:24,6:30,Prempt,0:17,1,0,6:47,Zero,5,3,5,--,O,B Diag,B,Diag,91,M91,99,0:47,7:34,Housing,TOPD,3,--,2:08,0:06,2:14,1:40,1:46,3:54,28,88,64,12,33,23,6,0.9999784002,882.248736,
🇺🇸,itsnahan,0,0,7:34.447,7:34.546,19 Dec 2025,136,(U),-7173684177694873982,,Yes,https://www.youtube.com/watch?v=1_O9cZzkKpk,7,34,546,454546,455,1,410359,1.107678886,410359,1.107678886,-0.0005,0.9343,1.233133357,823.5685,881.5192,891.5057,1.12298,,BT,,2x1 Magma,1:24,0:34,1:58,Housing,1:45,3:43,0:04,3:47,Fort,1:53,5:56,6/7,6,7,0.86,--,No,2,5:07,Calc,0:16,1,0,0,0,5:23,0:24,unknown,0,0,0,0,0,6:20,5:40,4:16,4:40,1:02,1:54,3:47,0:24,6:20,Prempt,0:22,1,,6:42,Zero,6,,6,--,O,F 1/8,F,1/8,--,--,92,0:52,7:34,Housing,TOPD,8,DBTRPL,1:58,,,,1:45,3:43,35,128,49,25,26,14,136,0.7775979983,685.4675499,
🇦🇿,KenanKardes,0,1,7:35.447,7:34.838,13 Sep 2024,598,(V),5361864572335160821,,Yes,https://www.speedrun.com/mc/runs/zx0e765z,7,34,838,454838,455,1,410359,1.108390458,421494,1.079109074,-0.0005,0.7416,1.019375147,686.1830,925.3244,890.4405,1.12759,,BT,✔,2x1 Magma,1:37,0:52,2:29,Housing,1:14,3:43,0:15,3:58,Fort,1:38,5:48,6/9,6,9,0.67,--,No,2,5:17,Calc,0:12,1,1,0,1,5:29,0:28,895,0,1,0,0,0,6:16,5:36,3:59,4:27,1:12,1:59,3:37,0:28,6:16,Prempt,0:32,1,,6:48,Zero,4,2,4,--,B56,F Diag,F,Diag,91,M91,95,0:47,7:35,Housing,MANH,3,DBTRPL,2:29,,,,1:14,3:43,20,79,54,27,34,19,598,0.0000000005161007075,0.0000004775605724,
🇵🇱,watermelon1708,0,0,7:35.875,7:35.875,21 Feb 2026,72,(U),unknown,,,https://www.youtube.com/watch?v=3E-mIUUQVAU,7,35,875,455875,456,1,410359,1.110917514,410359,1.110917514,-0.0005,0.9646,1.259910587,844.9099,875.8808,886.6156,1.14410,,BT,🗙,2x1 Magma,1:36,0:19,1:55,Housing,1:39,3:34,0:36,4:10,Fort,1:17,5:27,6/11,6,11,0.55,0:05,Yes,2,5:32,Calc,0:39,1,0,0,0,6:11,0:20,349,1,0,0,0,0,6:31,5:32,3:56,4:16,1:15,2:03,3:25,1:04,6:31,Prempt,0:16,2,0,6:47,Zero,6,3,6,--,O,B 1/8,B,1/8,--,--,93,0:48,7:35,Housing,MANH,4,,1:55,,,,1:39,3:34,26,139,28,8,54,25,72,0.9633631842,843.7913032,
🇩🇪,jason_n,0,0,7:36.562,7:36.562,27 Dec 2025,128,(U),5101166286806026119,,Yes,https://www.youtube.com/watch?v=PIIJU2GwFP4&list=PLZ59bMb0zBUSR6W9smbN1LDkQJlGfPEUk&index=1,7,36,562,456562,457,1,410359,1.112591658,410359,1.112591658,-0.0005,0.9380,1.273968375,818.7943,872.9104,884.0452,1.15517,,BT,,2x1 Magma,1:20,0:32,1:52,Housing,1:39,3:31,0:03,3:34,Fort,0:26,4:00,5/6,5,6,0.83,0:23,Yes,2,4:23,HP,0:36,1,0,0,0,4:59,0:32,1611,0,0,0,1,0,5:31,4:23,3:03,3:35,1:36,3:13,4:02,1:31,5:31,Prempt,0:28,2,,5:59,F.Zero,5,--,--,5,O,B Diag,B,Diag,97,T97(F),--,1:37,7:36,Housing,MANH,3,N/A,1:52,,,,1:39,3:31,13,52,48,35,32,24,128,0.8108151332,707.7689451,
🇩🇪,jason_n,0,0,7:38.273,7:38.273,12 Nov 2025,173,(U),2886416364403862215,,Yes,https://www.youtube.com/watch?v=bA3Sck4VKWw,7,38,273,458273,458,0,410359,1.116761177,410359,1.116761177,-0.0005,0.9171,1.309629773,793.6395,865.3459,877.5166,1.18316,,BT,✔,2x1 Magma,1:13,0:39,1:52,Treasure,2:03,3:55,0:14,4:09,Fort,1:11,5:20,7/8,7,8,0.88,0:07,Yes,1,5:27,Blind,0:49,1,0,1,1,--,--,243,1,0,0,0,0,--,5:27,4:14,4:14,1:20,2:11,3:29,0:56,6:16,Prempt,0:31,1,0,6:47,Zero,6,4,6,--,O,B Diag,B,Diag,91,M91,99,0:51,7:38,Treasure,NEW,4,--,1:52,,,,2:03,3:55,16,140,64,15,32,38,173,0.5958467952,515.6135961,
🇩🇰,Bloopy,0,1,7:35.809,7:38.482,28 Nov 2024,522,(V),-7640184333545180122,,Yes,https://www.speedrun.com/mc/runs/zxj96rqy,7,38,482,458482,458,0,410359,1.117270488,421494,1.087754511,-0.0005,0.7703,1.079979858,703.3905,913.1610,876.7066,1.18662,,BT,✔,Lava Pool,1:21,0:00,1:21,Stables,2:06,3:27,0:12,3:39,Fort,1:33,5:45,6/8,6,8,0.75,--,No,2,5:02,Calc,0:33,1,0,0,0,5:35,0:43,965,0,1,0,0,0,6:28,5:12,3:51,4:34,1:31,2:23,3:56,0:43,6:28,Prempt,0:15,2,0,6:43,Perch,4,,--,4,B57,B Diag,B,Diag,--,--,--,0:52,7:35,Stables,DBTRPL,6,--,1:21,,,,2:06,3:27,39,99,56,0,19,28,522,0.000000664876319,0.000607139147,
🇮🇱,orachi,0,1,7:36.656,7:38.738,17 Apr 2026,17,(Q),1736164389740735086,,,https://youtu.be/OYGFbW4afPw?si=is-E-XG_ij3QA938,7,38,738,458738,459,1,410359,1.117894332,410359,1.117894332,-0.0005,0.9915,1.319483803,855.9423,863.2488,875.7108,1.19088,,BT,✔,Cave Lava,1:39,0:33,2:12,Housing,01:47,3:59,0:26,4:25,Fort,1:06,5:31,7/8,7,8,0.88,0:15,Yes,2,5:46,Calc,0:11,1,0,1,1,5:57,0:28,695,0,1,0,0,0,6:25,5:46,4:07,4:35,1:02,1:50,3:11,0:54,6:25,Prempt,0:23,2,0,6:48,Zero,5,4,5,--,O,B Diag,B,Diag,94,T94,99,0:48,7:36,Housing,MANH,4,--,2:12,0:12,2:24,1:35,1:47,3:59,21,46,64,39,48,29,17,0.9995088207,862.8248014,
🇳🇴,skycrab1,0,0,7:39.667,7:39.667,08 Mar 2026,57,(U),488777781406333665,,,https://www.youtube.com/watch?v=bCf8wapBEIU,7,39,667,459667,460,1,410359,1.120158203,410359,1.120158203,-0.0005,0.9719,1.339381225,834.8698,859.0059,872.0627,1.20643,,BT,✔,2x1 Magma,1:16,0:53,2:09,Housing,01:39,3:48,0:18,4:06,Fort,1:20,5:39,6/8,6,8,0.75,--,No,2,5:21,Calc,0:13,1,0,0,0,5:34,0:31,755,0,1,0,0,0,6:10,5:26,4:10,4:41,1:28,2:13,3:33,0:31,6:10,Prempt,0:44,1,0,6:54,Zero,5,3,5,--,H,F Diag,F,Diag,91,M91,99,0:45,7:39,Housing,TOPD,5,--,2:09,,,,1:39,3:48,20,130,34,34,32,33,57,0.9816511285,843.244109,
🇺🇸,Infume,0,1,7:39.778,7:39.778,06 Jun 2025,332,(Q),-8467677866844055286,,,https://www.youtube.com/watch?v=UnKMvsVNbYU,7,39,778,459778,460,1,410359,1.120428698,421494,1.090829288,-0.0005,0.8470,1.102361378,769.6362,908.6118,871.6232,1.20831,,BT,✔,2x1 Magma,1:08,0:38,1:46,Treasure,01:44,3:30,0:29,3:59,Fort,1:28,5:58,6/8,6,8,0.75,--,No,2,5:21,Calc,0:31,1,0,0,0,5:52,0:34,610,0,1,0,0,0,6:32,5:27,4:19,4:53,1:26,2:12,3:40,0:34,6:32,Prempt,0:21,0,0,6:53,Zero,4,2,4,--,H,B 1/8,B,1/8,--,--,92,0:46,7:39,Treasure,BOOMR,4,--,1:46,,,,1:44,3:30,29,100,28,24,31,25,332,0.02574700936,23.39403654,
🇺🇸,doogile,0,0,7:38.813,7:40.190,19 Oct 2025,197,(U),-6371149676202072948,,Yes,https://www.youtube.com/watch?v=HUv4d3f0b0Y,7,40,190,460190,460,0,410359,1.121432697,410359,1.121432697,-0.0005,0.9062,1.350707399,776.2345,856.5860,869.9850,1.21528,,BT,🗙,2x1 Magma,1:17,0:32,1:49,Treasure,02:25,4:14,0:11,4:25,Fort,0:40,5:05,5/7,5,7,0.71,0:11,Yes,2,5:16,Blind,0:43,1,0,0,0,--,--,269,1,0,0,0,0,--,5:16,3:59,3:59,0:46,2:22,3:13,0:54,5:59,OEPR,0:03,2,2,6:02,Perch,3,--,--,3,H,--,--,,--,--,--,1:36,7:38,Treasure,BOOMR,5,--,1:49,,,,2:25,4:14,17,15,40,28,37,28,197,0.4655492908,398.7829856,
🇳🇴,skycrab1,0,0,7:39.953,7:41.343,19 Dec 2025,136,(U),9053135870907266934,,Yes,https://www.youtube.com/watch?v=9YRVwmSP0e4&list=PLU3_fvoJ1GyMStiA29z37DUPtG47PvOJz&index=162,7,41,343,461343,461,0,410359,1.124242432,410359,1.124242432,-0.0005,0.9343,1.375997387,795.2154,851.1710,865.3439,1.23498,,BT,✔,2x1 Magma,1:31,0:34,2:05,Bridge,02:04,4:09,0:13,4:22,Fort,1:37,6:14,5/13,5,13,0.38,--,No,2,5:39,Calc,0:15,1,0,0,0,5:54,0:16,692,0,1,0,0,0,6:30,5:59,4:28,4:44,0:45,1:40,3:17,0:16,6:30,Prempt,0:14,3,2,6:44,Zero,6,6,6,--,H,F Diag,F,Diag,85,M85,94,0:55,7:39,Bridge,DK,3,--,2:05,,,,2:04,4:09,31,194,43,0,19,55,136,0.7775979983,661.8688538,
🇹🇿,Kxpow,0,1,7:41.490,7:41.490,05 Oct 2025,211,(V),3413784149860051440,,Yes,https://www.speedrun.com/mc/runs/y2rqdr6m,7,41,490,461490,461,0,410359,1.124600655,410359,1.124600655,-0.0005,0.8999,1.379253636,765.3187,850.4727,864.7462,1.23752,,BT,✔,Cave Lava,1:39,0:23,2:02,Stables,01:48,3:50,0:39,4:29,Fort,0:54,5:48,6/7,6,7,0.86,--,No,2,5:15,Calc,0:25,1,0,0,0,5:40,0:39,1383,0,0,1,0,0,6:27,5:23,3:44,4:23,1:27,2:18,3:12,0:39,6:27,Prempt,0:23,1,0,6:50,Zero,5,4,5,--,O,B Diag,B,Diag,85,M85,95,0:51,7:41,Stables,GAP,3,--,2:02,,,,1:48,3:50,21,64,11,14,42,14,211,0.3908649793,332.419985,
🇿🇦,Airpodsz,0,1,7:43.320,7:43.320,20 Mar 2026,45,(Q),253105556005796161,,,https://www.youtube.com/watch?v=oivHIFg_uFM,7,43,320,463320,463,0,410359,1.129060164,410359,1.129060164,-0.0005,0.9778,1.42040355,822.9034,841.6286,857.1901,1.26947,,BT,✔,2x1 Magma,1:29,0:40,2:09,Bridge,02:14,4:23,0:15,4:38,Fort,0:49,5:27,5/6,5,6,0.83,0:10,Yes,1,5:37,Blind,0:50,1,0,0,0,--,--,109,1,0,0,0,0,--,5:37,4:08,4:08,1:17,2:06,3:05,1:00,6:27,Prempt,0:27,2,2,6:54,Zero,5,3,5,--,O,B Diag,B,Diag,86,Tall Cage,95,0:49,7:43,Bridge,CRKSMK,3,DBTRPL,2:09,0:43,2:52,1:31,2:14,4:23,21,69,53,11,49,35,45,0.990928893,833.9940593,
🇬🇧,priffie,0,1,7:43.529,7:43.909,24 Oct 2024,557,(V),-3978494106932821584,,Yes,https://www.speedrun.com/mc/runs/y6e87kpz,7,43,909,463909,464,1,410359,1.130495493,421494,1.100630139,-0.0005,0.7569,1.176716119,676.1591,893.3053,854.7129,1.27992,,BT,✔,Cave Lava,1:23,0:38,2:01,Stables,01:42,3:43,0:18,4:01,Fort,0:56,4:57,6/10,6,10,0.60,0:15,Yes,1,5:12,Blind,0:40,1,0,0,0,--,--,90,1,0,0,0,0,6:27,5:12,3:49,3:49,1:39,2:31,3:42,0:55,5:52,Prempt,0:59,0,0,6:51,Zero,5,4,5,--,O,F Diag,F,Diag,85,M85,95,0:52,7:43,Stables,DBTRPL,8,DBTRPL,2:01,0:26,2:27,1:16,1:42,3:43,14,107,40,39,27,18,557,0.0000000312617885,0.00002792632015,
🇩🇰,Bloopy,0,0,7:44.248,7:44.248,07 Mar 2026,58,(U),-7077016121021295276,,,https://www.youtube.com/watch?v=1gyyI3VzVgg,7,44,248,464248,464,0,410359,1.131321599,410359,1.131321599,-0.0005,0.9714,1.441709928,813.1111,837.0365,853.2771,1.28597,,BT,✔,2x1 Magma,1:32,0:39,2:11,Housing,01:25,3:36,0:07,3:43,Fort,1:06,4:49,6/7,6,7,0.86,0:11,Yes,2,5:00,Calc,0:32,2,0,0,0,5:32,0:38,1522,0,0,0,1,0,6:10,5:00,3:28,4:06,1:53,2:44,4:01,1:21,6:10,Prempt,0:43,0,0,6:53,Zero,5,4,5,--,O,F Diag,F,Diag,85,M85,95,0:51,7:44,Housing,MANH,5,RUIN,2:11,0:09,2:20,1:16,1:25,3:36,26,92,39,11,39,24,58,0.9806779115,820.8632484,
🇺🇸,Zylenox,0,1,7:44.775,7:45.223,12 Mar 2026,53,(Q),todo,,,https://www.youtube.com/watch?v=hi8zV9Wnris,7,45,223,465223,465,0,410359,1.133697567,410359,1.133697567,-0.0005,0.9738,1.464418885,810.3720,832.1340,849.1066,1.30351,,BT,🗙,Lava Pool,1:16,0:12,1:28,Housing,01:35,3:03,0:28,3:31,Fort,1:27,5:13,5/9,5,9,0.56,--,No,2,4:45,Calc,0:15,1,0,0,0,5:00,0:41,1826,0,0,0,1,0,5:54,4:58,3:42,4:23,1:56,2:46,4:13,0:41,5:54,Prempt,1:00,3,2,6:54,Zero,6,4,6,--,O,B Diag,B,Diag,97,T97,100,0:50,7:44,Housing,MANH,5,--,1:28,0:30,1:58,1:05,1:35,3:03,26,98,12,39,21,21,53,0.9852225739,819.8371682,
🇸🇪,PAPLERR,0,0,7:45.368,7:45.368,15 May 2025,354,(V),2933743551005337304,,Yes,https://www.speedrun.com/mc/runs/zngk8olm,7,45,368,465368,465,0,410359,1.134050916,421494,1.104091636,-0.0005,0.8378,1.204106492,743.6133,887.5999,848.4812,1.30614,,BT,🗙,2x1 Magma,1:23,0:38,2:01,Bridge,01:44,3:45,0:06,3:51,Fort,1:24,5:34,5/10,5,10,0.50,--,No,2,5:02,Calc,0:19,2,0,1,1,5:21,0:38,1333,0,0,1,0,0,6:12,5:15,3:52,4:30,1:43,2:30,3:54,0:38,6:12,Prempt,0:46,4,3,6:58,Zero,5,3,5,--,O,B 1/8,B,1/8,--,--,93,0:47,7:45,Bridge,PAPL,3,,2:01,0:33,2:34,1:11,1:44,3:45,20,73,44,35,32,17,354,0.0118410094,10.51007903,
🇫🇷,M4xx,0,1,7:45.390,7:45.390,04 Mar 2026,61,(Q),805412740251903790,,,https://www.youtube.com/watch?v=dBMHGH7DJCc,7,45,390,465390,465,0,410359,1.134104528,410359,1.134104528,-0.0005,0.9700,1.468342069,806.3147,831.2862,848.3862,1.30654,,BT,🗙,2x1 Magma,1:28,0:15,1:43,Housing,01:43,3:26,0:10,3:36,Fort,1:46,5:34,6/12,6,12,0.50,--,No,2,4:34,Calc,0:12,1,1,0,1,4:46,0:28,751,0,1,0,0,0,6:02,5:22,3:54,4:22,1:33,2:23,4:09,0:31,6:05,Prempt,0:50,2,1,6:55,Zero,5,3,5,--,B56,F Diag,F,Diag,88,M88,95,0:50,7:45,Housing,MANH,3,,1:43,0:06,1:49,1:37,1:43,3:26,26,100,36,57,20,12,61,0.9775575639,812.6301238,
🇹🇷,Ancoboy,0,1,7:40.016,7:45.590,11 Dec 2025,144,(V),-5628543556500972011,,,https://www.speedrun.com/mc/runs/yv580x4m,7,45,590,465590,466,1,410359,1.134591906,410359,1.134591906,-0.0005,0.9305,1.47305348,772.5899,830.2678,847.5210,1.31017,,BT,✔,2x1 Magma,1:28,0:52,2:20,Treasure,01:43,4:03,0:12,4:15,Fort,1:06,6:01,7/9,7,9,0.78,--,No,2,5:15,Calc,0:40,2,1,0,1,5:55,0:24,1203,0,0,1,0,0,6:25,5:21,3:53,4:17,1:23,2:19,3:25,0:24,6:25,Prempt,0:19,0,0,6:44,Zero,6,6,6,--,B58,F diag,F,diag,100,T100,95,0:56,7:40,Treasure,BOOMR,4,,2:20,0:03,2:23,1:40,1:43,4:03,22,109,55,0,48,24,144,0.7418572795,615.9402423,
🇺🇸,Zylenox,1,1,7:42.999,7:45.828,07 Feb 2023,1182,(V),7499203634667178692,15,Yes,https://www.speedrun.com/mc/run/zg2q0lny,7,45,828,465828,466,1,410359,1.135171886,495537,0.9400468583,-0.0005,0.5538,0.4049060366,567.8111,1025.3495,846.4882,1.31451,,BT,✔,2x1 Magma,1:08,0:34,1:42,Housing,01:17,2:59,0:12,3:11,Fort,1:42,5:16,6/9,6,9,0.67,--,No,2,4:40,Calc,0:23,2,1,0,1,5:03,0:34,1111,0,0,1,0,0,5:50,4:53,3:45,4:19,1:21,2:49,4:31,0:34,5:50,Prempt,0:24,1,1,6:14,Perch,5,--,--,5,--,--,--,--,--,--,--,1:28,7:42,Housing,MANH,3,,1:42,0:06,1:48,1:11,1:17,2:59,20,84,54,0,17,11,1182,0,0,
🇮🇱,orachi,0,1,7:43.169,7:47.566,08 Jul 2025,300,(V),4897417229505621926,,Yes,https://www.speedrun.com/mc/runs/me2eeo2m,7,47,566,467566,468,1,410359,1.139407202,410359,1.139407202,-0.0005,0.8607,1.520370639,705.8019,820.0248,838.8355,1.34659,,BT,✔,2x1 Magma,1:18,0:34,1:52,Housing,01:48,3:40,0:13,3:53,Fort,1:15,5:08,6/11,6,11,0.55,0:12,Yes,2,5:20,Calc,0:32,1,0,0,0,5:52,0:35,1666,0,0,0,1,0,6:27,5:20,4:02,4:37,1:30,2:23,3:50,1:19,6:27,Prempt,0:23,1,0,6:50,Zero,6,5,6,--,O,B Diag,B,Diag,83,Small Cage,95,0:53,7:43,Housing,TOPD,6,,1:52,0:14,2:06,1:34,1:48,3:40,20,100,59,30,35,24,300,0.06720551274,55.11018538,
🇺🇸,meebie,0,1,7:46.598,7:47.588,23 Nov 2024,527,(V),-6994443511834809581,,Yes,https://www.speedrun.com/mc/runs/y4lpk63z,7,47,588,467588,468,1,410359,1.139460814,421494,1.109358615,-0.0005,0.7684,1.246953171,675.0886,878.6125,838.7374,1.34700,,BT,✔,2x1 Magma,1:42,0:47,2:29,Bridge,01:42,4:11,0:23,4:34,Fort,1:29,5:12,6/6,6,6,1.00,--,No,2,5:24,Calc,0:27,1,1,0,1,5:51,1:29,1044,0,0,1,0,0,6:41,6:03,4:21,4:32,0:56,1:43,3:12,1:29,6:41,Prempt,0:18,1,1,6:59,Zero,5,4,5,--,O,F Diag,F,Diag,103,T103,104,0:47,7:46,Bridge,CRKSMK,3,,2:29,0:38,3:07,1:04,1:42,4:11,22,63,14,43,32,29,527,0.000000440076043,0.000386656311,
🇳🇴,skycrab1,0,0,7:48.043,7:48.043,24 Apr 2025,375,(U),9061699410068612393,,Yes,https://www.youtube.com/watch?v=GoPCnP2PyWo&list=PLU3_fvoJ1GyMStiA29z37DUPtG47PvOJz&index=121,7,48,43,468043,468,0,410359,1.140569599,421494,1.110438108,-0.0005,0.8290,1.255912246,726.8300,876.7244,836.7013,1.35552,,SH,🗙,Lava Pool,1:19,0:38,1:57,Housing,01:34,3:31,0:21,3:52,Fort,1:05,5:25,6/6,6,6,1.00,--,No,2,4:50,Calc,0:28,1,1,0,1,5:18,0:38,1450,0,0,1,0,0,6:03,4:57,3:38,4:16,1:27,2:51,3:56,0:38,6:03,Prempt,0:21,1,1,6:24,Flew,4,--,F1,4,FO,FB FDiag,FB,FDiag,F95,Tall Cage (F),F86,1:24,7:48,Housing,TOPD,6,DBTRPL,1:57,0:16,2:13,1:18,1:34,3:31,35,76,48,3,25,27,375,0.005125959766,4.494053852,
🇦🇿,KenanKardes,0,0,7:46.865,7:48.393,21 Aug 2025,256,(U),-11765461984395005,,Yes,https://www.youtube.com/watch?v=iKXaGZ3zmX8,7,48,393,468393,468,0,410359,1.141422511,410359,1.141422511,-0.0005,0.8799,1.540593564,717.6434,815.6398,835.1260,1.36210,,BT,✔,2x1 Magma,1:21,0:44,2:05,Stables,01:29,3:34,0:23,3:57,Fort,1:39,5:55,6/13,6,13,0.46,,No,2,5:32,Calc,0:19,1,0,0,0,5:51,0:22,566,0,1,0,0,0,6:17,5:36,4:15,4:37,1:21,2:10,3:49,0:22,6:17,Prempt,0:40,0,1,6:57,Zero,5,3,5,--,B57,F Diag,F,Diag,88,M88,95,0:49,7:46,Stables,DBTRPL,6,SDD,2:05,0:25,2:30,1:04,1:29,3:34,28,93,26,64,47,22,256,0.1867990946,152.360771,
🇹🇿,Kxpow,0,1,7:48.623,7:48.623,09 Jun 2025,329,(V),692932803524010650,,Yes,https://www.speedrun.com/mc/runs/zpo1xonm,7,48,623,468623,469,1,410359,1.141982995,421494,1.111814166,-0.0005,0.8483,1.267421345,741.6796,874.2946,834.0865,1.36645,,,,,,,,,,,,,Fort,,,,,,,,,,,,0:00,,,,,,,,,,,,,,,,,,,,,,,,,,,,,,,,,,,,,,,,,,,,,,,,,,,,,,,,,329,0.02840673824,24.83585826,
🇸🇪,v_strid,0,1,7:49.149,7:49.149,08 Jun 2025,330,(V),6117620716132541251,,Yes,https://www.speedrun.com/mc/runs/yw2qgp0y,7,49,149,469149,469,0,410359,1.1432648,421494,1.113062108,-0.0005,0.8479,1.277945479,739.4216,872.0688,831.6964,1.37643,,,,,,,,,,,,,Fort,,,,,,,,,,,,0:00,,,,,,,,,,,,,,,,,,,,,,,,,,,,,,--,,,,,,,,,,,,,,,,,,,,,,,,,,,330,0.02749640528,23.97875696,
🇺🇸,doogile,0,0,7:48.748,7:50.206,29 Feb 2024,795,(U),8277071365134778012,,Yes,https://www.youtube.com/watch?v=ktTRyL2JWz0,7,50,206,470206,470,0,410359,1.145840593,421494,1.115569854,-0.0005,0.6720,1.299345093,582.9795,867.5316,826.8395,1.39670,,,,,,,,,,,,,,,,,,,,,,,,,0:00,,,,,,,,,,,,,,,,,,,,,,,,,,,,,,--,,,,,,,,,,,,,,,,,,,,,,,,,,,795,0,0,
🇬🇧,priffie,0,1,7:50.291,7:50.291,05 Jun 2024,698,(V),6555576914548637179,,Yes,https://www.speedrun.com/mc/runs/ywg2ldnz,7,50,291,470291,470,0,410359,1.146047729,421494,1.115771518,-0.0005,0.7054,1.301080653,611.6908,867.1630,826.4458,1.39834,,,,,,,,,,,,,,,,,,,,,,,,,0:00,,,,,,,,,,,,,,,,,,,,,,,,,,,,,,--,,,,,,,,,,,,,,,,,,,,,,,,,,,698,0,0,
🇳🇴,skycrab1,0,0,7:50.670,7:50.670,18 Nov 2024,532,(U),-1765111318942208381,,Yes,https://www.youtube.com/watch?v=JfVKj2Nz5vE&list=PLU3_fvoJ1GyMStiA29z37DUPtG47PvOJz&index=97,7,50,670,470670,471,1,410359,1.14697131,421494,1.1166707,-0.0005,0.7664,1.308845983,663.3627,865.5126,824.6847,1.40568,,,,,,,,,,,,,,,,,,,,,,,,,0:00,,,,,,,,,,,,,,,,,,,,,,,,,,,,,,--,,,,,,,,,,,,,,,,,,,,,,,,,,,532,0.000000288989119,0.0002501237257,
🇺🇸,doogile,0,1,7:50.112,7:51.014,21 Jun 2023,1048,(V),291596226023214174,15,Yes,https://www.speedrun.com/mc/run/zgedgrvy,7,51,14,471014,471,0,410359,1.147809601,465828,1.011132864,-0.0005,0.5921,0.6463058046,587.9252,992.8701,823.0783,1.41238,,,,,,,,,,,,,,,,,,,,,,,,,0:00,,,,,,,,,,,,,,,,,,,,,,,,,,,,,,--,,,,,,,,,,,,,,,,,,,,,,,,,,,1048,0,0,
🇦🇺,mikky_,0,1,7:51.104,7:51.620,19 Sep 2024,592,(V),-7641908410120115826,,Yes,https://www.speedrun.com/mc/runs/ydljp8jz,7,51,620,471620,472,1,410359,1.149286357,421494,1.118924587,-0.0005,0.7438,1.328503906,640.6440,861.3267,820.2297,1.42424,,,,,,,,,,,,,,,,,,,,,,,,,0:00,,,,,,,,,,,,,,,,,,,,,,,,,,,,,,--,,,,,,,,,,,,,,,,,,,,,,,,,,,592,0.0000000009760875799,0.0000008407303209,
BlazeMind,BlazeMind,0,1,7:49.832,7:51.665,27 Jan 2026,97,(Q),tbd,,,https://www.youtube.com/watch?v=0e-OYyUWBT0,7,51,665,471665,472,1,410359,1.149396017,410359,1.149396017,-0.0005,0.9527,1.623096801,759.9562,797.7225,820.0172,1.42513,,,,,,,,,,,,,,,,,,,,,,,,,0:00,,,,,,,,,,,,,,,,,,,,,,,,,,,,,,--,,,,,,,,,,,,,,,,,,,,,,,,,,,97,0.9127736939,728.1401158,
🇳🇴,skycrab1,0,0,7:51.826,7:51.826,25 Dec 2024,495,(U),-7679264656588706480,,Yes,https://www.youtube.com/watch?v=Nag0tKfRWgc&list=PLU3_fvoJ1GyMStiA29z37DUPtG47PvOJz&index=106,7,51,826,471826,472,1,410359,1.149788356,421494,1.119413325,-0.0005,0.7808,1.332803283,671.7651,860.4098,819.2559,1.42830,,,,,,,,,,,,,,,,,,,,,,,,,0:00,,,,,,,,,,,,,,,,,,,,,,,,,,,,,,--,,,,,,,,,,,,,,,,,,,,,,,,,,,495,0.000005402020542,0.004647951301,
🇨🇦,Jay12310,0,0,7:52.961,7:52.961,14 Mar 2026,51,(U),unknown,,,https://www.youtube.com/watch?v=z39xlzHCJik,7,52,961,472961,473,1,410359,1.152554227,410359,1.152554227,-0.0005,0.9748,1.656900818,770.4753,790.3751,813.8419,1.45083,,,,,,,,,,,,,,,,,,,,,,,,,0:00,,,,,,,,,,,,,,,,,,,,,,,,,,,,,,,,,,,,,,,,,,,,,,,,,,,,,,,,,51,0.9868224937,779.9598903,
🇳🇴,skycrab1,0,0,7:52.279,7:53.490,14 May 2024,720,(U),3412336035458832291,,Yes,https://www.youtube.com/watch?v=zY_QWRWxGE0&list=PLU3_fvoJ1GyMStiA29z37DUPtG47PvOJz&index=20,7,53,490,473490,473,0,410359,1.153843342,421494,1.123361187,-0.0005,0.6977,1.368017712,595.0350,852.8812,811.2902,1.46144,,,,,,,,,,,,,,,,,,,,,,,,,0:00,,,,,,,,,,,,,,,,,,,,,,,,,,,,,,--,,,,,,,,,,,,,,,,,,,,,,,,,,,720,0,0,
🇺🇸,meebie,0,0,7:50.698,7:53.506,28 Jun 2025,310,(U),5748636184496198066,,Yes,https://www.youtube.com/watch?v=giuYrUlLBq8,7,53,506,473506,474,1,410359,1.153882332,410359,1.153882332,-0.0005,0.8564,1.671311156,674.2068,787.2429,811.2127,1.46176,,,,,,,,,,,,,,,,,,,,,,,,,0:00,,,,,,,,,,,,,,,,,,,,,,,,,,,,,,--,,,,,,,,,,,,,,,,,,,,,,,,,,,310,0.05083856799,40.02230165,
🇹🇷,ulsahin,0,1,7:51.545,7:53.512,24 Oct 2025,192,(V),7066468390795139054,,Yes,https://www.speedrun.com/mc/runs/mr5kp38y,7,53,512,473512,474,1,410359,1.153896954,410359,1.153896954,-0.0005,0.9085,1.671470449,715.1504,787.2083,811.1837,1.46188,,,,,,,,,,,,,,,,,,,,,,,,,0:00,,,,,,,,,,,,,,,,,,,,,,,,,,,,,,--,,,,,,,,,,,,,,,,,,,,,,,,,,,192,0.4927325239,387.8831212,
🇺🇸,doogile,0,0,7:52.863,7:53.548,27 Jan 2024,828,(U),-2273417716457818411,18,Yes,https://www.youtube.com/watch?v=E-qMOVRq0Go,7,53,548,473548,474,1,410359,1.153984682,421494,1.123498792,-0.0005,0.6610,1.369260848,563.5792,852.6149,811.0093,1.46261,,,,,,,,,,,,,,,,,,,,,,,,,0,,,,,,,,,,,,,,,,,,,,,,,,,,,,,,--,,,,,,,,,,,,,,,,,,,,,,,,,,,828,0,0,
🇳🇴,skycrab1,0,0,7:45.964,7:53.929,23 Oct 2025,193,(U),5643603245218707817,,Yes,https://www.youtube.com/watch?v=zg_t8sgrqFk&list=PLU3_fvoJ1GyMStiA29z37DUPtG47PvOJz&index=147,7,53,929,473929,474,1,410359,1.154913137,410359,1.154913137,-0.0005,0.9080,1.682576002,712.6013,784.7946,809.1589,1.47030,,,,,,,,,,,,,,,,,,,,,,,,,0,,,,,,,,,,,,,,,,,,,,,,,,,,,,,,--,,,,,,,,,,,,,,,,,,,,,,,,,,,193,0.4872852005,382.4187999,
🇳🇴,skycrab1,0,0,7:52.279,7:53.490,14 May 2024,720,(U),-3412336035458832291,,,https://www.youtube.com/watch?v=zY_QWRWxGE0&list=PLU3_fvoJ1GyMStiA29z37DUPtG47PvOJz&index=20,7,53,490,473490,473,0,410359,1.153843342,421494,1.123361187,-0.0005,0.6977,1.368017712,595.0350,852.8812,811.2902,1.46144,,,,,,,,,,,,,,,,,,,,,,,,,0,,,,,,,,,,,,,,,,,,,,,,,,,,,,,,--,,,,,,,,,,,,,,,,,,,,,,,,,,,720,0,0,
🇺🇸,Infume,0,0,7:53.848,7:53.848,23 Jul 2025,285,(U),unknown,,,https://www.youtube.com/watch?v=dpJWEh0YCUo&list=PLNlBsWHYU3zCJ5XoAac-T3YF54AvqfXXn&index=22,7,53,848,473848,474,1,410359,1.154715749,410359,1.154715749,-0.0005,0.8672,1.68041345,680.9717,785.2646,809.5531,1.46866,,,,,,,,,,,,,,,,,,,,,,,,,0,,,,,,,,,,,,,,,,,,,,,,,,,,,,,,--,,,,,,,,,,,,,,,,,,,,,,,,,,,285,0.09877482642,77.5643746,
🇸🇪,ANJOUU,0,1,7:54.143,7:54.143,28 Apr 2025,371,(V),5590192376632660897,,Yes,https://www.speedrun.com/mc/runs/y6j7vnpm,7,54,143,474143,474,0,410359,1.155434632,421494,1.124910438,-0.0005,0.8307,1.382075426,705.9753,849.8673,808.1155,1.47464,,,,,,,,,,,,,,,,,,,,,,,,,0,,,,,,,,,,,,,,,,,,,,,,,,,,,,,,--,,,,,,,,,,,,,,,,,,,,,,,,,,,371,0.006057360711,5.147953065,
🇩🇪,Blad_d,0,1,7:52.310,7:54.145,14 Apr 2025,385,(V),-4813633027442683952,,Yes,https://www.speedrun.com/mc/runs/zgj4w4dz,7,54,145,474145,474,0,410359,1.155439505,421494,1.124915183,-0.0005,0.8249,1.38211869,701.0431,849.8581,808.1057,1.47468,,,,,,,,,,,,,,,,,,,,,,,,,0,,,,,,,,,,,,,,,,,,,,,,,,,,,,,,--,,,,,,,,,,,,,,,,,,,,,,,,,,,385,0.00332374706,2.824713237,
🇭🇷,Mar1n,0,1,7:55.128,7:55.128,22 Jun 2025,316,(V),-7684621580507828677,,Yes,https://www.speedrun.com/mc/runs/m7lwl84y,7,55,128,475128,475,0,410359,1.157834969,410359,1.157834969,-0.0005,0.8538,1.71489132,664.1014,777.7731,803.2747,1.49475,,,,,,,,,,,,,,,,,,,,,,,,,0,,,,,,,,,,,,,,,,,,,,,,,,,,,,,,--,,,,,,,,,,,,,,,,,,,,,,,,,,,316,0.04261923508,33.14809254,
🇺🇸,meebie,0,0,7:55.456,7:55.456,07 Jun 2025,331,(U),3603293482983366385,,Yes,https://www.youtube.com/watch?v=caV9b4ltoSQ,7,55,456,475456,475,0,410359,1.158634269,421494,1.128025547,-0.0005,0.8475,1.410754896,715.0149,843.7054,801.6489,1.50150,,,,,,,,,,,,,,,,,,,,,,,,,0,,,,,,,,,,,,,,,,,,,,,,,,,,,,,,--,,,,,,,,,,,,,,,,,,,,,,,,,,,331,0.02660997589,22.45097915,
🇺🇸,Zylenox,0,0,7:52.850,7:55.550,22 Apr 2025,377,(U),-4019650266393698573,,Yes,http://youtube.com/watch?v=aEZQAJ5LhgA&list=PLZ59bMb0zBUSR6W9smbN1LDkQJlGfPEUk&index=51,7,55,550,475550,476,1,410359,1.158863337,421494,1.128248563,-0.0005,0.8282,1.412829473,698.3875,843.2590,801.1817,1.50345,,,,,,,,,,,,,,,,,,,,,,,,,0,,,,,,,,,,,,,,,,,,,,,,,,,,,,,,--,,,,,,,,,,,,,,,,,,,,,,,,,,,377,0.004709077265,3.970971641,
🇵🇱,pardonmc,0,1,7:55.683,7:55.683,17 Jul 2025,291,(V),6664192904935921173,,Yes,https://www.speedrun.com/mc/runs/yd4j7evy,7,55,683,475683,476,1,410359,1.159187443,410359,1.159187443,-0.0005,0.8646,1.730044079,669.6093,774.4820,800.5197,1.50620,,,,,,,,,,,,,,,,,,,,,,,,,0,,,,,,,,,,,,,,,,,,,,,,,,,,,,,,--,,,,,,,,,,,,,,,,,,,,,,,,,,,291,0.08507542185,65.88938254,
🇩🇰,Bloopy,0,0,7:52.588,7:55.999,02 Jun 2025,336,(U),-1088594931172127368,,,https://www.youtube.com/watch?v=lAD-2zBAaWk,7,55,999,475999,476,1,410359,1.159957501,421494,1.129313822,-0.0005,0.8454,1.422778577,711.0416,841.1171,798.9423,1.51275,,,,,,,,,,,,,,,,,,,,,,,,,0,,,,,,,,,,,,,,,,,,,,,,,,,,,,,,--,,,,,,,,,,,,,,,,,,,,,,,,,,,336,0.02252103314,18.94282584,
🇳🇱,HDMICables,0,1,7:55.623,7:56.598,07 May 2025,362,(V),-2481499363875064100,,Yes,https://www.speedrun.com/mc/runs/yd437kxy,7,56,598,476598,477,1,410359,1.161417198,421494,1.130734957,-0.0005,0.8344,1.436154117,699.4527,838.2347,795.9346,1.52524,,,,,,,,,,,,,,,,,,,,,,,,,0,,,,,,,,,,,,,,,,,,,,,,,,,,,,,,--,,,,,,,,,,,,,,,,,,,,,,,,,,,362,0.008705565023,7.297306774,
🇵🇱,okshey,0,1,7:56.752,7:56.752,17 Feb 2026,76,(Q),-6419209590101822881,,,https://www.youtube.com/watch?v=htI0L1pBEV0,7,56,752,476752,477,1,410359,1.161792479,410359,1.161792479,-0.0005,0.9627,1.75958114,739.4313,768.0704,795.1576,1.52847,,,,,,,,,,,,,,,,,,,,,,,,,0,,,,,,,,,,,,,,,,,,,,,,,,,,,,,,--,,,,,,,,,,,,,,,,,,,,,,,,,,,76,0.9570519546,735.0832509,
🇩🇪,jason_n,0,0,7:56.903,7:56.903,16 May 2025,353,(U),8174323531600874073,,Yes,https://www.youtube.com/watch?v=mEjUzh-nDqI,7,56,903,476903,477,1,410359,1.16216045,421494,1.131458574,-0.0005,0.8382,1.443010058,701.3679,836.7561,794.3943,1.53164,,,,,,,,,,,,,,,,,,,,,,,,,0,,,,,,,,,,,,,,,,,,,,,,,,,,,,,,--,,,,,,,,,,,,,,,,,,,,,,,,,,,353,0.0122933391,10.28652625,
🇳🇴,skycrab1,0,0,7:56.326,7:58.380,20 Sep 2024,591,(U),-630318768044632099,,Yes,https://www.youtube.com/watch?v=5xFvTb5MDmQ&list=PLU3_fvoJ1GyMStiA29z37DUPtG47PvOJz&index=71,7,58,380,478380,478,0,410359,1.165759737,421494,1.134962775,-0.0005,0.7442,1.476648119,617.2733,829.4907,786.8510,1.56296,,,,,,,,,,,,,,,,,,,,,,,,,0,,,,,,,,,,,,,,,,,,,,,,,,,,,,,,--,,,,,,,,,,,,,,,,,,,,,,,,,,,591,0.000000001084109309,0.0000008992585412,
🇨🇦,Aquacorde,0,1,7:57.023,7:57.023,14 Mar 2025,416,(V),5239949107527415069,,Yes,https://www.speedrun.com/mc/runs/y9pe59em,7,57,23,477023,477,0,410359,1.162452877,421494,1.131743275,-0.0005,0.8122,1.445715904,679.1450,836.1723,793.7866,1.53416,,,,,,,,,,,,,,,,,,,,,,,,,0,,,,,,,,,,,,,,,,,,,,,,,,,,,,,,--,,,,,,,,,,,,,,,,,,,,,,,,,,,416,0.0007472359196,0.6248179732,
🇿🇦,Airpodsz,0,1,7:57.301,7:57.301,20 Oct 2025,196,(V),1950744630814396345,,Yes,https://www.speedrun.com/mc/runs/z175257z,7,57,301,477301,477,0,410359,1.163130332,410359,1.163130332,-0.0005,0.9066,1.774931522,693.3512,764.7405,792.3753,1.54002,,,,,,,,,,,,,,,,,,,,,,,,,0,,,,,,,,,,,,,,,,,,,,,,,,,,,,,,--,,,,,,,,,,,,,,,,,,,,,,,,,,,196,0.4709734293,360.1724777,
🇫🇮,sadekeppi,0,1,7:56.839,7:57.450,21 Feb 2025,437,(V),-8774410482674782880,,Yes,https://www.speedrun.com/mc/runs/zpkp2jvy,7,57,450,477450,477,0,410359,1.163493429,421494,1.132756338,-0.0005,0.8037,1.455382929,670.3742,834.0857,791.6169,1.54317,,,,,,,,,,,,,,,,,,,,,,,,,0,,,,,,,,,,,,,,,,,,,,,,,,,,,,,,--,,,,,,,,,,,,,,,,,,,,,,,,,,,437,0.0002374994382,0.1980948784,
🇨🇦,Jay12310,0,0,7:57.965,7:57.965,25 Dec 2025,130,(U),unknown,,Yes,https://www.youtube.com/watch?v=Dsok_v8zWzA&list=PLZ59bMb0zBUSR6W9smbN1LDkQJlGfPEUk,7,57,965,477965,478,1,410359,1.164748428,410359,1.164748428,-0.0005,0.9371,1.793663261,712.8082,760.6798,788.9845,1.55410,,,,,,,,,,,,,,,,,,,,,,,,,0,,,,,,,,,,,,,,,,,,,,,,,,,,,,,,--,,,,,,,,,,,,,,,,,,,,,,,,,,,130,0.8027595897,610.6429662,
🇵🇱,mati_lopez,0,1,7:58.102,7:58.102,01 Mar 2025,429,(V),-7204778880031266135,,Yes,https://www.speedrun.com/mc/runs/z08d87jm,7,58,102,478102,478,0,410359,1.165082282,421494,1.134303217,-0.0005,0.8069,1.470261052,670.4674,830.8715,788.2814,1.55702,,,,,,,,,,,,,,,,,,,,,,,,,0,,,,,,,,,,,,,,,,,,,,,,,,,,,,,,--,,,,,,,,,,,,,,,,,,,,,,,,,,,429,0.0003724681974,0.3094731955,
🇨🇿,kohout135,0,1,7:57.901,7:58.328,16 Jun 2025,322,(V),505133867771410090,,Yes,https://www.speedrun.com/mc/runs/yd4epqwy,7,58,328,478328,478,0,410359,1.165633019,410359,1.165633019,-0.0005,0.8513,1.803980945,645.6576,758.4443,787.1190,1.56185,,,,,,,,,,,,,,,,,,,,,,,,,0,,,,,,,,,,,,,,,,,,,,,,,,,,,,,,--,,,,,,,,,,,,,,,,,,,,,,,,,,,322,0.03548572415,26.91394614,
🇩🇰,Bloopy,0,0,7:58.540,7:58.540,04 Feb 2025,454,(U),9020295482724158911,,,https://www.youtube.com/watch?v=rB_AjEUIYWE,7,58,540,478540,479,1,410359,1.16614964,421494,1.135342377,-0.0005,0.7969,1.480335928,660.4028,828.6931,786.0255,1.56639,,,,,,,,,,,,,,,,,,,,,,,,,0,,,,,,,,,,,,,,,,,,,,,,,,,,,,,,--,,,,,,,,,,,,,,,,,,,,,,,,,,,454,0.00008630125653,0.07151725957,
🇦🇺,bigbigmongey,0,1,7:58.900,7:59.372,20 Oct 2025,196,(V),4336613090571479730,,Yes,https://www.speedrun.com/mc/runs/zn5kqqvz,7,59,372,479372,479,0,410359,1.168177133,410359,1.168177133,-0.0005,0.9066,1.833962133,681.7588,751.9546,781.7067,1.58433,,,,,,,,,,,,,,,,,,,,,,,,,0,,,,,,,,,,,,,,,,,,,,,,,,,,,,,,--,,,,,,,,,,,,,,,,,,,,,,,,,,,196,0.4709734293,354.1506195,
🇺🇦,dinonuggieboi,0,1,7:58.082,7:59.376,10 May 2025,359,(V),4495867891036383676,,Yes,https://www.speedrun.com/mc/runs/z16jpxwm,7,59,376,479376,479,0,410359,1.16818688,421494,1.137325798,-0.0005,0.8357,1.499745655,689.0187,824.4928,781.6858,1.58442,,,,,,,,,,,,,,,,,,,,,,,,,0,,,,,,,,,,,,,,,,,,,,,,,,,,,,,,--,,,,,,,,,,,,,,,,,,,,,,,,,,,359,0.009785751303,8.068281694,
🇺🇸,Infume,0,1,7:59.698,7:59.698,08 May 2025,361,(V),1457025420686153641,,Yes,https://www.speedrun.com/mc/runs/yd4634jy,7,59,698,479698,480,1,410359,1.168971559,421494,1.138089747,-0.0005,0.8349,1.507285109,686.9669,822.8601,780.0025,1.59141,,,,,,,,,,,,,,,,,,,,,,,,,0,,,,,,,,,,,,,,,,,,,,,,,,,,,,,,--,,,,,,,,,,,,,,,,,,,,,,,,,,,361,0.009053642645,7.449880905,
🇨🇦,Aquacorde,0,0,7:59.882,8:00.035,19 Aug 2025,258,(U),-6415662147603823754,,,https://www.youtube.com/watch?v=WdnsDM7UisA,8,0,35,480035,480,0,410359,1.169792791,410359,1.169792791,-0.0005,0.8790,1.853240644,657.2851,747.7867,778.2337,1.59876,,,,,,,,,,,,,,,,,,,,,,,,,0,,,,,,,,,,,,,,,,,,,,,,,,,,,,,,--,,,,,,,,,,,,,,,,,,,,,,,,,,,258,0.1795410871,134.2584389,
🇦🇺,bigbigmongey,0,1,7:58.808,8:00.202,05 May 2025,364,(V),1438072232147069823,,,https://www.speedrun.com/mc/runs/yd43n2xy,8,0,202,480202,480,0,410359,1.170199752,421494,1.139285494,-0.0005,0.8336,1.519157335,683.7930,820.2877,777.3545,1.60242,,,,,,,,,,,,,,,,,,,,,,,,,0,,,,,,,,,,,,,,,,,,,,,,,,,,,,,,,,,,,,,,,,,,,,,,,,,,,,,,,,,364,0.008043794133,6.59822569,
🇵🇱,watermelon1708,0,0,8:00.245,8:00.245,18 Mar 2026,47,(U),unknown,,,https://www.youtube.com/watch?v=P99-S3NPS-k,8,0,245,480245,480,0,410359,1.170304538,410359,1.170304538,-0.0005,0.9768,1.859385942,729.1218,746.4591,777.1279,1.60336,,,,,,,,,,,,,,,,,,,,,,,,,0,,,,,,,,,,,,,,,,,,,,,,,,,,,,,,,,,,,,,,,,,,,,,,,,,,,,,,,,,47,0.98967141,738.749211,
🇫🇮,sadekeppi,0,0,8:00.342,8:01.352,15 Apr 2025,384,(U),unknown,,,https://www.youtube.com/watch?v=p5n5mCcWxvw,8,1,352,481352,481,0,410359,1.173002176,421494,1.142013884,-0.0005,0.8253,1.546575399,672.0821,814.3420,771.2524,1.62778,,,,,,,,,,,,,,,,,,,,,,,,,0,,,,,,,,,,,,,,,,,,,,,,,,,,,,,,,,,,,,,,,,,,,,,,,,,,,,,,,,,384,0.003474480179,2.829415283,
🇦🇹,Mescht,0,1,8:00.384,8:00.384,09 Apr 2025,390,(V),8206887781532841360,,Yes,https://www.speedrun.com/mc/runs/mko6ex3z,8,0,384,480384,480,0,410359,1.170643266,421494,1.139717291,-0.0005,0.8228,1.523466014,674.1927,819.3538,776.3943,1.60641,,,,,,,,,,,,,,,,,,,,,,,,,0,,,,,,,,,,,,,,,,,,,,,,,,,,,,,,--,,,,,,,,,,,,,,,,,,,,,,,,,,,390,0.002653435669,2.174102696,
🇺🇸,meebie,0,1,8:00.427,8:00.427,20 Apr 2024,744,(U),unknown,,,https://www.youtube.com/watch?v=lSiuiiMRays&list=PLaTJSsRuu2Ufk7cX7bUTt9V-IJxa8wqSM&index=14,8,0,427,480427,480,0,410359,1.170748052,421494,1.139819309,-0.0005,0.6894,1.524485668,564.6727,819.1328,776.1672,1.60735,,,,,,,,,,,,,,,,,,,,,,,,,30 Dec '99,,,,,,,,,,,,,,,,,,,,,,,,,,,,,,,,,,,,,,,,,,,,,,,,,,,,,,,,,744,0,0,
🇩🇪,jason_n,0,0,8:00.870,8:00.870,15 Jun 2025,323,(U),see video,,,https://www.youtube.com/watch?v=WU1fSPhJGAk,8,0,870,480870,481,1,410359,1.171827595,410359,1.171827595,-0.0005,0.8509,1.877787183,631.7570,742.4865,773.8201,1.61711,,,,,,,,,,,,,,,,,,,,,,,,,30 Dec '99,,,,,,,,,,,,,,,,,,,,,,,,,,,,,,--,,,,,,,,,,,,,,,,,,,,,,,,,,,323,0.03439559758,25.5382684,
🇺🇸,meebie,0,1,8:00.927,8:00.927,10 Dec 2023,876,(V),698408566767839427,,,https://www.youtube.com/watch?v=PUuvT8h96hI&list=PLaTJSsRuu2Ufk7cX7bUTt9V-IJxa8wqSM&index=9,8,0,927,480927,481,1,410359,1.171966498,446254,1.077697903,-0.0005,0.6453,1.009800784,598.3613,927.2236,773.5173,1.61837,,,,,,,,,,,,,,,,,,,,,,,,,30 Dec '99,,,,,,,,,,,,,,,,,,,,,,,,,,,,,,--,,,,,,,,,,,,,,,,,,,,,,,,,,,876,0,0,
🇹🇿,Kxpow,0,1,7:58.526,8:00.969,20 Jul 2024,653,(V),-2313608296694412917,,,https://www.speedrun.com/mc/runs/y8p9gwxz,8,0,969,480969,481,1,410359,1.172068847,421494,1.141105211,-0.0005,0.7214,1.537392964,588.9396,816.3340,773.2939,1.61929,,,,,,,,,,,,,,,,,,,,,,,,,30 Dec '99,,,,,,,,,,,,,,,,,,,,,,,,,,,,,,,,,,,,,,,,,,,,,,,,,,,,,,,,,653,0,0.0000000006594044048,
🇺🇸,thecamo6,0,1,8:00.680,8:01.217,28 May 2024,706,(V),8027147372185455800,,,https://www.speedrun.com/mc/runs/mel636qz,8,1,217,481217,481,0,410359,1.172673196,421494,1.141693595,-0.0005,0.7026,1.543332931,572.6324,815.0455,771.9731,1.62479,,,,,,,,,,,,,,,,,,,,,,,,,30 Dec '99,,,,,,,,,,,,,,,,,,,,,,,,,,,,,,--,,,,,,,,,,,,,,,,,,,,,,,,,,,706,0,0,
🇺🇦,7rowl,0,1,8:00.564,8:01.225,19 Jul 2024,654,(V),4542168202417465956,,,https://www.speedrun.com/mc/runs/y4l3p3qz,8,1,225,481225,481,0,410359,1.172692691,421494,1.141712575,-0.0005,0.7211,1.543524899,587.6860,815.0039,771.9304,1.62496,,,,,,,,,,,,,,,,,,,,,,,,,30 Dec '99,,,,,,,,,,,,,,,,,,,,,,,,,,,,,,--,,,,,,,,,,,,,,,,,,,,,,,,,,,654,0,0.0000000005791650954,
🇩🇪,jason_n,0,0,8:01.271,8:01.271,25 Oct 2024,556,(U),-8000908414180372217,,,https://www.youtube.com/watch?v=VmnT8lICQ94,8,1,271,481271,481,0,410359,1.172804788,421494,1.14182171,-0.0005,0.7573,1.544629154,617.0184,814.7643,771.6850,1.62598,,,,,,,,,,,,,,,,,,,,,,,,,30 Dec '99,,,,,,,,,,,,,,,,,,,,,,,,,,,,,,--,,,,,,,,,,,,,,,,,,,,,,,,,,,556,0.00000003430545011,0.00002795085609,
🇧🇪,boyenn,0,1,7:59.551,8:01.422,08 Jun 2025,330,(V),254566834946075032,,,https://www.speedrun.com/mc/runs/z00rj59z,8,1,422,481422,481,0,410359,1.173172758,421494,1.14217996,-0.0005,0.8479,1.548259187,690.1657,813.9767,770.8783,1.62934,,,,,,,,,,,,,,,,,,,,,,,,,30 Dec '99,,,,,,,,,,,,,,,,,,,,,,,,,,,,,,--,,,,,,,,,,,,,,,,,,,,,,,,,,,330,0.02749640528,22.38143327,
🇫🇮,iluappi,0,1,7:59.559,8:01.633,15 Oct 2025,201,(V),-1502625211715149134,,,https://www.speedrun.com/mc/runs/y4016j2z,8,1,633,481633,482,1,410359,1.173686942,410359,1.173686942,-0.0005,0.9044,1.90047953,667.0690,737.5939,769.7488,1.63404,,,,,,,,,,,,,,,,,,,,,,,,,30 Dec '99,,,,,,,,,,,,,,,,,,,,,,,,,,,,,,--,,,,,,,,,,,,,,,,,,,,,,,,,,,201,0.4439425575,327.4493318,
🇬🇧,priffie,0,1,8:03.241,8:03.241,03 Dec 2023,883,(V),-4868324554498692300,12,Yes,https://www.speedrun.com/mc/run/yoole61y,8,3,241,483241,483,0,410359,1.177605463,465828,1.03738075,-0.0005,0.6431,0.7706184272,625.1392,972.1152,761.0490,1.67025,,,,,,,,,,,,,,,,,,,,,,,,,30 Dec '99,,,,,,,,,,,,,,,,,,,,,,,,,,,,,,--,,,,,,,,,,,,,,,,,,,,,,,,,,,883,0,0,
🇳🇴,skycrab1,0,0,8:03.337,8:03.337,17 Jun 2025,321,(U),-4304452735829751506,,,https://www.youtube.com/watch?v=ul-SUoNx_XU&list=PLU3_fvoJ1GyMStiA29z37DUPtG47PvOJz&index=131,8,3,337,483337,483,0,410359,1.177839404,410359,1.177839404,-0.0005,0.8517,1.952075296,618.7716,726.4983,760.5245,1.67243,,,,,,,,,,,,,,,,,,,,,,,,,30 Dec '99,,,,,,,,,,,,,,,,,,,,,,,,,,,,,,--,,,,,,,,,,,,,,,,,,,,,,,,,,,321,0.0366033285,26.59225705,
Tenes9999,Tenes9999,0,1,8:03.631,8:03.631,16 May 2025,353,(V),-7442337813042441622,,,https://www.speedrun.com/mc/runs/zngk3x8m,8,3,631,483631,484,1,410359,1.17855585,421494,1.147420841,-0.0005,0.8382,1.602283425,672.4411,802.2454,758.9147,1.67914,,,,,,,,,,,,,,,,,,,,,,,,,30 Dec '99,,,,,,,,,,,,,,,,,,,,,,,,,,,,,,--,,,,,,,,,,,,,,,,,,,,,,,,,,,353,0.0122933391,9.862275147,
🇸🇪,PAPLERR,0,1,8:04.190,8:04.190,26 Jan 2025,463,(V),-5524626450736366561,,,https://www.speedrun.com/mc/runs/m3w6egwy,8,4,190,484190,484,0,410359,1.179918072,421494,1.148747076,-0.0005,0.7933,1.616230944,634.0511,799.2146,755.8390,1.69196,,,,,,,,,,,,,,,,,,,,,,,,,30 Dec '99,,,,,,,,,,,,,,,,,,,,,,,,,,,,,,,,,,,,,,,,,,,,,,,,,,,,,,,,,463,0.00004892193468,0.03909912641,
🇳🇴,skycrab1,0,0,8:04.394,8:04.394,30 Sep 2025,216,(U),see video,,,https://www.youtube.com/watch?v=xW_pib-H4zw&list=PLU3_fvoJ1GyMStiA29z37DUPtG47PvOJz&index=143,8,4,394,484394,484,0,410359,1.180415197,410359,1.180415197,-0.0005,0.8976,1.984726523,645.8428,719.4997,754.7118,1.69666,,,,,,,,,,,,,,,,,,,,,,,,,30 Dec '99,,,,,,,,,,,,,,,,,,,,,,,,,,,,,,--,,,,,,,,,,,,,,,,,,,,,,,,,,,216,0.3650322402,262.6405994,
🇨🇦,Jay12310,0,0,8:04.480,8:04.480,26 Jan 2025,463,(U),unknown,,,https://www.youtube.com/watch?v=jjYvP5zAbZg&list=PLaTJSsRuu2UcsiC6KEkJwrGp1GaGgPoVG&index=5,8,4,480,484480,484,0,410359,1.18062477,421494,1.149435105,-0.0005,0.7933,1.623511223,632.7959,797.6324,754.2359,1.69865,,,,,,,,,,,,,,,,,,,,,,,,,30 Dec '99,,,,,,,,,,,,,,,,,,,,,,,,,,,,,,--,,,,,,,,,,,,,,,,,,,,,,,,,,,463,0.00004892193468,0.03902172188,
🇧🇷,brahmaquente,0,1,8:01.509,8:04.797,12 May 2025,357,(V),4176313215067158543,,,https://www.speedrun.com/mc/runs/y4nwjk3m,8,4,797,484797,485,1,410359,1.181397264,421494,1.150187191,-0.0005,0.8365,1.631504296,665.7855,795.8952,752.4775,1.70599,,,,,,,,,,,,,,,,,,,,,,,,,30 Dec '99,,,,,,,,,,,,,,,,,,,,,,,,,,,,,,,,,,,,,,,,,,,,,,,,,,,,,,,,,357,0.01056795151,8.410981916,
🇺🇦,7rowl,0,1,8:04.491,8:05.070,13 May 2024,721,(U),3390807343358437717,,,https://www.youtube.com/watch?v=1KMm0eJPRws,8,5,70,485070,485,0,410359,1.182062535,421494,1.150834887,-0.0005,0.6973,1.638417304,553.9519,794.3926,750.9582,1.71233,,,,,,,,,,,,,,,,,,,,,,,,,30 Dec '99,,,,,,,,,,,,,,,,,,,,,,,,,,,,,,--,,,,,,,,,,,,,,,,,,,,,,,,,,,721,0,0,
🇧🇬,BlindTravel,0,1,8:03.959,8:05.167,10 May 2025,359,(V),3979016117801702341,,,https://www.speedrun.com/mc/runs/y8g1jl5z,8,5,167,485167,485,0,410359,1.182298914,421494,1.151065021,-0.0005,0.8357,1.640880139,663.4170,793.8573,750.4173,1.71459,,,,,,,,,,,,,,,,,,,,,,,,,30 Dec '99,,,,,,,,,,,,,,,,,,,,,,,,,,,,,,,,,,,,,,,,,,,,,,,,,,,,,,,,,359,0.009785751303,7.768490393,
🇸🇪,v_strid,0,1,8:04.428,8:05.428,05 Feb 2025,453,(V),-5544842606483643213,,,https://www.speedrun.com/mc/runs/z5lxpqny,8,5,428,485428,485,0,410359,1.182934942,421494,1.151684247,-0.0005,0.7973,1.647524083,631.8064,792.4132,748.9590,1.72068,,,,,,,,,,,,,,,,,,,,,,,,,30 Dec '99,,,,,,,,,,,,,,,,,,,,,,,,,,,,,,,,,,,,,,,,,,,,,,,,,,,,,,,,,453,0.00009179362566,0.07273848088,
🇳🇴,skycrab1,0,0,8:05.447,8:05.447,13 Jul 2025,295,(U),8311211913392066784,,,https://www.youtube.com/watch?v=MPlhH010LdE&list=PLU3_fvoJ1GyMStiA29z37DUPtG47PvOJz&index=133,8,5,447,485447,485,0,410359,1.182981243,410359,1.182981243,-0.0005,0.8629,2.017753898,614.7382,712.4406,748.8527,1.72112,,,,,,,,,,,,,,,,,,,,,,,,,30 Dec '99,,,,,,,,,,,,,,,,,,,,,,,,,,,,,,--,,,,,,,,,,,,,,,,,,,,,,,,,,,295,0.07674726717,54.6778666,
🇺🇦,loodlow,0,1,8:02.631,8:05.732,30 Jun 2025,308,(V),6502082647557812063,,,https://www.speedrun.com/mc/runs/z16gg09m,8,5,732,485732,486,1,410359,1.183675757,410359,1.183675757,-0.0005,0.8573,2.026779547,609.1048,710.5152,747.2552,1.72779,,,,,,,,,,,,,,,,,,,,,,,,,30 Dec '99,,,,,,,,,,,,,,,,,,,,,,,,,,,,,,--,,,,,,,,,,,,,,,,,,,,,,,,,,,308,0.05383609102,38.25135931,
🇵🇱,watermelon1708,0,1,8:03.854,8:07.194,06 Jul 2025,302,(V),9122600350394059007,,,https://www.speedrun.com/mc/runs/yw2v45ny,8,7,194,487194,487,0,410359,1.187238491,410359,1.187238491,-0.0005,0.8598,2.073666415,602.3580,700.5403,738.9826,1.76240,,,,,,,,,,,,,,,,,,,,,,,,,30 Dec '99,,,,,,,,,,,,,,,,,,,,,,,,,,,,,,--,,,,,,,,,,,,,,,,,,,,,,,,,,,302,0.06364969155,44.58917345,
🇩🇪,jason_n,0,0,8:07.349,8:07.349,10 Jun 2025,328,(U),6183710647574302652,,,https://www.youtube.com/watch?v=Logr5V0QDDk,8,7,349,487349,487,0,410359,1.187616209,421494,1.156241844,-0.0005,0.8487,1.697200598,663.3908,781.6165,738.0980,1.76611,,,,,,,,,,,,,,,,,,,,,,,,,30 Dec '99,,,,,,,,,,,,,,,,,,,,,,,,,,,,,,--,,,,,,,,,,,,,,,,,,,,,,,,,,,328,0.02934141734,22.93373696,
🇸🇪,PAPLERR,0,1,8:07.689,8:07.689,28 May 2025,341,(V),-2052078032780233310,,,https://www.speedrun.com/mc/runs/y22nr37y,8,7,689,487689,488,1,410359,1.188444752,421494,1.157048499,-0.0005,0.8432,1.706136717,657.4555,779.6749,736.1524,1.77426,,,,,,,,,,,,,,,,,,,,,,,,,30 Dec '99,,,,,,,,,,,,,,,,,,,,,,,,,,,,,,,,,,,,,,,,,,,,,,,,,,,,,,,,,341,0.01896458285,14.78620987,
🇨🇳,Acactus_,0,1,8:05.297,8:08.421,23 Feb 2024,801,(V),6832552403849051699,,,https://www.speedrun.com/mc/runs/zn28n27z,8,8,421,488421,488,0,410359,1.190228556,421494,1.158785178,-0.0005,0.6700,1.725524269,519.5489,775.4635,731.9402,1.79193,,,,,,,,,,,,,,,,,,,,,,,,,30 Dec '99,,,,,,,,,,,,,,,,,,,,,,,,,,,,,,,,,,,,,,,,,,,,,,,,,,,,,,,,,801,0,0,
🇮🇱,sagi_enderman,0,1,8:05.180,8:08.427,24 Jan 2024,831,(V),-1127568643405241248,,,https://www.speedrun.com/mc/runs/zqdn2l1m,8,8,427,488427,488,0,410359,1.190243177,421494,1.158799414,-0.0005,0.6600,1.725684025,511.7909,775.4289,731.9056,1.79208,,,,,,,,,,,,,,,,,,,,,,,,,30 Dec '99,,,,,,,,,,,,,,,,,,,,,,,,,,,,,,--,,,,,,,,,,,,,,,,,,,,,,,,,,,831,0,0,
🇫🇮,Lathil,0,1,8:08.473,8:08.473,14 Apr 2025,385,(V),-1308536743164996263,,,https://www.speedrun.com/mc/runs/ylpgo0rm,8,8,473,488473,488,0,410359,1.190355274,421494,1.158908549,-0.0005,0.8249,1.726909283,639.4274,775.1628,731.6398,1.79319,,,,,,,,,,,,,,,,,,,,,,,,,30 Dec '99,,,,,,,,,,,,,,,,,,,,,,,,,,,,,,,,,,,,,,,,,,,,,,,,,,,,,,,,,385,0.00332374706,2.57644494,
🇺🇸,meebie,0,0,8:09.030,8:09.030,16 Oct 2025,200,(U),unknown,,,https://www.youtube.com/watch?v=uZ1E_scaXFA&list=PLaTJSsRuu2Ufk7cX7bUTt9V-IJxa8wqSM&index=20,8,9,30,489030,489,0,410359,1.191712622,410359,1.191712622,-0.0005,0.9048,2.133959584,622.3341,687.7855,728.4115,1.80675,,,,,,,,,,,,,,,,,,,,,,,,,30 Dec '99,,,,,,,,,,,,,,,,,,,,,,,,,,,,,,,,,,,,,,,,,,,,,,,,,,,,,,,,,200,0.4493289641,309.0419448,
🇩🇪,jason_n,0,1,8:10.305,8:10.305,12 May 2024,722,(V),-8081672849157921881,,,https://www.speedrun.com/mc/runs/y46kvjnz,8,10,305,490305,490,0,410359,1.194819658,421494,1.163254993,-0.0005,0.6970,1.776368173,532.7910,764.4290,720.9529,1.83815,,,,,,,,,,,,,,,,,,,,,,,,,30 Dec '99,,,,,,,,,,,,,,,,,,,,,,,,,,,,,,--,,,,,,,,,,,,,,,,,,,,,,,,,,,722,0,0,
🇺🇸,meebie,0,1,8:09.372,8:10.419,07 Jul 2023,1032,(V),-4538563713628989532,12,Yes,https://www.speedrun.com/mc/run/zge2pn0y,8,10,419,490419,490,0,410359,1.195097463,465828,1.052789871,-0.0005,0.5969,0.8545770414,571.2304,956.9898,720.2814,1.84098,,,,,,,,,,,,,,,,,,,,,,,,,30 Dec '99,,,,,,,,,,,,,,,,,,,,,,,,,,,,,,--,,,,,,,,,,,,,,,,,,,,,,,,,,,1032,0,0,
🇸🇰,NoFear1337,0,0,7:47.229,8:10.447,27 Dec 2023,859,(U),unknown,16,Yes,https://www.youtube.com/watch?v=GFz5UcBTrAk,8,10,447,490447,490,0,410359,1.195165696,446254,1.099031045,-0.0005,0.6508,1.164264774,583.0745,895.8876,720.1163,1.84167,,,,,,,,,,,,,,,,,,,,,,,,,30 Dec '99,,,,,,,,,,,,,,,,,,,,,,,,,,,,,,--,,,,,,,,,,,,,,,,,,,,,,,,,,,859,0,0,
🇺🇸,itsnahan,0,1,8:10.502,8:10.502,19 May 2025,350,(U),-2397708846488236424,,,https://www.youtube.com/watch?v=U4hoPKXpmyo,8,10,502,490502,491,1,410359,1.195299725,421494,1.163722378,-0.0005,0.8395,1.78176415,640.7231,763.2590,719.7920,1.84304,,,,,,,,,,,,,,,,,,,,,,,,,30 Dec '99,,,,,,,,,,,,,,,,,,,,,,,,,,,,,,,,,,,,,,,,,,,,,,,,,,,,,,,,,,,,
🇳🇴,skycrab1,0,0,8:09.558,8:10.528,23 Jun 2024,680,(U),-6343411097658357214,,,https://www.youtube.com/watch?v=pmNaJCUang0&list=PLU3_fvoJ1GyMStiA29z37DUPtG47PvOJz&index=38,8,10,528,490528,491,1,410359,1.195363085,421494,1.163784063,-0.0005,0.7118,1.782477443,543.1550,763.1043,719.6386,1.84369,,,,,,,,,,,,,,,,,,,,,,,,,30 Dec '99,,,,,,,,,,,,,,,,,,,,,,,,,,,,,,--,,,,,,,,,,,,,,,,,,,,,,,,,,,680,0,0,
🇬🇧,Steez,0,1,8:10.112,8:10.627,14 Aug 2025,263,(V),-550357973299006184,,,https://www.speedrun.com/mc/runs/y4nn06nm,8,10,627,490627,491,1,410359,1.195604337,410359,1.195604337,-0.0005,0.8768,2.187708491,593.1322,676.4897,719.0542,1.84615,,,,,,,,,,,,,,,,,,,,,,,,,30 Dec '99,,,,,,,,,,,,,,,,,,,,,,,,,,,,,,,,,,,,,,,,,,,,,,,,,,,,,,,,,263,0.1621643908,109.7025449,
🇨🇦,Aquacorde,0,0,8:10.818,8:10.818,15 Jul 2025,293,(U),5155476148031295835,,,https://www.youtube.com/watch?v=m5GWURA89ts,8,10,818,490818,491,1,410359,1.196069783,410359,1.196069783,-0.0005,0.8637,2.194219279,583.1241,675.1265,717.9251,1.85092,,,,,,,,,,,,,,,,,,,,,,,,,30 Dec '99,,,,,,,,,,,,,,,,,,,,,,,,,,,,,,--,,,,,,,,,,,,,,,,,,,,,,,,,,,293,0.08083253772,54.57218734,
🇳🇴,skycrab1,0,0,8:10.890,8:10.890,06 Jan 2025,483,(U),-7855142198495008899,,,https://www.youtube.com/watch?v=__bACJwOlow&list=PLU3_fvoJ1GyMStiA29z37DUPtG47PvOJz&index=107,8,10,890,490890,491,1,410359,1.196245239,421494,1.164642913,-0.0005,0.7854,1.792436219,597.6839,760.9457,717.4989,1.85272,,,,,,,,,,,,,,,,,,,,,,,,,30 Dec '99,,,,,,,,,,,,,,,,,,,,,,,,,,,,,,--,,,,,,,,,,,,,,,,,,,,,,,,,,,483,0.00001277706616,0.009722653143,
🇳🇴,skycrab1,0,0,8:10.497,8:11.103,07 Feb 2026,86,(U),unknown,,,https://www.youtube.com/watch?v=c8Pr_8UkxF0&list=PLU3_fvoJ1GyMStiA29z37DUPtG47PvOJz&index=167,8,11,103,491103,491,0,410359,1.196764297,410359,1.196764297,-0.0005,0.9579,2.203967363,644.7582,673.0875,716.2363,1.85805,,,,,,,,,,,,,,,,,,,,,,,,,30 Dec '99,,,,,,,,,,,,,,,,,,,,,,,,,,,,,,,,,,,,,,,,,,,,,,,,,,,,,,,,,86,0.9383750217,631.6085159,
🇧🇷,brahmaquente,0,1,8:07.405,8:11.357,30 Jul 2024,643,(V),468064970823174801,,,https://www.speedrun.com/mc/runs/meg6x50y,8,11,357,491357,491,0,410359,1.197383267,421494,1.165750877,-0.0005,0.7251,1.805359756,549.7016,758.1457,714.7273,1.86442,,,,,,,,,,,,,,,,,,,,,,,,,30 Dec '99,,,,,,,,,,,,,,,,,,,,,,,,,,,,,,,,,,,,,,,,,,,,,,,,,,,,,,,,,643,0,0.000000002158407495,
🇩🇰,Bloopy,0,0,8:11.720,8:11.720,07 Mar 2026,58,(U),6328234340742294275,,,https://www.youtube.com/watch?v=_3NI29jbOy0,8,11,720,491720,492,1,410359,1.198267858,410359,1.198267858,-0.0005,0.9714,2.225207233,649.5412,668.6537,712.5643,1.87357,,,,,,,,,,,,,,,,,,,,,,,,,30 Dec '99,,,,,,,,,,,,,,,,,,,,,,,,,,,,,,,,,,,,,,,,,,,,,,,,,,,,,,,,,58,0.9806779115,655.7339425,
🇺🇸,itsnahan,0,1,8:11.731,8:12.061,26 Sep 2024,585,(V),8580381741511547234,,,https://www.speedrun.com/mc/runs/ydl27rxz,8,12,61,492061,492,0,410359,1.199098838,421494,1.167421126,-0.0005,0.7464,1.825005123,562.7017,753.8924,710.5255,1.88219,,,,,,,,,,,,,,,,,,,,,,,,,30 Dec '99,,,,,,,,,,,,,,,,,,,,,,,,,,,,,,,,,,,,,,,,,,,,,,,,,,,,,,,,,585,0.000000002020011768,0.000001522871573,
🇷🇴,tudorule,0,1,8:08.070,8:12.219,03 May 2025,366,(V),3079207861677416186,,,https://www.speedrun.com/mc/runs/y6jp6n0m,8,12,219,492219,492,0,410359,1.199483867,421494,1.167795983,-0.0005,0.8328,1.829441277,627.0182,752.9325,709.5786,1.88620,,,,,,,,,,,,,,,,,,,,,,,,,30 Dec '99,,,,,,,,,,,,,,,,,,,,,,,,,,,,,,,,,,,,,,,,,,,,,,,,,,,,,,,,,366,0.00742583903,5.591155905,
🇦🇺,ParaFraser,0,1,8:10.103,8:12.481,05 Jul 2025,303,(V),-3856485852976638547,,,https://www.speedrun.com/mc/runs/y4nxdrdm,8,12,481,492481,492,0,410359,1.200122332,410359,1.200122332,-0.0005,0.8594,2.251662455,569.9218,663.1486,708.0052,1.89287,,,,,,,,,,,,,,,,,,,,,,,,,30 Dec '99,,,,,,,,,,,,,,,,,,,,,,,,,,,,,,,,,,,,,,,,,,,,,,,,,,,,,,,,,303,0.06192615204,41.06624295,
🇳🇴,skycrab1,0,0,8:12.697,8:12.697,16 Jun 2025,322,(U),8459975692548252643,,,https://www.youtube.com/watch?v=snXcok9zxhU&list=PLU3_fvoJ1GyMStiA29z37DUPtG47PvOJz&index=130,8,12,697,492697,493,1,410359,1.2006487,410359,1.2006487,-0.0005,0.8513,2.259223732,563.1968,661.5788,706.7052,1.89838,,,,,,,,,,,,,,,,,,,,,,,,,30 Dec '99,,,,,,,,,,,,,,,,,,,,,,,,,,,,,,--,,,,,,,,,,,,,,,,,,,,,,,,,,,322,0.03548572415,23.47660332,
🇨🇦,wethr,0,1,8:13.175,8:13.175,22 Dec 2024,498,(V),4556224492622948754,,,https://www.speedrun.com/mc/runs/y9p0o6vm,8,13,175,493175,493,0,410359,1.201813534,421494,1.170064105,-0.0005,0.7796,1.856496368,582.4112,747.0833,703.8188,1.91063,,,,,,,,,,,,,,,,,,,,,,,,,30 Dec '99,,,,,,,,,,,,,,,,,,,,,,,,,,,,,,,,,,,,,,,,,,,,,,,,,,,,,,,,,498,0.000004327159655,0.003232748656,
🇺🇸,Zylenox,0,0,8:11.111,8:13.283,16 Mar 2023,1145,(U),3386076644250915113,15,Yes,https://www.youtube.com/watch?v=t_huEH4IZxg,8,13,283,493283,493,0,410359,1.202076718,465828,1.058938063,-0.0005,0.5641,0.8905593454,536.0653,950.2793,703.1649,1.91341,,,,,,,,,,,,,,,,,,,,,,,,,30 Dec '99,,,,,,,,,,,,,,,,,,,,,,,,,,,,,,--,,,,,,,,,,,,,,,,,,,,,,,,,,,1145,0,0,
🇦🇺,bigbigmongey,0,1,8:12.044,8:12.649,02 Jul 2024,671,(V),8478412829008933608,,,https://www.speedrun.com/mc/runs/z0dvl6ey,8,12,649,492649,493,1,410359,1.20053173,421494,1.168816163,-0.0005,0.7150,1.841564946,536.4573,750.3104,706.9943,1.89715,,,,,,,,,,,,,,,,,,,,,,,,,30 Dec '99,,,,,,,,,,,,,,,,,,,,,,,,,,,,,,,,,,,,,,,,,,,,,,,,,,,,,,,,,671,0,0,
🇨🇦,MrBudgie,0,1,8:10.638,8:13.690,16 Aug 2024,626,(V),1320019232325394424,,,https://www.speedrun.com/mc/runs/yvx1dexz,8,13,690,493690,494,1,410359,1.203068533,421494,1.17128595,-0.0005,0.7312,1.871223939,543.9790,743.9029,700.6947,1.92391,,,,,,,,,,,,,,,,,,,,,,,,,30 Dec '99,,,,,,,,,,,,,,,,,,,,,,,,,,,,,,,,,,,,,,,,,,,,,,,,,,,,,,,,,626,0,0.00000001650624519,
🇨🇦,Aquacorde,0,0,8:14.109,8:14.109,05 Jul 2025,303,(U),6586350975935929914,,,https://www.youtube.com/watch?v=G0Hp7oeSKuw,8,14,109,494109,494,0,410359,1.20408959,410359,1.20408959,-0.0005,0.8594,2.309227383,559.6866,651.2391,698.1420,1.93477,,,,,,,,,,,,,,,,,,,,,,,,,30 Dec '99,,,,,,,,,,,,,,,,,,,,,,,,,,,,,,--,,,,,,,,,,,,,,,,,,,,,,,,,,,303,0.06192615204,40.3287333,
🇺🇸,Bloon,0,1,8:14.162,8:14.162,27 Oct 2025,189,(V),-960978816984086672,,,https://www.speedrun.com/mc/runs/z0k9kvjm,8,14,162,494162,494,0,410359,1.204218745,410359,1.204218745,-0.0005,0.9098,2.311123855,592.1600,650.8484,697.8184,1.93615,,,,,,,,,,,,,,,,,,,,,,,,,30 Dec '99,,,,,,,,,,,,,,,,,,,,,,,,,,,,,,,,,,,,,,,,,,,,,,,,,,,,,,,,,189,0.5090918128,331.3416086,
🇨🇦,Jay12310,0,0,8:14.911,8:14.911,01 Dec 2025,154,(U),unknown,,,https://www.youtube.com/watch?v=DQen1iTu-So&list=PLaTJSsRuu2UcsiC6KEkJwrGp1GaGgPoVG&index=9,8,14,911,494911,495,1,410359,1.206043976,410359,1.206043976,-0.0005,0.9259,2.338077674,597.4836,645.3074,693.2288,1.95572,,,,,,,,,,,,,,,,,,,,,,,,,30 Dec '99,,,,,,,,,,,,,,,,,,,,,,,,,,,,,,--,,,,,,,,,,,,,,,,,,,,,,,,,,,154,0.6940395025,447.8688316,
🇺🇸,doogile,1,1,8:10.241,8:15.537,06 Nov 2022,1275,(V),9153513292182018950,,,https://www.youtube.com/watch?v=8DYIvJETTDE,8,15,537,495537,496,1,410359,1.20756947,517884,0.9568494103,-0.0005,0.5286,0.4513328452,539.2413,1020.1074,689.3694,1.97221,,,,,,,,,,,,,,,,,,,,,,,,,30 Dec '99,,,,,,,,,,,,,,,,,,,,,,,,,,,,,,--,,,,,,,,,,,,,,,,,,,,,,,,,,,1275,0,0,
🇩🇰,Bloopy,0,0,8:15.715,8:15.715,06 Apr 2026,28,(U),3795610833190711920,,,https://www.youtube.com/watch?v=Tk_-9crkNP0,8,15,715,495715,496,1,410359,1.208003236,410359,1.208003236,-0.0005,0.9861,2.367330271,630.4310,639.3191,688.2680,1.97692,,,,,,,,,,,,,,,,,,,,,,,,,30 Dec '99,,,,,,,,,,,,,,,,,,,,,,,,,,,,,,,,,,,,,,,,,,,,,,,,,,,,,,,,,28,0.9978072077,637.9172479,
🇨🇦,Aquacorde,0,0,8:16.080,8:16.080,19 Jul 2025,289,(U),-3413707190764289689,,,https://www.youtube.com/watch?v=ip7IP1Srx_o,8,16,80,496080,496,0,410359,1.208892701,410359,1.208892701,-0.0005,0.8655,2.380720407,550.9374,636.5870,686.0044,1.98662,,,,,,,,,,,,,,,,,,,,,,,,,30 Dec '99,,,,,,,,,,,,,,,,,,,,,,,,,,,,,,--,,,,,,,,,,,,,,,,,,,,,,,,,,,289,0.08947850054,56.96085333,
🇧🇪,akbh,0,1,8:16.150,8:16.150,28 Oct 2025,188,(V),-494949671729861114,,,https://www.speedrun.com/mc/runs/y9w1kxrz,8,16,150,496150,496,0,410359,1.209063284,410359,1.209063284,-0.0005,0.9103,2.383296271,578.9964,636.0621,685.5694,1.98848,,,,,,,,,,,,,,,,,,,,,,,,,30 Dec '99,,,,,,,,,,,,,,,,,,,,,,,,,,,,,,,,,,,,,,,,,,,,,,,,,,,,,,,,,188,0.5145476057,327.2842371,
🇬🇧,Mauvu,0,1,8:16.269,8:16.269,04 Jun 2025,334,(V),7577249546337144986,,,https://www.speedrun.com/mc/runs/yvl7e48z,8,16,269,496269,496,0,410359,1.209353274,421494,1.177404661,-0.0005,0.8462,1.946613511,615.7548,727.6708,684.8294,1.99166,,,,,,,,,,,,,,,,,,,,,,,,,30 Dec '99,,,,,,,,,,,,,,,,,,,,,,,,,,,,,,,,,,,,,,,,,,,,,,,,,,,,,,,,,334,0.02408971242,17.52938143,
🇸🇰,NoFear1337,0,0,8:16.272,8:16.613,23 Apr 2026,11,(U),unknown,,,https://www.youtube.com/watch?v=NVqSAkRBd_4,8,16,613,496613,497,1,410359,1.210191564,410359,1.210191564,-0.0005,0.9945,2.400397962,629.1128,632.5824,682.6860,2.00085,,,,,,,,,,,,,,,,,,,,,,,,,30 Dec '99,,,,,,,,,,,,,,,,,,,,,,,,,,,,,,,,,,,,,,,,,,,,,,,,,,,,,,,,,11,0.9998669089,632.4982551,
🇦🇷,TuCara9,0,1,8:17.207,8:17.713,26 Nov 2025,159,(V),7314274440218677457,,,https://www.speedrun.com/mc/runs/m326p64y,8,17,713,497713,498,1,410359,1.212872144,410359,1.212872144,-0.0005,0.9236,2.441478516,576.5554,624.2628,675.7898,2.03052,,,,,,,,,,,,,,,,,,,,,,,,,30 Dec '99,,,,,,,,,,,,,,,,,,,,,,,,,,,,,,,,,,,,,,,,,,,,,,,,,,,,,,,,,159,0.6690022203,417.6331699,
🇨🇦,Aquacorde,0,0,8:17.895,8:17.895,12 Aug 2025,265,(U),-7262470716101336113,,,https://www.youtube.com/watch?v=ytYXAwlQPWg,8,17,895,497895,498,1,410359,1.213315658,410359,1.213315658,-0.0005,0.8759,2.448337005,545.5817,622.8792,674.6426,2.03547,,,,,,,,,,,,,,,,,,,,,,,,,30 Dec '99,,,,,,,,,,,,,,,,,,,,,,,,,,,,,,--,,,,,,,,,,,,,,,,,,,,,,,,,,,265,0.1555228675,96.87196024,
🇮🇪,ContraVz,0,1,8:17.914,8:17.914,03 Apr 2025,396,(V),3844627486666536870,,,https://www.speedrun.com/mc/runs/y2n4p27y,8,17,914,497914,498,1,410359,1.213361959,421494,1.181307444,-0.0005,0.8204,1.996153671,588.2503,717.0550,674.5228,2.03599,,,,,,,,,,,,,,,,,,,,,,,,,30 Dec '99,,,,,,,,,,,,,,,,,,,,,,,,,,,,,,,,,,,,,,,,,,,,,,,,,,,,,,,,,396,0.00200941107,1.440858193,
🇺🇸,Feinberg,0,1,8:15.802,8:18.453,23 Oct 2025,193,(V),-4568351362798030549,,,https://www.speedrun.com/mc/runs/zp5lnlny,8,18,453,498453,498,0,410359,1.214675443,410359,1.214675443,-0.0005,0.9080,2.46947437,561.7178,618.6252,671.1149,2.05071,,,,,,,,,,,,,,,,,,,,,,,,,30 Dec '99,,,,,,,,,,,,,,,,,,,,,,,,,,,,,,,,,,,,,,,,,,,,,,,,,,,,,,,,,193,0.4872852005,301.4468815,
🇩🇪,jason_n,0,0,8:18.588,8:18.588,19 Aug 2025,258,(U),4176206987315611766,,,https://www.youtube.com/watch?v=GBSM3X1G7Rg,8,18,588,498588,499,1,410359,1.215004423,410359,1.215004423,-0.0005,0.8790,2.474613188,542.8484,617.5932,670.2590,2.05441,,,,,,,,,,,,,,,,,,,,,,,,,30 Dec '99,,,,,,,,,,,,,,,,,,,,,,,,,,,,,,--,,,,,,,,,,,,,,,,,,,,,,,,,,,258,0.1795410871,110.8833569,
🇩🇰,Bloopy,0,0,8:18.601,8:18.601,02 Aug 2025,275,(U),121410886578867315,,,https://www.youtube.com/watch?v=EwXtlrbNI1o,8,18,601,498601,499,1,410359,1.215036103,410359,1.215036103,-0.0005,0.8715,2.475108552,538.1670,617.4938,670.1765,2.05476,,,,,,,,,,,,,,,,,,,,,,,,,30 Dec '99,,,,,,,,,,,,,,,,,,,,,,,,,,,,,,--,,,,,,,,,,,,,,,,,,,,,,,,,,,275,0.124969259,77.16774083,
🇺🇸,Zylenox,0,0,8:17.546,8:18.731,15 Apr 2024,749,(U),3379831003145275556,,,https://www.youtube.com/watch?v=JDIyooRslEc,8,18,731,498731,499,1,410359,1.215352898,421494,1.183245788,-0.0005,0.6876,2.021187449,489.3939,711.7079,669.3514,2.05833,,,,,,,,,,,,,,,,,,,,,,,,,30 Dec '99,,,,,,,,,,,,,,,,,,,,,,,,,,,,,,--,,,,,,,,,,,,,,,,,,,,,,,,,,,749,0,0,
🇳🇴,skycrab1,0,0,8:17.174,8:19.441,19 May 2024,715,(U),3087289280453736272,,,https://www.youtube.com/watch?v=82fZlnldpjc&list=PLU3_fvoJ1GyMStiA29z37DUPtG47PvOJz&index=21,8,19,441,499441,499,0,410359,1.217083091,421494,1.184930272,-0.0005,0.6994,2.043177002,494.5068,707.0214,664.8295,2.07793,,,,,,,,,,,,,,,,,,,,,,,,,30 Dec '99,,,,,,,,,,,,,,,,,,,,,,,,,,,,,,--,,,,,,,,,,,,,,,,,,,,,,,,,,,715,0,0,
🇫🇮,sadekeppi,0,0,8:19.618,8:19.618,22 Mar 2026,43,(U),6063058172507802220,,,https://www.youtube.com/watch?v=jy9oRPGabRY,8,19,618,499618,500,1,410359,1.21751442,410359,1.21751442,-0.0005,0.9787,2.514142569,596.7172,609.6855,663.6982,2.08285,,,,,,,,,,,,,,,,,,,,,,,,,30 Dec '99,,,,,,,,,,,,,,,,,,,,,,,,,,,,,,,,,,,,,,,,,,,,,,,,,,,,,,,,,,,,
🇳🇴,skycrab1,0,0,8:19.619,8:19.619,09 Oct 2024,572,(U),-7062641621573021177,,,https://www.youtube.com/watch?v=qIX6RDLk3Fw&list=PLU3_fvoJ1GyMStiA29z37DUPtG47PvOJz&index=79,8,19,619,499619,500,1,410359,1.217516857,421494,1.185352579,-0.0005,0.7513,2.04872428,530.2718,705.8408,663.6918,2.08287,,,,,,,,,,,,,,,,,,,,,,,,,30 Dec '99,,,,,,,,,,,,,,,,,,,,,,,,,,,,,,--,,,,,,,,,,,,,,,,,,,,,,,,,,,572,0.000000007450946244,0.000005259181553,
🇭🇷,Mar1n,0,1,8:19.806,8:19.806,21 Oct 2024,560,(V),698532108666567657,,,https://www.speedrun.com/mc/runs/z1n66ojy,8,19,806,499806,500,1,410359,1.217972556,421494,1.185796239,-0.0005,0.7558,2.054566959,532.5237,704.5979,662.4949,2.08807,,,,,,,,,,,,,,,,,,,,,,,,,30 Dec '99,,,,,,,,,,,,,,,,,,,,,,,,,,,,,,,,,,,,,,,,,,,,,,,,,,,,,,,,,560,0.00000002360989342,0.00001663548186,
🇺🇸,Reignex,0,1,8:19.298,8:19.817,24 Sep 2023,953,(U),-3985147101755228047,,,https://www.youtube.com/watch?v=P5dL8lNC1pw,8,19,817,499817,500,1,410359,1.217999362,465828,1.072964699,-0.0005,0.6210,0.9783214226,579.6106,933.4211,662.4245,2.08838,,,,,,,,,,,,,,,,,,,,,,,,,30 Dec '99,,,,,,,,,,,,,,,,,,,,,,,,,,,,,,,,,,,,,,,,,,,,,,,,,,,,,,,,,,,,
🇺🇦,7rowl,0,1,8:17.517,8:20.033,31 May 2023,1069,(V),-3529659453233886563,,,https://www.speedrun.com/mc/runs/zqj4529m,8,20,33,500033,500,0,410359,1.21852573,465828,1.07342839,-0.0005,0.5860,0.9813626098,546.6005,932.8256,661.0397,2.09440,,,,,,,,,,,,,,,,,,,,,,,,,30 Dec '99,,,,,,,,,,,,,,,,,,,,,,,,,,,,,,--,,,,,,,,,,,,,,,,,,,,,,,,,,,1069,0,0,
🇳🇴,skycrab1,0,0,8:20.209,8:20.209,15 Dec 2024,505,(U),-6441503782371694371,,,https://www.youtube.com/watch?v=MBNYYvNrJZk&list=PLU3_fvoJ1GyMStiA29z37DUPtG47PvOJz&index=103,8,20,209,500209,500,0,410359,1.218954623,421494,1.186752362,-0.0005,0.7769,2.067210537,545.2839,701.9109,659.9096,2.09932,,,,,,,,,,,,,,,,,,,,,,,,,30 Dec '99,,,,,,,,,,,,,,,,,,,,,,,,,,,,,,--,,,,,,,,,,,,,,,,,,,,,,,,,,,505,0.000002551670029,0.001791045094,
🇳🇴,skycrab1,0,0,8:20.575,8:20.575,29 Aug 2024,613,(U),6341036276828892777,,,https://www.youtube.com/watch?v=mUhBdkUS4Xo&list=PLU3_fvoJ1GyMStiA29z37DUPtG47PvOJz&index=61,8,20,575,500575,501,1,410359,1.219846525,421494,1.187620702,-0.0005,0.7360,2.078755242,514.8159,699.4605,657.5547,2.10958,,,,,,,,,,,,,,,,,,,,,,,,,30 Dec '99,,,,,,,,,,,,,,,,,,,,,,,,,,,,,,--,,,,,,,,,,,,,,,,,,,,,,,,,,,613,0,0.00000006933400736,
🇺🇸,doogile,0,0,8:20.954,8:20.954,22 Sep 2024,589,(U),5840096564526051748,,,https://www.youtube.com/watch?v=GqY9MGcuvWk,8,20,954,500954,501,1,410359,1.220770106,421494,1.188519884,-0.0005,0.7449,2.090772439,519.1333,696.9130,655.1091,2.12026,,,,,,,,,,,,,,,,,,,,,,,,,30 Dec '99,,,,,,,,,,,,,,,,,,,,,,,,,,,,,,--,,,,,,,,,,,,,,,,,,,,,,,,,,,589,0.000000001335918322,0.0000009310188708,
🇹🇿,Kxpow,0,1,8:19.128,8:20.966,05 Dec 2023,881,(V),-207017292191506931,,,https://www.speedrun.com/mc/runs/z5ke9xjz,8,20,966,500966,501,1,410359,1.220799349,465828,1.075431275,-0.0005,0.6437,0.9946049608,598.7989,930.2244,655.0316,2.12060,,,,,,,,,,,,,,,,,,,,,,,,,30 Dec '99,,,,,,,,,,,,,,,,,,,,,,,,,,,,,,,,,,,,,,,,,,,,,,,,,,,,,,,,,881,0,0,
🇹🇿,Kxpow,0,1,8:19.488,8:21.011,09 Jan 2024,846,(V),4490097923820258206,,,https://www.speedrun.com/mc/runs/y8kg0e1y,8,21,11,501011,501,0,410359,1.220909009,421494,1.188655117,-0.0005,0.6551,2.092585288,456.2813,696.5290,654.7407,2.12187,,,,,,,,,,,,,,,,,,,,,,,,,30 Dec '99,,,,,,,,,,,,,,,,,,,,,,,,,,,,,,,,,,,,,,,,,,,,,,,,,,,,,,,,,846,0,0,
🇺🇦,dinonuggieboi,0,1,8:20.213,8:21.405,23 Dec 2024,497,(V),2194551805406621364,,,https://www.speedrun.com/mc/runs/zpk476gy,8,21,405,501405,501,0,410359,1.221869144,421494,1.189589887,-0.0005,0.7800,2.105155756,541.1963,693.8683,652.1899,2.13303,,,,,,,,,,,,,,,,,,,,,,,,,30 Dec '99,,,,,,,,,,,,,,,,,,,,,,,,,,,,,,,,,,,,,,,,,,,,,,,,,,,,,,,,,497,0.000004660688845,0.003233904019,
🇫🇮,AndrewCrow,0,1,8:19.952,8:21.407,19 Oct 2025,197,(V),4078753902684247139,,,https://www.speedrun.com/mc/runs/yw580r9y,8,21,407,501407,501,0,410359,1.221874018,410359,1.221874018,-0.0005,0.9062,2.584170749,539.9218,595.8115,652.1769,2.13308,,,,,,,,,,,,,,,,,,,,,,,,,30 Dec '99,,,,,,,,,,,,,,,,,,,,,,,,,,,,,,,,,,,,,,,,,,,,,,,,,,,,,,,,,197,0.4655492908,277.3795983,
🇳🇴,skycrab1,0,0,8:22.065,8:22.065,06 Mar 2026,59,(U),unknown,,,https://www.youtube.com/watch?v=WR8_NH2aZTo&list=PLU3_fvoJ1GyMStiA29z37DUPtG47PvOJz&index=171,8,22,65,502065,502,0,410359,1.223477492,410359,1.223477492,-0.0005,0.9709,2.610370811,573.4959,590.6660,647.9002,2.15183,,,,,,,,,,,,,,,,,,,,,,,,,30 Dec '99,,,,,,,,,,,,,,,,,,,,,,,,,,,,,,,,,,,,,,,,,,,,,,,,,,,,,,,,,59,0.9796715662,578.6587219,
🇺🇸,Feinberg,0,1,8:21.322,8:22.104,21 Oct 2025,195,(V),8513141949686627238,,,https://www.speedrun.com/mc/runs/yw58n63y,8,22,104,502104,502,0,410359,1.22357253,410359,1.22357253,-0.0005,0.9071,2.611931264,535.5173,590.3604,647.6461,2.15295,,,,,,,,,,,,,,,,,,,,,,,,,30 Dec '99,,,,,,,,,,,,,,,,,,,,,,,,,,,,,,,,,,,,,,,,,,,,,,,,,,,,,,,,,,,,
🇩🇪,jason_n,0,0,8:22.273,8:22.273,02 Feb 2026,91,(U),7995908203394493910,,,https://www.youtube.com/watch?v=JHDFp57LuTQ,8,22,273,502273,502,0,410359,1.223984365,410359,1.223984365,-0.0005,0.9555,2.618703037,562.8344,589.0349,646.5440,2.15779,,,,,,,,,,,,,,,,,,,,,,,,,30 Dec '99,,,,,,,,,,,,,,,,,,,,,,,,,,,,,,--,,,,,,,,,,,,,,,,,,,,,,,,,,,91,0.9274122483,546.2782247,
🇳🇴,skycrab1,0,0,8:22.292,8:22.292,10 Dec 2024,510,(U),7706444672099891654,,,https://www.youtube.com/watch?v=VKGDkYwS24I&list=PLU3_fvoJ1GyMStiA29z37DUPtG47PvOJz&index=101,8,22,292,502292,502,0,410359,1.224030666,421494,1.191694306,-0.0005,0.7749,2.133709511,533.0172,687.8382,646.4200,2.15834,,,,,,,,,,,,,,,,,,,,,,,,,30 Dec '99,,,,,,,,,,,,,,,,,,,,,,,,,,,,,,--,,,,,,,,,,,,,,,,,,,,,,,,,,,510,0.000001733964765,0.001192687239,
🇫🇮,Cube1337x,0,1,8:23.352,8:23.352,29 Feb 2024,795,(V),5421616656737029560,,,https://www.speedrun.com/mc/runs/yvl3g1ez,8,23,352,503352,503,0,410359,1.22661377,421494,1.19420917,-0.0005,0.6720,2.168298507,457.3352,680.5604,639.4761,2.18893,,,,,,,,,,,,,,,,,,,,,,,,,30 Dec '99,,,,,,,,,,,,,,,,,,,,,,,,,,,,,,--,,,,,,,,,,,,,,,,,,,,,,,,,,,795,0,0,
,lowkey,0,1,8:22.028,8:23.880,22 May 2023,1078,(V),9002087332504975257,,Yes,https://www.youtube.com/watch?v=jFKZ4TUPdmo,8,23,880,503880,504,1,410359,1.227900448,465828,1.081686803,-0.0005,0.5833,1.03709205,537.7109,921.7934,635.9980,2.20432,,,,,,,,,,,,,,,,,,,,,,,,,30 Dec '99,,,,,,,,,,,,,,,,,,,,,,,,,,,,,,--,,,,,,,,,,,,,,,,,,,,,,,,,,,1078,0,0,
🇦🇺,Erikfzf,0,1,8:24.041,8:24.041,20 Nov 2024,530,(V),-6796941207508613900,,,https://www.speedrun.com/mc/runs/y8p52pnz,8,24,41,504041,504,0,410359,1.228292788,421494,1.195843832,-0.0005,0.7672,2.191056397,518.4690,675.7886,634.9349,2.20903,,,,,,,,,,,,,,,,,,,,,,,,,30 Dec '99,,,,,,,,,,,,,,,,,,,,,,,,,,,,,,,,,,,,,,,,,,,,,,,,,,,,,,,,,,,,
🇮🇹,Ale267,0,0,8:24.141,8:24.141,13 Jun 2025,325,(V),8802496130484979857,,,https://www.speedrun.com/mc/runs/zng0o67m,8,24,141,504141,504,0,410359,1.228536477,410359,1.228536477,-0.0005,0.8500,2.694624113,488.1575,574.2920,634.2740,2.21196,,,,,,,,,,,,,,,,,,,,,,,,,30 Dec '99,,,,,,,,,,,,,,,,,,,,,,,,,,,,,,,,,,,,,,,,,,,,,,,,,,,,,,,,,,,,
🇳🇴,skycrab1,0,0,8:24.266,8:24.266,25 Jan 2025,464,(U),-2192530939169664687,,,https://www.youtube.com/watch?v=G-ri7QuIsdY&list=PLU3_fvoJ1GyMStiA29z37DUPtG47PvOJz&index=110,8,24,266,504266,504,0,410359,1.228841088,421494,1.196377647,-0.0005,0.7929,2.198535526,534.6228,674.2234,633.4472,2.21563,,,,,,,,,,,,,,,,,,,,,,,,,30 Dec '99,,,,,,,,,,,,,,,,,,,,,,,,,,,,,,--,,,,,,,,,,,,,,,,,,,,,,,,,,,464,0.00004586838767,0.03092553861,
🇦🇺,Erikfzf,0,1,8:24.756,8:24.826,02 Jan 2024,853,(V),3735207518751547870,,,https://www.speedrun.com/mc/runs/m73or65y,8,24,826,504826,505,1,410359,1.230205747,446254,1.131252605,-0.0005,0.6528,1.441055472,546.5011,837.1777,629.7348,2.23213,,,,,,,,,,,,,,,,,,,,,,,,,30 Dec '99,,,,,,,,,,,,,,,,,,,,,,,,,,,,,,,,,,,,,,,,,,,,,,,,,,,,,,,,,,,,
🇨🇦,Jay12310,0,0,8:26.738,8:26.738,24 Nov 2025,161,(U),unknown,,,https://www.youtube.com/watch?v=fEau7iO9TJQ&list=PLaTJSsRuu2UcsiC6KEkJwrGp1GaGgPoVG&index=8,8,26,738,506738,507,1,410359,1.234865082,410359,1.234865082,-0.0005,0.9227,2.803498207,510.7215,553.5347,616.9569,2.28931,,,,,,,,,,,,,,,,,,,,,,,,,30 Dec '99,,,,,,,,,,,,,,,,,,,,,,,,,,,,,,--,,,,,,,,,,,,,,,,,,,,,,,,,,,161,0.6588047306,364.6712926,
🇺🇸,Zylenox,0,0,8:24.513,8:26.865,22 Apr 2023,1108,(U),2931282686903167782,12,Yes,https://www.youtube.com/watch?v=MBJI6KWkH2Q,8,26,865,506865,507,1,410359,1.235174567,465828,1.088094747,-0.0005,0.5746,1.082434748,524.4590,912.6635,616.1027,2.29315,,,,,,,,,,,,,,,,,,,,,,,,,30 Dec '99,,,,,,,,,,,,,,,,,,,,,,,,,,,,,,--,,,,,,,,,,,,,,,,,,,,,,,,,,,1108,0,0,
🇷🇸,skylewl,0,1,8:26.341,8:26.935,22 May 2025,347,(V),-1265497981289572825,,,https://www.speedrun.com/mc/runs/zpolr1nm,8,26,935,506935,507,1,410359,1.235345149,421494,1.202709884,-0.0005,0.8407,2.289056878,551.0070,655.4011,615.6316,2.29527,,,,,,,,,,,,,,,,,,,,,,,,,30 Dec '99,,,,,,,,,,,,,,,,,,,,,,,,,,,,,,,,,,,,,,,,,,,,,,,,,,,,,,,,,,,,
🇨🇦,Jay12310,0,1,8:26.957,8:26.957,07 May 2024,727,(V),608766675105077046,,,https://www.speedrun.com/mc/runs/y22k556y,8,26,957,506957,507,1,410359,1.235398761,421494,1.20276208,-0.0005,0.6952,2.289817,455.5511,655.2441,615.4835,2.29594,,,,,,,,,,,,,,,,,,,,,,,,,30 Dec '99,,,,,,,,,,,,,,,,,,,,,,,,,,,,,,--,,,,,,,,,,,,,,,,,,,,,,,,,,,727,0,0,
🇫🇮,sadekeppi,0,0,8:26.965,8:27.444,01 Jan 2026,123,(U),unknown,,,https://www.youtube.com/watch?v=sHGcb5u_PzY,8,27,444,507444,507,0,410359,1.236585526,410359,1.236585526,-0.0005,0.9404,2.833778201,515.1671,547.8444,612.1999,2.31075,,,,,,,,,,,,,,,,,,,,,,,,,30 Dec '99,,,,,,,,,,,,,,,,,,,,,,,,,,,,,,,,,,,,,,,,,,,,,,,,,,,,,,,,,,,,
🇺🇸,Zylenox,0,1,8:25.432,8:27.473,17 Dec 2022,1234,(V),-4934318869749955,12,Yes,https://www.speedrun.com/mc/run/yln0kekz,8,27,473,507473,507,0,410359,1.236656196,495537,1.024087001,-0.0005,0.5396,0.7048738806,530.5840,983.3629,612.0041,2.31163,,,,,,,,,,,,,,,,,,,,,,,,,30 Dec '99,,,,,,,,,,,,,,,,,,,,,,,,,,,,,,--,,,,,,,,,,,,,,,,,,,,,,,,,,,1234,0,0,
🇺🇸,meebie,0,0,8:27.708,8:28.050,19 Apr 2024,745,(U),-2948925549180981634,,,https://www.youtube.com/watch?v=bnxMyi5w0lE&list=PLaTJSsRuu2Ufk7cX7bUTt9V-IJxa8wqSM&index=13,8,28,50,508050,508,0,410359,1.238062282,421494,1.205355236,-0.0005,0.6890,2.327873233,446.0666,647.4026,608.1006,2.32929,,,,,,,,,,,,,,,,,,,,,,,,,30 Dec '99,,,,,,,,,,,,,,,,,,,,,,,,,,,,,,--,,,,,,,,,,,,,,,,,,,,,,,,,,,745,0,0,
🇳🇴,skycrab1,0,0,8:27.992,8:28.114,07 Feb 2026,86,(U),unknown,,,https://www.youtube.com/watch?v=h2JcBageD9o&list=PLU3_fvoJ1GyMStiA29z37DUPtG47PvOJz&index=165,8,28,114,508114,508,0,410359,1.238218243,410359,1.238218243,-0.0005,0.9579,2.86278819,519.5970,542.4270,607.6668,2.33126,,,,,,,,,,,,,,,,,,,,,,,,,30 Dec '99,,,,,,,,,,,,,,,,,,,,,,,,,,,,,,,,,,,,,,,,,,,,,,,,,,,,,,,,,86,0.9383750217,508.9999216,
🇨🇦,Aquacorde,0,0,8:28.191,8:28.191,21 Sep 2025,225,(U),-1431734441306868324,,,https://www.youtube.com/watch?v=Sr-fxjtImKM,8,28,191,508191,508,0,410359,1.238405884,410359,1.238405884,-0.0005,0.8936,2.866139368,484.1540,541.8033,607.1447,2.33363,,,,,,,,,,,,,,,,,,,,,,,,,30 Dec '99,,,,,,,,,,,,,,,,,,,,,,,,,,,,,,--,,,,,,,,,,,,,,,,,,,,,,,,,,,225,0.3201189927,173.4415406,
🇳🇴,skycrab1,0,0,8:27.909,8:28.430,05 Dec 2025,150,(U),see video,,,https://www.youtube.com/watch?v=whjGQXRNxTo&list=PLU3_fvoJ1GyMStiA29z37DUPtG47PvOJz&index=150,8,28,430,508430,508,0,410359,1.2389883,410359,1.2389883,-0.0005,0.9277,2.876563741,500.8575,539.8663,605.5226,2.34099,,,,,,,,,,,,,,,,,,,,,,,,,30 Dec '99,,,,,,,,,,,,,,,,,,,,,,,,,,,,,,--,,,,,,,,,,,,,,,,,,,,,,,,,,,150,0.7135519747,385.2226937,
🇨🇦,Aquacorde,0,0,8:28.441,8:28.441,16 Oct 2025,200,(U),7318195485466118347,,,https://www.youtube.com/watch?v=RrhnX7u9LCk,8,28,441,508441,508,0,410359,1.239015106,410359,1.239015106,-0.0005,0.9048,2.87704435,488.4106,539.7771,605.4479,2.34133,,,,,,,,,,,,,,,,,,,,,,,,,30 Dec '99,,,,,,,,,,,,,,,,,,,,,,,,,,,,,,--,,,,,,,,,,,,,,,,,,,,,,,,,,,200,0.4493289641,242.5375043,
🇳🇴,skycrab1,0,0,8:28.504,8:28.504,25 May 2025,344,(U),4268670771735988776,,,https://www.youtube.com/watch?v=CTzti8oVBRg&list=PLU3_fvoJ1GyMStiA29z37DUPtG47PvOJz&index=126,8,28,504,508504,509,1,410359,1.23916863,421494,1.206432357,-0.0005,0.8420,2.343849984,542.3387,644.1237,605.0199,2.34328,,,,,,,,,,,,,,,,,,,,,,,,,30 Dec '99,,,,,,,,,,,,,,,,,,,,,,,,,,,,,,--,,,,,,,,,,,,,,,,,,,,,,,,,,,344,0.01706444193,10.99161072,
🇭🇺,fe666,0,1,8:27.472,8:28.669,04 Jun 2025,334,(V),6672725285728588092,,,https://www.speedrun.com/mc/runs/y8gv7gxz,8,28,669,508669,509,1,410359,1.239570717,421494,1.206823822,-0.0005,0.8462,2.349681301,544.0461,642.9289,603.8983,2.34838,,,,,,,,,,,,,,,,,,,,,,,,,30 Dec '99,,,,,,,,,,,,,,,,,,,,,,,,,,,,,,,,,,,,,,,,,,,,,,,,,,,,,,,,,,,,
🇫🇮,AndrewCrow,0,1,8:27.109,8:28.982,12 Jun 2025,326,(V),-4964328459581115875,,,https://www.speedrun.com/mc/runs/y6j9rnjm,8,28,982,508982,509,1,410359,1.240333464,410359,1.240333464,-0.0005,0.8496,2.900771594,454.8585,535.3851,601.7677,2.35808,,,,,,,,,,,,,,,,,,,,,,,,,30 Dec '99,,,,,,,,,,,,,,,,,,,,,,,,,,,,,,,,,,,,,,,,,,,,,,,,,,,,,,,,,326,0.03128559222,16.74984025,
🇫🇮,sadekeppi,0,1,8:29.360,8:29.360,18 Jan 2025,471,(V),-3537755011442785569,,,https://www.speedrun.com/mc/runs/y4j787qy,8,29,360,509360,509,0,410359,1.241254609,421494,1.208463228,-0.0005,0.7902,2.374246447,504.0588,637.9073,599.1897,2.36984,,,,,,,,,,,,,,,,,,,,,,,,,30 Dec '99,,,,,,,,,,,,,,,,,,,,,,,,,,,,,,,,,,,,,,,,,,,,,,,,,,,,,,,,,471,0.00002898560878,0.01849013037,
🇬🇧,priffie,0,0,8:26.220,8:29.674,06 Jan 2024,849,(U),2398058020999821172,12,Yes,https://www.youtube.com/watch?v=sPSq_jhIyhY,8,29,674,509674,510,1,410359,1.242019792,421494,1.209208198,-0.0005,0.6541,2.38548653,415.7543,635.6159,597.0440,2.37966,,,,,,,,,,,,,,,,,,,,,,,,,30 Dec '99,,,,,,,,,,,,,,,,,,,,,,,,,,,,,,--,,,,,,,,,,,,,,,,,,,,,,,,,,,849,0,0,
🇳🇴,skycrab1,0,0,8:27.951,8:29.783,18 May 2024,716,(U),2517517963886160862,,,https://www.youtube.com/watch?v=Hd2X1E-Ms7c&list=PLU3_fvoJ1GyMStiA29z37DUPtG47PvOJz&index=24,8,29,783,509783,510,1,410359,1.242285414,421494,1.209466801,-0.0005,0.6991,2.389399691,443.7850,634.8192,596.2983,2.38307,,,,,,,,,,,,,,,,,,,,,,,,,30 Dec '99,,,,,,,,,,,,,,,,,,,,,,,,,,,,,,--,,,,,,,,,,,,,,,,,,,,,,,,,,,716,0,0,
🇳🇴,skycrab1,0,0,8:29.901,8:29.901,06 Mar 2026,59,(U),unknown,,,https://www.youtube.com/watch?v=HUVPQIRwcK0&list=PLU3_fvoJ1GyMStiA29z37DUPtG47PvOJz&index=170,8,29,901,509901,510,1,410359,1.242572967,410359,1.242572967,-0.0005,0.9709,2.941483976,512.5567,527.9024,595.4906,2.38677,,,,,,,,,,,,,,,,,,,,,,,,,30 Dec '99,,,,,,,,,,,,,,,,,,,,,,,,,,,,,,,,,,,,,,,,,,,,,,,,,,,,,,,,,59,0.9796715662,517.1709752,
🇫🇮,AndrewCrow,0,0,8:28.900,8:29.924,25 Jan 2026,99,(U),unknown,,,https://www.youtube.com/watch?v=p-jx69uoxuQ,8,29,924,509924,510,1,410359,1.242629015,410359,1.242629015,-0.0005,0.9517,2.9425095,502.2289,527.7148,595.3331,2.38750,,,,,,,,,,,,,,,,,,,,,,,,,30 Dec '99,,,,,,,,,,,,,,,,,,,,,,,,,,,,,,,,,,,,,,,,,,,,,,,,,,,,,,,,,99,0.9075288706,478.9164108,
🇺🇸,21mashedpotatoes,0,1,8:28.630,8:30.606,18 Mar 2025,412,(V),-1787025825846103322,,,https://www.speedrun.com/mc/runs/zn9gdp9y,8,30,606,510606,511,1,410359,1.244290974,421494,1.21141938,-0.0005,0.8138,2.419135588,511.7226,628.7808,590.6540,2.40900,,,,,,,,,,,,,,,,,,,,,,,,,30 Dec '99,,,,,,,,,,,,,,,,,,,,,,,,,,,,,,,,,,,,,,,,,,,,,,,,,,,,,,,,,,,,
🇺🇦,7rowl,0,0,8:31.022,8:31.022,29 Aug 2023,979,(U),-849877744345333161,,,https://www.youtube.com/watch?v=rao2ee_878E,8,31,22,511022,511,0,410359,1.245304721,465828,1.097018642,-0.0005,0.6129,1.148774373,551.0818,899.0900,587.7917,2.42220,,,,,,,,,,,,,,,,,,,,,,,,,30 Dec '99,,,,,,,,,,,,,,,,,,,,,,,,,,,,,,--,,,,,,,,,,,,,,,,,,,,,,,,,,,979,0,0,
🇳🇴,skycrab1,0,0,8:30.987,8:31.085,08 Dec 2025,147,(U),unknown,,,https://www.youtube.com/watch?v=tLfXiUo2Dw0&list=PLU3_fvoJ1GyMStiA29z37DUPtG47PvOJz&index=157,8,31,85,511085,511,0,410359,1.245458245,410359,1.245458245,-0.0005,0.9291,2.994698799,481.5010,518.2244,587.3577,2.42420,,,,,,,,,,,,,,,,,,,,,,,,,30 Dec '99,,,,,,,,,,,,,,,,,,,,,,,,,,,,,,--,,,,,,,,,,,,,,,,,,,,,,,,,,,147,0.7278558199,377.1926329,
🇳🇴,skycrab1,0,0,8:28.790,8:31.168,21 Oct 2025,195,(U),see video,,,https://www.youtube.com/watch?v=gGs-3BbCEWA&list=PLU3_fvoJ1GyMStiA29z37DUPtG47PvOJz&index=144,8,31,168,511168,511,0,410359,1.245660507,410359,1.245660507,-0.0005,0.9071,2.998461721,469.4658,517.5445,586.7857,2.42685,,,,,,,,,,,,,,,,,,,,,,,,,30 Dec '99,,,,,,,,,,,,,,,,,,,,,,,,,,,,,,--,,,,,,,,,,,,,,,,,,,,,,,,,,,195,0.4764047362,246.5606322,
🇺🇸,doogile,0,0,8:31.156,8:31.904,27 Jan 2024,828,(U),-4987550100545669891,,,https://www.youtube.com/watch?v=K9wU6ilEDcc,8,31,904,511904,512,1,410359,1.247454059,421494,1.214498902,-0.0005,0.6610,2.466720731,409.2776,619.1785,581.7030,2.45040,,,,,,,,,,,,,,,,,,,,,,,,,30 Dec '99,,,,,,,,,,,,,,,,,,,,,,,,,,,,,,--,,,,,,,,,,,,,,,,,,,,,,,,,,,828,0,0,
🇸🇰,NoFear1337,0,0,8:32.422,8:32.422,14 Jul 2024,659,(U),unknown,,,https://www.youtube.com/watch?v=yw7-yaW4Nfk&list=PLaTJSsRuu2UeeWabBBfNVWALvnefBoL2C&index=21,8,32,422,512422,512,0,410359,1.248716368,421494,1.215727863,-0.0005,0.7193,2.485947963,442.5896,615.3202,578.1149,2.46710,,,,,,,,,,,,,,,,,,,,,,,,,30 Dec '99,,,,,,,,,,,,,,,,,,,,,,,,,,,,,,--,,,,,,,,,,,,,,,,,,,,,,,,,,,659,0,0.0000000002290742202,
🇨🇦,Aquacorde,0,0,8:32.755,8:32.755,08 Jul 2025,300,(U),4813852831291424591,,,https://www.youtube.com/watch?v=9t2wFDDYuWw,8,32,755,512755,513,1,410359,1.249527852,410359,1.249527852,-0.0005,0.8607,3.071238635,434.2361,504.5104,575.8035,2.47789,,,,,,,,,,,,,,,,,,,,,,,,,30 Dec '99,,,,,,,,,,,,,,,,,,,,,,,,,,,,,,--,,,,,,,,,,,,,,,,,,,,,,,,,,,300,0.06720551274,33.90588047,
🇺🇦,7rowl,0,0,8:30.604,8:32.840,28 Aug 2023,980,(U),-3689619904496856440,,,https://www.youtube.com/watch?v=fDjrOqatTAs,8,32,840,512840,513,1,410359,1.249734988,465828,1.10092137,-0.0005,0.6126,1.178997454,546.9720,892.8313,575.2129,2.48065,,,,,,,,,,,,,,,,,,,,,,,,,30 Dec '99,,,,,,,,,,,,,,,,,,,,,,,,,,,,,,--,,,,,,,,,,,,,,,,,,,,,,,,,,,980,0,0,
🇷🇺,aleen,0,1,8:31.570,8:33.119,20 Jun 2025,318,(V),5001642787122467207,,,https://www.speedrun.com/mc/runs/y9ell6nz,8,33,119,513119,513,0,410359,1.250414881,410359,1.250414881,-0.0005,0.8530,3.088154657,427.7884,501.5126,573.2728,2.48973,,,,,,,,,,,,,,,,,,,,,,,,,30 Dec '99,,,,,,,,,,,,,,,,,,,,,,,,,,,,,,,,,,,,,,,,,,,,,,,,,,,,,,,,,,,,
🇳🇴,skycrab1,0,0,8:33.231,8:33.231,23 May 2025,346,(U),4058006226311107449,,,https://www.youtube.com/watch?v=Gqyss7R7ZB0&list=PLU3_fvoJ1GyMStiA29z37DUPtG47PvOJz&index=125,8,33,231,513231,513,0,410359,1.250687812,421494,1.217647226,-0.0005,0.8411,2.516250043,512.4761,609.2655,572.4933,2.49338,,,,,,,,,,,,,,,,,,,,,,,,,30 Dec '99,,,,,,,,,,,,,,,,,,,,,,,,,,,,,,--,,,,,,,,,,,,,,,,,,,,,,,,,,,346,0.01588827918,9.680179825,
🇳🇴,skycrab1,0,1,8:31.860,8:33.243,12 Jan 2024,843,(V),8794223043069861926,,,https://www.speedrun.com/mc/runs/zxw0jlqm,8,33,243,513243,513,0,410359,1.250717055,421494,1.217675696,-0.0005,0.6561,2.516702041,399.6568,609.1754,572.4098,2.49378,,,,,,,,,,,,,,,,,,,,,,,,,30 Dec '99,,,,,,,,,,,,,,,,,,,,,,,,,,,,,,--,,,,,,,,,,,,,,,,,,,,,,,,,,,843,0,0,
🇺🇸,meebie,0,0,8:33.573,8:33.573,04 Dec 2023,882,(U),unknown,,,https://www.youtube.com/watch?v=tPDjceeZd7w&list=PLaTJSsRuu2Ufk7cX7bUTt9V-IJxa8wqSM&index=8,8,33,573,513573,514,1,410359,1.251521229,465828,1.102494912,-0.0005,0.6434,1.191397002,572.7812,890.2514,570.1106,2.50457,,,,,,,,,,,,,,,,,,,,,,,,,30 Dec '99,,,,,,,,,,,,,,,,,,,,,,,,,,,,,,--,,,,,,,,,,,,,,,,,,,,,,,,,,,882,0,0,
🇨🇦,Aquacorde,0,1,8:33.639,8:33.639,16 Aug 2024,626,(V),-8818959532856191300,,,https://www.speedrun.com/mc/runs/m3jr41wz,8,33,639,513639,514,1,410359,1.251682064,421494,1.218615212,-0.0005,0.7312,2.531659515,443.2828,606.1987,569.6503,2.50673,,,,,,,,,,,,,,,,,,,,,,,,,30 Dec '99,,,,,,,,,,,,,,,,,,,,,,,,,,,,,,--,,,,,,,,,,,,,,,,,,,,,,,,,,,626,0,0.00000001345076654,
🇵🇱,kazzruns,0,0,8:33.801,8:33.801,28 Aug 2025,249,(U),unknown,,,https://www.youtube.com/watch?v=pXLKegNZ5CU,8,33,801,513801,514,1,410359,1.25207684,410359,1.25207684,-0.0005,0.8829,3.120075939,437.8388,495.8884,568.5200,2.51205,,,,,,,,,,,,,,,,,,,,,,,,,30 Dec '99,,,,,,,,,,,,,,,,,,,,,,,,,,,,,,,,,,,,,,,,,,,,,,,,,,,,,,,,,249,0.2135626813,105.9032495,
🇨🇦,Jay12310,0,0,8:33.946,8:33.946,07 Jan 2025,482,(U),unknown,,,https://www.youtube.com/watch?v=pROA_8k_5eg&list=PLaTJSsRuu2UcsiC6KEkJwrGp1GaGgPoVG&index=12,8,33,946,513946,514,1,410359,1.252430189,421494,1.219343573,-0.0005,0.7858,2.543311014,474.5583,603.8854,567.5077,2.51682,,,,,,,,,,,,,,,,,,,,,,,,,30 Dec '99,,,,,,,,,,,,,,,,,,,,,,,,,,,,,,--,,,,,,,,,,,,,,,,,,,,,,,,,,,482,0.00001370134164,0.008274040707,
🇩🇰,Bloopy,0,1,8:33.952,8:33.952,03 Aug 2024,639,(V),255624109612098462,,,https://www.speedrun.com/mc/runs/yvx9vo8z,8,33,952,513952,514,1,410359,1.252444811,421494,1.219357808,-0.0005,0.7265,2.543539216,438.6973,603.8402,567.4658,2.51702,,,,,,,,,,,,,,,,,,,,,,,,,30 Dec '99,,,,,,,,,,,,,,,,,,,,,,,,,,,,,,--,,,,,,,,,,,,,,,,,,,,,,,,,,,639,0,0.00000000281472199,
🇵🇱,watermelon1708,0,0,8:33.349,8:34.250,27 Nov 2025,158,(U),unknown,,,https://www.youtube.com/watch?v=3mEKAQ3Z4RM,8,34,250,514250,514,0,410359,1.253171004,410359,1.253171004,-0.0005,0.9240,3.141254081,454.7947,492.1808,565.3832,2.52685,,,,,,,,,,,,,,,,,,,,,,,,,30 Dec '99,,,,,,,,,,,,,,,,,,,,,,,,,,,,,,--,,,,,,,,,,,,,,,,,,,,,,,,,,,158,0.6740633375,331.7610016,
🇳🇴,skycrab1,0,0,8:34.391,8:34.391,14 Jun 2025,324,(U),unknown,,,https://www.youtube.com/watch?v=mbQO0iA60UA&list=PLU3_fvoJ1GyMStiA29z37DUPtG47PvOJz&index=127,8,34,391,514391,514,0,410359,1.253514606,410359,1.253514606,-0.0005,0.8504,3.147931434,417.5800,491.0157,564.3969,2.53151,,,,,,,,,,,,,,,,,,,,,,,,,30 Dec '99,,,,,,,,,,,,,,,,,,,,,,,,,,,,,,--,,,,,,,,,,,,,,,,,,,,,,,,,,,324,0.0333324994,16.36678064,
🇩🇰,Bloopy,0,0,8:34.410,8:34.410,31 Oct 2025,185,(U),-6611883265830397474,,,https://www.youtube.com/watch?v=WJlhnd9qMjI,8,34,410,514410,514,0,410359,1.253560906,410359,1.253560906,-0.0005,0.9116,3.148832199,447.4909,490.8587,564.2639,2.53214,,,,,,,,,,,,,,,,,,,,,,,,,30 Dec '99,,,,,,,,,,,,,,,,,,,,,,,,,,,,,,--,,,,,,,,,,,,,,,,,,,,,,,,,,,185,0.53091014,260.6018529,
🇺🇸,doogile,0,0,8:34.422,8:34.422,22 May 2025,347,(U),4475174620258750317,,,https://www.youtube.com/watch?v=rEmLQHlkBMs,8,34,422,514422,514,0,410359,1.253590149,421494,1.220472889,-0.0005,0.8407,2.561473125,504.6734,600.2892,564.1799,2.53253,,,,,,,,,,,,,,,,,,,,,,,,,30 Dec '99,,,,,,,,,,,,,,,,,,,,,,,,,,,,,,--,,,,,,,,,,,,,,,,,,,,,,,,,,,347,0.01532618769,9.200144381,
🇺🇸,doogile,0,0,8:31.615,8:34.469,03 Oct 2023,944,(U),2814215657097519375,,,https://www.youtube.com/watch?v=MruA0trsR5Y,8,34,469,514469,514,0,410359,1.253704683,465828,1.104418369,-0.0005,0.6238,1.206723101,553.3025,887.0532,563.8510,2.53409,,,,,,,,,,,,,,,,,,,,,,,,,30 Dec '99,,,,,,,,,,,,,,,,,,,,,,,,,,,,,,--,,,,,,,,,,,,,,,,,,,,,,,,,,,944,0,0,
🇳🇴,skycrab1,0,0,8:34.709,8:34.709,13 Sep 2024,598,(U),-251105327808432283,,,https://www.youtube.com/watch?v=_Zw3t6qzR0A&list=PLU3_fvoJ1GyMStiA29z37DUPtG47PvOJz&index=69,8,34,709,514709,515,1,410359,1.254289537,421494,1.221153801,-0.0005,0.7416,2.5724808,443.5380,598.1153,562.1702,2.54205,,,,,,,,,,,,,,,,,,,,,,,,,30 Dec '99,,,,,,,,,,,,,,,,,,,,,,,,,,,,,,--,,,,,,,,,,,,,,,,,,,,,,,,,,,598,0.0000000005161007075,0.0000003086877216,
🇺🇸,meebie,0,0,8:34.971,8:34.971,16 Nov 2025,169,(U),unknown,,,https://www.youtube.com/watch?v=NwUTr6N_4P0&list=PLaTJSsRuu2Ufk7cX7bUTt9V-IJxa8wqSM&index=21,8,34,971,514971,515,1,410359,1.254928002,410359,1.254928002,-0.0005,0.9190,3.175533666,446.8222,486.2198,560.3335,2.55077,,,,,,,,,,,,,,,,,,,,,,,,,30 Dec '99,,,,,,,,,,,,,,,,,,,,,,,,,,,,,,,,,,,,,,,,,,,,,,,,,,,,,,,,,169,0.6171267171,300.0592345,
🇸🇰,NoFear1337,0,0,8:35.097,8:35.579,27 Dec 2023,859,(U),unknown,,,https://www.youtube.com/watch?v=op6VlwDM3Xo&list=PLaTJSsRuu2UeeWabBBfNVWALvnefBoL2C,8,35,579,515579,516,1,410359,1.256409632,446254,1.155348748,-0.0005,0.6508,1.687357643,510.0950,783.7555,556.0636,2.57109,,,,,,,,,,,,,,,,,,,,,,,,,30 Dec '99,,,,,,,,,,,,,,,,,,,,,,,,,,,,,,--,,,,,,,,,,,,,,,,,,,,,,,,,,,859,0,0,
🇳🇴,skycrab1,0,0,8:34.852,8:35.797,03 Aug 2024,639,(U),-5772469146569821756,,,https://www.youtube.com/watch?v=b47aZUBK814&list=PLU3_fvoJ1GyMStiA29z37DUPtG47PvOJz&index=47,8,35,797,515797,516,1,410359,1.256940874,421494,1.223735095,-0.0005,0.7265,2.614602395,428.5240,589.8374,554.5301,2.57841,,,,,,,,,,,,,,,,,,,,,,,,,30 Dec '99,,,,,,,,,,,,,,,,,,,,,,,,,,,,,,--,,,,,,,,,,,,,,,,,,,,,,,,,,,639,0,0.000000002749449663,
🇳🇴,skycrab1,0,0,8:35.819,8:35.819,18 May 2025,351,(U),see video,,,https://www.youtube.com/watch?v=kDl3PmegjWA&list=PLU3_fvoJ1GyMStiA29z37DUPtG47PvOJz&index=124,8,35,819,515819,516,1,410359,1.256994485,421494,1.22378729,-0.0005,0.8390,2.615460554,494.7547,589.6694,554.3753,2.57915,,,,,,,,,,,,,,,,,,,,,,,,,30 Dec '99,,,,,,,,,,,,,,,,,,,,,,,,,,,,,,--,,,,,,,,,,,,,,,,,,,,,,,,,,,351,0.01324208717,7.808453351,
🇺🇸,meebie,0,0,8:35.914,8:35.914,18 Nov 2023,898,(U),-2503873430617653818,,,https://www.youtube.com/watch?v=c2uu-GXtiIc&list=PLaTJSsRuu2Ufk7cX7bUTt9V-IJxa8wqSM&index=5,8,35,914,515914,516,1,410359,1.25722599,465828,1.107520372,-0.0005,0.6383,1.231836756,562.8176,881.7915,553.7066,2.58235,,,,,,,,,,,,,,,,,,,,,,,,,30 Dec '99,,,,,,,,,,,,,,,,,,,,,,,,,,,,,,--,,,,,,,,,,,,,,,,,,,,,,,,,,,898,0,0,
🇵🇱,watermelon1708,0,0,8:34.398,8:35.950,10 Nov 2025,175,(U),see video,,,https://www.youtube.com/watch?v=fEy7nXScnGI,8,35,950,515950,516,1,410359,1.257313718,410359,1.257313718,-0.0005,0.9162,3.222620713,438.0564,478.1133,553.4531,2.58357,,,,,,,,,,,,,,,,,,,,,,,,,30 Dec '99,,,,,,,,,,,,,,,,,,,,,,,,,,,,,,--,,,,,,,,,,,,,,,,,,,,,,,,,,,175,0.5851204825,279.7538822,
🇸🇰,NoFear1337,0,0,8:31.037,8:35.967,25 Dec 2023,861,(U),4143928542736581557,16,Yes,https://www.youtube.com/watch?v=wOf3KZ159XE,8,35,967,515967,516,1,410359,1.257355145,446254,1.156218208,-0.0005,0.6502,1.696939406,508.2314,781.6733,553.3334,2.58414,,,,,,,,,,,,,,,,,,,,,,,,,30 Dec '99,,,,,,,,,,,,,,,,,,,,,,,,,,,,,,--,,,,,,,,,,,,,,,,,,,,,,,,,,,861,0,0,
🇳🇴,skycrab1,0,0,8:36.102,8:36.102,29 Oct 2024,552,(U),-3646678682630251613,,,https://www.youtube.com/watch?v=okNmE6As3I8&list=PLU3_fvoJ1GyMStiA29z37DUPtG47PvOJz&index=90,8,36,102,516102,516,0,410359,1.257684125,421494,1.224458711,-0.0005,0.7588,2.626522478,445.8076,587.5066,552.3825,2.58869,,,,,,,,,,,,,,,,,,,,,,,,,30 Dec '99,,,,,,,,,,,,,,,,,,,,,,,,,,,,,,--,,,,,,,,,,,,,,,,,,,,,,,,,,,552,0.00000004958086817,0.00002912908566,
🇳🇴,skycrab1,0,0,8:34.986,8:36.447,30 May 2024,704,(U),5645148096058568914,,,https://www.youtube.com/watch?v=qmxUkDzqJLA&list=PLU3_fvoJ1GyMStiA29z37DUPtG47PvOJz&index=25,8,36,447,516447,516,0,410359,1.258524853,421494,1.225277228,-0.0005,0.7033,2.640065419,411.3238,584.8648,549.9502,2.60036,,,,,,,,,,,,,,,,,,,,,,,,,30 Dec '99,,,,,,,,,,,,,,,,,,,,,,,,,,,,,,--,,,,,,,,,,,,,,,,,,,,,,,,,,,704,0,0,
🇳🇴,skycrab1,0,0,8:35.909,8:36.678,13 Aug 2024,629,(U),-757577179228035098,,,https://www.youtube.com/watch?v=3jCFZ5mZbuw&list=PLU3_fvoJ1GyMStiA29z37DUPtG47PvOJz&index=53,8,36,678,516678,517,1,410359,1.259087774,421494,1.225825279,-0.0005,0.7302,2.649168765,425.7476,583.0929,548.3199,2.60820,,,,,,,,,,,,,,,,,,,,,,,,,30 Dec '99,,,,,,,,,,,,,,,,,,,,,,,,,,,,,,--,,,,,,,,,,,,,,,,,,,,,,,,,,,629,0,0.000000009077451987,
🇫🇮,AndrewCrow,0,0,8:33.154,8:36.802,20 Jul 2025,288,(U),unknown,,,https://www.youtube.com/watch?v=E1L_FPxRTuo,8,36,802,516802,517,1,410359,1.259389949,410359,1.259389949,-0.0005,0.8659,3.264111559,407.8753,471.0488,547.4442,2.61242,,,,,,,,,,,,,,,,,,,,,,,,,30 Dec '99,,,,,,,,,,,,,,,,,,,,,,,,,,,,,,,,,,,,,,,,,,,,,,,,,,,,,,,,,288,0.09174087977,43.21442705,
🇳🇴,skycrab1,0,0,8:36.197,8:36.807,30 Sep 2025,216,(U),unknown,,,https://www.youtube.com/watch?v=dGXgTgEdGVY&list=PLU3_fvoJ1GyMStiA29z37DUPtG47PvOJz&index=142,8,36,807,516807,517,1,410359,1.259402133,410359,1.259402133,-0.0005,0.8976,3.264356467,422.7891,471.0073,547.4088,2.61259,,,,,,,,,,,,,,,,,,,,,,,,,30 Dec '99,,,,,,,,,,,,,,,,,,,,,,,,,,,,,,--,,,,,,,,,,,,,,,,,,,,,,,,,,,216,0.3650322402,171.9328398,
🇺🇸,doogile,0,0,8:32.663,8:36.891,31 Mar 2024,764,(U),-8770456777787364691,,,https://www.youtube.com/watch?v=IRTvOCDfvbA,8,36,891,516891,517,1,410359,1.259606832,421494,1.226330624,-0.0005,0.6825,2.657588044,396.8415,581.4570,546.8154,2.61545,,,,,,,,,,,,,,,,,,,,,,,,,30 Dec '99,,,,,,,,,,,,,,,,,,,,,,,,,,,,,,--,,,,,,,,,,,,,,,,,,,,,,,,,,,764,0,0,
🇵🇱,okshey,0,1,8:35.972,8:37.500,17 Apr 2025,382,(V),-1892453842458127965,,,https://www.speedrun.com/mc/runs/zn9dgq8y,8,37,500,517500,518,1,410359,1.261090898,421494,1.227775484,-0.0005,0.8261,2.681794451,476.4870,576.7682,542.5075,2.63627,,,,,,,,,,,,,,,,,,,,,,,,,30 Dec '99,,,,,,,,,,,,,,,,,,,,,,,,,,,,,,,,,,,,,,,,,,,,,,,,,,,,,,,,,382,0.003794142685,2.188340681,
🇳🇴,skycrab1,0,0,8:36.373,8:37.680,12 Jun 2024,691,(U),8302535928926204218,,,https://www.youtube.com/watch?v=RUtcNVLefnE&list=PLU3_fvoJ1GyMStiA29z37DUPtG47PvOJz&index=28,8,37,680,517680,518,1,410359,1.261529539,421494,1.228202537,-0.0005,0.7079,2.688987327,407.2915,575.3792,541.2325,2.64245,,,,,,,,,,,,,,,,,,,,,,,,,30 Dec '99,,,,,,,,,,,,,,,,,,,,,,,,,,,,,,--,,,,,,,,,,,,,,,,,,,,,,,,,,,691,0,0,
🇨🇦,sockmonkey737,0,1,8:36.752,8:37.739,14 May 2025,355,(V),-3879107049025834895,,,https://www.speedrun.com/mc/runs/z5w7nw5z,8,37,739,517739,518,1,410359,1.261673315,421494,1.228342515,-0.0005,0.8374,2.691348804,481.4186,574.9236,540.8144,2.64448,,,,,,,,,,,,,,,,,,,,,,,,,30 Dec '99,,,,,,,,,,,,,,,,,,,,,,,,,,,,,,,,,,,,,,,,,,,,,,,,,,,,,,,,,,,,
🇨🇦,rdpill,0,1,8:34.580,8:37.769,05 Nov 2024,545,(V),4338721383690060751,,,https://www.speedrun.com/mc/runs/m7nn9r0z,8,37,769,517769,518,1,410359,1.261746422,421494,1.22841369,-0.0005,0.7615,2.692550278,437.6126,574.6919,540.6018,2.64551,,,,,,,,,,,,,,,,,,,,,,,,,30 Dec '99,,,,,,,,,,,,,,,,,,,,,,,,,,,,,,,,,,,,,,,,,,,,,,,,,,,,,,,,,,,,
🇮🇱,sagi_enderman,1,1,8:31.726,8:37.884,29 Jul 2022,1375,(V),-774874644388946464,,,https://www.speedrun.com/mc/runs/mkdld9xy,8,37,884,517884,518,1,410359,1.262026664,548820,0.9436317918,-0.0005,0.5028,0.4143333915,515.0658,1024.3306,539.7866,2.64947,,,,,,,,,,,,,,,,,,,,,,,,,30 Dec '99,,,,,,,,,,,,,,,,,,,,,,,,,,,,,,--,,,,,,,,,,,,,,,,,,,,,,,,,,,1375,0,0,
🇺🇸,meebie,0,0,8:37.477,8:37.975,07 Aug 2023,1001,(U),1459462342630812192,,,https://www.youtube.com/watch?v=C983h_XUVjM&list=PLaTJSsRuu2Ufk7cX7bUTt9V-IJxa8wqSM&index=3,8,37,975,517975,518,1,410359,1.262248422,465828,1.111944752,-0.0005,0.6062,1.268518737,529.8808,874.0627,539.1412,2.65261,,,,,,,,,,,,,,,,,,,,,,,,,30 Dec '99,,,,,,,,,,,,,,,,,,,,,,,,,,,,,,--,,,,,,,,,,,,,,,,,,,,,,,,,,,1001,0,0,
🇳🇴,skycrab1,0,0,8:38.021,8:38.021,06 May 2025,363,(U),unknown,,,https://www.youtube.com/watch?v=VTFc9umQMn8&list=PLU3_fvoJ1GyMStiA29z37DUPtG47PvOJz&index=120,8,38,21,518021,518,0,410359,1.262360518,421494,1.229011564,-0.0005,0.8340,2.702661917,477.6789,572.7439,538.8150,2.65419,,,,,,,,,,,,,,,,,,,,,,,,,30 Dec '99,,,,,,,,,,,,,,,,,,,,,,,,,,,,,,--,,,,,,,,,,,,,,,,,,,,,,,,,,,363,0.008369051687,4.793323527,
🇮🇸,Kind,0,1,8:37.353,8:38.527,24 Jun 2023,1045,(V),8707775504708410399,,,https://www.speedrun.com/mc/runs/znelek8z,8,38,527,518527,519,1,410359,1.263593585,465828,1.113129739,-0.0005,0.5930,1.27851819,517.0964,871.9476,535.2227,2.67171,,,,,,,,,,,,,,,,,,,,,,,,,30 Dec '99,,,,,,,,,,,,,,,,,,,,,,,,,,,,,,,,,,,,,,,,,,,,,,,,,,,,,,,,,,,,
🇵🇱,okshey,0,0,8:38.735,8:38.735,15 Nov 2025,170,(U),unknown,,,https://www.youtube.com/watch?v=TfnVJFvNoDY,8,38,735,518735,519,1,410359,1.264100458,410359,1.264100458,-0.0005,0.9185,3.360038394,417.9217,454.9985,533.7444,2.67894,,,,,,,,,,,,,,,,,,,,,,,,,30 Dec '99,,,,,,,,,,,,,,,,,,,,,,,,,,,,,,,,,,,,,,,,,,,,,,,,,,,,,,,,,170,0.6118304973,278.3819514,
🇨🇦,Jay12310,0,0,8:36.088,8:38.790,24 Nov 2025,161,(U),unknown,,,https://www.youtube.com/watch?v=t3Th0f5TeHc&list=PLaTJSsRuu2UcsiC6KEkJwrGp1GaGgPoVG&index=7,8,38,790,518790,519,1,410359,1.264234487,410359,1.264234487,-0.0005,0.9227,3.362804641,419.3850,454.5415,533.3533,2.68085,,,,,,,,,,,,,,,,,,,,,,,,,30 Dec '99,,,,,,,,,,,,,,,,,,,,,,,,,,,,,,--,,,,,,,,,,,,,,,,,,,,,,,,,,,161,0.6588047306,299.454105,
🇨🇦,Jay12310,0,0,8:39.147,8:39.147,06 Dec 2025,149,(U),unknown,,,https://www.youtube.com/watch?v=SSESxjNH_hk&list=PLaTJSsRuu2UcsiC6KEkJwrGp1GaGgPoVG&index=10,8,39,147,519147,519,0,410359,1.265104457,410359,1.265104457,-0.0005,0.9282,3.380810086,419.1555,451.5752,530.8133,2.69331,,,,,,,,,,,,,,,,,,,,,,,,,30 Dec '99,,,,,,,,,,,,,,,,,,,,,,,,,,,,,,--,,,,,,,,,,,,,,,,,,,,,,,,,,,149,0.718352488,324.3901697,
🇺🇸,doogile,0,0,8:39.037,8:39.282,30 Mar 2025,400,(U),8886412600271699411,,,https://www.youtube.com/watch?v=u6qbrlizGMM,8,39,282,519282,519,0,410359,1.265433438,421494,1.232003303,-0.0005,0.8187,2.753780389,460.9098,562.9565,529.8521,2.69804,,,,,,,,,,,,,,,,,,,,,,,,,30 Dec '99,,,,,,,,,,,,,,,,,,,,,,,,,,,,,,--,,,,,,,,,,,,,,,,,,,,,,,,,,,400,0.001661557273,0.9353843936,
🇺🇸,Reignex,0,1,8:39.268,8:39.218,18 Sep 2022,1324,(U),Unknown,12,Yes,https://www.youtube.com/watch?v=z1feRpPuykI,8,39,218,519218,519,0,410359,1.265277477,517884,1.002575866,-0.0005,0.5158,0.610396837,515.0093,998.4310,530.3079,2.69580,,,,,,,,,,,,,,,,,,,,,,,,,30 Dec '99,,,,,,,,,,,,,,,,,,,,,,,,,,,,,,,,,,,,,,,,,,,,,,,,,,,,,,,,,,,,
🇩🇰,Bloopy,0,0,8:39.524,8:39.524,08 Feb 2025,450,(U),-1918684009025106856,,,https://www.youtube.com/watch?v=4Ncc5fSS7fU,8,39,524,519524,520,1,410359,1.266023165,421494,1.232577451,-0.0005,0.7985,2.763690432,448.0241,561.0707,528.1281,2.70652,,,,,,,,,,,,,,,,,,,,,,,,,30 Dec '99,,,,,,,,,,,,,,,,,,,,,,,,,,,,,,--,,,,,,,,,,,,,,,,,,,,,,,,,,,450,0.0001102786735,0.06187413599,
🇩🇪,jason_n,0,0,8:39.547,8:39.547,14 Sep 2024,597,(U),-6811725567637899791,,,https://www.youtube.com/watch?v=vO1lOV6z_rs,8,39,547,519547,520,1,410359,1.266079214,421494,1.232632018,-0.0005,0.7419,2.764633978,416.1423,560.8914,527.9642,2.70733,,,,,,,,,,,,,,,,,,,,,,,,,30 Dec '99,,,,,,,,,,,,,,,,,,,,,,,,,,,,,,--,,,,,,,,,,,,,,,,,,,,,,,,,,,597,0.000000000574444689,0.0000003222010795,
🇫🇮,sadekeppi,0,0,8:39.634,8:39.634,23 Nov 2025,162,(U),unknown,,,https://www.youtube.com/watch?v=7l0U6MbHxfo,8,39,634,519634,520,1,410359,1.266291223,410359,1.266291223,-0.0005,0.9222,3.405512303,412.7078,447.5284,527.3441,2.71039,,,,,,,,,,,,,,,,,,,,,,,,,30 Dec '99,,,,,,,,,,,,,,,,,,,,,,,,,,,,,,,,,,,,,,,,,,,,,,,,,,,,,,,,,162,0.6536698967,292.5358257,
🇳🇴,skycrab1,0,0,8:39.547,8:39.779,30 May 2025,339,(U),unknown,,,https://www.youtube.com/watch?v=NFMHJvhQb_w&list=PLU3_fvoJ1GyMStiA29z37DUPtG47PvOJz&index=129,8,39,779,519779,520,1,410359,1.266644572,421494,1.233182442,-0.0005,0.8441,2.774167855,471.9130,559.0812,526.3102,2.71549,,,,,,,,,,,,,,,,,,,,,,,,,30 Dec '99,,,,,,,,,,,,,,,,,,,,,,,,,,,,,,--,,,,,,,,,,,,,,,,,,,,,,,,,,,339,0.0203266611,11.36425439,
🇫🇮,AndrewCrow,0,0,8:38.402,8:39.880,12 Aug 2025,265,(U),unknown,,,https://www.youtube.com/watch?v=psOz3n2aTy0,8,39,880,519880,520,1,410359,1.266890698,410359,1.266890698,-0.0005,0.8759,3.418051969,390.2009,445.4841,525.5898,2.71905,,,,,,,,,,,,,,,,,,,,,,,,,30 Dec '99,,,,,,,,,,,,,,,,,,,,,,,,,,,,,,,,,,,,,,,,,,,,,,,,,,,,,,,,,265,0.1555228675,69.28297213,
🇵🇱,watermelon1708,0,0,8:39.647,8:40.008,29 Nov 2025,156,(U),unknown,,,https://www.youtube.com/watch?v=t10Ij-c_N2s,8,40,8,520008,520,0,410359,1.26720262,410359,1.26720262,-0.0005,0.9250,3.424593122,411.0732,444.4205,524.6766,2.72357,,,,,,,,,,,,,,,,,,,,,,,,,30 Dec '99,,,,,,,,,,,,,,,,,,,,,,,,,,,,,,--,,,,,,,,,,,,,,,,,,,,,,,,,,,156,0.6841065491,304.0309739,
🇩🇪,jason_n,0,0,8:40.038,8:40.038,21 Aug 2024,621,(U),8973323366010797251,,,https://www.youtube.com/watch?v=wtVTAwET8cA,8,40,38,520038,520,0,410359,1.267275727,421494,1.233796922,-0.0005,0.7331,2.784846525,408.3682,557.0579,524.4625,2.72463,,,,,,,,,,,,,,,,,,,,,,,,,30 Dec '99,,,,,,,,,,,,,,,,,,,,,,,,,,,,,,--,,,,,,,,,,,,,,,,,,,,,,,,,,,621,0,0.00000002214538105,
🇮🇹,nonshochiama,0,1,8:38.077,8:40.586,04 Jan 2024,851,(V),8591525407209828717,,,https://www.speedrun.com/mc/runs/m73l1key,8,40,586,520586,521,1,410359,1.268611143,421494,1.23509706,-0.0005,0.6534,2.807563846,361.2027,552.7686,520.5487,2.74405,,,,,,,,,,,,,,,,,,,,,,,,,30 Dec '99,,,,,,,,,,,,,,,,,,,,,,,,,,,,,,,,,,,,,,,,,,,,,,,,,,,,,,,,,,,,
🇵🇱,watermelon1708,0,0,8:39.979,8:40.694,15 Nov 2025,170,(U),unknown,,,https://www.youtube.com/watch?v=EKR-bvraczI,8,40,694,520694,521,1,410359,1.268874327,410359,1.268874327,-0.0005,0.9185,3.459842259,402.9702,438.7205,519.7767,2.74789,,,,,,,,,,,,,,,,,,,,,,,,,30 Dec '99,,,,,,,,,,,,,,,,,,,,,,,,,,,,,,--,,,,,,,,,,,,,,,,,,,,,,,,,,,170,0.6118304973,268.4225774,
🇺🇸,doogile,0,0,8:39.729,8:40.725,09 Dec 2023,877,(U),-5412281049038794009,,,https://www.youtube.com/watch?v=Jv2jo4YQLrw,8,40,725,520725,521,1,410359,1.268949871,446254,1.166880297,-0.0005,0.6450,1.818622361,487.1541,755.2739,519.5551,2.74900,,,,,,,,,,,,,,,,,,,,,,,,,30 Dec '99,,,,,,,,,,,,,,,,,,,,,,,,,,,,,,--,,,,,,,,,,,,,,,,,,,,,,,,,,,877,0,0,
🇺🇸,doogile,0,0,8:40.768,8:40.768,16 Jul 2024,657,(U),8198000986967179551,,,https://www.youtube.com/watch?v=Ce_A0Sa97Hg,8,40,768,520768,521,1,410359,1.269054657,421494,1.235528857,-0.0005,0.7200,2.815145764,396.9675,551.3415,519.2476,2.75053,,,,,,,,,,,,,,,,,,,,,,,,,30 Dec '99,,,,,,,,,,,,,,,,,,,,,,,,,,,,,,--,,,,,,,,,,,,,,,,,,,,,,,,,,,657,0,0.0000000002661436744,
🇳🇴,skycrab1,0,0,8:40.888,8:40.888,08 Dec 2025,147,(U),unknown,,,https://www.youtube.com/watch?v=xihX3p1Fp4s&list=PLU3_fvoJ1GyMStiA29z37DUPtG47PvOJz&index=153,8,40,888,520888,521,1,410359,1.269347084,410359,1.269347084,-0.0005,0.9291,3.469869799,406.1336,437.1088,518.3895,2.75481,,,,,,,,,,,,,,,,,,,,,,,,,30 Dec '99,,,,,,,,,,,,,,,,,,,,,,,,,,,,,,--,,,,,,,,,,,,,,,,,,,,,,,,,,,147,0.7278558199,318.1521725,
🇹🇷,Ancoboy,0,1,8:39.744,8:40.941,15 Dec 2023,871,(U),-2037700049700041325,,,https://www.youtube.com/watch?v=rIQn66zPVwM,8,40,941,520941,521,1,410359,1.269476239,446254,1.167364326,-0.0005,0.6469,1.82433381,487.8180,754.0377,518.0103,2.75670,,,,,,,,,,,,,,,,,,,,,,,,,30 Dec '99,,,,,,,,,,,,,,,,,,,,,,,,,,,,,,,,,,,,,,,,,,,,,,,,,,,,,,,,,,,,
🇫🇮,megelimc,0,1,8:35.954,8:41.307,26 Jun 2024,677,(V),5074648903421430178,,,https://www.speedrun.com/mc/runs/zq8l7d1z,8,41,307,521307,521,0,410359,1.270368141,421494,1.236807641,-0.0005,0.7128,2.837708994,390.0000,547.1083,515.3910,2.76979,,,,,,,,,,,,,,,,,,,,,,,,,30 Dec '99,,,,,,,,,,,,,,,,,,,,,,,,,,,,,,,,,,,,,,,,,,,,,,,,,,,,,,,,,,,,
🇳🇴,skycrab1,0,0,8:40.847,8:41.542,18 May 2025,351,(U),unknown,,,https://www.youtube.com/watch?v=xJ01M7bzZw4&list=PLU3_fvoJ1GyMStiA29z37DUPtG47PvOJz&index=123,8,41,542,521542,522,1,410359,1.27094081,421494,1.237365182,-0.0005,0.8390,2.84759764,457.4931,545.2595,513.7079,2.77823,,,,,,,,,,,,,,,,,,,,,,,,,30 Dec '99,,,,,,,,,,,,,,,,,,,,,,,,,,,,,,--,,,,,,,,,,,,,,,,,,,,,,,,,,,351,0.01324208717,7.220373527,
🇨🇦,Jay12310,0,1,8:41.613,8:41.613,31 Jan 2024,824,(V),-2567989600321826795,,,https://www.speedrun.com/mc/runs/z1ke12jy,8,41,613,521613,522,1,410359,1.27111383,421494,1.23753363,-0.0005,0.6623,2.850591415,360.7684,544.7005,513.1993,2.78078,,,,,,,,,,,,,,,,,,,,,,,,,30 Dec '99,,,,,,,,,,,,,,,,,,,,,,,,,,,,,,--,,,,,,,,,,,,,,,,,,,,,,,,,,,824,0,0,
🇬🇧,biased,0,1,8:39.479,8:42.046,21 Sep 2024,590,(V),-1851988790638545849,,,https://www.speedrun.com/mc/runs/z0qx9l9m,8,42,46,522046,522,0,410359,1.272169003,421494,1.238560929,-0.0005,0.7445,2.868911084,403.0059,541.2879,510.0953,2.79640,,,,,,,,,,,,,,,,,,,,,,,,,30 Dec '99,,,,,,,,,,,,,,,,,,,,,,,,,,,,,,,,,,,,,,,,,,,,,,,,,,,,,,,,,,,,
🇨🇦,Aquacorde,0,0,8:42.341,8:42.341,21 Jun 2025,317,(U),-7609881780988686655,,,https://www.youtube.com/watch?v=MuohhSr-XiM,8,42,341,522341,522,0,410359,1.272887886,410359,1.272887886,-0.0005,0.8534,3.545809239,362.7425,425.0442,507.9789,2.80708,,,,,,,,,,,,,,,,,,,,,,,,,30 Dec '99,,,,,,,,,,,,,,,,,,,,,,,,,,,,,,--,,,,,,,,,,,,,,,,,,,,,,,,,,,317,0.04135750808,17.57876942,
🇺🇸,doogile,0,0,8:42.117,8:42.986,28 Feb 2024,796,(U),5949882598636664818,,,https://www.youtube.com/watch?v=oCkkuqlQ9Po,8,42,986,522986,523,1,410359,1.27445968,421494,1.240791091,-0.0005,0.6717,2.909049136,358.5723,533.8583,503.3470,2.83057,,,,,,,,,,,,,,,,,,,,,,,,,30 Dec '99,,,,,,,,,,,,,,,,,,,,,,,,,,,,,,--,,,,,,,,,,,,,,,,,,,,,,,,,,,796,0,0,
🇵🇱,Mixray,0,1,8:38.475,8:43.007,24 Dec 2023,862,(V),-9159005293217893627,,,https://www.speedrun.com/mc/run/y2kweg9y,8,43,7,523007,523,0,410359,1.274510855,446254,1.171993977,-0.0005,0.6499,1.879807536,482.2282,742.0507,503.1961,2.83133,,,,,,,,,,,,,,,,,,,,,,,,,30 Dec '99,,,,,,,,,,,,,,,,,,,,,,,,,,,,,,,,,,,,,,,,,,,,,,,,,,,,,,,,,,,,
🇫🇮,AndrewCrow,0,0,8:42.102,8:43.518,17 Jul 2025,291,(U),unknown,,,https://www.youtube.com/watch?v=uT5c_6-u4Ns,8,43,518,523518,524,1,410359,1.275756106,410359,1.275756106,-0.0005,0.8646,3.608417349,359.0511,415.2849,499.5223,2.85007,,,,,,,,,,,,,,,,,,,,,,,,,30 Dec '99,,,,,,,,,,,,,,,,,,,,,,,,,,,,,,,,,,,,,,,,,,,,,,,,,,,,,,,,,291,0.08507542185,35.33053936,
🇺🇸,doogile,0,0,8:43.991,8:43.991,13 Jul 2024,660,(U),-7771537069643682878,,,https://www.youtube.com/watch?v=TZ_zdyCgG4M,8,43,991,523991,524,1,410359,1.276908756,421494,1.243175466,-0.0005,0.7189,2.952524947,378.0711,525.8848,496.1187,2.86751,,,,,,,,,,,,,,,,,,,,,,,,,30 Dec '99,,,,,,,,,,,,,,,,,,,,,,,,,,,,,,--,,,,,,,,,,,,,,,,,,,,,,,,,,,660,0,0.0000000001718296093,
🇳🇴,skycrab1,0,0,8:43.592,8:44.066,13 Jul 2025,295,(U),see video,,,https://www.youtube.com/watch?v=jDNFlZ8Sg58&list=PLU3_fvoJ1GyMStiA29z37DUPtG47PvOJz&index=132,8,44,66,524066,524,0,410359,1.277091522,410359,1.277091522,-0.0005,0.8629,3.637905104,354.4181,410.7470,495.5788,2.87028,,,,,,,,,,,,,,,,,,,,,,,,,30 Dec '99,,,,,,,,,,,,,,,,,,,,,,,,,,,,,,--,,,,,,,,,,,,,,,,,,,,,,,,,,,295,0.07674726717,31.52370714,
🇩🇰,Bloopy,0,0,8:44.147,8:44.147,14 Jan 2025,475,(U),865156050683453436,,,https://www.youtube.com/watch?v=mCIohgnMn6Q,8,44,147,524147,524,0,410359,1.27728891,421494,1.243545578,-0.0005,0.7886,2.959325947,413.7330,524.6445,494.9956,2.87328,,,,,,,,,,,,,,,,,,,,,,,,,30 Dec '99,,,,,,,,,,,,,,,,,,,,,,,,,,,,,,--,,,,,,,,,,,,,,,,,,,,,,,,,,,475,0.0000221607578,0.01162652044,
🇸🇰,NoFear1337,0,0,8:43.284,8:44.223,01 Jan 2024,854,(U),unknown,,,https://www.youtube.com/watch?v=qY2cZ8Sy2uY&list=PLaTJSsRuu2UeeWabBBfNVWALvnefBoL2C&index=3,8,44,223,524223,524,0,410359,1.277474114,446254,1.174718882,-0.0005,0.6525,1.913182841,479.4682,734.8582,494.4484,2.87610,,,,,,,,,,,,,,,,,,,,,,,,,30 Dec '99,,,,,,,,,,,,,,,,,,,,,,,,,,,,,,--,,,,,,,,,,,,,,,,,,,,,,,,,,,854,0,0,
🇨🇦,Jay12310,0,0,8:44.276,8:44.276,10 Nov 2025,175,(U),unknown,,,https://www.youtube.com/watch?v=zPHrwr8ViFs&list=PLaTJSsRuu2UcsiC6KEkJwrGp1GaGgPoVG&index=6,8,44,276,524276,524,0,410359,1.277603269,410359,1.277603269,-0.0005,0.9162,3.649262497,374.7419,409.0091,494.0667,2.87806,,,,,,,,,,,,,,,,,,,,,,,,,30 Dec '99,,,,,,,,,,,,,,,,,,,,,,,,,,,,,,--,,,,,,,,,,,,,,,,,,,,,,,,,,,175,0.5851204825,239.3196261,
🇺🇸,doogile,0,0,8:43.409,8:44.369,22 Mar 2024,773,(U),3833476757322719608,,,https://www.youtube.com/watch?v=ReityME0-V4,8,44,369,524369,524,0,410359,1.2778299,421494,1.244072276,-0.0005,0.6794,2.969028754,355.2596,522.8783,493.3969,2.88151,,,,,,,,,,,,,,,,,,,,,,,,,30 Dec '99,,,,,,,,,,,,,,,,,,,,,,,,,,,,,,--,,,,,,,,,,,,,,,,,,,,,,,,,,,773,0,0,
🇳🇴,skycrab1,0,0,8:43.341,8:44.403,08 May 2024,726,(U),unknown,,,https://www.youtube.com/watch?v=KxM7quLW_a0&list=PLU3_fvoJ1GyMStiA29z37DUPtG47PvOJz&index=19,8,44,403,524403,524,0,410359,1.277912754,421494,1.244152942,-0.0005,0.6956,2.970517311,363.5188,522.6077,493.1519,2.88278,,,,,,,,,,,,,,,,,,,,,,,,,30 Dec '99,,,,,,,,,,,,,,,,,,,,,,,,,,,,,,--,,,,,,,,,,,,,,,,,,,,,,,,,,,726,0,0,
🇨🇦,Aquacorde,0,0,8:44.345,8:44.570,08 Jul 2025,300,(U),-1775700207608873533,,,https://www.youtube.com/watch?v=oEQpaV4i5Xo,8,44,570,524570,525,1,410359,1.278319715,410359,1.278319715,-0.0005,0.8607,3.665216437,349.9444,406.5774,491.9489,2.88899,,,,,,,,,,,,,,,,,,,,,,,,,30 Dec '99,,,,,,,,,,,,,,,,,,,,,,,,,,,,,,--,,,,,,,,,,,,,,,,,,,,,,,,,,,300,0.06720551274,27.32424044,
🇳🇴,skycrab1,0,0,8:41.713,8:44.753,09 Jun 2024,694,(U),3601997149186064061,,,https://www.youtube.com/watch?v=ARk7_DpxA8k&list=PLU3_fvoJ1GyMStiA29z37DUPtG47PvOJz&index=27,8,44,753,524753,525,1,410359,1.278765666,421494,1.244983321,-0.0005,0.7068,2.985880017,367.4116,519.8201,490.6302,2.89580,,,,,,,,,,,,,,,,,,,,,,,,,30 Dec '99,,,,,,,,,,,,,,,,,,,,,,,,,,,,,,--,,,,,,,,,,,,,,,,,,,,,,,,,,,694,0,0,
🇸🇰,NoFear1337,0,0,8:44.741,8:45.020,09 Dec 2025,146,(U),unknown,,,https://www.youtube.com/watch?v=LrqzlWWtJ5s,8,45,20,525020,525,0,410359,1.279416316,410359,1.279416316,-0.0005,0.9296,3.689757264,374.4972,402.8581,488.7056,2.90578,,,,,,,,,,,,,,,,,,,,,,,,,30 Dec '99,,,,,,,,,,,,,,,,,,,,,,,,,,,,,,--,,,,,,,,,,,,,,,,,,,,,,,,,,,146,0.7325573849,295.1166902,
🇫🇮,sadekeppi,0,1,8:45.285,8:45.285,11 Jan 2025,478,(V),-7902621488584533605,,,https://www.speedrun.com/mc/runs/yoq7jxdz,8,45,285,525285,525,0,410359,1.280062092,421494,1.246245498,-0.0005,0.7874,3.009369117,405.9729,515.5769,486.7947,2.91571,,,,,,,,,,,,,,,,,,,,,,,,,30 Dec '99,,,,,,,,,,,,,,,,,,,,,,,,,,,,,,,,,,,,,,,,,,,,,,,,,,,,,,,,,478,0.00001806498182,0.009313887757,
🇫🇮,iluappi,0,1,8:43.470,8:45.874,31 Jul 2025,277,(V),-5964250352143644519,,,https://www.speedrun.com/mc/runs/yljxnnkm,8,45,874,525874,526,1,410359,1.281497421,410359,1.281497421,-0.0005,0.8707,3.736737001,344.6175,395.8104,482.5453,2.93788,,,,,,,,,,,,,,,,,,,,,,,,,30 Dec '99,,,,,,,,,,,,,,,,,,,,,,,,,,,,,,--,,,,,,,,,,,,,,,,,,,,,,,,,,,277,0.1193860045,47.25421651,
🇹🇿,Kxpow,0,1,8:39.054,8:45.890,29 May 2023,1071,(X),-8065244563761891233,08,Yes,https://www.youtube.com/watch?v=_Wdwq60t9tg,8,45,890,525890,526,1,410359,1.281536411,465828,1.128936002,-0.0005,0.5854,1.419242363,492.8160,841.8786,482.4299,2.93849,,,,,,,,,,,,,,,,,,,,,,,,,30 Dec '99,,,,,,,,,,,,,,,,,,,,,,,,,,,,,,--,,,,,,,,,,,,,,,,,,,,,,,,,,,1071,0,0,
🇸🇰,NoFear1337,0,1,8:43.898,8:45.910,06 Apr 2023,1124,(V),-7753826472617365003,06,Yes,https://www.speedrun.com/mc/run/ywv7303z,8,45,910,525910,526,1,410359,1.281585149,465828,1.128978936,-0.0005,0.5701,1.419643791,479.8786,841.7922,482.2855,2.93924,,,,,,,,,,,,,,,,,,,,,,,,,30 Dec '99,,,,,,,,,,,,,,,,,,,,,,,,,,,,,,--,,,,,,,,,,,,,,,,,,,,,,,,,,,1124,0,0,
🇺🇸,doogile,0,1,8:46.031,8:46.031,27 Oct 2022,1285,(V),8426484340228880879,,,https://www.speedrun.com/mc/runs/zq95v58y,8,46,31,526031,526,0,410359,1.281880012,517884,1.015731322,-0.0005,0.5260,0.6665011088,520.5323,989.6506,481.4122,2.94382,,,,,,,,,,,,,,,,,,,,,,,,,30 Dec '99,,,,,,,,,,,,,,,,,,,,,,,,,,,,,,--,,,,,,,,,,,,,,,,,,,,,,,,,,,1285,0,0,
🇳🇴,skycrab1,0,0,8:45.053,8:46.049,08 Nov 2025,177,(U),see video,,,https://www.youtube.com/watch?v=wAckC_nZcLI&list=PLU3_fvoJ1GyMStiA29z37DUPtG47PvOJz&index=148,8,46,49,526049,526,0,410359,1.281923876,410359,1.281923876,-0.0005,0.9153,3.746430133,360.9663,394.3680,481.2822,2.94450,,,,,,,,,,,,,,,,,,,,,,,,,30 Dec '99,,,,,,,,,,,,,,,,,,,,,,,,,,,,,,--,,,,,,,,,,,,,,,,,,,,,,,,,,,177,0.5743459867,226.5036775,
🇺🇸,Bloon,0,1,8:44.182,8:46.079,16 Sep 2023,961,(V),-6259156646960673664,,,https://www.speedrun.com/mc/runs/zne8x33z,8,46,79,526079,526,0,410359,1.281996983,465828,1.129341731,-0.0005,0.6185,1.423040125,520.1743,841.0608,481.0657,2.94563,,,,,,,,,,,,,,,,,,,,,,,,,30 Dec '99,,,,,,,,,,,,,,,,,,,,,,,,,,,,,,,,,,,,,,,,,,,,,,,,,,,,,,,,,,,,
🇦🇿,KenanKardes,0,1,8:45.460,8:46.120,27 Jun 2024,676,(V),-2790104330333108477,,,https://www.speedrun.com/mc/runs/y9jrkkem,8,46,120,526120,526,0,410359,1.282096896,421494,1.248226547,-0.0005,0.7132,3.046573791,362.9472,508.9030,480.7697,2.94719,,,,,,,,,,,,,,,,,,,,,,,,,30 Dec '99,,,,,,,,,,,,,,,,,,,,,,,,,,,,,,,,,,,,,,,,,,,,,,,,,,,,,,,,,676,0,0,
🇳🇴,skycrab1,0,0,8:46.360,8:46.475,05 Dec 2025,150,(U),see video,,,https://www.youtube.com/watch?v=21D0838rJEA&list=PLU3_fvoJ1GyMStiA29z37DUPtG47PvOJz&index=151,8,46,475,526475,526,0,410359,1.282961992,410359,1.282961992,-0.0005,0.9277,3.770120537,362.6176,390.8598,478.2066,2.96066,,,,,,,,,,,,,,,,,,,,,,,,,30 Dec '99,,,,,,,,,,,,,,,,,,,,,,,,,,,,,,--,,,,,,,,,,,,,,,,,,,,,,,,,,,150,0.7135519747,278.898757,
🇺🇸,meebie,0,0,8:46.730,8:46.730,31 Aug 2024,611,(U),-1594197392145476989,,,https://www.youtube.com/watch?v=zkLphmIsY5Y&list=PLaTJSsRuu2Ufk7cX7bUTt9V-IJxa8wqSM&index=16,8,46,730,526730,527,1,410359,1.283583399,421494,1.249673779,-0.0005,0.7368,3.074015756,371.3373,504.0174,476.3649,2.97038,,,,,,,,,,,,,,,,,,,,,,,,,30 Dec '99,,,,,,,,,,,,,,,,,,,,,,,,,,,,,,,,,,,,,,,,,,,,,,,,,,,,,,,,,611,0.0000000001241025222,0.00000006254983341,
🇳🇴,skycrab1,0,0,8:46.809,8:46.809,19 Dec 2025,136,(U),see video,,,https://www.youtube.com/watch?v=C7eIdtsV1E0&list=PLU3_fvoJ1GyMStiA29z37DUPtG47PvOJz&index=161,8,46,809,526809,527,1,410359,1.283775913,410359,1.283775913,-0.0005,0.9343,3.788788782,362.5978,388.1122,475.7943,2.97339,,,,,,,,,,,,,,,,,,,,,,,,,30 Dec '99,,,,,,,,,,,,,,,,,,,,,,,,,,,,,,--,,,,,,,,,,,,,,,,,,,,,,,,,,,136,0.7775979983,301.795238,
🇺🇸,doogile,0,0,8:45.693,8:47.009,10 Jun 2023,1059,(U),3305404777235060755,,,https://www.youtube.com/watch?v=LJc8Ue_wMxc,8,47,9,527009,527,0,410359,1.284263291,465828,1.131338176,-0.0005,0.5889,1.441867219,492.9103,837.0026,474.3495,2.98103,,,,,,,,,,,,,,,,,,,,,,,,,30 Dec '99,,,,,,,,,,,,,,,,,,,,,,,,,,,,,,--,,,,,,,,,,,,,,,,,,,,,,,,,,,1059,0,0,
🇫🇷,Poni,0,1,8:45.604,8:47.223,02 Oct 2022,1310,(V),-1837751846856531191,,,https://www.youtube.com/watch?v=XF7fO8ptCng,8,47,223,527223,527,0,410359,1.284784786,517884,1.018032996,-0.0005,0.5194,0.6768525791,513.1963,987.9759,472.8033,2.98923,,,,,,,,,,,,,,,,,,,,,,,,,30 Dec '99,,,,,,,,,,,,,,,,,,,,,,,,,,,,,,,,,,,,,,,,,,,,,,,,,,,,,,,,,,,,
🇫🇮,sadekeppi,0,0,8:46.062,8:47.235,05 Mar 2025,425,(U),unknown,,,https://www.youtube.com/watch?v=PmJBX5UDkaQ,8,47,235,527235,527,0,410359,1.284814029,421494,1.250871899,-0.0005,0.8086,3.09690304,404.2534,499.9669,472.7166,2.98969,,,,,,,,,,,,,,,,,,,,,,,,,30 Dec '99,,,,,,,,,,,,,,,,,,,,,,,,,,,,,,,,,,,,,,,,,,,,,,,,,,,,,,,,,425,0.0004635656701,0.2317675015,
🇨🇦,bluescaled,0,1,8:47.616,8:47.616,21 Apr 2024,743,(V),2917123539303046566,,,https://www.speedrun.com/mc/runs/y22e7l7y,8,47,616,527616,528,1,410359,1.285742484,421494,1.251775826,-0.0005,0.6897,3.114272329,342.7168,496.9077,469.9633,3.00434,,,,,,,,,,,,,,,,,,,,,,,,,30 Dec '99,,,,,,,,,,,,,,,,,,,,,,,,,,,,,,,,,,,,,,,,,,,,,,,,,,,,,,,,,,,,
🇨🇦,21mustard,0,1,8:47.222,8:47.675,11 Oct 2024,570,(V),7459329575802108907,,,https://www.speedrun.com/mc/runs/yj9qjr3z,8,47,675,527675,528,1,410359,1.285886261,421494,1.251915804,-0.0005,0.7520,3.116969923,373.3252,496.4337,469.5368,3.00662,,,,,,,,,,,,,,,,,,,,,,,,,30 Dec '99,,,,,,,,,,,,,,,,,,,,,,,,,,,,,,,,,,,,,,,,,,,,,,,,,,,,,,,,,,,,
🇳🇴,skycrab1,0,0,8:48.708,8:48.708,20 Sep 2025,226,(U),see video,,,https://www.youtube.com/watch?v=QaK_cdmaPKQ&list=PLU3_fvoJ1GyMStiA29z37DUPtG47PvOJz&index=138,8,48,708,528708,529,1,410359,1.288403569,410359,1.288403569,-0.0005,0.8932,3.896517068,332.7404,372.5468,462.0688,3.04668,,,,,,,,,,,,,,,,,,,,,,,,,30 Dec '99,,,,,,,,,,,,,,,,,,,,,,,,,,,,,,--,,,,,,,,,,,,,,,,,,,,,,,,,,,226,0.3152726055,117.4537954,
🇫🇮,sadekeppi,0,0,8:47.747,8:47.747,08 Dec 2025,147,(U),unknown,,,https://www.youtube.com/watch?v=U0VSovfqp08,8,47,747,527747,528,1,410359,1.286061717,410359,1.286061717,-0.0005,0.9291,3.841661434,353.4537,380.4110,469.0164,3.00939,,,,,,,,,,,,,,,,,,,,,,,,,30 Dec '99,,,,,,,,,,,,,,,,,,,,,,,,,,,,,,,,,,,,,,,,,,,,,,,,,,,,,,,,,147,0.7278558199,276.8843923,
🇺🇸,doogile,0,0,8:46.578,8:47.860,20 Aug 2023,988,(U),4103179370625614995,,,https://www.youtube.com/watch?v=uDN8xoI81Ys,8,47,860,527860,528,1,410359,1.286337085,465828,1.133165031,-0.0005,0.6102,1.459299995,508.4269,833.2398,468.1996,3.01376,,,,,,,,,,,,,,,,,,,,,,,,,30 Dec '99,,,,,,,,,,,,,,,,,,,,,,,,,,,,,,--,,,,,,,,,,,,,,,,,,,,,,,,,,,988,0,0,
🇳🇴,skycrab1,0,0,8:47.874,8:47.874,27 Nov 2024,523,(U),6699117318653298892,,,https://www.youtube.com/watch?v=5ukarnI5ByU&list=PLU3_fvoJ1GyMStiA29z37DUPtG47PvOJz&index=99,8,47,874,527874,528,1,410359,1.286371202,421494,1.252387934,-0.0005,0.7699,3.12608417,380.9711,494.8346,468.0984,3.01430,,,,,,,,,,,,,,,,,,,,,,,,,30 Dec '99,,,,,,,,,,,,,,,,,,,,,,,,,,,,,,--,,,,,,,,,,,,,,,,,,,,,,,,,,,523,0.0000006125920011,0.0003031317118,
🇩🇰,Bloopy,0,0,8:47.901,8:47.901,22 Sep 2024,589,(U),3928864958060769511,,,https://www.youtube.com/watch?v=aNxuLYPmOdo,8,47,901,527901,528,1,410359,1.286436998,421494,1.252451992,-0.0005,0.7449,3.127322631,368.4426,494.6176,467.9033,3.01534,,,,,,,,,,,,,,,,,,,,,,,,,30 Dec '99,,,,,,,,,,,,,,,,,,,,,,,,,,,,,,--,,,,,,,,,,,,,,,,,,,,,,,,,,,589,0.000000001335918322,0.0000006607686709,
🇨🇦,silverr,0,1,8:46.965,8:47.927,22 Oct 2022,1290,(V),2855607942042314683,,,https://www.speedrun.com/mc/runs/zgq688ey,8,47,927,527927,528,1,410359,1.286500357,517884,1.019392374,-0.0005,0.5247,0.6830436176,517.8244,986.9666,467.7153,3.01635,,,,,,,,,,,,,,,,,,,,,,,,,30 Dec '99,,,,,,,,,,,,,,,,,,,,,,,,,,,,,,--,,,,,,,,,,,,,,,,,,,,,,,,,,,1290,0,0,
🇺🇸,doogile,0,0,8:46.669,8:48.064,10 Dec 2023,876,(U),-842020506674052183,,,https://www.youtube.com/watch?v=lirP0lAFhMI,8,48,64,528064,528,0,410359,1.286834211,446254,1.183326088,-0.0005,0.6453,2.022230738,459.1398,711.4853,466.7250,3.02165,,,,,,,,,,,,,,,,,,,,,,,,,30 Dec '99,,,,,,,,,,,,,,,,,,,,,,,,,,,,,,--,,,,,,,,,,,,,,,,,,,,,,,,,,,876,0,0,
🇺🇸,doogile,0,0,8:48.089,8:48.089,23 Jul 2024,650,(U),-8431738247847193587,,,https://www.youtube.com/watch?v=RMvtU2KWgYM,8,48,89,528089,528,0,410359,1.286895133,421494,1.252898025,-0.0005,0.7225,3.135958289,356.2826,493.1061,466.5442,3.02262,,,,,,,,,,,,,,,,,,,,,,,,,30 Dec '99,,,,,,,,,,,,,,,,,,,,,,,,,,,,,,--,,,,,,,,,,,,,,,,,,,,,,,,,,,650,0,0.0000000005836173077,
🇳🇴,skycrab1,0,0,8:48.272,8:48.272,07 Feb 2026,86,(U),unknown,,,https://www.youtube.com/watch?v=mNshDsaAVzc&list=PLU3_fvoJ1GyMStiA29z37DUPtG47PvOJz&index=169,8,48,272,528272,528,0,410359,1.287341084,410359,1.287341084,-0.0005,0.9579,3.871542803,360.2813,376.1113,465.2212,3.02972,,,,,,,,,,,,,,,,,,,,,,,,,30 Dec '99,,,,,,,,,,,,,,,,,,,,,,,,,,,,,,,,,,,,,,,,,,,,,,,,,,,,,,,,,86,0.9383750217,352.9334787,
🇨🇦,NoHacsJustRoblox,0,0,8:48.505,8:48.505,08 May 2024,726,(U),unknown,,,https://www.youtube.com/watch?v=5UDUfLkhEoQ,8,48,505,528505,529,1,410359,1.28790888,421494,1.25388499,-0.0005,0.6956,3.155143635,340.6700,489.7595,463.5366,3.03877,,,,,,,,,,,,,,,,,,,,,,,,,30 Dec '99,,,,,,,,,,,,,,,,,,,,,,,,,,,,,,--,,,,,,,,,,,,,,,,,,,,,,,,,,,726,0,0,
🇩🇰,Bloopy,0,0,8:48.509,8:48.509,06 Apr 2026,28,(U),5863096878600780723,,,https://www.youtube.com/watch?v=VfwUs71-gkQ,8,48,509,528509,529,1,410359,1.287918627,410359,1.287918627,-0.0005,0.9861,3.885100371,368.9711,374.1730,463.5077,3.03893,,,,,,,,,,,,,,,,,,,,,,,,,30 Dec '99,,,,,,,,,,,,,,,,,,,,,,,,,,,,,,,,,,,,,,,,,,,,,,,,,,,,,,,,,28,0.9978072077,373.3525122,
🇳🇴,skycrab1,0,0,8:48.529,8:48.529,03 Feb 2025,455,(U),2881897363802283355,,,https://www.youtube.com/watch?v=-3u6nTAXcUM&list=PLU3_fvoJ1GyMStiA29z37DUPtG47PvOJz&index=114,8,48,529,528529,529,1,410359,1.287967365,421494,1.25394193,-0.0005,0.7965,3.156253711,389.9505,489.5663,463.3631,3.03971,,,,,,,,,,,,,,,,,,,,,,,,,30 Dec '99,,,,,,,,,,,,,,,,,,,,,,,,,,,,,,--,,,,,,,,,,,,,,,,,,,,,,,,,,,455,0.00008111541832,0.03971137504,
🇳🇴,skycrab1,0,0,8:48.873,8:48.873,10 Dec 2024,510,(U),2315176208545760284,,,https://www.youtube.com/watch?v=_u3kwy8rXbI&list=PLU3_fvoJ1GyMStiA29z37DUPtG47PvOJz&index=102,8,48,873,528873,529,1,410359,1.288805656,421494,1.254758075,-0.0005,0.7749,3.172203631,377.2268,486.7967,460.8757,3.05313,,,,,,,,,,,,,,,,,,,,,,,,,30 Dec '99,,,,,,,,,,,,,,,,,,,,,,,,,,,,,,--,,,,,,,,,,,,,,,,,,,,,,,,,,,510,0.000001733964765,0.0008440883005,
🇫🇮,sadekeppi,0,0,8:49.348,8:49.348,19 Feb 2026,74,(U),unknown,,,https://www.youtube.com/watch?v=DQEdLEhfIcw,8,49,348,529348,529,0,410359,1.289963179,410359,1.289963179,-0.0005,0.9637,3.933438623,353.9827,367.3254,457.4409,3.07174,,,,,,,,,,,,,,,,,,,,,,,,,30 Dec '99,,,,,,,,,,,,,,,,,,,,,,,,,,,,,,,,,,,,,,,,,,,,,,,,,,,,,,,,,,,,
🇳🇴,skycrab1,0,0,8:49.409,8:49.409,28 May 2025,341,(U),unknown,,,https://www.youtube.com/watch?v=xyDX6i-JbRU&list=PLU3_fvoJ1GyMStiA29z37DUPtG47PvOJz&index=128,8,49,409,529409,529,0,410359,1.290111829,421494,1.256029742,-0.0005,0.8432,3.197200999,406.8461,482.4778,456.9997,3.07414,,,,,,,,,,,,,,,,,,,,,,,,,30 Dec '99,,,,,,,,,,,,,,,,,,,,,,,,,,,,,,--,,,,,,,,,,,,,,,,,,,,,,,,,,,341,0.01896458285,9.149990447,
🇳🇴,skycrab1,0,0,8:49.441,8:49.441,06 Mar 2026,59,(U),unknown,,,https://www.youtube.com/watch?v=IpU2pIs3HGI&list=PLU3_fvoJ1GyMStiA29z37DUPtG47PvOJz&index=163,8,49,441,529441,529,0,410359,1.290189809,410359,1.290189809,-0.0005,0.9709,3.938829846,355.9120,366.5678,456.7683,3.07540,,,,,,,,,,,,,,,,,,,,,,,,,30 Dec '99,,,,,,,,,,,,,,,,,,,,,,,,,,,,,,,,,,,,,,,,,,,,,,,,,,,,,,,,,59,0.9796715662,359.1160144,
🇵🇱,watermelon1708,0,0,8:45.180,8:49.596,22 Dec 2025,133,(U),see video,,,https://www.youtube.com/watch?v=oDrlzG59d00,8,49,596,529596,530,1,410359,1.290567527,410359,1.290567527,-0.0005,0.9357,3.94782996,341.8030,365.3057,455.6474,3.08150,,,,,,,,,,,,,,,,,,,,,,,,,30 Dec '99,,,,,,,,,,,,,,,,,,,,,,,,,,,,,,--,,,,,,,,,,,,,,,,,,,,,,,,,,,133,0.7903624036,288.7239262,
🇳🇴,skycrab1,0,0,8:49.496,8:49.628,07 Feb 2026,86,(U),unknown,,,https://www.youtube.com/watch?v=9i8Wohwq8no&list=PLU3_fvoJ1GyMStiA29z37DUPtG47PvOJz&index=168,8,49,628,529628,530,1,410359,1.290645508,410359,1.290645508,-0.0005,0.9579,3.949690345,349.6811,365.0453,455.4160,3.08276,,,,,,,,,,,,,,,,,,,,,,,,,30 Dec '99,,,,,,,,,,,,,,,,,,,,,,,,,,,,,,,,,,,,,,,,,,,,,,,,,,,,,,,,,86,0.9383750217,342.5493933,
🇺🇸,Feinberg,0,1,8:49.295,8:49.902,17 Apr 2025,382,(V),1158649802805325651,,,https://www.speedrun.com/mc/runs/m7erj55z,8,49,902,529902,530,1,410359,1.291313216,421494,1.257199391,-0.0005,0.8261,3.220349922,395.3061,478.5021,453.4346,3.09358,,,,,,,,,,,,,,,,,,,,,,,,,30 Dec '99,,,,,,,,,,,,,,,,,,,,,,,,,,,,,,,,,,,,,,,,,,,,,,,,,,,,,,,,,,,,
🇳🇴,skycrab1,0,0,8:49.936,8:49.936,08 Nov 2025,177,(U),see video,,,https://www.youtube.com/watch?v=5haOUDeGf-A&list=PLU3_fvoJ1GyMStiA29z37DUPtG47PvOJz&index=149,8,49,936,529936,530,1,410359,1.29139607,410359,1.29139607,-0.0005,0.9153,3.967636841,331.8343,362.5404,453.1887,3.09493,,,,,,,,,,,,,,,,,,,,,,,,,30 Dec '99,,,,,,,,,,,,,,,,,,,,,,,,,,,,,,--,,,,,,,,,,,,,,,,,,,,,,,,,,,177,0.5743459867,208.2236158,
🇺🇸,meebie,0,0,8:48.596,8:50.051,03 Sep 2023,974,(U),7299498132050335302,15,Yes,https://www.youtube.com/watch?v=LMy95QFL1VM,8,50,51,530051,530,0,410359,1.291676313,465828,1.137868484,-0.0005,0.6145,1.505097799,505.9115,823.3338,452.3571,3.09948,,,,,,,,,,,,,,,,,,,,,,,,,30 Dec '99,,,,,,,,,,,,,,,,,,,,,,,,,,,,,,--,,,,,,,,,,,,,,,,,,,,,,,,,,,974,0,0,
🇫🇮,sadekeppi,0,0,8:50.468,8:50.468,30 Dec 2025,125,(U),unknown,,,https://www.youtube.com/watch?v=eoU6uHpwlCc,8,50,468,530468,530,0,410359,1.292692496,410359,1.292692496,-0.0005,0.9394,3.998807804,336.5182,358.2218,449.3418,3.11604,,,,,,,,,,,,,,,,,,,,,,,,,30 Dec '99,,,,,,,,,,,,,,,,,,,,,,,,,,,,,,,,,,,,,,,,,,,,,,,,,,,,,,,,,,,,
🇸🇰,NoFear1337,0,0,8:50.451,8:50.501,19 Oct 2023,928,(U),unknown,,,https://www.youtube.com/watch?v=Wq1CcMWfAsY,8,50,501,530501,531,1,410359,1.292772913,465828,1.138834505,-0.0005,0.6288,1.514669346,516.3786,821.2603,449.1032,3.11735,,,,,,,,,,,,,,,,,,,,,,,,,30 Dec '99,,,,,,,,,,,,,,,,,,,,,,,,,,,,,,--,,,,,,,,,,,,,,,,,,,,,,,,,,,928,0,0,
🇨🇦,Aquacorde,0,0,8:50.506,8:50.506,19 Jul 2025,289,(U),-7616555443413747711,,,https://www.youtube.com/watch?v=68HoZv27LzI,8,50,506,530506,531,1,410359,1.292785098,410359,1.292785098,-0.0005,0.8655,4.001042688,309.7582,357.9137,449.0670,3.11755,,,,,,,,,,,,,,,,,,,,,,,,,30 Dec '99,,,,,,,,,,,,,,,,,,,,,,,,,,,,,,--,,,,,,,,,,,,,,,,,,,,,,,,,,,289,0.08947850054,32.02558424,
🇺🇸,Reignex,0,0,8:50.578,8:50.578,30 Sep 2023,947,(U),unknown,,,https://www.youtube.com/watch?v=z1feRpPuykI,8,50,578,530578,531,1,410359,1.292960554,465828,1.138999803,-0.0005,0.6228,1.516312847,511.2744,820.9042,448.5464,3.12042,,,,,,,,,,,,,,,,,,,,,,,,,30 Dec '99,,,,,,,,,,,,,,,,,,,,,,,,,,,,,,,,,,,,,,,,,,,,,,,,,,,,,,,,,,,,
🇳🇴,skycrab1,0,0,8:50.803,8:50.803,05 May 2025,364,(U),unknown,,,https://www.youtube.com/watch?v=yXdhGgJyuoQ&list=PLU3_fvoJ1GyMStiA29z37DUPtG47PvOJz&index=119,8,50,803,530803,531,1,410359,1.293508854,421494,1.259337025,-0.0005,0.8336,3.263047982,392.8171,471.2289,446.9196,3.12939,,,,,,,,,,,,,,,,,,,,,,,,,30 Dec '99,,,,,,,,,,,,,,,,,,,,,,,,,,,,,,--,,,,,,,,,,,,,,,,,,,,,,,,,,,364,0.008043794133,3.790468462,
🇳🇴,skycrab1,0,0,8:50.545,8:51.236,10 Aug 2024,632,(U),-3197286302200123556,,,https://www.youtube.com/watch?v=k1eYrv60vEg&list=PLU3_fvoJ1GyMStiA29z37DUPtG47PvOJz&index=50,8,51,236,531236,531,0,410359,1.294564028,421494,1.260364323,-0.0005,0.7291,3.283748943,341.0036,467.7309,443.7894,3.14674,,,,,,,,,,,,,,,,,,,,,,,,,30 Dec '99,,,,,,,,,,,,,,,,,,,,,,,,,,,,,,--,,,,,,,,,,,,,,,,,,,,,,,,,,,632,0,0.000000005091447153,
🇨🇦,NoHacsJustRoblox,0,0,8:51.843,8:52.318,01 Dec 2024,519,(U),unknown,,,https://www.youtube.com/watch?v=Z6z82Y5kP4k,8,52,318,532318,532,0,410359,1.297200744,421494,1.262931382,-0.0005,0.7714,3.33599651,354.0773,458.9839,435.9707,3.19044,,,,,,,,,,,,,,,,,,,,,,,,,30 Dec '99,,,,,,,,,,,,,,,,,,,,,,,,,,,,,,--,,,,,,,,,,,,,,,,,,,,,,,,,,,519,0.0000008484659353,0.0003894322392,
🇺🇸,doogile,0,0,8:51.678,8:52.413,10 Dec 2023,876,(U),-5260994394316547335,,,https://www.youtube.com/watch?v=OW5kwKZPOzU,8,52,413,532413,532,0,410359,1.297432248,446254,1.193071659,-0.0005,0.6453,2.152590139,441.3137,683.8619,435.2846,3.19430,,,,,,,,,,,,,,,,,,,,,,,,,30 Dec '99,,,,,,,,,,,,,,,,,,,,,,,,,,,,,,--,,,,,,,,,,,,,,,,,,,,,,,,,,,876,0,0,
🇸🇰,NoFear1337,0,0,8:51.877,8:53.246,20 Sep 2025,226,(U),unknown,,,https://www.youtube.com/watch?v=AEz9SIx1tgc,8,53,246,533246,533,0,410359,1.299462178,410359,1.299462178,-0.0005,0.8932,4.165174128,299.9710,335.8572,429.2705,3.22835,,,,,,,,,,,,,,,,,,,,,,,,,30 Dec '99,,,,,,,,,,,,,,,,,,,,,,,,,,,,,,--,,,,,,,,,,,,,,,,,,,,,,,,,,,226,0.3152726055,105.8865628,
🇸🇪,Greetings,0,1,8:48.832,8:53.598,13 Dec 2023,873,(V),-1991754109876931903,,,https://www.speedrun.com/mc/runs/z1klew9y,8,53,598,533598,534,1,410359,1.300319964,446254,1.195727097,-0.0005,0.6463,2.189423975,436.9794,676.1304,426.7307,3.24284,,,,,,,,,,,,,,,,,,,,,,,,,30 Dec '99,,,,,,,,,,,,,,,,,,,,,,,,,,,,,,,,,,,,,,,,,,,,,,,,,,,,,,,,,,,,
🇩🇰,Bloopy,0,0,8:52.223,8:53.623,28 Feb 2026,65,(U),945686901685258779,,,https://www.youtube.com/watch?v=F4IAOLQREog,8,53,623,533623,534,1,410359,1.300380886,410359,1.300380886,-0.0005,0.9680,4.188223427,322.2051,332.8488,426.5504,3.24387,,,,,,,,,,,,,,,,,,,,,,,,,30 Dec '99,,,,,,,,,,,,,,,,,,,,,,,,,,,,,,,,,,,,,,,,,,,,,,,,,,,,,,,,,65,0.972911166,323.8322697,
🇺🇸,Zylenox,0,0,8:49.318,8:53.683,06 Mar 2026,59,(U),unknown,,,https://www.youtube.com/watch?v=atLqoAAuits,8,53,683,533683,534,1,410359,1.300527099,410359,1.300527099,-0.0005,0.9709,4.191902278,322.7089,332.3706,426.1176,3.24634,,,,,,,,,,,,,,,,,,,,,,,,,30 Dec '99,,,,,,,,,,,,,,,,,,,,,,,,,,,,,,,,,,,,,,,,,,,,,,,,,,,,,,,,,59,0.9796715662,325.6140265,
🇵🇱,watermelon1708,0,0,8:52.609,8:54.133,05 Nov 2025,180,(U),unknown,,,https://www.youtube.com/watch?v=x_zdSf7bhIg,8,54,133,534133,534,0,410359,1.3016237,410359,1.3016237,-0.0005,0.9139,4.219586119,300.4916,328.7901,422.8727,3.26496,,,,,,,,,,,,,,,,,,,,,,,,,30 Dec '99,,,,,,,,,,,,,,,,,,,,,,,,,,,,,,--,,,,,,,,,,,,,,,,,,,,,,,,,,,180,0.5581095554,183.5009226,
🇳🇴,skycrab1,0,0,8:54.230,8:54.230,11 Nov 2024,539,(U),-2877178576147619973,,,https://www.youtube.com/watch?v=65224Q7ZkCQ&list=PLU3_fvoJ1GyMStiA29z37DUPtG47PvOJz&index=92,8,54,230,534230,534,0,410359,1.301860079,421494,1.267467627,-0.0005,0.7638,3.430159306,338.7410,443.5168,422.1735,3.26898,,,,,,,,,,,,,,,,,,,,,,,,,30 Dec '99,,,,,,,,,,,,,,,,,,,,,,,,,,,,,,--,,,,,,,,,,,,,,,,,,,,,,,,,,,539,0.0000001582512464,0.00007018709333,
🇮🇪,Corobo,0,1,8:53.731,8:54.386,30 Apr 2023,1100,(V),1354172977527206994,,,https://www.speedrun.com/mc/run/y62775qz,8,54,386,534386,534,0,410359,1.302240234,465828,1.147174494,-0.0005,0.5769,1.59970508,463.1786,802.8056,421.0493,3.27547,,,,,,,,,,,,,,,,,,,,,,,,,30 Dec '99,,,,,,,,,,,,,,,,,,,,,,,,,,,,,,,,,,,,,,,,,,,,,,,,,,,,,,,,,,,,
🇫🇮,sadekeppi,0,0,8:55.010,8:55.010,20 Dec 2025,135,(U),unknown,,,https://www.youtube.com/watch?v=j2ynm5Ra1MU,8,55,10,535010,535,0,410359,1.303760853,410359,1.303760853,-0.0005,0.9347,4.274010129,300.8347,321.8421,416.5549,3.30152,,,,,,,,,,,,,,,,,,,,,,,,,30 Dec '99,,,,,,,,,,,,,,,,,,,,,,,,,,,,,,,,,,,,,,,,,,,,,,,,,,,,,,,,,135,0.7818929034,251.6460529,
🇳🇴,skycrab1,0,0,8:53.059,8:55.075,17 Jun 2024,686,(U),-1214553875519321530,,,https://www.youtube.com/watch?v=UbiUU4PS8Yg&list=PLU3_fvoJ1GyMStiA29z37DUPtG47PvOJz&index=34,8,55,75,535075,535,0,410359,1.303919251,421494,1.269472401,-0.0005,0.7096,3.47253225,309.8859,436.6816,416.0870,3.30424,,,,,,,,,,,,,,,,,,,,,,,,,30 Dec '99,,,,,,,,,,,,,,,,,,,,,,,,,,,,,,--,,,,,,,,,,,,,,,,,,,,,,,,,,,686,0,0,
🇸🇪,Greetings,0,1,8:51.442,8:55.091,16 Oct 2023,931,(V),-998303849944798184,,,https://www.speedrun.com/mc/runs/y6q69wpz,8,55,91,535091,535,0,410359,1.303958241,465828,1.148687928,-0.0005,0.6278,1.615606499,501.8490,799.3503,415.9718,3.30491,,,,,,,,,,,,,,,,,,,,,,,,,30 Dec '99,,,,,,,,,,,,,,,,,,,,,,,,,,,,,,,,,,,,,,,,,,,,,,,,,,,,,,,,,,,,
🇺🇸,pizu,0,1,8:54.022,8:55.184,24 May 2025,345,(V),7703092344048773038,,,https://www.speedrun.com/mc/runs/mkw8dklm,8,55,184,535184,535,0,410359,1.304184872,421494,1.269731004,-0.0005,0.8416,3.478032312,366.7511,435.8000,415.3025,3.30881,,,,,,,,,,,,,,,,,,,,,,,,,30 Dec '99,,,,,,,,,,,,,,,,,,,,,,,,,,,,,,,,,,,,,,,,,,,,,,,,,,,,,,,,,,,,
🇳🇴,skycrab1,0,0,8:55.209,8:55.494,29 Apr 2025,370,(U),unknown,,,https://www.youtube.com/watch?v=Jv4hwkbrykA&list=PLU3_fvoJ1GyMStiA29z37DUPtG47PvOJz&index=118,8,55,494,535494,535,0,410359,1.304940308,421494,1.270466484,-0.0005,0.8311,3.493717616,360.1119,433.2932,413.0721,3.32184,,,,,,,,,,,,,,,,,,,,,,,,,30 Dec '99,,,,,,,,,,,,,,,,,,,,,,,,,,,,,,--,,,,,,,,,,,,,,,,,,,,,,,,,,,370,0.006312017014,2.734954178,
🇮🇹,Ale267,0,1,8:53.440,8:55.565,10 Dec 2023,876,(V),2654444086800961845,,,https://www.speedrun.com/mc/runs/y4kok52m,8,55,565,535565,536,1,410359,1.305113328,446254,1.200134901,-0.0005,0.6453,2.251842736,427.9227,663.1112,412.5615,3.32484,,,,,,,,,,,,,,,,,,,,,,,,,30 Dec '99,,,,,,,,,,,,,,,,,,,,,,,,,,,,,,,,,,,,,,,,,,,,,,,,,,,,,,,,,,,,
🇺🇸,Feinberg,0,0,8:55.644,8:55.644,23 Apr 2025,376,(U),5199559453196523459,,,https://www.youtube.com/watch?v=3fE6RVy2Hns,8,55,644,535644,536,1,410359,1.305305842,421494,1.27082236,-0.0005,0.8286,3.501330131,358.0282,432.0804,411.9934,3.32817,,,,,,,,,,,,,,,,,,,,,,,,,30 Dec '99,,,,,,,,,,,,,,,,,,,,,,,,,,,,,,,,,,,,,,,,,,,,,,,,,,,,,,,,,,,,
🇵🇱,kazzruns,0,1,8:55.715,8:55.971,13 Nov 2024,537,(V),-8462465597101337145,,,https://www.speedrun.com/mc/runs/y9dr7oem,8,55,971,535971,536,1,410359,1.306102705,421494,1.271598172,-0.0005,0.7645,3.517977223,328.3155,429.4370,409.6427,3.34199,,,,,,,,,,,,,,,,,,,,,,,,,30 Dec '99,,,,,,,,,,,,,,,,,,,,,,,,,,,,,,,,,,,,,,,,,,,,,,,,,,,,,,,,,537,0.0000001882649985,0.00008084795356,
🇺🇸,doogile,0,0,8:56.053,8:56.053,24 Mar 2025,406,(U),-4743958313443045268,,,https://www.youtube.com/watch?v=MOF0Iu9SBKo,8,56,53,536053,536,0,410359,1.30630253,421494,1.271792718,-0.0005,0.8163,3.522162886,349.9991,428.7742,409.0535,3.34546,,,,,,,,,,,,,,,,,,,,,,,,,30 Dec '99,,,,,,,,,,,,,,,,,,,,,,,,,,,,,,--,,,,,,,,,,,,,,,,,,,,,,,,,,,406,0.001240374908,0.531840781,
🇺🇸,Crimson,0,1,8:54.994,8:56.208,17 May 2023,1083,(V),3901188098282843839,,,https://www.speedrun.com/mc/run/m3q1wlgy,8,56,208,536208,536,0,410359,1.306680248,465828,1.151085808,-0.0005,0.5819,1.641102771,461.8974,793.8089,407.9400,3.35204,,,,,,,,,,,,,,,,,,,,,,,,,30 Dec '99,,,,,,,,,,,,,,,,,,,,,,,,,,,,,,,,,,,,,,,,,,,,,,,,,,,,,,,,,,,,
🇫🇮,megelimc,0,1,8:53.668,8:56.251,03 Aug 2023,1005,(V),4759173544729623169,,,https://www.speedrun.com/mc/run/zqjp6wrm,8,56,251,536251,536,0,410359,1.306785035,465828,1.151178117,-0.0005,0.6050,1.642091731,480.1372,793.5940,407.6311,3.35386,,,,,,,,,,,,,,,,,,,,,,,,,30 Dec '99,,,,,,,,,,,,,,,,,,,,,,,,,,,,,,,,,,,,,,,,,,,,,,,,,,,,,,,,,,,,
🇮🇱,Ranik_,0,1,8:46.425,8:56.260,09 Sep 2024,602,(V),-6541623548531621549,,,https://www.speedrun.com/mc/runs/y6eo9opz,8,56,260,536260,536,0,410359,1.306806967,421494,1.272283828,-0.0005,0.7401,3.532749091,316.0882,427.1013,407.5665,3.35424,,,,,,,,,,,,,,,,,,,,,,,,,30 Dec '99,,,,,,,,,,,,,,,,,,,,,,,,,,,,,,,,,,,,,,,,,,,,,,,,,,,,,,,,,,,,
🇸🇰,NoFear1337,0,0,8:55.940,8:56.651,09 Sep 2024,602,(U),unknown,,,https://www.youtube.com/watch?v=OFKGxnx2P38&list=PLaTJSsRuu2UeeWabBBfNVWALvnefBoL2C&index=12,8,56,651,536651,537,1,410359,1.307759791,421494,1.273211481,-0.0005,0.7401,3.55282346,313.7504,423.9424,404.7595,3.37089,,,,,,,,,,,,,,,,,,,,,,,,,30 Dec '99,,,,,,,,,,,,,,,,,,,,,,,,,,,,,,--,,,,,,,,,,,,,,,,,,,,,,,,,,,602,0.0000000003350568825,0.0000001420448269,
🇸🇰,NoFear1337,0,0,8:55.740,8:56.923,27 Mar 2024,768,(U),unknown,,,https://www.youtube.com/watch?v=NMjC1md2rGE&list=PLaTJSsRuu2UeeWabBBfNVWALvnefBoL2C&index=8,8,56,923,536923,537,1,410359,1.308422625,421494,1.273856805,-0.0005,0.6811,3.566848749,287.2643,421.7457,402.8082,3.38251,,,,,,,,,,,,,,,,,,,,,,,,,30 Dec '99,,,,,,,,,,,,,,,,,,,,,,,,,,,,,,--,,,,,,,,,,,,,,,,,,,,,,,,,,,768,0,0,
🇺🇸,Reignex,0,0,8:57.103,8:57.103,04 Jul 2023,1035,(U),Unknown,,,https://www.youtube.com/watch?v=zJuRWv35UOg,8,57,103,537103,537,0,410359,1.308861265,465828,1.153007119,-0.0005,0.5960,1.661801778,470.4355,789.3098,401.5176,3.39022,,,,,,,,,,,,,,,,,,,,,,,,,30 Dec '99,,,,,,,,,,,,,,,,,,,,,,,,,,,,,,,,,,,,,,,,,,,,,,,,,,,,,,,,,,,,
🇩🇰,Bloopy,0,0,8:57.348,8:57.348,14 Mar 2026,51,(U),4967329614795166163,,,https://www.youtube.com/watch?v=fcX2MP-_y2E,8,57,348,537348,537,0,410359,1.309458304,410359,1.309458304,-0.0005,0.9748,4.42218544,295.8860,303.5281,399.7618,3.40074,,,,,,,,,,,,,,,,,,,,,,,,,30 Dec '99,,,,,,,,,,,,,,,,,,,,,,,,,,,,,,,,,,,,,,,,,,,,,,,,,,,,,,,,,51,0.9868224937,299.5283572,
🇨🇦,Aquacorde,0,1,8:57.720,8:57.720,25 Jul 2024,648,(V),3015905876303256572,,,https://www.speedrun.com/mc/runs/m3j14wdz,8,57,720,537720,538,1,410359,1.310364827,421494,1.275747697,-0.0005,0.7233,3.608232356,300.3756,415.3135,397.0979,3.41677,,,,,,,,,,,,,,,,,,,,,,,,,30 Dec '99,,,,,,,,,,,,,,,,,,,,,,,,,,,,,,--,,,,,,,,,,,,,,,,,,,,,,,,,,,648,0,0.0000000006328766764,
🇺🇸,meebie,0,0,8:57.348,8:57.738,18 Aug 2024,624,(U),7618635482659477050,,,https://www.youtube.com/watch?v=IJsF0R7FLR0&list=PLaTJSsRuu2Ufk7cX7bUTt9V-IJxa8wqSM&index=15,8,57,738,537738,538,1,410359,1.310408691,421494,1.275790403,-0.0005,0.7320,3.609171962,303.8955,415.1683,396.9690,3.41755,,,,,,,,,,,,,,,,,,,,,,,,,30 Dec '99,,,,,,,,,,,,,,,,,,,,,,,,,,,,,,,,,,,,,,,,,,,,,,,,,,,,,,,,,624,0,0.00000001164512296,
🇨🇦,Aquacorde,0,0,8:57.744,8:57.744,21 Jul 2025,287,(U),2089452302138806331,,,https://www.youtube.com/watch?v=4Cu-z1JTQKs,8,57,744,537744,538,1,410359,1.310423312,410359,1.310423312,-0.0005,0.8663,4.44773323,260.2934,300.4585,396.9261,3.41781,,,,,,,,,,,,,,,,,,,,,,,,,30 Dec '99,,,,,,,,,,,,,,,,,,,,,,,,,,,,,,--,,,,,,,,,,,,,,,,,,,,,,,,,,,287,0.09404420888,28.25638086,
🇳🇴,xzeroxy,0,1,8:59.230,8:59.230,03 Dec 2024,517,(V),5478553775963038982,,,https://www.speedrun.com/mc/runs/y6g3kk6m,8,59,230,539230,539,0,410359,1.314044532,421494,1.279330192,-0.0005,0.7722,3.687824565,311.3161,403.1501,386.3117,3.48252,,,,,,,,,,,,,,,,,,,,,,,,,30 Dec '99,,,,,,,,,,,,,,,,,,,,,,,,,,,,,,,,,,,,,,,,,,,,,,,,,,,,,,,,,,,,
🇳🇴,skycrab1,0,0,8:59.293,8:59.293,11 Sep 2024,600,(U),-6389114711842986192,,,https://www.youtube.com/watch?v=8hzE9Hw6gAU&list=PLU3_fvoJ1GyMStiA29z37DUPtG47PvOJz&index=67,8,59,293,539293,539,0,410359,1.314198056,421494,1.27947966,-0.0005,0.7408,3.691179354,298.2856,402.6434,385.8627,3.48529,,,,,,,,,,,,,,,,,,,,,,,,,30 Dec '99,,,,,,,,,,,,,,,,,,,,,,,,,,,,,,--,,,,,,,,,,,,,,,,,,,,,,,,,,,600,0.0000000004161397394,0.0000001675559154,
🇩🇰,Bloopy,0,0,8:59.432,8:59.432,16 May 2025,353,(U),-18983467290883032,,,https://www.youtube.com/watch?v=514JjNvEQK4,8,59,432,539432,539,0,410359,1.314536784,421494,1.27980944,-0.0005,0.8382,3.698590902,336.5583,401.5257,384.8723,3.49140,,,,,,,,,,,,,,,,,,,,,,,,,30 Dec '99,,,,,,,,,,,,,,,,,,,,,,,,,,,,,,--,,,,,,,,,,,,,,,,,,,,,,,,,,,353,0.0122933391,4.936091433,
🇺🇸,meebie,0,0,8:59.573,8:59.573,19 Nov 2023,897,(U),-1575876630213539597,12,Yes,https://www.youtube.com/watch?v=zJnvTxa-tIw,8,59,573,539573,540,1,410359,1.314880385,465828,1.158309505,-0.0005,0.6386,1.720193796,495.9389,776.6213,383.8682,3.49761,,,,,,,,,,,,,,,,,,,,,,,,,30 Dec '99,,,,,,,,,,,,,,,,,,,,,,,,,,,,,,--,,,,,,,,,,,,,,,,,,,,,,,,,,,897,0,0,
🇩🇰,Bloopy,0,0,9:00.170,9:00.170,05 Oct 2024,576,(U),-5352242782529280836,,,https://www.youtube.com/watch?v=fRLq2qYkV40,9,0,170,540170,540,0,410359,1.316335209,421494,1.281560354,-0.0005,0.7498,3.738166036,296.6038,395.5975,379.6215,3.52401,,,,,,,,,,,,,,,,,,,,,,,,,30 Dec '99,,,,,,,,,,,,,,,,,,,,,,,,,,,,,,--,,,,,,,,,,,,,,,,,,,,,,,,,,,576,0.000000005017682817,0.000001984982561,
🇵🇱,okshey,0,0,9:00.060,9:00.305,15 Nov 2025,170,(U),unknown,,,https://www.youtube.com/watch?v=KsYm43TDgBw,9,0,305,540305,540,0,410359,1.316664189,410359,1.316664189,-0.0005,0.9185,4.616169091,257.9693,280.8556,378.6624,3.53001,,,,,,,,,,,,,,,,,,,,,,,,,30 Dec '99,,,,,,,,,,,,,,,,,,,,,,,,,,,,,,,,,,,,,,,,,,,,,,,,,,,,,,,,,170,0.6118304973,171.8360217,
🇨🇦,Aquacorde,0,0,9:00.365,9:00.365,21 Aug 2024,621,(U),-3831818911159801954,,,https://www.youtube.com/watch?v=3dW5m8cUe6A,9,0,365,540365,540,0,410359,1.316810403,421494,1.282022994,-0.0005,0.7331,3.74868627,288.8577,394.0329,378.2363,3.53268,,,,,,,,,,,,,,,,,,,,,,,,,30 Dec '99,,,,,,,,,,,,,,,,,,,,,,,,,,,,,,--,,,,,,,,,,,,,,,,,,,,,,,,,,,621,0,0.00000001566445359,
🇵🇱,watermelon1708,0,0,8:59.980,9:00.400,06 Dec 2025,149,(U),unknown,,,https://www.youtube.com/watch?v=NKfTh40LmXo,9,0,400,540400,540,0,410359,1.316895694,410359,1.316895694,-0.0005,0.9282,4.622525503,260.0254,280.1372,377.9877,3.53423,,,,,,,,,,,,,,,,,,,,,,,,,30 Dec '99,,,,,,,,,,,,,,,,,,,,,,,,,,,,,,--,,,,,,,,,,,,,,,,,,,,,,,,,,,149,0.718352488,201.2372198,
🇳🇴,skycrab1,0,0,9:00.416,9:00.416,18 Dec 2024,502,(U),-2825863056396066441,,,https://www.youtube.com/watch?v=QuzaLR4dZX0&list=PLU3_fvoJ1GyMStiA29z37DUPtG47PvOJz&index=104,9,0,416,540416,540,0,410359,1.316934684,421494,1.282143993,-0.0005,0.7780,3.751442104,306.2481,393.6238,377.8741,3.53494,,,,,,,,,,,,,,,,,,,,,,,,,30 Dec '99,,,,,,,,,,,,,,,,,,,,,,,,,,,,,,--,,,,,,,,,,,,,,,,,,,,,,,,,,,502,0.000003205633587,0.001261813637,
🇺🇸,Feinberg,0,1,8:57.718,9:00.487,15 Oct 2022,1297,(V),6318646588162790338,,,https://www.speedrun.com/mc/runs/z1gxnkrz,9,0,487,540487,540,0,410359,1.317107703,517884,1.043644909,-0.0005,0.5228,0.803707331,505.1834,966.2489,377.3700,3.53810,,,,,,,,,,,,,,,,,,,,,,,,,30 Dec '99,,,,,,,,,,,,,,,,,,,,,,,,,,,,,,,,,,,,,,,,,,,,,,,,,,,,,,,,,,,,
🇳🇴,skycrab1,0,0,8:59.994,9:00.517,15 Aug 2024,627,(U),6950286062050709827,,,https://www.youtube.com/watch?v=GdrxXjooUA4&list=PLU3_fvoJ1GyMStiA29z37DUPtG47PvOJz&index=56,9,0,517,540517,541,1,410359,1.31718081,421494,1.282383616,-0.0005,0.7309,3.75690511,287.1015,392.8138,377.1571,3.53944,,,,,,,,,,,,,,,,,,,,,,,,,30 Dec '99,,,,,,,,,,,,,,,,,,,,,,,,,,,,,,--,,,,,,,,,,,,,,,,,,,,,,,,,,,627,0,0.000000007747834027,
🇸🇰,NoFear1337,0,0,8:57.699,9:00.720,14 Apr 2023,1116,(U),unknown,,,https://www.youtube.com/watch?v=HRrYCllMZvI,9,0,720,540720,541,1,410359,1.317675499,465828,1.160771787,-0.0005,0.5724,1.747952749,441.0515,770.5939,375.7167,3.54849,,,,,,,,,,,,,,,,,,,,,,,,,30 Dec '99,,,,,,,,,,,,,,,,,,,,,,,,,,,,,,--,,,,,,,,,,,,,,,,,,,,,,,,,,,1116,0,0,
🇫🇮,AndrewCrow,0,0,9:00.882,9:00.977,18 Feb 2026,75,(U),unknown,,,https://www.youtube.com/watch?v=fdNNViVWFV8,9,0,977,540977,541,1,410359,1.31830178,410359,1.31830178,-0.0005,0.9632,4.661300779,265.6371,275.7876,373.8947,3.55998,,,,,,,,,,,,,,,,,,,,,,,,,30 Dec '99,,,,,,,,,,,,,,,,,,,,,,,,,,,,,,,,,,,,,,,,,,,,,,,,,,,,,,,,,75,0.9586900093,264.3948198,
🇳🇴,skycrab1,0,1,8:59.353,9:01.102,05 Nov 2023,911,(V),-7277035047426370667,,,https://www.speedrun.com/mc/runs/yd2e770m,9,1,102,541102,541,0,410359,1.318606391,465828,1.161591832,-0.0005,0.6341,1.757289585,487.3724,768.5676,373.0091,3.56558,,,,,,,,,,,,,,,,,,,,,,,,,30 Dec '99,,,,,,,,,,,,,,,,,,,,,,,,,,,,,,--,,,,,,,,,,,,,,,,,,,,,,,,,,,911,0,0,
🇺🇸,doogile,0,0,8:59.983,9:01.127,06 Oct 2023,941,(U),9195494537967252613,,,https://www.youtube.com/watch?v=lUWGWVc40zo,9,1,127,541127,541,0,410359,1.318667313,465828,1.1616455,-0.0005,0.6247,1.757902245,480.0333,768.4347,372.8320,3.56670,,,,,,,,,,,,,,,,,,,,,,,,,30 Dec '99,,,,,,,,,,,,,,,,,,,,,,,,,,,,,,--,,,,,,,,,,,,,,,,,,,,,,,,,,,941,0,0,
🇩🇰,Bloopy,0,0,9:01.143,9:01.143,18 Jan 2025,471,(U),-7620737076103346510,,,https://www.youtube.com/watch?v=d9vkKsLySa0,9,1,143,541143,541,0,410359,1.318706304,421494,1.28386881,-0.0005,0.7902,3.79092474,306.4291,387.7987,372.7187,3.56742,,,,,,,,,,,,,,,,,,,,,,,,,30 Dec '99,,,,,,,,,,,,,,,,,,,,,,,,,,,,,,--,,,,,,,,,,,,,,,,,,,,,,,,,,,471,0.00002898560878,0.01124058247,
🇺🇸,doogile,0,0,9:01.449,9:01.449,25 May 2024,709,(U),-7536657347809840728,,,https://www.youtube.com/watch?v=fqNFbLGUKeA,9,1,449,541449,541,0,410359,1.319451992,421494,1.284594799,-0.0005,0.7015,3.807654673,270.3327,385.3506,370.5528,3.58117,,,,,,,,,,,,,,,,,,,,,,,,,30 Dec '99,,,,,,,,,,,,,,,,,,,,,,,,,,,,,,--,,,,,,,,,,,,,,,,,,,,,,,,,,,709,0,0,
🇩🇰,Bloopy,0,0,9:01.455,9:01.455,29 Jan 2025,460,(U),-3030095061520695931,,,https://www.youtube.com/watch?v=VGY1zOH0JTc,9,1,455,541455,541,0,410359,1.319466613,421494,1.284609034,-0.0005,0.7945,3.807983373,306.1359,385.3026,370.5104,3.58144,,,,,,,,,,,,,,,,,,,,,,,,,30 Dec '99,,,,,,,,,,,,,,,,,,,,,,,,,,,,,,--,,,,,,,,,,,,,,,,,,,,,,,,,,,460,0.00005925857871,0.0228324849,
🇵🇱,watermelon1708,0,0,8:59.859,9:01.423,25 Dec 2025,130,(U),see video,,,https://www.youtube.com/watch?v=cE3J7k4Sshc,9,1,423,541423,541,0,410359,1.319388633,410359,1.319388633,-0.0005,0.9371,4.691471673,255.2969,272.4424,370.7368,3.58000,,,,,,,,,,,,,,,,,,,,,,,,,30 Dec '99,,,,,,,,,,,,,,,,,,,,,,,,,,,,,,--,,,,,,,,,,,,,,,,,,,,,,,,,,,130,0.8027595897,218.705755,
🇵🇱,watermelon1708,0,0,8:57.165,9:01.510,21 Oct 2025,195,(U),unknown,,,https://www.youtube.com/watch?v=bgofOfS1s1A,9,1,510,541510,542,1,410359,1.319600642,410359,1.319600642,-0.0005,0.9071,4.697377337,246.5428,271.7916,370.1214,3.58392,,,,,,,,,,,,,,,,,,,,,,,,,30 Dec '99,,,,,,,,,,,,,,,,,,,,,,,,,,,,,,--,,,,,,,,,,,,,,,,,,,,,,,,,,,195,0.4764047362,129.4828096,
🇺🇸,Feinberg,0,0,9:01.535,9:01.535,02 May 2023,1098,(U),7702150658606563994,,,https://www.youtube.com/watch?v=2iCRD8BHCck,9,1,535,541535,542,1,410359,1.319661565,465828,1.16252136,-0.0005,0.5775,1.767928902,442.5355,766.2593,369.9446,3.58504,,,,,,,,,,,,,,,,,,,,,,,,,30 Dec '99,,,,,,,,,,,,,,,,,,,,,,,,,,,,,,,,,,,,,,,,,,,,,,,,,,,,,,,,,,,,
🇳🇴,skycrab1,0,0,9:01.581,9:01.581,24 Oct 2024,557,(U),5396784990910154852,,,https://www.youtube.com/watch?v=7QvmYogun44&list=PLU3_fvoJ1GyMStiA29z37DUPtG47PvOJz&index=88,9,1,581,541581,542,1,410359,1.319773662,421494,1.28490797,-0.0005,0.7569,3.814891967,290.8801,384.2952,369.6193,3.58711,,,,,,,,,,,,,,,,,,,,,,,,,30 Dec '99,,,,,,,,,,,,,,,,,,,,,,,,,,,,,,--,,,,,,,,,,,,,,,,,,,,,,,,,,,557,0.0000000312617885,0.0000120137562,
🇨🇦,NoHacsJustRoblox,0,0,9:00.675,9:01.646,03 Sep 2024,608,(U),7108735323901756884,,,https://www.youtube.com/watch?v=1F8ZBRB354Y,9,1,646,541646,542,1,410359,1.319932059,421494,1.285062184,-0.0005,0.7379,3.818460327,283.1731,383.7757,369.1598,3.59005,,,,,,,,,,,,,,,,,,,,,,,,,30 Dec '99,,,,,,,,,,,,,,,,,,,,,,,,,,,,,,--,,,,,,,,,,,,,,,,,,,,,,,,,,,608,0.0000000001733737928,0.00000006653664978,
🇳🇴,skycrab1,0,0,9:01.851,9:01.851,06 Oct 2024,575,(U),5584430862827466527,,,https://www.youtube.com/watch?v=XLXBEG_9Z2M&list=PLU3_fvoJ1GyMStiA29z37DUPtG47PvOJz&index=76,9,1,851,541851,542,1,410359,1.320431622,421494,1.285548549,-0.0005,0.7501,3.829734035,286.6556,382.1379,367.7113,3.59930,,,,,,,,,,,,,,,,,,,,,,,,,30 Dec '99,,,,,,,,,,,,,,,,,,,,,,,,,,,,,,--,,,,,,,,,,,,,,,,,,,,,,,,,,,575,0.000000005541849761,0.000002117750895,
🇺🇸,doogile,0,0,9:01.361,9:01.856,17 Mar 2024,778,(U),-423824187334230143,,,https://www.youtube.com/watch?v=9aJOIrN2g-A,9,1,856,541856,542,1,410359,1.320443807,421494,1.285560411,-0.0005,0.6777,3.830009377,258.9609,382.0980,367.6760,3.59953,,,,,,,,,,,,,,,,,,,,,,,,,30 Dec '99,,,,,,,,,,,,,,,,,,,,,,,,,,,,,,--,,,,,,,,,,,,,,,,,,,,,,,,,,,778,0,0,
🇺🇸,FooN,0,1,8:57.293,9:01.942,23 Feb 2023,1166,(V),-5695877831493898620,,,https://www.speedrun.com/mc/run/zxnw86qm,9,1,942,541942,542,1,410359,1.320653379,465828,1.163395073,-0.0005,0.5582,1.777983808,426.5249,764.0787,367.0687,3.60342,,,,,,,,,,,,,,,,,,,,,,,,,30 Dec '99,,,,,,,,,,,,,,,,,,,,,,,,,,,,,,,,,,,,,,,,,,,,,,,,,,,,,,,,,,,,
🇺🇸,FooN,0,0,8:57.834,9:01.977,27 Mar 2023,1134,(U),3309154460547738819,,,https://www.youtube.com/watch?v=lKsvBCOS7mY,9,1,977,541977,542,1,410359,1.32073867,465828,1.163470208,-0.0005,0.5672,1.778850952,433.2975,763.8906,366.8216,3.60500,,,,,,,,,,,,,,,,,,,,,,,,,30 Dec '99,,,,,,,,,,,,,,,,,,,,,,,,,,,,,,,,,,,,,,,,,,,,,,,,,,,,,,,,,,,,
🇺🇸,Crimson,0,0,9:01.997,9:01.997,29 Aug 2023,979,(U),-5988520828336756304,,,https://www.youtube.com/watch?v=RhhfwurxegQ,9,1,997,541997,542,1,410359,1.320787408,465828,1.163513142,-0.0005,0.6129,1.779346639,468.1477,763.7831,366.6804,3.60591,,,,,,,,,,,,,,,,,,,,,,,,,30 Dec '99,,,,,,,,,,,,,,,,,,,,,,,,,,,,,,,,,,,,,,,,,,,,,,,,,,,,,,,,,,,,
🇳🇴,skycrab1,0,0,9:02.423,9:02.423,30 Aug 2024,612,(U),3049901205395221348,,,https://www.youtube.com/watch?v=PPXIiFSl4dc&list=PLU3_fvoJ1GyMStiA29z37DUPtG47PvOJz&index=62,9,2,423,542423,542,0,410359,1.321825524,421494,1.286905626,-0.0005,0.7364,3.861348733,278.0404,377.5739,363.6758,3.62524,,,,,,,,,,,,,,,,,,,,,,,,,30 Dec '99,,,,,,,,,,,,,,,,,,,,,,,,,,,,,,--,,,,,,,,,,,,,,,,,,,,,,,,,,,612,0.0000000001109332108,0.00000004188548743,
🇸🇰,NoFear1337,0,0,9:02.402,9:02.859,30 Jun 2025,308,(U),unknown,,,https://www.youtube.com/watch?v=6HhUuitsxGs,9,2,859,542859,543,1,410359,1.322888008,410359,1.322888008,-0.0005,0.8573,4.789803437,224.4125,261.7751,360.6062,3.64513,,,,,,,,,,,,,,,,,,,,,,,,,30 Dec '99,,,,,,,,,,,,,,,,,,,,,,,,,,,,,,--,,,,,,,,,,,,,,,,,,,,,,,,,,,308,0.05383609102,14.09294817,
🇩🇰,Bloopy,0,1,9:02.325,9:02.890,20 Jul 2024,653,(U),-3162138013269904068,,,https://www.youtube.com/watch?v=LQVoVG-qCYo,9,2,890,542890,543,1,410359,1.322963551,421494,1.28801359,-0.0005,0.7214,3.887333649,269.7152,373.8544,360.3881,3.64654,,,,,,,,,,,,,,,,,,,,,,,,,30 Dec '99,,,,,,,,,,,,,,,,,,,,,,,,,,,,,,--,,,,,,,,,,,,,,,,,,,,,,,,,,,653,0,0.0000000003019857909,
🇩🇰,Bloopy,0,1,9:03.208,9:03.208,09 Mar 2024,786,(V),327741930004183264,,,https://www.speedrun.com/mc/runs/zq8w755z,9,3,208,543208,543,0,410359,1.323738483,421494,1.288768049,-0.0005,0.6750,3.905117644,250.6553,371.3253,358.1532,3.66111,,,,,,,,,,,,,,,,,,,,,,,,,30 Dec '99,,,,,,,,,,,,,,,,,,,,,,,,,,,,,,--,,,,,,,,,,,,,,,,,,,,,,,,,,,786,0,0,
🇺🇸,Jamyreaf,0,1,9:03.026,9:03.450,22 Dec 2023,864,(V),5419460951497660528,,,https://www.speedrun.com/mc/runs/zne212vz,9,3,450,543450,543,0,410359,1.32432821,446254,1.21780421,-0.0005,0.6492,2.518743268,395.2184,608.7687,356.4544,3.67223,,,,,,,,,,,,,,,,,,,,,,,,,30 Dec '99,,,,,,,,,,,,,,,,,,,,,,,,,,,,,,,,,,,,,,,,,,,,,,,,,,,,,,,,,,,,
🇨🇦,Aquacorde,0,0,9:03.483,9:03.483,15 Jul 2025,293,(U),3586604150107286256,,,https://www.youtube.com/watch?v=HlKgDCEfr1M,9,3,483,543483,543,0,410359,1.324408628,410359,1.324408628,-0.0005,0.8637,4.833103637,222.1421,257.1906,356.2229,3.67375,,,,,,,,,,,,,,,,,,,,,,,,,30 Dec '99,,,,,,,,,,,,,,,,,,,,,,,,,,,,,,--,,,,,,,,,,,,,,,,,,,,,,,,,,,293,0.08083253772,20.78936555,
🇺🇸,doogile,0,0,8:58.672,9:04.680,20 Oct 2023,927,(U),5170768254742346902,,,https://www.youtube.com/watch?v=nX477DDwCp4,9,4,680,544680,545,1,410359,1.327325586,465828,1.169272779,-0.0005,0.6291,1.847015339,471.2625,749.1321,347.8492,3.72921,,,,,,,,,,,,,,,,,,,,,,,,,30 Dec '99,,,,,,,,,,,,,,,,,,,,,,,,,,,,,,--,,,,,,,,,,,,,,,,,,,,,,,,,,,927,0,0,
🇳🇴,skycrab1,0,0,9:03.846,9:05.167,01 Dec 2023,885,(U),5228422525265565557,,,https://www.youtube.com/watch?v=Qe_QUpUyPbc&list=PLU3_fvoJ1GyMStiA29z37DUPtG47PvOJz&index=5,9,5,167,545167,545,0,410359,1.328512351,465828,1.170318229,-0.0005,0.6424,1.859550606,479.5236,746.4235,344.4561,3.75199,,,,,,,,,,,,,,,,,,,,,,,,,30 Dec '99,,,,,,,,,,,,,,,,,,,,,,,,,,,,,,--,,,,,,,,,,,,,,,,,,,,,,,,,,,885,0,0,
🇺🇸,doogile,0,0,9:03.653,9:05.189,03 Jul 2024,670,(U),-1944357644516820181,,,https://www.youtube.com/watch?v=2PrVhqKEWwk,9,5,189,545189,545,0,410359,1.328565963,421494,1.293467997,-0.0005,0.7153,4.017558656,254.4054,355.6436,344.3031,3.75302,,,,,,,,,,,,,,,,,,,,,,,,,30 Dec '99,,,,,,,,,,,,,,,,,,,,,,,,,,,,,,--,,,,,,,,,,,,,,,,,,,,,,,,,,,670,0,0,
🇨🇿,90Tom,0,1,9:01.644,9:05.616,03 Mar 2023,1158,(V),8054207278677261153,,,https://www.speedrun.com/mc/run/ydgnxwqy,9,5,616,545616,546,1,410359,1.329606515,465828,1.171282104,-0.0005,0.5605,1.871177419,416.9324,743.9130,341.3352,3.77309,,,,,,,,,,,,,,,,,,,,,,,,,30 Dec '99,,,,,,,,,,,,,,,,,,,,,,,,,,,,,,,,,,,,,,,,,,,,,,,,,,,,,,,,,,,,
🇨🇦,Jay12310,0,0,9:05.451,9:05.451,16 Mar 2024,779,(U),see video,,,https://www.youtube.com/watch?v=ivDOaiqp9jM&list=PLaTJSsRuu2UcsiC6KEkJwrGp1GaGgPoVG&index=2,9,5,451,545451,545,0,410359,1.329204428,421494,1.294089596,-0.0005,0.6774,4.032645218,239.5134,353.5799,342.4813,3.76532,,,,,,,,,,,,,,,,,,,,,,,,,30 Dec '99,,,,,,,,,,,,,,,,,,,,,,,,,,,,,,--,,,,,,,,,,,,,,,,,,,,,,,,,,,779,0,0,
🇺🇸,doogile,0,0,9:05.184,9:05.845,06 Nov 2023,910,(U),5873759299326194645,,,https://www.youtube.com/watch?v=5MtswX7IfB4,9,5,845,545845,546,1,410359,1.330164563,465828,1.171773702,-0.0005,0.6344,1.877133197,471.1586,742.6277,339.7463,3.78390,,,,,,,,,,,,,,,,,,,,,,,,,30 Dec '99,,,,,,,,,,,,,,,,,,,,,,,,,,,,,,--,,,,,,,,,,,,,,,,,,,,,,,,,,,910,0,0,
🇳🇴,skycrab1,0,0,9:04.821,9:06.518,16 Oct 2024,565,(U),1509054890108880200,,,https://www.youtube.com/watch?v=o2BhtRPoBl8&list=PLU3_fvoJ1GyMStiA29z37DUPtG47PvOJz&index=83,9,6,518,546518,547,1,410359,1.331804591,421494,1.296621067,-0.0005,0.7539,4.094611913,260.2472,345.2027,335.0878,3.81581,,,,,,,,,,,,,,,,,,,,,,,,,30 Dec '99,,,,,,,,,,,,,,,,,,,,,,,,,,,,,,--,,,,,,,,,,,,,,,,,,,,,,,,,,,565,0.00000001468833053,0.000005070452071,
🇺🇸,Feinberg,0,1,9:03.853,9:06.683,29 Aug 2022,1344,(U),8035153315721236887,,,https://www.youtube.com/watch?v=UbeZGrhbc4A,9,6,683,546683,547,1,410359,1.332206678,517884,1.055608978,-0.0005,0.5107,0.8708938955,487.1755,953.9625,333.9483,3.82367,,,,,,,,,,,,,,,,,,,,,,,,,30 Dec '99,,,,,,,,,,,,,,,,,,,,,,,,,,,,,,,,,,,,,,,,,,,,,,,,,,,,,,,,,,,,
🇷🇺,aleen,0,1,9:06.179,9:06.732,06 May 2023,1093.458333,(V),4100897809495913321,,,https://www.speedrun.com/mc/run/y8693gdm,9,6,732,546732,547,1,410359,1.332326085,465828,1.173677838,-0.0005,0.5788,1.900367803,426.9628,737.6180,333.6101,3.82601,,,,,,,,,,,,,,,,,,,,,,,,,30 Dec '99,,,,,,,,,,,,,,,,,,,,,,,,,,,,,,,,,,,,,,,,,,,,,,,,,,,,,,,,,,,,
🇺🇸,Kruin,0,1,9:03.885,9:06.887,15 Oct 2023,932,(V),7290573103261113412,,,https://www.speedrun.com/mc/runs/m3knr56y,9,6,887,546887,547,1,410359,1.332703803,465828,1.174010579,-0.0005,0.6275,1.90445513,462.3082,736.7375,332.5409,3.83341,,,,,,,,,,,,,,,,,,,,,,,,,30 Dec '99,,,,,,,,,,,,,,,,,,,,,,,,,,,,,,,,,,,,,,,,,,,,,,,,,,,,,,,,,,,,
🇺🇸,Reignex,0,0,9:07.014,9:07.014,06 Nov 2023,910,(U),Unknown,,,https://youtu.be/M7Q-8t9ktCs?si=MnwwCmv0kkfe0HjL,9,7,14,547014,547,0,410359,1.333013288,465828,1.174283212,-0.0005,0.6344,1.90781015,466.9632,736.0150,331.6656,3.83948,,,,,,,,,,,,,,,,,,,,,,,,,30 Dec '99,,,,,,,,,,,,,,,,,,,,,,,,,,,,,,,,,,,,,,,,,,,,,,,,,,,,,,,,,,,,
🇳🇴,skycrab1,0,0,9:07.149,9:07.149,10 Oct 2024,571,(U),-1175900086044057204,,,https://www.youtube.com/watch?v=A-29KTnAD2I&list=PLU3_fvoJ1GyMStiA29z37DUPtG47PvOJz&index=82,9,7,149,547149,547,0,410359,1.333342269,421494,1.298118123,-0.0005,0.7516,4.131658224,255.7604,340.2706,330.7358,3.84595,,,,,,,,,,,,,,,,,,,,,,,,,30 Dec '99,,,,,,,,,,,,,,,,,,,,,,,,,,,,,,--,,,,,,,,,,,,,,,,,,,,,,,,,,,571,0.000000008217982467,0.00000279633765,
🇳🇴,skycrab1,0,0,9:07.112,9:07.112,28 Apr 2025,371,(U),unknown,,,https://www.youtube.com/watch?v=o710MyvzZRc&list=PLU3_fvoJ1GyMStiA29z37DUPtG47PvOJz&index=117,9,7,112,547112,547,0,410359,1.333252104,421494,1.29803034,-0.0005,0.8307,4.12947767,282.8988,340.5593,330.9905,3.84417,,,,,,,,,,,,,,,,,,,,,,,,,30 Dec '99,,,,,,,,,,,,,,,,,,,,,,,,,,,,,,--,,,,,,,,,,,,,,,,,,,,,,,,,,,371,0.006057360711,2.062890635,
🇫🇮,sadekeppi,0,0,9:05.453,9:07.231,05 Apr 2025,394,(U),3784350697232535949,,,https://www.youtube.com/watch?v=_6D4CEjB7EI,9,7,231,547231,547,0,410359,1.333542094,421494,1.298312669,-0.0005,0.8212,4.136494486,278.9017,339.6309,330.1713,3.84988,,,,,,,,,,,,,,,,,,,,,,,,,30 Dec '99,,,,,,,,,,,,,,,,,,,,,,,,,,,,,,,,,,,,,,,,,,,,,,,,,,,,,,,,,394,0.002206608848,0.7494325073,
🇫🇮,AndrewCrow,0,0,9:06.737,9:07.310,04 Jul 2025,304,(U),unknown,,,https://www.youtube.com/watch?v=9ykWGMkAK-8,9,7,310,547310,547,0,410359,1.333734608,410359,1.333734608,-0.0005,0.8590,5.106397952,197.3936,229.7977,329.6278,3.85367,,,,,,,,,,,,,,,,,,,,,,,,,30 Dec '99,,,,,,,,,,,,,,,,,,,,,,,,,,,,,,,,,,,,,,,,,,,,,,,,,,,,,,,,,304,0.0602383311,13.8426328,
🇳🇴,skycrab1,0,0,9:07.485,9:07.485,08 Feb 2025,450,(U),3737533492080781915,,,https://www.youtube.com/watch?v=vIyLdcMlpzU&list=PLU3_fvoJ1GyMStiA29z37DUPtG47PvOJz&index=116,9,7,485,547485,547,0,410359,1.334161064,421494,1.298915287,-0.0005,0.7985,4.15150733,269.6200,337.6512,328.4248,3.86208,,,,,,,,,,,,,,,,,,,,,,,,,30 Dec '99,,,,,,,,,,,,,,,,,,,,,,,,,,,,,,--,,,,,,,,,,,,,,,,,,,,,,,,,,,450,0.0001102786735,0.03723573178,
🇬🇧,ninathepig,0,1,8:54.614,9:07.741,08 Nov 2022,1273,(V),1527477638666863321,,,https://www.speedrun.com/mc/run/z1g48nrz,9,7,741,547741,548,1,410359,1.334784908,495537,1.105348339,-0.0005,0.5291,1.214200397,468.5488,885.4893,326.6670,3.87441,,,,,,,,,,,,,,,,,,,,,,,,,30 Dec '99,,,,,,,,,,,,,,,,,,,,,,,,,,,,,,,,,,,,,,,,,,,,,,,,,,,,,,,,,,,,
🇳🇴,skycrab1,0,0,9:07.893,9:07.893,16 Nov 2024,534,(U),3572344265609154792,,,https://www.youtube.com/watch?v=GB4EvDhnAj0&list=PLU3_fvoJ1GyMStiA29z37DUPtG47PvOJz&index=94,9,7,893,547893,548,1,410359,1.335155315,421494,1.299883272,-0.0005,0.7657,4.175724731,256.1003,334.4774,325.6247,3.88175,,,,,,,,,,,,,,,,,,,,,,,,,30 Dec '99,,,,,,,,,,,,,,,,,,,,,,,,,,,,,,--,,,,,,,,,,,,,,,,,,,,,,,,,,,534,0.000000243699385,0.00008151193461,
🇺🇸,doogile,0,0,9:07.950,9:07.950,16 Aug 2024,626,(U),unknown,,,https://www.youtube.com/watch?v=rVh_EFcoA_Q,9,7,950,547950,548,1,410359,1.335294218,421494,1.300018506,-0.0005,0.7312,4.179118108,244.2628,334.0346,325.2340,3.88450,,,,,,,,,,,,,,,,,,,,,,,,,30 Dec '99,,,,,,,,,,,,,,,,,,,,,,,,,,,,,,--,,,,,,,,,,,,,,,,,,,,,,,,,,,626,0,0.000000007411795946,
🇳🇴,skycrab1,0,0,9:02.208,9:08.108,24 Aug 2024,618,(U),8200471492953039268,,,https://www.youtube.com/watch?v=7kCryLBekaY&list=PLU3_fvoJ1GyMStiA29z37DUPtG47PvOJz&index=59,9,8,108,548108,548,0,410359,1.335679247,421494,1.300393363,-0.0005,0.7342,4.188537237,244.3412,332.8079,324.1519,3.89215,,,,,,,,,,,,,,,,,,,,,,,,,30 Dec '99,,,,,,,,,,,,,,,,,,,,,,,,,,,,,,--,,,,,,,,,,,,,,,,,,,,,,,,,,,618,0,0.00000001868887115,
🇳🇴,skycrab1,0,0,9:08.173,9:08.173,22 Jul 2025,286,(U),unknown,,,https://www.youtube.com/watch?v=ywxlACuqAe0&list=PLU3_fvoJ1GyMStiA29z37DUPtG47PvOJz&index=137,9,8,173,548173,548,0,410359,1.335837645,410359,1.335837645,-0.0005,0.8668,5.169900404,193.9822,223.8031,323.7070,3.89530,,,,,,,,,,,,,,,,,,,,,,,,,30 Dec '99,,,,,,,,,,,,,,,,,,,,,,,,,,,,,,--,,,,,,,,,,,,,,,,,,,,,,,,,,,286,0.09638876787,21.57210067,
🇹🇿,Kxpow,0,0,9:04.666,9:08.266,14 Nov 2023,902,(U),-4809940892150569008,,,https://www.youtube.com/watch?v=gg6rLSlqqqc,9,8,266,548266,548,0,410359,1.336064275,465828,1.176970899,-0.0005,0.6370,1.941178114,464.2633,728.8382,323.0708,3.89981,,,,,,,,,,,,,,,,,,,,,,,,,30 Dec '99,,,,,,,,,,,,,,,,,,,,,,,,,,,,,,,,,,,,,,,,,,,,,,,,,,,,,,,,,902,0,0,
🇧🇪,boyenn,0,0,9:08.407,9:08.407,09 Mar 2025,421,(U),unknown,,,https://www.youtube.com/watch?v=PIdpIYU0iN8,9,8,407,548407,548,0,410359,1.336407877,421494,1.301102744,-0.0005,0.8102,4.206414141,267.7559,330.4898,322.1069,3.90665,,,,,,,,,,,,,,,,,,,,,,,,,30 Dec '99,,,,,,,,,,,,,,,,,,,,,,,,,,,,,,--,,,,,,,,,,,,,,,,,,,,,,,,,,,421,0.000574594433,0.1898976164,
🇸🇰,NoFear1337,0,0,9:08.371,9:08.421,08 Jun 2023,1061,(U),unknown,,,https://www.youtube.com/watch?v=IffgSK8FXyU,9,8,421,548421,548,0,410359,1.336441993,465828,1.17730364,-0.0005,0.5883,1.945346385,428.2567,727.9429,322.0112,3.90733,,,,,,,,,,,,,,,,,,,,,,,,,30 Dec '99,,,,,,,,,,,,,,,,,,,,,,,,,,,,,,--,,,,,,,,,,,,,,,,,,,,,,,,,,,1061,0,0,
🇨🇦,Aquacorde,0,0,9:08.473,9:08.473,17 Jul 2025,291,(U),-4757456621971521047,,,https://www.youtube.com/watch?v=3NgUon3iBFM,9,8,473,548473,548,0,410359,1.336568712,410359,1.336568712,-0.0005,0.8646,5.192139904,191.7104,221.7357,321.6560,3.90986,,,,,,,,,,,,,,,,,,,,,,,,,30 Dec '99,,,,,,,,,,,,,,,,,,,,,,,,,,,,,,--,,,,,,,,,,,,,,,,,,,,,,,,,,,291,0.08507542185,18.86425703,
🇸🇰,NoFear1337,0,0,9:05.980,9:08.551,02 Feb 2024,822,(U),unknown,,,https://www.youtube.com/watch?v=4fdVhFGeQgo&list=PLaTJSsRuu2UeeWabBBfNVWALvnefBoL2C&index=5,9,8,551,548551,549,1,410359,1.336758789,421494,1.301444386,-0.0005,0.6630,4.215048128,218.3713,329.3749,321.1234,3.91365,,,,,,,,,,,,,,,,,,,,,,,,,30 Dec '99,,,,,,,,,,,,,,,,,,,,,,,,,,,,,,--,,,,,,,,,,,,,,,,,,,,,,,,,,,822,0,0,
🇮🇹,drip120,0,0,9:07.364,9:08.692,01 Nov 2025,184,(U),unknown,,,https://www.youtube.com/watch?v=xe-spdcY7jk,9,8,692,548692,549,1,410359,1.337102391,410359,1.337102391,-0.0005,0.9121,5.208428594,200.8747,220.2320,320.1612,3.92052,,,,,,,,,,,,,,,,,,,,,,,,,30 Dec '99,,,,,,,,,,,,,,,,,,,,,,,,,,,,,,--,,,,,,,,,,,,,,,,,,,,,,,,,,,184,0.5363596254,118.1235331,
🇺🇸,doogile,0,0,9:08.808,9:08.808,22 May 2025,347,(U),7495631434322162088,,,https://www.youtube.com/watch?v=p9ACbnS-GcQ,9,8,808,548808,549,1,410359,1.33738507,421494,1.302054122,-0.0005,0.8407,4.230496874,275.2404,327.3876,319.3703,3.92618,,,,,,,,,,,,,,,,,,,,,,,,,30 Dec '99,,,,,,,,,,,,,,,,,,,,,,,,,,,,,,--,,,,,,,,,,,,,,,,,,,,,,,,,,,347,0.01532618769,5.017603717,
🇫🇮,Cube1337x,1,1,9:06.178,9:08.820,22 Jan 2022,1563,(V),5182416045755256460,,,https://www.speedrun.com/mc/runs/mr673jdm,9,8,820,548820,549,1,410359,1.337414313,576000,0.9528125,-0.0005,0.4577,0.4396483997,467.5502,1021.4788,319.2885,3.92676,,,,,,,,,,,,,,,,,,,,,,,,,30 Dec '99,,,,,,,,,,,,,,,,,,,,,,,,,,,,,,--,,,,,,,,,,,,,,,,,,,,,,,,,,,1563,0,0,
🇳🇴,skycrab1,0,0,9:09.076,9:09.076,26 Nov 2024,524,(U),9146773889861471357,,,https://www.youtube.com/watch?v=YABLZ52h9Ug&list=PLU3_fvoJ1GyMStiA29z37DUPtG47PvOJz&index=98,9,9,76,549076,549,0,410359,1.338038157,421494,1.302689955,-0.0005,0.7695,4.246660881,250.3363,325.3186,317.5452,3.93928,,,,,,,,,,,,,,,,,,,,,,,,,30 Dec '99,,,,,,,,,,,,,,,,,,,,,,,,,,,,,,--,,,,,,,,,,,,,,,,,,,,,,,,,,,524,0.0000005642421125,0.0001835584751,
🇭🇺,Fe666,0,1,9:06.021,9:09.448,23 Jan 2023,1197,(V),2113816333217399931,,,https://www.speedrun.com/mc/run/y4g7pk2y,9,9,448,549448,549,0,410359,1.33894468,495537,1.108793087,-0.0005,0.5496,1.242283967,483.4568,879.5954,315.0170,3.95752,,,,,,,,,,,,,,,,,,,,,,,,,30 Dec '99,,,,,,,,,,,,,,,,,,,,,,,,,,,,,,,,,,,,,,,,,,,,,,,,,,,,,,,,,,,,
🇳🇴,skycrab1,0,0,9:02.533,9:09.719,10 Apr 2024,754,(U),unknown,,,https://www.youtube.com/watch?v=s7Oyw0cBsDM&list=PLU3_fvoJ1GyMStiA29z37DUPtG47PvOJz&index=14,9,9,719,549719,550,1,410359,1.339605078,421494,1.304215481,-0.0005,0.6859,4.285668333,219.7465,320.3693,313.1792,3.97086,,,,,,,,,,,,,,,,,,,,,,,,,30 Dec '99,,,,,,,,,,,,,,,,,,,,,,,,,,,,,,--,,,,,,,,,,,,,,,,,,,,,,,,,,,754,0,0,
🇺🇸,doogile,0,0,9:08.362,9:09.903,03 Feb 2024,821,(U),4060064418388945747,,,https://www.youtube.com/watch?v=z1xyWdGMjq8,9,9,903,549903,550,1,410359,1.340053465,421494,1.304652024,-0.0005,0.6633,4.296889569,211.5700,318.9569,311.9333,3.97994,,,,,,,,,,,,,,,,,,,,,,,,,30 Dec '99,,,,,,,,,,,,,,,,,,,,,,,,,,,,,,--,,,,,,,,,,,,,,,,,,,,,,,,,,,821,0,0,
🇸🇰,NoFear1337,0,0,9:09.128,9:10.259,08 Jun 2025,330,(U),unknown,,,https://www.youtube.com/watch?v=SiADDCUpd7E,9,10,259,550259,550,0,410359,1.340920998,421494,1.305496638,-0.0005,0.8479,4.318674974,268.1288,316.2293,309.5271,3.99756,,,,,,,,,,,,,,,,,,,,,,,,,30 Dec '99,,,,,,,,,,,,,,,,,,,,,,,,,,,,,,--,,,,,,,,,,,,,,,,,,,,,,,,,,,330,0.02749640528,8.695169505,
🇹🇿,Kxpow,0,0,9:05.662,9:10.523,09 Nov 2023,907,(U),78496239085493281,,,https://www.youtube.com/watch?v=gieho9nQgi0,9,10,523,550523,551,1,410359,1.341564338,465828,1.181816035,-0.0005,0.6354,2.002694359,454.7285,715.6567,307.7465,4.01066,,,,,,,,,,,,,,,,,,,,,,,,,30 Dec '99,,,,,,,,,,,,,,,,,,,,,,,,,,,,,,,,,,,,,,,,,,,,,,,,,,,,,,,,,907,0,0,
🇺🇸,doogile,0,0,9:07.746,9:10.622,05 Nov 2023,911,(U),1666689678537156689,,,https://www.youtube.com/watch?v=VZnZzz2vZfk,9,10,622,550622,551,1,410359,1.34180559,465828,1.18202856,-0.0005,0.6341,2.005433359,453.4489,715.0715,307.0796,4.01559,,,,,,,,,,,,,,,,,,,,,,,,,30 Dec '99,,,,,,,,,,,,,,,,,,,,,,,,,,,,,,--,,,,,,,,,,,,,,,,,,,,,,,,,,,911,0,0,
🇳🇴,skycrab1,0,0,9:09.863,9:10.809,08 Mar 2024,787,(U),unknown,,,https://www.youtube.com/watch?v=LhLJ0UepT94&list=PLU3_fvoJ1GyMStiA29z37DUPtG47PvOJz&index=11,9,10,809,550809,551,1,410359,1.342261288,421494,1.30680152,-0.0005,0.6747,4.352526736,210.5230,312.0287,305.8212,4.02491,,,,,,,,,,,,,,,,,,,,,,,,,30 Dec '99,,,,,,,,,,,,,,,,,,,,,,,,,,,,,,--,,,,,,,,,,,,,,,,,,,,,,,,,,,787,0,0,
🇭🇷,CroProYT,0,1,9:10.972,9:10.972,06 May 2023,1093.645833,(V),-3937688426642137933,,,https://www.speedrun.com/mc/run/z5p1o7dm,9,10,972,550972,551,1,410359,1.342658501,465828,1.18277991,-0.0005,0.5788,2.015144373,412.6728,712.9975,304.7257,4.03305,,,,,,,,,,,,,,,,,,,,,,,,,30 Dec '99,,,,,,,,,,,,,,,,,,,,,,,,,,,,,,,,,,,,,,,,,,,,,,,,,,,,,,,,,,,,
🇺🇸,Feinberg,0,0,9:07.558,9:11.108,05 Mar 2024,790,(U),-6417905259519219654,,,https://www.youtube.com/watch?v=OEKYeJXKFLs,9,11,108,551108,551,0,410359,1.342989919,421494,1.307510902,-0.0005,0.6737,4.371029323,208.6737,309.7520,303.8126,4.03985,,,,,,,,,,,,,,,,,,,,,,,,,30 Dec '99,,,,,,,,,,,,,,,,,,,,,,,,,,,,,,,,,,,,,,,,,,,,,,,,,,,,,,,,,,,,
🇨🇦,catJAM19,0,1,9:09.695,9:11.108,21 Oct 2025,195,(V),8621681605212957189,,,https://www.speedrun.com/mc/runs/yw58nw2y,9,11,108,551108,551,0,410359,1.342989919,410359,1.342989919,-0.0005,0.9071,5.391173773,185.0094,203.9565,303.8126,4.03985,,,,,,,,,,,,,,,,,,,,,,,,,30 Dec '99,,,,,,,,,,,,,,,,,,,,,,,,,,,,,,,,,,,,,,,,,,,,,,,,,,,,,,,,,,,,
🇳🇴,skycrab1,0,0,9:10.726,9:11.397,13 Jun 2024,690,(U),-8879598757614006862,,,https://www.youtube.com/watch?v=cIcsjmes9iM&list=PLU3_fvoJ1GyMStiA29z37DUPtG47PvOJz&index=29,9,11,397,551397,551,0,410359,1.34369418,421494,1.308196558,-0.0005,0.7082,4.388980001,217.8176,307.5562,301.8753,4.05433,,,,,,,,,,,,,,,,,,,,,,,,,30 Dec '99,,,,,,,,,,,,,,,,,,,,,,,,,,,,,,--,,,,,,,,,,,,,,,,,,,,,,,,,,,690,0,0,
🇫🇮,sadekeppi,0,0,9:11.155,9:11.500,28 Mar 2026,37,(U),unknown,,,https://www.youtube.com/watch?v=n1bfxslQnoY,9,11,500,551500,552,1,410359,1.34394518,410359,1.34394518,-0.0005,0.9817,5.421357491,197.6802,201.3714,301.1858,4.05950,,,,,,,,,,,,,,,,,,,,,,,,,30 Dec '99,,,,,,,,,,,,,,,,,,,,,,,,,,,,,,,,,,,,,,,,,,,,,,,,,,,,,,,,,,,,
🇳🇴,skycrab1,0,0,9:11.538,9:11.538,19 Dec 2025,136,(U),unknown,,,https://www.youtube.com/watch?v=cGZBFX1-arU&list=PLU3_fvoJ1GyMStiA29z37DUPtG47PvOJz&index=160,9,11,538,551538,552,1,410359,1.344037782,410359,1.344037782,-0.0005,0.9343,5.424291458,187.9000,201.1216,300.9315,4.06142,,,,,,,,,,,,,,,,,,,,,,,,,30 Dec '99,,,,,,,,,,,,,,,,,,,,,,,,,,,,,,--,,,,,,,,,,,,,,,,,,,,,,,,,,,136,0.7775979983,156.3917558,
🇫🇮,sadekeppi,0,0,9:11.468,9:11.596,25 Jan 2026,99,(U),unknown,,,https://www.youtube.com/watch?v=bauK5JutqFo,9,11,596,551596,552,1,410359,1.344179121,410359,1.344179121,-0.0005,0.9517,5.428772348,191.0459,200.7407,300.5436,4.06433,,,,,,,,,,,,,,,,,,,,,,,,,30 Dec '99,,,,,,,,,,,,,,,,,,,,,,,,,,,,,,,,,,,,,,,,,,,,,,,,,,,,,,,,,,,,
🇳🇴,xzeroxy,0,1,9:04.267,9:11.604,25 Dec 2023,861,(V),861747958763840487,,,https://www.speedrun.com/mc/runs/yjwoo7dm,9,11,604,551604,552,1,410359,1.344198616,446254,1.236076315,-0.0005,0.6502,2.824785274,357.2959,549.5305,300.4901,4.06473,,,,,,,,,,,,,,,,,,,,,,,,,30 Dec '99,,,,,,,,,,,,,,,,,,,,,,,,,,,,,,,,,,,,,,,,,,,,,,,,,,,,,,,,,,,,
🇳🇴,skycrab1,0,0,9:11.051,9:11.608,20 Sep 2025,226,(U),unknown,,,https://www.youtube.com/watch?v=jITLzyt8gXQ&list=PLU3_fvoJ1GyMStiA29z37DUPtG47PvOJz&index=141,9,11,608,551608,552,1,410359,1.344208364,410359,1.344208364,-0.0005,0.8932,5.42969984,179.2213,200.6619,300.4634,4.06494,,,,,,,,,,,,,,,,,,,,,,,,,30 Dec '99,,,,,,,,,,,,,,,,,,,,,,,,,,,,,,--,,,,,,,,,,,,,,,,,,,,,,,,,,,226,0.3152726055,63.26320567,
🇳🇴,skycrab1,0,0,9:11.308,9:12.058,19 Dec 2025,136,(U),see video,,,https://www.youtube.com/watch?v=Z1rqujzYKV8&list=PLU3_fvoJ1GyMStiA29z37DUPtG47PvOJz&index=159,9,12,58,552058,552,0,410359,1.345304965,410359,1.345304965,-0.0005,0.9343,5.464582933,184.7210,197.7190,297.4596,4.08763,,,,,,,,,,,,,,,,,,,,,,,,,30 Dec '99,,,,,,,,,,,,,,,,,,,,,,,,,,,,,,--,,,,,,,,,,,,,,,,,,,,,,,,,,,136,0.7775979983,153.7458812,
🇮🇹,drip120,0,0,9:10.678,9:12.062,29 Aug 2024,613,(U),unknown,,,https://www.youtube.com/watch?v=LSRuTRyAUfA,9,12,62,552062,552,0,410359,1.345314712,421494,1.309774279,-0.0005,0.7360,4.430536123,222.6617,302.5219,297.4330,4.08784,,,,   ,,,,,,,,,,,,,,,,,,,,,30 Dec '99,,,,,,,,,,,,,,,,,,,,,,,,,,,,,,--,,,,,,,,,,,,,,,,,,,,,,,,,,,613,0,0.00000002998747829,
🇦🇺,Erikfzf,0,1,9:12.227,9:12.227,05 Jul 2023,1034,(V),7337174511026994351,,,https://www.speedrun.com/mc/runs/znvqd5lm,9,12,227,552227,552,0,410359,1.345716799,465828,1.185474038,-0.0005,0.5963,2.050322279,420.6949,705.5008,296.3342,4.09619,,,,,,,,,,,,,,,,,,,,,,,,,30 Dec '99,,,,,,,,,,,,,,,,,,,,,,,,,,,,,,,,,,,,,,,,,,,,,,,,,,,,,,,,,,,,
🇫🇮,AndrewCrow,0,0,9:12.154,9:12.313,18 Jun 2025,320,(U),unknown,,,https://www.youtube.com/watch?v=mgqba8qgpQE,9,12,313,552313,552,0,410359,1.345926372,410359,1.345926372,-0.0005,0.8521,5.484438561,167.0719,196.0607,295.7620,4.10054,,,,,,,,,,,,,,,,,,,,,,,,,30 Dec '99,,,,,,,,,,,,,,,,,,,,,,,,,,,,,,,,,,,,,,,,,,,,,,,,,,,,,,,,,320,0.03774886009,7.401068676,
🇵🇱,okshey,0,1,9:09.804,9:12.402,11 Aug 2024,631,(V),-2254865974237692647,,,https://www.speedrun.com/mc/runs/z0qrw64m,9,12,402,552402,552,0,410359,1.346143255,421494,1.310580934,-0.0005,0.7294,4.451918648,218.7966,299.9580,295.1703,4.10506,,,,,,,,,,,,,,,,,,,,,,,,,30 Dec '99,,,,,,,,,,,,,,,,,,,,,,,,,,,,,,,,,,,,,,,,,,,,,,,,,,,,,,,,,631,0,0.0000000036801347,
🇳🇴,skycrab1,0,0,9:10.431,9:12.727,07 Feb 2026,86,(U),unknown,,,https://www.youtube.com/watch?v=__q_TjQ_FMo&list=PLU3_fvoJ1GyMStiA29z37DUPtG47PvOJz&index=164,9,12,727,552727,553,1,410359,1.346935245,410359,1.346935245,-0.0005,0.9579,5.516811719,185.2439,193.3831,293.0129,4.12158,,,,,,,,,,,,,,,,,,,,,,,,,30 Dec '99,,,,,,,,,,,,,,,,,,,,,,,,,,,,,,,,,,,,,,,,,,,,,,,,,,,,,,,,,86,0.9383750217,181.4658698,
🇨🇿,Cursed_Carrot,0,1,9:00.750,9:12.941,11 Mar 2023,1150,(U),2638661032627702990,,,https://www.youtube.com/watch?v=xsjwfJw8KyQ,9,12,941,552941,553,1,410359,1.347456739,465828,1.187006792,-0.0005,0.5627,2.070587106,394.5652,701.1939,291.5954,4.13249,,,,,,,,,,,,,,,,,,,,,,,,,30 Dec '99,,,,,,,,,,,,,,,,,,,,,,,,,,,,,,,,,,,,,,,,,,,,,,,,,,,,,,,,,,,,
🇳🇴,skycrab1,0,0,9:11.847,9:13.147,18 Feb 2024,806,(U),unknown,,,https://www.youtube.com/watch?v=kFt_4d61onA&list=PLU3_fvoJ1GyMStiA29z37DUPtG47PvOJz&index=10,9,13,147,553147,553,0,410359,1.347958739,421494,1.312348456,-0.0005,0.6683,4.499094796,196.7274,294.3646,290.2331,4.14302,,,,,,,,,,,,,,,,,,,,,,,,,30 Dec '99,,,,,,,,,,,,,,,,,,,,,,,,,,,,,,--,,,,,,,,,,,,,,,,,,,,,,,,,,,806,0,0,
🇺🇸,doogile,0,0,9:13.305,9:13.305,18 May 2025,351,(U),5319889205923870675,,,https://www.youtube.com/watch?v=ztGEXhDZfOU,9,13,305,553305,553,0,410359,1.348343767,421494,1.312723313,-0.0005,0.8390,4.509157253,245.9913,293.1828,289.1897,4.15111,,,,,,,,,,,,,,,,,,,,,,,,,30 Dec '99,,,,,,,,,,,,,,,,,,,,,,,,,,,,,,--,,,,,,,,,,,,,,,,,,,,,,,,,,,351,0.01324208717,3.882352005,
🇵🇱,okshey,0,0,9:12.171,9:13.635,17 Jul 2025,291,(U),unknown,,,https://www.youtube.com/watch?v=ty4JUqRnYw0,9,13,635,553635,554,1,410359,1.349147941,410359,1.349147941,-0.0005,0.8646,5.588410722,162.1750,187.5744,287.0148,4.16806,,,,,,,,,,,,,,,,,,,,,,,,,30 Dec '99,,,,,,,,,,,,,,,,,,,,,,,,,,,,,,,,,,,,,,,,,,,,,,,,,,,,,,,,,291,0.08507542185,15.95797528,
🇨🇦,Aquacorde,0,1,9:13.730,9:13.730,02 May 2023,1098,(V),1132467978693802935,,,https://www.speedrun.com/mc/runs/z5poxedm,9,13,730,553730,554,1,410359,1.349379446,465828,1.18870055,-0.0005,0.5775,2.093194659,402.1898,696.3999,286.3898,4.17295,,,,,,,,,,,,,,,,,,,,,,,,,30 Dec '99,,,,,,,,,,,,,,,,,,,,,,,,,,,,,,--,,,,,,,,,,,,,,,,,,,,,,,,,,,1098,0,0,
🇸🇰,NoFear1337,0,0,9:10.602,9:13.999,04 Jul 2025,304,(U),unknown,,,https://www.youtube.com/watch?v=yNwHcISAArA,9,13,999,553999,554,1,410359,1.350034969,410359,1.350034969,-0.0005,0.8590,5.617345088,159.1455,185.2708,284.6226,4.18682,,,,,,,,,,,,,,,,,,,,,,,,,30 Dec '99,,,,,,,,,,,,,,,,,,,,,,,,,,,,,,--,,,,,,,,,,,,,,,,,,,,,,,,,,,304,0.0602383311,11.16040576,
🇫🇷,AstraF,0,1,9:12.826,9:14.135,24 Oct 2023,923,(V),8692637984665644759,,,https://www.speedrun.com/mc/runs/y4krq6nm,9,14,135,554135,554,0,410359,1.350366387,465828,1.18956997,-0.0005,0.6303,2.104887193,437.4069,693.9251,283.7306,4.19384,,,,,,,,,,,,,,,,,,,,,,,,,30 Dec '99,,,,,,,,,,,,,,,,,,,,,,,,,,,,,,,,,,,,,,,,,,,,,,,,,,,,,,,,,,,,
🇳🇴,skycrab1,0,0,9:10.467,9:14.159,20 Sep 2025,226,(U),unknown,,,https://www.youtube.com/watch?v=OEZzZLeynP0&list=PLU3_fvoJ1GyMStiA29z37DUPtG47PvOJz&index=139,9,14,159,554159,554,0,410359,1.350424872,410359,1.350424872,-0.0005,0.8932,5.630105661,164.5745,184.2628,283.5733,4.19509,,,,,,,,,,,,,,,,,,,,,,,,,30 Dec '99,,,,,,,,,,,,,,,,,,,,,,,,,,,,,,--,,,,,,,,,,,,,,,,,,,,,,,,,,,226,0.3152726055,58.09301812,
🇳🇴,skycrab1,0,0,9:13.279,9:14.255,15 Feb 2024,809,(U),unknown,,,https://www.youtube.com/watch?v=WLjCJKEsbRU&list=PLU3_fvoJ1GyMStiA29z37DUPtG47PvOJz&index=9,9,14,255,554255,554,0,410359,1.350658813,421494,1.3149772,-0.0005,0.6673,4.570085057,190.9244,286.1104,282.9444,4.20005,,,,,,,,,,,,,,,,,,,,,,,,,30 Dec '99,,,,,,,,,,,,,,,,,,,,,,,,,,,,,,--,,,,,,,,,,,,,,,,,,,,,,,,,,,809,0,0,
🇳🇴,skycrab1,0,0,9:12.682,9:14.598,17 Aug 2024,625,(U),-7884786286742246917,,,https://www.youtube.com/watch?v=AzF0dGCk1Ow&list=PLU3_fvoJ1GyMStiA29z37DUPtG47PvOJz&index=56,9,14,598,554598,555,1,410359,1.351494667,421494,1.315790972,-0.0005,0.7316,4.592263502,207.4652,283.5713,280.7016,4.21785,,,,,,,,,,,,,,,,,,,,,,,,,30 Dec '99,,,,,,,,,,,,,,,,,,,,,,,,,,,,,,--,,,,,,,,,,,,,,,,,,,,,,,,,,,625,0,0.000000007075704935,
🇵🇱,watermelon1708,0,0,9:12.401,9:14.662,24 Jul 2025,284,(U),unknown,,,https://www.youtube.com/watch?v=4QYqWY63NSU,9,14,662,554662,555,1,410359,1.351650628,410359,1.351650628,-0.0005,0.8676,5.670390073,157.1367,181.1121,280.2839,4.22118,,,,,,,,,,,,,,,,,,,,,,,,,30 Dec '99,,,,,,,,,,,,,,,,,,,,,,,,,,,,,,--,,,,,,,,,,,,,,,,,,,,,,,,,,,284,0.1012026436,18.32902554,
🇺🇸,doogile,0,0,9:14.024,9:14.498,29 Jan 2024,826,(U),6589962244023862742,,,https://www.youtube.com/watch?v=-hzOpmkTbDU,9,14,498,554498,554,0,410359,1.351250978,421494,1.315553721,-0.0005,0.6617,4.585787562,188.1177,284.3108,281.3548,4.21265,,,,,,,,,,,,,,,,,,,,,,,,,30 Dec '99,,,,,,,,,,,,,,,,,,,,,,,,,,,,,,--,,,,,,,,,,,,,,,,,,,,,,,,,,,826,0,0,
🇺🇸,Feinberg,0,0,9:11.174,9:14.994,27 Oct 2022,1285,(U),2915556913390472646,,,https://www.youtube.com/watch?v=DWH0YeK2M_A,9,14,994,554994,555,1,410359,1.352459676,517884,1.071656973,-0.0005,0.5260,0.9697939024,491.8332,935.0871,278.1204,4.23847,,,,,,,,,,,,,,,,,,,,,,,,,30 Dec '99,,,,,,,,,,,,,,,,,,,,,,,,,,,,,,,,,,,,,,,,,,,,,,,,,,,,,,,,,,,,
🇺🇸,doogile,0,0,9:14.533,9:15.162,26 Apr 2024,738,(U),-3919243300877167705,,,https://www.youtube.com/watch?v=GeoFh01Ym_4,9,15,162,555162,555,0,410359,1.352869073,421494,1.317129069,-0.0005,0.6914,4.628941212,193.1936,279.4136,277.0280,4.24725,,,,,,,,,,,,,,,,,,,,,,,,,30 Dec '99,,,,,,,,,,,,,,,,,,,,,,,,,,,,,,--,,,,,,,,,,,,,,,,,,,,,,,,,,,738,0,0,
🇫🇮,sadekeppi,0,0,9:13.584,9:15.527,14 Apr 2025,385,(U),-8290656219591381128,,,https://www.youtube.com/watch?v=Zz14GZVj_0g,9,15,527,555527,556,1,410359,1.353758538,421494,1.317995037,-0.0005,0.8249,4.652817089,228.2766,276.7344,274.6602,4.26638,,,,,,,,,,,,,,,,,,,,,,,,,30 Dec '99,,,,,,,,,,,,,,,,,,,,,,,,,,,,,,,,,,,,,,,,,,,,,,,,,,,,,,,,,385,0.00332374706,0.9197951296,
🇺🇸,doogile,0,0,9:14.089,9:15.601,11 Nov 2023,905,(U),2174062846577023263,,,https://www.youtube.com/watch?v=pUgJefjM1GA,9,15,601,555601,556,1,410359,1.353938868,465828,1.192717054,-0.0005,0.6360,2.147714651,435.6134,684.8878,274.1811,4.27026,,,,,,,,,,,,,,,,,,,,,,,,,30 Dec '99,,,,,,,,,,,,,,,,,,,,,,,,,,,,,,--,,,,,,,,,,,,,,,,,,,,,,,,,,,905,0,0,
🇳🇴,skycrab1,0,0,9:14.966,9:16.045,09 Jul 2024,664,(U),1846406805123780457,,,https://www.youtube.com/watch?v=6Yj7_cuk-uM&list=PLU3_fvoJ1GyMStiA29z37DUPtG47PvOJz&index=41,9,16,45,556045,556,0,410359,1.355020848,421494,1.319223998,-0.0005,0.7175,4.686890252,195.8369,272.9482,271.3130,4.29365,,,,,,,,,,,,,,,,,,,,,,,,,30 Dec '99,,,,,,,,,,,,,,,,,,,,,,,,,,,,,,--,,,,,,,,,,,,,,,,,,,,,,,,,,,664,0,0,
🇨🇦,rdpill,0,1,9:09.681,9:16.183,20 Oct 2023,927,(V),7156324769459840152,,,https://www.speedrun.com/mc/runs/y9kngrnz,9,16,183,556183,556,0,410359,1.355357139,465828,1.193966443,-0.0005,0.6291,2.164937781,428.5696,681.2662,270.4239,4.30094,,,,,,,,,,,,,,,,,,,,,,,,,30 Dec '99,,,,,,,,,,,,,,,,,,,,,,,,,,,,,,,,,,,,,,,,,,,,,,,,,,,,,,,,,,,,
🇫🇮,sadekeppi,0,0,9:16.215,9:16.215,06 Apr 2025,393,(U),unknown,,,https://www.youtube.com/watch?v=yJf1cOGUM_k,9,16,215,556215,556,0,410359,1.355435119,421494,1.319627326,-0.0005,0.8216,4.698121088,223.2371,271.7097,270.2179,4.30263,,,,,,,,,,,,,,,,,,,,,,,,,30 Dec '99,,,,,,,,,,,,,,,,,,,,,,,,,,,,,,,,,,,,,,,,,,,,,,,,,,,,,,,,,393,0.002311529852,0.6280651762,
🇫🇮,megelimc,0,1,9:09.754,9:16.343,17 Nov 2022,1263.25,(V),-892141537493528746,,,https://www.speedrun.com/mc/run/y4xdkwdz,9,16,343,556343,556,0,410359,1.355747041,495537,1.122707285,-0.0005,0.5317,1.362124888,454.1710,854.1432,269.3945,4.30940,,,,,,,,,,,,,,,,,,,,,,,,,30 Dec '99,,,,,,,,,,,,,,,,,,,,,,,,,,,,,,,,,,,,,,,,,,,,,,,,,,,,,,,,,,,,
🇸🇰,NoFear1337,0,0,9:14.913,9:16.380,10 Feb 2024,814,(U),unknown,,,https://www.youtube.com/watch?v=5zSaBWQqr4U&list=PLaTJSsRuu2UeeWabBBfNVWALvnefBoL2C&index=6,9,16,380,556380,556,0,410359,1.355837206,421494,1.32001879,-0.0005,0.6656,4.709044608,180.0632,270.5097,269.1566,4.31136,,,,,,,,,,,,,,,,,,,,,,,,,30 Dec '99,,,,,,,,,,,,,,,,,,,,,,,,,,,,,,--,,,,,,,,,,,,,,,,,,,,,,,,,,,814,0,0,
🇺🇸,Zylenox,0,0,9:14.387,9:16.437,20 May 2023,1080,(U),8905593962406892009,,,https://www.youtube.com/watch?v=hGU9t4TJ2m0,9,16,437,556437,556,0,410359,1.355976109,465828,1.194511708,-0.0005,0.5827,2.172494046,396.0822,679.6797,268.7904,4.31439,,,,,,,,,,,,,,,,,,,,,,,,,30 Dec '99,,,,,,,,,,,,,,,,,,,,,,,,,,,,,,--,,,,,,,,,,,,,,,,,,,,,,,,,,,1080,0,0,
🇫🇮,AndrewCrow,0,1,9:14.036,9:16.477,02 Apr 2025,397,(V),-6799269420836569969,,,https://www.speedrun.com/mc/runs/y9pq32vm,9,16,477,556477,556,0,410359,1.356073584,421494,1.320248924,-0.0005,0.8200,4.715476905,221.2294,269.8052,268.5335,4.31651,,,,,,,,,,,,,,,,,,,,,,,,,30 Dec '99,,,,,,,,,,,,,,,,,,,,,,,,,,,,,,,,,,,,,,,,,,,,,,,,,,,,,,,,,397,0.001916839966,0.5171733202,
🇨🇦,Aquacorde,0,0,9:15.604,9:16.493,26 Jan 2024,829,(U),-1042044413178476719,,,https://www.youtube.com/watch?v=pAhnFo4AVnE,9,16,493,556493,556,0,410359,1.356112575,421494,1.320286884,-0.0005,0.6607,4.716538657,178.1756,269.6890,268.4307,4.31736,,,,,,,,,,,,,,,,,,,,,,,,,30 Dec '99,,,,,,,,,,,,,,,,,,,,,,,,,,,,,,--,,,,,,,,,,,,,,,,,,,,,,,,,,,829,0,0,
🇳🇴,skycrab1,0,0,9:16.645,9:16.645,17 Oct 2024,564,(U),6561585119955405427,,,https://www.youtube.com/watch?v=MkMf2lrPDJk&list=PLU3_fvoJ1GyMStiA29z37DUPtG47PvOJz&index=85,9,16,645,556645,557,1,410359,1.356482982,421494,1.320647506,-0.0005,0.7543,4.726635964,202.5877,268.5865,267.4555,4.32543,,,,,,,,,,,,,,,,,,,,,,,,,30 Dec '99,,,,,,,,,,,,,,,,,,,,,,,,,,,,,,--,,,,,,,,,,,,,,,,,,,,,,,,,,,564,0.00000001616181623,0.000004340846061,
🇺🇸,Infume,0,1,9:13.433,9:16.955,05 Nov 2023,911,(V),2006249756228583623,09,Yes,https://www.speedrun.com/mc/runs/yoo68gjy,9,16,955,556955,557,1,410359,1.357238418,465828,1.195623707,-0.0005,0.6341,2.187979089,428.9470,676.4330,265.4709,4.34193,,,,,,,,,,,,,,,,,,,,,,,,,30 Dec '99,,,,,,,,,,,,,,,,,,,,,,,,,,,,,,--,,,,,,,,,,,,,,,,,,,,,,,,,,,911,0,0,
🇺🇸,doogile,0,0,9:17.074,9:17.074,22 Sep 2024,589,(U),7208789671149948230,,,https://www.youtube.com/watch?v=GoOPg6uyw0M,9,17,74,557074,557,0,410359,1.357528408,421494,1.321665314,-0.0005,0.7449,4.755238596,197.7601,265.4840,264.7106,4.34827,,,,,,,,,,,,,,,,,,,,,,,,,30 Dec '99,,,,,,,,,,,,,,,,,,,,,,,,,,,,,,--,,,,,,,,,,,,,,,,,,,,,,,,,,,589,0.000000001335918322,0.0000003546649817,
🇨🇦,NoHacsJustRoblox,0,0,9:17.060,9:17.060,04 Oct 2024,577,(U),-7707972832259680714,,,https://www.youtube.com/watch?v=OErmac0MJfo,9,17,60,557060,557,0,410359,1.357494292,421494,1.321632099,-0.0005,0.7494,4.75430274,199.0259,265.5851,264.8000,4.34753,,,,,,,,,,,,,,,,,,,,,,,,,30 Dec '99,,,,,,,,,,,,,,,,,,,,,,,,,,,,,,--,,,,,,,,,,,,,,,,,,,,,,,,,,,577,0.000000004541523539,0.000001206160818,
🇸🇰,NoFear1337,0,0,9:17.140,9:17.140,12 Dec 2022,1239,(U),unknown,,,https://www.youtube.com/watch?v=6nhON_z_fUs,9,17,140,557140,557,0,410359,1.357689243,495537,1.124315641,-0.0005,0.5382,1.376662274,458.0350,851.0284,264.2893,4.35180,,,,,,,,,,,,,,,,,,,,,,,,,30 Dec '99,,,,,,,,,,,,,,,,,,,,,,,,,,,,,,--,,,,,,,,,,,,,,,,,,,,,,,,,,,1239,0,0,
🇩🇰,Bloopy,0,0,9:17.397,9:17.397,31 Oct 2024,550,(U),-8999228905854836808,,,https://www.youtube.com/watch?v=3DH8mKGha0g,9,17,397,557397,557,0,410359,1.358315524,421494,1.322431636,-0.0005,0.7596,4.776875894,199.8868,263.1571,262.6512,4.36555,,,,,,,,,,,,,,,,,,,,,,,,,30 Dec '99,,,,,,,,,,,,,,,,,,,,,,,,,,,,,,--,,,,,,,,,,,,,,,,,,,,,,,,,,,550,0.00000005948747802,0.00001565455404,
🇫🇮,AndrewCrow,0,1,9:16.632,9:17.414,04 Mar 2025,426,(V),-7135634061431368207,,,https://www.speedrun.com/mc/runs/y6geo5jm,9,17,414,557414,557,0,410359,1.358356951,421494,1.322471969,-0.0005,0.8082,4.778017132,212.5733,263.0349,262.5430,4.36646,,,,,,,,,,,,,,,,,,,,,,,,,30 Dec '99,,,,,,,,,,,,,,,,,,,,,,,,,,,,,,,,,,,,,,,,,,,,,,,,,,,,,,,,,426,0.0004390586301,0.1154877336,
🇺🇸,Zylenox,0,0,9:10.985,9:17.522,15 May 2023,1084.104167,(U),-7323274319262585461,15,Yes,https://www.youtube.com/watch?v=EUYjJCqOPdc,9,17,522,557522,558,1,410359,1.358620135,465828,1.196840894,-0.0005,0.5816,2.205044899,391.3055,672.8623,261.8560,4.37225,,,,,,,,,,,,,,,,,,,,,,,,,30 Dec '99,,,,,,,,,,,,,,,,,,,,,,,,,,,,,,--,,,,,,,,,,,,,,,,,,,,,,,,,,,1084.104167,0,0,
🇺🇸,Zylenox,0,0,9:13.869,9:17.609,31 Jan 2023,1189,(U),-7020151109902988040,15,Yes,https://www.youtube.com/watch?v=LFG9a3caV7M,9,17,609,557609,558,1,410359,1.358832145,495537,1.125262089,-0.0005,0.5518,1.385285194,468.6094,849.1786,261.3030,4.37692,,,,,,,,,,,,,,,,,,,,,,,,,30 Dec '99,,,,,,,,,,,,,,,,,,,,,,,,,,,,,,--,,,,,,,,,,,,,,,,,,,,,,,,,,,1189,0,0,
🇫🇮,sadekeppi,0,1,9:16.512,9:17.825,18 Sep 2024,593,(V),-8519881394831868986,,,https://www.speedrun.com/mc/runs/yvxpxe6z,9,17,825,557825,558,1,410359,1.359358513,421494,1.323447072,-0.0005,0.7434,4.805682517,193.3519,260.0859,259.9323,4.38853,,,,,,,,,,,,,,,,,,,,,,,,,30 Dec '99,,,,,,,,,,,,,,,,,,,,,,,,,,,,,,,,,,,,,,,,,,,,,,,,,,,,,,,,,593,0.0000000008785171382,0.0000002284899314,
🇳🇴,skycrab1,0,0,9:18.049,9:18.049,10 Oct 2024,571,(U),7717196540961604110,,,https://www.youtube.com/watch?v=zMUJ5AJmou8&list=PLU3_fvoJ1GyMStiA29z37DUPtG47PvOJz&index=80,9,18,49,558049,558,0,410359,1.359904376,421494,1.323978515,-0.0005,0.7516,4.820820678,194.2866,258.4841,258.5138,4.40060,,,,,,,,,,,,,,,,,,,,,,,,,30 Dec '99,,,,,,,,,,,,,,,,,,,,,,,,,,,,,,--,,,,,,,,,,,,,,,,,,,,,,,,,,,571,0.000000008217982467,0.000002124217913,
🇳🇴,skycrab1,0,0,9:18.430,9:18.430,22 Jul 2025,286,(U),unknown,,,https://www.youtube.com/watch?v=za-UzBn_QrM&list=PLU3_fvoJ1GyMStiA29z37DUPtG47PvOJz&index=134,9,18,430,558430,558,0,410359,1.360832832,410359,1.360832832,-0.0005,0.8668,5.980418473,137.3053,158.4132,256.1082,4.42119,,,,,,,,,,,,,,,,,,,,,,,,,30 Dec '99,,,,,,,,,,,,,,,,,,,,,,,,,,,,,,--,,,,,,,,,,,,,,,,,,,,,,,,,,,286,0.09638876787,15.26925539,
🇺🇸,Reignex,0,0,9:18.705,9:18.705,14 Oct 2023,933,(U),unknown,12,Yes,https://www.youtube.com/watch?v=4FF1nTxjHGU,9,18,705,558705,559,1,410359,1.361502977,465828,1.199380458,-0.0005,0.6272,2.241044785,417.3069,665.3557,254.3776,4.43611,,,,,,,,,,,,,,,,,,,,,,,,,30 Dec '99,,,,,,,,,,,,,,,,,,,,,,,,,,,,,,--,,,,,,,,,,,,,,,,,,,,,,,,,,,933,0,0,
🇵🇱,okshey,0,0,9:15.055,9:18.727,18 Oct 2025,198,(U),see video,,,https://www.youtube.com/watch?v=dMuMFmERlLs,9,18,727,558727,559,1,410359,1.361556588,410359,1.361556588,-0.0005,0.9057,6.005485017,141.9239,156.6934,254.2394,4.43730,,,,,,,,,,,,,,,,,,,,,,,,,30 Dec '99,,,,,,,,,,,,,,,,,,,,,,,,,,,,,,,,,,,,,,,,,,,,,,,,,,,,,,,,,198,0.4601332305,72.09982905,
🇸🇰,NoFear1337,0,0,9:16.999,9:18.825,30 Dec 2023,856,(U),unknown,,,https://www.youtube.com/watch?v=LBJgput7Jd4&list=PLaTJSsRuu2UeeWabBBfNVWALvnefBoL2C&index=2,9,18,825,558825,559,1,410359,1.361795404,446254,1.252257683,-0.0005,0.6518,3.123567323,322.8264,495.2758,253.6240,4.44263,,,,,,,,,,,,,,,,,,,,,,,,,30 Dec '99,,,,,,,,,,,,,,,,,,,,,,,,,,,,,,--,,,,,,,,,,,,,,,,,,,,,,,,,,,856,0,0,
🇸🇰,NoFear1337,0,0,9:18.887,9:18.887,23 Jun 2024,680,(U),unknown,,,https://www.youtube.com/watch?v=07u83rRMp7g&list=PLaTJSsRuu2UeeWabBBfNVWALvnefBoL2C&index=10,9,18,887,558887,559,1,410359,1.361946491,421494,1.32596668,-0.0005,0.7118,4.877832195,179.7407,252.5262,253.2349,4.44601,,,,,,,,,,,,,,,,,,,,,,,,,30 Dec '99,,,,,,,,,,,,,,,,,,,,,,,,,,,,,,--,,,,,,,,,,,,,,,,,,,,,,,,,,,680,0,0,
🇹🇷,ulsahin,0,1,9:11.907,9:18.901,22 Oct 2022,1290,(V),-9175405862479286955,01,Yes,https://www.speedrun.com/mc/run/yw62x49m,9,18,901,558901,559,1,410359,1.361980607,517884,1.079201134,-0.0005,0.5247,1.020002797,485.4176,925.1997,253.1471,4.44677,,,,,,,,,,,,,,,,,,,,,,,,,30 Dec '99,,,,,,,,,,,,,,,,,,,,,,,,,,,,,,--,,,,,,,,,,,,,,,,,,,,,,,,,,,1290,0,0,
🇳🇴,skycrab1,0,0,9:17.770,9:18.915,05 Jul 2024,668,(U),9011816872477408016,,,https://www.youtube.com/watch?v=LWG_qoaOPj0&list=PLU3_fvoJ1GyMStiA29z37DUPtG47PvOJz&index=39,9,18,915,558915,559,1,410359,1.362014724,421494,1.326033111,-0.0005,0.7161,4.87974747,180.6805,252.3281,253.0593,4.44753,,,,,,,,,,,,,,,,,,,,,,,,,30 Dec '99,,,,,,,,,,,,,,,,,,,,,,,,,,,,,,--,,,,,,,,,,,,,,,,,,,,,,,,,,,668,0,0,
🇩🇰,Bloopy,0,0,9:18.948,9:19.201,15 May 2024,719,(U),-4253594903097616882,,,https://www.youtube.com/watch?v=phM9zY5QURA,9,19,201,559201,559,0,410359,1.362711674,421494,1.32671165,-0.0005,0.6980,4.899349142,174.7214,250.3081,251.2685,4.46313,,,,,,,,,,,,,,,,,,,,,,,,,30 Dec '99,,,,,,,,,,,,,,,,,,,,,,,,,,,,,,--,,,,,,,,,,,,,,,,,,,,,,,,,,,719,0,0,
🇺🇸,Feinberg,0,0,9:19.272,9:19.272,27 Aug 2025,250,(U),5931765018474160498,,,https://www.youtube.com/watch?v=AW8biucjxzA,9,19,272,559272,559,0,410359,1.362884694,410359,1.362884694,-0.0005,0.8825,6.051725829,135.5200,153.5643,250.8247,4.46701,,,,,,,,,,,,,,,,,,,,,,,,,30 Dec '99,,,,,,,,,,,,,,,,,,,,,,,,,,,,,,,,,,,,,,,,,,,,,,,,,,,,,,,,,,,,
🇺🇸,Redstcne,0,1,9:18.180,9:19.332,25 Dec 2023,861,(V),-6193469961585936628,,,https://www.speedrun.com/mc/run/zqd8p78m,9,19,332,559332,559,0,410359,1.363030907,446254,1.253393807,-0.0005,0.6502,3.145582448,319.5169,491.4253,250.4499,4.47029,,,,,,,,,,,,,,,,,,,,,,,,,30 Dec '99,,,,,,,,,,,,,,,,,,,,,,,,,,,,,,,,,,,,,,,,,,,,,,,,,,,,,,,,,,,,
🇺🇦,7rowl,0,0,9:20.008,9:20.008,09 Dec 2023,877,(U),-3950245049777822737,12,Yes,https://www.youtube.com/watch?v=h-SMqgJqpj8,9,20,8,560008,560,0,410359,1.364678245,446254,1.254908639,-0.0005,0.6450,3.175154061,313.6557,486.2855,246.2438,4.50739,,,,,,,,,,,,,,,,,,,,,,,,,30 Dec '99,,,,,,,,,,,,,,,,,,,,,,,,,,,,,,,,,,,,,,,,,,,,,,,,,,,,,,,,,,,,
🇸🇰,NoFear1337,0,0,9:20.067,9:20.067,17 Mar 2024,778,(U),unknown,,,https://www.youtube.com/watch?v=wx_CPxzxwnY&list=PLaTJSsRuu2UeeWabBBfNVWALvnefBoL2C&index=7,9,20,67,560067,560,0,410359,1.364822022,421494,1.328766246,-0.0005,0.6777,4.959132068,165.5242,244.2318,245.8782,4.51065,,,,,,,,,,,,,,,,,,,,,,,,,30 Dec '99,,,,,,,,,,,,,,,,,,,,,,,,,,,,,,--,,,,,,,,,,,,,,,,,,,,,,,,,,,778,0,0,
🇩🇰,Bloopy,0,0,9:20.313,9:20.313,14 Sep 2024,597,(U),1197606622777508367,,,https://www.youtube.com/watch?v=uvKQQ_wiAXU,9,20,313,560313,560,0,410359,1.365421497,421494,1.329349884,-0.0005,0.7419,4.976232675,179.9307,242.5169,244.3560,4.52422,,,,,,,,,,,,,,,,,,,,,,,,,30 Dec '99,,,,,,,,,,,,,,,,,,,,,,,,,,,,,,--,,,,,,,,,,,,,,,,,,,,,,,,,,,597,0.000000000574444689,0.0000001393125636,
🇸🇰,NoFear1337,0,1,9:20.103,9:20.564,05 Nov 2022,1276,(V),-04661894098057216280,,,https://www.speedrun.com/mc/runs/znq62l9z,9,20,564,560564,561,1,410359,1.366033156,517884,1.082412278,-0.0005,0.5283,1.042131842,486.4950,920.7851,242.8070,4.53812,,,,,,,,,,,,,,,,,,,,,,,,,30 Dec '99,,,,,,,,,,,,,,,,,,,,,,,,,,,,,,--,,,,,,,,,,,,,,,,,,,,,,,,,,,1276,0,0,
🇨🇦,dandannyboy,0,1,9:17.413,9:20.810,17 Aug 2024,625,(V),5069141939301614256,,,https://www.speedrun.com/mc/runs/zqqv725z,9,20,810,560810,561,1,410359,1.366632631,421494,1.330529023,-0.0005,0.7316,5.0109422,174.9058,239.0678,241.2929,4.55177,,,,,,,,,,,,,,,,,,,,,,,,,30 Dec '99,,,,,,,,,,,,,,,,,,,,,,,,,,,,,,,,,,,,,,,,,,,,,,,,,,,,,,,,,,,,
🇫🇮,sadekeppi,0,0,9:20.981,9:20.981,17 Feb 2026,76,(U),unknown,,,https://www.youtube.com/watch?v=UcBuJ---HfI,9,20,981,560981,561,1,410359,1.36704934,410359,1.36704934,-0.0005,0.9627,6.19878776,138.6116,143.9802,240.2429,4.56128,,,,,,,,,,,,,,,,,,,,,,,,,30 Dec '99,,,,,,,,,,,,,,,,,,,,,,,,,,,,,,,,,,,,,,,,,,,,,,,,,,,,,,,,,,,,
🇳🇴,skycrab1,0,0,9:21.103,9:21.103,20 Sep 2025,226,(U),see video,,,https://www.youtube.com/watch?v=GHKDc6d-Fes&list=PLU3_fvoJ1GyMStiA29z37DUPtG47PvOJz&index=140,9,21,103,561103,561,0,410359,1.36734664,410359,1.36734664,-0.0005,0.8932,6.209406569,127.9968,143.3093,239.4949,4.56807,,,,,,,,,,,,,,,,,,,,,,,,,30 Dec '99,,,,,,,,,,,,,,,,,,,,,,,,,,,,,,--,,,,,,,,,,,,,,,,,,,,,,,,,,,226,0.3152726055,45.1814944,
🇺🇸,doogile,0,0,9:20.519,9:21.114,10 Dec 2023,876,(U),-3029852224010085717,,,https://www.youtube.com/watch?v=ddJ5zdyslbw,9,21,114,561114,561,0,410359,1.367373446,446254,1.257387049,-0.0005,0.6453,3.224077982,308.3779,477.8639,239.4275,4.56869,,,,,,,,,,,,,,,,,,,,,,,,,30 Dec '99,,,,,,,,,,,,,,,,,,,,,,,,,,,,,,--,,,,,,,,,,,,,,,,,,,,,,,,,,,876,0,0,
🇺🇸,doogile,0,1,9:18.601,9:21.223,31 Aug 2022,1342,(V),-926914523663257060,,,https://www.speedrun.com/mc/runs/znq7rllz,9,21,223,561223,561,0,410359,1.367639067,517884,1.083684763,-0.0005,0.5112,1.05102896,469.7907,919.0010,238.7602,4.57477,,,,,,,,,,,,,,,,,,,,,,,,,30 Dec '99,,,,,,,,,,,,,,,,,,,,,,,,,,,,,,--,,,,,,,,,,,,,,,,,,,,,,,,,,,1342,0,0,
🇵🇱,okshey,0,0,9:19.696,9:21.313,12 Jul 2025,296,(U),9087194925192302501,,,https://www.youtube.com/watch?v=YhRxM08p0zE,9,21,313,561313,561,0,410359,1.367858387,410359,1.367858387,-0.0005,0.8624,6.227722738,122.6021,142.1587,238.2099,4.57979,,,,,,,,,,,,,,,,,,,,,,,,,30 Dec '99,,,,,,,,,,,,,,,,,,,,,,,,,,,,,,,,,,,,,,,,,,,,,,,,,,,,,,,,,296,0.074762893,10.62819738,
🇺🇸,doogile,0,0,9:18.200,9:21.657,13 Oct 2023,934,(U),5505825860127473867,,,https://www.youtube.com/watch?v=ePu9GV9eOKA,9,21,657,561657,562,1,410359,1.368696678,465828,1.205717561,-0.0005,0.6269,2.333236386,405.1532,646.3010,236.1113,4.59905,,,,,,,,,,,,,,,,,,,,,,,,,30 Dec '99,,,,,,,,,,,,,,,,,,,,,,,,,,,,,,--,,,,,,,,,,,,,,,,,,,,,,,,,,,934,0,0,
🇳🇴,skycrab1,0,0,9:21.700,9:21.700,18 Nov 2024,532,(U),4892185153542737576,,,https://www.youtube.com/watch?v=ZDMheI2JkhE&list=PLU3_fvoJ1GyMStiA29z37DUPtG47PvOJz&index=95,9,21,700,561700,562,1,410359,1.368801464,421494,1.33264056,-0.0005,0.7664,5.073638556,178.5373,232.9438,235.8496,4.60146,,,,,,,,,,,,,,,,,,,,,,,,,30 Dec '99,,,,,,,,,,,,,,,,,,,,,,,,,,,,,,--,,,,,,,,,,,,,,,,,,,,,,,,,,,532,0.000000288989119,0.00006731822688,
🇺🇸,Oxidiot,0,1,9:21.111,9:21.759,30 Apr 2023,1099.291667,(V),-5459883539213513455,,,https://www.speedrun.com/mc/run/m3qd5r6y,9,21,759,561759,562,1,410359,1.368945241,465828,1.205936526,-0.0005,0.5772,2.336482993,372.6307,645.6346,235.4906,4.60477,,,,,,,,,,,,,,,,,,,,,,,,,30 Dec '99,,,,,,,,,,,,,,,,,,,,,,,,,,,,,,,,,,,,,,,,,,,,,,,,,,,,,,,,,,,,
🇳🇴,skycrab1,0,0,9:21.933,9:21.933,21 Oct 2024,560,(U),-5604599059233679142,,,https://www.youtube.com/watch?v=IfSVkk_BYyI&list=PLU3_fvoJ1GyMStiA29z37DUPtG47PvOJz&index=87,9,21,933,561933,562,1,410359,1.36936926,421494,1.333193355,-0.0005,0.7558,5.090167545,174.8520,231.3519,234.4335,4.61455,,,,,,,,,,,,,,,,,,,,,,,,,30 Dec '99,,,,,,,,,,,,,,,,,,,,,,,,,,,,,,--,,,,,,,,,,,,,,,,,,,,,,,,,,,560,0.00000002360989342,0.000005462192692,
🇸🇰,NoFear1337,0,0,9:22.270,9:22.270,06 Dec 2023,880,(U),unknown,,,https://www.youtube.com/watch?v=4AiI-9WGRVg,9,22,270,562270,562,0,410359,1.370190492,465828,1.207033497,-0.0005,0.6440,2.352810108,413.6570,642.2882,232.3920,4.63353,,,,,,,,,,,,,,,,,,,,,,,,,30 Dec '99,,,,,,,,,,,,,,,,,,,,,,,,,,,,,,--,,,,,,,,,,,,,,,,,,,,,,,,,,,880,0,0,
🇨🇦,Aquacorde,0,0,9:22.481,9:22.481,26 May 2024,708,(U),2029778823013494560,,,https://www.youtube.com/watch?v=A__tIzZKmi4,9,22,481,562481,562,0,410359,1.370704676,421494,1.334493492,-0.0005,0.7019,5.129232186,159.7653,227.6265,231.1178,4.64545,,,,,,,,,,,,,,,,,,,,,,,,,30 Dec '99,,,,,,,,,,,,,,,,,,,,,,,,,,,,,,--,,,,,,,,,,,,,,,,,,,,,,,,,,,708,0,0,
🇨🇦,Aquacorde,0,0,9:22.502,9:22.502,07 Jun 2025,331,(U),-803046318085136033,,,https://www.youtube.com/watch?v=XDNtWhu2Vbk,9,22,502,562502,563,1,410359,1.37075585,421494,1.334543315,-0.0005,0.8475,5.130734497,192.7860,227.4842,230.9912,4.64664,,,,,,,,,,,,,,,,,,,,,,,,,30 Dec '99,,,,,,,,,,,,,,,,,,,,,,,,,,,,,,--,,,,,,,,,,,,,,,,,,,,,,,,,,,331,0.02660997589,6.053350293,
🇨🇦,Aquacorde,0,0,9:22.630,9:22.919,24 Jun 2025,314,(U),-731369506168980347,,,https://www.youtube.com/watch?v=JWt0HXHpP90,9,22,919,562919,563,1,410359,1.371772034,410359,1.371772034,-0.0005,0.8547,6.369393968,114.1335,133.5356,228.4829,4.67029,,,,,,,,,,,,,,,,,,,,,,,,,30 Dec '99,,,,,,,,,,,,,,,,,,,,,,,,,,,,,,--,,,,,,,,,,,,,,,,,,,,,,,,,,,314,0.04523363191,6.040302229,
🇭🇷,CroProYT,0,0,9:23.011,9:23.011,05 Sep 2023,972,(U),-6782874286453284642,,,https://www.youtube.com/watch?v=t5T7-utQrwk,9,23,11,563011,563,0,410359,1.371996228,465828,1.208624213,-0.0005,0.6151,2.376671278,392.0609,637.4126,227.9312,4.67552,,,,,,,,,,,,,,,,,,,,,,,,,30 Dec '99,,,,,,,,,,,,,,,,,,,,,,,,,,,,,,,,,,,,,,,,,,,,,,,,,,,,,,,,,,,,
🇺🇸,meebie,0,0,9:22.696,9:23.114,24 Dec 2023,862,(U),-915907836254045753,06,Yes,https://www.youtube.com/watch?v=Dr2HLNRqUNg,9,23,114,563114,563,0,410359,1.372247227,446254,1.261868801,-0.0005,0.6499,3.314279417,300.6282,462.6054,227.3142,4.68138,,,,,,,,,,,,,,,,,,,,,,,,,30 Dec '99,,,,,,,,,,,,,,,,,,,,,,,,,,,,,,--,,,,,,,,,,,,,,,,,,,,,,,,,,,862,0,0,
🇺🇸,Saturn1249,0,1,9:20.714,9:23.292,14 Oct 2023,933,(V),4043113488438547453,09,Yes,https://www.speedrun.com/mc/runs/ywn0489y,9,23,292,563292,563,0,410359,1.372680994,465828,1.20922744,-0.0005,0.6272,2.385777505,398.6171,635.5567,226.2498,4.69153,,,,,,,,,,,,,,,,,,,,,,,,,30 Dec '99,,,,,,,,,,,,,,,,,,,,,,,,,,,,,,,,,,,,,,,,,,,,,,,,,,,,,,,,,,,,
🇫🇮,Cube1337x,0,0,9:23.434,9:23.434,05 Dec 2022,1246,(U),Unknown,12,Yes,https://www.youtube.com/watch?v=DabM3su7vRg,9,23,434,563434,563,0,410359,1.373027032,495537,1.137017014,-0.0005,0.5363,1.496708291,442.5554,825.1504,225.4022,4.69964,,,,,,,,,,,,,,,,,,,,,,,,,30 Dec '99,,,,,,,,,,,,,,,,,,,,,,,,,,,,,,,,,,,,,,,,,,,,,,,,,,,,,,,,,,,,
🇸🇰,NoFear1337,0,0,9:23.530,9:23.530,09 Sep 2024,602,(U),unknown,,,https://www.youtube.com/watch?v=LcP3_KsnQBU&list=PLaTJSsRuu2UeeWabBBfNVWALvnefBoL2C&index=13,9,23,530,563530,564,1,410359,1.373260974,421494,1.336982258,-0.0005,0.7401,5.204757999,163.2390,220.5701,224.8301,4.70513,,,,,,,,,,,,,,,,,,,,,,,,,30 Dec '99,,,,,,,,,,,,,,,,,,,,,,,,,,,,,,--,,,,,,,,,,,,,,,,,,,,,,,,,,,602,0.0000000003350568825,0.00000007390351378,
🇫🇮,AndrewCrow,0,0,9:22.604,9:23.535,21 Apr 2025,378,(U),unknown,,,https://www.youtube.com/watch?v=5q8FW1Ippp0,9,23,535,563535,564,1,410359,1.373273158,421494,1.336994121,-0.0005,0.8278,5.205120351,182.5573,220.5367,224.8003,4.70541,,,,,,,,,,,,,,,,,,,,,,,,,30 Dec '99,,,,,,,,,,,,,,,,,,,,,,,,,,,,,,,,,,,,,,,,,,,,,,,,,,,,,,,,,378,0.004511998036,0.9950609593,
🇨🇦,Aquacorde,0,0,9:22.799,9:23.620,20 Jun 2025,318,(U),-4713042810041071084,,,https://www.youtube.com/watch?v=tUPPN8xWm5Q,9,23,620,563620,564,1,410359,1.373480294,410359,1.373480294,-0.0005,0.8530,6.432124813,110.7787,129.8700,224.2943,4.71028,,,,,,,,,,,,,,,,,,,,,,,,,30 Dec '99,,,,,,,,,,,,,,,,,,,,,,,,,,,,,,--,,,,,,,,,,,,,,,,,,,,,,,,,,,318,0.04012550147,5.211099713,
🇳🇴,skycrab1,0,0,9:23.687,9:23.687,03 Oct 2024,578,(U),-7384765236082352690,,,https://www.youtube.com/watch?v=F1V1bKWF_BA&list=PLU3_fvoJ1GyMStiA29z37DUPtG47PvOJz&index=74,9,23,687,563687,564,1,410359,1.373643566,421494,1.337354743,-0.0005,0.7490,5.216146623,164.4251,219.5225,223.8958,4.71411,,,,,,,,,,,,,,,,,,,,,,,,,30 Dec '99,,,,,,,,,,,,,,,,,,,,,,,,,,,,,,--,,,,,,,,,,,,,,,,,,,,,,,,,,,578,0.000000004109127163,0.0000009020460084,
🇳🇴,skycrab1,0,0,9:23.710,9:23.710,05 Sep 2024,606,(U),9087246093674379559,,,https://www.youtube.com/watch?v=4u3juUdWOrY&list=PLU3_fvoJ1GyMStiA29z37DUPtG47PvOJz&index=64,9,23,710,563710,564,1,410359,1.373699614,421494,1.337409311,-0.0005,0.7386,5.217816886,162.0259,219.3693,223.7590,4.71543,,,,,,,,,,,,,,,,,,,,,,,,,30 Dec '99,,,,,,,,,,,,,,,,,,,,,,,,,,,,,,--,,,,,,,,,,,,,,,,,,,,,,,,,,,606,0.0000000002162682458,0.00000004744260639,
🇸🇰,NoFear1337,0,1,9:22.527,9:23.863,20 Aug 2022,1353,(V),-6071912128039465735,,,https://www.speedrun.com/mc/runs/y4x2xndz,9,23,863,563863,564,1,410359,1.374072459,517884,1.08878243,-0.0005,0.5084,1.087412989,463.4785,911.6534,222.8505,4.72421,,,,,,,,,,,,,,,,,,,,,,,,,30 Dec '99,,,,,,,,,,,,,,,,,,,,,,,,,,,,,,--,,,,,,,,,,,,,,,,,,,,,,,,,,,1353,0,0,
🇩🇰,Bloopy,0,0,9:23.928,9:23.928,28 Nov 2024,522,(U),-2126051371963399188,,,https://www.youtube.com/watch?v=Q0HBLIfoV5A,9,23,928,563928,564,1,410359,1.374230856,421494,1.337926519,-0.0005,0.7703,5.233671781,167.8588,217.9190,222.4651,4.72794,,,,,,,,,,,,,,,,,,,,,,,,,30 Dec '99,,,,,,,,,,,,,,,,,,,,,,,,,,,,,,--,,,,,,,,,,,,,,,,,,,,,,,,,,,522,0.000000664876319,0.0001448891632,
🇺🇸,Feinberg,0,0,9:24.066,9:24.066,05 Dec 2022,1246,(U),7850065604828970526,,,https://www.youtube.com/watch?v=9O21256DGy8,9,24,66,564066,564,0,410359,1.374567147,495537,1.138292398,-0.0005,0.5363,1.50929103,441.0940,822.4255,221.6477,4.73588,,,,,,,,,,,,,,,,,,,,,,,,,30 Dec '99,,,,,,,,,,,,,,,,,,,,,,,,,,,,,,,,,,,,,,,,,,,,,,,,,,,,,,,,,,,,
🇺🇸,doogile,0,0,9:23.427,9:24.091,02 Mar 2024,793,(U),-1696208169374363336,,,https://www.youtube.com/watch?v=dGmT4jJ31yM,9,24,91,564091,564,0,410359,1.37462807,421494,1.338313238,-0.0005,0.6727,5.245554653,145.8601,216.8374,221.4998,4.73731,,,,,,,,,,,,,,,,,,,,,,,,,30 Dec '99,,,,,,,,,,,,,,,,,,,,,,,,,,,,,,--,,,,,,,,,,,,,,,,,,,,,,,,,,,793,0,0,
🇳🇴,skycrab1,0,0,9:24.105,9:24.105,15 Jan 2025,474,(U),3842162755449251697,,,https://www.youtube.com/watch?v=XO9rgYbn6Bw&list=PLU3_fvoJ1GyMStiA29z37DUPtG47PvOJz&index=108,9,24,105,564105,564,0,410359,1.374662186,421494,1.338346453,-0.0005,0.7890,5.246576389,171.0097,216.7447,221.4170,4.73812,,,,,,,,,,,,,,,,,,,,,,,,,30 Dec '99,,,,,,,,,,,,,,,,,,,,,,,,,,,,,,--,,,,,,,,,,,,,,,,,,,,,,,,,,,474,0.00002370931853,0.005138868363,
🇺🇸,doogile,0,0,9:22.116,9:24.247,24 Mar 2025,406,(U),-6047098650778031938,,,https://www.youtube.com/watch?v=NN8rfsl5mJo,9,24,247,564247,564,0,410359,1.375008225,421494,1.33868335,-0.0005,0.8163,5.256949749,176.1567,215.8047,220.5778,4.74630,,,,,,,,,,,,,,,,,,,,,,,,,30 Dec '99,,,,,,,,,,,,,,,,,,,,,,,,,,,,,,--,,,,,,,,,,,,,,,,,,,,,,,,,,,406,0.001240374908,0.267678702,
🇨🇦,Aquacorde,0,0,9:24.529,9:24.529,18 Jul 2025,290,(U),-9197658143197340999,,,https://www.youtube.com/watch?v=LeAZ9kcT4ks,9,24,529,564529,565,1,410359,1.375695428,410359,1.375695428,-0.0005,0.8650,6.514286512,108.3062,125.2063,218.9157,4.76258,,,,,,,,,,,,,,,,,,,,,,,,,30 Dec '99,,,,,,,,,,,,,,,,,,,,,,,,,,,,,,--,,,,,,,,,,,,,,,,,,,,,,,,,,,290,0.08725678115,10.9250964,
🇵🇱,watermelon1708,0,0,9:24.119,9:24.537,14 Sep 2025,232,(U),unknown,,,https://www.youtube.com/watch?v=Y6Sokcc9jqc,9,24,537,564537,565,1,410359,1.375714923,410359,1.375714923,-0.0005,0.8905,6.515013729,111.4569,125.1657,218.8686,4.76304,,,,,,,,,,,,,,,,,,,,,,,,,30 Dec '99,,,,,,,,,,,,,,,,,,,,,,,,,,,,,,--,,,,,,,,,,,,,,,,,,,,,,,,,,,232,0.2868726758,35.90661311,
🇸🇰,NoFear1337,0,0,9:23.488,9:24.567,01 Jul 2023,1038,(U),unknown,,,https://www.youtube.com/watch?v=PuoZym6BBOw,9,24,567,564567,565,1,410359,1.37578803,465828,1.211964502,-0.0005,0.5951,2.427497384,373.1897,627.0880,218.6921,4.76477,,,,,,,,,,,,,,,,,,,,,,,,,30 Dec '99,,,,,,,,,,,,,,,,,,,,,,,,,,,,,,--,,,,,,,,,,,,,,,,,,,,,,,,,,,1038,0,0,
🇮🇱,orachi,0,1,9:22.560,9:24.684,31 Dec 2022,1220,(V),4355905136547056729,09,Yes,https://www.speedrun.com/mc/run/y2jdqg9z,9,24,684,564684,565,1,410359,1.376073146,495537,1.13953953,-0.0005,0.5434,1.521690841,445.4057,819.7386,218.0046,4.77155,,,,,,,,,,,,,,,,,,,,,,,,,30 Dec '99,,,,,,,,,,,,,,,,,,,,,,,,,,,,,,,,,,,,,,,,,,,,,,,,,,,,,,,,,,,,
🇮🇱,Ranik_,0,1,9:20.683,9:24.724,24 Nov 2023,892,(U),1109837926684475838,10,Yes,https://www.youtube.com/watch?v=dV1aDceWUCA,9,24,724,564724,565,1,410359,1.376170621,465828,1.212301536,-0.0005,0.6402,2.432680443,400.7806,626.0399,217.7697,4.77386,,,,,,,,,,,,,,,,,,,,,,,,,30 Dec '99,,,,,,,,,,,,,,,,,,,,,,,,,,,,,,,,,,,,,,,,,,,,,,,,,,,,,,,,,,,,
🇺🇸,doogile,0,0,9:23.811,9:24.766,15 May 2023,1085,(U),8584643897871750893,,,https://www.youtube.com/watch?v=JGxZAVwLpq0,9,24,766,564766,565,1,410359,1.376272971,465828,1.212391698,-0.0005,0.5813,2.434068704,363.7496,625.7593,217.5233,4.77630,,,,,,,,,,,,,,,,,,,,,,,,,30 Dec '99,,,,,,,,,,,,,,,,,,,,,,,,,,,,,,--,,,,,,,,,,,,,,,,,,,,,,,,,,,1085,0,0,
🇺🇸,meebie,0,0,9:25.282,9:25.282,30 Mar 2024,765,(U),unknown,,,https://www.youtube.com/watch?v=H78JhqT_JAE&list=PLaTJSsRuu2Ufk7cX7bUTt9V-IJxa8wqSM&index=12,9,25,282,565282,565,0,410359,1.377530406,421494,1.341138901,-0.0005,0.6822,5.333112645,142.5773,209.0105,214.5062,4.80629,,,,,,,,,,,,,,,,,,,,,,,,,30 Dec '99,,,,,,,,,,,,,,,,,,,,,,,,,,,,,,--,,,,,,,,,,,,,,,,,,,,,,,,,,,765,0,0,
🇸🇰,NoFear1337,0,0,9:25.453,9:25.453,01 Jul 2023,1038,(U),unknown,,,https://www.youtube.com/watch?v=5J0MBJD0At4,9,25,453,565453,565,0,410359,1.377947115,465828,1.213866491,-0.0005,0.5951,2.45687955,369.6608,621.1581,213.5107,4.81626,,,,,,,,,,,,,,,,,,,,,,,,,30 Dec '99,,,,,,,,,,,,,,,,,,,,,,,,,,,,,,--,,,,,,,,,,,,,,,,,,,,,,,,,,,1038,0,0,
🇨🇦,Aquacorde,0,0,9:24.313,9:25.637,26 Sep 2024,585,(U),8823111015249469125,,,https://www.youtube.com/watch?v=9xLUevZxPBM,9,25,637,565637,566,1,410359,1.378395502,421494,1.341981143,-0.0005,0.7464,5.35946188,154.2826,206.7036,212.4420,4.82701,,,,,,,,,,,,,,,,,,,,,,,,,30 Dec '99,,,,,,,,,,,,,,,,,,,,,,,,,,,,,,--,,,,,,,,,,,,,,,,,,,,,,,,,,,585,0.000000002020011768,0.0000004175436337,
🇦🇺,Erikfzf,0,0,9:25.466,9:25.850,05 Nov 2023,911,(U),-7014933560991100257,09,Yes,https://www.youtube.com/watch?v=yTC-CTw-S9M,9,25,850,565850,566,1,410359,1.37891456,465828,1.214718737,-0.0005,0.6341,2.470150095,392.2032,618.4894,211.2081,4.83949,,,,,,,,,,,,,,,,,,,,,,,,,30 Dec '99,,,,,,,,,,,,,,,,,,,,,,,,,,,,,,,,,,,,,,,,,,,,,,,,,,,,,,,,,,,,
🇺🇸,Reignex,0,0,9:25.893,9:25.893,22 Jun 2023,1047,(U),-3154839464526750191,12,Yes,https://www.youtube.com/watch?v=ODPP7xDMpkg,9,25,893,565893,566,1,410359,1.379019346,465828,1.214811046,-0.0005,0.5924,2.471591376,366.2484,618.1999,210.9594,4.84201,,,,,,,,,,,,,,,,,,,,,,,,,30 Dec '99,,,,,,,,,,,,,,,,,,,,,,,,,,,,,,,,,,,,,,,,,,,,,,,,,,,,,,,,,,,,
🇨🇿,Cursed_Carrot,0,0,9:22.576,9:26.302,15 Nov 2023,901,(U),Unknown,06,Yes,https://www.youtube.com/watch?v=Jz8Dku3uzKM,9,26,302,566302,566,0,410359,1.380016035,465828,1.215689053,-0.0005,0.6373,2.485338683,392.2272,615.4423,208.6010,4.86605,,,,,,,,,,,,,,,,,,,,,,,,,30 Dec '99,,,,,,,,,,,,,,,,,,,,,,,,,,,,,,,,,,,,,,,,,,,,,,,,,,,,,,,,,,,,
🇺🇸,doogile,0,0,9:26.244,9:26.244,08 Jul 2024,665,(U),-6098241121848454577,,,https://www.youtube.com/watch?v=yjRzgyThepc,9,26,244,566244,566,0,410359,1.379874695,421494,1.343421259,-0.0005,0.7171,5.404784374,145.4245,202.7872,208.9346,4.86264,,,,,,,,,,,,,,,,,,,,,,,,,30 Dec '99,,,,,,,,,,,,,,,,,,,,,,,,,,,,,,--,,,,,,,,,,,,,,,,,,,,,,,,,,,665,0,0,
🇺🇸,Feinberg,0,0,9:23.304,9:26.292,23 Oct 2022,1289,(U),8012915193548119046,,,https://www.youtube.com/watch?v=II4PzqmdYaU,9,26,292,566292,566,0,410359,1.379991666,517884,1.09347267,-0.0005,0.5249,1.121958984,474.8498,904.6052,208.6585,4.86546,,,,,,,,,,,,,,,,,,,,,,,,,30 Dec '99,,,,,,,,,,,,,,,,,,,,,,,,,,,,,,,,,,,,,,,,,,,,,,,,,,,,,,,,,,,,
🇳🇴,skycrab1,0,0,9:26.342,9:26.342,29 Nov 2024,521,(U),-573879670804358217,,,https://www.youtube.com/watch?v=ljKL-oDGeS4&list=PLU3_fvoJ1GyMStiA29z37DUPtG47PvOJz&index=100,9,26,342,566342,566,0,410359,1.38011351,421494,1.343653765,-0.0005,0.7707,5.412133628,155.7966,202.1583,208.3710,4.86841,,,,,,,,,,,,,,,,,,,,,,,,,30 Dec '99,,,,,,,,,,,,,,,,,,,,,,,,,,,,,,--,,,,,,,,,,,,,,,,,,,,,,,,,,,521,0.0000007213970917,0.0001458364149,
🇸🇰,NoFear1337,0,0,9:25.778,9:26.417,11 Jun 2025,327,(U),unknown,,,https://www.youtube.com/watch?v=oA02Os8avDY,9,26,417,566417,566,0,410359,1.380296277,421494,1.343831703,-0.0005,0.8492,5.417764074,171.2579,201.6776,207.9401,4.87283,,,,,,,,,,,,,,,,,,,,,,,,,30 Dec '99,,,,,,,,,,,,,,,,,,,,,,,,,,,,,,--,,,,,,,,,,,,,,,,,,,,,,,,,,,327,0.03030088679,6.111010704,
🇫🇮,AndrewCrow,0,0,9:25.617,9:26.432,26 Mar 2025,404,(U),unknown,,,https://www.youtube.com/watch?v=P0dZdFlev4k,9,26,432,566432,566,0,410359,1.380332831,421494,1.343867291,-0.0005,0.8171,5.418890789,164.7113,201.5815,207.8540,4.87372,,,,,,,,,,,,,,,,,,,,,,,,,30 Dec '99,,,,,,,,,,,,,,,,,,,,,,,,,,,,,,,,,,,,,,,,,,,,,,,,,,,,,,,,,404,0.001368655511,0.275895696,
🇨🇦,silverr,0,0,9:26.582,9:26.582,20 Nov 2022,1261,(U),1572653948546520317,15,No,https://www.youtube.com/watch?v=144OjtguCG0,9,26,582,566582,567,1,410359,1.380698364,495537,1.143369718,-0.0005,0.5323,1.560371978,431.9012,811.3479,206.9937,4.88257,,,,,,,,,,,,,,,,,,,,,,,,,30 Dec '99,,,,,,,,,,,,,,,,,,,,,,,,,,,,,,--,,,,,,,,,,,,,,,,,,,,,,,,,,,1261,0,0,
🇳🇴,skycrab1,0,0,9:25.953,9:26.605,16 Jun 2024,687,(U),4052163355630291928,,,https://www.youtube.com/watch?v=5UOYqMnbR5Q&list=PLU3_fvoJ1GyMStiA29z37DUPtG47PvOJz&index=33,9,26,605,566605,567,1,410359,1.380754413,421494,1.344277736,-0.0005,0.7093,5.431900681,142.1937,200.4751,206.8620,4.88393,,,,,,,,,,,,,,,,,,,,,,,,,30 Dec '99,,,,,,,,,,,,,,,,,,,,,,,,,,,,,,--,,,,,,,,,,,,,,,,,,,,,,,,,,,687,0,0,
🇫🇮,sadekeppi,0,0,9:26.631,9:26.895,07 Feb 2026,86,(U),unknown,,,https://www.youtube.com/watch?v=2A6FRsoQeMs,9,26,895,566895,567,1,410359,1.381461111,410359,1.381461111,-0.0005,0.9579,6.732531391,108.7654,113.5444,205.2042,4.90110,,,,,,,,,,,,,,,,,,,,,,,,,30 Dec '99,,,,,,,,,,,,,,,,,,,,,,,,,,,,,,,,,,,,,,,,,,,,,,,,,,,,,,,,,,,,
🇺🇸,Feinberg,0,0,9:25.548,9:27.465,17 Nov 2022,1264,(U),-9141701029188025583,,,https://www.youtube.com/watch?v=csGOZLziuNI,9,27,465,567465,567,0,410359,1.382850139,495537,1.145151623,-0.0005,0.5315,1.57867915,429.1411,807.3730,201.9649,4.93499,,,,,,,,,,,,,,,,,,,,,,,,,30 Dec '99,,,,,,,,,,,,,,,,,,,,,,,,,,,,,,,,,,,,,,,,,,,,,,,,,,,,,,,,,,,,
🇫🇮,sadekeppi,0,0,9:27.613,9:27.613,08 Feb 2026,85,(U),unknown,,,https://www.youtube.com/watch?v=QDSeKwk5Zx4,9,27,613,567613,568,1,410359,1.383210798,410359,1.383210798,-0.0005,0.9584,6.800033434,105.5594,110.1424,201.1279,4.94383,,,,,,,,,,,,,,,,,,,,,,,,,30 Dec '99,,,,,,,,,,,,,,,,,,,,,,,,,,,,,,,,,,,,,,,,,,,,,,,,,,,,,,,,,,,,
🇹🇿,Kxpow,0,0,9:23.950,9:27.626,29 Oct 2023,918,(U),-6876585563479815399,09,Yes,https://www.youtube.com/watch?v=cSA8vjfDlfU,9,27,626,567626,568,1,410359,1.383242478,465828,1.218531303,-0.0005,0.6319,2.530320375,383.2344,606.4649,201.0545,4.94460,,,,,,,,,,,,,,,,,,,,,,,,,30 Dec '99,,,,,,,,,,,,,,,,,,,,,,,,,,,,,,--,,,,,,,,,,,,,,,,,,,,,,,,,,,918,0,0,
🇬🇧,biased,0,1,9:26.052,9:27.836,10 Dec 2023,876,(U),-7133651556852481155,12,Yes,https://www.speedrun.com/mc/runs/ywnrrk9y,9,27,836,567836,568,1,410359,1.383754225,446254,1.272450219,-0.0005,0.6453,3.53634224,275.2538,426.5346,199.8700,4.95716,,,,,,,,,,,,,,,,,,,,,,,,,30 Dec '99,,,,,,,,,,,,,,,,,,,,,,,,,,,,,,,,,,,,,,,,,,,,,,,,,,,,,,,,,,,,
🇺🇸,doogile,0,0,9:27.915,9:27.915,24 Mar 2025,406,(U),-5268124447019689631,,,https://www.youtube.com/watch?v=uCE8j5wqBaA,9,27,915,567915,568,1,410359,1.383946739,421494,1.347385728,-0.0005,0.8163,5.531321947,156.8833,192.1934,199.4254,4.96190,,,,,,,,,,,,,,,,,,,,,,,,,30 Dec '99,,,,,,,,,,,,,,,,,,,,,,,,,,,,,,--,,,,,,,,,,,,,,,,,,,,,,,,,,,406,0.001240374908,0.2383918187,
🇳🇴,skycrab1,0,0,9:28.206,9:28.206,22 Jul 2025,286,(U),unknown,,,https://www.youtube.com/watch?v=ENH9wNoiQAo&list=PLU3_fvoJ1GyMStiA29z37DUPtG47PvOJz&index=135,9,28,206,568206,568,0,410359,1.384655874,410359,1.384655874,-0.0005,0.8668,6.856236208,93.0728,107.3809,197.7916,4.97936,,,,,,,,,,,,,,,,,,,,,,,,,30 Dec '99,,,,,,,,,,,,,,,,,,,,,,,,,,,,,,--,,,,,,,,,,,,,,,,,,,,,,,,,,,286,0.09638876787,10.35030867,
🇨🇦,dandannyboy,0,1,9:27.290,9:28.538,18 Mar 2023,1143,(V),9012700196601131274,11,Yes,https://www.speedrun.com/mc/run/yv87r88m,9,28,538,568538,569,1,410359,1.385464922,465828,1.220489108,-0.0005,0.5647,2.561734812,338.9407,600.2374,195.9359,4.99935,,,,,,,,,,,,,,,,,,,,,,,,,30 Dec '99,,,,,,,,,,,,,,,,,,,,,,,,,,,,,,,,,,,,,,,,,,,,,,,,,,,,,,,,,,,,
🇳🇴,skycrab1,0,0,9:28.538,9:28.538,25 Dec 2025,130,(U),1919295731799192555,,,https://www.youtube.com/watch?v=1c-F687nKas&list=PLU3_fvoJ1GyMStiA29z37DUPtG47PvOJz&index=105,9,28,538,568538,569,1,410359,1.385464922,410359,1.385464922,-0.0005,0.9371,6.887881955,99.1922,105.8539,195.9359,4.99935,,,,,,,,,,,,,,,,,,,,,,,,,30 Dec '99,,,,,,,,,,,,,,,,,,,,,,,,,,,,,,--,,,,,,,,,,,,,,,,,,,,,,,,,,,130,0.8027595897,84.97519594,
🇨🇦,Aquacorde,0,0,9:28.545,9:28.545,28 May 2025,341,(U),8276441451627221996,,,https://www.youtube.com/watch?v=qGEzygjg50o,9,28,545,568545,569,1,410359,1.38548198,421494,1.348880411,-0.0005,0.8432,5.579710141,158.7591,188.2720,195.8968,4.99978,,,,,,,,,,,,,,,,,,,,,,,,,30 Dec '99,,,,,,,,,,,,,,,,,,,,,,,,,,,,,,--,,,,,,,,,,,,,,,,,,,,,,,,,,,341,0.01896458285,3.570500759,
🇨🇦,Aquacorde,0,0,9:28.680,9:28.680,25 Jun 2025,313,(U),-1610154249394651609,,,https://www.youtube.com/watch?v=SsOvlZxk2S0,9,28,680,568680,569,1,410359,1.385810961,410359,1.385810961,-0.0005,0.8551,6.901456735,89.9640,105.2049,195.1448,5.00793,,,,,,,,,,,,,,,,,,,,,,,,,30 Dec '99,,,,,,,,,,,,,,,,,,,,,,,,,,,,,,--,,,,,,,,,,,,,,,,,,,,,,,,,,,313,0.04658718853,4.901201217,
🇬🇧,Mauvu,0,1,9:27.622,9:28.892,21 Apr 2023,1109,(V),7554296837427947431,09,Yes,https://www.speedrun.com/mc/run/y2g97jjz,9,28,892,568892,569,1,410359,1.386327581,465828,1.221249045,-0.0005,0.5744,2.574023955,343.3583,597.8109,193.9668,5.02075,,,,,,,,,,,,,,,,,,,,,,,,,30 Dec '99,,,,,,,,,,,,,,,,,,,,,,,,,,,,,,,,,,,,,,,,,,,,,,,,,,,,,,,,,,,,
🇬🇧,priffie,0,1,9:28.626,9:29.199,08 Apr 2023,1122,(V),-7240688859963036907,12,Yes,https://www.speedrun.com/mc/run/y804n81m,9,29,199,569199,569,0,410359,1.387075707,465828,1.221908086,-0.0005,0.5706,2.584724917,339.9305,595.7024,192.2673,5.03937,,,,,,,,,,,,,,,,,,,,,,,,,30 Dec '99,,,,,,,,,,,,,,,,,,,,,,,,,,,,,,--,,,,,,,,,,,,,,,,,,,,,,,,,,,1122,0,0,
🇺🇸,Zylenox,0,0,9:23.337,9:29.349,21 Apr 2023,1109,(U),-9047486339153673349,12,Yes,https://www.youtube.com/watch?v=YnxRG1jCZTA,9,29,349,569349,569,0,410359,1.38744124,465828,1.222230094,-0.0005,0.5744,2.589968112,341.5547,594.6708,191.4396,5.04848,,,,,,,,,,,,,,,,,,,,,,,,,30 Dec '99,,,,,,,,,,,,,,,,,,,,,,,,,,,,,,--,,,,,,,,,,,,,,,,,,,,,,,,,,,1109,0,0,
🇺🇸,doogile,0,0,9:28.970,9:29.443,26 Apr 2024,738,(U),-2635465260695469451,,,https://www.youtube.com/watch?v=pcDuyhI1pfU,9,29,443,569443,569,0,410359,1.387670308,421494,1.351010928,-0.0005,0.6914,5.649334443,126.3600,182.7529,190.9219,5.05421,,,,,,,,,,,,,,,,,,,,,,,,,30 Dec '99,,,,,,,,,,,,,,,,,,,,,,,,,,,,,,--,,,,,,,,,,,,,,,,,,,,,,,,,,,738,0,0,
🇷🇺,aleen,0,0,9:26.515,9:29.470,28 Dec 2023,858,(U),8241236612932344167,,,https://www.youtube.com/watch?v=kWIGRiiqiSY,9,29,470,569470,569,0,410359,1.387736104,446254,1.276111811,-0.0005,0.6512,3.616250686,269.6295,414.0758,190.7733,5.05585,,,,,,,,,,,,,,,,,,,,,,,,,30 Dec '99,,,,,,,,,,,,,,,,,,,,,,,,,,,,,,,,,,,,,,,,,,,,,,,,,,,,,,,,,,,,
🇳🇴,skycrab1,0,0,9:26.981,9:29.598,07 May 2024,727,(U),unknown,,,https://www.youtube.com/watch?v=HE41uYZ0V0c&list=PLU3_fvoJ1GyMStiA29z37DUPtG47PvOJz&index=18,9,29,598,569598,570,1,410359,1.388048026,421494,1.351378667,-0.0005,0.6952,5.661430006,126.4005,181.8088,190.0697,5.06365,,,,,,,,,,,,,,,,,,,,,,,,,30 Dec '99,,,,,,,,,,,,,,,,,,,,,,,,,,,,,,--,,,,,,,,,,,,,,,,,,,,,,,,,,,727,0,0,
🇳🇴,skycrab1,0,0,9:27.107,9:29.673,13 Aug 2024,629,(U),-3946489265844514970,,,https://www.youtube.com/watch?v=M5EHSGhejt8&list=PLU3_fvoJ1GyMStiA29z37DUPtG47PvOJz&index=52,9,29,673,569673,570,1,410359,1.388230793,421494,1.351556606,-0.0005,0.7302,5.667290975,132.4155,181.3528,189.6581,5.06823,,,,,,,,,,,,,,,,,,,,,,,,,30 Dec '99,,,,,,,,,,,,,,,,,,,,,,,,,,,,,,--,,,,,,,,,,,,,,,,,,,,,,,,,,,629,0,0.000000002823257362,
🇩🇰,Bloopy,0,0,9:29.719,9:29.719,04 May 2024,730,(U),2537181557128625381,,,https://www.youtube.com/watch?v=rmm0JiGtxuA,9,29,719,569719,570,1,410359,1.38834289,421494,1.351665741,-0.0005,0.6942,5.670888376,125.7006,181.0734,189.4059,5.07104,,,,,,,,,,,,,,,,,,,,,,,,,30 Dec '99,,,,,,,,,,,,,,,,,,,,,,,,,,,,,,--,,,,,,,,,,,,,,,,,,,,,,,,,,,730,0,0,
🇩🇰,Bloopy,0,0,9:29.416,9:29.779,21 Sep 2024,590,(U),-4222360412448811712,,,https://www.youtube.com/watch?v=mWQwmeDz0b8,9,29,779,569779,570,1,410359,1.388489103,421494,1.351808092,-0.0005,0.7445,5.675583695,134.5438,180.7094,189.0771,5.07471,,,,,,,,,,,,,,,,,,,,,,,,,30 Dec '99,,,,,,,,,,,,,,,,,,,,,,,,,,,,,,--,,,,,,,,,,,,,,,,,,,,,,,,,,,590,0.000000001203658702,0.0000002175124314,
🇷🇺,aleen,0,1,9:27.498,9:29.799,30 Mar 2023,1131,(V),-3937335511967148505,04,Yes,https://www.speedrun.com/mc/runs/meed7lqm,9,29,799,569799,570,1,410359,1.388537841,465828,1.223196115,-0.0005,0.5681,2.60575583,336.0571,591.5705,188.9676,5.07593,,,,,,,,,,,,,,,,,,,,,,,,,30 Dec '99,,,,,,,,,,,,,,,,,,,,,,,,,,,,,,,,,,,,,,,,,,,,,,,,,,,,,,,,,,,,
🇸🇰,NoFear1337,0,0,9:28.431,9:29.817,17 Jan 2024,838,(U),unknown,,,https://www.youtube.com/watch?v=2cTYxX1bq7o&list=PLaTJSsRuu2UeeWabBBfNVWALvnefBoL2C&index=4,9,29,817,569817,570,1,410359,1.388581705,421494,1.351898248,-0.0005,0.6577,5.678559187,118.7018,180.4790,188.8691,5.07703,,,,,,,,,,,,,,,,,,,,,,,,,30 Dec '99,,,,,,,,,,,,,,,,,,,,,,,,,,,,,,--,,,,,,,,,,,,,,,,,,,,,,,,,,,838,0,0,
🇱🇹,Fluhhe,0,1,9:29.980,9:29.980,18 Nov 2022,1263,(V),2080172975809117900,12,Yes,https://www.speedrun.com/mc/run/y6x1gp1y,9,29,980,569980,570,1,410359,1.388978918,495537,1.150226926,-0.0005,0.5318,1.631927605,423.2030,795.8032,187.9779,5.08700,,,,,,,,,,,,,,,,,,,,,,,,,30 Dec '99,,,,,,,,,,,,,,,,,,,,,,,,,,,,,,,,,,,,,,,,,,,,,,,,,,,,,,,,,,,,
🇺🇸,doogile,0,0,9:27.467,9:29.905,19 Oct 2022,1293,(U),-6120632814765297894,,,https://www.youtube.com/watch?v=KngO-bBQ6z0,9,29,905,569905,570,1,410359,1.388796152,517884,1.100449135,-0.0005,0.5239,1.175300363,468.1353,893.5992,188.3877,5.08241,,,,,,,,,,,,,,,,,,,,,,,,,30 Dec '99,,,,,,,,,,,,,,,,,,,,,,,,,,,,,,--,,,,,,,,,,,,,,,,,,,,,,,,,,,1293,0,0,
🇳🇴,skycrab1,0,0,9:29.936,9:29.936,24 Sep 2024,587,(U),-5978876616461348700,,,https://www.youtube.com/watch?v=lNwP-AfLpC4&list=PLU3_fvoJ1GyMStiA29z37DUPtG47PvOJz&index=73,9,29,936,569936,570,1,410359,1.388871695,421494,1.352180577,-0.0005,0.7456,5.687886167,134.0368,179.7586,188.2183,5.08431,,,,,,,,,,,,,,,,,,,,,,,,,30 Dec '99,,,,,,,,,,,,,,,,,,,,,,,,,,,,,,--,,,,,,,,,,,,,,,,,,,,,,,,,,,587,0.000000001643890251,0.0000002955033445,
🇺🇦,7rowl,0,0,9:30.025,9:30.025,19 Dec 2023,867,(U),5331888045547392312,12,Yes,https://www.youtube.com/watch?v=7ub8Kvb-CkY,9,30,25,570025,570,0,410359,1.389088579,446254,1.277355497,-0.0005,0.6482,3.643759618,265.6799,409.8505,187.7323,5.08976,,,,,,,,,,,,,,,,,,,,,,,,,30 Dec '99,,,,,,,,,,,,,,,,,,,,,,,,,,,,,,,,,,,,,,,,,,,,,,,,,,,,,,,,,,,,
🇫🇮,AndrewCrow,0,0,9:29.406,9:30.054,04 Jul 2025,304,(U),unknown,,,https://www.youtube.com/watch?v=vaF2tNGXMo4,9,30,54,570054,570,0,410359,1.389159248,410359,1.389159248,-0.0005,0.8590,7.034039018,85.0871,99.0550,187.5741,5.09154,,,,,,,,,,,,,,,,,,,,,,,,,30 Dec '99,,,,,,,,,,,,,,,,,,,,,,,,,,,,,,,,,,,,,,,,,,,,,,,,,,,,,,,,,304,0.0602383311,5.966910862,
🇺🇸,Zylenox,0,0,9:26.907,9:30.104,25 Sep 2023,952,(U),unknown,,,https://www.youtube.com/watch?v=-xiJj1JVujk,9,30,104,570104,570,0,410359,1.389281093,465828,1.223850863,-0.0005,0.6213,2.616506132,366.2129,589.4648,187.3015,5.09460,,,,,,,,,,,,,,,,,,,,,,,,,30 Dec '99,,,,,,,,,,,,,,,,,,,,,,,,,,,,,,--,,,,,,,,,,,,,,,,,,,,,,,,,,,952,0,0,
🇨🇦,silverr,0,0,9:30.447,9:30.447,04 Sep 2023,973,(U),Unknown,??,Yes,https://www.youtube.com/watch?v=YUQuFcbgMHQ,9,30,447,570447,570,0,410359,1.390116946,465828,1.224587187,-0.0005,0.6148,2.628644007,360.9293,587.0923,185.4368,5.11567,,,,,,,,,,,,,,,,,,,,,,,,,30 Dec '99,,,,,,,,,,,,,,,,,,,,,,,,,,,,,,,,,,,,,,,,,,,,,,,,,,,,,,,,,,,,
🇵🇱,Mixray,0,1,9:25.735,9:30.513,04 Nov 2023,912,(U),-5905769840829513487,04,Yes,https://www.youtube.com/watch?v=WElcYQqI0oQ,9,30,513,570513,571,1,410359,1.390277781,465828,1.22472887,-0.0005,0.6338,2.630985442,371.8175,586.6353,185.0791,5.11974,,,,,,,,,,,,,,,,,,,,,,,,,30 Dec '99,,,,,,,,,,,,,,,,,,,,,,,,,,,,,,,,,,,,,,,,,,,,,,,,,,,,,,,,,,,,
🇺🇦,7rowl,0,0,9:30.657,9:30.657,02 Jun 2023,1067,(U),Unknown,12,Yes,https://www.youtube.com/watch?v=y7I-tBARvMo,9,30,657,570657,571,1,410359,1.390628693,465828,1.225037997,-0.0005,0.5865,2.636100615,343.5048,585.6375,184.2999,5.12861,,,,,,,,,,,,,,,,,,,,,,,,,30 Dec '99,,,,,,,,,,,,,,,,,,,,,,,,,,,,,,,,,,,,,,,,,,,,,,,,,,,,,,,,,,,,
🇵🇱,watermelon1708,0,0,9:30.313,9:30.785,08 Nov 2025,177,(U),unknown,,,https://www.youtube.com/watch?v=Pm6Yt1efFdU,9,30,785,570785,571,1,410359,1.390940615,410359,1.390940615,-0.0005,0.9153,7.105493168,87.7580,95.8786,183.6087,5.13651,,,,,,,,,,,,,,,,,,,,,,,,,30 Dec '99,,,,,,,,,,,,,,,,,,,,,,,,,,,,,,--,,,,,,,,,,,,,,,,,,,,,,,,,,,177,0.5743459867,55.06750411,
🇺🇸,Kruin,0,1,9:24.729,9:30.812,09 Aug 2023,999,(V),7325938221011148995,15,Yes,https://www.speedrun.com/mc/runs/mrl56x4m,9,30,812,570812,571,1,410359,1.391006411,465828,1.225370738,-0.0005,0.6068,2.641616636,354.7325,584.5627,183.4631,5.13818,,,,,,,,,,,,,,,,,,,,,,,,,30 Dec '99,,,,,,,,,,,,,,,,,,,,,,,,,,,,,,,,,,,,,,,,,,,,,,,,,,,,,,,,,,,,
🇺🇸,doogile,0,0,9:30.866,9:30.866,14 Aug 2024,628,(U),-5785712557054868103,,,https://www.youtube.com/watch?v=IaJnBpkCYeE,9,30,866,570866,571,1,410359,1.391138004,421494,1.354387014,-0.0005,0.7305,5.76124894,127.2414,174.1795,183.1720,5.14152,,,,,,,,,,,,,,,,,,,,,,,,,30 Dec '99,,,,,,,,,,,,,,,,,,,,,,,,,,,,,,--,,,,,,,,,,,,,,,,,,,,,,,,,,,628,0,0.000000003052732285,
🇩🇰,Bloopy,0,0,9:30.985,9:30.985,23 Feb 2025,435,(U),4074137476637722037,,,https://www.youtube.com/watch?v=fidYadn3gaU,9,30,985,570985,571,1,410359,1.391427994,421494,1.354669343,-0.0005,0.8045,5.770696766,139.5632,173.4722,182.5314,5.14888,,,,,,,,,,,,,,,,,,,,,,,,,30 Dec '99,,,,,,,,,,,,,,,,,,,,,,,,,,,,,,--,,,,,,,,,,,,,,,,,,,,,,,,,,,435,0.0002661933855,0.04617716298,
🇨🇦,EvanKeen,0,1,9:28.162,9:31.118,19 May 2022,1446,(V),6318159047332790071,,,https://www.speedrun.com/mc/runs/z1pxrk7z,9,31,118,571118,571,0,410359,1.3917521,548820,1.040628986,-0.0005,0.4853,0.7876023517,470.3085,969.1203,181.8169,5.15712,,,,,,,,,,,,,,,,,,,,,,,,,30 Dec '99,,,,,,,,,,,,,,,,,,,,,,,,,,,,,,,,,,,,,,,,,,,,,,,,,,,,,,,,,1446,0,0,
🇫🇮,sadekeppi,0,0,9:30.876,9:31.265,31 May 2025,338,(U),unknown,,,https://www.youtube.com/watch?v=iJRCQkhKdPs,9,31,265,571265,571,0,410359,1.392110323,421494,1.355333647,-0.0005,0.8445,5.792981386,145.0985,171.8141,181.0288,5.16624,,,,,,,,,,,,,,,,,,,,,,,,,30 Dec '99,,,,,,,,,,,,,,,,,,,,,,,,,,,,,,,,,,,,,,,,,,,,,,,,,,,,,,,,,338,0.02103753197,3.614543825,
🇳🇴,skycrab1,0,0,9:30.274,9:31.319,16 Jun 2024,687,(U),1613878261208097476,,,https://www.youtube.com/watch?v=8s8EV_O6Ndk&list=PLU3_fvoJ1GyMStiA29z37DUPtG47PvOJz&index=32,9,31,319,571319,571,0,410359,1.392241915,421494,1.355461762,-0.0005,0.7093,5.797287937,121.6387,171.4952,180.7398,5.16959,,,,,,,,,,,,,,,,,,,,,,,,,30 Dec '99,,,,,,,,,,,,,,,,,,,,,,,,,,,,,,--,,,,,,,,,,,,,,,,,,,,,,,,,,,687,0,0,
🇫🇮,AndrewCrow,0,0,9:31.244,9:31.377,28 Nov 2025,157,(U),unknown,,,https://www.youtube.com/watch?v=lKt9DvJSsdE,9,31,377,571377,571,0,410359,1.392383255,410359,1.392383255,-0.0005,0.9245,7.163831605,86.3066,93.3547,180.4296,5.17319,,,,,,,,,,,,,,,,,,,,,,,,,30 Dec '99,,,,,,,,,,,,,,,,,,,,,,,,,,,,,,,,,,,,,,,,,,,,,,,,,,,,,,,,,157,0.6790983612,63.39702921,
🇺🇸,doogile,0,0,9:29.751,9:32.126,10 May 2023,1090,(U),1251289617466531900,,,https://www.youtube.com/watch?v=y6WViu7_6NI,9,32,126,572126,572,0,410359,1.394208486,465828,1.228191521,-0.0005,0.5798,2.688801574,333.6497,575.4150,176.4491,5.21993,,,,,,,,,,,,,,,,,,,,,,,,,30 Dec '99,,,,,,,,,,,,,,,,,,,,,,,,,,,,,,--,,,,,,,,,,,,,,,,,,,,,,,,,,,1090,0,0,
🇯🇵,mebuki117,0,1,9:28.540,9:32.312,10 Nov 2022,1271,(V),3603260969608126058,09,Yes,https://www.speedrun.com/mc/run/zx8r8dem,9,32,312,572312,572,0,410359,1.394661747,495537,1.154932931,-0.0005,0.5297,1.682793008,415.6576,784.7475,175.4678,5.23159,,,,,,,,,,,,,,,,,,,,,,,,,30 Dec '99,,,,,,,,,,,,,,,,,,,,,,,,,,,,,,,,,,,,,,,,,,,,,,,,,,,,,,,,,,,,
🇳🇴,skycrab1,0,0,9:31.708,9:32.427,14 Jun 2024,689,(U),2235642990872806134,,,https://www.youtube.com/watch?v=TK7I7irT2Ig&list=PLU3_fvoJ1GyMStiA29z37DUPtG47PvOJz&index=30,9,32,427,572427,572,0,410359,1.39494199,421494,1.358090507,-0.0005,0.7086,5.886283545,116.9309,165.0228,174.8626,5.23882,,,,,,,,,,,,,,,,,,,,,,,,,30 Dec '99,,,,,,,,,,,,,,,,,,,,,,,,,,,,,,--,,,,,,,,,,,,,,,,,,,,,,,,,,,689,0,0,
🇺🇸,doogile,0,0,9:32.194,9:32.494,25 May 2025,344,(U),-1725089180716272190,,,https://www.youtube.com/watch?v=wXXYlwLqc64,9,32,494,572494,572,0,410359,1.395105261,421494,1.358249465,-0.0005,0.8420,5.891703833,138.6198,164.6357,174.5105,5.24303,,,,,,,,,,,,,,,,,,,,,,,,,30 Dec '99,,,,,,,,,,,,,,,,,,,,,,,,,,,,,,--,,,,,,,,,,,,,,,,,,,,,,,,,,,344,0.01706444193,2.809415723,
🇸🇰,NoFear1337,0,0,9:32.897,9:32.897,15 Dec 2023,871,(U),unknown,,,https://www.youtube.com/watch?v=SROkWtFTBvE,9,32,897,572897,573,1,410359,1.396087328,446254,1.283791294,-0.0005,0.6469,3.789142349,251.0521,388.0603,172.4007,5.26842,,,,,,,,,,,,,,,,,,,,,,,,,30 Dec '99,,,,,,,,,,,,,,,,,,,,,,,,,,,,,,--,,,,,,,,,,,,,,,,,,,,,,,,,,,871,0,0,
🇺🇸,Feinberg,0,0,9:33.123,9:33.123,21 Dec 2025,134,(U),1570558326201400964,,No,https://www.youtube.com/watch?v=6rzjZzzcGeA,9,33,123,573123,573,0,410359,1.396638066,410359,1.396638066,-0.0005,0.9352,7.338373712,80.5791,86.1629,171.2236,5.28271,,,,,,,,,,,,,,,,,,,,,,,,,30 Dec '99,,,,,,,,,,,,,,,,,,,,,,,,,,,,,,,,,,,,,,,,,,,,,,,,,,,,,,,,,,,,
🇳🇴,skycrab1,0,0,9:32.943,9:33.168,21 Oct 2025,195,(U),see video,,,https://www.youtube.com/watch?v=lHiL5mg3oA4&list=PLU3_fvoJ1GyMStiA29z37DUPtG47PvOJz&index=145,9,33,168,573168,573,0,410359,1.396747726,410359,1.396747726,-0.0005,0.9071,7.342921655,77.9949,85.9825,170.9897,5.28556,,,,,,,,,,,,,,,,,,,,,,,,,30 Dec '99,,,,,,,,,,,,,,,,,,,,,,,,,,,,,,--,,,,,,,,,,,,,,,,,,,,,,,,,,,195,0.4764047362,40.96247267,
🇵🇱,mati_lopez,0,1,9:33.192,9:33.192,12 Dec 2023,874,(V),6639007270022584625,06,Yes,https://www.speedrun.com/mc/runs/mr2l5n4y,9,33,192,573192,573,0,410359,1.396806211,446254,1.284452352,-0.0005,0.6460,3.804366872,249.2356,385.8308,170.8651,5.28708,,,,,,,,,,,,,,,,,,,,,,,,,30 Dec '99,,,,,,,,,,,,,,,,,,,,,,,,,,,,,,,,,,,,,,,,,,,,,,,,,,,,,,,,,,,,
🇸🇰,NoFear1337,0,0,9:33.243,9:33.243,23 Jul 2025,285,(U),unknown,,,https://www.youtube.com/watch?v=Ucnbg8kATvI,9,33,243,573243,573,0,410359,1.396930493,410359,1.396930493,-0.0005,0.8672,7.350507116,74.3027,85.6824,170.6003,5.29031,,,,,,,,,,,,,,,,,,,,,,,,,30 Dec '99,,,,,,,,,,,,,,,,,,,,,,,,,,,,,,--,,,,,,,,,,,,,,,,,,,,,,,,,,,285,0.09877482642,8.463264114,
🇵🇱,watermelon1708,0,0,9:33.249,9:33.249,20 Nov 2025,165,(U),unknown,,,https://www.youtube.com/watch?v=FIQZdzOU1z0,9,33,249,573249,573,0,410359,1.396945114,410359,1.396945114,-0.0005,0.9208,7.351114253,78.8753,85.6584,170.5692,5.29069,,,,,,,,,,,,,,,,,,,,,,,,,30 Dec '99,,,,,,,,,,,,,,,,,,,,,,,,,,,,,,--,,,,,,,,,,,,,,,,,,,,,,,,,,,165,0.6381304816,54.66124919,
🇮🇱,Ranik_,0,1,9:23.709,9:33.385,10 Oct 2023,937,(U),-8488106891176696564,08,Yes,https://www.youtube.com/watch?v=hpavr1Umah8,9,33,385,573385,573,0,410359,1.397276531,465828,1.230894236,-0.0005,0.6259,2.73472873,354.6531,566.5924,169.8644,5.29932,,,,,,,,,,,,,,,,,,,,,,,,,30 Dec '99,,,,,,,,,,,,,,,,,,,,,,,,,,,,,,,,,,,,,,,,,,,,,,,,,,,,,,,,,,,,
🇨🇦,Aquacorde,0,0,9:33.414,9:33.414,14 Jul 2025,294,(U),3745240715930610868,,,https://www.youtube.com/watch?v=irG5odl9FWc,9,33,414,573414,573,0,410359,1.397347201,410359,1.397347201,-0.0005,0.8633,7.367827965,73.3806,85.0007,169.7143,5.30116,,,,,,,,,,,,,,,,,,,,,,,,,30 Dec '99,,,,,,,,,,,,,,,,,,,,,,,,,,,,,,--,,,,,,,,,,,,,,,,,,,,,,,,,,,294,0.07877036748,6.69553941,
🇺🇦,7rowl,0,1,9:33.656,9:33.656,27 May 2023,1073,(U),-280346871610267376,12,Yes,https://www.youtube.com/watch?v=pfJ6_SIVQsE,9,33,656,573656,574,1,410359,1.397936928,465828,1.231475995,-0.0005,0.5848,2.744707279,330.2237,564.6863,168.4646,5.31655,,,,,,,,,,,,,,,,,,,,,,,,,30 Dec '99,,,,,,,,,,,,,,,,,,,,,,,,,,,,,,,,,,,,,,,,,,,,,,,,,,,,,,,,,,,,
🇮🇹,Ale267,0,1,9:31.798,9:33.920,18 Mar 2023,1143,(V),6878392714686165176,12,Yes,https://www.speedrun.com/mc/run/m3lv7dwm,9,33,920,573920,574,1,410359,1.398580268,465828,1.232042728,-0.0005,0.5647,2.75445986,317.8159,562.8270,167.1070,5.33337,,,,,,,,,,,,,,,,,,,,,,,,,30 Dec '99,,,,,,,,,,,,,,,,,,,,,,,,,,,,,,,,,,,,,,,,,,,,,,,,,,,,,,,,,,,,
🇫🇮,sadekeppi,0,0,9:33.933,9:33.933,27 Nov 2025,158,(U),unknown,,,https://www.youtube.com/watch?v=v5aAY7aHxAc,9,33,933,573933,574,1,410359,1.398611947,410359,1.398611947,-0.0005,0.9240,7.420620169,76.6526,82.9538,167.0403,5.33420,,,,,,,,,,,,,,,,,,,,,,,,,30 Dec '99,,,,,,,,,,,,,,,,,,,,,,,,,,,,,,,,,,,,,,,,,,,,,,,,,,,,,,,,,158,0.6740633375,55.91610031,
🇺🇦,loodlow,0,1,9:31.417,9:34.074,03 Jan 2024,852,(V),223037202453904849,,,https://www.speedrun.com/mc/runs/y8kod21y,9,34,74,574074,574,0,410359,1.398955549,446254,1.286428805,-0.0005,0.6531,3.850214016,247.6464,379.1765,166.3178,5.34321,,,,,,,,,,,,,,,,,,,,,,,,,30 Dec '99,,,,,,,,,,,,,,,,,,,,,,,,,,,,,,--,,,,,,,,,,,,,,,,,,,,,,,,,,,852,0,0,
🇳🇴,skycrab1,0,0,9:31.539,9:34.051,05 Feb 2024,819,(U),unknown,,,https://www.youtube.com/watch?v=7WaCloKkkXQ&list=PLU3_fvoJ1GyMStiA29z37DUPtG47PvOJz&index=8,9,34,51,574051,574,0,410359,1.3988995,421494,1.361943468,-0.0005,0.6640,6.018922488,103.4340,155.7783,166.4356,5.34174,,,,,,,,,,,,,,,,,,,,,,,,,30 Dec '99,,,,,,,,,,,,,,,,,,,,,,,,,,,,,,--,,,,,,,,,,,,,,,,,,,,,,,,,,,819,0,0,
🇳🇴,skycrab1,0,0,9:33.046,9:34.091,21 Jun 2024,682,(U),6111477306279101383,,,https://www.youtube.com/watch?v=SjpGEQo2qAI&list=PLU3_fvoJ1GyMStiA29z37DUPtG47PvOJz&index=36,9,34,91,574091,574,0,410359,1.398996976,421494,1.362038368,-0.0005,0.7111,6.022222747,110.6082,155.5543,166.2308,5.34430,,,,,,,,,,,,,,,,,,,,,,,,,30 Dec '99,,,,,,,,,,,,,,,,,,,,,,,,,,,,,,--,,,,,,,,,,,,,,,,,,,,,,,,,,,682,0,0,
🇺🇸,doogile,0,0,9:34.348,9:34.348,21 Mar 2025,409,(U),3428741567389448584,,,https://www.youtube.com/watch?v=ON2kExN455Q,9,34,348,574348,574,0,410359,1.399623257,421494,1.362648104,-0.0005,0.8151,6.043465346,125.6156,154.1192,164.9187,5.36075,,,,,,,,,,,,,,,,,,,,,,,,,30 Dec '99,,,,,,,,,,,,,,,,,,,,,,,,,,,,,,--,,,,,,,,,,,,,,,,,,,,,,,,,,,409,0.00106818653,0.1646280237,
🇺🇸,doogile,0,0,9:27.828,9:34.557,12 Apr 2023,1118,(U),-1996716733981977639,,,https://www.youtube.com/watch?v=uv1DYktuHdQ,9,34,557,574557,575,1,410359,1.400132567,465828,1.233410186,-0.0005,0.5718,2.778121334,319.2432,558.3316,163.8559,5.37417,,,,,,,,,,,,,,,,,,,,,,,,,30 Dec '99,,,,,,,,,,,,,,,,,,,,,,,,,,,,,,--,,,,,,,,,,,,,,,,,,,,,,,,,,,1118,0,0,
🇨🇦,Aquacorde,0,0,9:35.061,9:35.061,11 Feb 2024,813,(U),5916322168139045813,,,https://www.youtube.com/watch?v=_kB4l1r6Z_U,9,35,61,575061,575,0,410359,1.40136076,421494,1.364339706,-0.0005,0.6660,6.102748554,100.0141,150.1764,161.3084,5.40664,,,,,,,,,,,,,,,,,,,,,,,,,30 Dec '99,,,,,,,,,,,,,,,,,,,,,,,,,,,,,,--,,,,,,,,,,,,,,,,,,,,,,,,,,,813,0,0,
🇳🇴,skycrab1,0,0,9:33.390,9:35.170,05 Jul 2025,303,(U),3232995416196274049,,,https://www.youtube.com/watch?v=kxZT3ObGb8g&list=PLU3_fvoJ1GyMStiA29z37DUPtG47PvOJz&index=40,9,35,170,575170,575,0,410359,1.401626381,410359,1.401626381,-0.0005,0.8594,7.547801759,67.2130,78.2076,160.7604,5.41369,,,,,,,,,,,,,,,,,,,,,,,,,30 Dec '99,,,,,,,,,,,,,,,,,,,,,,,,,,,,,,--,,,,,,,,,,,,,,,,,,,,,,,,,,,303,0.06192615204,4.843093372,
🇳🇴,skycrab1,0,0,9:35.237,9:35.237,16 Sep 2024,595,(U),3490610711658203102,,,https://www.youtube.com/watch?v=_H66aNYnVX4&list=PLU3_fvoJ1GyMStiA29z37DUPtG47PvOJz&index=71,9,35,237,575237,575,0,410359,1.401789652,421494,1.364757268,-0.0005,0.7427,6.117461653,110.8156,149.2120,160.4240,5.41802,,,,,,,,,,,,,,,,,,,,,,,,,30 Dec '99,,,,,,,,,,,,,,,,,,,,,,,,,,,,,,--,,,,,,,,,,,,,,,,,,,,,,,,,,,595,0.0000000007109013102,0.0000001060749869,
🇳🇴,skycrab1,0,0,9:33.936,9:35.543,05 Aug 2024,637,(U),8022322116352656572,,,https://www.youtube.com/watch?v=4ly8bruecIw&list=PLU3_fvoJ1GyMStiA29z37DUPtG47PvOJz&index=48,9,35,543,575543,576,1,410359,1.402535341,421494,1.365483257,-0.0005,0.7272,6.143117516,107.2993,147.5434,158.8928,5.43785,,,,,,,,,,,,,,,,,,,,,,,,,30 Dec '99,,,,,,,,,,,,,,,,,,,,,,,,,,,,,,--,,,,,,,,,,,,,,,,,,,,,,,,,,,637,0,0.0000000008780103513,
🇳🇴,skycrab1,0,0,9:35.206,9:35.594,10 Sep 2024,601,(U),4102653367681446187,,,https://www.youtube.com/watch?v=yy661jRyqhw&list=PLU3_fvoJ1GyMStiA29z37DUPtG47PvOJz&index=66,9,35,594,575594,576,1,410359,1.402659622,421494,1.365604255,-0.0005,0.7404,6.147402785,109.0431,147.2664,158.6383,5.44117,,,,,,,,,,,,,,,,,,,,,,,,,30 Dec '99,,,,,,,,,,,,,,,,,,,,,,,,,,,,,,--,,,,,,,,,,,,,,,,,,,,,,,,,,,601,0.0000000003734712458,0.00000005499975318,
🇸🇰,NoFear1337,0,0,9:35.670,9:35.670,20 Dec 2023,866,(U),unknown,,,https://www.youtube.com/watch?v=Dsj0KzbzY60,9,35,670,575670,576,1,410359,1.402844826,446254,1.290005244,-0.0005,0.6486,3.93443879,238.1415,367.1847,158.2596,5.44610,,,,,,,,,,,,,,,,,,,,,,,,,30 Dec '99,,,,,,,,,,,,,,,,,,,,,,,,,,,,,,--,,,,,,,,,,,,,,,,,,,,,,,,,,,866,0,0,
🇨🇦,silverr,0,0,9:35.814,9:35.814,05 Feb 2023,1184,(U),8973390315724050418,15,Yes,https://www.youtube.com/watch?v=6EHuNGxSBko,9,35,814,575814,576,1,410359,1.403195738,495537,1.162000012,-0.0005,0.5532,1.761954252,424.6268,767.5555,157.5435,5.45547,,,,,,,,,,,,,,,,,,,,,,,,,30 Dec '99,,,,,,,,,,,,,,,,,,,,,,,,,,,,,,--,,,,,,,,,,,,,,,,,,,,,,,,,,,1184,0,0,
🇵🇱,watermelon1708,0,0,9:34.440,9:35.912,13 Oct 2025,203,(U),unknown,,,https://www.youtube.com/watch?v=YxzgDYgm8AE,9,35,912,575912,576,1,410359,1.403434554,410359,1.403434554,-0.0005,0.9035,7.625014208,68.1674,75.4497,157.0571,5.46186,,,,,,,,,,,,,,,,,,,,,,,,,30 Dec '99,,,,,,,,,,,,,,,,,,,,,,,,,,,,,,--,,,,,,,,,,,,,,,,,,,,,,,,,,,203,0.4332056593,32.68524707,
🇺🇸,doogile,0,0,9:35.919,9:35.919,23 May 2025,346,(U),369201841316479078,,,https://www.youtube.com/watch?v=m5WY6SiLPH8,9,35,919,575919,576,1,410359,1.403451612,421494,1.366375322,-0.0005,0.8411,6.174773388,122.3920,145.5077,157.0224,5.46231,,,,,,,,,,,,,,,,,,,,,,,,,30 Dec '99,,,,,,,,,,,,,,,,,,,,,,,,,,,,,,--,,,,,,,,,,,,,,,,,,,,,,,,,,,346,0.01588827918,2.31186662,
🇬🇧,Brentilda,1,1,9:38.000,9:36.000,19 Apr 2021,1841,(V),-8422260959436812016,01,No,https://www.speedrun.com/mc/run/zq13899m,9,36,0,576000,576,0,410359,1.403649,667000,0.8635682159,-0.0005,0.3983,0.2546476057,413.4794,1038.0587,156.6211,5.46759,,,,,,,,,,,,,,,,,,,,,,,,,30 Dec '99,,,,,,,,,,,,,,,,,,,,,,,,,,,,,,--,,,,,,,,,,,,,,,,,,,,,,,,,,,1841,0,0,
🇵🇱,okshey,0,0,9:36.198,9:36.198,09 Nov 2025,176,(U),unknown,,,https://www.youtube.com/watch?v=EPY9lEApMl8,9,36,198,576198,576,0,410359,1.404131504,410359,1.404131504,-0.0005,0.9158,7.654961818,68.1367,74.4045,155.6425,5.48052,,,,,,,,,,,,,,,,,,,,,,,,,30 Dec '99,,,,,,,,,,,,,,,,,,,,,,,,,,,,,,,,,,,,,,,,,,,,,,,,,,,,,,,,,176,0.5797388126,43.13516076,
🇸🇪,Crookst,0,1,9:31.823,9:36.696,05 Mar 2022,1521,(V),1234475058860136521,06,Yes,https://www.speedrun.com/mc/run/zn75ro9m,9,36,696,576696,577,1,410359,1.405345076,548820,1.05079261,-0.0005,0.4674,0.8432006513,448.3074,959.0844,153.1965,5.51316,,,,,,,,,,,,,,,,,,,,,,,,,30 Dec '99,,,,,,,,,,,,,,,,,,,,,,,,,,,,,,--,,,,,,,,,,,,,,,,,,,,,,,,,,,1521,0,0,
🇩🇰,Bloopy,0,0,9:36.244,9:36.244,27 Oct 2024,554,(U),3241660036235146313,,,https://www.youtube.com/watch?v=KEaHoB1_iY4,9,36,244,576244,576,0,410359,1.404243601,421494,1.367146389,-0.0005,0.7581,6.202252325,108.9786,143.7610,155.4157,5.48353,,,,,,,,,,,,,,,,,,,,,,,,,30 Dec '99,,,,,,,,,,,,,,,,,,,,,,,,,,,,,,--,,,,,,,,,,,,,,,,,,,,,,,,,,,554,0.0000000412693229,0.000005932917675,
🇨🇦,Jay12310,0,0,9:36.303,9:36.303,07 Jan 2026,117,(U),unknown,,,https://www.youtube.com/watch?v=pROA_8k_5eg&list=PLaTJSsRuu2UcsiC6KEkJwrGp1GaGgPoVG&index=12,9,36,303,576303,576,0,410359,1.404387378,410359,1.404387378,-0.0005,0.9432,7.665982712,69.8171,74.0232,155.1250,5.48739,,,,,,,,,,,,,,,,,,,,,,,,,30 Dec '99,,,,,,,,,,,,,,,,,,,,,,,,,,,,,,--,,,,,,,,,,,,,,,,,,,,,,,,,,,117,0.8520063493,63.06823413,
🇺🇸,doogile,0,0,9:36.342,9:36.342,06 Jun 2025,332,(U),3942752838021789289,,,https://www.youtube.com/watch?v=Kwy4Xk-e0q8,9,36,342,576342,576,0,410359,1.404482417,421494,1.367378895,-0.0005,0.8470,6.210559595,121.3280,143.2366,154.9330,5.48994,,,,,,,,,,,,,,,,,,,,,,,,,30 Dec '99,,,,,,,,,,,,,,,,,,,,,,,,,,,,,,--,,,,,,,,,,,,,,,,,,,,,,,,,,,332,0.02574700936,3.687914554,
🇧🇪,boyenn,0,1,9:36.771,9:36.771,02 Jan 2024,853,(U),-4821689901528726194,18,Yes,https://www.youtube.com/watch?v=_6pn-zw0hAg,9,36,771,576771,577,1,410359,1.405527843,446254,1.292472448,-0.0005,0.6528,3.993501592,234.3216,358.9541,152.8300,5.51809,,,,,,,,,,,,,,,,,,,,,,,,,30 Dec '99,,,,,,,,,,,,,,,,,,,,,,,,,,,,,,,,,,,,,,,,,,,,,,,,,,,,,,,,,,,,
🇳🇴,skycrab1,0,0,9:35.664,9:36.849,26 Mar 2024,769,(U),unknown,,,https://www.youtube.com/watch?v=R_kkDzbVPHM&list=PLU3_fvoJ1GyMStiA29z37DUPtG47PvOJz&index=13,9,36,849,576849,577,1,410359,1.40571792,421494,1.368581759,-0.0005,0.6808,6.253695221,95.6793,140.5414,152.4494,5.52322,,,,,,,,,,,,,,,,,,,,,,,,,30 Dec '99,,,,,,,,,,,,,,,,,,,,,,,,,,,,,,--,,,,,,,,,,,,,,,,,,,,,,,,,,,769,0,0,
🇳🇴,skycrab1,0,0,9:36.996,9:36.996,08 Oct 2024,573,(U),7453415470551744389,,,https://www.youtube.com/watch?v=kSKZSx3MlS0&list=PLU3_fvoJ1GyMStiA29z37DUPtG47PvOJz&index=77,9,36,996,576996,577,1,410359,1.406076143,421494,1.368930519,-0.0005,0.7509,6.266251719,104.9481,139.7654,151.7335,5.53290,,,,,,,,,,,,,,,,,,,,,,,,,30 Dec '99,,,,,,,,,,,,,,,,,,,,,,,,,,,,,,--,,,,,,,,,,,,,,,,,,,,,,,,,,,573,0.000000006753184267,0.0000009438617409,
🇮🇹,chiodus2472,0,1,9:34.948,9:37.268,09 Jan 2024,846,(V),-969821978931819875,01,Yes,https://www.speedrun.com/mc/runs/yd2409vm,9,37,268,577268,577,0,410359,1.406738977,421494,1.369575842,-0.0005,0.6551,6.289544641,90.6211,138.3362,150.4140,5.55086,,,,,,,,,,,,,,,,,,,,,,,,,30 Dec '99,,,,,,,,,,,,,,,,,,,,,,,,,,,,,,,,,,,,,,,,,,,,,,,,,,,,,,,,,,,,
🇳🇴,skycrab1,0,0,9:36.604,9:37.350,26 May 2024,708,(U),546895512825728469,,,https://www.youtube.com/watch?v=13DWhOeZhQ0&list=PLU3_fvoJ1GyMStiA29z37DUPtG47PvOJz&index=23,9,37,350,577350,577,0,410359,1.406938802,421494,1.369770388,-0.0005,0.7019,6.296581859,96.7934,137.9069,150.0175,5.55628,,,,,,,,,,,,,,,,,,,,,,,,,30 Dec '99,,,,,,,,,,,,,,,,,,,,,,,,,,,,,,--,,,,,,,,,,,,,,,,,,,,,,,,,,,708,0,0,
🇺🇸,doogile,0,0,9:36.895,9:37.361,14 Feb 2024,810,(U),8840188245230081545,,,https://www.youtube.com/watch?v=vGXGBTmZ5tU,9,37,361,577361,577,0,410359,1.406965608,421494,1.369796486,-0.0005,0.6670,6.297526408,91.9424,137.8494,149.9643,5.55701,,,,,,,,,,,,,,,,,,,,,,,,,30 Dec '99,,,,,,,,,,,,,,,,,,,,,,,,,,,,,,--,,,,,,,,,,,,,,,,,,,,,,,,,,,810,0,0,
🇨🇦,21mustard,0,1,9:22.292,9:37.383,21 Jul 2023,1018,(V),unknown,09,Yes,https://www.speedrun.com/mc/runs/mrlv1p4m,9,37,383,577383,577,0,410359,1.40701922,465828,1.239476803,-0.0005,0.6011,2.885333673,323.5342,538.2402,149.8580,5.55846,,,,,,,,,,,,,,,,,,,,,,,,,30 Dec '99,,,,,,,,,,,,,,,,,,,,,,,,,,,,,,,,,,,,,,,,,,,,,,,,,,,,,,,,,,,,
🇨🇦,Aquacorde,0,0,9:37.428,9:37.428,12 Jun 2025,326,(U),5411072566358981877,,,https://www.youtube.com/watch?v=8qtirJeKx8I,9,37,428,577428,577,0,410359,1.40712888,410359,1.40712888,-0.0005,0.8496,7.78494948,59.4892,70.0210,149.6408,5.56144,,,,,,,,,,,,,,,,,,,,,,,,,30 Dec '99,,,,,,,,,,,,,,,,,,,,,,,,,,,,,,--,,,,,,,,,,,,,,,,,,,,,,,,,,,326,0.03128559222,2.19064823,
🇨🇦,Aquacorde,0,0,9:37.634,9:37.634,22 May 2024,712,(U),-2489974967494847394,,,https://www.youtube.com/watch?v=VE9n0qCjt7w,9,37,634,577634,578,1,410359,1.407630879,421494,1.370444182,-0.0005,0.7005,6.321008803,95.5629,136.4263,148.6487,5.57509,,,,,,,,,,,,,,,,,,,,,,,,,30 Dec '99,,,,,,,,,,,,,,,,,,,,,,,,,,,,,,--,,,,,,,,,,,,,,,,,,,,,,,,,,,712,0,0,
🇳🇴,skycrab1,0,0,9:38.062,9:38.159,08 Dec 2025,147,(U),unknown,,,https://www.youtube.com/watch?v=ZuI2ve_w9q0&list=PLU3_fvoJ1GyMStiA29z37DUPtG47PvOJz&index=158,9,38,159,578159,578,0,410359,1.408910247,410359,1.408910247,-0.0005,0.9291,7.86312584,62.7178,67.5012,146.1374,5.61002,,,,,,,,,,,,,,,,,,,,,,,,,30 Dec '99,,,,,,,,,,,,,,,,,,,,,,,,,,,,,,--,,,,,,,,,,,,,,,,,,,,,,,,,,,147,0.7278558199,49.13115994,
🇺🇸,Reignex,0,0,9:38.147,9:38.262,11 Jul 2023,1028,(U),unknown,12,Yes,https://www.youtube.com/watch?v=z-OO3UOtPY88,9,38,262,578262,578,0,410359,1.409161247,465828,1.241363765,-0.0005,0.5981,2.919437809,318.1560,531.9460,145.6476,5.61690,,,,,,,,,,,,,,,,,,,,,,,,,30 Dec '99,,,,,,,,,,,,,,,,,,,,,,,,,,,,,,,,,,,,,,,,,,,,,,,,,,,,,,,,,,,,
🇨🇦,Aquacorde,0,0,9:38.350,9:38.350,13 Apr 2024,751,(U),-9127982004582887256,,,https://www.youtube.com/watch?v=J3IDVImiBgk,9,38,350,578350,578,0,410359,1.409375693,421494,1.372142901,-0.0005,0.6869,6.382966576,91.1816,132.7347,145.2298,5.62278,,,,,,,,,,,,,,,,,,,,,,,,,30 Dec '99,,,,,,,,,,,,,,,,,,,,,,,,,,,,,,--,,,,,,,,,,,,,,,,,,,,,,,,,,,751,0,0,
🇧🇷,shyaya,0,1,9:24.030,9:38.411,30 Apr 2022,1465,(V),2054193579190053167,,,https://www.speedrun.com/mc/runs/znpk5w3m,9,38,411,578411,578,0,410359,1.409524343,548820,1.053917496,-0.0005,0.4807,0.8610670459,459.4532,955.7889,144.9407,5.62685,,,,,,,,,,,,,,,,,,,,,,,,,30 Dec '99,,,,,,,,,,,,,,,,,,,,,,,,,,,,,,,,,,,,,,,,,,,,,,,,,,,,,,,,,1465,0,0,
🇳🇴,skycrab1,0,0,9:37.169,9:38.505,15 Jun 2024,688,(U),-6835923738561090524,,,https://www.youtube.com/watch?v=DiB9QaNNmPs&list=PLU3_fvoJ1GyMStiA29z37DUPtG47PvOJz&index=31&pp=iAQB,9,38,505,578505,579,1,410359,1.409753411,421494,1.372510641,-0.0005,0.7089,6.39645009,93.5385,131.9434,144.4957,5.63315,,,,,,,,,,,,,,,,,,,,,,,,,30 Dec '99,,,,,,,,,,,,,,,,,,,,,,,,,,,,,,--,,,,,,,,,,,,,,,,,,,,,,,,,,,688,0,0,
🇷🇺,aleen,0,0,9:38.572,9:38.572,11 Jul 2023,1028,(U),-2116083140785115834,04,Yes,https://www.youtube.com/watch?v=LVB2XbfIBdY,9,38,572,578572,579,1,410359,1.409916683,465828,1.242029247,-0.0005,0.5981,2.931552282,316.8256,529.7215,144.1790,5.63763,,,,,,,,,,,,,,,,,,,,,,,,,30 Dec '99,,,,,,,,,,,,,,,,,,,,,,,,,,,,,,,,,,,,,,,,,,,,,,,,,,,,,,,,,,,,
🇨🇦,Aquacorde,0,0,9:38.736,9:38.736,06 Jun 2025,332,(U),9010889274559730847,,,https://www.youtube.com/watch?v=bVVdKUflSME,9,38,736,578736,579,1,410359,1.410316333,421494,1.373058691,-0.0005,0.8470,6.41659186,110.7675,130.7691,143.4056,5.64863,,,,,,,,,,,,,,,,,,,,,,,,,30 Dec '99,,,,,,,,,,,,,,,,,,,,,,,,,,,,,,--,,,,,,,,,,,,,,,,,,,,,,,,,,,332,0.02574700936,3.366913996,
🇵🇱,watermelon1708,0,0,9:37.975,9:38.760,14 Nov 2025,171,(U),unknown,,,https://www.youtube.com/watch?v=i8Pi7aIULKc,9,38,760,578760,579,1,410359,1.410374818,410359,1.410374818,-0.0005,0.9181,7.927919765,60.1112,65.4768,143.2926,5.65024,,,,,,,,,,,,,,,,,,,,,,,,,30 Dec '99,,,,,,,,,,,,,,,,,,,,,,,,,,,,,,--,,,,,,,,,,,,,,,,,,,,,,,,,,,171,0.6065178621,39.71287267,
🇮🇹,drip120,0,0,9:37.558,9:39.066,24 Oct 2025,192,(U),unknown,,,https://www.youtube.com/watch?v=wyhD_ahpxGU,9,39,66,579066,579,0,410359,1.411120507,410359,1.411120507,-0.0005,0.9085,7.961091107,58.5618,64.4624,141.8566,5.67081,,,,,,,,,,,,,,,,,,,,,,,,,30 Dec '99,,,,,,,,,,,,,,,,,,,,,,,,,,,,,,--,,,,,,,,,,,,,,,,,,,,,,,,,,,192,0.4927325239,31.76272673,
🇨🇦,EvanKeen,0,0,9:34.747,9:39.089,18 Aug 2022,1355,(U),3017816655898544242,15,Yes,https://www.youtube.com/watch?v=aFLHdmK11hU,9,39,89,579089,579,0,410359,1.411176555,517884,1.118182836,-0.0005,0.5079,1.322003861,438.1586,862.7120,141.7490,5.67236,,,,,,,,,,,,,,,,,,,,,,,,,30 Dec '99,,,,,,,,,,,,,,,,,,,,,,,,,,,,,,,,,,,,,,,,,,,,,,,,,,,,,,,,,,,,
🇦🇺,MoleyG,0,1,9:34.824,9:39.177,03 Jul 2023,1036,(V),2069048257442487259,05,Yes,https://www.speedrun.com/mc/run/z5peddgm,9,39,177,579177,579,0,410359,1.411391002,465828,1.243328009,-0.0005,0.5957,2.95532629,312.9708,525.3737,141.3378,5.67829,,,,,,,,,,,,,,,,,,,,,,,,,30 Dec '99,,,,,,,,,,,,,,,,,,,,,,,,,,,,,,,,,,,,,,,,,,,,,,,,,,,,,,,,,,,,
🇳🇴,skycrab1,0,0,9:39.300,9:39.928,28 Jul 2024,645,(U),1220434626875752910,,,https://www.youtube.com/watch?v=mFNMOnaFXaY&list=PLU3_fvoJ1GyMStiA29z37DUPtG47PvOJz&index=45,9,39,928,579928,580,1,410359,1.413221106,421494,1.375886727,-0.0005,0.7243,6.52142556,90.4031,124.8083,137.8566,5.72912,,,,,,,,,,,,,,,,,,,,,,,,,30 Dec '99,,,,,,,,,,,,,,,,,,,,,,,,,,,,,,--,,,,,,,,,,,,,,,,,,,,,,,,,,,645,0,0.0000000002770470458,
🇺🇦,dinonuggieboi,0,1,9:35.023,9:39.334,22 Apr 2023,1108,(V),-6590499565572039174,04,Yes,https://www.speedrun.com/mc/run/m3q9d2dy,9,39,334,579334,579,0,410359,1.411773593,465828,1.243665044,-0.0005,0.5746,2.961524213,301.2551,524.2440,140.6059,5.68889,,,,,,,,,,,,,,,,,,,,,,,,,30 Dec '99,,,,,,,,,,,,,,,,,,,,,,,,,,,,,,--,,,,,,,,,,,,,,,,,,,,,,,,,,,1108,0,0,
🇵🇱,Mixray,0,1,9:34.946,9:39.423,15 Sep 2023,962,(U),6988294764721144612,04,Yes,https://www.youtube.com/watch?v=BtKOerBoYtI,9,39,423,579423,579,0,410359,1.411990477,465828,1.243856101,-0.0005,0.6182,2.96504291,323.6733,523.6034,140.1919,5.69490,,,,,,,,,,,,,,,,,,,,,,,,,30 Dec '99,,,,,,,,,,,,,,,,,,,,,,,,,,,,,,,,,,,,,,,,,,,,,,,,,,,,,,,,,,,,
🇵🇱,watermelon1708,0,0,9:37.815,9:39.646,12 Oct 2025,204,(U),see video,,,https://www.youtube.com/watch?v=0Sux8DzQKHg,9,39,646,579646,580,1,410359,1.412533903,410359,1.412533903,-0.0005,0.9030,8.024302536,56.5022,62.5696,139.1579,5.70999,,,,,,,,,,,,,,,,,,,,,,,,,30 Dec '99,,,,,,,,,,,,,,,,,,,,,,,,,,,,,,--,,,,,,,,,,,,,,,,,,,,,,,,,,,204,0.4278569364,26.77085123,
🇳🇴,skycrab1,0,0,9:39.881,9:39.881,20 Oct 2024,561,(U),-8605506067910459007,,,https://www.youtube.com/watch?v=Qo6r_k863hs&list=PLU3_fvoJ1GyMStiA29z37DUPtG47PvOJz&index=86,9,39,881,579881,580,1,410359,1.413106573,421494,1.375775219,-0.0005,0.7554,6.517263369,94.4561,125.0402,138.0730,5.72593,,,,,,,,,,,,,,,,,,,,,,,,,30 Dec '99,,,,,,,,,,,,,,,,,,,,,,,,,,,,,,--,,,,,,,,,,,,,,,,,,,,,,,,,,,561,0.00000002148634758,0.000002686656632,
🇨🇦,Aquacorde,0,0,9:39.937,9:39.937,12 Jul 2025,296,(U),3456563830022902090,,,https://www.youtube.com/watch?v=9W4oVjvPLO8,9,39,937,579937,580,1,410359,1.413243038,410359,1.413243038,-0.0005,0.8624,8.056184449,53.1557,61.6347,137.8152,5.72974,,,,,,,,,,,,,,,,,,,,,,,,,30 Dec '99,,,,,,,,,,,,,,,,,,,,,,,,,,,,,,--,,,,,,,,,,,,,,,,,,,,,,,,,,,296,0.074762893,4.607988733,
🇳🇴,skycrab1,0,0,9:39.675,9:39.946,17 May 2025,352,(U),unknown,,,https://www.youtube.com/watch?v=7_u4r-5wbBw&list=PLU3_fvoJ1GyMStiA29z37DUPtG47PvOJz&index=122,9,39,946,579946,580,1,410359,1.41326497,421494,1.375929432,-0.0005,0.8386,6.523020216,104.5920,124.7195,137.7738,5.73035,,,,,,,,,,,,,,,,,,,,,,,,,30 Dec '99,,,,,,,,,,,,,,,,,,,,,,,,,,,,,,--,,,,,,,,,,,,,,,,,,,,,,,,,,,352,0.01276024501,1.591451676,
🇨🇦,silverr,0,0,9:39.993,9:39.993,21 Jan 2023,1199,(U),5152803780424896801,15,Yes,https://www.youtube.com/watch?v=4SxUSWR0AKk,9,39,993,579993,580,1,410359,1.413379504,495537,1.170433288,-0.0005,0.5491,1.860934988,409.6866,746.1245,137.5577,5.73354,,,,,,,,,,,,,,,,,,,,,,,,,30 Dec '99,,,,,,,,,,,,,,,,,,,,,,,,,,,,,,,,,,,,,,,,,,,,,,,,,,,,,,,,,,,,
🇹🇿,Kxpow,0,1,9:35.931,9:40.072,13 Feb 2023,1176,(V),-2352610708955668290,06,Yes,https://www.speedrun.com/mc/run/meeedq3m,9,40,72,580072,580,0,410359,1.413572019,465828,1.245249319,-0.0005,0.5554,2.990816394,288.2310,518.9265,137.1949,5.73892,,,,,,,,,,,,,,,,,,,,,,,,,30 Dec '99,,,,,,,,,,,,,,,,,,,,,,,,,,,,,,--,,,,,,,,,,,,,,,,,,,,,,,,,,,1176,0,0,
🇨🇦,silverr,0,0,9:39.324,9:40.144,13 Sep 2023,964,(U),unknown,??,Yes,https://www.youtube.com/watch?v=7Qgs9qVAEYg,9,40,144,580144,580,0,410359,1.413747475,465828,1.245403883,-0.0005,0.6175,2.993688164,320.1408,518.4071,136.8648,5.74382,,,,,,,,,,,,,,,,,,,,,,,,,30 Dec '99,,,,,,,,,,,,,,,,,,,,,,,,,,,,,,--,,,,,,,,,,,,,,,,,,,,,,,,,,,964,0,0,
🇺🇸,Feinberg,0,0,9:38.533,9:40.201,22 Nov 2022,1259,(U),3763410502063067245,,,https://www.youtube.com/watch?v=X5XKUnji4HM,9,40,201,580201,580,0,410359,1.413886378,495537,1.170853034,-0.0005,0.5329,1.865993457,396.9964,745.0321,136.6037,5.74770,,,,,,,,,,,,,,,,,,,,,,,,,30 Dec '99,,,,,,,,,,,,,,,,,,,,,,,,,,,,,,,,,,,,,,,,,,,,,,,,,,,,,,,,,,,,
🇺🇸,doogile,0,0,9:38.425,9:40.319,20 Jan 2024,835,(U),-4077851580953068746,,,https://www.youtube.com/watch?v=qYuK9wNO7GQ,9,40,319,580319,580,0,410359,1.414173931,421494,1.376814379,-0.0005,0.6587,6.556143115,80.9459,122.8890,136.0643,5.75574,,,,,,,,,,,,,,,,,,,,,,,,,30 Dec '99,,,,,,,,,,,,,,,,,,,,,,,,,,,,,,--,,,,,,,,,,,,,,,,,,,,,,,,,,,835,0,0,
🇳🇱,HDMICables,0,1,9:35.842,9:40.337,30 Dec 2023,856,(U),-2883304325678276407,06,Yes,https://www.youtube.com/watch?v=fsCAdRBeb3s,9,40,337,580337,580,0,410359,1.414217795,446254,1.300463413,-0.0005,0.6518,4.190299524,216.7787,332.5788,135.9821,5.75697,,,,,,,,,,,,,,,,,,,,,,,,,30 Dec '99,,,,,,,,,,,,,,,,,,,,,,,,,,,,,,--,,,,,,,,,,,,,,,,,,,,,,,,,,,856,0,0,
🇨🇦,NoHacsJustRoblox,0,0,9:39.837,9:40.348,22 Apr 2024,742,(U),7851252288319915185,,,https://www.youtube.com/watch?v=yxr4anf52rI,9,40,348,580348,580,0,410359,1.4142446,421494,1.376883182,-0.0005,0.6900,6.558724604,84.7011,122.7474,135.9319,5.75772,,,,,,,,,,,,,,,,,,,,,,,,,30 Dec '99,,,,,,,,,,,,,,,,,,,,,,,,,,,,,,--,,,,,,,,,,,,,,,,,,,,,,,,,,,742,0,0,
🇳🇴,skycrab1,0,0,9:39.314,9:40.387,13 Aug 2024,629,(U),-7637821071124496857,,,https://www.youtube.com/watch?v=aFxizpVM6-c&list=PLU3_fvoJ1GyMStiA29z37DUPtG47PvOJz&index=51,9,40,387,580387,580,0,410359,1.414339639,421494,1.37697571,-0.0005,0.7302,6.562197686,89.4855,122.5570,135.7540,5.76039,,,,,,,,,,,,,,,,,,,,,,,,,30 Dec '99,,,,,,,,,,,,,,,,,,,,,,,,,,,,,,--,,,,,,,,,,,,,,,,,,,,,,,,,,,629,0,0.00000000190793891,
🇳🇴,skycrab1,0,0,9:40.817,9:40.817,08 Dec 2025,147,(U),unknown,,,https://www.youtube.com/watch?v=WAg6hWbZyx4&list=PLU3_fvoJ1GyMStiA29z37DUPtG47PvOJz&index=154,9,40,817,580817,581,1,410359,1.415387502,410359,1.415387502,-0.0005,0.9291,8.153281058,54.6953,58.8669,133.8015,5.78981,,,,,,,,,,,,,,,,,,,,,,,,,30 Dec '99,,,,,,,,,,,,,,,,,,,,,,,,,,,,,,--,,,,,,,,,,,,,,,,,,,,,,,,,,,147,0.7278558199,42.84658103,
🇮🇪,Skyro,0,1,9:38.568,9:40.820,01 Oct 2023,946,(V),2608440908150331699,11,Yes,https://www.speedrun.com/mc/runs/y8k29gdy,9,40,820,580820,581,1,410359,1.415394813,465828,1.246855062,-0.0005,0.6231,3.020772881,319.9930,513.5251,133.7879,5.79001,,,,,,,,,,,,,,,,,,,,,,,,,30 Dec '99,,,,,,,,,,,,,,,,,,,,,,,,,,,,,,,,,,,,,,,,,,,,,,,,,,,,,,,,,,,,
🇺🇸,doogile,0,0,9:40.835,9:40.835,07 Jul 2024,666,(U),2139235147472927794,,,https://www.youtube.com/watch?v=SIsWU7n7Y1Q,9,40,835,580835,581,1,410359,1.415431366,421494,1.378038596,-0.0005,0.7168,6.602210961,86.2873,120.3835,133.7201,5.79104,,,,,,,,,,,,,,,,,,,,,,,,,30 Dec '99,,,,,,,,,,,,,,,,,,,,,,,,,,,,,,--,,,,,,,,,,,,,,,,,,,,,,,,,,,666,0,0,
🇹🇿,Kxpow,0,0,9:36.126,9:40.897,01 Dec 2023,885,(U),259107068981043696,09,Yes,https://www.youtube.com/watch?v=QfrFgDFKD5w,9,40,897,580897,581,1,410359,1.415582453,465828,1.247020359,-0.0005,0.6424,3.023872002,329.5455,512.9685,133.4401,5.79529,,,,,,,,,,,,,,,,,,,,,,,,,30 Dec '99,,,,,,,,,,,,,,,,,,,,,,,,,,,,,,--,,,,,,,,,,,,,,,,,,,,,,,,,,,885,0,0,
🇳🇴,skycrab1,0,0,9:40.016,9:40.947,25 Jan 2024,830,(U),unknown,,,https://www.youtube.com/watch?v=BfPtmmhAcv8&list=PLU3_fvoJ1GyMStiA29z37DUPtG47PvOJz&index=7,9,40,947,580947,581,1,410359,1.415704298,421494,1.378304317,-0.0005,0.6603,6.612248088,79.1377,119.8438,133.2145,5.79873,,,,,,,,,,,,,,,,,,,,,,,,,30 Dec '99,,,,,,,,,,,,,,,,,,,,,,,,,,,,,,--,,,,,,,,,,,,,,,,,,,,,,,,,,,830,0,0,
🇳🇴,skycrab1,0,0,9:40.952,9:40.952,17 Oct 2024,564,(U),-6693970200234515187,,,https://www.youtube.com/watch?v=KoyMQIZpl2M&list=PLU3_fvoJ1GyMStiA29z37DUPtG47PvOJz&index=84,9,40,952,580952,581,1,410359,1.415716482,421494,1.37831618,-0.0005,0.7543,6.61269649,90.3769,119.8197,133.1919,5.79907,,,,,,,,,,,,,,,,,,,,,,,,,30 Dec '99,,,,,,,,,,,,,,,,,,,,,,,,,,,,,,--,,,,,,,,,,,,,,,,,,,,,,,,,,,564,0.00000001616181623,0.000001936504382,
🇵🇱,watermelon1708,0,0,9:40.214,9:40.974,10 Nov 2025,175,(U),unknown,,,https://www.youtube.com/watch?v=BRWCw1TJJ8I,9,40,974,580974,581,1,410359,1.415770094,410359,1.415770094,-0.0005,0.9162,8.170712531,53.4910,58.3824,133.0927,5.80058,,,,,,,,,,,,,,,,,,,,,,,,,30 Dec '99,,,,,,,,,,,,,,,,,,,,,,,,,,,,,,--,,,,,,,,,,,,,,,,,,,,,,,,,,,175,0.5851204825,34.16072468,
🇸🇰,NoFear1337,0,0,9:41.386,9:41.386,29 Jul 2025,279,(U),unknown,,,https://www.youtube.com/watch?v=IPeeYl5K1dw,9,41,386,581386,581,0,410359,1.416774093,410359,1.416774093,-0.0005,0.8698,8.216613358,49.6864,57.1244,131.2435,5.82894,,,,,,,,,,,,,,,,,,,,,,,,,30 Dec '99,,,,,,,,,,,,,,,,,,,,,,,,,,,,,,--,,,,,,,,,,,,,,,,,,,,,,,,,,,279,0.1139763965,6.510829696,
🇳🇴,skycrab1,0,0,9:40.139,9:41.483,30 Apr 2024,734,(U),unknown,,,https://www.youtube.com/watch?v=eg2ekkY0cNE&list=PLU3_fvoJ1GyMStiA29z37DUPtG47PvOJz&index=17,9,41,483,581483,581,0,410359,1.417010471,421494,1.379575984,-0.0005,0.6928,6.660470835,81.2535,117.2812,130.8104,5.83563,,,,,,,,,,,,,,,,,,,,,,,,,30 Dec '99,,,,,,,,,,,,,,,,,,,,,,,,,,,,,,--,,,,,,,,,,,,,,,,,,,,,,,,,,,734,0,0,
🇦🇺,jojoe77777,0,1,9:39.300,9:41.498,05 Nov 2022,1275.833333,(V),2255857141275608054,15,Yes,https://www.speedrun.com/mc/run/z0l2kr4z,9,41,498,581498,581,0,410359,1.417047025,517884,1.122834457,-0.0005,0.5284,1.363269054,451.1931,853.8982,130.7435,5.83667,,,,,,,,,,,,,,,,,,,,,,,,,30 Dec '99,,,,,,,,,,,,,,,,,,,,,,,,,,,,,,,,,,,,,,,,,,,,,,,,,,,,,,,,,,,,
🇫🇮,sadekeppi,0,1,9:39.980,9:41.717,09 Sep 2024,602,(V),-8310562937047784479,,,https://www.speedrun.com/mc/runs/y2wjvj9y,9,41,717,581717,582,1,410359,1.417580704,421494,1.380131153,-0.0005,0.7401,6.681621089,85.9771,116.1730,129.7690,5.85181,,,,,,,,,,,,,,,,,,,,,,,,,30 Dec '99,,,,,,,,,,,,,,,,,,,,,,,,,,,,,,,,,,,,,,,,,,,,,,,,,,,,,,,,,602,0.0000000003350568825,0.00000003892456091,
🇳🇴,skycrab1,0,0,9:41.890,9:41.890,31 Jan 2025,458,(U),3885342470278498728,,,https://www.youtube.com/watch?v=UnIxyUgilX4&list=PLU3_fvoJ1GyMStiA29z37DUPtG47PvOJz&index=111,9,41,890,581890,582,1,410359,1.418002286,421494,1.380541597,-0.0005,0.7953,6.697296152,91.7474,115.3578,129.0023,5.86379,,,,,,,,,,,,,,,,,,,,,,,,,30 Dec '99,,,,,,,,,,,,,,,,,,,,,,,,,,,,,,--,,,,,,,,,,,,,,,,,,,,,,,,,,,458,0.00006724343265,0.007757055848,
🇵🇱,PolishedAqua,0,1,9:39.321,9:42.034,21 Sep 2023,956,(U),979111991370166301,16,Yes,https://www.youtube.com/watch?v=s3Oi91oPL5k,9,42,34,582034,582,0,410359,1.418353198,465828,1.249461175,-0.0005,0.6200,3.06997045,312.9473,504.7356,128.3662,5.87379,,,,,,,,,,,,,,,,,,,,,,,,,30 Dec '99,,,,,,,,,,,,,,,,,,,,,,,,,,,,,,,,,,,,,,,,,,,,,,,,,,,,,,,,,,,,
🇫🇷,Launey,0,1,9:40.641,9:42.307,13 Dec 2023,873,(V),-5104865867818754932,15,Yes,https://www.speedrun.com/mc/runs/z1kl44gy,9,42,307,582307,582,0,410359,1.419018469,446254,1.304877939,-0.0005,0.6463,4.302707023,205.6682,318.2267,127.1655,5.89277,,,,,,,,,,,,,,,,,,,,,,,,,30 Dec '99,,,,,,,,,,,,,,,,,,,,,,,,,,,,,,,,,,,,,,,,,,,,,,,,,,,,,,,,,,,,
🇳🇴,skycrab1,0,0,9:41.631,9:42.343,21 Aug 2024,621,(U),2108680863366446173,,,https://www.youtube.com/watch?v=c-yAb9s6b5Y&list=PLU3_fvoJ1GyMStiA29z37DUPtG47PvOJz&index=58,9,42,343,582343,582,0,410359,1.419106197,421494,1.381616346,-0.0005,0.7331,6.738496117,83.0140,113.2399,127.0077,5.89528,,,,,,,,,,,,,,,,,,,,,,,,,30 Dec '99,,,,,,,,,,,,,,,,,,,,,,,,,,,,,,--,,,,,,,,,,,,,,,,,,,,,,,,,,,621,0,0.000000004501761036,
🇨🇦,dandannyboy,0,0,9:41.050,9:42.433,16 Aug 2023,992,(U),Unknown,09,Yes,https://www.youtube.com/watch?v=FayhjYLbY_k,9,42,433,582433,582,0,410359,1.419325517,465828,1.250317714,-0.0005,0.6090,3.086297543,305.6020,501.8411,126.6136,5.90155,,,,,,,,,,,,,,,,,,,,,,,,,30 Dec '99,,,,,,,,,,,,,,,,,,,,,,,,,,,,,,,,,,,,,,,,,,,,,,,,,,,,,,,,,,,,
🇹🇷,Ancoboy,0,1,9:40.615,9:42.910,21 Aug 2023,987,(U),6827480725930071979,06,Yes,https://www.youtube.com/watch?v=29VY3VmMX2Y,9,42,910,582910,583,1,410359,1.420487914,465828,1.251341697,-0.0005,0.6105,3.105919422,304.2523,498.3773,124.5374,5.93489,,,,,,,,,,,,,,,,,,,,,,,,,30 Dec '99,,,,,,,,,,,,,,,,,,,,,,,,,,,,,,--,,,,,,,,,,,,,,,,,,,,,,,,,,,987,0,0,
🇨🇦,dandannyboy,0,0,9:41.711,9:43.217,09 Dec 2023,877,(U),-5167919398774938171,06,Yes,https://www.youtube.com/watch?v=TTcFB-C6V9w,9,43,217,583217,583,0,410359,1.42123604,446254,1.306917137,-0.0005,0.6450,4.355537537,201.0199,311.6573,123.2121,5.95644,,,,,,,,,,,,,,,,,,,,,,,,,30 Dec '99,,,,,,,,,,,,,,,,,,,,,,,,,,,,,,,,,,,,,,,,,,,,,,,,,,,,,,,,,,,,
🇳🇴,skycrab1,0,0,9:42.450,9:43.523,19 Jul 2024,654,(U),-1964772688075275318,,,https://www.youtube.com/watch?v=HHrKcvSjew0&list=PLU3_fvoJ1GyMStiA29z37DUPtG47PvOJz&index=43,9,43,523,583523,584,1,410359,1.421981728,421494,1.384415911,-0.0005,0.7211,6.84687494,77.7591,107.8364,121.8997,5.97798,,,,,,,,,,,,,,,,,,,,,,,,,30 Dec '99,,,,,,,,,,,,,,,,,,,,,,,,,,,,,,--,,,,,,,,,,,,,,,,,,,,,,,,,,,654,0,0,
🇺🇸,Feinberg,0,0,9:41.438,9:43.540,26 Oct 2022,1286,(U),-2089918399750478607,,,https://www.youtube.com/watch?v=_4Xmoefjpso,9,43,540,583540,584,1,410359,1.422023155,517884,1.126777425,-0.0005,0.5257,1.399197281,444.8534,846.1906,121.8270,5.97918,,,,,,,,,,,,,,,,,,,,,,,,,30 Dec '99,,,,,,,,,,,,,,,,,,,,,,,,,,,,,,,,,,,,,,,,,,,,,,,,,,,,,,,,,,,,
🇳🇴,skycrab1,0,0,9:41.443,9:43.808,12 Mar 2024,783,(U),unknown,,,https://www.youtube.com/watch?v=VoCX3_TnqHI&list=PLU3_fvoJ1GyMStiA29z37DUPtG47PvOJz&index=12,9,43,808,583808,584,1,410359,1.422676242,421494,1.385092077,-0.0005,0.6760,6.873282119,72.0362,106.5559,120.6851,5.99811,,,,,,,,,,,,,,,,,,,,,,,,,30 Dec '99,,,,,,,,,,,,,,,,,,,,,,,,,,,,,,--,,,,,,,,,,,,,,,,,,,,,,,,,,,783,0,0,
🇨🇦,Aquacorde,0,0,9:43.870,9:43.870,26 Jan 2024,829,(U),2993955281694429561,,,https://www.youtube.com/watch?v=E1hFL8IGFnc,9,43,870,583870,584,1,410359,1.422827329,421494,1.385239173,-0.0005,0.6607,6.879038801,70.2151,106.2786,120.4218,6.00249,,,,,,,,,,,,,,,,,,,,,,,,,30 Dec '99,,,,,,,,,,,,,,,,,,,,,,,,,,,,,,--,,,,,,,,,,,,,,,,,,,,,,,,,,,829,0,0,
🇬🇧,ripfc,0,1,9:42.376,9:43.932,17 Jul 2023,1022,(V),2787334030513605072,09,Yes,https://www.speedrun.com/mc/runs/yonolq0z,9,43,932,583932,584,1,410359,1.422978416,465828,1.25353564,-0.0005,0.5999,3.148340618,294.5153,490.9444,120.1589,6.00688,,,,,,,,,,,,,,,,,,,,,,,,,30 Dec '99,,,,,,,,,,,,,,,,,,,,,,,,,,,,,,,,,,,,,,,,,,,,,,,,,,,,,,,,,,,,
🇹🇼,turboOuO,0,1,9:37.270,9:44.088,03 Aug 2023,1005,(V),-7588074491361705118,06,Yes,https://www.speedrun.com/mc/run/ywrwll3m,9,44,88,584088,584,0,410359,1.423358571,465828,1.253870527,-0.0005,0.6050,3.154861733,296.3421,489.8085,119.4990,6.01794,,,,,,,,,,,,,,,,,,,,,,,,,30 Dec '99,,,,,,,,,,,,,,,,,,,,,,,,,,,,,,,,,,,,,,,,,,,,,,,,,,,,,,,,,,,,
🇨🇦,catJAM19,0,1,9:42.637,9:44.141,20 Sep 2022,1322,(V),-1641393840275072504,09,Yes,https://www.speedrun.com/mc/run/yv0po0oz,9,44,141,584141,584,0,410359,1.423487727,517884,1.127937917,-0.0005,0.5163,1.40994051,435.7249,843.8806,119.2753,6.02170,,,,,,,,,,,,,,,,,,,,,,,,,30 Dec '99,,,,,,,,,,,,,,,,,,,,,,,,,,,,,,,,,,,,,,,,,,,,,,,,,,,,,,,,,,,,
🇸🇰,NoFear1337,0,0,9:42.464,9:44.152,09 Dec 2023,877,(U),Unknown,??,Yes,https://www.youtube.com/watch?v=rlc36sXmCDk,9,44,152,584152,584,0,410359,1.423514532,446254,1.309012356,-0.0005,0.6450,4.410423805,196.6937,304.9499,119.2289,6.02248,,,,,,,,,,,,,,,,,,,,,,,,,30 Dec '99,,,,,,,,,,,,,,,,,,,,,,,,,,,,,,--,,,,,,,,,,,,,,,,,,,,,,,,,,,877,0,0,
🇨🇦,silverr,0,0,9:39.420,9:44.275,21 May 2023,1079,(U),Unknown,12,Yes,https://www.youtube.com/watch?v=vJQDBHHepPE,9,44,275,584275,584,0,410359,1.42381427,465828,1.254271963,-0.0005,0.5830,3.162694795,284.7837,488.4465,118.7109,6.03121,,,,,,,,,,,,,,,,,,,,,,,,,30 Dec '99,,,,,,,,,,,,,,,,,,,,,,,,,,,,,,--,,,,,,,,,,,,,,,,,,,,,,,,,,,1079,0,0,
🇨🇦,Aquacorde,0,0,9:44.349,9:44.349,12 Jul 2025,296,(U),1087998950322160223,,,https://www.youtube.com/watch?v=H0hSYxjyzsI,9,44,349,584349,584,0,410359,1.4239946,410359,1.4239946,-0.0005,0.8624,8.553503623,41.9460,48.6369,118.3999,6.03647,,,,,,,,,,,,,,,,,,,,,,,,,30 Dec '99,,,,,,,,,,,,,,,,,,,,,,,,,,,,,,--,,,,,,,,,,,,,,,,,,,,,,,,,,,296,0.074762893,3.636234943,
🇳🇴,skycrab1,0,0,9:44.358,9:44.358,02 Feb 2025,456,(U),1322346143525327365,,,https://www.youtube.com/watch?v=7qXx3IHHQhA&list=PLU3_fvoJ1GyMStiA29z37DUPtG47PvOJz&index=112,9,44,358,584358,584,0,410359,1.424016532,421494,1.386396959,-0.0005,0.7961,6.92449912,82.8858,104.1117,118.3621,6.03711,,,,,,,,,,,,,,,,,,,,,,,,,30 Dec '99,,,,,,,,,,,,,,,,,,,,,,,,,,,,,,--,,,,,,,,,,,,,,,,,,,,,,,,,,,456,0.00007622038587,0.007935432483,
🇳🇴,skycrab1,0,0,9:44.424,9:44.424,26 Oct 2024,555,(U),-5203179418336138120,,,https://www.youtube.com/watch?v=FwxAelAatn8&list=PLU3_fvoJ1GyMStiA29z37DUPtG47PvOJz&index=89,9,44,424,584424,584,0,410359,1.424177367,421494,1.386553545,-0.0005,0.7577,6.930667873,78.6625,103.8208,118.0852,6.04181,,,,,,,,,,,,,,,,,,,,,,,,,30 Dec '99,,,,,,,,,,,,,,,,,,,,,,,,,,,,,,--,,,,,,,,,,,,,,,,,,,,,,,,,,,555,0.00000003763288755,0.000003907075405,
🇮🇹,Ale267,0,0,9:44.431,9:44.481,29 Nov 2022,1252,(U),1581367532737313085,12,Yes,https://www.youtube.com/watch?v=XFvJQEhQJrw,9,44,481,584481,584,0,410359,1.424316269,495537,1.179490129,-0.0005,0.5347,1.972942694,386.0850,722.0233,117.8464,6.04587,,,,,,,,,,,,,,,,,,,,,,,,,30 Dec '99,,,,,,,,,,,,,,,,,,,,,,,,,,,,,,,,,,,,,,,,,,,,,,,,,,,,,,,,,,,,
🇳🇴,skycrab1,0,0,9:44.489,9:44.489,08 Feb 2025,450,(U),76808428139630285,,,https://www.youtube.com/watch?v=A1g4bfj2Byw&list=PLU3_fvoJ1GyMStiA29z37DUPtG47PvOJz&index=115,9,44,489,584489,584,0,410359,1.424335765,421494,1.386707759,-0.0005,0.7985,6.936747929,82.6742,103.5348,117.8129,6.04643,,,,,,,,,,,,,,,,,,,,,,,,,30 Dec '99,,,,,,,,,,,,,,,,,,,,,,,,,,,,,,--,,,,,,,,,,,,,,,,,,,,,,,,,,,450,0.0001102786735,0.01141767712,
🇸🇪,Crookst,0,0,9:44.556,9:44.556,14 Mar 2022,1512,(U),Unknown,06,Yes,https://www.youtube.com/watch?v=31OsmvNWQaE,9,44,556,584556,585,1,410359,1.424499036,548820,1.065114245,-0.0005,0.4695,0.9282082438,442.8371,943.1280,117.5326,6.05121,,,,,,,,,,,,,,,,,,,,,,,,,30 Dec '99,,,,,,,,,,,,,,,,,,,,,,,,,,,,,,--,,,,,,,,,,,,,,,,,,,,,,,,,,,1512,0,0,
🇳🇴,skycrab1,0,0,9:44.649,9:44.649,10 Oct 2024,571,(U),-1175900086044057204,,,https://www.youtube.com/watch?v=A-29KTnAD2I&list=PLU3_fvoJ1GyMStiA29z37DUPtG47PvOJz&index=82,9,44,649,584649,585,1,410359,1.424725667,421494,1.387087361,-0.0005,0.7516,6.951734398,77.2931,102.8329,117.1442,6.05784,,,,,,,,,,,,,,,,,,,,,,,,,30 Dec '99,,,,,,,,,,,,,,,,,,,,,,,,,,,,,,--,,,,,,,,,,,,,,,,,,,,,,,,,,,571,0.000000008217982467,0.000000845078856,
🇺🇸,Zylenox,0,0,9:38.527,9:44.801,09 Feb 2023,1180,(U),-3251173191348135293,15,Yes,https://www.youtube.com/watch?v=FS5mcKtJB7M,9,44,801,584801,585,1,410359,1.425096074,465828,1.255401135,-0.0005,0.5543,3.18482222,268.6343,484.6132,116.5112,6.06869,,,,,,,,,,,,,,,,,,,,,,,,,30 Dec '99,,,,,,,,,,,,,,,,,,,,,,,,,,,,,,--,,,,,,,,,,,,,,,,,,,,,,,,,,,1180,0,0,
🇵🇱,watermelon1708,0,0,9:42.792,9:44.899,29 Jul 2025,279,(U),unknown,,,https://www.youtube.com/watch?v=HecWdO0ujt8,9,44,899,584899,585,1,410359,1.42533489,410359,1.42533489,-0.0005,0.8698,8.617366449,41.0258,47.1674,116.1042,6.07569,,,,,,,,,,,,,,,,,,,,,,,,,30 Dec '99,,,,,,,,,,,,,,,,,,,,,,,,,,,,,,--,,,,,,,,,,,,,,,,,,,,,,,,,,,279,0.1139763965,5.375965266,
🇩🇪,jason_n,0,1,9:44.284,9:44.931,01 May 2024,733,(V),-7717725771183973328,,,https://www.speedrun.com/mc/runs/y8w63edy,9,44,931,584931,585,1,410359,1.42541287,421494,1.387756409,-0.0005,0.6932,6.978218037,70.4268,101.6031,115.9714,6.07798,,,,,,,,,,,,,,,,,,,,,,,,,30 Dec '99,,,,,,,,,,,,,,,,,,,,,,,,,,,,,,--,,,,,,,,,,,,,,,,,,,,,,,,,,,733,0,0,
🇳🇴,skycrab1,0,0,9:45.037,9:45.037,23 Oct 2025,193,(U),unknown,,,https://www.youtube.com/watch?v=T9vM7OUlcEI&list=PLU3_fvoJ1GyMStiA29z37DUPtG47PvOJz&index=146,9,45,37,585037,585,0,410359,1.425671181,410359,1.425671181,-0.0005,0.9080,8.633456306,42.4983,46.8037,115.5325,6.08557,,,,,,,,,,,,,,,,,,,,,,,,,30 Dec '99,,,,,,,,,,,,,,,,,,,,,,,,,,,,,,--,,,,,,,,,,,,,,,,,,,,,,,,,,,193,0.4872852005,22.80676645,
🇫🇮,Cube1337x,0,0,9:45.156,9:45.156,09 Nov 2022,1272,(U),-3144910399269136910,12,Yes,https://www.youtube.com/watch?v=GHxivohX8Z4,9,45,156,585156,585,0,410359,1.425961171,495537,1.180852288,-0.0005,0.5294,1.990316853,380.2740,718.3034,115.0409,6.09410,,,,,,,,,,,,,,,,,,,,,,,,,30 Dec '99,,,,,,,,,,,,,,,,,,,,,,,,,,,,,,,,,,,,,,,,,,,,,,,,,,,,,,,,,,,,
🇳🇴,skycrab1,0,0,9:42.436,9:45.242,03 Aug 2024,639,(U),-2702230192878188102,,,https://www.youtube.com/watch?v=-sDFnCpd8j4&list=PLU3_fvoJ1GyMStiA29z37DUPtG47PvOJz&index=46,9,45,242,585242,585,0,410359,1.426170743,421494,1.388494261,-0.0005,0.7265,7.007528992,72.8385,100.2578,114.6865,6.10027,,,,,,,,,,,,,,,,,,,,,,,,,30 Dec '99,,,,,,,,,,,,,,,,,,,,,,,,,,,,,,--,,,,,,,,,,,,,,,,,,,,,,,,,,,639,0,0.0000000004673386096,
🇺🇸,doogile,0,0,9:42.858,9:45.286,13 Mar 2023,1148,(U),7973705383474527466,,,https://www.youtube.com/watch?v=Cf8Sk1XdjME,9,45,286,585286,585,0,410359,1.426277966,465828,1.256442292,-0.0005,0.5633,3.205348708,270.9746,481.0759,114.5054,6.10343,,,,,,,,,,,,,,,,,,,,,,,,,30 Dec '99,,,,,,,,,,,,,,,,,,,,,,,,,,,,,,--,,,,,,,,,,,,,,,,,,,,,,,,,,,1148,0,0,
🇺🇸,thecamo6,0,1,9:45.287,9:45.287,02 Jan 2023,1218,(V),-4279335892801629149,16,Yes,https://www.speedrun.com/mc/run/ydg0jj0y,9,45,287,585287,585,0,410359,1.426280403,495537,1.181116647,-0.0005,0.5439,1.993705018,390.2871,717.5786,114.5013,6.10350,,,,,,,,,,,,,,,,,,,,,,,,,30 Dec '99,,,,,,,,,,,,,,,,,,,,,,,,,,,,,,,,,,,,,,,,,,,,,,,,,,,,,,,,,,,,
🇵🇱,watermelon1708,0,0,9:44.114,9:45.496,26 Sep 2025,220,(U),unknown,,,https://www.youtube.com/watch?v=fT6s7ACmW9o,9,45,496,585496,585,0,410359,1.426789713,410359,1.426789713,-0.0005,0.8958,8.687164074,40.8580,45.6089,113.6437,6.11852,,,,,,,,,,,,,,,,,,,,,,,,,30 Dec '99,,,,,,,,,,,,,,,,,,,,,,,,,,,,,,--,,,,,,,,,,,,,,,,,,,,,,,,,,,220,0.3447968072,15.72580382,
🇭🇷,Mar1n,0,1,9:45.500,9:45.500,07 Jul 2023,1032,(V),-4334114590353594879,06,Yes,https://www.speedrun.com/mc/run/zpwgxjxy,9,45,500,585500,586,1,410359,1.426799461,465828,1.256901689,-0.0005,0.5969,3.21444369,286.2237,479.5143,113.6273,6.11881,,,,,,,,,,,,,,,,,,,,,,,,,30 Dec '99,,,,,,,,,,,,,,,,,,,,,,,,,,,,,,,,,,,,,,,,,,,,,,,,,,,,,,,,,,,,
🇮🇹,drip120,0,0,9:45.216,9:45.567,12 Jan 2026,112,(U),unknown,,,https://www.youtube.com/watch?v=ZZyjifZwkio,9,45,567,585567,586,1,410359,1.426962733,410359,1.426962733,-0.0005,0.9455,8.69549817,42.9521,45.4261,113.3532,6.12363,,,,,,,,,,,,,,,,,,,,,,,,,30 Dec '99,,,,,,,,,,,,,,,,,,,,,,,,,,,,,,--,,,,,,,,,,,,,,,,,,,,,,,,,,,112,0.8689299212,39.47207907,
🇫🇮,sadekeppi,0,1,9:45.154,9:45.634,11 Jun 2024,692,(V),-3039294032806863041,,,https://www.speedrun.com/mc/runs/yjo700dz,9,45,634,585634,586,1,410359,1.427126004,421494,1.389424286,-0.0005,0.7075,7.044629647,69.7453,98.5783,113.0796,6.12846,,,,,,,,,,,,,,,,,,,,,,,,,30 Dec '99,,,,,,,,,,,,,,,,,,,,,,,,,,,,,,,,,,,,,,,,,,,,,,,,,,,,,,,,,692,0,0,
🇩🇰,Bloopy,0,0,9:42.547,9:45.668,23 May 2024,711,(U),7218213766237196138,,,https://www.youtube.com/watch?v=0A2pZcw7nKA,9,45,668,585668,586,1,410359,1.427208859,421494,1.389504951,-0.0005,0.7008,7.047855763,68.9844,98.4334,112.9409,6.13091,,,,,,,,,,,,,,,,,,,,,,,,,30 Dec '99,,,,,,,,,,,,,,,,,,,,,,,,,,,,,,--,,,,,,,,,,,,,,,,,,,,,,,,,,,711,0,0,
🇩🇰,Bloopy,0,0,9:44.536,9:45.834,08 May 2024,726,(U),5767139754953530122,,,https://www.youtube.com/watch?v=t48Dg8QRZ7I,9,45,834,585834,586,1,410359,1.427613382,421494,1.389898789,-0.0005,0.6956,7.063625638,67.9785,97.7283,112.2651,6.14288,,,,,,,,,,,,,,,,,,,,,,,,,30 Dec '99,,,,,,,,,,,,,,,,,,,,,,,,,,,,,,--,,,,,,,,,,,,,,,,,,,,,,,,,,,726,0,0,
🇫🇮,AndrewCrow,0,1,9:43.880,9:45.961,18 Oct 2024,563,(V),-6157791681411663320,,,https://www.speedrun.com/mc/runs/z0q0r8om,9,45,961,585961,586,1,410359,1.427922868,421494,1.390200098,-0.0005,0.7547,7.07571168,73.3453,97.1910,111.7499,6.15206,,,,,,,,,,,,,,,,,,,,,,,,,30 Dec '99,,,,,,,,,,,,,,,,,,,,,,,,,,,,,,,,,,,,,,,,,,,,,,,,,,,,,,,,,563,0.00000001777710044,0.000001727774657,
🇵🇱,okshey,0,0,9:46.003,9:46.003,09 Nov 2025,176,(U),unknown,,,https://www.youtube.com/watch?v=fWRA9j5_-ZI,9,46,3,586003,586,0,410359,1.428025217,410359,1.428025217,-0.0005,0.9158,8.746831912,40.5820,44.3151,111.5798,6.15510,,,,,,,,,,,,,,,,,,,,,,,,,30 Dec '99,,,,,,,,,,,,,,,,,,,,,,,,,,,,,,,,,,,,,,,,,,,,,,,,,,,,,,,,,176,0.5797388126,25.69115763,
🇺🇸,doogile,0,0,9:46.008,9:46.008,16 Aug 2024,626,(U),see video,,,https://www.youtube.com/watch?v=Qf_GLwKVINE,9,46,8,586008,586,0,410359,1.428037401,421494,1.390311606,-0.0005,0.7312,7.080189118,70.9259,96.9927,111.5596,6.15546,,,,,,,,,,,,,,,,,,,,,,,,,30 Dec '99,,,,,,,,,,,,,,,,,,,,,,,,,,,,,,--,,,,,,,,,,,,,,,,,,,,,,,,,,,626,0,0.000000002152142101,
🇺🇸,doogile,0,0,9:46.009,9:46.009,22 May 2025,347,(U),-3736586617850065730,,,https://www.youtube.com/watch?v=ccQtcViua94,9,46,9,586009,586,0,410359,1.428039838,421494,1.390313978,-0.0005,0.8407,7.080284409,81.5399,96.9885,111.5555,6.15553,,,,,,,,,,,,,,,,,,,,,,,,,30 Dec '99,,,,,,,,,,,,,,,,,,,,,,,,,,,,,,--,,,,,,,,,,,,,,,,,,,,,,,,,,,347,0.01532618769,1.486463266,
🇫🇮,Cube1337x,0,0,9:27.463,9:46.096,06 May 2023,1093.5625,(U),4516026993066851706,15,Yes,https://www.youtube.com/watch?v=2OO7LbGcnw8,9,46,96,586096,586,0,410359,1.428251848,465828,1.258181131,-0.0005,0.5788,3.239896604,275.0289,475.1628,111.2038,6.16183,,,,,,,,,,,,,,,,,,,,,,,,,30 Dec '99,,,,,,,,,,,,,,,,,,,,,,,,,,,,,,,,,,,,,,,,,,,,,,,,,,,,,,,,,,,,
🇨🇦,Aquacorde,0,0,9:46.107,9:46.107,27 Jun 2024,676,(U),9049033619582385475,,,https://www.youtube.com/watch?v=Ye9k6KJM768,9,46,107,586107,586,0,410359,1.428278654,421494,1.390546485,-0.0005,0.7132,7.089628544,68.8773,96.5757,111.1594,6.16262,,,,,,,,,,,,,,,,,,,,,,,,,30 Dec '99,,,,,,,,,,,,,,,,,,,,,,,,,,,,,,--,,,,,,,,,,,,,,,,,,,,,,,,,,,676,0,0,
🇩🇰,Bloopy,0,0,9:46.158,9:46.158,08 Mar 2025,422,(U),6216282210011845491,,,https://www.youtube.com/watch?v=ONuQrlNvhS8,9,46,158,586158,586,0,410359,1.428402935,421494,1.390667483,-0.0005,0.8098,7.094495637,78.0309,96.3614,110.9535,6.16632,,,,,,,,,,,,,,,,,,,,,,,,,30 Dec '99,,,,,,,,,,,,,,,,,,,,,,,,,,,,,,--,,,,,,,,,,,,,,,,,,,,,,,,,,,422,0.0005447711281,0.05249488713,
🇩🇰,Bloopy,0,0,9:46.195,9:46.195,20 Jan 2025,469,(U),-7985963383704728573,,,https://www.youtube.com/watch?v=29tEBxruVpI,9,46,195,586195,586,0,410359,1.4284931,421494,1.390755266,-0.0005,0.7910,7.098028521,76.0957,96.2060,110.8044,6.16900,,,,,,,,,,,,,,,,,,,,,,,,,30 Dec '99,,,,,,,,,,,,,,,,,,,,,,,,,,,,,,--,,,,,,,,,,,,,,,,,,,,,,,,,,,469,0.00003309359165,0.003183803511,
🇮🇳,AnkurGaming,0,1,9:41.450,9:46.230,21 Dec 2023,865,(V),-4850311888308513929,01,Yes,https://www.speedrun.com/mc/runs/y8kk4rxy,9,46,230,586230,586,0,410359,1.428578391,446254,1.313668897,-0.0005,0.6489,4.534629528,188.3120,290.2086,110.6634,6.17154,,,,,,,,,,,,,,,,,,,,,,,,,30 Dec '99,,,,,,,,,,,,,,,,,,,,,,,,,,,,,,,,,,,,,,,,,,,,,,,,,,,,,,,,,,,,
🇨🇦,Aquacorde,0,0,9:46.271,9:46.271,28 Mar 2025,402,(U),-07976283618262231963,,,https://www.youtube.com/watch?v=jSkSLZfGAwQ,9,46,271,586271,586,0,410359,1.428678304,421494,1.390935577,-0.0005,0.8179,7.105290153,78.4276,95.8875,110.4984,6.17451,,,,,,,,,,,,,,,,,,,,,,,,,30 Dec '99,,,,,,,,,,,,,,,,,,,,,,,,,,,,,,--,,,,,,,,,,,,,,,,,,,,,,,,,,,402,0.001508739417,0.1446692769,
🇩🇰,Bloopy,0,0,9:46.391,9:46.391,27 Jun 2024,676,(U),-7127755779148304965,,,https://www.youtube.com/watch?v=NYuEksXYaCU,9,46,391,586391,586,0,410359,1.428970731,421494,1.391220278,-0.0005,0.7132,7.116769313,68.0288,95.3860,110.0163,6.18322,,,,,,,,,,,,,,,,,,,,,,,,,30 Dec '99,,,,,,,,,,,,,,,,,,,,,,,,,,,,,,--,,,,,,,,,,,,,,,,,,,,,,,,,,,676,0,0,
🇨🇦,NoHacsJustRoblox,0,1,9:45.421,9:46.316,13 Jan 2024,842,(U),-4263921606035060816,,,https://www.youtube.com/watch?v=6KMSa52qjCM,9,46,316,586316,586,0,410359,1.428787964,421494,1.39104234,-0.0005,0.6564,7.109592911,62.8160,95.6992,110.3174,6.17777,,,,,,,,,,,,,,,,,,,,,,,,,30 Dec '99,,,,,,,,,,,,,,,,,,,,,,,,,,,,,,--,,,,,,,,,,,,,,,,,,,,,,,,,,,842,0,0,
🇵🇱,okshey,0,0,9:44.147,9:46.558,28 Aug 2025,249,(U),unknown,,,https://www.youtube.com/watch?v=YU2CeRzbikQ,9,46,558,586558,587,1,410359,1.429377691,410359,1.429377691,-0.0005,0.8829,8.812564405,37.9042,42.9296,109.3476,6.19535,,,,,,,,,,,,,,,,,,,,,,,,,30 Dec '99,,,,,,,,,,,,,,,,,,,,,,,,,,,,,,,,,,,,,,,,,,,,,,,,,,,,,,,,,249,0.2135626813,9.168165373,
🇺🇸,doogile,0,0,9:41.283,9:46.909,28 Oct 2023,919,(U),8031767395139939967,,,https://www.youtube.com/watch?v=qMYf-lt2Gik,9,46,909,586909,587,1,410359,1.43023304,465828,1.259926411,-0.0005,0.6316,3.274910171,296.3604,469.2222,107.9505,6.22093,,,,,,,,,,,,,,,,,,,,,,,,,30 Dec '99,,,,,,,,,,,,,,,,,,,,,,,,,,,,,,--,,,,,,,,,,,,,,,,,,,,,,,,,,,919,0,0,
🇬🇧,DECTHEELITE,0,1,9:45.625,9:47.012,08 Jul 2022,1396,(V),-7457612752333916459,,,https://www.speedrun.com/mc/runs/m33v8k4m,9,47,12,587012,587,0,410359,1.43048404,548820,1.069589301,-0.0005,0.4976,0.9564586576,466.5708,937.6810,107.5427,6.22846,,,,,,,,,,,,,,,,,,,,,,,,,30 Dec '99,,,,,,,,,,,,,,,,,,,,,,,,,,,,,,,,,,,,,,,,,,,,,,,,,,,,,,,,,1396,0,0,
🇺🇸,doogile,0,0,9:45.866,9:47.031,17 Jan 2024,838,(U),659506891402994010,,,https://www.youtube.com/watch?v=xvG0ou32Tn4,9,47,31,587031,587,0,410359,1.430530341,421494,1.392738687,-0.0005,0.6577,7.178269907,60.9952,92.7395,107.4675,6.22985,,,,,,,,,,,,,,,,,,,,,,,,,30 Dec '99,,,,,,,,,,,,,,,,,,,,,,,,,,,,,,--,,,,,,,,,,,,,,,,,,,,,,,,,,,838,0,0,
🇫🇮,AndrewCrow,0,0,9:45.854,9:47.136,26 Feb 2025,432,(U),unknown,,,https://www.youtube.com/watch?v=mYqtUu-wQLA,9,47,136,587136,587,0,410359,1.430786214,421494,1.392987801,-0.0005,0.8057,7.188404755,74.3774,92.3099,107.0530,6.23752,,,,,,,,,,,,,,,,,,,,,,,,,30 Dec '99,,,,,,,,,,,,,,,,,,,,,,,,,,,,,,,,,,,,,,,,,,,,,,,,,,,,,,,,,432,0.0003152461487,0.02910035187,
🇹🇿,Kxpow,0,0,9:41.724,9:47.267,03 Nov 2023,913,(U),-4292657386397314439,09,Yes,https://www.youtube.com/watch?v=Mvek4DydEWs,9,47,267,587267,587,0,410359,1.431105447,465828,1.260694935,-0.0005,0.6335,3.290436222,295.5927,466.6048,106.5372,6.24712,,,,,,,,,,,,,,,,,,,,,,,,,30 Dec '99,,,,,,,,,,,,,,,,,,,,,,,,,,,,,,--,,,,,,,,,,,,,,,,,,,,,,,,,,,913,0,0,
🇺🇸,meebie,0,0,9:47.293,9:47.293,28 Mar 2024,767,(U),unknown,,,https://www.youtube.com/watch?v=iyNfS8lVaQA&list=PLaTJSsRuu2Ufk7cX7bUTt9V-IJxa8wqSM&index=11,9,47,293,587293,587,0,410359,1.431168806,421494,1.393360285,-0.0005,0.6815,7.203582454,62.4705,91.6700,106.4350,6.24902,,,,,,,,,,,,,,,,,,,,,,,,,30 Dec '99,,,,,,,,,,,,,,,,,,,,,,,,,,,,,,--,,,,,,,,,,,,,,,,,,,,,,,,,,,767,0,0,
🇳🇴,skycrab1,0,0,9:46.198,9:47.329,23 Jul 2024,650,(U),-8584715713734940155,,,https://www.youtube.com/watch?v=SxKsNmBrYIo&list=PLU3_fvoJ1GyMStiA29z37DUPtG47PvOJz&index=44,9,47,329,587329,587,0,410359,1.431256534,421494,1.393445696,-0.0005,0.7225,7.207066696,66.1284,91.5237,106.2936,6.25166,,,,,,,,,,,,,,,,,,,,,,,,,30 Dec '99,,,,,,,,,,,,,,,,,,,,,,,,,,,,,,--,,,,,,,,,,,,,,,,,,,,,,,,,,,650,0,0.0000000001083231304,
🇺🇸,21mashedpotatoes,0,1,9:44.649,9:47.360,25 Dec 2023,861,(V),-7351805823559982561,06,Yes,https://www.speedrun.com/mc/run/z1k9vrjy,9,47,360,587360,587,0,410359,1.431332078,446254,1.316201087,-0.0005,0.6502,4.603477177,183.5435,282.2947,106.1719,6.25393,,,,,,,,,,,,,,,,,,,,,,,,,30 Dec '99,,,,,,,,,,,,,,,,,,,,,,,,,,,,,,,,,,,,,,,,,,,,,,,,,,,,,,,,,,,,
🇫🇮,AndrewCrow,0,0,9:42.268,9:47.403,27 Apr 2025,372,(U),unknown,,,https://www.youtube.com/watch?v=463kp9iPmH4,9,47,403,587403,587,0,410359,1.431436864,421494,1.393621262,-0.0005,0.8303,7.214233444,75.7403,91.2234,106.0034,6.25709,,,,,,,,,,,,,,,,,,,,,,,,,30 Dec '99,,,,,,,,,,,,,,,,,,,,,,,,,,,,,,,,,,,,,,,,,,,,,,,,,,,,,,,,,372,0.00581168461,0.5301613514,
🇺🇸,21mashedpotatoes,0,1,9:46.720,9:47.583,08 Nov 2023,908,(V),-5257780577259106882,09,Yes,https://www.speedrun.com/mc/runs/y4k8qonm,9,47,583,587583,588,1,410359,1.431875504,465828,1.261373297,-0.0005,0.6351,3.30419594,294.8650,464.2938,105.2994,6.27031,,,,,,,,,,,,,,,,,,,,,,,,,30 Dec '99,,,,,,,,,,,,,,,,,,,,,,,,,,,,,,,,,,,,,,,,,,,,,,,,,,,,,,,,,,,,
🇫🇮,sadekeppi,0,0,9:47.221,9:47.714,22 Nov 2025,163,(U),unknown,,,https://www.youtube.com/watch?v=0bzWARh6UHk,9,47,714,587714,588,1,410359,1.432194737,410359,1.432194737,-0.0005,0.9217,8.95088283,37.0040,40.1461,104.7890,6.27994,,,,,,,,,,,,,,,,,,,,,,,,,30 Dec '99,,,,,,,,,,,,,,,,,,,,,,,,,,,,,,,,,,,,,,,,,,,,,,,,,,,,,,,,,163,0.6485120461,26.0352509,
🇨🇦,NoHacsJustRoblox,0,0,9:43.761,9:47.778,10 Nov 2023,906,(V),-4347952844736501796,,,https://www.speedrun.com/mc/runs/mr26ln4y,9,47,778,587778,588,1,410359,1.432350698,465828,1.261791906,-0.0005,0.6357,3.312712789,294.2532,462.8674,104.5402,6.28466,,,,,,,,,,,,,,,,,,,,,,,,,30 Dec '99,,,,,,,,,,,,,,,,,,,,,,,,,,,,,,--,,,,,,,,,,,,,,,,,,,,,,,,,,,906,0,0,
🇨🇦,NoHacsJustRoblox,0,0,9:46.999,9:47.999,11 Oct 2024,570,(U),unknown,,,https://www.youtube.com/watch?v=sbS8Zko1TlQ,9,47,999,587999,588,1,410359,1.432889251,421494,1.395035279,-0.0005,0.7520,7.272185769,66.7999,88.8279,103.6840,6.30095,,,,,,,,,,,,,,,,,,,,,,,,,30 Dec '99,,,,,,,,,,,,,,,,,,,,,,,,,,,,,,--,,,,,,,,,,,,,,,,,,,,,,,,,,,570,0.000000009060876297,0.0000008048590562,
🇷🇸,skylewl,0,1,9:47.407,9:48.024,15 Aug 2023,993,(V),890221444930485769,09,Yes,https://www.speedrun.com/mc/runs/znv67o7m,9,48,24,588024,588,0,410359,1.432950173,465828,1.262319998,-0.0005,0.6087,3.323485374,280.6322,461.0678,103.5874,6.30280,,,,,,,,,,,,,,,,,,,,,,,,,30 Dec '99,,,,,,,,,,,,,,,,,,,,,,,,,,,,,,,,,,,,,,,,,,,,,,,,,,,,,,,,,,,,
🇨🇦,Aquacorde,0,0,9:48.026,9:48.026,22 Feb 2024,802,(U),9118196624093387626,,,https://www.youtube.com/watch?v=mIFXvcg5exc,9,48,26,588026,588,0,410359,1.432955047,421494,1.395099337,-0.0005,0.6697,7.274820878,59.4116,88.7204,103.5797,6.30295,,,,,,,,,,,,,,,,,,,,,,,,,30 Dec '99,,,,,,,,,,,,,,,,,,,,,,,,,,,,,,--,,,,,,,,,,,,,,,,,,,,,,,,,,,802,0,0,
🇭🇰,hackingnoises,0,1,9:38.340,9:48.065,23 Oct 2023,924,(V),-7758362008447828656,06,Yes,https://www.speedrun.com/mc/runs/y4ovn03z,9,48,65,588065,588,0,410359,1.433050085,465828,1.262408013,-0.0005,0.6300,3.325283874,290.2940,460.7678,103.4292,6.30583,,,,,,,,,,,,,,,,,,,,,,,,,30 Dec '99,,,,,,,,,,,,,,,,,,,,,,,,,,,,,,,,,,,,,,,,,,,,,,,,,,,,,,,,,,,,
🇸🇰,NoFear1337,0,0,9:48.163,9:48.213,27 Aug 2023,981,(U),unknown,,,https://www.youtube.com/watch?v=z-TqSwvseQM,9,48,213,588213,588,0,410359,1.433410745,465828,1.262725727,-0.0005,0.6123,3.331783328,281.4743,459.6849,102.8592,6.31677,,,,,,,,,,,,,,,,,,,,,,,,,30 Dec '99,,,,,,,,,,,,,,,,,,,,,,,,,,,,,,--,,,,,,,,,,,,,,,,,,,,,,,,,,,981,0,0,
🇺🇸,Feinberg,0,0,9:45.144,9:48.285,13 Jun 2025,325,(U),4446857090278773345,,,https://www.youtube.com/watch?v=8_LXKuVw1SU,9,48,285,588285,588,0,410359,1.433586201,410359,1.433586201,-0.0005,0.8500,9.019910595,32.9988,38.8214,102.5826,6.32210,,,,,,,,,,,,,,,,,,,,,,,,,30 Dec '99,,,,,,,,,,,,,,,,,,,,,,,,,,,,,,,,,,,,,,,,,,,,,,,,,,,,,,,,,,,,
🇳🇴,skycrab1,0,0,9:47.690,9:48.353,19 Jul 2024,654,(U),-209222904514390450,,,https://www.youtube.com/watch?v=SHAbsCkd9IA&list=PLU3_fvoJ1GyMStiA29z37DUPtG47PvOJz&index=42,9,48,353,588353,588,0,410359,1.43375191,421494,1.395875149,-0.0005,0.7211,7.306802293,63.0406,87.4248,102.3218,6.32713,,,,,,,,,,,,,,,,,,,,,,,,,30 Dec '99,,,,,,,,,,,,,,,,,,,,,,,,,,,,,,--,,,,,,,,,,,,,,,,,,,,,,,,,,,654,0,0,
🇺🇸,Zylenox,0,0,9:43.663,9:48.405,23 Dec 2022,1228,(U),4650296313107653918,,,https://www.youtube.com/watch?v=c6A7e74XY5g,9,48,405,588405,588,0,410359,1.433878628,495537,1.187408811,-0.0005,0.5412,2.075932672,378.8594,700.0594,102.1227,6.33099,,,,,,,,,,,,,,,,,,,,,,,,,30 Dec '99,,,,,,,,,,,,,,,,,,,,,,,,,,,,,,--,,,,,,,,,,,,,,,,,,,,,,,,,,,1228,0,0,
🇨🇳,xiamoys,0,1,9:46.458,9:48.732,25 Nov 2023,891,(U),-2621669063246225494,06,Yes,https://www.bilibili.com/video/BV1ww411H7kc/,9,48,732,588732,589,1,410359,1.434675491,465828,1.263839872,-0.0005,0.6405,3.354665984,291.9974,455.8869,100.8762,6.35527,,,,,,,,,,,,,,,,,,,,,,,,,30 Dec '99,,,,,,,,,,,,,,,,,,,,,,,,,,,,,,,,,,,,,,,,,,,,,,,,,,,,,,,,,,,,
🇺🇸,meebie,0,1,9:47.567,9:48.735,13 Mar 2023,1148,(V),5085481578685051061,12,Yes,https://www.speedrun.com/mc/run/yj8eo2gm,9,48,735,588735,589,1,410359,1.434682802,465828,1.263846312,-0.0005,0.5633,3.354798665,256.7741,455.8650,100.8648,6.35549,,,,,,,,,,,,,,,,,,,,,,,,,30 Dec '99,,,,,,,,,,,,,,,,,,,,,,,,,,,,,,--,,,,,,,,,,,,,,,,,,,,,,,,,,,1148,0,0,
🇵🇱,okshey,0,0,9:45.350,9:48.739,09 Jun 2025,329,(U),-7611614719566896812,,,https://www.youtube.com/watch?v=im7AKnGBPGA,9,48,739,588739,589,1,410359,1.43469255,421494,1.396790939,-0.0005,0.8483,7.344714524,72.8802,85.9115,100.8496,6.35579,,,,,,,,,,,,,,,,,,,,,,,,,30 Dec '99,,,,,,,,,,,,,,,,,,,,,,,,,,,,,,,,,,,,,,,,,,,,,,,,,,,,,,,,,329,0.02840673824,2.4404651,
🇫🇮,AndrewCrow,0,0,9:48.071,9:48.755,06 Jul 2025,302,(U),unknown,,,https://www.youtube.com/watch?v=G3w8ujqom1I,9,48,755,588755,589,1,410359,1.43473154,410359,1.43473154,-0.0005,0.8598,9.07708152,32.4640,37.7555,100.7889,6.35698,,,,,,,,,,,,,,,,,,,,,,,,,30 Dec '99,,,,,,,,,,,,,,,,,,,,,,,,,,,,,,,,,,,,,,,,,,,,,,,,,,,,,,,,,302,0.06364969155,2.403125067,
🇸🇰,NoFear1337,0,0,9:46.172,9:48.868,04 Nov 2025,181,(U),unknown,,,https://www.youtube.com/watch?v=nWG0IBAK484,9,48,868,588868,589,1,410359,1.435006909,410359,1.435006909,-0.0005,0.9135,9.090874584,34.2576,37.5025,100.3607,6.36539,,,,,,,,,,,,,,,,,,,,,,,,,30 Dec '99,,,,,,,,,,,,,,,,,,,,,,,,,,,,,,--,,,,,,,,,,,,,,,,,,,,,,,,,,,181,0.5526811091,20.72691432,
🇳🇴,skycrab1,0,0,9:48.787,9:49.039,08 Dec 2025,147,(U),unknown,,,https://www.youtube.com/watch?v=nuRVx79nIxg&list=PLU3_fvoJ1GyMStiA29z37DUPtG47PvOJz&index=155,9,49,39,589039,589,0,410359,1.435423617,410359,1.435423617,-0.0005,0.9291,9.111782536,34.4914,37.1220,99.7149,6.37813,,,,,,,,,,,,,,,,,,,,,,,,,30 Dec '99,,,,,,,,,,,,,,,,,,,,,,,,,,,,,,--,,,,,,,,,,,,,,,,,,,,,,,,,,,147,0.7278558199,27.01947712,
🇳🇴,skycrab1,0,0,9:49.051,9:49.051,07 Sep 2024,604,(U),-5901488670443987544,,,https://www.youtube.com/watch?v=QTUOtzq4PCM&list=PLU3_fvoJ1GyMStiA29z37DUPtG47PvOJz&index=65,9,49,51,589051,589,0,410359,1.43545286,421494,1.397531163,-0.0005,0.7393,7.375486025,62.6226,84.7010,99.6696,6.37903,,,,,,,,,,,,,,,,,,,,,,,,,30 Dec '99,,,,,,,,,,,,,,,,,,,,,,,,,,,,,,--,,,,,,,,,,,,,,,,,,,,,,,,,,,604,0.0000000002693831501,0.00000002281700876,
🇫🇮,sadekeppi,0,0,9:49.103,9:49.103,22 Nov 2025,163,(U),unknown,,,https://www.youtube.com/watch?v=qKrWvNJtuGc,9,49,103,589103,589,0,410359,1.435579578,410359,1.435579578,-0.0005,0.9217,9.119618669,34.0860,36.9804,99.4738,6.38291,,,,,,,,,,,,,,,,,,,,,,,,,30 Dec '99,,,,,,,,,,,,,,,,,,,,,,,,,,,,,,,,,,,,,,,,,,,,,,,,,,,,,,,,,163,0.6485120461,23.98221048,
🇺🇸,pizu,0,1,9:44.325,9:49.133,16 Aug 2023,992,(V),8008279034697202098,??,Yes,https://www.speedrun.com/mc/runs/m3q86pqy,9,49,133,589133,589,0,410359,1.435652685,465828,1.264700705,-0.0005,0.6090,3.372442991,275.8303,452.9519,99.3610,6.38515,,,,,,,,,,,,,,,,,,,,,,,,,30 Dec '99,,,,,,,,,,,,,,,,,,,,,,,,,,,,,,,,,,,,,,,,,,,,,,,,,,,,,,,,,,,,
🇵🇱,kazzruns,0,1,9:47.765,9:49.408,21 Oct 2024,560,(V),-5518127791753338364,,,https://www.speedrun.com/mc/runs/y6ejg9jz,9,49,408,589408,589,0,410359,1.43632283,421494,1.39837815,-0.0005,0.7558,7.410835966,62.9792,83.3297,98.3304,6.40572,,,,,,,,,,,,,,,,,,,,,,,,,30 Dec '99,,,,,,,,,,,,,,,,,,,,,,,,,,,,,,,,,,,,,,,,,,,,,,,,,,,,,,,,,560,0.00000002360989342,0.000001967405066,
🇸🇪,Crookst,0,0,9:49.408,9:49.408,24 May 2022,1441,(U),unknown,06,Yes,https://www.youtube.com/watch?v=uV8TKcBR9fY,9,49,408,589408,589,0,410359,1.43632283,548820,1.073955031,-0.0005,0.4865,0.9848278391,453.4975,932.1462,98.3304,6.40572,,,,,,,,,,,,,,,,,,,,,,,,,30 Dec '99,,,,,,,,,,,,,,,,,,,,,,,,,,,,,,--,,,,,,,,,,,,,,,,,,,,,,,,,,,1441,0,0,
🇹🇿,Kxpow,0,0,9:40.156,9:49.436,30 Jul 2023,1009,(U),-5875652353814320049,08,Yes,https://www.youtube.com/watch?v=c4mVL3Qoois,9,49,436,589436,589,0,410359,1.436391062,465828,1.26535116,-0.0005,0.6038,3.385931789,272.1565,450.7340,98.2259,6.40781,,,,,,,,,,,,,,,,,,,,,,,,,30 Dec '99,,,,,,,,,,,,,,,,,,,,,,,,,,,,,,--,,,,,,,,,,,,,,,,,,,,,,,,,,,1009,0,0,
🇺🇸,doogile,0,0,9:48.125,9:49.511,22 Jan 2023,1198,(U),-5847241643383056057,,,https://www.youtube.com/watch?v=svPe9bvWOZs,9,49,511,589511,590,1,410359,1.436573829,495537,1.189640733,-0.0005,0.5494,2.105841498,381.1043,693.7232,97.9462,6.41343,,,,,,,,,,,,,,,,,,,,,,,,,30 Dec '99,,,,,,,,,,,,,,,,,,,,,,,,,,,,,,--,,,,,,,,,,,,,,,,,,,,,,,,,,,1198,0,0,
🇫🇮,sadekeppi,0,0,9:49.523,9:49.523,03 Jan 2026,121,(U),unknown,,,https://www.youtube.com/watch?v=DuhuMBSklKw,9,49,523,589523,590,1,410359,1.436603072,410359,1.436603072,-0.0005,0.9413,9.171191398,33.9437,36.0607,97.9015,6.41433,,,,,,,,,,,,,,,,,,,,,,,,,30 Dec '99,,,,,,,,,,,,,,,,,,,,,,,,,,,,,,,,,,,,,,,,,,,,,,,,,,,,,,,,,,,,
🇺🇸,Zylenox,0,0,9:46.820,9:49.532,02 Jul 2023,1037,(U),8044565015290039310,15,Yes,https://www.youtube.com/watch?v=sDcIlMtOOmE,9,49,532,589532,590,1,410359,1.436625004,465828,1.265557244,-0.0005,0.5954,3.390215603,267.9545,450.0312,97.8680,6.41501,,,,,,,,,,,,,,,,,,,,,,,,,30 Dec '99,,,,,,,,,,,,,,,,,,,,,,,,,,,,,,--,,,,,,,,,,,,,,,,,,,,,,,,,,,1037,0,0,
🇵🇱,okshey,0,0,9:44.226,9:49.660,16 Apr 2025,383,(U),-1149895041785241433,,,https://www.youtube.com/watch?v=FwZbmFXsgSw,9,49,660,589660,590,1,410359,1.436936926,421494,1.398976023,-0.0005,0.8257,7.435879262,68.0151,82.3706,97.3921,6.42461,,,,,,,,,,,,,,,,,,,,,,,,,30 Dec '99,,,,,,,,,,,,,,,,,,,,,,,,,,,,,,,,,,,,,,,,,,,,,,,,,,,,,,,,,383,0.003631212371,0.299105278,
🇨🇦,Specnr,0,1,9:46.156,9:49.681,27 Dec 2022,1224,(V),7237098484174827022,18,Yes,https://www.speedrun.com/mc/run/y8020ewm,9,49,681,589681,590,1,410359,1.436988101,495537,1.189983795,-0.0005,0.5423,2.110473642,375.6509,692.7437,97.3142,6.42619,,,,,,,,,,,,,,,,,,,,,,,,,30 Dec '99,,,,,,,,,,,,,,,,,,,,,,,,,,,,,,,,,,,,,,,,,,,,,,,,,,,,,,,,,,,,
🇧🇪,boyenn,0,0,9:49.577,9:49.697,09 Mar 2025,421,(U),unknown,,,https://www.youtube.com/watch?v=V12SrHOwNBQ,9,49,697,589697,590,1,410359,1.437027091,421494,1.399063806,-0.0005,0.8102,7.439562567,66.6214,82.2304,97.2548,6.42739,,,,,,,,,,,,,,,,,,,,,,,,,30 Dec '99,,,,,,,,,,,,,,,,,,,,,,,,,,,,,,--,,,,,,,,,,,,,,,,,,,,,,,,,,,421,0.000574594433,0.04724915517,
🇳🇴,skycrab1,0,0,9:49.773,9:49.773,18 Nov 2024,532,(U),8995165694867144478,,,https://www.youtube.com/watch?v=OrzWR9MX7RQ&list=PLU3_fvoJ1GyMStiA29z37DUPtG47PvOJz&index=96,9,49,773,589773,590,1,410359,1.437212295,421494,1.399244117,-0.0005,0.7664,7.447133349,62.8043,81.9430,96.9732,6.43310,,,,,,,,,,,,,,,,,,,,,,,,,30 Dec '99,,,,,,,,,,,,,,,,,,,,,,,,,,,,,,--,,,,,,,,,,,,,,,,,,,,,,,,,,,532,0.000000288989119,0.00002368062815,
🇺🇸,Semperz,0,1,9:46.795,9:49.877,16 Jan 2023,1204,(V),-9130200200703997782,08,Yes,https://www.speedrun.com/mc/run/mro1w68m,9,49,877,589877,590,1,410359,1.437465731,495537,1.190379326,-0.0005,0.5477,2.115825845,378.8067,691.6126,96.5888,6.44092,,,,,,,,,,,,,,,,,,,,,,,,,30 Dec '99,,,,,,,,,,,,,,,,,,,,,,,,,,,,,,,,,,,,,,,,,,,,,,,,,,,,,,,,,,,,
🇵🇱,watermelon1708,0,0,9:49.338,9:49.896,15 Aug 2025,262,(U),unknown,,,https://www.youtube.com/watch?v=N1MKoW8JtrU,9,49,896,589896,590,1,410359,1.437512032,410359,1.437512032,-0.0005,0.8772,9.217209033,30.9292,35.2583,96.5186,6.44235,,,,,,,,,,,,,,,,,,,,,,,,,30 Dec '99,,,,,,,,,,,,,,,,,,,,,,,,,,,,,,--,,,,,,,,,,,,,,,,,,,,,,,,,,,262,0.1655515255,5.837073364,
🇭🇰,hackingnoises,0,0,9:43.081,9:49.943,16 Aug 2023,992,(U),-7758362008447828656,06,Yes,https://www.youtube.com/watch?v=zcw53uYt37o,9,49,943,589943,590,1,410359,1.437626566,465828,1.266439544,-0.0005,0.6090,3.40861098,272.2196,447.0226,96.3453,6.44589,,,,,,,,,,,,,,,,,,,,,,,,,30 Dec '99,,,,,,,,,,,,,,,,,,,,,,,,,,,,,,,,,,,,,,,,,,,,,,,,,,,,,,,,,,,,
🇳🇴,skycrab1,0,0,9:49.969,9:50.065,13 Nov 2024,537,(U),4962570127198828524,,,https://www.youtube.com/watch?v=6eV5G75VplI&list=PLU3_fvoJ1GyMStiA29z37DUPtG47PvOJz&index=93,9,50,65,590065,590,0,410359,1.437923867,421494,1.399936891,-0.0005,0.7645,7.47628469,61.8078,80.8447,95.8963,6.45508,,,,,,,,,,,,,,,,,,,,,,,,,30 Dec '99,,,,,,,,,,,,,,,,,,,,,,,,,,,,,,--,,,,,,,,,,,,,,,,,,,,,,,,,,,537,0.0000001882649985,0.00001522022792,
🇦🇺,Erikfzf,0,1,9:47.896,9:50.075,19 Apr 2023,1111,(V),-3556903538673690675,09,Yes,https://www.speedrun.com/mc/run/y2jlp8wz,9,50,75,590075,590,0,410359,1.437948236,465828,1.266722911,-0.0005,0.5738,3.414538045,255.9405,446.0563,95.8595,6.45584,,,,,,,,,,,,,,,,,,,,,,,,,30 Dec '99,,,,,,,,,,,,,,,,,,,,,,,,,,,,,,,,,,,,,,,,,,,,,,,,,,,,,,,,,,,,
🇵🇱,okshey,0,0,9:50.421,9:50.421,15 Nov 2025,170,(U),unknown,,,https://www.youtube.com/watch?v=3ag6jYLEATw,9,50,421,590421,590,0,410359,1.4387914,410359,1.4387914,-0.0005,0.9185,9.282325205,31.3688,34.1517,94.5938,6.48197,,,,,,,,,,,,,,,,,,,,,,,,,30 Dec '99,,,,,,,,,,,,,,,,,,,,,,,,,,,,,,,,,,,,,,,,,,,,,,,,,,,,,,,,,170,0.6118304973,20.89507102,
🇺🇸,doogile,0,0,9:49.649,9:50.424,12 Sep 2023,965,(U),-1655592444366996481,,,https://www.youtube.com/watch?v=FBTXjli9DBQ,9,50,424,590424,590,0,410359,1.43879871,465828,1.267472114,-0.0005,0.6172,3.430253623,273.7462,443.5015,94.5829,6.48220,,,,,,,,,,,,,,,,,,,,,,,,,30 Dec '99,,,,,,,,,,,,,,,,,,,,,,,,,,,,,,--,,,,,,,,,,,,,,,,,,,,,,,,,,,965,0,0,
🇸🇰,NoFear1337,0,0,9:50.463,9:50.463,20 Aug 2023,988,(U),unknown,,,https://www.youtube.com/watch?v=48-PM4b2mhk,9,50,463,590463,590,0,410359,1.438893749,465828,1.267555836,-0.0005,0.6102,3.432013848,270.4419,443.2161,94.4409,6.48515,,,,,,,,,,,,,,,,,,,,,,,,,30 Dec '99,,,,,,,,,,,,,,,,,,,,,,,,,,,,,,--,,,,,,,,,,,,,,,,,,,,,,,,,,,988,0,0,
🇳🇴,skycrab1,0,0,9:49.721,9:50.491,21 Jun 2024,682,(U),-6497843382079027047,,,https://www.youtube.com/watch?v=F8E2ivfO0zk&list=PLU3_fvoJ1GyMStiA29z37DUPtG47PvOJz&index=37,9,50,491,590491,590,0,410359,1.438961982,421494,1.400947582,-0.0005,0.7111,7.518995223,56.3586,79.2601,94.3390,6.48727,,,,,,,,,,,,,,,,,,,,,,,,,30 Dec '99,,,,,,,,,,,,,,,,,,,,,,,,,,,,,,--,,,,,,,,,,,,,,,,,,,,,,,,,,,682,0,0,
🇺🇸,doogile,0,0,9:39.067,9:50.542,28 Oct 2023,919,(U),9080996345703823922,,,https://www.youtube.com/watch?v=_V6MkKldJvY,9,50,542,590542,591,1,410359,1.439086263,465828,1.267725427,-0.0005,0.6316,3.435581928,279.5697,442.6378,94.1537,6.49113,,,,,,,,,,,,,,,,,,,,,,,,,30 Dec '99,,,,,,,,,,,,,,,,,,,,,,,,,,,,,,--,,,,,,,,,,,,,,,,,,,,,,,,,,,919,0,0,
🇳🇴,skycrab1,0,0,9:50.665,9:50.665,23 Sep 2024,588,(U),2493200409668593062,,,https://www.youtube.com/watch?v=EEEQo8N6gQU&list=PLU3_fvoJ1GyMStiA29z37DUPtG47PvOJz&index=72,9,50,665,590665,591,1,410359,1.439386001,421494,1.401360399,-0.0005,0.7453,7.536502515,58.5928,78.6189,93.7078,6.50046,,,,,,,,,,,,,,,,,,,,,,,,,30 Dec '99,,,,,,,,,,,,,,,,,,,,,,,,,,,,,,--,,,,,,,,,,,,,,,,,,,,,,,,,,,588,0.000000001482186907,0.0000001165278491,
🇺🇸,doogile,0,0,9:43.048,9:50.671,06 Jun 2023,1063,(U),5486779662085254088,,,https://www.youtube.com/watch?v=GNfBvK-DdeI,9,50,671,590671,591,1,410359,1.439400622,465828,1.268002353,-0.0005,0.5877,3.441415474,259.5933,441.6935,93.6860,6.50091,,,,,,,,,,,,,,,,,,,,,,,,,30 Dec '99,,,,,,,,,,,,,,,,,,,,,,,,,,,,,,--,,,,,,,,,,,,,,,,,,,,,,,,,,,1063,0,0,
🇨🇦,Aquacorde,0,0,9:50.705,9:50.705,28 May 2025,341,(U),1875131557642639498,,,https://www.youtube.com/watch?v=WHI4EIF361I,9,50,705,590705,591,1,410359,1.439483477,421494,1.401455299,-0.0005,0.8432,7.540532287,66.1709,78.4719,93.5630,6.50349,,,,,,,,,,,,,,,,,,,,,,,,,30 Dec '99,,,,,,,,,,,,,,,,,,,,,,,,,,,,,,--,,,,,,,,,,,,,,,,,,,,,,,,,,,341,0.01896458285,1.488187752,
🇳🇴,skycrab1,0,0,9:48.924,9:50.706,14 Apr 2024,750,(U),unknown,,,https://www.youtube.com/watch?v=sr2kZbeK9UA&list=PLU3_fvoJ1GyMStiA29z37DUPtG47PvOJz&index=15,9,50,706,590706,591,1,410359,1.439485914,421494,1.401457672,-0.0005,0.6873,7.540633056,53.9304,78.4683,93.5594,6.50357,,,,,,,,,,,,,,,,,,,,,,,,,30 Dec '99,,,,,,,,,,,,,,,,,,,,,,,,,,,,,,--,,,,,,,,,,,,,,,,,,,,,,,,,,,750,0,0,
🇺🇸,doogile,0,0,9:49.586,9:50.726,23 Jan 2024,832,(U),-584548052417778455,,,https://www.youtube.com/watch?v=ql5yaRF0gCE,9,50,726,590726,591,1,410359,1.439534651,421494,1.401505122,-0.0005,0.6597,7.542648682,51.7156,78.3949,93.4871,6.50508,,,,,,,,,,,,,,,,,,,,,,,,,30 Dec '99,,,,,,,,,,,,,,,,,,,,,,,,,,,,,,--,,,,,,,,,,,,,,,,,,,,,,,,,,,832,0,0,
🇳🇴,skycrab1,0,0,9:50.792,9:50.792,07 Nov 2024,543,(U),7554489611952099407,,,https://www.youtube.com/watch?v=6-ETpuXoEEk&list=PLU3_fvoJ1GyMStiA29z37DUPtG47PvOJz&index=91,9,50,792,590792,591,1,410359,1.439695486,421494,1.401661708,-0.0005,0.7622,7.549303638,59.5710,78.1530,93.2487,6.51010,,,,,,,,,,,,,,,,,,,,,,,,,30 Dec '99,,,,,,,,,,,,,,,,,,,,,,,,,,,,,,--,,,,,,,,,,,,,,,,,,,,,,,,,,,543,0.0000001113819334,0.000008704836953,
🇫🇮,AndrewCrow,0,0,9:50.666,9:50.833,12 Aug 2025,265,(U),unknown,,,https://www.youtube.com/watch?v=a9jbQgG4J-I,9,50,833,590833,591,1,410359,1.439795399,410359,1.439795399,-0.0005,0.8759,9.333710511,29.1691,33.3017,93.1009,6.51321,,,,,,,,,,,,,,,,,,,,,,,,,30 Dec '99,,,,,,,,,,,,,,,,,,,,,,,,,,,,,,,,,,,,,,,,,,,,,,,,,,,,,,,,,265,0.1555228675,5.179175037,
🇮🇹,drip120,0,1,9:50.878,9:50.878,04 Oct 2023,943,(V),-1789423009707373733,,Yes,https://www.speedrun.com/mc/runs/y6q50l6z,9,50,878,590878,591,1,410359,1.439905059,465828,1.268446723,-0.0005,0.6241,3.450794935,274.7001,440.1784,92.9387,6.51663,,,,,,,,,,,,,,,,,,,,,,,,,30 Dec '99,,,,,,,,,,,,,,,,,,,,,,,,,,,,,,--,,,,,,,,,,,,,,,,,,,,,,,,,,,943,0,0,
🇨🇦,bluescaled,0,1,9:50.982,9:50.982,20 Sep 2023,957,(V),924997636585373701,12,Yes,https://www.speedrun.com/mc/runs/z5k12xdz,9,50,982,590982,591,1,410359,1.440158495,465828,1.268669981,-0.0005,0.6197,3.45551601,272.3122,439.4172,92.5648,6.52454,,,,,,,,,,,,,,,,,,,,,,,,,30 Dec '99,,,,,,,,,,,,,,,,,,,,,,,,,,,,,,,,,,,,,,,,,,,,,,,,,,,,,,,,,,,,
🇸🇰,NoFear1337,0,0,9:48.795,9:51.150,17 Jun 2025,321,(U),unknown,,,https://www.youtube.com/watch?v=EZF1Z0DG-74,9,51,150,591150,591,0,410359,1.440567893,410359,1.440567893,-0.0005,0.8517,9.373418365,27.8159,32.6586,91.9627,6.53734,,,,,,,,,,,,,,,,,,,,,,,,,30 Dec '99,,,,,,,,,,,,,,,,,,,,,,,,,,,,,,--,,,,,,,,,,,,,,,,,,,,,,,,,,,321,0.0366033285,1.19541195,
🇳🇴,skycrab1,0,0,9:51.158,9:51.158,08 Dec 2025,147,(U),unknown,,,https://www.youtube.com/watch?v=fKGyoMdXDzc&list=PLU3_fvoJ1GyMStiA29z37DUPtG47PvOJz&index=156,9,51,158,591158,591,0,410359,1.440587388,410359,1.440587388,-0.0005,0.9291,9.374422386,30.3293,32.6424,91.9341,6.53795,,,,,,,,,,,,,,,,,,,,,,,,,30 Dec '99,,,,,,,,,,,,,,,,,,,,,,,,,,,,,,--,,,,,,,,,,,,,,,,,,,,,,,,,,,147,0.7278558199,23.75899715,
🇺🇸,Dylqn,0,1,9:54.988,9:51.164,01 Aug 2022,1372,(V),-7315821799138863380,,,https://www.speedrun.com/mc/runs/yod43rjm,9,51,164,591164,591,0,410359,1.440602009,517884,1.141498868,-0.0005,0.5036,1.541364717,410.6608,815.4725,91.9127,6.53840,,,,,,,,,,,,,,,,,,,,,,,,,30 Dec '99,,,,,,,,,,,,,,,,,,,,,,,,,,,,,,,,,,,,,,,,,,,,,,,,,,,,,,,,,1372,0,0,
🇳🇴,skycrab1,0,0,9:50.489,9:51.181,20 Mar 2026,45,(U),unknown,,,https://www.youtube.com/watch?v=_SXbQSqj37s&list=PLU3_fvoJ1GyMStiA29z37DUPtG47PvOJz&index=173,9,51,181,591181,591,0,410359,1.440643437,410359,1.440643437,-0.0005,0.9778,9.377309475,31.8709,32.5962,91.8519,6.53970,,,,,,,,,,,,,,,,,,,,,,,,,30 Dec '99,,,,,,,,,,,,,,,,,,,,,,,,,,,,,,,,,,,,,,,,,,,,,,,,,,,,,,,,,45,0.990928893,32.30048735,
🇨🇦,sockmonkey747,0,1,9:45.214,9:51.192,22 Sep 2022,1320,(V),-7834893168215751805,09,Yes,https://www.speedrun.com/mc/run/yl16p3xm,9,51,192,591192,591,0,410359,1.440670242,517884,1.141552935,-0.0005,0.5169,1.54191096,421.4168,815.3540,91.8126,6.54054,,,,,,,,,,,,,,,,,,,,,,,,,30 Dec '99,,,,,,,,,,,,,,,,,,,,,,,,,,,,,,,,,,,,,,,,,,,,,,,,,,,,,,,,,,,,
🇳🇴,skycrab1,0,0,9:51.202,9:51.202,09 Oct 2024,572,(U),6786942152196432309,,,https://www.youtube.com/watch?v=qIX6RDLk3Fw&list=PLU3_fvoJ1GyMStiA29z37DUPtG47PvOJz&index=79,9,51,202,591202,591,0,410359,1.440694611,421494,1.402634438,-0.0005,0.7513,7.590761793,57.5932,76.6619,91.7769,6.54130,,,,,,,,,,,,,,,,,,,,,,,,,30 Dec '99,,,,,,,,,,,,,,,,,,,,,,,,,,,,,,--,,,,,,,,,,,,,,,,,,,,,,,,,,,572,0.000000007450946244,0.0000005712033563,
🇳🇴,skycrab1,0,0,9:51.237,9:51.237,04 Sep 2024,607,(U),-5564102044404778436,,,https://www.youtube.com/watch?v=J6913JzSFoI&list=PLU3_fvoJ1GyMStiA29z37DUPtG47PvOJz&index=63,9,51,237,591237,591,0,410359,1.440779902,421494,1.402717476,-0.0005,0.7382,7.594310238,56.5008,76.5355,91.6520,6.54397,,,,,,,,,,,,,,,,,,,,,,,,,30 Dec '99,,,,,,,,,,,,,,,,,,,,,,,,,,,,,,--,,,,,,,,,,,,,,,,,,,,,,,,,,,607,0.0000000001936721568,0.00000001482278586,
🇮🇹,drip120,0,0,9:49.755,9:51.238,17 Dec 2025,138,(U),unknown,,,https://www.youtube.com/watch?v=wz6HL9sHv3A,9,51,238,591238,591,0,410359,1.440782339,410359,1.440782339,-0.0005,0.9333,9.384467826,30.3160,32.4817,91.6484,6.54405,,,,,,,,,,,,,,,,,,,,,,,,,30 Dec '99,,,,,,,,,,,,,,,,,,,,,,,,,,,,,,--,,,,,,,,,,,,,,,,,,,,,,,,,,,138,0.768890125,24.97485196,
🇫🇮,AndrewCrow,0,0,9:51.066,9:51.257,09 Jun 2025,329,(U),unknown,,,https://www.youtube.com/watch?v=v8YGkPkyD8w,9,51,257,591257,591,0,410359,1.44082864,421494,1.402764927,-0.0005,0.8483,7.596338581,64.8652,76.4633,91.5806,6.54550,,,,,,,,,,,,,,,,,,,,,,,,,30 Dec '99,,,,,,,,,,,,,,,,,,,,,,,,,,,,,,,,,,,,,,,,,,,,,,,,,,,,,,,,,329,0.02840673824,2.172072478,
🇬🇧,priffie,0,1,9:52.129,9:52.129,06 Apr 2023,1124,(V),-6774371518579710751,12,Yes,https://www.speedrun.com/mc/run/y4g4q23y,9,52,129,592129,592,0,410359,1.442953609,465828,1.271132263,-0.0005,0.5701,3.507971389,245.7131,431.0244,88.5055,6.61233,,,,,,,,,,,,,,,,,,,,,,,,,30 Dec '99,,,,,,,,,,,,,,,,,,,,,,,,,,,,,,--,,,,,,,,,,,,,,,,,,,,,,,,,,,1124,0,0,
🇩🇰,Bloopy,0,0,9:51.888,9:52.213,01 Dec 2024,519,(U),-585511820718115060,,,https://www.youtube.com/watch?v=NZGdtGg7EMI,9,52,213,592213,592,0,410359,1.443158308,421494,1.405033049,-0.0005,0.7714,7.693855394,56.3666,73.0670,88.2129,6.61880,,,,,,,,,,,,,,,,,,,,,,,,,30 Dec '99,,,,,,,,,,,,,,,,,,,,,,,,,,,,,,--,,,,,,,,,,,,,,,,,,,,,,,,,,,519,0.0000008484659353,0.00006199483804,
🇺🇸,doogile,0,0,9:47.627,9:52.339,30 Mar 2025,400,(U),unknown,,,https://www.youtube.com/watch?v=qhwp9ohvjNc,9,52,339,592339,592,0,410359,1.443465356,421494,1.405331986,-0.0005,0.8187,7.706790451,59.4620,72.6271,87.7753,6.62852,,,,,,,,,,,,,,,,,,,,,,,,,30 Dec '99,,,,,,,,,,,,,,,,,,,,,,,,,,,,,,--,,,,,,,,,,,,,,,,,,,,,,,,,,,400,0.001661557273,0.120674098,
🇧🇪,boyenn,0,0,9:52.329,9:52.329,02 May 2025,367,(U),unknown,,,https://www.youtube.com/watch?v=d_SBrMIiMm4,9,52,329,592329,592,0,410359,1.443440987,421494,1.405308261,-0.0005,0.8324,7.705763155,60.4803,72.6620,87.8099,6.62775,,,,,,,,,,,,,,,,,,,,,,,,,30 Dec '99,,,,,,,,,,,,,,,,,,,,,,,,,,,,,,--,,,,,,,,,,,,,,,,,,,,,,,,,,,367,0.007132551175,0.5182650858,
🇫🇮,sadekeppi,0,0,9:52.481,9:52.481,18 Feb 2026,75,(U),unknown,,,https://www.youtube.com/watch?v=2Lpf6uTKLWQ,9,52,481,592481,592,0,410359,1.443811394,410359,1.443811394,-0.0005,0.9632,9.541776667,28.9535,30.0598,87.2837,6.63948,,,,,,,,,,,,,,,,,,,,,,,,,30 Dec '99,,,,,,,,,,,,,,,,,,,,,,,,,,,,,,,,,,,,,,,,,,,,,,,,,,,,,,,,,,,,
🇸🇰,NoFear1337,0,0,9:50.254,9:52.607,29 Aug 2025,248,(U),unknown,,,https://www.youtube.com/watch?v=1CSaPJ3zD9E,9,52,607,592607,593,1,410359,1.444118443,410359,1.444118443,-0.0005,0.8834,9.557852115,26.3443,29.8222,86.8491,6.64922,,,,,,,,,,,,,,,,,,,,,,,,,30 Dec '99,,,,,,,,,,,,,,,,,,,,,,,,,,,,,,--,,,,,,,,,,,,,,,,,,,,,,,,,,,248,0.2175559544,6.488000543,
🇸🇰,NoFear1337,0,0,9:52.674,9:52.674,14 Jul 2023,1025,(U),3311070428506478041,,,https://www.youtube.com/watch?v=0xG_Me1Rz5g,9,52,674,592674,593,1,410359,1.444281714,465828,1.272302223,-0.0005,0.5990,3.533146156,255.7946,427.0387,86.6186,6.65441,,,,,,,,,,,,,,,,,,,,,,,,,30 Dec '99,,,,,,,,,,,,,,,,,,,,,,,,,,,,,,--,,,,,,,,,,,,,,,,,,,,,,,,,,,1025,0,0,
🇸🇰,NoFear1337,0,0,9:51.200,9:52.693,27 Nov 2024,523,(U),unknown,,,https://www.youtube.com/watch?v=fOaCQDFWOJY&list=PLaTJSsRuu2UeeWabBBfNVWALvnefBoL2C&index=14,9,52,693,592693,593,1,410359,1.444328015,421494,1.406171855,-0.0005,0.7699,7.743235029,54.9713,71.4009,86.5533,6.65588,,,,,,,,,,,,,,,,,,,,,,,,,30 Dec '99,,,,,,,,,,,,,,,,,,,,,,,,,,,,,,--,,,,,,,,,,,,,,,,,,,,,,,,,,,523,0.0000006125920011,0.00004373963832,
🇫🇮,AndrewCrow,0,0,9:51.787,9:52.736,08 Feb 2025,450,(U),unknown,,,https://www.youtube.com/watch?v=3nU_mEfgpK0,9,52,736,592736,593,1,410359,1.444432802,421494,1.406273873,-0.0005,0.7985,7.747672302,56.8966,71.2530,86.4057,6.65921,,,,,,,,,,,,,,,,,,,,,,,,,30 Dec '99,,,,,,,,,,,,,,,,,,,,,,,,,,,,,,,,,,,,,,,,,,,,,,,,,,,,,,,,,450,0.0001102786735,0.007857681236,
🇸🇰,NoFear1337,0,0,9:52.350,9:52.741,04 Nov 2025,181,(U),unknown,,,https://www.youtube.com/watch?v=OHpcSW2oLMw,9,52,741,592741,593,1,410359,1.444444986,410359,1.444444986,-0.0005,0.9135,9.5749745,27.0124,29.5711,86.3885,6.65960,,,,,,,,,,,,,,,,,,,,,,,,,30 Dec '99,,,,,,,,,,,,,,,,,,,,,,,,,,,,,,--,,,,,,,,,,,,,,,,,,,,,,,,,,,181,0.5526811091,16.34336814,
🇺🇸,Zylenox,0,1,9:50.003,9:52.982,01 Oct 2022,1311,(X),7341342396448378050,06,Yes,https://www.speedrun.com/mc/run/zgqlvxey,9,52,982,592982,593,1,410359,1.445032277,517884,1.145009307,-0.0005,0.5192,1.577209659,419.3395,807.6921,85.5641,6.67829,,,,,,,,,,,,,,,,,,,,,,,,,30 Dec '99,,,,,,,,,,,,,,,,,,,,,,,,,,,,,,--,,,,,,,,,,,,,,,,,,,,,,,,,,,1311,0,0,
🇫🇮,AndrewCrow,0,0,9:51.477,9:53.013,04 Jul 2025,304,(U),unknown,,,https://www.youtube.com/watch?v=CjilClmnXOo,9,53,13,593013,593,0,410359,1.44510782,410359,1.44510782,-0.0005,0.8590,9.609813812,24.9675,29.0662,85.4585,6.68070,,,,,,,,,,,,,,,,,,,,,,,,,30 Dec '99,,,,,,,,,,,,,,,,,,,,,,,,,,,,,,,,,,,,,,,,,,,,,,,,,,,,,,,,,304,0.0602383311,1.750899781,
🇨🇦,Aquacorde,0,0,9:52.194,9:53.340,22 Sep 2024,589,(U),-9213133469295055645,,,https://www.youtube.com/watch?v=WlkQTuuVfUg,9,53,340,593340,593,0,410359,1.445904683,421494,1.407706871,-0.0005,0.7449,7.810239139,51.5447,69.1965,84.3493,6.70614,,,,,,,,,,,,,,,,,,,,,,,,,30 Dec '99,,,,,,,,,,,,,,,,,,,,,,,,,,,,,,--,,,,,,,,,,,,,,,,,,,,,,,,,,,589,0.000000001335918322,0.00000009244083741,
🇫🇮,AndrewCrow,0,1,9:53.628,9:53.628,09 Mar 2022,1517,(V),-4620186726931781022,,,https://www.speedrun.com/mc/runs/yvq5e58m,9,53,628,593628,594,1,410359,1.446606508,548820,1.081644255,-0.0005,0.4684,1.036797208,431.7665,921.8523,83.3803,6.72862,,,,,,,,,,,,,,,,,,,,,,,,,30 Dec '99,,,,,,,,,,,,,,,,,,,,,,,,,,,,,,,,,,,,,,,,,,,,,,,,,,,,,,,,,1517,0,0,
🇳🇴,skycrab1,0,0,9:52.003,9:53.778,08 Aug 2024,634,(U),-7456900742999053389,,,https://www.youtube.com/watch?v=nJT3-TIU4ak&list=PLU3_fvoJ1GyMStiA29z37DUPtG47PvOJz&index=49,9,53,778,593778,594,1,410359,1.446972042,421494,1.408746032,-0.0005,0.7283,7.855890171,49.3305,67.7309,82.8786,6.74035,,,,,,,,,,,,,,,,,,,,,,,,,30 Dec '99,,,,,,,,,,,,,,,,,,,,,,,,,,,,,,--,,,,,,,,,,,,,,,,,,,,,,,,,,,634,0,0.000000000579724315,
🇫🇮,AndrewCrow,0,0,9:51.947,9:53.877,28 May 2025,341,(U),unknown,,,https://www.youtube.com/watch?v=f7zANgiWh0A,9,53,877,593877,594,1,410359,1.447213294,421494,1.408980911,-0.0005,0.8432,7.866241263,56.8368,67.4026,82.5486,6.74810,,,,,,,,,,,,,,,,,,,,,,,,,30 Dec '99,,,,,,,,,,,,,,,,,,,,,,,,,,,,,,,,,,,,,,,,,,,,,,,,,,,,,,,,,341,0.01896458285,1.27826171,
🇺🇸,Zylenox,0,0,9:52.464,9:53.967,08 Jun 2023,1061,(U),unknown,15,Yes,https://www.youtube.com/watch?v=tgOPJWqSS2A,9,53,967,593967,594,1,410359,1.447432614,465828,1.275077926,-0.0005,0.5883,3.593524735,245.6733,417.5910,82.2493,6.75516,,,,,,,,,,,,,,,,,,,,,,,,,30 Dec '99,,,,,,,,,,,,,,,,,,,,,,,,,,,,,,--,,,,,,,,,,,,,,,,,,,,,,,,,,,1061,0,0,
🇸🇰,NoFear1337,0,0,9:54.420,9:54.420,03 Jul 2024,670,(U),unknown,,,https://www.youtube.com/watch?v=wLSjADbTw0g&list=PLaTJSsRuu2UeeWabBBfNVWALvnefBoL2C&index=11,9,54,420,594420,594,0,410359,1.448536525,421494,1.410269185,-0.0005,0.7153,7.923230694,46.9415,65.6214,80.7542,6.79077,,,,,,,,,,,,,,,,,,,,,,,,,30 Dec '99,,,,,,,,,,,,,,,,,,,,,,,,,,,,,,--,,,,,,,,,,,,,,,,,,,,,,,,,,,670,0,0,
🇺🇸,doogile,0,0,9:48.840,9:54.481,30 Nov 2023,886,(U),984680660246125124,,,https://www.youtube.com/watch?v=o4MQAI-5dNk,9,54,481,594481,594,0,410359,1.448685176,465828,1.276181337,-0.0005,0.6421,3.617783589,265.7293,413.8395,80.5542,6.79558,,,,,,,,,,,,,,,,,,,,,,,,,30 Dec '99,,,,,,,,,,,,,,,,,,,,,,,,,,,,,,--,,,,,,,,,,,,,,,,,,,,,,,,,,,886,0,0,
🇳🇴,skycrab1,0,0,9:53.575,9:54.586,23 May 2024,711,(U),891404935747886516,,,https://www.youtube.com/watch?v=Jej0PF9SsMc&list=PLU3_fvoJ1GyMStiA29z37DUPtG47PvOJz&index=22,9,54,586,594586,595,1,410359,1.448941049,421494,1.410663022,-0.0005,0.7008,7.940725749,45.6120,65.0835,80.2109,6.80386,,,,,,,,,,,,,,,,,,,,,,,,,30 Dec '99,,,,,,,,,,,,,,,,,,,,,,,,,,,,,,--,,,,,,,,,,,,,,,,,,,,,,,,,,,711,0,0,
🇺🇸,doogile,0,0,9:53.274,9:54.737,30 Apr 2023,1100,(U),8647590348212055728,,,https://www.youtube.com/watch?v=LCDb8vZEG8M,9,54,737,594737,595,1,410359,1.44930902,465828,1.276730896,-0.0005,0.5769,3.629920712,237.6872,411.9720,79.7188,6.81579,,,,,,,,,,,,,,,,,,,,,,,,,30 Dec '99,,,,,,,,,,,,,,,,,,,,,,,,,,,,,,--,,,,,,,,,,,,,,,,,,,,,,,,,,,1100,0,0,
🇳🇴,skycrab1,0,1,9:48.928,9:54.790,17 Aug 2023,991,(V),4841977551772325086,,,https://www.speedrun.com/mc/runs/zx3pxk8z,9,54,790,594790,595,1,410359,1.449438175,465828,1.276844672,-0.0005,0.6093,3.632438048,250.7651,411.5855,79.5466,6.81998,,,,,,,,,,,,,,,,,,,,,,,,,30 Dec '99,,,,,,,,,,,,,,,,,,,,,,,,,,,,,,--,,,,,,,,,,,,,,,,,,,,,,,,,,,991,0,0,
🇫🇮,AndrewCrow,0,0,9:52.821,9:54.803,26 May 2025,343,(U),unknown,,,https://www.youtube.com/watch?v=26-ceURSKcg,9,54,803,594803,595,1,410359,1.449469854,421494,1.411177858,-0.0005,0.8424,7.963647411,54.2378,64.3848,79.5044,6.82101,,,,,,,,,,,,,,,,,,,,,,,,,30 Dec '99,,,,,,,,,,,,,,,,,,,,,,,,,,,,,,,,,,,,,,,,,,,,,,,,,,,,,,,,,343,0.01767930204,1.138279125,
🇺🇸,Feinberg,0,0,9:50.556,9:55.093,28 May 2024,706,(U),330307922541256134,,,https://www.youtube.com/watch?v=9kp1QTbxTGM,9,55,93,595093,595,0,410359,1.450176553,421494,1.411865887,-0.0005,0.7026,7.994371574,44.5851,63.4593,78.5668,6.84398,,,,,,,,,,,,,,,,,,,,,,,,,30 Dec '99,,,,,,,,,,,,,,,,,,,,,,,,,,,,,,,,,,,,,,,,,,,,,,,,,,,,,,,,,,,,
🇳🇴,skycrab1,0,0,9:51.595,9:55.093,04 Nov 2023,912,(U),unknown,,,https://www.youtube.com/watch?v=6XR2MBsNb6k&list=PLU3_fvoJ1GyMStiA29z37DUPtG47PvOJz&index=3,9,55,93,595093,595,0,410359,1.450176553,465828,1.277495127,-0.0005,0.6338,3.646859798,259.4684,409.3763,78.5668,6.84398,,,,,,,,,,,,,,,,,,,,,,,,,30 Dec '99,,,,,,,,,,,,,,,,,,,,,,,,,,,,,,--,,,,,,,,,,,,,,,,,,,,,,,,,,,912,0,0,
🇵🇱,watermelon1708,0,0,9:55.102,9:55.102,09 Nov 2025,176,(U),unknown,,,https://www.youtube.com/watch?v=ZPS7AydV7hs,9,55,102,595102,595,0,410359,1.450198485,410359,1.450198485,-0.0005,0.9158,9.881142372,23.2645,25.4046,78.5378,6.84469,,,,,,,,,,,,,,,,,,,,,,,,,30 Dec '99,,,,,,,,,,,,,,,,,,,,,,,,,,,,,,--,,,,,,,,,,,,,,,,,,,,,,,,,,,176,0.5797388126,14.7280344,
🇳🇴,skycrab1,0,0,9:55.288,9:55.288,11 Sep 2024,600,(U),-7383229006023208125,,,https://www.youtube.com/watch?v=hsEjtrLyOUM&list=PLU3_fvoJ1GyMStiA29z37DUPtG47PvOJz&index=68,9,55,288,595288,595,0,410359,1.450651746,421494,1.412328527,-0.0005,0.7408,8.015089937,46.5547,62.8422,77.9406,6.85946,,,,,,,,,,,,,,,,,,,,,,,,,30 Dec '99,,,,,,,,,,,,,,,,,,,,,,,,,,,,,,--,,,,,,,,,,,,,,,,,,,,,,,,,,,600,0.0000000004161397394,0.00000002615115173,
🇸🇰,NoFear1337,0,0,9:55.440,9:55.440,02 Oct 2023,945,(U),unknown,,,https://www.youtube.com/watch?v=wSvd77nUE5w,9,55,440,595440,595,0,410359,1.451022154,465828,1.278240037,-0.0005,0.6234,3.663439056,253.6459,406.8477,77.4548,6.87155,,,,,,,,,,,,,,,,,,,,,,,,,30 Dec '99,,,,,,,,,,,,,,,,,,,,,,,,,,,,,,--,,,,,,,,,,,,,,,,,,,,,,,,,,,945,0,0,
🇸🇰,NoFear1337,0,0,9:55.325,9:55.616,06 May 2024,728,(U),unknown,,,https://www.youtube.com/watch?v=SGv4ZI8oRZs&list=PLaTJSsRuu2UeeWabBBfNVWALvnefBoL2C&index=9,9,55,616,595616,596,1,410359,1.451451047,421494,1.413106711,-0.0005,0.6949,8.050046619,42.9538,61.8137,76.8948,6.88558,,,,,,,,,,,,,,,,,,,,,,,,,30 Dec '99,,,,,,,,,,,,,,,,,,,,,,,,,,,,,,--,,,,,,,,,,,,,,,,,,,,,,,,,,,728,0,0,
🇹🇿,Kxpow,0,0,9:54.397,9:55.748,04 Dec 2023,882,(U),5607338791284436984,09,Yes,https://www.youtube.com/watch?v=A7-MF6MUslQ,9,55,748,595748,596,1,410359,1.451772716,465828,1.278901225,-0.0005,0.6434,3.678211706,260.3197,404.6047,76.4767,6.89611,,,,,,,,,,,,,,,,,,,,,,,,,30 Dec '99,,,,,,,,,,,,,,,,,,,,,,,,,,,,,,--,,,,,,,,,,,,,,,,,,,,,,,,,,,882,0,0,
🇺🇸,doogile,0,0,9:54.943,9:55.997,03 Mar 2024,792,(U),-6539725761091483883,,,https://www.youtube.com/watch?v=xPmNTEmWuPM,9,55,997,595997,596,1,410359,1.452379502,421494,1.414010638,-0.0005,0.6730,8.090821318,40.8069,60.6337,75.6922,6.91602,,,,,,,,,,,,,,,,,,,,,,,,,30 Dec '99,,,,,,,,,,,,,,,,,,,,,,,,,,,,,,--,,,,,,,,,,,,,,,,,,,,,,,,,,,792,0,0,
🇸🇰,NoFear1337,0,0,9:55.940,9:56.174,17 Jun 2025,321,(U),unknown,,,https://www.youtube.com/watch?v=Ueljb7uj3fA,9,56,174,596174,596,0,410359,1.452810831,410359,1.452810831,-0.0005,0.8517,10.02299008,20.1593,23.6690,75.1378,6.93020,,,,,,,,,,,,,,,,,,,,,,,,,30 Dec '99,,,,,,,,,,,,,,,,,,,,,,,,,,,,,,--,,,,,,,,,,,,,,,,,,,,,,,,,,,321,0.0366033285,0.8663645823,
🇸🇰,NoFear1337,0,0,9:56.184,9:56.184,10 Dec 2023,876,(U),unknown,,,https://www.youtube.com/watch?v=qT6Bdh7x3RY,9,56,184,596184,596,0,410359,1.4528352,446254,1.335974579,-0.0005,0.6453,5.174059565,144.1756,223.4152,75.1066,6.93100,,,,,,,,,,,,,,,,,,,,,,,,,30 Dec '99,,,,,,,,,,,,,,,,,,,,,,,,,,,,,,--,,,,,,,,,,,,,,,,,,,,,,,,,,,876,0,0,
🇵🇱,watermelon1708,0,0,9:55.885,9:56.256,03 Oct 2025,213,(U),unknown,,,https://www.youtube.com/watch?v=LJp8oxqNGWs,9,56,256,596256,596,0,410359,1.453010657,410359,1.453010657,-0.0005,0.8990,10.0339141,21.1620,23.5401,74.8819,6.93678,,,,,,,,,,,,,,,,,,,,,,,,,30 Dec '99,,,,,,,,,,,,,,,,,,,,,,,,,,,,,,--,,,,,,,,,,,,,,,,,,,,,,,,,,,213,0.3804655289,8.956206955,
🇺🇸,doogile,0,0,9:54.068,9:56.523,23 Feb 2023,1166,(U),6408064456688013983,,,https://www.youtube.com/watch?v=GdCYkElNK1M,9,56,523,596523,597,1,410359,1.453661306,465828,1.28056493,-0.0005,0.5582,3.715620452,222.7115,398.9665,74.0529,6.95824,,,,,,,,,,,,,,,,,,,,,,,,,30 Dec '99,,,,,,,,,,,,,,,,,,,,,,,,,,,,,,--,,,,,,,,,,,,,,,,,,,,,,,,,,,1166,0,0,
🇳🇴,skycrab1,0,0,9:56.544,9:56.544,17 Jan 2025,472,(U),4734961951437511625,,,https://www.youtube.com/watch?v=b02Hcjv7jIE&list=PLU3_fvoJ1GyMStiA29z37DUPtG47PvOJz&index=109,9,56,544,596544,597,1,410359,1.453712481,421494,1.415308403,-0.0005,0.7898,8.149681289,46.5713,58.9674,73.9880,6.95993,,,,,,,,,,,,,,,,,,,,,,,,,30 Dec '99,,,,,,,,,,,,,,,,,,,,,,,,,,,,,,--,,,,,,,,,,,,,,,,,,,,,,,,,,,472,0.00002711550645,0.001598930011,
🇳🇴,skycrab1,0,0,9:56.649,9:56.649,08 Dec 2025,147,(U),unknown,,,https://www.youtube.com/watch?v=P0qk2AGV3VY&list=PLU3_fvoJ1GyMStiA29z37DUPtG47PvOJz&index=152,9,56,649,596649,597,1,410359,1.453968355,410359,1.453968355,-0.0005,0.9291,10.08641566,21.3050,22.9300,73.6638,6.96839,,,,,,,,,,,,,,,,,,,,,,,,,30 Dec '99,,,,,,,,,,,,,,,,,,,,,,,,,,,,,,--,,,,,,,,,,,,,,,,,,,,,,,,,,,147,0.7278558199,16.68969974,
🇫🇮,AndrewCrow,0,0,9:55.082,9:56.893,07 Oct 2025,209,(U),unknown,,,https://www.youtube.com/watch?v=X6H87b0GOCI,9,56,893,596893,597,1,410359,1.454562956,410359,1.454562956,-0.0005,0.9008,10.11913407,20.3191,22.5573,72.9144,6.98807,,,,,,,,,,,,,,,,,,,,,,,,,30 Dec '99,,,,,,,,,,,,,,,,,,,,,,,,,,,,,,,,,,,,,,,,,,,,,,,,,,,,,,,,,209,0.4013453903,9.053282286,
🇳🇴,skycrab1,0,0,9:56.902,9:56.902,04 Oct 2024,577,(U),-633820598283488717,,,https://www.youtube.com/watch?v=PI6D8MfZuDk&list=PLU3_fvoJ1GyMStiA29z37DUPtG47PvOJz&index=75,9,56,902,596902,597,1,410359,1.454584888,421494,1.416157763,-0.0005,0.7494,8.188408976,43.3853,57.8943,72.8869,6.98880,,,,,,,,,,,,,,,,,,,,,,,,,30 Dec '99,,,,,,,,,,,,,,,,,,,,,,,,,,,,,,--,,,,,,,,,,,,,,,,,,,,,,,,,,,577,0.000000004541523539,0.0000002629285113,
🇨🇦,Aquacorde,0,0,9:56.926,9:56.926,27 Mar 2025,403,(U),5157843297046225006,,,https://www.youtube.com/watch?v=hGn2BSJHRhA,9,56,926,596926,597,1,410359,1.454643373,421494,1.416214703,-0.0005,0.8175,8.191011067,47.2704,57.8229,72.8135,6.99074,,,,,,,,,,,,,,,,,,,,,,,,,30 Dec '99,,,,,,,,,,,,,,,,,,,,,,,,,,,,,,--,,,,,,,,,,,,,,,,,,,,,,,,,,,403,0.001437165224,0.08310106288,
🇨🇦,NoHacsJustRoblox,0,0,9:57.026,9:57.026,17 Apr 2024,747,(U),-3757955350309369688,,,https://www.youtube.com/watch?v=P8t-qbFZ-BY,9,57,26,597026,597,0,410359,1.454887062,421494,1.416451954,-0.0005,0.6883,8.201860997,39.5963,57.5259,72.5081,6.99882,,,,,,,,,,,,,,,,,,,,,,,,,30 Dec '99,,,,,,,,,,,,,,,,,,,,,,,,,,,,,,--,,,,,,,,,,,,,,,,,,,,,,,,,,,747,0,0,
🇮🇹,drip120,0,1,9:55.892,9:57.317,03 Jul 2023,1036,(V),2452531967130653073,,Yes,https://www.speedrun.com/mc/runs/z1lg9prm,9,57,317,597317,597,0,410359,1.455596197,465828,1.282269421,-0.0005,0.5957,3.75430077,234.2334,393.1998,71.6246,7.02240,,,,,,,,,,,,,,,,,,,,,,,,,30 Dec '99,,,,,,,,,,,,,,,,,,,,,,,,,,,,,,--,,,,,,,,,,,,,,,,,,,,,,,,,,,1036,0,0,
🇳🇴,skycrab1,0,1,9:51.461,9:57.147,11 May 2023,1089,(U),2605522184157601882,,,https://www.youtube.com/watch?v=jYU7tFrq3Kw,9,57,147,597147,597,0,410359,1.455181926,465828,1.28190448,-0.0005,0.5801,3.745988766,228.8235,394.4336,72.1399,7.00862,,,,,,,,,,,,,,,,,,,,,,,,,30 Dec '99,,,,,,,,,,,,,,,,,,,,,,,,,,,,,,--,,,,,,,,,,,,,,,,,,,,,,,,,,,1089,0,0,
🇳🇴,skycrab1,0,0,9:56.329,9:57.615,29 Aug 2024,613,(U),-4480279023059321104,,,https://www.youtube.com/watch?v=c_knIEDIN0Q&list=PLU3_fvoJ1GyMStiA29z37DUPtG47PvOJz&index=60,9,57,615,597615,598,1,410359,1.456322391,421494,1.417849364,-0.0005,0.7360,8.266025789,41.0687,55.7984,70.7275,7.04661,,,,,,,,,,,,,,,,,,,,,,,,,30 Dec '99,,,,,,,,,,,,,,,,,,,,,,,,,,,,,,--,,,,,,,,,,,,,,,,,,,,,,,,,,,613,0,0.000000005531014892,
🇺🇸,doogile,0,0,9:56.917,9:57.529,17 Oct 2023,930,(U),-5689854122444057127,,,https://www.youtube.com/watch?v=2BCjNspgecU,9,57,529,597529,598,1,410359,1.456112818,465828,1.282724525,-0.0005,0.6281,3.764689556,246.0166,391.6619,70.9856,7.03961,,,,,,,,,,,,,,,,,,,,,,,,,30 Dec '99,,,,,,,,,,,,,,,,,,,,,,,,,,,,,,--,,,,,,,,,,,,,,,,,,,,,,,,,,,930,0,0,
🇳🇴,skycrab1,0,0,9:56.188,9:57.562,02 Jun 2024,701,(U),3940068487217196837,,,https://www.youtube.com/watch?v=iAdpF0Sqc88&list=PLU3_fvoJ1GyMStiA29z37DUPtG47PvOJz&index=26,9,57,562,597562,598,1,410359,1.456193236,421494,1.417723621,-0.0005,0.7043,8.260233899,39.4092,55.9523,70.8865,7.04230,,,,,,,,,,,,,,,,,,,,,,,,,30 Dec '99,,,,,,,,,,,,,,,,,,,,,,,,,,,,,,--,,,,,,,,,,,,,,,,,,,,,,,,,,,701,0,0,
🇳🇴,skycrab1,0,0,9:56.538,9:57.820,14 Aug 2024,628,(U),479487356210199051,,,https://www.youtube.com/watch?v=1M8TGn4UPXE&list=PLU3_fvoJ1GyMStiA29z37DUPtG47PvOJz&index=54,9,57,820,597820,598,1,410359,1.456821953,421494,1.41833573,-0.0005,0.7305,8.288462261,40.3289,55.2059,70.1149,7.06330,,,,,,,,,,,,,,,,,,,,,,,,,30 Dec '99,,,,,,,,,,,,,,,,,,,,,,,,,,,,,,--,,,,,,,,,,,,,,,,,,,,,,,,,,,628,0,0.0000000009675575444,
🇸🇰,NoFear1337,0,0,9:54.437,9:57.999,09 Oct 2025,207,(U),unknown,,,https://www.youtube.com/watch?v=ksuzNN1cGZo,9,57,999,597999,598,1,410359,1.457258157,410359,1.457258157,-0.0005,0.9017,10.26861873,18.8693,20.9270,69.5830,7.07791,,,,,,,,,,,,,,,,,,,,,,,,,30 Dec '99,,,,,,,,,,,,,,,,,,,,,,,,,,,,,,--,,,,,,,,,,,,,,,,,,,,,,,,,,,207,0.4119001555,8.619816916,
🇳🇴,skycrab1,0,0,9:57.276,9:58.045,20 Jun 2024,683,(U),1800265226031074073,,,https://www.youtube.com/watch?v=wnyuQs9XN68&list=PLU3_fvoJ1GyMStiA29z37DUPtG47PvOJz&index=35,9,58,45,598045,598,0,410359,1.457370254,421494,1.418869545,-0.0005,0.7107,8.313149729,38.7764,54.5606,69.4468,7.08167,,,,,,,,,,,,,,,,,,,,,,,,,30 Dec '99,,,,,,,,,,,,,,,,,,,,,,,,,,,,,,--,,,,,,,,,,,,,,,,,,,,,,,,,,,683,0,0,
🇺🇸,meebie,0,0,9:57.945,9:58.412,03 Dec 2023,883,(U),unknown,,,https://www.youtube.com/watch?v=nh-UhStAL0s&list=PLaTJSsRuu2Ufk7cX7bUTt9V-IJxa8wqSM&index=7,9,58,412,598412,598,0,410359,1.458264593,465828,1.284620074,-0.0005,0.6431,3.808238332,247.7530,385.2654,68.3664,7.11172,,,,,,,,,,,,,,,,,,,,,,,,,0,,,,,,,,,,,,,,,,,,,,,,,,,,,,,,--,,,,,,,,,,,,,,,,,,,,,,,,,,,883,0,0,
🇺🇸,doogile,0,0,9:56.283,9:58.776,24 Oct 2023,923,(U),-7334551745838915059,,,https://www.youtube.com/watch?v=m6JOuubXYqM,9,58,776,598776,599,1,410359,1.459151621,465828,1.285401479,-0.0005,0.6303,3.826321872,241.1879,382.6330,67.3064,7.14163,,,,,,,,,,,,,,,,,,,,,,,,,0,,,,,,,,,,,,,,,,,,,,,,,,,,,,,,--,,,,,,,,,,,,,,,,,,,,,,,,,,,923,0,0,
🇳🇴,skycrab1,0,0,9:58.937,9:58.937,22 Jul 2025,286,(U),unknown,,,https://www.youtube.com/watch?v=GyLMFvz9RwQ&list=PLU3_fvoJ1GyMStiA29z37DUPtG47PvOJz&index=136,9,58,937,598937,599,1,410359,1.45954396,410359,1.45954396,-0.0005,0.8668,10.39692253,17.0037,19.6176,66.8412,7.15489,,,,,,,,,,,,,,,,,,,,,,,,,30 Dec '99,,,,,,,,,,,,,,,,,,,,,,,,,,,,,,--,,,,,,,,,,,,,,,,,,,,,,,,,,,286,0.09638876787,1.890919885,
🇧🇾,MiGor,0,1,9:58.953,9:59.304,09 Mar 2023,1152,(V),-9045855264029833300,,,https://www.speedrun.com/mc/runs/ywvx7j9z,9,59,304,599304,599,0,410359,1.460438299,465828,1.286534944,-0.0005,0.5621,3.852690076,212.9506,378.8197,65.7891,7.18521,,,,,,,,,,,,,,,,,,,,,,,,,30 Dec '99,,,,,,,,,,,,,,,,,,,,,,,,,,,,,,--,,,,,,,,,,,,,,,,,,,,,,,,,,,1152,0,0,
🇳🇴,skycrab1,0,0,9:59.434,9:59.434,03 Feb 2025,455,(U),1510017576030083045,,,https://www.youtube.com/watch?v=2hEq9CQ2tCI&list=PLU3_fvoJ1GyMStiA29z37DUPtG47PvOJz&index=113,9,59,434,599434,599,0,410359,1.460755095,421494,1.422164966,-0.0005,0.7965,8.467000801,40.3804,50.6959,65.4193,7.19597,,,,,,,,,,,,,,,,,,,,,,,,,30 Dec '99,,,,,,,,,,,,,,,,,,,,,,,,,,,,,,--,,,,,,,,,,,,,,,,,,,,,,,,,,,455,0.00008111541832,0.004112215302,
🇵🇱,okshey,0,0,9:58.895,9:59.567,11 Oct 2025,205,(U),unknown,,,https://www.youtube.com/watch?v=8dxPz9_7hnI,9,59,567,599567,600,1,410359,1.461079201,410359,1.461079201,-0.0005,0.9026,10.48388986,16.9458,18.7749,65.0424,7.20700,,,,,,,,,,,,,,,,,,,,,,,,,30 Dec '99,,,,,,,,,,,,,,,,,,,,,,,,,,,,,,,,,,,,,,,,,,,,,,,,,,,,,,,,,205,0.4225225334,7.932833295,
🇺🇸,Dav1E,0,1,9:56.187,9:59.801,04 Mar 2023,1157,(V),-4842662315057252519,,,https://www.speedrun.com/mc/runs/ydglnxxy,9,59,801,599801,600,1,410359,1.461649434,465828,1.287601862,-0.0005,0.5607,3.877659166,210.4093,375.2359,64.3829,7.22644,,,,,,,,,,,,,,,,,,,,,,,,,30 Dec '99,,,,,,,,,,,,,,,,,,,,,,,,,,,,,,--,,,,,,,,,,,,,,,,,,,,,,,,,,,1157,0,0,
🇹🇿,Kxpow,0,0,9:57.406,9:59.883,13 Nov 2023,903,(U),2010962759059367227,,,https://www.youtube.com/watch?v=Um24X3kHXaQ,9,59,883,599883,600,1,410359,1.461849259,465828,1.287777892,-0.0005,0.6367,3.881792754,238.5262,374.6452,64.1529,7.23326,,,,,,,,,,,,,,,,,,,,,,,,,30 Dec '99,,,,,,,,,,,,,,,,,,,,,,,,,,,,,,,,,,,,,,,,,,,,,,,,,,,,,,,,,903,0,0,
🇸🇰,NoFear1337,0,0,9:59.977,9:59.977,26 Jul 2023,1013,(U),unknown,,,https://www.youtube.com/watch?v=jIXSA_OzqEo,9,59,977,599977,600,1,410359,1.462078327,465828,1.287979683,-0.0005,0.6026,3.886536126,225.3536,373.9682,63.8900,7.24109,,,,,,,,,,,,,,,,,,,,,,,,,30 Dec '99,,,,,,,,,,,,,,,,,,,,,,,,,,,,,,--,,,,,,,,,,,,,,,,,,,,,,,,,,,1013,0,0,
,test_runner,0,0,11:07.000,11:07.000,20 Mar 2021,1871,(B),unknown,,,https://www.youtube.com/watch?v=dQw4w9WgXcQ,11,7,0,667000,667,0,410359,1.625406047,,#DIV/0!,-0.0019,0.0286,,,#DIV/0!,1000.0000,,,,,,,,,,,,,,,,,,,,,,,,,,30 Dec '99,,,,,,,,,,,,,,,,,,,,,,,,,,,,,,--,,,,,,,,,,,,,,,,,,,,,,,,,,,1871,,,
,,0,0,,,30 Dec 1899,,,,,,,,,,,0,,410359,0,,#DIV/0!,-0.0019,1.0000,,,#DIV/0!,1000.0000,,,,,,,,,,,,,,,,,,,,,,,,,,30 Dec '99,,,,,,,,,,,,,,,,,,,,,,,,,,,,,,--,,,,,,,,,,,,,,,,,,,,,,,,,,,,,,
,,0,0,,,30 Dec 1899,,,,,,,,,,,0,,410359,0,,#DIV/0!,-0.0019,1.0000,,,#DIV/0!,1000.0000,,,,,,,,,,,,,,,,,,,,,,,,,,30 Dec '99,,,,,,,,,,,,,,,,,,,,,,,,,,,,,,--,,,,,,,,,,,,,,,,,,,,,,,,,,,,,,
,,0,0,,,30 Dec 1899,,,,,,,,,,,0,,410359,0,,#DIV/0!,-0.0019,1.0000,,,#DIV/0!,1000.0000,,,,,,,,,,,,,,,,,,,,,,,,,,30 Dec '99,,,,,,,,,,,,,,,,,,,,,,,,,,,,,,--,,,,,,,,,,,,,,,,,,,,,,,,,,,,,,
,,0,0,,,30 Dec 1899,,,,,,,,,,,0,,410359,0,,#DIV/0!,-0.0019,1.0000,,,#DIV/0!,1000.0000,,,,,,,,,,,,,,,,,,,,,,,,,,30 Dec '99,,,,,,,,,,,,,,,,,,,,,,,,,,,,,,--,,,,,,,,,,,,,,,,,,,,,,,,,,,,,,
,,0,0,,,30 Dec 1899,,,,,,,,,,,,,,,,,,,,,,,,,,,,,,,,,,,,,,,,,,,,,,,,30 Dec '99,,,,,,,,,,,,,,,,,,,,,,,,,,,,,,--,,,,,,,,,,,,,,,,,,,,,,,,,,,,,,
,,0,0,,,30 Dec 1899,,,,,,,,,,,,,,,,,,,,,,,,,,,,,,,,,,,,,,,,,,,,,,,,30 Dec '99,,,,,,,,,,,,,,,,,,,,,,,,,,,,,,--,,,,,,,,,,,,,,,,,,,,,,,,,,,,,,