flag,runner_name,is_wr,is_pb,in_game_time,re_timed_time,date,days_since,src_status,seed,instances(depracated),depracated,link,minutes,seconds,milliseconds,total_milliseconds,total_seconds,rounding,current_wr,normal_time,wr_at_time,normal_time,decay,weight,k,run_score,non_weighted_run_score,current_wr_run_score,dynamic_k,blank,iron_source,has_tnt,enter_type,enter_time,enter_structure1_split,structure_1_time,structure1_type,structure1_split,structure1_exit_time,structure1_structure2_split,structure2_time,structure2_type,structure_2_split,structure2_exit,blaze_rates_string,blaze_rods_dropped,blazes_killed,blaze_rates_decimal,structure2_exit_exit1_split,rods_obtained_pre_exit1,num_exits,exit1_time,stronghold_travel_type,triangulation_split,eyes_thrown,eye_breaks,eyes_left,total_eye_loss,reenter_time,exit_2_split,stronghold_distance,<400,400-1000,1000-1500,1500-2000,200+,exit_2_time,theoretical_blind,nether_split,total_nether,total_ow2,post_blind,structure2_finish_split,structure2_exit_stronghold_split,stronghold_time,portal_room_locator_type,stronghold_split,frames_filled,frames_needed,end_enter_time,end_type,explosives_used,rotations,zero_explosivies,perch_explosives,end_spawn_type,dragon_node,dragon_location,dragon_angle,tower_height,tower,standing_height,end_split,truncated_igt,bastion_type,bastion_route,chests_checked,depracated,bastion_enter_time,bastion_enter_route_start_split,route_start_time,route_split,total_bastion_split,bastion_exit_time,obsidian,string,glowstone,arrows,pearls,crying_obsidian,timeloss
ðºð¸,lowkey,1,1,6:48.508,6:50.359,11 Jun 2025,323,(V),-8717682453392808086,,Yes,https://www.speedrun.com/mc/runs/m7l7960y,6,50,359,410359,410,0,410359,1,421494,0.9735820676,-0.0019,0.5413,4,702.5363,1016.1936,1000.0000,0.60000,,BT,ð,2x1 Magma,1:39,0:23,2:02,Bridge,1:58,4:00,0:00,4:00,Fort,0:32,4:32,6/6,6,6,1.00,0:12,Yes,2,4:44,Calc,0:25,2,0,0,0,5:09,0:33,1289,0,0,1,0,0,5:42,4:44,3:05,3:38,1:12,2:04,2:48,1:10,5:42,Prempt,0:14,1,,5:56,Zero,6,4,6,--,O,B Diag,B,Diag,85,M85,99,0:52,6:48,Bridge,DK,6,DT,2:02,,,,,,,,,,,,
ð¨ð¦,Jay12310,0,1,6:56.051,6:56.731,04 Feb 2026,85,(Q),6044301913007956989,,,https://www.youtube.com/watch?v=4sFehCZWJv4,6,56,731,416731,417,1,410359,1.015527867,410359,1.015527867,-0.0019,0.8509,4,800.0075,989.9285,989.9285,0.65695,,BT,,2x1 Magma,1:08,0:28,1:36,Stables,2:00,3:36,0:03,3:39,Fort,1:38,5:28,6/12,6,12,0.50,--,No,2,4:59,Calc,0:11,1,0,1,1,5:10,0:23,739,0,1,0,0,0,5:51,5:17,4:09,4:32,0:47,1:39,3:17,0:23,5:51,Prempt,0:13,1,,6:04,Zero,5,,5,--,B57,F Diag,F,Diag,83,Small Cage,94,0:52,6:56,Stables,GAP,1,B-TST,1:36,,,,,,,,,,,,
ð®ð¹,drip120,1,1,7:00.799,7:01.494,03 Jan 2024,848,(V),8802654848425114236,15,Yes,https://www.speedrun.com/mc/run/y8ko8qny,7,1,494,421494,421,0,410359,1.027134777,446254,0.9445159035,-0.0019,0.1996,4,350.8578,1040.9489,981.3529,0.70306,,BT,,2x1 Magma,1:18,0:15,1:33,Treasure,1:38,3:11,0:21,3:32,Fort,0:58,4:57,6/9,6,9,0.67,--,No,2,4:26,Calc,0:27,1,0,0,0,4:53,0:25,821,0,1,0,0,0,5:22,4:30,3:12,3:37,1:14,2:30,3:28,0:25,5:22,Prempt,0:22,0,,5:44,Perch,5,--,--,5,O,--,--,,--,--,--,1:16,7:00,Treasure,BOOMR,4,8/12,1:33,,,,,,,,,,,,
ð¨ð¦,Aquacorde,0,1,7:08.699,7:08.699,10 Mar 2026,51,(Q),2129033182999502069,,,https://www.youtube.com/watch?v=zhRaEdGVzsQ,7,8,699,428699,429,1,410359,1.044692574,410359,1.044692574,-0.0019,0.9076,4,762.0138,966.5123,966.5123,0.77903,,BT,â,2x1 Magma,1:29,0:07,1:36,Housing,1:37,3:13,0:12,3:25,Fort,1:04,4:29,6/10,6,10,0.60,0:12,Yes,2,4:41,Calc,0:15,1,0,0,0,4:56,1:07,1773,0,0,0,1,0,6:03,4:41,3:12,4:19,1:39,2:27,3:43,1:34,6:03,Prempt,0:17,1,,6:20,Zero,5,,5,--,O,B 1/8,B,1/8,--,--,93,0:48,7:08,Housing,TOPD,3,--,1:36,,,,,,,,,,,,
ðºð¦,loodlow,0,1,7:10.076,7:11.350,21 Oct 2025,191,(V),-1058044179150873683,,Yes,https://www.speedrun.com/mc/runs/ydo05ojz,7,11,350,431350,431,0,410359,1.051152771,410359,1.051152771,-0.0019,0.6957,4,569.8115,960.4458,960.4458,0.80897,,BT,,2x1 Magma,1:31,0:35,2:06,Housing,1:45,3:51,0:05,3:56,Fort,0:37,4:33,6/7,6,7,0.86,0:13,Yes,1,4:46,Blind,1:05,1,0,0,0,--,--,136,1,0,0,0,0,--,4:46,3:15,3:15,1:34,2:24,3:14,1:18,5:51,Prempt,0:29,0,,6:20,Zero,5,,5,--,O,B Diag,B,Diag,103,Tall Boi,95,0:50,7:10,Housing,TOPD,5,TR,2:06,,,,,,,,,,,,
ð¨ð¦,Aquacorde,0,1,7:09.181,7:12.114,16 Feb 2026,73,(Q),-6645733506759892987,,,https://www.youtube.com/watch?v=VAccioV5iEA,7,12,114,432114,432,0,410359,1.053014556,410359,1.053014556,-0.0019,0.8705,4,707.9879,958.6342,958.6342,0.81781,,BT,,RP,1:08,0:48,1:56,Bridge,2:04,4:00,0:11,4:11,Fort,1:15,5:26,7/10,7,10,0.70,0:10,Yes,1,5:36,Blind,0:41,2,0,0,0,--,--,180,1,0,0,0,0,--,5:36,4:28,4:28,0:47,1:33,2:58,0:51,6:17,OEPR,0:06,1,,6:23,Zero,5,,5,--,O,B Diag,B,Diag,91,M91,99,0:46,7:09,Bridge,DK,4,TS,1:56,,,,,,,,,,,,
ð©ð°,Bloopy,0,1,7:13.157,7:13.157,16 Oct 2025,196,(V),-5449384532227041969,,Yes,https://www.speedrun.com/mc/runs/yv535lom,7,13,157,433157,433,0,410359,1.055556232,410359,1.055556232,-0.0019,0.6891,4,555.0642,956.1143,956.1143,0.83003,,BT,,2x1 Magma,1:03,0:24,1:27,Housing,1:49,3:16,0:12,3:28,Fort,1:14,4:42,5/9,5,9,0.56,0:15,Yes,1,4:57,Blind,1:11,1,0,0,0,--,--,587,0,1,0,0,0,--,4:57,3:54,3:54,1:23,2:16,3:45,1:26,6:08,OEPR,0:12,2,,6:20,Zero,6,,6,--,O,F Diag,F,Diag,103,Tall Boi,95,0:53,7:13,Housing,MANH,3,SINGLE,1:27,,,,,,,,,,,,
ðµð±,watermelon1708,0,1,7:16.326,7:16.326,07 Dec 2025,144,(V),-3009416634026052013,,Yes,https://www.speedrun.com/mc/runs/y9wx8x2z,7,16,326,436326,436,0,410359,1.063278739,410359,1.063278739,-0.0019,0.7606,4,595.0980,948.1210,948.1210,0.86825,,BT,,2x1 Magma,1:24,0:05,1:29,Bridge,1:59,3:28,0:15,3:43,Fort,1:42,5:45,6/14,6,14,0.43,--,No,2,5:17,Calc,0:20,1,0,0,0,5:37,0:25,671,0,1,0,0,0,6:10,5:25,4:01,4:26,1:01,1:50,3:32,0:25,6:10,Prempt,0:16,2,,6:26,Zero,6,,6,--,O,F Diag,F,Diag,91,M91,99,0:49,7:15,Bridge,SOOG,4,RT,1:29,,,,,,,,,,,,
ð³ð´,skycrab1,0,1,7:16.474,7:16.560,02 Jan 2026,118,(Q),-8753882162041693203,,Yes,https://youtu.be/RLqLbCwTQWM?si=OdjKGudQYJtaeVd_,7,16,560,436560,437,1,410359,1.063848971,410359,1.063848971,-0.0019,0.7992,4,623.8947,947.5103,947.5103,0.87113,,BT,,2x1 Magma,1:47,0:16,2:03,Treasure,1:40,3:43,0:29,4:12,Fort,0:58,5:25,6/9,6,9,0.67,--,No,2,4:56,Calc,0:15,1,0,0,0,5:11,0:30,1066,0,0,1,0,0,5:55,5:10,3:23,3:53,1:14,2:04,3:02,0:30,5:55,Prempt,0:29,3,,6:24,Zero,6,,6,--,O,F Diag,F,Diag,88,M88,99,0:50,7:14,Treasure,BOOMR,4,--,2:03,,,,,,,,,,,,
ðµð±,okshey,0,1,7:21.820,7:21.820,22 Mar 2026,39,(Q),todo,,,https://www.youtube.com/watch?v=LP5nP_U9eQ0,7,21,820,441820,442,1,410359,1.076667016,410359,1.076667016,-0.0019,0.9286,4,691.0240,933.0165,933.0165,0.93857,,BT,â,2x1 Magma,1:13,0:27,1:40,Treasure,1:50,3:30,0:13,3:43,Fort,1:32,5:15,6/11,6,11,0.55,0:11,Yes,2,5:26,Calc,0:19,1,0,0,0,5:45,0:23,558,0,1,0,0,0,6:08,5:26,4:13,4:36,1:07,1:55,3:38,0:53,6:08,Prempt,0:25,1,0,6:33,Zero,5,3,5,--,B58,F Diag,F,Diag,86,Tall Cage,95,0:48,7:21,Treasure,BOOMR,4,--,1:40,,,,,,,,,,,,
ð¨ð¦,NoHacsJustRoblox,0,1,7:21.808,7:22.283,29 Apr 2024,731,(V),8722833245086318634,,Yes,https://www.speedrun.com/mc/runs/z58ewkez,7,22,283,442283,442,0,410359,1.077795296,421494,1.049322173,-0.0019,0.2493,4,205.6710,955.5349,931.6689,0.94474,,BT,,2x1 Magma,1:13,0:25,1:38,Bridge,1:40,3:18,0:24,3:42,Fort,0:59,4:41,6/9,6,9,0.67,0:02,Yes,2,4:39,Calc,0:14,1,0,1,1,4:53,0:41,1939,0,0,0,1,0,5:34,4:39,3:26,4:07,1:16,2:42,3:39,0:53,5:34,Prempt,0:21,1,,5:55,F.PC,4,--,--,4,B57,--,--,,--,--,--,1:26,7:21,Bridge,OLD,3,--,1:38,,,,,,,,,,,,
ð³ð´,skycrab1,0,1,7:22.684,7:23.784,19 Apr 2024,741,(V),6338107534563615641,,Yes,https://www.speedrun.com/mc/runs/mew18n2m,7,23,784,443784,444,1,410359,1.081453069,421494,1.052883315,-0.0019,0.2447,4,199.0838,951.4867,927.2185,0.96502,,BT,,1x1 Magma,1:49,0:05,1:54,Housing,1:51,3:45,0:26,4:11,Fort,0:30,4:41,6/7,6,7,0.86,0:09,Yes,2,4:50,Calc,0:25,1,0,0,0,5:15,0:55,1439,0,0,1,0,0,6:10,4:50,3:01,3:56,1:38,2:32,3:11,1:29,6:10,Prempt,0:18,2,,6:28,Zero,7,,7,--,O,F Diag,F,Diag,94,T94,99,0:54,7:22,Housing,MANJ,5,DT,1:54,,,,,,,,,,,,
ð¨ð¦,Aquacorde,0,1,7:24.170,7:24.170,16 Oct 2025,196,(V),-1813865513517318496,,Yes,https://www.speedrun.com/mc/runs/ydo6pewz,7,24,170,444170,444,0,410359,1.082393709,410359,1.082393709,-0.0019,0.6891,4,502.0277,926.0536,926.0536,0.97030,,BT,,2x1 Magma,1:16,0:38,1:54,Housing,1:43,3:37,0:39,4:16,Fort,1:03,5:41,6/8,6,8,0.75,--,No,2,5:11,Calc,0:22,2,0,0,0,5:33,0:34,867,0,1,0,0,0,6:15,5:19,4:03,4:37,1:17,2:05,3:08,0:34,6:15,Prempt,0:21,1,,6:36,Zero,5,,5,--,H,F Diag,F,Diag,86,Tall Cage,99,0:48,7:24,Housing,TOPD,3,--,1:54,,,,,,,,,,,,
ð¸ð°,NoFear1337,1,1,7:24.504,7:26.254,08 Dec 2023,874,(V),-8415980398606239765,12,Yes,https://www.speedrun.com/mc/run/m7308v9y,7,26,254,446254,446,0,410359,1.087472189,465828,0.9579801987,-0.0019,0.1900,4,325.6236,1043.8309,919.6189,0.99928,,BT,,RP,1:39,0:33,2:12,Treasure,1:50,4:02,0:19,4:21,Fort,0:34,4:55,5/6,5,6,0.83,0:06,Yes,2,5:01,HP,0:36,2,0,0,0,5:37,0:36,1489,0,0,1,0,0,6:13,5:01,3:22,3:58,1:28,2:23,3:03,1:18,6:13,Prempt,0:16,4,,6:29,Zero,6,,6,--,O,F Diag,F,Diag,85,M85,95,0:55,7:24,Treasure,BOOMR,4,8/10,2:12,,,,,,,,,,,,
ð³ð´,skycrab1,0,0,7:27.923,7:27.923,20 Mar 2026,41,(U),-5301700605608362807,,,https://www.youtube.com/watch?v=gd8ToSBA6yY,7,27,923,447923,448,1,410359,1.091539359,410359,1.091539359,-0.0019,0.9251,4,651.6447,914.2861,914.2861,1.02309,,BT,ð,2x1 Magma,1:35,0:50,2:25,Treasure,1:40,4:05,0:15,4:20,Fort,0:31,4:51,6/7,6,7,0.86,0:11,Yes,2,5:02,Calc,0:10,1,1,0,1,5:12,1:07,1745,0,0,0,1,0,6:19,5:02,3:27,4:34,1:39,2:25,3:07,1:28,6:19,Prempt,0:22,1,1,6:41,Zero,5,,5,--,O,B Diag,B,Diag,91,M91,99,0:46,7:27,Treasure,BOOMR,4,10/15,2:25,,,,,,,,,,,,
ð«ð®,AndrewCrow,0,1,7:28.358,7:28.874,17 Feb 2026,72,(Q),todo,,,https://www.youtube.com/watch?v=RNTNMHEVNBo,7,28,874,448874,449,1,410359,1.093856842,410359,1.093856842,-0.0019,0.8721,4,609.1813,911.1751,911.1751,1.03690,,BT,,2x1 Magma,1:25,0:36,2:01,Bridge,1:53,3:54,0:13,4:07,Fort,0:52,4:59,6/7,6,7,0.86,0:09,Yes,2,5:08,Calc,0:30,1,0,0,0,5:38,0:44,1131,0,0,1,0,0,6:22,5:08,3:43,4:27,1:26,2:20,3:21,1:23,6:22,PR,0:12,2,,6:34,Zero,7,,7,--,O,F Diag,F,Diag,91,M91,99,0:54,7:28,Bridge,CRKSMK,3,--,2:01,,,,,,,,,,,,
ð¨ð¦,Jay12310,0,1,7:28.256,7:29.121,02 Aug 2024,636,(V),-6421260664080147265,,Yes,https://www.speedrun.com/mc/runs/y8prdrxz,7,29,121,449121,449,0,410359,1.094458754,421494,1.065545417,-0.0019,0.2987,4,231.6918,936.0757,910.3585,1.04052,,BT,,2x1 Magma,1:48,0:28,2:16,Fort,0:37,2:53,0:20,3:13,Housing,1:38,5:08,5/6,5,6,0.83,--,No,2,4:23,Calc,0:17,1,0,0,0,4:40,0:42,600,0,1,0,0,0,5:50,4:51,3:03,3:45,1:42,2:37,4:15,0:42,5:50,Prempt,0:43,3,,6:33,Zero,6,,6,--,O,F Diag,F,Diag,86,Tall Cage,95,0:55,7:28,Housing,MANH,3,--,3:13,,,,,,,,,,,,
ð©ðª,jason_n,0,1,7:29.374,7:29.374,06 Oct 2024,571,(V),-4936383011000236174,,Yes,https://www.speedrun.com/mc/runs/znxxp6vy,7,29,374,449374,449,0,410359,1.095075288,421494,1.066145663,-0.0019,0.3379,4,261.5578,935.3047,909.5182,1.04423,,BT,,Lava Pool,1:26,1:00,2:26,Stables,1:20,3:46,0:13,3:59,Fort,1:12,5:28,6/9,6,9,0.67,--,No,2,5:06,Calc,0:17,1,0,0,0,5:23,0:23,349,1,0,0,0,0,5:51,5:11,3:45,4:08,1:26,2:18,3:30,0:31,5:59,Prempt,0:38,1,,6:37,Zero,5,,5,--,H,F Diag,F,Diag,88,M88,95,0:52,7:29,Stables,DBTRPL,6,--,2:26,,,,,,,,,,,,
ð«ð®,sadekeppi,0,1,7:29.931,7:29.931,02 Apr 2025,393,(V),6582471955859004032,,Yes,https://www.speedrun.com/mc/runs/z5l4r5gy,7,29,931,449931,450,1,410359,1.096432636,421494,1.067467153,-0.0019,0.4739,4,365.0011,933.5943,907.6551,1.05245,,BT,,2x1 Magma,1:23,0:31,1:54,Housing,1:46,3:40,0:19,3:59,Fort,0:51,4:50,6/7,6,7,0.86,0:10,Yes,2,5:00,Calc,0:44,1,0,0,0,5:44,0:25,583,0,1,0,0,0,6:09,5:00,3:37,4:02,1:38,2:29,3:30,1:19,6:09,Prempt,0:29,1,,6:38,Zero,6,,6,--,O,F Diag,F,Diag,91,M91,99,0:51,7:29,Housing,MANH,5,--,1:54,,,,,,,,,,,,
ðºð¸,doogile,0,1,7:29.752,7:30.439,12 Dec 2023,870,(V),-8404662731985464270,18,Yes,https://www.speedrun.com/mc/runs/m3kq8ddy,7,30,439,450439,450,0,410359,1.097670576,446254,1.009378067,-0.0019,0.1915,4,184.4573,990.1543,905.9399,1.06001,,SH,,RP,1:46,0:35,2:21,Housing,1:28,3:49,0:31,4:20,Fort,0:31,4:51,5/7,5,7,0.71,0:12,Yes,2,5:03,HP,0:27,1,0,0,0,5:30,0:35,1102,0,0,1,0,0,6:05,5:03,3:17,3:52,1:12,2:26,3:09,1:14,6:05,Prempt,0:10,2,,6:15,F.Zero,5,--,--,5,B56,F Diag,F,Diag,91,M91,--,1:14,7:29,Housing,MANH,3,--,2:21,,,,,,,,,,,,
ðµð±,watermelon1708,0,1,7:30.263,7:30.682,04 Dec 2025,147,(U),-8027616666562891938,,Yes,https://www.youtube.com/watch?v=zaVHr65a7Uk&list=PLZ59bMb0zBUSR6W9smbN1LDkQJlGfPEUk&index=4,7,30,682,450682,451,1,410359,1.098262741,410359,1.098262741,-0.0019,0.7563,4,519.8482,905.1140,905.1140,1.06364,,BT,,2x1 Magma,1:12,0:57,2:09,Housing,1:34,3:43,0:10,3:53,Fort,1:34,5:40,5/9,5,9,0.56,--,No,2,5:13,Calc,0:13,1,0,1,1,5:26,0:37,1450,0,0,1,0,0,6:17,5:27,4:15,4:52,1:12,2:03,3:37,0:37,6:17,Prempt,0:22,1,,6:39,Zero,5,,5,--,H,F Diag,F,Diag,85,M85,95,0:51,7:30,Housing,TOPD,5,DBTRPL,2:09,,,,,,,,,,,,
ðºð¸,itsnahan,0,1,7:32.783,7:32.783,04 Jun 2025,330,(V),4115833317145621618,,Yes,https://www.speedrun.com/mc/runs/zqp1639m,7,32,783,452783,453,1,410359,1.103382648,421494,1.07423356,-0.0019,0.5342,4,401.1460,924.5502,897.8264,1.09553,,BT,,Lava Pool,1:31,0:10,1:41,Bridge,1:58,3:39,0:14,3:53,Fort,1:07,5:00,5/11,5,11,0.45,0:17,Yes,2,5:17,Calc,0:36,1,0,0,0,5:53,0:29,unknown,0,0,0,0,0,6:22,5:17,3:46,4:15,1:23,2:15,3:39,1:22,6:22,Prempt,0:18,2,,6:40,Zero,6,,6,--,O,B Diag,B,Diag,85,M85,95,0:52,7:32,Bridge,SOOG,3,DT,1:41,,,,,,,,,,,,
ð³ð´,skycrab1,0,0,7:25.567,7:32.827,19 Aug 2024,619,(U),4927231128345776418,,Yes,https://www.youtube.com/watch?v=87ruBPBpgbg&list=PLU3_fvoJ1GyMStiA29z37DUPtG47PvOJz&index=57,7,32,827,452827,453,1,410359,1.103489871,421494,1.07433795,-0.0019,0.3085,4,231.5595,924.4069,897.6709,1.09620,,BT,,2x1 Magma,1:13,0:37,1:50,Bridge,1:59,3:49,0:14,4:03,Fort,0:45,4:48,6/11,6,11,0.55,0:10,Yes,2,4:58,Calc,0:19,1,0,0,0,5:17,0:45,1485,0,0,1,0,0,6:02,4:58,3:45,4:30,1:28,2:27,3:22,1:14,6:02,Prempt,0:24,2,,6:26,Zero,6,,6,--,O,B Diag,B,Diag,76,Small Boi,90,0:59,7:25,Bridge,OLD,6,DT,1:50,,,,,,,,,,,,
ð¸ð°,NoFear1337,0,0,7:29.999,7:32.999,21 Jan 2024,830,(U),1330456095954625394,,Yes,https://www.youtube.com/watch?v=u1WAriPLZMQ,7,32,999,452999,453,1,410359,1.103909016,421494,1.074746022,-0.0019,0.2066,4,154.8439,923.8456,897.0621,1.09886,,BT,,2x1 Magma,1:23,0:13,1:36,Housing,1:00,2:36,0:15,2:51,Fort,1:52,5:10,6/12,6,12,0.50,--,No,2,3:42,Calc,0:27,1,0,0,0,4:09,0:33,198,1,0,0,0,0,5:43,4:43,3:20,3:53,1:19,2:46,4:38,0:33,5:43,Prempt,0:19,1,,6:02,Perch,4,--,--,4,B58,--,--,,--,--,--,1:27,7:29,Housing,MANH,3,--,1:36,,,,,,,,,,,,
ðµð±,kazzruns,0,1,7:33.804,7:33.804,24 Jul 2025,280,(V),-5890829594904468442,,Yes,https://www.speedrun.com/mc/runs/yjqo30nm,7,33,804,453804,454,1,410359,1.105870713,410359,1.105870713,-0.0019,0.5874,4,392.7696,894.1889,894.1889,1.11135,,BT,,2x1 Magma,1:13,0:14,1:27,Stables,1:39,3:06,0:09,3:15,Fort,1:23,5:01,6/8,6,8,0.75,--,No,2,4:20,Calc,0:23,2,1,1,2,4:43,1:13,2302,0,0,0,0,1,6:14,4:38,3:25,4:38,1:56,2:55,4:18,1:13,6:14,Prempt,0:20,2,,6:34,Perch,5,--,--,5,O,--,--,,--,--,--,0:59,7:33,Stables,DBTRPL,7,TTD,1:27,,,,,,,,,,,,
ð¨ð¦,Aquacorde,0,0,7:34.421,7:34.056,03 Mar 2026,58,(U),6573117783169949946,,,https://www.youtube.com/watch?v=l__1dhyvdjw,7,34,56,454056,454,0,410359,1.10648481,410359,1.10648481,-0.0019,0.8957,4,597.5289,893.2814,893.2814,1.11529,,BT,â,Lava Pool,1:01,0:16,1:17,Housing,1:24,2:41,1:04,3:45,Fort,2:03,6:05,5/12,5,12,0.42,--,No,2,4:42,Calc,0:17,1,0,0,0,4:59,0:32,333,1,0,0,0,0,6:37,5:48,4:47,5:19,1:02,1:46,3:49,0:32,6:37,Prempt,0:13,3,,6:50,Zero,4,2,4,--,O,F Diag,F,Diag,88,M88,99,0:44,7:34,Housing,MANH,3,--,1:17,,,,,,,,,,,,
ðºð¸,Feinberg,0,1,7:34.367,7:34.367,28 Apr 2026,2,(Q),todo,,,https://www.youtube.com/watch?v=iOWwIieY6C4,7,34,367,454367,454,0,410359,1.107242683,410359,1.107242683,-0.0019,0.9962,4,662.7938,892.1560,892.1560,1.12016,,BT,â,2x1 Magma,1:34,0:34,2:08,Housing,1:46,3:54,0:27,4:21,Fort,1:11,6:06,6/11,6,11,0.55,--,No,2,5:21,Calc,0:34,2,0,0,0,5:55,0:24,1381,0,0,1,0,0,6:30,5:32,3:58,4:22,1:15,2:02,3:13,0:24,6:30,Prempt,0:17,1,0,6:47,Zero,5,3,5,--,O,B Diag,B,Diag,91,M91,99,0:47,7:34,Housing,TOPD,3,--,2:08,,,,,,,,,,,,
ðºð¸,itsnahan,0,0,7:34.447,7:34.546,19 Dec 2025,132,(U),-7173684177694873982,,Yes,https://www.youtube.com/watch?v=1_O9cZzkKpk,7,34,546,454546,455,1,410359,1.107678886,410359,1.107678886,-0.0019,0.7782,4,516.9201,891.5057,891.5057,1.12298,,BT,,2x1 Magma,1:24,0:34,1:58,Housing,1:45,3:43,0:04,3:47,Fort,1:53,5:56,6/7,6,7,0.86,--,No,2,5:07,Calc,0:16,1,0,0,0,5:23,0:24,unknown,0,0,0,0,0,6:20,5:40,4:16,4:40,1:02,1:54,3:47,0:24,6:20,Prempt,0:22,1,,6:42,Zero,6,,6,--,O,F 1/8,F,1/8,--,--,92,0:52,7:34,Housing,TOPD,8,DBTRPL,1:58,,,,,,,,,,,,
ð¦ð¿,KenanKardes,0,1,7:35.447,7:34.838,13 Sep 2024,594,(V),5361864572335160821,,Yes,https://www.speedrun.com/mc/runs/zx0e765z,7,34,838,454838,455,1,410359,1.108390458,421494,1.079109074,-0.0019,0.3235,4,238.5579,917.7320,890.4405,1.12759,,BT,â,2x1 Magma,1:37,0:52,2:29,Housing,1:14,3:43,0:15,3:58,Fort,1:38,5:48,6/9,6,9,0.67,--,No,2,5:17,Calc,0:12,1,1,0,1,5:29,0:28,895,0,1,0,0,0,6:16,5:36,3:59,4:27,1:12,1:59,3:37,0:28,6:16,Prempt,0:32,1,,6:48,Zero,4,2,4,--,B56,F Diag,F,Diag,91,M91,95,0:47,7:35,Housing,MANH,3,DBTRPL,2:29,,,,,,,,,,,,
ðµð±,watermelon1708,0,0,7:35.875,7:35.875,21 Feb 2026,68,(U),unknown,,,https://www.youtube.com/watch?v=3E-mIUUQVAU,7,35,875,455875,456,1,410359,1.110917514,410359,1.110917514,-0.0019,0.8788,4,576.9815,886.6156,886.6156,1.14410,,BT,ð,2x1 Magma,1:36,0:19,1:55,Housing,1:39,3:34,0:36,4:10,Fort,1:17,5:27,6/11,6,11,0.55,0:05,Yes,2,5:32,Calc,0:39,1,0,0,0,6:11,0:20,349,1,0,0,0,0,6:31,5:32,3:56,4:16,1:15,2:03,3:25,1:04,6:31,Prempt,0:16,2,0,6:47,Zero,6,3,6,--,O,B 1/8,B,1/8,--,--,93,0:48,7:35,Housing,MANH,4,,1:55,,,,,,,,,,,,
ð©ðª,jason_n,0,0,7:36.562,7:36.562,27 Dec 2025,124,(U),5101166286806026119,,Yes,https://www.youtube.com/watch?v=PIIJU2GwFP4&list=PLZ59bMb0zBUSR6W9smbN1LDkQJlGfPEUk&index=1,7,36,562,456562,457,1,410359,1.112591658,410359,1.112591658,-0.0019,0.7901,4,515.6286,884.0452,884.0452,1.15517,,BT,,2x1 Magma,1:20,0:32,1:52,Housing,1:39,3:31,0:03,3:34,Fort,0:26,4:00,5/6,5,6,0.83,0:23,Yes,2,4:23,HP,0:36,1,0,0,0,4:59,0:32,1611,0,0,0,1,0,5:31,4:23,3:03,3:35,1:36,3:13,4:02,1:31,5:31,Prempt,0:28,2,,5:59,F.Zero,5,--,--,5,O,B Diag,B,Diag,97,T97(F),--,1:37,7:36,Housing,MANH,3,N/A,1:52,,,,,,,,,,,,
ð©ðª,jason_n,0,0,7:38.273,7:38.273,12 Nov 2025,169,(U),2886416364403862215,,Yes,https://www.youtube.com/watch?v=bA3Sck4VKWw,7,38,273,458273,458,0,410359,1.116761177,410359,1.116761177,-0.0019,0.7254,4,466.3444,877.5166,877.5166,1.18316,,BT,â,2x1 Magma,1:13,0:39,1:52,Treasure,2:03,3:55,0:14,4:09,Fort,1:11,5:20,7/8,7,8,0.88,0:07,Yes,1,5:27,Blind,0:49,1,0,1,1,--,--,243,1,0,0,0,0,--,5:27,4:14,4:14,1:20,2:11,3:29,0:56,6:16,Prempt,0:31,1,0,6:47,Zero,6,4,6,--,O,B Diag,B,Diag,91,M91,99,0:51,7:38,Treasure,NEW,4,--,1:52,,,,,,,,,,,,
ð©ð°,Bloopy,0,1,7:35.809,7:38.482,28 Nov 2024,518,(V),-7640184333545180122,,Yes,https://www.speedrun.com/mc/runs/zxj96rqy,7,38,482,458482,458,0,410359,1.117270488,421494,1.087754511,-0.0019,0.3737,4,266.9585,905.0064,876.7066,1.18662,,BT,â,Lava Pool,1:21,0:00,1:21,Stables,2:06,3:27,0:12,3:39,Fort,1:33,5:45,6/8,6,8,0.75,--,No,2,5:02,Calc,0:33,1,0,0,0,5:35,0:43,965,0,1,0,0,0,6:28,5:12,3:51,4:34,1:31,2:23,3:56,0:43,6:28,Prempt,0:15,2,0,6:43,Perch,4,,--,4,B57,B Diag,B,Diag,--,--,--,0:52,7:35,Stables,DBTRPL,6,--,1:21,,,,,,,,,,,,
ð®ð±,orachi,0,1,7:36.656,7:38.738,17 Apr 2026,13,(Q),1736164389740735086,,,https://youtu.be/OYGFbW4afPw?si=is-E-XG_ij3QA938,7,38,738,458738,459,1,410359,1.117894332,410359,1.117894332,-0.0019,0.9756,4,624.6977,875.7108,875.7108,1.19088,,BT,â,Cave Lava,1:39,0:33,2:12,Housing,01:47,3:59,0:26,4:25,Fort,1:06,5:31,7/8,7,8,0.88,0:15,Yes,2,5:46,Calc,0:11,1,0,1,1,5:57,0:28,695,0,1,0,0,0,6:25,5:46,4:07,4:35,1:02,1:50,3:11,0:54,6:25,Prempt,0:23,2,0,6:48,Zero,5,4,5,--,O,B Diag,B,Diag,94,T94,99,0:48,7:36,Housing,MANH,4,--,2:12,,,,,,,,,,,,
ð³ð´,skycrab1,0,0,7:39.667,7:39.667,08 Mar 2026,53,(U),488777781406333665,,,https://www.youtube.com/watch?v=bCf8wapBEIU,7,39,667,459667,460,1,410359,1.120158203,410359,1.120158203,-0.0019,0.9042,4,574.3136,872.0627,872.0627,1.20643,,BT,â,2x1 Magma,1:16,0:53,2:09,Housing,01:39,3:48,0:18,4:06,Fort,1:20,5:39,6/8,6,8,0.75,--,No,2,5:21,Calc,0:13,1,0,0,0,5:34,0:31,755,0,1,0,0,0,6:10,5:26,4:10,4:41,1:28,2:13,3:33,0:31,6:10,Prempt,0:44,1,0,6:54,Zero,5,3,5,--,H,F Diag,F,Diag,91,M91,99,0:45,7:39,Housing,TOPD,5,--,2:09,,,,,,,,,,,,
ðºð¸,Infume,0,1,7:39.778,7:39.778,06 Jun 2025,328,(Q),-8467677866844055286,,,https://www.youtube.com/watch?v=UnKMvsVNbYU,7,39,778,459778,460,1,410359,1.120428698,421494,1.090829288,-0.0019,0.5362,4,378.7220,900.2814,871.6232,1.20831,,BT,â,2x1 Magma,1:08,0:38,1:46,Treasure,01:44,3:30,0:29,3:59,Fort,1:28,5:58,6/8,6,8,0.75,--,No,2,5:21,Calc,0:31,1,0,0,0,5:52,0:34,610,0,1,0,0,0,6:32,5:27,4:19,4:53,1:26,2:12,3:40,0:34,6:32,Prempt,0:21,0,0,6:53,Zero,4,2,4,--,H,B 1/8,B,1/8,--,--,92,0:46,7:39,Treasure,BOOMR,4,--,1:46,,,,,,,,,,,,
ðºð¸,doogile,0,0,7:38.813,7:40.190,19 Oct 2025,193,(U),-6371149676202072948,,Yes,https://www.youtube.com/watch?v=HUv4d3f0b0Y,7,40,190,460190,460,0,410359,1.121432697,410359,1.121432697,-0.0019,0.6930,4,438.1788,869.9850,869.9850,1.21528,,BT,ð,2x1 Magma,1:17,0:32,1:49,Treasure,02:25,4:14,0:11,4:25,Fort,0:40,5:05,5/7,5,7,0.71,0:11,Yes,2,5:16,Blind,0:43,1,0,0,0,--,--,269,1,0,0,0,0,--,5:16,3:59,3:59,0:46,2:22,3:13,0:54,5:59,OEPR,0:03,2,2,6:02,Perch,3,--,--,3,H,--,--,,--,--,--,1:36,7:38,Treasure,BOOMR,5,--,1:49,,,,,,,,,,,,
ð³ð´,skycrab1,0,0,7:39.953,7:41.343,19 Dec 2025,132,(U),9053135870907266934,,Yes,https://www.youtube.com/watch?v=9YRVwmSP0e4&list=PLU3_fvoJ1GyMStiA29z37DUPtG47PvOJz&index=162,7,41,343,461343,461,0,410359,1.124242432,410359,1.124242432,-0.0019,0.7782,4,487.1235,865.3439,865.3439,1.23498,,BT,â,2x1 Magma,1:31,0:34,2:05,Bridge,02:04,4:09,0:13,4:22,Fort,1:37,6:14,5/13,5,13,0.38,--,No,2,5:39,Calc,0:15,1,0,0,0,5:54,0:16,692,0,1,0,0,0,6:30,5:59,4:28,4:44,0:45,1:40,3:17,0:16,6:30,Prempt,0:14,3,2,6:44,Zero,6,6,6,--,H,F Diag,F,Diag,85,M85,94,0:55,7:39,Bridge,DK,3,--,2:05,,,,,,,,,,,,
ð¹ð¿,Kxpow,0,1,7:41.490,7:41.490,05 Oct 2025,207,(V),3413784149860051440,,Yes,https://www.speedrun.com/mc/runs/y2rqdr6m,7,41,490,461490,461,0,410359,1.124600655,410359,1.124600655,-0.0019,0.6748,4,421.8894,864.7462,864.7462,1.23752,,BT,â,Cave Lava,1:39,0:23,2:02,Stables,01:48,3:50,0:39,4:29,Fort,0:54,5:48,6/7,6,7,0.86,--,No,2,5:15,Calc,0:25,1,0,0,0,5:40,0:39,1383,0,0,1,0,0,6:27,5:23,3:44,4:23,1:27,2:18,3:12,0:39,6:27,Prempt,0:23,1,0,6:50,Zero,5,4,5,--,O,B Diag,B,Diag,85,M85,95,0:51,7:41,Stables,GAP,3,--,2:02,,,,,,,,,,,,
ð¿ð¦,Airpodsz,0,1,7:43.320,7:43.320,20 Mar 2026,41,(Q),253105556005796161,,,https://www.youtube.com/watch?v=oivHIFg_uFM,7,43,320,463320,463,0,410359,1.129060164,410359,1.129060164,-0.0019,0.9251,4,569.2462,857.1901,857.1901,1.26947,,BT,â,2x1 Magma,1:29,0:40,2:09,Bridge,02:14,4:23,0:15,4:38,Fort,0:49,5:27,5/6,5,6,0.83,0:10,Yes,1,5:37,Blind,0:50,1,0,0,0,--,--,109,1,0,0,0,0,--,5:37,4:08,4:08,1:17,2:06,3:05,1:00,6:27,Prempt,0:27,2,2,6:54,Zero,5,3,5,--,O,B Diag,B,Diag,86,Tall Cage,95,0:49,7:43,Bridge,CRKSMK,3,DBTRPL,2:09,,,,,,,,,,,,
ð¬ð§,priffie,0,1,7:43.529,7:43.909,24 Oct 2024,553,(V),-3978494106932821584,,Yes,https://www.speedrun.com/mc/runs/y6e87kpz,7,43,909,463909,464,1,410359,1.130495493,421494,1.100630139,-0.0019,0.3497,4,238.2984,884.5093,854.7129,1.27992,,BT,â,Cave Lava,1:23,0:38,2:01,Stables,01:42,3:43,0:18,4:01,Fort,0:56,4:57,6/10,6,10,0.60,0:15,Yes,1,5:12,Blind,0:40,1,0,0,0,--,--,90,1,0,0,0,0,6:27,5:12,3:49,3:49,1:39,2:31,3:42,0:55,5:52,Prempt,0:59,0,0,6:51,Zero,5,4,5,--,O,F Diag,F,Diag,85,M85,95,0:52,7:43,Stables,DBTRPL,8,DBTRPL,2:01,,,,,,,,,,,,
ð©ð°,Bloopy,0,0,7:44.248,7:44.248,07 Mar 2026,54,(U),-7077016121021295276,,,https://www.youtube.com/watch?v=1gyyI3VzVgg,7,44,248,464248,464,0,410359,1.131321599,410359,1.131321599,-0.0019,0.9025,4,550.9308,853.2771,853.2771,1.28597,,BT,â,2x1 Magma,1:32,0:39,2:11,Housing,01:25,3:36,0:07,3:43,Fort,1:06,4:49,6/7,6,7,0.86,0:11,Yes,2,5:00,Calc,0:32,2,0,0,0,5:32,0:38,1522,0,0,0,1,0,6:10,5:00,3:28,4:06,1:53,2:44,4:01,1:21,6:10,Prempt,0:43,0,0,6:53,Zero,5,4,5,--,O,F Diag,F,Diag,85,M85,95,0:51,7:44,Housing,MANH,5,RUIN,2:11,,,,,,,,,,,,
ðºð¸,Zylenox,0,1,7:44.775,7:45.223,12 Mar 2026,49,(Q),todo,,,https://www.youtube.com/watch?v=hi8zV9Wnris,7,45,223,465223,465,0,410359,1.133697567,410359,1.133697567,-0.0019,0.9111,4,551.5417,849.1066,849.1066,1.30351,,BT,ð,Lava Pool,1:16,0:12,1:28,Housing,01:35,3:03,0:28,3:31,Fort,1:27,5:13,5/9,5,9,0.56,--,No,2,4:45,Calc,0:15,1,0,0,0,5:00,0:41,1826,0,0,0,1,0,5:54,4:58,3:42,4:23,1:56,2:46,4:13,0:41,5:54,Prempt,1:00,3,2,6:54,Zero,6,4,6,--,O,B Diag,B,Diag,97,T97,100,0:50,7:44,Housing,MANH,5,--,1:28,,,,,,,,,,,,
ð¸ðª,PAPLERR,0,0,7:45.368,7:45.368,15 May 2025,350,(V),2933743551005337304,,Yes,https://www.speedrun.com/mc/runs/zngk8olm,7,45,368,465368,465,0,410359,1.134050916,421494,1.104091636,-0.0019,0.5143,4,346.0778,878.6770,848.4812,1.30614,,BT,ð,2x1 Magma,1:23,0:38,2:01,Bridge,01:44,3:45,0:06,3:51,Fort,1:24,5:34,5/10,5,10,0.50,--,No,2,5:02,Calc,0:19,2,0,1,1,5:21,0:38,1333,0,0,1,0,0,6:12,5:15,3:52,4:30,1:43,2:30,3:54,0:38,6:12,Prempt,0:46,4,3,6:58,Zero,5,3,5,--,O,B 1/8,B,1/8,--,--,93,0:47,7:45,Bridge,PAPL,3,,2:01,,,,,,,,,,,,
ð«ð·,M4xx,0,1,7:45.390,7:45.390,04 Mar 2026,57,(Q),805412740251903790,,,https://www.youtube.com/watch?v=dBMHGH7DJCc,7,45,390,465390,465,0,410359,1.134104528,410359,1.134104528,-0.0019,0.8974,4,542.4423,848.3862,848.3862,1.30654,,BT,ð,2x1 Magma,1:28,0:15,1:43,Housing,01:43,3:26,0:10,3:36,Fort,1:46,5:34,6/12,6,12,0.50,--,No,2,4:34,Calc,0:12,1,1,0,1,4:46,0:28,751,0,1,0,0,0,6:02,5:22,3:54,4:22,1:33,2:23,4:09,0:31,6:05,Prempt,0:50,2,1,6:55,Zero,5,3,5,--,B56,F Diag,F,Diag,88,M88,95,0:50,7:45,Housing,MANH,3,,1:43,,,,,,,,,,,,
ð¹ð·,Ancoboy,0,1,7:40.016,7:45.590,11 Dec 2025,140,(V),-5628543556500972011,,,https://www.speedrun.com/mc/runs/yv580x4m,7,45,590,465590,466,1,410359,1.134591906,410359,1.134591906,-0.0019,0.7664,4,462.5077,847.5210,847.5210,1.31017,,BT,â,2x1 Magma,1:28,0:52,2:20,Treasure,01:43,4:03,0:12,4:15,Fort,1:06,6:01,7/9,7,9,0.78,--,No,2,5:15,Calc,0:40,2,1,0,1,5:55,0:24,1203,0,0,1,0,0,6:25,5:21,3:53,4:17,1:23,2:19,3:25,0:24,6:25,Prempt,0:19,0,0,6:44,Zero,6,6,6,--,B58,F diag,F,diag,100,T100,95,0:56,7:40,Treasure,BOOMR,4,,2:20,,,,,,,,,,,,
ðºð¸,Zylenox,1,1,7:42.999,7:45.828,07 Feb 2023,1178,(V),7499203634667178692,15,Yes,https://www.speedrun.com/mc/run/zg2q0lny,7,45,828,465828,466,1,410359,1.135171886,495537,0.9400468583,-0.0019,0.1067,4,236.5728,1084.6641,846.4882,1.31451,,BT,â,2x1 Magma,1:08,0:34,1:42,Housing,01:17,2:59,0:12,3:11,Fort,1:42,5:16,6/9,6,9,0.67,--,No,2,4:40,Calc,0:23,2,1,0,1,5:03,0:34,1111,0,0,1,0,0,5:50,4:53,3:45,4:19,1:21,2:49,4:31,0:34,5:50,Prempt,0:24,1,1,6:14,Perch,5,--,--,5,--,--,--,--,--,--,--,1:28,7:42,Housing,MANH,3,,1:42,,,,,,,,,,,,
ð®ð±,orachi,0,1,7:43.169,7:47.566,08 Jul 2025,296,(V),4897417229505621926,,Yes,https://www.speedrun.com/mc/runs/me2eeo2m,7,47,566,467566,468,1,410359,1.139407202,410359,1.139407202,-0.0019,0.5698,4,338.0936,838.8355,838.8355,1.34659,,BT,â,2x1 Magma,1:18,0:34,1:52,Housing,01:48,3:40,0:13,3:53,Fort,1:15,5:08,6/11,6,11,0.55,0:12,Yes,2,5:20,Calc,0:32,1,0,0,0,5:52,0:35,1666,0,0,0,1,0,6:27,5:20,4:02,4:37,1:30,2:23,3:50,1:19,6:27,Prempt,0:23,1,0,6:50,Zero,6,5,6,--,O,B Diag,B,Diag,83,Small Cage,95,0:53,7:43,Housing,TOPD,6,,1:52,,,,,,,,,,,,
ðºð¸,meebie,0,1,7:46.598,7:47.588,23 Nov 2024,523,(V),-6994443511834809581,,Yes,https://www.speedrun.com/mc/runs/y4lpk63z,7,47,588,467588,468,1,410359,1.139460814,421494,1.109358615,-0.0019,0.3702,4,244.4296,869.5372,838.7374,1.34700,,BT,â,2x1 Magma,1:42,0:47,2:29,Bridge,01:42,4:11,0:23,4:34,Fort,1:29,5:12,6/6,6,6,1.00,--,No,2,5:24,Calc,0:27,1,1,0,1,5:51,1:29,1044,0,0,1,0,0,6:41,6:03,4:21,4:32,0:56,1:43,3:12,1:29,6:41,Prempt,0:18,1,1,6:59,Zero,5,4,5,--,O,F Diag,F,Diag,103,T103,104,0:47,7:46,Bridge,CRKSMK,3,,2:29,,,,,,,,,,,,
ð³ð´,skycrab1,0,0,7:48.043,7:48.043,24 Apr 2025,371,(U),9061699410068612393,,Yes,https://www.youtube.com/watch?v=GoPCnP2PyWo&list=PLU3_fvoJ1GyMStiA29z37DUPtG47PvOJz&index=121,7,48,43,468043,468,0,410359,1.140569599,421494,1.110438108,-0.0019,0.4942,4,325.0038,867.6241,836.7013,1.35552,,SH,ð,Lava Pool,1:19,0:38,1:57,Housing,01:34,3:31,0:21,3:52,Fort,1:05,5:25,6/6,6,6,1.00,--,No,2,4:50,Calc,0:28,1,1,0,1,5:18,0:38,1450,0,0,1,0,0,6:03,4:57,3:38,4:16,1:27,2:51,3:56,0:38,6:03,Prempt,0:21,1,1,6:24,Flew,4,--,F1,4,FO,FB FDiag,FB,FDiag,F95,Tall Cage (F),F86,1:24,7:48,Housing,TOPD,6,DBTRPL,1:57,,,,,,,,,,,,
ð¦ð¿,KenanKardes,0,0,7:46.865,7:48.393,21 Aug 2025,252,(U),-11765461984395005,,Yes,https://www.youtube.com/watch?v=iKXaGZ3zmX8,7,48,393,468393,468,0,410359,1.141422511,410359,1.141422511,-0.0019,0.6195,4,364.9842,835.1260,835.1260,1.36210,,BT,â,2x1 Magma,1:21,0:44,2:05,Stables,01:29,3:34,0:23,3:57,Fort,1:39,5:55,6/13,6,13,0.46,,No,2,5:32,Calc,0:19,1,0,0,0,5:51,0:22,566,0,1,0,0,0,6:17,5:36,4:15,4:37,1:21,2:10,3:49,0:22,6:17,Prempt,0:40,0,1,6:57,Zero,5,3,5,--,B57,F Diag,F,Diag,88,M88,95,0:49,7:46,Stables,DBTRPL,6,SDD,2:05,,,,,,,,,,,,
ð¹ð¿,Kxpow,0,1,7:48.623,7:48.623,09 Jun 2025,325,(V),692932803524010650,,Yes,https://www.speedrun.com/mc/runs/zpo1xonm,7,48,623,468623,469,1,410359,1.141982995,421494,1.111814166,-0.0019,0.5393,4,352.9347,865.1659,834.0865,1.36645,,,,,,,,,,,,,Fort,,,,,,,,,,,,0:00,,,,,,,,,,,,,,,,,,,,,,,,,,,,,,,,,,,,,,,,,,,,,,,,,,,,,,,,,
ð¸ðª,v_strid,0,1,7:49.149,7:49.149,08 Jun 2025,326,(V),6117620716132541251,,Yes,https://www.speedrun.com/mc/runs/yw2qgp0y,7,49,149,469149,469,0,410359,1.1432648,421494,1.113062108,-0.0019,0.5383,4,350.6876,862.9173,831.6964,1.37643,,,,,,,,,,,,,Fort,,,,,,,,,,,,0:00,,,,,,,,,,,,,,,,,,,,,,,,,,,,,,--,,,,,,,,,,,,,,,,,,,,,,,,,,,
ðºð¸,doogile,0,0,7:48.748,7:50.206,29 Feb 2024,791,(U),8277071365134778012,,Yes,https://www.youtube.com/watch?v=ktTRyL2JWz0,7,50,206,470206,470,0,410359,1.145840593,421494,1.115569854,-0.0019,0.2225,4,143.6520,858.3438,826.8395,1.39670,,,,,,,,,,,,,,,,,,,,,,,,,0:00,,,,,,,,,,,,,,,,,,,,,,,,,,,,,,--,,,,,,,,,,,,,,,,,,,,,,,,,,,
ð¬ð§,priffie,0,1,7:50.291,7:50.291,05 Jun 2024,694,(V),6555576914548637179,,Yes,https://www.speedrun.com/mc/runs/ywg2ldnz,7,50,291,470291,470,0,410359,1.146047729,421494,1.115771518,-0.0019,0.2675,4,172.5990,857.9728,826.4458,1.39834,,,,,,,,,,,,,,,,,,,,,,,,,0:00,,,,,,,,,,,,,,,,,,,,,,,,,,,,,,--,,,,,,,,,,,,,,,,,,,,,,,,,,,
ð³ð´,skycrab1,0,0,7:50.670,7:50.670,18 Nov 2024,528,(U),-1765111318942208381,,Yes,https://www.youtube.com/watch?v=JfVKj2Nz5vE&list=PLU3_fvoJ1GyMStiA29z37DUPtG47PvOJz&index=97,7,50,670,470670,471,1,410359,1.14697131,421494,1.1166707,-0.0019,0.3667,4,235.8388,856.3128,824.6847,1.40568,,,,,,,,,,,,,,,,,,,,,,,,,0:00,,,,,,,,,,,,,,,,,,,,,,,,,,,,,,--,,,,,,,,,,,,,,,,,,,,,,,,,,,
ðºð¸,doogile,0,1,7:50.112,7:51.014,21 Jun 2023,1044,(V),291596226023214174,15,Yes,https://www.speedrun.com/mc/run/zgedgrvy,7,51,14,471014,471,0,410359,1.147809601,465828,1.011132864,-0.0019,0.1376,4,131.6135,984.4847,823.0783,1.41238,,,,,,,,,,,,,,,,,,,,,,,,,0:00,,,,,,,,,,,,,,,,,,,,,,,,,,,,,,--,,,,,,,,,,,,,,,,,,,,,,,,,,,
ð¦ðº,mikky_,0,1,7:51.104,7:51.620,19 Sep 2024,588,(V),-7641908410120115826,,Yes,https://www.speedrun.com/mc/runs/ydljp8jz,7,51,620,471620,472,1,410359,1.149286357,421494,1.118924587,-0.0019,0.3272,4,208.7387,852.1102,820.2297,1.42424,,,,,,,,,,,,,,,,,,,,,,,,,0:00,,,,,,,,,,,,,,,,,,,,,,,,,,,,,,--,,,,,,,,,,,,,,,,,,,,,,,,,,,
BlazeMind,BlazeMind,0,1,7:49.832,7:51.665,27 Jan 2026,93,(Q),tbd,,,https://www.youtube.com/watch?v=0e-OYyUWBT0,7,51,665,471665,472,1,410359,1.149396017,410359,1.149396017,-0.0019,0.8380,4,480.1550,820.0172,820.0172,1.42513,,,,,,,,,,,,,,,,,,,,,,,,,0:00,,,,,,,,,,,,,,,,,,,,,,,,,,,,,,--,,,,,,,,,,,,,,,,,,,,,,,,,,,
ð³ð´,skycrab1,0,0,7:51.826,7:51.826,25 Dec 2024,491,(U),-7679264656588706480,,Yes,https://www.youtube.com/watch?v=Nag0tKfRWgc&list=PLU3_fvoJ1GyMStiA29z37DUPtG47PvOJz&index=106,7,51,826,471826,472,1,410359,1.149788356,421494,1.119413325,-0.0019,0.3934,4,250.5445,851.1910,819.2559,1.42830,,,,,,,,,,,,,,,,,,,,,,,,,0:00,,,,,,,,,,,,,,,,,,,,,,,,,,,,,,--,,,,,,,,,,,,,,,,,,,,,,,,,,,
ð¨ð¦,Jay12310,0,0,7:52.961,7:52.961,14 Mar 2026,47,(U),unknown,,,https://www.youtube.com/watch?v=z39xlzHCJik,7,52,961,472961,473,1,410359,1.152554227,410359,1.152554227,-0.0019,0.9146,4,518.2890,813.8419,813.8419,1.45083,,,,,,,,,,,,,,,,,,,,,,,,,0:00,,,,,,,,,,,,,,,,,,,,,,,,,,,,,,,,,,,,,,,,,,,,,,,,,,,,,,,,,
ð³ð´,skycrab1,0,0,7:52.279,7:53.490,14 May 2024,716,(U),3412336035458832291,,Yes,https://www.youtube.com/watch?v=zY_QWRWxGE0&list=PLU3_fvoJ1GyMStiA29z37DUPtG47PvOJz&index=20,7,53,490,473490,473,0,410359,1.153843342,421494,1.123361187,-0.0019,0.2566,4,161.1047,843.6630,811.2902,1.46144,,,,,,,,,,,,,,,,,,,,,,,,,0:00,,,,,,,,,,,,,,,,,,,,,,,,,,,,,,--,,,,,,,,,,,,,,,,,,,,,,,,,,,
ðºð¸,meebie,0,0,7:50.698,7:53.506,28 Jun 2025,306,(U),5748636184496198066,,Yes,https://www.youtube.com/watch?v=giuYrUlLBq8,7,53,506,473506,474,1,410359,1.153882332,410359,1.153882332,-0.0019,0.5591,4,315.3952,811.2127,811.2127,1.46176,,,,,,,,,,,,,,,,,,,,,,,,,0:00,,,,,,,,,,,,,,,,,,,,,,,,,,,,,,--,,,,,,,,,,,,,,,,,,,,,,,,,,,
ð¹ð·,ulsahin,0,1,7:51.545,7:53.512,24 Oct 2025,188,(V),7066468390795139054,,Yes,https://www.speedrun.com/mc/runs/mr5kp38y,7,53,512,473512,474,1,410359,1.153896954,410359,1.153896954,-0.0019,0.6996,4,394.6407,811.1837,811.1837,1.46188,,,,,,,,,,,,,,,,,,,,,,,,,0:00,,,,,,,,,,,,,,,,,,,,,,,,,,,,,,--,,,,,,,,,,,,,,,,,,,,,,,,,,,
ðºð¸,doogile,0,0,7:52.863,7:53.548,27 Jan 2024,824,(U),-2273417716457818411,18,Yes,https://www.youtube.com/watch?v=E-qMOVRq0Go,7,53,548,473548,474,1,410359,1.153984682,421494,1.123498792,-0.0019,0.2090,4,131.1530,843.3973,811.0093,1.46261,,,,,,,,,,,,,,,,,,,,,,,,,0,,,,,,,,,,,,,,,,,,,,,,,,,,,,,,--,,,,,,,,,,,,,,,,,,,,,,,,,,,
ð³ð´,skycrab1,0,0,7:45.964,7:53.929,23 Oct 2025,189,(U),5643603245218707817,,Yes,https://www.youtube.com/watch?v=zg_t8sgrqFk&list=PLU3_fvoJ1GyMStiA29z37DUPtG47PvOJz&index=147,7,53,929,473929,474,1,410359,1.154913137,410359,1.154913137,-0.0019,0.6983,4,392.5071,809.1589,809.1589,1.47030,,,,,,,,,,,,,,,,,,,,,,,,,0,,,,,,,,,,,,,,,,,,,,,,,,,,,,,,--,,,,,,,,,,,,,,,,,,,,,,,,,,,
ð³ð´,skycrab1,0,0,7:52.279,7:53.490,14 May 2024,716,(U),-3412336035458832291,,,https://www.youtube.com/watch?v=zY_QWRWxGE0&list=PLU3_fvoJ1GyMStiA29z37DUPtG47PvOJz&index=20,7,53,490,473490,473,0,410359,1.153843342,421494,1.123361187,-0.0019,0.2566,4,161.1047,843.6630,811.2902,1.46144,,,,,,,,,,,,,,,,,,,,,,,,,0,,,,,,,,,,,,,,,,,,,,,,,,,,,,,,--,,,,,,,,,,,,,,,,,,,,,,,,,,,
ðºð¸,Infume,0,0,7:53.848,7:53.848,23 Jul 2025,281,(U),unknown,,,https://www.youtube.com/watch?v=dpJWEh0YCUo&list=PLNlBsWHYU3zCJ5XoAac-T3YF54AvqfXXn&index=22,7,53,848,473848,474,1,410359,1.154715749,410359,1.154715749,-0.0019,0.5863,4,329.7842,809.5531,809.5531,1.46866,,,,,,,,,,,,,,,,,,,,,,,,,0,,,,,,,,,,,,,,,,,,,,,,,,,,,,,,--,,,,,,,,,,,,,,,,,,,,,,,,,,,
ð¸ðª,ANJOUU,0,1,7:54.143,7:54.143,28 Apr 2025,367,(V),5590192376632660897,,Yes,https://www.speedrun.com/mc/runs/y6j7vnpm,7,54,143,474143,474,0,410359,1.155434632,421494,1.124910438,-0.0019,0.4979,4,310.9529,840.6586,808.1155,1.47464,,,,,,,,,,,,,,,,,,,,,,,,,0,,,,,,,,,,,,,,,,,,,,,,,,,,,,,,--,,,,,,,,,,,,,,,,,,,,,,,,,,,
ð©ðª,Blad_d,0,1,7:52.310,7:54.145,14 Apr 2025,381,(V),-4813633027442683952,,Yes,https://www.speedrun.com/mc/runs/zgj4w4dz,7,54,145,474145,474,0,410359,1.155439505,421494,1.124915183,-0.0019,0.4849,4,302.7855,840.6493,808.1057,1.47468,,,,,,,,,,,,,,,,,,,,,,,,,0,,,,,,,,,,,,,,,,,,,,,,,,,,,,,,--,,,,,,,,,,,,,,,,,,,,,,,,,,,
ð­ð·,Mar1n,0,1,7:55.128,7:55.128,22 Jun 2025,312,(V),-7684621580507828677,,Yes,https://www.speedrun.com/mc/runs/m7lwl84y,7,55,128,475128,475,0,410359,1.157834969,410359,1.157834969,-0.0019,0.5528,4,307.5839,803.2747,803.2747,1.49475,,,,,,,,,,,,,,,,,,,,,,,,,0,,,,,,,,,,,,,,,,,,,,,,,,,,,,,,--,,,,,,,,,,,,,,,,,,,,,,,,,,,
ðºð¸,meebie,0,0,7:55.456,7:55.456,07 Jun 2025,327,(U),3603293482983366385,,Yes,https://www.youtube.com/watch?v=caV9b4ltoSQ,7,55,456,475456,475,0,410359,1.158634269,421494,1.128025547,-0.0019,0.5372,4,331.8158,834.5318,801.6489,1.50150,,,,,,,,,,,,,,,,,,,,,,,,,0,,,,,,,,,,,,,,,,,,,,,,,,,,,,,,--,,,,,,,,,,,,,,,,,,,,,,,,,,,
ðºð¸,Zylenox,0,0,7:52.850,7:55.550,22 Apr 2025,373,(U),-4019650266393698573,,Yes,http://youtube.com/watch?v=aEZQAJ5LhgA&list=PLZ59bMb0zBUSR6W9smbN1LDkQJlGfPEUk&index=51,7,55,550,475550,476,1,410359,1.158863337,421494,1.128248563,-0.0019,0.4923,4,303.8060,834.0887,801.1817,1.50345,,,,,,,,,,,,,,,,,,,,,,,,,0,,,,,,,,,,,,,,,,,,,,,,,,,,,,,,--,,,,,,,,,,,,,,,,,,,,,,,,,,,
ðµð±,pardonmc,0,1,7:55.683,7:55.683,17 Jul 2025,287,(V),6664192904935921173,,Yes,https://www.speedrun.com/mc/runs/yd4j7evy,7,55,683,475683,476,1,410359,1.159187443,410359,1.159187443,-0.0019,0.5797,4,321.0440,800.5197,800.5197,1.50620,,,,,,,,,,,,,,,,,,,,,,,,,0,,,,,,,,,,,,,,,,,,,,,,,,,,,,,,--,,,,,,,,,,,,,,,,,,,,,,,,,,,
ð©ð°,Bloopy,0,0,7:52.588,7:55.999,02 Jun 2025,332,(U),-1088594931172127368,,,https://www.youtube.com/watch?v=lAD-2zBAaWk,7,55,999,475999,476,1,410359,1.159957501,421494,1.129313822,-0.0019,0.5322,4,327.1813,831.9645,798.9423,1.51275,,,,,,,,,,,,,,,,,,,,,,,,,0,,,,,,,,,,,,,,,,,,,,,,,,,,,,,,--,,,,,,,,,,,,,,,,,,,,,,,,,,,
ð³ð±,HDMICables,0,1,7:55.623,7:56.598,07 May 2025,358,(V),-2481499363875064100,,Yes,https://www.speedrun.com/mc/runs/yd437kxy,7,56,598,476598,477,1,410359,1.161417198,421494,1.130734957,-0.0019,0.5065,4,309.8487,829.1097,795.9346,1.52524,,,,,,,,,,,,,,,,,,,,,,,,,0,,,,,,,,,,,,,,,,,,,,,,,,,,,,,,--,,,,,,,,,,,,,,,,,,,,,,,,,,,
ðµð±,okshey,0,1,7:56.752,7:56.752,17 Feb 2026,72,(Q),-6419209590101822881,,,https://www.youtube.com/watch?v=htI0L1pBEV0,7,56,752,476752,477,1,410359,1.161792479,410359,1.161792479,-0.0019,0.8721,4,478.7120,795.1576,795.1576,1.52847,,,,,,,,,,,,,,,,,,,,,,,,,0,,,,,,,,,,,,,,,,,,,,,,,,,,,,,,--,,,,,,,,,,,,,,,,,,,,,,,,,,,
ð©ðª,jason_n,0,0,7:56.903,7:56.903,16 May 2025,349,(U),8174323531600874073,,Yes,https://www.youtube.com/watch?v=mEjUzh-nDqI,7,56,903,476903,477,1,410359,1.16216045,421494,1.131458574,-0.0019,0.5153,4,314.3871,827.6469,794.3943,1.53164,,,,,,,,,,,,,,,,,,,,,,,,,0,,,,,,,,,,,,,,,,,,,,,,,,,,,,,,--,,,,,,,,,,,,,,,,,,,,,,,,,,,
ð³ð´,skycrab1,0,0,7:56.326,7:58.380,20 Sep 2024,587,(U),-630318768044632099,,Yes,https://www.youtube.com/watch?v=5xFvTb5MDmQ&list=PLU3_fvoJ1GyMStiA29z37DUPtG47PvOJz&index=71,7,58,380,478380,478,0,410359,1.165759737,421494,1.134962775,-0.0019,0.3278,4,197.5627,820.4758,786.8510,1.56296,,,,,,,,,,,,,,,,,,,,,,,,,0,,,,,,,,,,,,,,,,,,,,,,,,,,,,,,--,,,,,,,,,,,,,,,,,,,,,,,,,,,
ð¨ð¦,Aquacorde,0,1,7:57.023,7:57.023,14 Mar 2025,412,(V),5239949107527415069,,Yes,https://www.speedrun.com/mc/runs/y9pe59em,7,57,23,477023,477,0,410359,1.162452877,421494,1.131743275,-0.0019,0.4571,4,278.6394,827.0697,793.7866,1.53416,,,,,,,,,,,,,,,,,,,,,,,,,0,,,,,,,,,,,,,,,,,,,,,,,,,,,,,,--,,,,,,,,,,,,,,,,,,,,,,,,,,,
ð¿ð¦,Airpodsz,0,1,7:57.301,7:57.301,20 Oct 2025,192,(V),1950744630814396345,,Yes,https://www.speedrun.com/mc/runs/z175257z,7,57,301,477301,477,0,410359,1.163130332,410359,1.163130332,-0.0019,0.6943,4,379.3638,792.3753,792.3753,1.54002,,,,,,,,,,,,,,,,,,,,,,,,,0,,,,,,,,,,,,,,,,,,,,,,,,,,,,,,--,,,,,,,,,,,,,,,,,,,,,,,,,,,
ð«ð®,sadekeppi,0,1,7:56.839,7:57.450,21 Feb 2025,433,(V),-8774410482674782880,,Yes,https://www.speedrun.com/mc/runs/zpkp2jvy,7,57,450,477450,477,0,410359,1.163493429,421494,1.132756338,-0.0019,0.4392,4,266.7841,825.0080,791.6169,1.54317,,,,,,,,,,,,,,,,,,,,,,,,,0,,,,,,,,,,,,,,,,,,,,,,,,,,,,,,--,,,,,,,,,,,,,,,,,,,,,,,,,,,
ð¨ð¦,Jay12310,0,0,7:57.965,7:57.965,25 Dec 2025,126,(U),unknown,,Yes,https://www.youtube.com/watch?v=Dsok_v8zWzA&list=PLZ59bMb0zBUSR6W9smbN1LDkQJlGfPEUk,7,57,965,477965,478,1,410359,1.164748428,410359,1.164748428,-0.0019,0.7871,4,427.6627,788.9845,788.9845,1.55410,,,,,,,,,,,,,,,,,,,,,,,,,0,,,,,,,,,,,,,,,,,,,,,,,,,,,,,,--,,,,,,,,,,,,,,,,,,,,,,,,,,,
ðµð±,MattyLopez,0,1,7:58.102,7:58.102,01 Mar 2025,425,(V),-7204778880031266135,,Yes,https://www.speedrun.com/mc/runs/z08d87jm,7,58,102,478102,478,0,410359,1.165082282,421494,1.134303217,-0.0019,0.4460,4,269.3956,821.8366,788.2814,1.55702,,,,,,,,,,,,,,,,,,,,,,,,,0,,,,,,,,,,,,,,,,,,,,,,,,,,,,,,--,,,,,,,,,,,,,,,,,,,,,,,,,,,
ð¨ð¿,kohout135,0,1,7:57.901,7:58.328,16 Jun 2025,318,(V),505133867771410090,,Yes,https://www.speedrun.com/mc/runs/yd4epqwy,7,58,328,478328,478,0,410359,1.165633019,410359,1.165633019,-0.0019,0.5465,4,296.0410,787.1190,787.1190,1.56185,,,,,,,,,,,,,,,,,,,,,,,,,0,,,,,,,,,,,,,,,,,,,,,,,,,,,,,,--,,,,,,,,,,,,,,,,,,,,,,,,,,,
ð©ð°,Bloopy,0,0,7:58.540,7:58.540,04 Feb 2025,450,(U),9020295482724158911,,,https://www.youtube.com/watch?v=rB_AjEUIYWE,7,58,540,478540,479,1,410359,1.16614964,421494,1.135342377,-0.0019,0.4253,4,255.9592,819.6902,786.0255,1.56639,,,,,,,,,,,,,,,,,,,,,,,,,0,,,,,,,,,,,,,,,,,,,,,,,,,,,,,,--,,,,,,,,,,,,,,,,,,,,,,,,,,,
ð¦ðº,bigbigmongey,0,1,7:58.900,7:59.372,20 Oct 2025,192,(V),4336613090571479730,,Yes,https://www.speedrun.com/mc/runs/zn5kqqvz,7,59,372,479372,479,0,410359,1.168177133,410359,1.168177133,-0.0019,0.6943,4,372.8504,781.7067,781.7067,1.58433,,,,,,,,,,,,,,,,,,,,,,,,,0,,,,,,,,,,,,,,,,,,,,,,,,,,,,,,--,,,,,,,,,,,,,,,,,,,,,,,,,,,
ðºð¦,dinonuggieboi,0,1,7:58.082,7:59.376,10 May 2025,355,(V),4495867891036383676,,Yes,https://www.speedrun.com/mc/runs/z16jpxwm,7,59,376,479376,479,0,410359,1.16818688,421494,1.137325798,-0.0019,0.5094,4,304.4590,815.5582,781.6858,1.58442,,,,,,,,,,,,,,,,,,,,,,,,,0,,,,,,,,,,,,,,,,,,,,,,,,,,,,,,--,,,,,,,,,,,,,,,,,,,,,,,,,,,
ðºð¸,Infume,0,1,7:59.698,7:59.698,08 May 2025,357,(V),1457025420686153641,,Yes,https://www.speedrun.com/mc/runs/yd4634jy,7,59,698,479698,480,1,410359,1.168971559,421494,1.138089747,-0.0019,0.5075,4,302.4907,813.9543,780.0025,1.59141,,,,,,,,,,,,,,,,,,,,,,,,,0,,,,,,,,,,,,,,,,,,,,,,,,,,,,,,--,,,,,,,,,,,,,,,,,,,,,,,,,,,
ð¨ð¦,Aquacorde,0,0,7:59.882,8:00.035,19 Aug 2025,254,(U),-6415662147603823754,,,https://www.youtube.com/watch?v=WdnsDM7UisA,8,0,35,480035,480,0,410359,1.169792791,410359,1.169792791,-0.0019,0.6172,4,329.5898,778.2337,778.2337,1.59876,,,,,,,,,,,,,,,,,,,,,,,,,0,,,,,,,,,,,,,,,,,,,,,,,,,,,,,,--,,,,,,,,,,,,,,,,,,,,,,,,,,,
ð¦ðº,bigbigmongey,0,1,7:58.808,8:00.202,05 May 2025,360,(V),1438072232147069823,,,https://www.speedrun.com/mc/runs/yd43n2xy,8,0,202,480202,480,0,410359,1.170199752,421494,1.139285494,-0.0019,0.5046,4,299.5107,811.4301,777.3545,1.60242,,,,,,,,,,,,,,,,,,,,,,,,,0,,,,,,,,,,,,,,,,,,,,,,,,,,,,,,,,,,,,,,,,,,,,,,,,,,,,,,,,,
ðµð±,watermelon1708,0,0,8:00.245,8:00.245,18 Mar 2026,43,(U),unknown,,,https://www.youtube.com/watch?v=P99-S3NPS-k,8,0,245,480245,480,0,410359,1.170304538,410359,1.170304538,-0.0019,0.9215,4,491.2726,777.1279,777.1279,1.60336,,,,,,,,,,,,,,,,,,,,,,,,,0,,,,,,,,,,,,,,,,,,,,,,,,,,,,,,,,,,,,,,,,,,,,,,,,,,,,,,,,,
ð¦ð¹,Mescht,0,1,8:00.384,8:00.384,09 Apr 2025,386,(V),8206887781532841360,,Yes,https://www.speedrun.com/mc/runs/mko6ex3z,8,0,384,480384,480,0,410359,1.170643266,421494,1.139717291,-0.0019,0.4803,4,284.6426,810.5144,776.3943,1.60641,,,,,,,,,,,,,,,,,,,,,,,,,0,,,,,,,,,,,,,,,,,,,,,,,,,,,,,,--,,,,,,,,,,,,,,,,,,,,,,,,,,,
ðºð¸,meebie,0,1,8:00.427,8:00.427,20 Apr 2024,740,(U),unknown,,,https://www.youtube.com/watch?v=lSiuiiMRays&list=PLaTJSsRuu2Ufk7cX7bUTt9V-IJxa8wqSM&index=14,8,0,427,480427,480,0,410359,1.170748052,421494,1.139819309,-0.0019,0.2451,4,145.2238,810.2978,776.1672,1.60735,,,,,,,,,,,,,,,,,,,,,,,,,30Â DecÂ '99,,,,,,,,,,,,,,,,,,,,,,,,,,,,,,,,,,,,,,,,,,,,,,,,,,,,,,,,,
ð©ðª,jason_n,0,0,8:00.870,8:00.870,15 Jun 2025,319,(U),see video,,,https://www.youtube.com/watch?v=WU1fSPhJGAk,8,0,870,480870,481,1,410359,1.171827595,410359,1.171827595,-0.0019,0.5455,4,289.2805,773.8201,773.8201,1.61711,,,,,,,,,,,,,,,,,,,,,,,,,30Â DecÂ '99,,,,,,,,,,,,,,,,,,,,,,,,,,,,,,--,,,,,,,,,,,,,,,,,,,,,,,,,,,
ðºð¸,meebie,0,1,8:00.927,8:00.927,10 Dec 2023,872,(V),698408566767839427,,,https://www.youtube.com/watch?v=PUuvT8h96hI&list=PLaTJSsRuu2Ufk7cX7bUTt9V-IJxa8wqSM&index=9,8,0,927,480927,481,1,410359,1.171966498,446254,1.077697903,-0.0019,0.1907,4,141.4076,885.9473,773.5173,1.61837,,,,,,,,,,,,,,,,,,,,,,,,,30Â DecÂ '99,,,,,,,,,,,,,,,,,,,,,,,,,,,,,,--,,,,,,,,,,,,,,,,,,,,,,,,,,,
ð¹ð¿,Kxpow,0,1,7:58.526,8:00.969,20 Jul 2024,649,(V),-2313608296694412917,,,https://www.speedrun.com/mc/runs/y8p9gwxz,8,0,969,480969,481,1,410359,1.172068847,421494,1.141105211,-0.0019,0.2914,4,171.8576,807.5564,773.2939,1.61929,,,,,,,,,,,,,,,,,,,,,,,,,30Â DecÂ '99,,,,,,,,,,,,,,,,,,,,,,,,,,,,,,,,,,,,,,,,,,,,,,,,,,,,,,,,,
ðºð¸,thecamo6,0,1,8:00.680,8:01.217,28 May 2024,702,(V),8027147372185455800,,,https://www.speedrun.com/mc/runs/mel636qz,8,1,217,481217,481,0,410359,1.172673196,421494,1.141693595,-0.0019,0.2635,4,155.0743,806.2955,771.9731,1.62479,,,,,,,,,,,,,,,,,,,,,,,,,30Â DecÂ '99,,,,,,,,,,,,,,,,,,,,,,,,,,,,,,--,,,,,,,,,,,,,,,,,,,,,,,,,,,
ðºð¦,7rowl,0,1,8:00.564,8:01.225,19 Jul 2024,650,(V),4542168202417465956,,,https://www.speedrun.com/mc/runs/y4l3p3qz,8,1,225,481225,481,0,410359,1.172692691,421494,1.141712575,-0.0019,0.2908,4,171.1667,806.2548,771.9304,1.62496,,,,,,,,,,,,,,,,,,,,,,,,,30Â DecÂ '99,,,,,,,,,,,,,,,,,,,,,,,,,,,,,,--,,,,,,,,,,,,,,,,,,,,,,,,,,,
ð©ðª,jason_n,0,0,8:01.271,8:01.271,25 Oct 2024,552,(U),-8000908414180372217,,,https://www.youtube.com/watch?v=VmnT8lICQ94,8,1,271,481271,481,0,410359,1.172804788,421494,1.14182171,-0.0019,0.3504,4,206.1193,806.0205,771.6850,1.62598,,,,,,,,,,,,,,,,,,,,,,,,,30Â DecÂ '99,,,,,,,,,,,,,,,,,,,,,,,,,,,,,,--,,,,,,,,,,,,,,,,,,,,,,,,,,,
ð§ðª,boyenn,0,1,7:59.551,8:01.422,08 Jun 2025,326,(V),254566834946075032,,,https://www.speedrun.com/mc/runs/z00rj59z,8,1,422,481422,481,0,410359,1.173172758,421494,1.14217996,-0.0019,0.5383,4,316.2714,805.2502,770.8783,1.62934,,,,,,,,,,,,,,,,,,,,,,,,,30Â DecÂ '99,,,,,,,,,,,,,,,,,,,,,,,,,,,,,,--,,,,,,,,,,,,,,,,,,,,,,,,,,,
ð«ð®,iluappi,0,1,7:59.559,8:01.633,15 Oct 2025,197,(V),-1502625211715149134,,,https://www.speedrun.com/mc/runs/y4016j2z,8,1,633,481633,482,1,410359,1.173686942,410359,1.173686942,-0.0019,0.6878,4,362.4386,769.7488,769.7488,1.63404,,,,,,,,,,,,,,,,,,,,,,,,,30Â DecÂ '99,,,,,,,,,,,,,,,,,,,,,,,,,,,,,,--,,,,,,,,,,,,,,,,,,,,,,,,,,,
ð¬ð§,priffie,0,1,8:03.241,8:03.241,03 Dec 2023,879,(V),-4868324554498692300,12,Yes,https://www.speedrun.com/mc/run/yoole61y,8,3,241,483241,483,0,410359,1.177605463,465828,1.03738075,-0.0019,0.1882,4,162.5294,940.5443,761.0490,1.67025,,,,,,,,,,,,,,,,,,,,,,,,,30Â DecÂ '99,,,,,,,,,,,,,,,,,,,,,,,,,,,,,,--,,,,,,,,,,,,,,,,,,,,,,,,,,,
ð³ð´,skycrab1,0,0,8:03.337,8:03.337,17 Jun 2025,317,(U),-4304452735829751506,,,https://www.youtube.com/watch?v=ul-SUoNx_XU&list=PLU3_fvoJ1GyMStiA29z37DUPtG47PvOJz&index=131,8,3,337,483337,483,0,410359,1.177839404,410359,1.177839404,-0.0019,0.5476,4,284.4986,760.5245,760.5245,1.67243,,,,,,,,,,,,,,,,,,,,,,,,,30Â DecÂ '99,,,,,,,,,,,,,,,,,,,,,,,,,,,,,,--,,,,,,,,,,,,,,,,,,,,,,,,,,,
Tenes9999,Tenes9999,0,1,8:03.631,8:03.631,16 May 2025,349,(V),-7442337813042441622,,,https://www.speedrun.com/mc/runs/zngk3x8m,8,3,631,483631,484,1,410359,1.17855585,421494,1.147420841,-0.0019,0.5153,4,297.2545,793.8109,758.9147,1.67914,,,,,,,,,,,,,,,,,,,,,,,,,30Â DecÂ '99,,,,,,,,,,,,,,,,,,,,,,,,,,,,,,--,,,,,,,,,,,,,,,,,,,,,,,,,,,
ð¸ðª,PAPLERR,0,1,8:04.190,8:04.190,26 Jan 2025,459,(V),-5524626450736366561,,,https://www.speedrun.com/mc/runs/m3w6egwy,8,4,190,484190,484,0,410359,1.179918072,421494,1.148747076,-0.0019,0.4181,4,240.0790,790.8653,755.8390,1.69196,,,,,,,,,,,,,,,,,,,,,,,,,30Â DecÂ '99,,,,,,,,,,,,,,,,,,,,,,,,,,,,,,,,,,,,,,,,,,,,,,,,,,,,,,,,,
ð³ð´,skycrab1,0,0,8:04.394,8:04.394,30 Sep 2025,212,(U),see video,,,https://www.youtube.com/watch?v=xW_pib-H4zw&list=PLU3_fvoJ1GyMStiA29z37DUPtG47PvOJz&index=143,8,4,394,484394,484,0,410359,1.180415197,410359,1.180415197,-0.0019,0.6684,4,344.2921,754.7118,754.7118,1.69666,,,,,,,,,,,,,,,,,,,,,,,,,30Â DecÂ '99,,,,,,,,,,,,,,,,,,,,,,,,,,,,,,--,,,,,,,,,,,,,,,,,,,,,,,,,,,
ð¨ð¦,Jay12310,0,0,8:04.480,8:04.480,26 Jan 2025,459,(U),unknown,,,https://www.youtube.com/watch?v=jjYvP5zAbZg&list=PLaTJSsRuu2UcsiC6KEkJwrGp1GaGgPoVG&index=5,8,4,480,484480,484,0,410359,1.18062477,421494,1.149435105,-0.0019,0.4181,4,239.5047,789.3291,754.2359,1.69865,,,,,,,,,,,,,,,,,,,,,,,,,30Â DecÂ '99,,,,,,,,,,,,,,,,,,,,,,,,,,,,,,--,,,,,,,,,,,,,,,,,,,,,,,,,,,
ð§ð·,brahmaquente,0,1,8:01.509,8:04.797,12 May 2025,353,(V),4176313215067158543,,,https://www.speedrun.com/mc/runs/y4nwjk3m,8,4,797,484797,485,1,410359,1.181397264,421494,1.150187191,-0.0019,0.5114,4,292.1760,787.6436,752.4775,1.70599,,,,,,,,,,,,,,,,,,,,,,,,,30Â DecÂ '99,,,,,,,,,,,,,,,,,,,,,,,,,,,,,,,,,,,,,,,,,,,,,,,,,,,,,,,,,
ðºð¦,7rowl,0,1,8:04.491,8:05.070,13 May 2024,717,(U),3390807343358437717,,,https://www.youtube.com/watch?v=1KMm0eJPRws,8,5,70,485070,485,0,410359,1.182062535,421494,1.150834887,-0.0019,0.2561,4,145.9851,786.1868,750.9582,1.71233,,,,,,,,,,,,,,,,,,,,,,,,,30Â DecÂ '99,,,,,,,,,,,,,,,,,,,,,,,,,,,,,,--,,,,,,,,,,,,,,,,,,,,,,,,,,,
ð§ð¬,BlindTravel,0,1,8:03.959,8:05.167,10 May 2025,355,(V),3979016117801702341,,,https://www.speedrun.com/mc/runs/y8g1jl5z,8,5,167,485167,485,0,410359,1.182298914,421494,1.151065021,-0.0019,0.5094,4,290.1810,785.6680,750.4173,1.71459,,,,,,,,,,,,,,,,,,,,,,,,,30Â DecÂ '99,,,,,,,,,,,,,,,,,,,,,,,,,,,,,,,,,,,,,,,,,,,,,,,,,,,,,,,,,
ð¸ðª,v_strid,0,1,8:04.428,8:05.428,05 Feb 2025,449,(V),-5544842606483643213,,,https://www.speedrun.com/mc/runs/z5lxpqny,8,5,428,485428,485,0,410359,1.182934942,421494,1.151684247,-0.0019,0.4261,4,242.1975,784.2691,748.9590,1.72068,,,,,,,,,,,,,,,,,,,,,,,,,30Â DecÂ '99,,,,,,,,,,,,,,,,,,,,,,,,,,,,,,,,,,,,,,,,,,,,,,,,,,,,,,,,,
ð³ð´,skycrab1,0,0,8:05.447,8:05.447,13 Jul 2025,291,(U),8311211913392066784,,,https://www.youtube.com/watch?v=MPlhH010LdE&list=PLU3_fvoJ1GyMStiA29z37DUPtG47PvOJz&index=133,8,5,447,485447,485,0,410359,1.182981243,410359,1.182981243,-0.0019,0.5753,4,293.7427,748.8527,748.8527,1.72112,,,,,,,,,,,,,,,,,,,,,,,,,30Â DecÂ '99,,,,,,,,,,,,,,,,,,,,,,,,,,,,,,--,,,,,,,,,,,,,,,,,,,,,,,,,,,
ðºð¦,loodlow,0,1,8:02.631,8:05.732,30 Jun 2025,304,(V),6502082647557812063,,,https://www.speedrun.com/mc/runs/z16gg09m,8,5,732,485732,486,1,410359,1.183675757,410359,1.183675757,-0.0019,0.5612,4,285.9042,747.2552,747.2552,1.72779,,,,,,,,,,,,,,,,,,,,,,,,,30Â DecÂ '99,,,,,,,,,,,,,,,,,,,,,,,,,,,,,,--,,,,,,,,,,,,,,,,,,,,,,,,,,,
ðµð±,watermelon1708,0,1,8:03.854,8:07.194,06 Jul 2025,298,(V),9122600350394059007,,,https://www.speedrun.com/mc/runs/yw2v45ny,8,7,194,487194,487,0,410359,1.187238491,410359,1.187238491,-0.0019,0.5677,4,285.7265,738.9826,738.9826,1.76240,,,,,,,,,,,,,,,,,,,,,,,,,30Â DecÂ '99,,,,,,,,,,,,,,,,,,,,,,,,,,,,,,--,,,,,,,,,,,,,,,,,,,,,,,,,,,
ð©ðª,jason_n,0,0,8:07.349,8:07.349,10 Jun 2025,324,(U),6183710647574302652,,,https://www.youtube.com/watch?v=Logr5V0QDDk,8,7,349,487349,487,0,410359,1.187616209,421494,1.156241844,-0.0019,0.5403,4,302.3107,773.8367,738.0980,1.76611,,,,,,,,,,,,,,,,,,,,,,,,,30Â DecÂ '99,,,,,,,,,,,,,,,,,,,,,,,,,,,,,,--,,,,,,,,,,,,,,,,,,,,,,,,,,,
ð¸ðª,PAPLERR,0,1,8:07.689,8:07.689,28 May 2025,337,(V),-2052078032780233310,,,https://www.speedrun.com/mc/runs/y22nr37y,8,7,689,487689,488,1,410359,1.188444752,421494,1.157048499,-0.0019,0.5271,4,294.1135,771.9654,736.1524,1.77426,,,,,,,,,,,,,,,,,,,,,,,,,30Â DecÂ '99,,,,,,,,,,,,,,,,,,,,,,,,,,,,,,,,,,,,,,,,,,,,,,,,,,,,,,,,,
ð¨ð³,Acactus_,0,1,8:05.297,8:08.421,23 Feb 2024,797,(V),6832552403849051699,,,https://www.speedrun.com/mc/runs/zn28n27z,8,8,421,488421,488,0,410359,1.190228556,421494,1.158785178,-0.0019,0.2200,4,121.9933,767.9115,731.9402,1.79193,,,,,,,,,,,,,,,,,,,,,,,,,30Â DecÂ '99,,,,,,,,,,,,,,,,,,,,,,,,,,,,,,,,,,,,,,,,,,,,,,,,,,,,,,,,,
ð®ð±,sagi_enderman,0,1,8:05.180,8:08.427,24 Jan 2024,827,(V),-1127568643405241248,,,https://www.speedrun.com/mc/runs/zqdn2l1m,8,8,427,488427,488,0,410359,1.190243177,421494,1.158799414,-0.0019,0.2078,4,115.2285,767.8782,731.9056,1.79208,,,,,,,,,,,,,,,,,,,,,,,,,30Â DecÂ '99,,,,,,,,,,,,,,,,,,,,,,,,,,,,,,--,,,,,,,,,,,,,,,,,,,,,,,,,,,
ð«ð®,Lathil,0,1,8:08.473,8:08.473,14 Apr 2025,381,(V),-1308536743164996263,,,https://www.speedrun.com/mc/runs/ylpgo0rm,8,8,473,488473,488,0,410359,1.190355274,421494,1.158908549,-0.0019,0.4849,4,268.7928,767.6222,731.6398,1.79319,,,,,,,,,,,,,,,,,,,,,,,,,30Â DecÂ '99,,,,,,,,,,,,,,,,,,,,,,,,,,,,,,,,,,,,,,,,,,,,,,,,,,,,,,,,,
ðºð¸,meebie,0,0,8:09.030,8:09.030,16 Oct 2025,196,(U),unknown,,,https://www.youtube.com/watch?v=uZ1E_scaXFA&list=PLaTJSsRuu2Ufk7cX7bUTt9V-IJxa8wqSM&index=20,8,9,30,489030,489,0,410359,1.191712622,410359,1.191712622,-0.0019,0.6891,4,341.6509,728.4115,728.4115,1.80675,,,,,,,,,,,,,,,,,,,,,,,,,30Â DecÂ '99,,,,,,,,,,,,,,,,,,,,,,,,,,,,,,,,,,,,,,,,,,,,,,,,,,,,,,,,,
ð©ðª,jason_n,0,1,8:10.305,8:10.305,12 May 2024,718,(V),-8081672849157921881,,,https://www.speedrun.com/mc/runs/y46kvjnz,8,10,305,490305,490,0,410359,1.194819658,421494,1.163254993,-0.0019,0.2556,4,139.5840,757.3207,720.9529,1.83815,,,,,,,,,,,,,,,,,,,,,,,,,30Â DecÂ '99,,,,,,,,,,,,,,,,,,,,,,,,,,,,,,--,,,,,,,,,,,,,,,,,,,,,,,,,,,
ðºð¸,meebie,0,1,8:09.372,8:10.419,07 Jul 2023,1028,(V),-4538563713628989532,12,Yes,https://www.speedrun.com/mc/run/zge2pn0y,8,10,419,490419,490,0,410359,1.195097463,465828,1.052789871,-0.0019,0.1418,4,115.4434,909.6397,720.2814,1.84098,,,,,,,,,,,,,,,,,,,,,,,,,30Â DecÂ '99,,,,,,,,,,,,,,,,,,,,,,,,,,,,,,--,,,,,,,,,,,,,,,,,,,,,,,,,,,
ð¸ð°,NoFear1337,0,0,7:47.229,8:10.447,27 Dec 2023,855,(U),unknown,16,Yes,https://www.youtube.com/watch?v=GFz5UcBTrAk,8,10,447,490447,490,0,410359,1.195165696,446254,1.099031045,-0.0019,0.1970,4,135.0358,840.3748,720.1163,1.84167,,,,,,,,,,,,,,,,,,,,,,,,,30Â DecÂ '99,,,,,,,,,,,,,,,,,,,,,,,,,,,,,,--,,,,,,,,,,,,,,,,,,,,,,,,,,,
ð³ð´,skycrab1,0,0,8:09.558,8:10.528,23 Jun 2024,676,(U),-6343411097658357214,,,https://www.youtube.com/watch?v=pmNaJCUang0&list=PLU3_fvoJ1GyMStiA29z37DUPtG47PvOJz&index=38,8,10,528,490528,491,1,410359,1.195363085,421494,1.163784063,-0.0019,0.2768,4,150.9046,756.0522,719.6386,1.84369,,,,,,,,,,,,,,,,,,,,,,,,,30Â DecÂ '99,,,,,,,,,,,,,,,,,,,,,,,,,,,,,,--,,,,,,,,,,,,,,,,,,,,,,,,,,,
ð¬ð§,Steez,0,1,8:10.112,8:10.627,14 Aug 2025,259,(V),-550357973299006184,,,https://www.speedrun.com/mc/runs/y4nn06nm,8,10,627,490627,491,1,410359,1.195604337,410359,1.195604337,-0.0019,0.6113,4,299.1808,719.0542,719.0542,1.84615,,,,,,,,,,,,,,,,,,,,,,,,,30Â DecÂ '99,,,,,,,,,,,,,,,,,,,,,,,,,,,,,,,,,,,,,,,,,,,,,,,,,,,,,,,,,
ð¨ð¦,Aquacorde,0,0,8:10.818,8:10.818,15 Jul 2025,289,(U),5155476148031295835,,,https://www.youtube.com/watch?v=m5GWURA89ts,8,10,818,490818,491,1,410359,1.196069783,410359,1.196069783,-0.0019,0.5775,4,282.1648,717.9251,717.9251,1.85092,,,,,,,,,,,,,,,,,,,,,,,,,30Â DecÂ '99,,,,,,,,,,,,,,,,,,,,,,,,,,,,,,--,,,,,,,,,,,,,,,,,,,,,,,,,,,
ð³ð´,skycrab1,0,0,8:10.890,8:10.890,06 Jan 2025,479,(U),-7855142198495008899,,,https://www.youtube.com/watch?v=__bACJwOlow&list=PLU3_fvoJ1GyMStiA29z37DUPtG47PvOJz&index=107,8,10,890,490890,491,1,410359,1.196245239,421494,1.164642913,-0.0019,0.4025,4,218.7648,753.9865,717.4989,1.85272,,,,,,,,,,,,,,,,,,,,,,,,,30Â DecÂ '99,,,,,,,,,,,,,,,,,,,,,,,,,,,,,,--,,,,,,,,,,,,,,,,,,,,,,,,,,,
ð³ð´,skycrab1,0,0,8:10.497,8:11.103,07 Feb 2026,82,(U),unknown,,,https://www.youtube.com/watch?v=c8Pr_8UkxF0&list=PLU3_fvoJ1GyMStiA29z37DUPtG47PvOJz&index=167,8,11,103,491103,491,0,410359,1.196764297,410359,1.196764297,-0.0019,0.8557,4,417.1598,716.2363,716.2363,1.85805,,,,,,,,,,,,,,,,,,,,,,,,,30Â DecÂ '99,,,,,,,,,,,,,,,,,,,,,,,,,,,,,,,,,,,,,,,,,,,,,,,,,,,,,,,,,
ð§ð·,brahmaquente,0,1,8:07.405,8:11.357,30 Jul 2024,639,(V),468064970823174801,,,https://www.speedrun.com/mc/runs/meg6x50y,8,11,357,491357,491,0,410359,1.197383267,421494,1.165750877,-0.0019,0.2970,4,160.8052,751.3094,714.7273,1.86442,,,,,,,,,,,,,,,,,,,,,,,,,30Â DecÂ '99,,,,,,,,,,,,,,,,,,,,,,,,,,,,,,,,,,,,,,,,,,,,,,,,,,,,,,,,,
ð©ð°,Bloopy,0,0,8:11.720,8:11.720,07 Mar 2026,54,(U),6328234340742294275,,,https://www.youtube.com/watch?v=_3NI29jbOy0,8,11,720,491720,492,1,410359,1.198267858,410359,1.198267858,-0.0019,0.9025,4,437.7496,712.5643,712.5643,1.87357,,,,,,,,,,,,,,,,,,,,,,,,,30Â DecÂ '99,,,,,,,,,,,,,,,,,,,,,,,,,,,,,,,,,,,,,,,,,,,,,,,,,,,,,,,,,
ðºð¸,itsnahan,0,1,8:11.731,8:12.061,26 Sep 2024,581,(V),8580381741511547234,,,https://www.speedrun.com/mc/runs/ydl27rxz,8,12,61,492061,492,0,410359,1.199098838,421494,1.167421126,-0.0019,0.3316,4,178.5139,747.2480,710.5255,1.88219,,,,,,,,,,,,,,,,,,,,,,,,,30Â DecÂ '99,,,,,,,,,,,,,,,,,,,,,,,,,,,,,,,,,,,,,,,,,,,,,,,,,,,,,,,,,
ð·ð´,tudorule,0,1,8:08.070,8:12.219,03 May 2025,362,(V),3079207861677416186,,,https://www.speedrun.com/mc/runs/y6jp6n0m,8,12,219,492219,492,0,410359,1.199483867,421494,1.167795983,-0.0019,0.5027,4,270.2865,746.3322,709.5786,1.88620,,,,,,,,,,,,,,,,,,,,,,,,,30Â DecÂ '99,,,,,,,,,,,,,,,,,,,,,,,,,,,,,,,,,,,,,,,,,,,,,,,,,,,,,,,,,
ð¦ðº,ParaFraser,0,1,8:10.103,8:12.481,05 Jul 2025,299,(V),-3856485852976638547,,,https://www.speedrun.com/mc/runs/y4nxdrdm,8,12,481,492481,492,0,410359,1.200122332,410359,1.200122332,-0.0019,0.5666,4,273.1337,708.0052,708.0052,1.89287,,,,,,,,,,,,,,,,,,,,,,,,,30Â DecÂ '99,,,,,,,,,,,,,,,,,,,,,,,,,,,,,,,,,,,,,,,,,,,,,,,,,,,,,,,,,
ð³ð´,skycrab1,0,0,8:12.697,8:12.697,16 Jun 2025,318,(U),8459975692548252643,,,https://www.youtube.com/watch?v=snXcok9zxhU&list=PLU3_fvoJ1GyMStiA29z37DUPtG47PvOJz&index=130,8,12,697,492697,493,1,410359,1.2006487,410359,1.2006487,-0.0019,0.5465,4,262.9877,706.7052,706.7052,1.89838,,,,,,,,,,,,,,,,,,,,,,,,,30Â DecÂ '99,,,,,,,,,,,,,,,,,,,,,,,,,,,,,,--,,,,,,,,,,,,,,,,,,,,,,,,,,,
ð¨ð¦,wethr,0,1,8:13.175,8:13.175,22 Dec 2024,494,(V),4556224492622948754,,,https://www.speedrun.com/mc/runs/y9p0o6vm,8,13,175,493175,493,0,410359,1.201813534,421494,1.170064105,-0.0019,0.3912,4,208.7049,740.7584,703.8188,1.91063,,,,,,,,,,,,,,,,,,,,,,,,,30Â DecÂ '99,,,,,,,,,,,,,,,,,,,,,,,,,,,,,,,,,,,,,,,,,,,,,,,,,,,,,,,,,
ðºð¸,Zylenox,0,0,8:11.111,8:13.283,16 Mar 2023,1141,(U),3386076644250915113,15,Yes,https://www.youtube.com/watch?v=t_huEH4IZxg,8,13,283,493283,493,0,410359,1.202076718,465828,1.058938063,-0.0019,0.1144,4,90.9936,896.2156,703.1649,1.91341,,,,,,,,,,,,,,,,,,,,,,,,,30Â DecÂ '99,,,,,,,,,,,,,,,,,,,,,,,,,,,,,,--,,,,,,,,,,,,,,,,,,,,,,,,,,,
ð¦ðº,bigbigmongey,0,1,8:12.044,8:12.649,02 Jul 2024,667,(V),8478412829008933608,,,https://www.speedrun.com/mc/runs/z0dvl6ey,8,12,649,492649,493,1,410359,1.20053173,421494,1.168816163,-0.0019,0.2816,4,150.8807,743.8322,706.9943,1.89715,,,,,,,,,,,,,,,,,,,,,,,,,30Â DecÂ '99,,,,,,,,,,,,,,,,,,,,,,,,,,,,,,,,,,,,,,,,,,,,,,,,,,,,,,,,,
ð¨ð¦,MrBudgie,0,1,8:10.638,8:13.690,16 Aug 2024,622,(V),1320019232325394424,,,https://www.speedrun.com/mc/runs/yvx1dexz,8,13,690,493690,494,1,410359,1.203068533,421494,1.17128595,-0.0019,0.3067,4,162.9668,737.7325,700.6947,1.92391,,,,,,,,,,,,,,,,,,,,,,,,,30Â DecÂ '99,,,,,,,,,,,,,,,,,,,,,,,,,,,,,,,,,,,,,,,,,,,,,,,,,,,,,,,,,
ð¨ð¦,Aquacorde,0,0,8:14.109,8:14.109,05 Jul 2025,299,(U),6586350975935929914,,,https://www.youtube.com/watch?v=G0Hp7oeSKuw,8,14,109,494109,494,0,410359,1.20408959,410359,1.20408959,-0.0019,0.5666,4,269.5517,698.1420,698.1420,1.93477,,,,,,,,,,,,,,,,,,,,,,,,,30Â DecÂ '99,,,,,,,,,,,,,,,,,,,,,,,,,,,,,,--,,,,,,,,,,,,,,,,,,,,,,,,,,,
ðºð¸,Bloon,0,1,8:14.162,8:14.162,27 Oct 2025,185,(V),-960978816984086672,,,https://www.speedrun.com/mc/runs/z0k9kvjm,8,14,162,494162,494,0,410359,1.204218745,410359,1.204218745,-0.0019,0.7036,4,334.5985,697.8184,697.8184,1.93615,,,,,,,,,,,,,,,,,,,,,,,,,30Â DecÂ '99,,,,,,,,,,,,,,,,,,,,,,,,,,,,,,,,,,,,,,,,,,,,,,,,,,,,,,,,,
ð¨ð¦,Jay12310,0,0,8:14.911,8:14.911,01 Dec 2025,150,(U),unknown,,,https://www.youtube.com/watch?v=DQen1iTu-So&list=PLaTJSsRuu2UcsiC6KEkJwrGp1GaGgPoVG&index=9,8,14,911,494911,495,1,410359,1.206043976,410359,1.206043976,-0.0019,0.7520,4,355.4459,693.2288,693.2288,1.95572,,,,,,,,,,,,,,,,,,,,,,,,,30Â DecÂ '99,,,,,,,,,,,,,,,,,,,,,,,,,,,,,,--,,,,,,,,,,,,,,,,,,,,,,,,,,,
ðºð¸,doogile,1,1,8:10.241,8:15.537,06 Nov 2022,1271,(V),9153513292182018950,,,https://www.youtube.com/watch?v=8DYIvJETTDE,8,15,537,495537,496,1,410359,1.20756947,517884,0.9568494103,-0.0019,0.0894,4,206.6223,1090.8888,689.3694,1.97221,,,,,,,,,,,,,,,,,,,,,,,,,30Â DecÂ '99,,,,,,,,,,,,,,,,,,,,,,,,,,,,,,--,,,,,,,,,,,,,,,,,,,,,,,,,,,
ð©ð°,Bloopy,0,0,8:15.715,8:15.715,06 Apr 2026,24,(U),3795610833190711920,,,https://www.youtube.com/watch?v=Tk_-9crkNP0,8,15,715,495715,496,1,410359,1.208003236,410359,1.208003236,-0.0019,0.9554,4,448.6666,688.2680,688.2680,1.97692,,,,,,,,,,,,,,,,,,,,,,,,,30Â DecÂ '99,,,,,,,,,,,,,,,,,,,,,,,,,,,,,,,,,,,,,,,,,,,,,,,,,,,,,,,,,
ð¨ð¦,Aquacorde,0,0,8:16.080,8:16.080,19 Jul 2025,285,(U),-3413707190764289689,,,https://www.youtube.com/watch?v=ip7IP1Srx_o,8,16,80,496080,496,0,410359,1.208892701,410359,1.208892701,-0.0019,0.5819,4,272.4448,686.0044,686.0044,1.98662,,,,,,,,,,,,,,,,,,,,,,,,,30Â DecÂ '99,,,,,,,,,,,,,,,,,,,,,,,,,,,,,,--,,,,,,,,,,,,,,,,,,,,,,,,,,,
ð§ðª,akbh,0,1,8:16.150,8:16.150,28 Oct 2025,184,(V),-494949671729861114,,,https://www.speedrun.com/mc/runs/y9w1kxrz,8,16,150,496150,496,0,410359,1.209063284,410359,1.209063284,-0.0019,0.7050,4,329.8941,685.5694,685.5694,1.98848,,,,,,,,,,,,,,,,,,,,,,,,,30Â DecÂ '99,,,,,,,,,,,,,,,,,,,,,,,,,,,,,,,,,,,,,,,,,,,,,,,,,,,,,,,,,
ð¬ð§,Mauvu,0,1,8:16.269,8:16.269,04 Jun 2025,330,(V),7577249546337144986,,,https://www.speedrun.com/mc/runs/yvl7e48z,8,16,269,496269,496,0,410359,1.209353274,421494,1.177404661,-0.0019,0.5342,4,277.9677,722.3377,684.8294,1.99166,,,,,,,,,,,,,,,,,,,,,,,,,30Â DecÂ '99,,,,,,,,,,,,,,,,,,,,,,,,,,,,,,,,,,,,,,,,,,,,,,,,,,,,,,,,,
ð¸ð°,NoFear1337,0,0,8:16.272,8:16.613,23 Apr 2026,07,(U),unknown,,,https://www.youtube.com/watch?v=NVqSAkRBd_4,8,16,613,496613,497,1,410359,1.210191564,410359,1.210191564,-0.0019,0.9868,4,460.0525,682.6860,682.6860,2.00085,,,,,,,,,,,,,,,,,,,,,,,,,30Â DecÂ '99,,,,,,,,,,,,,,,,,,,,,,,,,,,,,,,,,,,,,,,,,,,,,,,,,,,,,,,,,
ð¦ð·,TuCara9,0,1,8:17.207,8:17.713,26 Nov 2025,155,(V),7314274440218677457,,,https://www.speedrun.com/mc/runs/m326p64y,8,17,713,497713,498,1,410359,1.212872144,410359,1.212872144,-0.0019,0.7449,4,344.2232,675.7898,675.7898,2.03052,,,,,,,,,,,,,,,,,,,,,,,,,30Â DecÂ '99,,,,,,,,,,,,,,,,,,,,,,,,,,,,,,,,,,,,,,,,,,,,,,,,,,,,,,,,,
ð¨ð¦,Aquacorde,0,0,8:17.895,8:17.895,12 Aug 2025,261,(U),-7262470716101336113,,,https://www.youtube.com/watch?v=ytYXAwlQPWg,8,17,895,497895,498,1,410359,1.213315658,410359,1.213315658,-0.0019,0.6090,4,281.0206,674.6426,674.6426,2.03547,,,,,,,,,,,,,,,,,,,,,,,,,30Â DecÂ '99,,,,,,,,,,,,,,,,,,,,,,,,,,,,,,--,,,,,,,,,,,,,,,,,,,,,,,,,,,
ð®ðª,ContraVz,0,1,8:17.914,8:17.914,03 Apr 2025,392,(V),3844627486666536870,,,https://www.speedrun.com/mc/runs/y2n4p27y,8,17,914,497914,498,1,410359,1.213361959,421494,1.181307444,-0.0019,0.4748,4,243.8292,712.3115,674.5228,2.03599,,,,,,,,,,,,,,,,,,,,,,,,,30Â DecÂ '99,,,,,,,,,,,,,,,,,,,,,,,,,,,,,,,,,,,,,,,,,,,,,,,,,,,,,,,,,
ðºð¸,Feinberg,0,1,8:15.802,8:18.453,23 Oct 2025,189,(V),-4568351362798030549,,,https://www.speedrun.com/mc/runs/zp5lnlny,8,18,453,498453,498,0,410359,1.214675443,410359,1.214675443,-0.0019,0.6983,4,320.7775,671.1149,671.1149,2.05071,,,,,,,,,,,,,,,,,,,,,,,,,30Â DecÂ '99,,,,,,,,,,,,,,,,,,,,,,,,,,,,,,,,,,,,,,,,,,,,,,,,,,,,,,,,,
ð©ðª,jason_n,0,0,8:18.588,8:18.588,19 Aug 2025,254,(U),4176206987315611766,,,https://www.youtube.com/watch?v=GBSM3X1G7Rg,8,18,588,498588,499,1,410359,1.215004423,410359,1.215004423,-0.0019,0.6172,4,283.2031,670.2590,670.2590,2.05441,,,,,,,,,,,,,,,,,,,,,,,,,30Â DecÂ '99,,,,,,,,,,,,,,,,,,,,,,,,,,,,,,--,,,,,,,,,,,,,,,,,,,,,,,,,,,
ð©ð°,Bloopy,0,0,8:18.601,8:18.601,02 Aug 2025,271,(U),121410886578867315,,,https://www.youtube.com/watch?v=EwXtlrbNI1o,8,18,601,498601,499,1,410359,1.215036103,410359,1.215036103,-0.0019,0.5976,4,274.1732,670.1765,670.1765,2.05476,,,,,,,,,,,,,,,,,,,,,,,,,30Â DecÂ '99,,,,,,,,,,,,,,,,,,,,,,,,,,,,,,--,,,,,,,,,,,,,,,,,,,,,,,,,,,
ðºð¸,Zylenox,0,0,8:17.546,8:18.731,15 Apr 2024,745,(U),3379831003145275556,,,https://www.youtube.com/watch?v=JDIyooRslEc,8,18,731,498731,499,1,410359,1.215352898,421494,1.183245788,-0.0019,0.2428,4,123.8672,707.2734,669.3514,2.05833,,,,,,,,,,,,,,,,,,,,,,,,,30Â DecÂ '99,,,,,,,,,,,,,,,,,,,,,,,,,,,,,,--,,,,,,,,,,,,,,,,,,,,,,,,,,,
ð³ð´,skycrab1,0,0,8:17.174,8:19.441,19 May 2024,711,(U),3087289280453736272,,,https://www.youtube.com/watch?v=82fZlnldpjc&list=PLU3_fvoJ1GyMStiA29z37DUPtG47PvOJz&index=21,8,19,441,499441,499,0,410359,1.217083091,421494,1.184930272,-0.0019,0.2590,4,131.3834,702.8640,664.8295,2.07793,,,,,,,,,,,,,,,,,,,,,,,,,30Â DecÂ '99,,,,,,,,,,,,,,,,,,,,,,,,,,,,,,--,,,,,,,,,,,,,,,,,,,,,,,,,,,
ð³ð´,skycrab1,0,0,8:19.619,8:19.619,09 Oct 2024,568,(U),-7062641621573021177,,,https://www.youtube.com/watch?v=qIX6RDLk3Fw&list=PLU3_fvoJ1GyMStiA29z37DUPtG47PvOJz&index=79,8,19,619,499619,500,1,410359,1.217516857,421494,1.185352579,-0.0019,0.3399,4,172.1548,701.7541,663.6918,2.08287,,,,,,,,,,,,,,,,,,,,,,,,,30Â DecÂ '99,,,,,,,,,,,,,,,,,,,,,,,,,,,,,,--,,,,,,,,,,,,,,,,,,,,,,,,,,,
ð­ð·,Mar1n,0,1,8:19.806,8:19.806,21 Oct 2024,556,(V),698532108666567657,,,https://www.speedrun.com/mc/runs/z1n66ojy,8,19,806,499806,500,1,410359,1.217972556,421494,1.185796239,-0.0019,0.3477,4,175.8616,700.5861,662.4949,2.08807,,,,,,,,,,,,,,,,,,,,,,,,,30Â DecÂ '99,,,,,,,,,,,,,,,,,,,,,,,,,,,,,,,,,,,,,,,,,,,,,,,,,,,,,,,,,
ðºð¦,7rowl,0,1,8:17.517,8:20.033,31 May 2023,1065,(V),-3529659453233886563,,,https://www.speedrun.com/mc/runs/zqj4529m,8,20,33,500033,500,0,410359,1.21852573,465828,1.07342839,-0.0019,0.1322,4,99.5664,862.0824,661.0397,2.09440,,,,,,,,,,,,,,,,,,,,,,,,,30Â DecÂ '99,,,,,,,,,,,,,,,,,,,,,,,,,,,,,,--,,,,,,,,,,,,,,,,,,,,,,,,,,,
ð³ð´,skycrab1,0,0,8:20.209,8:20.209,15 Dec 2024,501,(U),-6441503782371694371,,,https://www.youtube.com/watch?v=MBNYYvNrJZk&list=PLU3_fvoJ1GyMStiA29z37DUPtG47PvOJz&index=103,8,20,209,500209,500,0,410359,1.218954623,421494,1.186752362,-0.0019,0.3860,4,194.6053,698.0623,659.9096,2.09932,,,,,,,,,,,,,,,,,,,,,,,,,30Â DecÂ '99,,,,,,,,,,,,,,,,,,,,,,,,,,,,,,--,,,,,,,,,,,,,,,,,,,,,,,,,,,
ð³ð´,skycrab1,0,0,8:20.575,8:20.575,29 Aug 2024,609,(U),6341036276828892777,,,https://www.youtube.com/watch?v=mUhBdkUS4Xo&list=PLU3_fvoJ1GyMStiA29z37DUPtG47PvOJz&index=61,8,20,575,500575,501,1,410359,1.219846525,421494,1.187620702,-0.0019,0.3144,4,158.0399,695.7624,657.5547,2.10958,,,,,,,,,,,,,,,,,,,,,,,,,30Â DecÂ '99,,,,,,,,,,,,,,,,,,,,,,,,,,,,,,--,,,,,,,,,,,,,,,,,,,,,,,,,,,
ðºð¸,doogile,0,0,8:20.954,8:20.954,22 Sep 2024,585,(U),5840096564526051748,,,https://www.youtube.com/watch?v=GqY9MGcuvWk,8,20,954,500954,501,1,410359,1.220770106,421494,1.188519884,-0.0019,0.3291,4,164.9134,693.3729,655.1091,2.12026,,,,,,,,,,,,,,,,,,,,,,,,,30Â DecÂ '99,,,,,,,,,,,,,,,,,,,,,,,,,,,,,,--,,,,,,,,,,,,,,,,,,,,,,,,,,,
ð¹ð¿,Kxpow,0,1,8:19.128,8:20.966,05 Dec 2023,877,(V),-207017292191506931,,,https://www.speedrun.com/mc/runs/z5ke9xjz,8,20,966,500966,501,1,410359,1.220799349,465828,1.075431275,-0.0019,0.1889,4,141.2552,857.0889,655.0316,2.12060,,,,,,,,,,,,,,,,,,,,,,,,,30Â DecÂ '99,,,,,,,,,,,,,,,,,,,,,,,,,,,,,,,,,,,,,,,,,,,,,,,,,,,,,,,,,
ð¹ð¿,Kxpow,0,1,8:19.488,8:21.011,09 Jan 2024,842,(V),4490097923820258206,,,https://www.speedrun.com/mc/runs/y8kg0e1y,8,21,11,501011,501,0,410359,1.220909009,421494,1.188655117,-0.0019,0.2019,4,101.1561,693.0128,654.7407,2.12187,,,,,,,,,,,,,,,,,,,,,,,,,30Â DecÂ '99,,,,,,,,,,,,,,,,,,,,,,,,,,,,,,,,,,,,,,,,,,,,,,,,,,,,,,,,,
ðºð¦,dinonuggieboi,0,1,8:20.213,8:21.405,23 Dec 2024,493,(V),2194551805406621364,,,https://www.speedrun.com/mc/runs/zpk476gy,8,21,405,501405,501,0,410359,1.221869144,421494,1.189589887,-0.0019,0.3919,4,195.7074,690.5191,652.1899,2.13303,,,,,,,,,,,,,,,,,,,,,,,,,30Â DecÂ '99,,,,,,,,,,,,,,,,,,,,,,,,,,,,,,,,,,,,,,,,,,,,,,,,,,,,,,,,,
ð«ð®,AndrewCrow,0,1,8:19.952,8:21.407,19 Oct 2025,193,(V),4078753902684247139,,,https://www.speedrun.com/mc/runs/yw580r9y,8,21,407,501407,501,0,410359,1.221874018,410359,1.221874018,-0.0019,0.6930,4,310.9127,652.1769,652.1769,2.13308,,,,,,,,,,,,,,,,,,,,,,,,,30Â DecÂ '99,,,,,,,,,,,,,,,,,,,,,,,,,,,,,,,,,,,,,,,,,,,,,,,,,,,,,,,,,
ð³ð´,skycrab1,0,0,8:22.065,8:22.065,06 Mar 2026,55,(U),unknown,,,https://www.youtube.com/watch?v=WR8_NH2aZTo&list=PLU3_fvoJ1GyMStiA29z37DUPtG47PvOJz&index=171,8,22,65,502065,502,0,410359,1.223477492,410359,1.223477492,-0.0019,0.9008,4,402.0058,647.9002,647.9002,2.15183,,,,,,,,,,,,,,,,,,,,,,,,,30Â DecÂ '99,,,,,,,,,,,,,,,,,,,,,,,,,,,,,,,,,,,,,,,,,,,,,,,,,,,,,,,,,
ð©ðª,jason_n,0,0,8:22.273,8:22.273,02 Feb 2026,87,(U),7995908203394493910,,,https://www.youtube.com/watch?v=JHDFp57LuTQ,8,22,273,502273,502,0,410359,1.223984365,410359,1.223984365,-0.0019,0.8476,4,377.6658,646.5440,646.5440,2.15779,,,,,,,,,,,,,,,,,,,,,,,,,30Â DecÂ '99,,,,,,,,,,,,,,,,,,,,,,,,,,,,,,--,,,,,,,,,,,,,,,,,,,,,,,,,,,
ð³ð´,skycrab1,0,0,8:22.292,8:22.292,10 Dec 2024,506,(U),7706444672099891654,,,https://www.youtube.com/watch?v=VKGDkYwS24I&list=PLU3_fvoJ1GyMStiA29z37DUPtG47PvOJz&index=101,8,22,292,502292,502,0,410359,1.224030666,421494,1.191694306,-0.0019,0.3824,4,189.5876,684.8740,646.4200,2.15834,,,,,,,,,,,,,,,,,,,,,,,,,30Â DecÂ '99,,,,,,,,,,,,,,,,,,,,,,,,,,,,,,--,,,,,,,,,,,,,,,,,,,,,,,,,,,
ð«ð®,Cube1337x,0,1,8:23.352,8:23.352,29 Feb 2024,791,(V),5421616656737029560,,,https://www.speedrun.com/mc/runs/yvl3g1ez,8,23,352,503352,503,0,410359,1.22661377,421494,1.19420917,-0.0019,0.2225,4,109.3899,678.0724,639.4761,2.18893,,,,,,,,,,,,,,,,,,,,,,,,,30Â DecÂ '99,,,,,,,,,,,,,,,,,,,,,,,,,,,,,,--,,,,,,,,,,,,,,,,,,,,,,,,,,,
,lowkey,0,1,8:22.028,8:23.880,22 May 2023,1074,(V),9002087332504975257,,Yes,https://www.youtube.com/watch?v=jFKZ4TUPdmo,8,23,880,503880,504,1,410359,1.227900448,465828,1.081686803,-0.0019,0.1300,4,94.9232,841.0644,635.9980,2.20432,,,,,,,,,,,,,,,,,,,,,,,,,30Â DecÂ '99,,,,,,,,,,,,,,,,,,,,,,,,,,,,,,--,,,,,,,,,,,,,,,,,,,,,,,,,,,
ð³ð´,skycrab1,0,0,8:24.266,8:24.266,25 Jan 2025,460,(U),-2192530939169664687,,,https://www.youtube.com/watch?v=G-ri7QuIsdY&list=PLU3_fvoJ1GyMStiA29z37DUPtG47PvOJz&index=110,8,24,266,504266,504,0,410359,1.228841088,421494,1.196377647,-0.0019,0.4173,4,203.6824,672.1598,633.4472,2.21563,,,,,,,,,,,,,,,,,,,,,,,,,30Â DecÂ '99,,,,,,,,,,,,,,,,,,,,,,,,,,,,,,--,,,,,,,,,,,,,,,,,,,,,,,,,,,
ð¨ð¦,Jay12310,0,0,8:26.738,8:26.738,24 Nov 2025,157,(U),unknown,,,https://www.youtube.com/watch?v=fEau7iO9TJQ&list=PLaTJSsRuu2UcsiC6KEkJwrGp1GaGgPoVG&index=8,8,26,738,506738,507,1,410359,1.234865082,410359,1.234865082,-0.0019,0.7421,4,319.1331,616.9569,616.9569,2.28931,,,,,,,,,,,,,,,,,,,,,,,,,30Â DecÂ '99,,,,,,,,,,,,,,,,,,,,,,,,,,,,,,--,,,,,,,,,,,,,,,,,,,,,,,,,,,
ðºð¸,Zylenox,0,0,8:24.513,8:26.865,22 Apr 2023,1104,(U),2931282686903167782,12,Yes,https://www.youtube.com/watch?v=MBJI6KWkH2Q,8,26,865,506865,507,1,410359,1.235174567,465828,1.088094747,-0.0019,0.1228,4,87.5703,823.9820,616.1027,2.29315,,,,,,,,,,,,,,,,,,,,,,,,,30Â DecÂ '99,,,,,,,,,,,,,,,,,,,,,,,,,,,,,,--,,,,,,,,,,,,,,,,,,,,,,,,,,,
ð¨ð¦,Jay12310,0,1,8:26.957,8:26.957,07 May 2024,723,(V),608766675105077046,,,https://www.speedrun.com/mc/runs/y22k556y,8,26,957,506957,507,1,410359,1.235398761,421494,1.20276208,-0.0019,0.2532,4,120.9736,654.5040,615.4835,2.29594,,,,,,,,,,,,,,,,,,,,,,,,,30Â DecÂ '99,,,,,,,,,,,,,,,,,,,,,,,,,,,,,,--,,,,,,,,,,,,,,,,,,,,,,,,,,,
ðºð¸,Zylenox,0,1,8:25.432,8:27.473,17 Dec 2022,1230,(V),-4934318869749955,12,Yes,https://www.speedrun.com/mc/run/yln0kekz,8,27,473,507473,507,0,410359,1.236656196,495537,1.024087001,-0.0019,0.0966,4,87.8428,946.4660,612.0041,2.31163,,,,,,,,,,,,,,,,,,,,,,,,,30Â DecÂ '99,,,,,,,,,,,,,,,,,,,,,,,,,,,,,,--,,,,,,,,,,,,,,,,,,,,,,,,,,,
ðºð¸,meebie,0,0,8:27.708,8:28.050,19 Apr 2024,741,(U),-2948925549180981634,,,https://www.youtube.com/watch?v=bnxMyi5w0lE&list=PLaTJSsRuu2Ufk7cX7bUTt9V-IJxa8wqSM&index=13,8,28,50,508050,508,0,410359,1.238062282,421494,1.205355236,-0.0019,0.2447,4,115.9035,647.2307,608.1006,2.32929,,,,,,,,,,,,,,,,,,,,,,,,,30Â DecÂ '99,,,,,,,,,,,,,,,,,,,,,,,,,,,,,,--,,,,,,,,,,,,,,,,,,,,,,,,,,,
ð³ð´,skycrab1,0,0,8:27.992,8:28.114,07 Feb 2026,82,(U),unknown,,,https://www.youtube.com/watch?v=h2JcBageD9o&list=PLU3_fvoJ1GyMStiA29z37DUPtG47PvOJz&index=165,8,28,114,508114,508,0,410359,1.238218243,410359,1.238218243,-0.0019,0.8557,4,364.0392,607.6668,607.6668,2.33126,,,,,,,,,,,,,,,,,,,,,,,,,30Â DecÂ '99,,,,,,,,,,,,,,,,,,,,,,,,,,,,,,,,,,,,,,,,,,,,,,,,,,,,,,,,,
ð¨ð¦,Aquacorde,0,0,8:28.191,8:28.191,21 Sep 2025,221,(U),-1431734441306868324,,,https://www.youtube.com/watch?v=Sr-fxjtImKM,8,28,191,508191,508,0,410359,1.238405884,410359,1.238405884,-0.0019,0.6571,4,279.3751,607.1447,607.1447,2.33363,,,,,,,,,,,,,,,,,,,,,,,,,30Â DecÂ '99,,,,,,,,,,,,,,,,,,,,,,,,,,,,,,--,,,,,,,,,,,,,,,,,,,,,,,,,,,
ð³ð´,skycrab1,0,0,8:27.909,8:28.430,05 Dec 2025,146,(U),see video,,,https://www.youtube.com/watch?v=whjGQXRNxTo&list=PLU3_fvoJ1GyMStiA29z37DUPtG47PvOJz&index=150,8,28,430,508430,508,0,410359,1.2389883,410359,1.2389883,-0.0019,0.7578,4,321.5569,605.5226,605.5226,2.34099,,,,,,,,,,,,,,,,,,,,,,,,,30Â DecÂ '99,,,,,,,,,,,,,,,,,,,,,,,,,,,,,,--,,,,,,,,,,,,,,,,,,,,,,,,,,,
ð¨ð¦,Aquacorde,0,0,8:28.441,8:28.441,16 Oct 2025,196,(U),7318195485466118347,,,https://www.youtube.com/watch?v=RrhnX7u9LCk,8,28,441,508441,508,0,410359,1.239015106,410359,1.239015106,-0.0019,0.6891,4,292.3899,605.4479,605.4479,2.34133,,,,,,,,,,,,,,,,,,,,,,,,,30Â DecÂ '99,,,,,,,,,,,,,,,,,,,,,,,,,,,,,,--,,,,,,,,,,,,,,,,,,,,,,,,,,,
ð³ð´,skycrab1,0,0,8:28.504,8:28.504,25 May 2025,340,(U),4268670771735988776,,,https://www.youtube.com/watch?v=CTzti8oVBRg&list=PLU3_fvoJ1GyMStiA29z37DUPtG47PvOJz&index=126,8,28,504,508504,509,1,410359,1.23916863,421494,1.206432357,-0.0019,0.5241,4,247.4195,644.1929,605.0199,2.34328,,,,,,,,,,,,,,,,,,,,,,,,,30Â DecÂ '99,,,,,,,,,,,,,,,,,,,,,,,,,,,,,,--,,,,,,,,,,,,,,,,,,,,,,,,,,,
ð«ð®,AndrewCrow,0,1,8:27.109,8:28.982,12 Jun 2025,322,(V),-4964328459581115875,,,https://www.speedrun.com/mc/runs/y6j9rnjm,8,28,982,508982,509,1,410359,1.240333464,410359,1.240333464,-0.0019,0.5424,4,229.1632,601.7677,601.7677,2.35808,,,,,,,,,,,,,,,,,,,,,,,,,30Â DecÂ '99,,,,,,,,,,,,,,,,,,,,,,,,,,,,,,,,,,,,,,,,,,,,,,,,,,,,,,,,,
ð¬ð§,priffie,0,0,8:26.220,8:29.674,06 Jan 2024,845,(U),2398058020999821172,12,Yes,https://www.youtube.com/watch?v=sPSq_jhIyhY,8,29,674,509674,510,1,410359,1.242019792,421494,1.209208198,-0.0019,0.2008,4,93.9152,636.3201,597.0440,2.37966,,,,,,,,,,,,,,,,,,,,,,,,,30Â DecÂ '99,,,,,,,,,,,,,,,,,,,,,,,,,,,,,,--,,,,,,,,,,,,,,,,,,,,,,,,,,,
ð³ð´,skycrab1,0,0,8:27.951,8:29.783,18 May 2024,712,(U),2517517963886160862,,,https://www.youtube.com/watch?v=Hd2X1E-Ms7c&list=PLU3_fvoJ1GyMStiA29z37DUPtG47PvOJz&index=24,8,29,783,509783,510,1,410359,1.242285414,421494,1.209466801,-0.0019,0.2585,4,120.8122,635.5835,596.2983,2.38307,,,,,,,,,,,,,,,,,,,,,,,,,30Â DecÂ '99,,,,,,,,,,,,,,,,,,,,,,,,,,,,,,--,,,,,,,,,,,,,,,,,,,,,,,,,,,
ð³ð´,skycrab1,0,0,8:29.901,8:29.901,06 Mar 2026,55,(U),unknown,,,https://www.youtube.com/watch?v=HUVPQIRwcK0&list=PLU3_fvoJ1GyMStiA29z37DUPtG47PvOJz&index=170,8,29,901,509901,510,1,410359,1.242572967,410359,1.242572967,-0.0019,0.9008,4,377.8580,595.4906,595.4906,2.38677,,,,,,,,,,,,,,,,,,,,,,,,,30Â DecÂ '99,,,,,,,,,,,,,,,,,,,,,,,,,,,,,,,,,,,,,,,,,,,,,,,,,,,,,,,,,
ð«ð®,AndrewCrow,0,0,8:28.900,8:29.924,25 Jan 2026,95,(U),unknown,,,https://www.youtube.com/watch?v=p-jx69uoxuQ,8,29,924,509924,510,1,410359,1.242629015,410359,1.242629015,-0.0019,0.8349,4,350.1417,595.3331,595.3331,2.38750,,,,,,,,,,,,,,,,,,,,,,,,,30Â DecÂ '99,,,,,,,,,,,,,,,,,,,,,,,,,,,,,,,,,,,,,,,,,,,,,,,,,,,,,,,,,
ðºð¦,7rowl,0,0,8:31.022,8:31.022,29 Aug 2023,975,(U),-849877744345333161,,,https://www.youtube.com/watch?v=rao2ee_878E,8,31,22,511022,511,0,410359,1.245304721,465828,1.097018642,-0.0019,0.1568,4,108.2963,799.0863,587.7917,2.42220,,,,,,,,,,,,,,,,,,,,,,,,,30Â DecÂ '99,,,,,,,,,,,,,,,,,,,,,,,,,,,,,,--,,,,,,,,,,,,,,,,,,,,,,,,,,,
ð³ð´,skycrab1,0,0,8:30.987,8:31.085,08 Dec 2025,143,(U),unknown,,,https://www.youtube.com/watch?v=tLfXiUo2Dw0&list=PLU3_fvoJ1GyMStiA29z37DUPtG47PvOJz&index=157,8,31,85,511085,511,0,410359,1.245458245,410359,1.245458245,-0.0019,0.7621,4,316.7273,587.3577,587.3577,2.42420,,,,,,,,,,,,,,,,,,,,,,,,,30Â DecÂ '99,,,,,,,,,,,,,,,,,,,,,,,,,,,,,,--,,,,,,,,,,,,,,,,,,,,,,,,,,,
ð³ð´,skycrab1,0,0,8:28.790,8:31.168,21 Oct 2025,191,(U),see video,,,https://www.youtube.com/watch?v=gGs-3BbCEWA&list=PLU3_fvoJ1GyMStiA29z37DUPtG47PvOJz&index=144,8,31,168,511168,511,0,410359,1.245660507,410359,1.245660507,-0.0019,0.6957,4,288.9321,586.7857,586.7857,2.42685,,,,,,,,,,,,,,,,,,,,,,,,,30Â DecÂ '99,,,,,,,,,,,,,,,,,,,,,,,,,,,,,,--,,,,,,,,,,,,,,,,,,,,,,,,,,,
ðºð¸,doogile,0,0,8:31.156,8:31.904,27 Jan 2024,824,(U),-4987550100545669891,,,https://www.youtube.com/watch?v=K9wU6ilEDcc,8,31,904,511904,512,1,410359,1.247454059,421494,1.214498902,-0.0019,0.2090,4,96.0462,621.1453,581.7030,2.45040,,,,,,,,,,,,,,,,,,,,,,,,,30Â DecÂ '99,,,,,,,,,,,,,,,,,,,,,,,,,,,,,,--,,,,,,,,,,,,,,,,,,,,,,,,,,,
ð¸ð°,NoFear1337,0,0,8:32.422,8:32.422,14 Jul 2024,655,(U),unknown,,,https://www.youtube.com/watch?v=yw7-yaW4Nfk&list=PLaTJSsRuu2UeeWabBBfNVWALvnefBoL2C&index=21,8,32,422,512422,512,0,410359,1.248716368,421494,1.215727863,-0.0019,0.2881,4,131.8788,617.5899,578.1149,2.46710,,,,,,,,,,,,,,,,,,,,,,,,,30Â DecÂ '99,,,,,,,,,,,,,,,,,,,,,,,,,,,,,,--,,,,,,,,,,,,,,,,,,,,,,,,,,,
ð¨ð¦,Aquacorde,0,0,8:32.755,8:32.755,08 Jul 2025,296,(U),4813852831291424591,,,https://www.youtube.com/watch?v=9t2wFDDYuWw,8,32,755,512755,513,1,410359,1.249527852,410359,1.249527852,-0.0019,0.5698,4,233.7594,575.8035,575.8035,2.47789,,,,,,,,,,,,,,,,,,,,,,,,,30Â DecÂ '99,,,,,,,,,,,,,,,,,,,,,,,,,,,,,,--,,,,,,,,,,,,,,,,,,,,,,,,,,,
ðºð¦,7rowl,0,0,8:30.604,8:32.840,28 Aug 2023,976,(U),-3689619904496856440,,,https://www.youtube.com/watch?v=fDjrOqatTAs,8,32,840,512840,513,1,410359,1.249734988,465828,1.10092137,-0.0019,0.1565,4,106.5661,787.8023,575.2129,2.48065,,,,,,,,,,,,,,,,,,,,,,,,,30Â DecÂ '99,,,,,,,,,,,,,,,,,,,,,,,,,,,,,,--,,,,,,,,,,,,,,,,,,,,,,,,,,,
ð³ð´,skycrab1,0,0,8:33.231,8:33.231,23 May 2025,342,(U),4058006226311107449,,,https://www.youtube.com/watch?v=Gqyss7R7ZB0&list=PLU3_fvoJ1GyMStiA29z37DUPtG47PvOJz&index=125,8,33,231,513231,513,0,410359,1.250687812,421494,1.217647226,-0.0019,0.5222,4,237.5251,612.0150,572.4933,2.49338,,,,,,,,,,,,,,,,,,,,,,,,,30Â DecÂ '99,,,,,,,,,,,,,,,,,,,,,,,,,,,,,,--,,,,,,,,,,,,,,,,,,,,,,,,,,,
ð³ð´,skycrab1,0,1,8:31.860,8:33.243,12 Jan 2024,839,(V),8794223043069861926,,,https://www.speedrun.com/mc/runs/zxw0jlqm,8,33,243,513243,513,0,410359,1.250717055,421494,1.217675696,-0.0019,0.2031,4,92.3772,611.9321,572.4098,2.49378,,,,,,,,,,,,,,,,,,,,,,,,,30Â DecÂ '99,,,,,,,,,,,,,,,,,,,,,,,,,,,,,,--,,,,,,,,,,,,,,,,,,,,,,,,,,,
ðºð¸,meebie,0,0,8:33.573,8:33.573,04 Dec 2023,878,(U),unknown,,,https://www.youtube.com/watch?v=tPDjceeZd7w&list=PLaTJSsRuu2Ufk7cX7bUTt9V-IJxa8wqSM&index=8,8,33,573,513573,514,1,410359,1.251521229,465828,1.102494912,-0.0019,0.1886,4,127.6449,783.1858,570.1106,2.50457,,,,,,,,,,,,,,,,,,,,,,,,,30Â DecÂ '99,,,,,,,,,,,,,,,,,,,,,,,,,,,,,,--,,,,,,,,,,,,,,,,,,,,,,,,,,,
ð¨ð¦,Aquacorde,0,1,8:33.639,8:33.639,16 Aug 2024,622,(V),-8818959532856191300,,,https://www.speedrun.com/mc/runs/m3jr41wz,8,33,639,513639,514,1,410359,1.251682064,421494,1.218615212,-0.0019,0.3067,4,139.0863,609.1935,569.6503,2.50673,,,,,,,,,,,,,,,,,,,,,,,,,30Â DecÂ '99,,,,,,,,,,,,,,,,,,,,,,,,,,,,,,--,,,,,,,,,,,,,,,,,,,,,,,,,,,
ðµð±,kazzruns,0,0,8:33.801,8:33.801,28 Aug 2025,245,(U),unknown,,,https://www.youtube.com/watch?v=pXLKegNZ5CU,8,33,801,513801,514,1,410359,1.25207684,410359,1.25207684,-0.0019,0.6278,4,255.4536,568.5200,568.5200,2.51205,,,,,,,,,,,,,,,,,,,,,,,,,30Â DecÂ '99,,,,,,,,,,,,,,,,,,,,,,,,,,,,,,,,,,,,,,,,,,,,,,,,,,,,,,,,,
ð¨ð¦,Jay12310,0,0,8:33.946,8:33.946,07 Jan 2025,478,(U),unknown,,,https://www.youtube.com/watch?v=pROA_8k_5eg&list=PLaTJSsRuu2UcsiC6KEkJwrGp1GaGgPoVG&index=12,8,33,946,513946,514,1,410359,1.252430189,421494,1.219343573,-0.0019,0.4032,4,182.4187,607.0660,567.5077,2.51682,,,,,,,,,,,,,,,,,,,,,,,,,30Â DecÂ '99,,,,,,,,,,,,,,,,,,,,,,,,,,,,,,--,,,,,,,,,,,,,,,,,,,,,,,,,,,
ð©ð°,Bloopy,0,1,8:33.952,8:33.952,03 Aug 2024,635,(V),255624109612098462,,,https://www.speedrun.com/mc/runs/yvx9vo8z,8,33,952,513952,514,1,410359,1.252444811,421494,1.219357808,-0.0019,0.2992,4,135.3627,607.0244,567.4658,2.51702,,,,,,,,,,,,,,,,,,,,,,,,,30Â DecÂ '99,,,,,,,,,,,,,,,,,,,,,,,,,,,,,,--,,,,,,,,,,,,,,,,,,,,,,,,,,,
ðµð±,watermelon1708,0,0,8:33.349,8:34.250,27 Nov 2025,154,(U),unknown,,,https://www.youtube.com/watch?v=3mEKAQ3Z4RM,8,34,250,514250,514,0,410359,1.253171004,410359,1.253171004,-0.0019,0.7463,4,302.6106,565.3832,565.3832,2.52685,,,,,,,,,,,,,,,,,,,,,,,,,30Â DecÂ '99,,,,,,,,,,,,,,,,,,,,,,,,,,,,,,--,,,,,,,,,,,,,,,,,,,,,,,,,,,
ð³ð´,skycrab1,0,0,8:34.391,8:34.391,14 Jun 2025,320,(U),unknown,,,https://www.youtube.com/watch?v=mbQO0iA60UA&list=PLU3_fvoJ1GyMStiA29z37DUPtG47PvOJz&index=127,8,34,391,514391,514,0,410359,1.253514606,410359,1.253514606,-0.0019,0.5444,4,220.5116,564.3969,564.3969,2.53151,,,,,,,,,,,,,,,,,,,,,,,,,30Â DecÂ '99,,,,,,,,,,,,,,,,,,,,,,,,,,,,,,--,,,,,,,,,,,,,,,,,,,,,,,,,,,
ð©ð°,Bloopy,0,0,8:34.410,8:34.410,31 Oct 2025,181,(U),-6611883265830397474,,,https://www.youtube.com/watch?v=WJlhnd9qMjI,8,34,410,514410,514,0,410359,1.253560906,410359,1.253560906,-0.0019,0.7090,4,287.1206,564.2639,564.2639,2.53214,,,,,,,,,,,,,,,,,,,,,,,,,30Â DecÂ '99,,,,,,,,,,,,,,,,,,,,,,,,,,,,,,--,,,,,,,,,,,,,,,,,,,,,,,,,,,
ðºð¸,doogile,0,0,8:34.422,8:34.422,22 May 2025,343,(U),4475174620258750317,,,https://www.youtube.com/watch?v=rEmLQHlkBMs,8,34,422,514422,514,0,410359,1.253590149,421494,1.220472889,-0.0019,0.5212,4,234.8863,603.7602,564.1799,2.53253,,,,,,,,,,,,,,,,,,,,,,,,,30Â DecÂ '99,,,,,,,,,,,,,,,,,,,,,,,,,,,,,,--,,,,,,,,,,,,,,,,,,,,,,,,,,,
ðºð¸,doogile,0,0,8:31.615,8:34.469,03 Oct 2023,940,(U),2814215657097519375,,,https://www.youtube.com/watch?v=MruA0trsR5Y,8,34,469,514469,514,0,410359,1.253704683,465828,1.104418369,-0.0019,0.1676,4,112.6719,777.4912,563.8510,2.53409,,,,,,,,,,,,,,,,,,,,,,,,,30Â DecÂ '99,,,,,,,,,,,,,,,,,,,,,,,,,,,,,,--,,,,,,,,,,,,,,,,,,,,,,,,,,,
ð³ð´,skycrab1,0,0,8:34.709,8:34.709,13 Sep 2024,594,(U),-251105327808432283,,,https://www.youtube.com/watch?v=_Zw3t6qzR0A&list=PLU3_fvoJ1GyMStiA29z37DUPtG47PvOJz&index=69,8,34,709,514709,515,1,410359,1.254289537,421494,1.221153801,-0.0019,0.3235,4,145.4701,601.7628,562.1702,2.54205,,,,,,,,,,,,,,,,,,,,,,,,,30Â DecÂ '99,,,,,,,,,,,,,,,,,,,,,,,,,,,,,,--,,,,,,,,,,,,,,,,,,,,,,,,,,,
ðºð¸,meebie,0,0,8:34.971,8:34.971,16 Nov 2025,165,(U),unknown,,,https://www.youtube.com/watch?v=NwUTr6N_4P0&list=PLaTJSsRuu2Ufk7cX7bUTt9V-IJxa8wqSM&index=21,8,34,971,514971,515,1,410359,1.254928002,410359,1.254928002,-0.0019,0.7309,4,294.6955,560.3335,560.3335,2.55077,,,,,,,,,,,,,,,,,,,,,,,,,30Â DecÂ '99,,,,,,,,,,,,,,,,,,,,,,,,,,,,,,,,,,,,,,,,,,,,,,,,,,,,,,,,,
ð¸ð°,NoFear1337,0,0,8:35.097,8:35.579,27 Dec 2023,855,(U),unknown,,,https://www.youtube.com/watch?v=op6VlwDM3Xo&list=PLaTJSsRuu2UeeWabBBfNVWALvnefBoL2C,8,35,579,515579,516,1,410359,1.256409632,446254,1.155348748,-0.0019,0.1970,4,110.5697,689.8567,556.0636,2.57109,,,,,,,,,,,,,,,,,,,,,,,,,30Â DecÂ '99,,,,,,,,,,,,,,,,,,,,,,,,,,,,,,--,,,,,,,,,,,,,,,,,,,,,,,,,,,
ð³ð´,skycrab1,0,0,8:34.852,8:35.797,03 Aug 2024,635,(U),-5772469146569821756,,,https://www.youtube.com/watch?v=b47aZUBK814&list=PLU3_fvoJ1GyMStiA29z37DUPtG47PvOJz&index=47,8,35,797,515797,516,1,410359,1.256940874,421494,1.223735095,-0.0019,0.2992,4,133.4363,594.1629,554.5301,2.57841,,,,,,,,,,,,,,,,,,,,,,,,,30Â DecÂ '99,,,,,,,,,,,,,,,,,,,,,,,,,,,,,,--,,,,,,,,,,,,,,,,,,,,,,,,,,,
ð³ð´,skycrab1,0,0,8:35.819,8:35.819,18 May 2025,347,(U),see video,,,https://www.youtube.com/watch?v=kDl3PmegjWA&list=PLU3_fvoJ1GyMStiA29z37DUPtG47PvOJz&index=124,8,35,819,515819,516,1,410359,1.256994485,421494,1.22378729,-0.0019,0.5172,4,230.5929,594.0087,554.3753,2.57915,,,,,,,,,,,,,,,,,,,,,,,,,30Â DecÂ '99,,,,,,,,,,,,,,,,,,,,,,,,,,,,,,--,,,,,,,,,,,,,,,,,,,,,,,,,,,
ðºð¸,meebie,0,0,8:35.914,8:35.914,18 Nov 2023,894,(U),-2503873430617653818,,,https://www.youtube.com/watch?v=c2uu-GXtiIc&list=PLaTJSsRuu2Ufk7cX7bUTt9V-IJxa8wqSM&index=5,8,35,914,515914,516,1,410359,1.25722599,465828,1.107520372,-0.0019,0.1829,4,121.5907,768.1892,553.7066,2.58235,,,,,,,,,,,,,,,,,,,,,,,,,30Â DecÂ '99,,,,,,,,,,,,,,,,,,,,,,,,,,,,,,--,,,,,,,,,,,,,,,,,,,,,,,,,,,
ðµð±,watermelon1708,0,0,8:34.398,8:35.950,10 Nov 2025,171,(U),see video,,,https://www.youtube.com/watch?v=fEy7nXScnGI,8,35,950,515950,516,1,410359,1.257313718,410359,1.257313718,-0.0019,0.7226,4,289.1499,553.4531,553.4531,2.58357,,,,,,,,,,,,,,,,,,,,,,,,,30Â DecÂ '99,,,,,,,,,,,,,,,,,,,,,,,,,,,,,,--,,,,,,,,,,,,,,,,,,,,,,,,,,,
ð¸ð°,NoFear1337,0,0,8:31.037,8:35.967,25 Dec 2023,857,(U),4143928542736581557,16,Yes,https://www.youtube.com/watch?v=wOf3KZ159XE,8,35,967,515967,516,1,410359,1.257355145,446254,1.156218208,-0.0019,0.1963,4,109.8194,687.2210,553.3334,2.58414,,,,,,,,,,,,,,,,,,,,,,,,,30Â DecÂ '99,,,,,,,,,,,,,,,,,,,,,,,,,,,,,,--,,,,,,,,,,,,,,,,,,,,,,,,,,,
ð³ð´,skycrab1,0,0,8:36.102,8:36.102,29 Oct 2024,548,(U),-3646678682630251613,,,https://www.youtube.com/watch?v=okNmE6As3I8&list=PLU3_fvoJ1GyMStiA29z37DUPtG47PvOJz&index=90,8,36,102,516102,516,0,410359,1.257684125,421494,1.224458711,-0.0019,0.3530,4,157.0493,592.0246,552.3825,2.58869,,,,,,,,,,,,,,,,,,,,,,,,,30Â DecÂ '99,,,,,,,,,,,,,,,,,,,,,,,,,,,,,,--,,,,,,,,,,,,,,,,,,,,,,,,,,,
ð³ð´,skycrab1,0,0,8:34.986,8:36.447,30 May 2024,700,(U),5645148096058568914,,,https://www.youtube.com/watch?v=qmxUkDzqJLA&list=PLU3_fvoJ1GyMStiA29z37DUPtG47PvOJz&index=25,8,36,447,516447,516,0,410359,1.258524853,421494,1.225277228,-0.0019,0.2645,4,117.3413,589.6019,549.9502,2.60036,,,,,,,,,,,,,,,,,,,,,,,,,30Â DecÂ '99,,,,,,,,,,,,,,,,,,,,,,,,,,,,,,--,,,,,,,,,,,,,,,,,,,,,,,,,,,
ð³ð´,skycrab1,0,0,8:35.909,8:36.678,13 Aug 2024,625,(U),-757577179228035098,,,https://www.youtube.com/watch?v=3jCFZ5mZbuw&list=PLU3_fvoJ1GyMStiA29z37DUPtG47PvOJz&index=53,8,36,678,516678,517,1,410359,1.259087774,421494,1.225825279,-0.0019,0.3050,4,135.0707,587.9774,548.3199,2.60820,,,,,,,,,,,,,,,,,,,,,,,,,30Â DecÂ '99,,,,,,,,,,,,,,,,,,,,,,,,,,,,,,--,,,,,,,,,,,,,,,,,,,,,,,,,,,
ð«ð®,AndrewCrow,0,0,8:33.154,8:36.802,20 Jul 2025,284,(U),unknown,,,https://www.youtube.com/watch?v=E1L_FPxRTuo,8,36,802,516802,517,1,410359,1.259389949,410359,1.259389949,-0.0019,0.5830,4,231.7468,547.4442,547.4442,2.61242,,,,,,,,,,,,,,,,,,,,,,,,,30Â DecÂ '99,,,,,,,,,,,,,,,,,,,,,,,,,,,,,,,,,,,,,,,,,,,,,,,,,,,,,,,,,
ð³ð´,skycrab1,0,0,8:36.197,8:36.807,30 Sep 2025,212,(U),unknown,,,https://www.youtube.com/watch?v=dGXgTgEdGVY&list=PLU3_fvoJ1GyMStiA29z37DUPtG47PvOJz&index=142,8,36,807,516807,517,1,410359,1.259402133,410359,1.259402133,-0.0019,0.6684,4,265.7104,547.4088,547.4088,2.61259,,,,,,,,,,,,,,,,,,,,,,,,,30Â DecÂ '99,,,,,,,,,,,,,,,,,,,,,,,,,,,,,,--,,,,,,,,,,,,,,,,,,,,,,,,,,,
ðºð¸,doogile,0,0,8:32.663,8:36.891,31 Mar 2024,760,(U),-8770456777787364691,,,https://www.youtube.com/watch?v=IRTvOCDfvbA,8,36,891,516891,517,1,410359,1.259606832,421494,1.226330624,-0.0019,0.2360,4,104.3394,586.4779,546.8154,2.61545,,,,,,,,,,,,,,,,,,,,,,,,,30Â DecÂ '99,,,,,,,,,,,,,,,,,,,,,,,,,,,,,,--,,,,,,,,,,,,,,,,,,,,,,,,,,,
ðµð±,okshey,0,1,8:35.972,8:37.500,17 Apr 2025,378,(V),-1892453842458127965,,,https://www.speedrun.com/mc/runs/zn9dgq8y,8,37,500,517500,518,1,410359,1.261090898,421494,1.227775484,-0.0019,0.4876,4,214.5922,582.1820,542.5075,2.63627,,,,,,,,,,,,,,,,,,,,,,,,,30Â DecÂ '99,,,,,,,,,,,,,,,,,,,,,,,,,,,,,,,,,,,,,,,,,,,,,,,,,,,,,,,,,
ð³ð´,skycrab1,0,0,8:36.373,8:37.680,12 Jun 2024,687,(U),8302535928926204218,,,https://www.youtube.com/watch?v=RUtcNVLefnE&list=PLU3_fvoJ1GyMStiA29z37DUPtG47PvOJz&index=28,8,37,680,517680,518,1,410359,1.261529539,421494,1.228202537,-0.0019,0.2711,4,119.1339,580.9099,541.2325,2.64245,,,,,,,,,,,,,,,,,,,,,,,,,30Â DecÂ '99,,,,,,,,,,,,,,,,,,,,,,,,,,,,,,--,,,,,,,,,,,,,,,,,,,,,,,,,,,
ð®ð±,sagi_enderman,1,1,8:31.726,8:37.884,29 Jul 2022,1371,(V),-774874644388946464,,,https://www.speedrun.com/mc/runs/mkdld9xy,8,37,884,517884,518,1,410359,1.262026664,548820,0.9436317918,-0.0019,0.0739,4,193.2172,1166.1645,539.7866,2.64947,,,,,,,,,,,,,,,,,,,,,,,,,30Â DecÂ '99,,,,,,,,,,,,,,,,,,,,,,,,,,,,,,--,,,,,,,,,,,,,,,,,,,,,,,,,,,
ðºð¸,meebie,0,0,8:37.477,8:37.975,07 Aug 2023,997,(U),1459462342630812192,,,https://www.youtube.com/watch?v=C983h_XUVjM&list=PLaTJSsRuu2Ufk7cX7bUTt9V-IJxa8wqSM&index=3,8,37,975,517975,518,1,410359,1.262248422,465828,1.111944752,-0.0019,0.1504,4,98.3973,754.6740,539.1412,2.65261,,,,,,,,,,,,,,,,,,,,,,,,,30Â DecÂ '99,,,,,,,,,,,,,,,,,,,,,,,,,,,,,,--,,,,,,,,,,,,,,,,,,,,,,,,,,,
ð³ð´,skycrab1,0,0,8:38.021,8:38.021,06 May 2025,359,(U),unknown,,,https://www.youtube.com/watch?v=VTFc9umQMn8&list=PLU3_fvoJ1GyMStiA29z37DUPtG47PvOJz&index=120,8,38,21,518021,518,0,410359,1.262360518,421494,1.229011564,-0.0019,0.5056,4,221.5868,578.4970,538.8150,2.65419,,,,,,,,,,,,,,,,,,,,,,,,,30Â DecÂ '99,,,,,,,,,,,,,,,,,,,,,,,,,,,,,,--,,,,,,,,,,,,,,,,,,,,,,,,,,,
ðµð±,okshey,0,0,8:38.735,8:38.735,15 Nov 2025,166,(U),unknown,,,https://www.youtube.com/watch?v=TfnVJFvNoDY,8,38,735,518735,519,1,410359,1.264100458,410359,1.264100458,-0.0019,0.7295,4,285.6914,533.7444,533.7444,2.67894,,,,,,,,,,,,,,,,,,,,,,,,,30Â DecÂ '99,,,,,,,,,,,,,,,,,,,,,,,,,,,,,,,,,,,,,,,,,,,,,,,,,,,,,,,,,
ð¨ð¦,Jay12310,0,0,8:36.088,8:38.790,24 Nov 2025,157,(U),unknown,,,https://www.youtube.com/watch?v=t3Th0f5TeHc&list=PLaTJSsRuu2UcsiC6KEkJwrGp1GaGgPoVG&index=7,8,38,790,518790,519,1,410359,1.264234487,410359,1.264234487,-0.0019,0.7421,4,290.4955,533.3533,533.3533,2.68085,,,,,,,,,,,,,,,,,,,,,,,,,30Â DecÂ '99,,,,,,,,,,,,,,,,,,,,,,,,,,,,,,--,,,,,,,,,,,,,,,,,,,,,,,,,,,
ð¨ð¦,Jay12310,0,0,8:39.147,8:39.147,06 Dec 2025,145,(U),unknown,,,https://www.youtube.com/watch?v=SSESxjNH_hk&list=PLaTJSsRuu2UcsiC6KEkJwrGp1GaGgPoVG&index=10,8,39,147,519147,519,0,410359,1.265104457,410359,1.265104457,-0.0019,0.7592,4,296.3782,530.8133,530.8133,2.69331,,,,,,,,,,,,,,,,,,,,,,,,,30Â DecÂ '99,,,,,,,,,,,,,,,,,,,,,,,,,,,,,,--,,,,,,,,,,,,,,,,,,,,,,,,,,,
ðºð¸,doogile,0,0,8:39.037,8:39.282,30 Mar 2025,396,(U),8886412600271699411,,,https://www.youtube.com/watch?v=u6qbrlizGMM,8,39,282,519282,519,0,410359,1.265433438,421494,1.232003303,-0.0019,0.4712,4,204.5452,569.5422,529.8521,2.69804,,,,,,,,,,,,,,,,,,,,,,,,,30Â DecÂ '99,,,,,,,,,,,,,,,,,,,,,,,,,,,,,,--,,,,,,,,,,,,,,,,,,,,,,,,,,,
ð©ð°,Bloopy,0,0,8:39.524,8:39.524,08 Feb 2025,446,(U),-1918684009025106856,,,https://www.youtube.com/watch?v=4Ncc5fSS7fU,8,39,524,519524,520,1,410359,1.266023165,421494,1.232577451,-0.0019,0.4285,4,185.6616,567.8181,528.1281,2.70652,,,,,,,,,,,,,,,,,,,,,,,,,30Â DecÂ '99,,,,,,,,,,,,,,,,,,,,,,,,,,,,,,--,,,,,,,,,,,,,,,,,,,,,,,,,,,
ð©ðª,jason_n,0,0,8:39.547,8:39.547,14 Sep 2024,593,(U),-6811725567637899791,,,https://www.youtube.com/watch?v=vO1lOV6z_rs,8,39,547,519547,520,1,410359,1.266079214,421494,1.232632018,-0.0019,0.3241,4,140.3934,567.6541,527.9642,2.70733,,,,,,,,,,,,,,,,,,,,,,,,,30Â DecÂ '99,,,,,,,,,,,,,,,,,,,,,,,,,,,,,,--,,,,,,,,,,,,,,,,,,,,,,,,,,,
ð³ð´,skycrab1,0,0,8:39.547,8:39.779,30 May 2025,335,(U),unknown,,,https://www.youtube.com/watch?v=NFMHJvhQb_w&list=PLU3_fvoJ1GyMStiA29z37DUPtG47PvOJz&index=129,8,39,779,519779,520,1,410359,1.266644572,421494,1.233182442,-0.0019,0.5291,4,228.8033,565.9995,526.3102,2.71549,,,,,,,,,,,,,,,,,,,,,,,,,30Â DecÂ '99,,,,,,,,,,,,,,,,,,,,,,,,,,,,,,--,,,,,,,,,,,,,,,,,,,,,,,,,,,
ð«ð®,AndrewCrow,0,0,8:38.402,8:39.880,12 Aug 2025,261,(U),unknown,,,https://www.youtube.com/watch?v=psOz3n2aTy0,8,39,880,519880,520,1,410359,1.266890698,410359,1.266890698,-0.0019,0.6090,4,236.4160,525.5898,525.5898,2.71905,,,,,,,,,,,,,,,,,,,,,,,,,30Â DecÂ '99,,,,,,,,,,,,,,,,,,,,,,,,,,,,,,,,,,,,,,,,,,,,,,,,,,,,,,,,,
ðµð±,watermelon1708,0,0,8:39.647,8:40.008,29 Nov 2025,152,(U),unknown,,,https://www.youtube.com/watch?v=t10Ij-c_N2s,8,40,8,520008,520,0,410359,1.26720262,410359,1.26720262,-0.0019,0.7492,4,290.5303,524.6766,524.6766,2.72357,,,,,,,,,,,,,,,,,,,,,,,,,30Â DecÂ '99,,,,,,,,,,,,,,,,,,,,,,,,,,,,,,--,,,,,,,,,,,,,,,,,,,,,,,,,,,
ð©ðª,jason_n,0,0,8:40.038,8:40.038,21 Aug 2024,617,(U),8973323366010797251,,,https://www.youtube.com/watch?v=wtVTAwET8cA,8,40,38,520038,520,0,410359,1.267275727,421494,1.233796922,-0.0019,0.3097,4,133.6293,564.1504,524.4625,2.72463,,,,,,,,,,,,,,,,,,,,,,,,,30Â DecÂ '99,,,,,,,,,,,,,,,,,,,,,,,,,,,,,,--,,,,,,,,,,,,,,,,,,,,,,,,,,,
ðµð±,watermelon1708,0,0,8:39.979,8:40.694,15 Nov 2025,166,(U),unknown,,,https://www.youtube.com/watch?v=EKR-bvraczI,8,40,694,520694,521,1,410359,1.268874327,410359,1.268874327,-0.0019,0.7295,4,281.4162,519.7767,519.7767,2.74789,,,,,,,,,,,,,,,,,,,,,,,,,30Â DecÂ '99,,,,,,,,,,,,,,,,,,,,,,,,,,,,,,--,,,,,,,,,,,,,,,,,,,,,,,,,,,
ðºð¸,doogile,0,0,8:39.729,8:40.725,09 Dec 2023,873,(U),-5412281049038794009,,,https://www.youtube.com/watch?v=Jv2jo4YQLrw,8,40,725,520725,521,1,410359,1.268949871,446254,1.166880297,-0.0019,0.1904,4,102.6906,654.2519,519.5551,2.74900,,,,,,,,,,,,,,,,,,,,,,,,,30Â DecÂ '99,,,,,,,,,,,,,,,,,,,,,,,,,,,,,,--,,,,,,,,,,,,,,,,,,,,,,,,,,,
ðºð¸,doogile,0,0,8:40.768,8:40.768,16 Jul 2024,653,(U),8198000986967179551,,,https://www.youtube.com/watch?v=Ce_A0Sa97Hg,8,40,768,520768,521,1,410359,1.269054657,421494,1.235528857,-0.0019,0.2892,4,124.0964,558.9283,519.2476,2.75053,,,,,,,,,,,,,,,,,,,,,,,,,30Â DecÂ '99,,,,,,,,,,,,,,,,,,,,,,,,,,,,,,--,,,,,,,,,,,,,,,,,,,,,,,,,,,
ð³ð´,skycrab1,0,0,8:40.888,8:40.888,08 Dec 2025,143,(U),unknown,,,https://www.youtube.com/watch?v=xihX3p1Fp4s&list=PLU3_fvoJ1GyMStiA29z37DUPtG47PvOJz&index=153,8,40,888,520888,521,1,410359,1.269347084,410359,1.269347084,-0.0019,0.7621,4,293.5490,518.3895,518.3895,2.75481,,,,,,,,,,,,,,,,,,,,,,,,,30Â DecÂ '99,,,,,,,,,,,,,,,,,,,,,,,,,,,,,,--,,,,,,,,,,,,,,,,,,,,,,,,,,,
ð³ð´,skycrab1,0,0,8:40.847,8:41.542,18 May 2025,347,(U),unknown,,,https://www.youtube.com/watch?v=xJ01M7bzZw4&list=PLU3_fvoJ1GyMStiA29z37DUPtG47PvOJz&index=123,8,41,542,521542,522,1,410359,1.27094081,421494,1.237365182,-0.0019,0.5172,4,220.6369,553.3755,513.7079,2.77823,,,,,,,,,,,,,,,,,,,,,,,,,30Â DecÂ '99,,,,,,,,,,,,,,,,,,,,,,,,,,,,,,--,,,,,,,,,,,,,,,,,,,,,,,,,,,
ð¨ð¦,Jay12310,0,1,8:41.613,8:41.613,31 Jan 2024,820,(V),-2567989600321826795,,,https://www.speedrun.com/mc/runs/z1ke12jy,8,41,613,521613,522,1,410359,1.27111383,421494,1.23753363,-0.0019,0.2106,4,89.7721,552.8653,513.1993,2.78078,,,,,,,,,,,,,,,,,,,,,,,,,30Â DecÂ '99,,,,,,,,,,,,,,,,,,,,,,,,,,,,,,--,,,,,,,,,,,,,,,,,,,,,,,,,,,
ð¨ð¦,Aquacorde,0,0,8:42.341,8:42.341,21 Jun 2025,313,(U),-7609881780988686655,,,https://www.youtube.com/watch?v=MuohhSr-XiM,8,42,341,522341,522,0,410359,1.272887886,410359,1.272887886,-0.0019,0.5517,4,210.1670,507.9789,507.9789,2.80708,,,,,,,,,,,,,,,,,,,,,,,,,30Â DecÂ '99,,,,,,,,,,,,,,,,,,,,,,,,,,,,,,--,,,,,,,,,,,,,,,,,,,,,,,,,,,
ðºð¸,doogile,0,0,8:42.117,8:42.986,28 Feb 2024,792,(U),5949882598636664818,,,https://www.youtube.com/watch?v=oCkkuqlQ9Po,8,42,986,522986,523,1,410359,1.27445968,421494,1.240791091,-0.0019,0.2221,4,93.6869,542.9749,503.3470,2.83057,,,,,,,,,,,,,,,,,,,,,,,,,30Â DecÂ '99,,,,,,,,,,,,,,,,,,,,,,,,,,,,,,--,,,,,,,,,,,,,,,,,,,,,,,,,,,
ð«ð®,AndrewCrow,0,0,8:42.102,8:43.518,17 Jul 2025,287,(U),unknown,,,https://www.youtube.com/watch?v=uT5c_6-u4Ns,8,43,518,523518,524,1,410359,1.275756106,410359,1.275756106,-0.0019,0.5797,4,218.8309,499.5223,499.5223,2.85007,,,,,,,,,,,,,,,,,,,,,,,,,30Â DecÂ '99,,,,,,,,,,,,,,,,,,,,,,,,,,,,,,,,,,,,,,,,,,,,,,,,,,,,,,,,,
ðºð¸,doogile,0,0,8:43.991,8:43.991,13 Jul 2024,656,(U),-7771537069643682878,,,https://www.youtube.com/watch?v=TZ_zdyCgG4M,8,43,991,523991,524,1,410359,1.276908756,421494,1.243175466,-0.0019,0.2875,4,120.3831,535.7071,496.1187,2.86751,,,,,,,,,,,,,,,,,,,,,,,,,30Â DecÂ '99,,,,,,,,,,,,,,,,,,,,,,,,,,,,,,--,,,,,,,,,,,,,,,,,,,,,,,,,,,
ð³ð´,skycrab1,0,0,8:43.592,8:44.066,13 Jul 2025,291,(U),see video,,,https://www.youtube.com/watch?v=jDNFlZ8Sg58&list=PLU3_fvoJ1GyMStiA29z37DUPtG47PvOJz&index=132,8,44,66,524066,524,0,410359,1.277091522,410359,1.277091522,-0.0019,0.5753,4,216.2671,495.5788,495.5788,2.87028,,,,,,,,,,,,,,,,,,,,,,,,,30Â DecÂ '99,,,,,,,,,,,,,,,,,,,,,,,,,,,,,,--,,,,,,,,,,,,,,,,,,,,,,,,,,,
ð©ð°,Bloopy,0,0,8:44.147,8:44.147,14 Jan 2025,471,(U),865156050683453436,,,https://www.youtube.com/watch?v=mCIohgnMn6Q,8,44,147,524147,524,0,410359,1.27728891,421494,1.243545578,-0.0019,0.4086,4,170.8846,534.5770,494.9956,2.87328,,,,,,,,,,,,,,,,,,,,,,,,,30Â DecÂ '99,,,,,,,,,,,,,,,,,,,,,,,,,,,,,,--,,,,,,,,,,,,,,,,,,,,,,,,,,,
ð¸ð°,NoFear1337,0,0,8:43.284,8:44.223,01 Jan 2024,850,(U),unknown,,,https://www.youtube.com/watch?v=qY2cZ8Sy2uY&list=PLaTJSsRuu2UeeWabBBfNVWALvnefBoL2C&index=3,8,44,223,524223,524,0,410359,1.277474114,446254,1.174718882,-0.0019,0.1989,4,104.4428,629.3078,494.4484,2.87610,,,,,,,,,,,,,,,,,,,,,,,,,30Â DecÂ '99,,,,,,,,,,,,,,,,,,,,,,,,,,,,,,--,,,,,,,,,,,,,,,,,,,,,,,,,,,
ð¨ð¦,Jay12310,0,0,8:44.276,8:44.276,10 Nov 2025,171,(U),unknown,,,https://www.youtube.com/watch?v=zPHrwr8ViFs&list=PLaTJSsRuu2UcsiC6KEkJwrGp1GaGgPoVG&index=6,8,44,276,524276,524,0,410359,1.277603269,410359,1.277603269,-0.0019,0.7226,4,271.2150,494.0667,494.0667,2.87806,,,,,,,,,,,,,,,,,,,,,,,,,30Â DecÂ '99,,,,,,,,,,,,,,,,,,,,,,,,,,,,,,--,,,,,,,,,,,,,,,,,,,,,,,,,,,
ðºð¸,doogile,0,0,8:43.409,8:44.369,22 Mar 2024,769,(U),3833476757322719608,,,https://www.youtube.com/watch?v=ReityME0-V4,8,44,369,524369,524,0,410359,1.2778299,421494,1.244072276,-0.0019,0.2320,4,96.8434,532.9678,493.3969,2.88151,,,,,,,,,,,,,,,,,,,,,,,,,30Â DecÂ '99,,,,,,,,,,,,,,,,,,,,,,,,,,,,,,--,,,,,,,,,,,,,,,,,,,,,,,,,,,
ð³ð´,skycrab1,0,0,8:43.341,8:44.403,08 May 2024,722,(U),unknown,,,https://www.youtube.com/watch?v=KxM7quLW_a0&list=PLU3_fvoJ1GyMStiA29z37DUPtG47PvOJz&index=19,8,44,403,524403,524,0,410359,1.277912754,421494,1.244152942,-0.0019,0.2536,4,105.8619,532.7213,493.1519,2.88278,,,,,,,,,,,,,,,,,,,,,,,,,30Â DecÂ '99,,,,,,,,,,,,,,,,,,,,,,,,,,,,,,--,,,,,,,,,,,,,,,,,,,,,,,,,,,
ð¨ð¦,Aquacorde,0,0,8:44.345,8:44.570,08 Jul 2025,296,(U),-1775700207608873533,,,https://www.youtube.com/watch?v=oEQpaV4i5Xo,8,44,570,524570,525,1,410359,1.278319715,410359,1.278319715,-0.0019,0.5698,4,213.4002,491.9489,491.9489,2.88899,,,,,,,,,,,,,,,,,,,,,,,,,30Â DecÂ '99,,,,,,,,,,,,,,,,,,,,,,,,,,,,,,--,,,,,,,,,,,,,,,,,,,,,,,,,,,
ð³ð´,skycrab1,0,0,8:41.713,8:44.753,09 Jun 2024,690,(U),3601997149186064061,,,https://www.youtube.com/watch?v=ARk7_DpxA8k&list=PLU3_fvoJ1GyMStiA29z37DUPtG47PvOJz&index=27,8,44,753,524753,525,1,410359,1.278765666,421494,1.244983321,-0.0019,0.2696,4,112.1982,530.1821,490.6302,2.89580,,,,,,,,,,,,,,,,,,,,,,,,,30Â DecÂ '99,,,,,,,,,,,,,,,,,,,,,,,,,,,,,,--,,,,,,,,,,,,,,,,,,,,,,,,,,,
ð¸ð°,NoFear1337,0,0,8:44.741,8:45.020,09 Dec 2025,142,(U),unknown,,,https://www.youtube.com/watch?v=LrqzlWWtJ5s,8,45,20,525020,525,0,410359,1.279416316,410359,1.279416316,-0.0019,0.7635,4,284.9573,488.7056,488.7056,2.90578,,,,,,,,,,,,,,,,,,,,,,,,,30Â DecÂ '99,,,,,,,,,,,,,,,,,,,,,,,,,,,,,,--,,,,,,,,,,,,,,,,,,,,,,,,,,,
ð«ð®,iluappi,0,1,8:43.470,8:45.874,31 Jul 2025,273,(V),-5964250352143644519,,,https://www.speedrun.com/mc/runs/yljxnnkm,8,45,874,525874,526,1,410359,1.281497421,410359,1.281497421,-0.0019,0.5953,4,220.7296,482.5453,482.5453,2.93788,,,,,,,,,,,,,,,,,,,,,,,,,30Â DecÂ '99,,,,,,,,,,,,,,,,,,,,,,,,,,,,,,--,,,,,,,,,,,,,,,,,,,,,,,,,,,
ð¹ð¿,Kxpow,0,1,8:39.054,8:45.890,29 May 2023,1067,(X),-8065244563761891233,08,Yes,https://www.youtube.com/watch?v=_Wdwq60t9tg,8,45,890,525890,526,1,410359,1.281536411,465828,1.128936002,-0.0019,0.1317,4,81.0732,700.2159,482.4299,2.93849,,,,,,,,,,,,,,,,,,,,,,,,,30Â DecÂ '99,,,,,,,,,,,,,,,,,,,,,,,,,,,,,,--,,,,,,,,,,,,,,,,,,,,,,,,,,,
ð¸ð°,NoFear1337,0,1,8:43.898,8:45.910,06 Apr 2023,1120,(V),-7753826472617365003,06,Yes,https://www.speedrun.com/mc/run/ywv7303z,8,45,910,525910,526,1,410359,1.281585149,465828,1.128978936,-0.0019,0.1191,4,73.2956,700.0735,482.2855,2.93924,,,,,,,,,,,,,,,,,,,,,,,,,30Â DecÂ '99,,,,,,,,,,,,,,,,,,,,,,,,,,,,,,--,,,,,,,,,,,,,,,,,,,,,,,,,,,
ðºð¸,doogile,0,1,8:46.031,8:46.031,27 Oct 2022,1281,(V),8426484340228880879,,,https://www.speedrun.com/mc/runs/zq95v58y,8,46,31,526031,526,0,410359,1.281880012,517884,1.015731322,-0.0019,0.0877,4,82.3864,955.0901,481.4122,2.94382,,,,,,,,,,,,,,,,,,,,,,,,,30Â DecÂ '99,,,,,,,,,,,,,,,,,,,,,,,,,,,,,,--,,,,,,,,,,,,,,,,,,,,,,,,,,,
ð³ð´,skycrab1,0,0,8:45.053,8:46.049,08 Nov 2025,173,(U),see video,,,https://www.youtube.com/watch?v=wAckC_nZcLI&list=PLU3_fvoJ1GyMStiA29z37DUPtG47PvOJz&index=148,8,46,49,526049,526,0,410359,1.281923876,410359,1.281923876,-0.0019,0.7199,4,266.5621,481.2822,481.2822,2.94450,,,,,,,,,,,,,,,,,,,,,,,,,30Â DecÂ '99,,,,,,,,,,,,,,,,,,,,,,,,,,,,,,--,,,,,,,,,,,,,,,,,,,,,,,,,,,
ð¦ð¿,KenanKardes,0,1,8:45.460,8:46.120,27 Jun 2024,672,(V),-2790104330333108477,,,https://www.speedrun.com/mc/runs/y9jrkkem,8,46,120,526120,526,0,410359,1.282096896,421494,1.248226547,-0.0019,0.2789,4,114.8998,520.2419,480.7697,2.94719,,,,,,,,,,,,,,,,,,,,,,,,,30Â DecÂ '99,,,,,,,,,,,,,,,,,,,,,,,,,,,,,,,,,,,,,,,,,,,,,,,,,,,,,,,,,
ð³ð´,skycrab1,0,0,8:46.360,8:46.475,05 Dec 2025,146,(U),see video,,,https://www.youtube.com/watch?v=21D0838rJEA&list=PLU3_fvoJ1GyMStiA29z37DUPtG47PvOJz&index=151,8,46,475,526475,526,0,410359,1.282961992,410359,1.282961992,-0.0019,0.7578,4,279.6865,478.2066,478.2066,2.96066,,,,,,,,,,,,,,,,,,,,,,,,,30Â DecÂ '99,,,,,,,,,,,,,,,,,,,,,,,,,,,,,,--,,,,,,,,,,,,,,,,,,,,,,,,,,,
ðºð¸,meebie,0,0,8:46.730,8:46.730,31 Aug 2024,607,(U),-1594197392145476989,,,https://www.youtube.com/watch?v=zkLphmIsY5Y&list=PLaTJSsRuu2Ufk7cX7bUTt9V-IJxa8wqSM&index=16,8,46,730,526730,527,1,410359,1.283583399,421494,1.249673779,-0.0019,0.3156,4,129.4022,515.7956,476.3649,2.97038,,,,,,,,,,,,,,,,,,,,,,,,,30Â DecÂ '99,,,,,,,,,,,,,,,,,,,,,,,,,,,,,,,,,,,,,,,,,,,,,,,,,,,,,,,,,
ð³ð´,skycrab1,0,0,8:46.809,8:46.809,19 Dec 2025,132,(U),see video,,,https://www.youtube.com/watch?v=C7eIdtsV1E0&list=PLU3_fvoJ1GyMStiA29z37DUPtG47PvOJz&index=161,8,46,809,526809,527,1,410359,1.283775913,410359,1.283775913,-0.0019,0.7782,4,286.4983,475.7943,475.7943,2.97339,,,,,,,,,,,,,,,,,,,,,,,,,30Â DecÂ '99,,,,,,,,,,,,,,,,,,,,,,,,,,,,,,--,,,,,,,,,,,,,,,,,,,,,,,,,,,
ðºð¸,doogile,0,0,8:45.693,8:47.009,10 Jun 2023,1055,(U),3305404777235060755,,,https://www.youtube.com/watch?v=LJc8Ue_wMxc,8,47,9,527009,527,0,410359,1.284263291,465828,1.131338176,-0.0019,0.1347,4,82.2407,692.2119,474.3495,2.98103,,,,,,,,,,,,,,,,,,,,,,,,,30Â DecÂ '99,,,,,,,,,,,,,,,,,,,,,,,,,,,,,,--,,,,,,,,,,,,,,,,,,,,,,,,,,,
ð³ð´,skycrab1,0,0,8:48.708,8:48.708,20 Sep 2025,222,(U),see video,,,https://www.youtube.com/watch?v=QaK_cdmaPKQ&list=PLU3_fvoJ1GyMStiA29z37DUPtG47PvOJz&index=138,8,48,708,528708,529,1,410359,1.288403569,410359,1.288403569,-0.0019,0.6559,4,238.0164,462.0688,462.0688,3.04668,,,,,,,,,,,,,,,,,,,,,,,,,30Â DecÂ '99,,,,,,,,,,,,,,,,,,,,,,,,,,,,,,--,,,,,,,,,,,,,,,,,,,,,,,,,,,
ðºð¸,doogile,0,0,8:46.578,8:47.860,20 Aug 2023,984,(U),4103179370625614995,,,https://www.youtube.com/watch?v=uDN8xoI81Ys,8,47,860,527860,528,1,410359,1.286337085,465828,1.133165031,-0.0019,0.1542,4,93.5127,686.0780,468.1996,3.01376,,,,,,,,,,,,,,,,,,,,,,,,,30Â DecÂ '99,,,,,,,,,,,,,,,,,,,,,,,,,,,,,,--,,,,,,,,,,,,,,,,,,,,,,,,,,,
ð³ð´,skycrab1,0,0,8:47.874,8:47.874,27 Nov 2024,519,(U),6699117318653298892,,,https://www.youtube.com/watch?v=5ukarnI5ByU&list=PLU3_fvoJ1GyMStiA29z37DUPtG47PvOJz&index=99,8,47,874,527874,528,1,410359,1.286371202,421494,1.252387934,-0.0019,0.3730,4,151.6306,507.4412,468.0984,3.01430,,,,,,,,,,,,,,,,,,,,,,,,,30Â DecÂ '99,,,,,,,,,,,,,,,,,,,,,,,,,,,,,,--,,,,,,,,,,,,,,,,,,,,,,,,,,,
ð©ð°,Bloopy,0,0,8:47.901,8:47.901,22 Sep 2024,585,(U),3928864958060769511,,,https://www.youtube.com/watch?v=aNxuLYPmOdo,8,47,901,527901,528,1,410359,1.286436998,421494,1.252451992,-0.0019,0.3291,4,133.7326,507.2438,467.9033,3.01534,,,,,,,,,,,,,,,,,,,,,,,,,30Â DecÂ '99,,,,,,,,,,,,,,,,,,,,,,,,,,,,,,--,,,,,,,,,,,,,,,,,,,,,,,,,,,
ð¨ð¦,silverr,0,1,8:46.965,8:47.927,22 Oct 2022,1286,(V),2855607942042314683,,,https://www.speedrun.com/mc/runs/zgq688ey,8,47,927,527927,528,1,410359,1.286500357,517884,1.019392374,-0.0019,0.0869,4,80.4413,943.7120,467.7153,3.01635,,,,,,,,,,,,,,,,,,,,,,,,,30Â DecÂ '99,,,,,,,,,,,,,,,,,,,,,,,,,,,,,,--,,,,,,,,,,,,,,,,,,,,,,,,,,,
ðºð¸,doogile,0,0,8:46.669,8:48.064,10 Dec 2023,872,(U),-842020506674052183,,,https://www.youtube.com/watch?v=lirP0lAFhMI,8,48,64,528064,528,0,410359,1.286834211,446254,1.183326088,-0.0019,0.1907,4,97.2844,601.3177,466.7250,3.02165,,,,,,,,,,,,,,,,,,,,,,,,,30Â DecÂ '99,,,,,,,,,,,,,,,,,,,,,,,,,,,,,,--,,,,,,,,,,,,,,,,,,,,,,,,,,,
ðºð¸,doogile,0,0,8:48.089,8:48.089,23 Jul 2024,646,(U),-8431738247847193587,,,https://www.youtube.com/watch?v=RMvtU2KWgYM,8,48,89,528089,528,0,410359,1.286895133,421494,1.252898025,-0.0019,0.2931,4,118.9280,505.8691,466.5442,3.02262,,,,,,,,,,,,,,,,,,,,,,,,,30Â DecÂ '99,,,,,,,,,,,,,,,,,,,,,,,,,,,,,,--,,,,,,,,,,,,,,,,,,,,,,,,,,,
ð³ð´,skycrab1,0,0,8:48.272,8:48.272,07 Feb 2026,82,(U),unknown,,,https://www.youtube.com/watch?v=mNshDsaAVzc&list=PLU3_fvoJ1GyMStiA29z37DUPtG47PvOJz&index=169,8,48,272,528272,528,0,410359,1.287341084,410359,1.287341084,-0.0019,0.8557,4,311.5749,465.2212,465.2212,3.02972,,,,,,,,,,,,,,,,,,,,,,,,,30Â DecÂ '99,,,,,,,,,,,,,,,,,,,,,,,,,,,,,,,,,,,,,,,,,,,,,,,,,,,,,,,,,
ð¨ð¦,NoHacsJustRoblox,0,0,8:48.505,8:48.505,08 May 2024,722,(U),unknown,,,https://www.youtube.com/watch?v=5UDUfLkhEoQ,8,48,505,528505,529,1,410359,1.28790888,421494,1.25388499,-0.0019,0.2536,4,102.6134,502.8254,463.5366,3.03877,,,,,,,,,,,,,,,,,,,,,,,,,30Â DecÂ '99,,,,,,,,,,,,,,,,,,,,,,,,,,,,,,--,,,,,,,,,,,,,,,,,,,,,,,,,,,
ð©ð°,Bloopy,0,0,8:48.509,8:48.509,06 Apr 2026,24,(U),5863096878600780723,,,https://www.youtube.com/watch?v=VfwUs71-gkQ,8,48,509,528509,529,1,410359,1.287918627,410359,1.287918627,-0.0019,0.9554,4,347.2502,463.5077,463.5077,3.03893,,,,,,,,,,,,,,,,,,,,,,,,,30Â DecÂ '99,,,,,,,,,,,,,,,,,,,,,,,,,,,,,,,,,,,,,,,,,,,,,,,,,,,,,,,,,
ð³ð´,skycrab1,0,0,8:48.529,8:48.529,03 Feb 2025,451,(U),2881897363802283355,,,https://www.youtube.com/watch?v=-3u6nTAXcUM&list=PLU3_fvoJ1GyMStiA29z37DUPtG47PvOJz&index=114,8,48,529,528529,529,1,410359,1.287967365,421494,1.25394193,-0.0019,0.4245,4,171.6894,502.6497,463.3631,3.03971,,,,,,,,,,,,,,,,,,,,,,,,,30Â DecÂ '99,,,,,,,,,,,,,,,,,,,,,,,,,,,,,,--,,,,,,,,,,,,,,,,,,,,,,,,,,,
ð³ð´,skycrab1,0,0,8:48.873,8:48.873,10 Dec 2024,506,(U),2315176208545760284,,,https://www.youtube.com/watch?v=_u3kwy8rXbI&list=PLU3_fvoJ1GyMStiA29z37DUPtG47PvOJz&index=102,8,48,873,528873,529,1,410359,1.288805656,421494,1.254758075,-0.0019,0.3824,4,154.2515,500.1311,460.8757,3.05313,,,,,,,,,,,,,,,,,,,,,,,,,30Â DecÂ '99,,,,,,,,,,,,,,,,,,,,,,,,,,,,,,--,,,,,,,,,,,,,,,,,,,,,,,,,,,
ð³ð´,skycrab1,0,0,8:49.409,8:49.409,28 May 2025,337,(U),unknown,,,https://www.youtube.com/watch?v=xyDX6i-JbRU&list=PLU3_fvoJ1GyMStiA29z37DUPtG47PvOJz&index=128,8,49,409,529409,529,0,410359,1.290111829,421494,1.256029742,-0.0019,0.5271,4,211.7979,496.2041,456.9997,3.07414,,,,,,,,,,,,,,,,,,,,,,,,,30Â DecÂ '99,,,,,,,,,,,,,,,,,,,,,,,,,,,,,,--,,,,,,,,,,,,,,,,,,,,,,,,,,,
ð³ð´,skycrab1,0,0,8:49.441,8:49.441,06 Mar 2026,55,(U),unknown,,,https://www.youtube.com/watch?v=IpU2pIs3HGI&list=PLU3_fvoJ1GyMStiA29z37DUPtG47PvOJz&index=163,8,49,441,529441,529,0,410359,1.290189809,410359,1.290189809,-0.0019,0.9008,4,325.0886,456.7683,456.7683,3.07540,,,,,,,,,,,,,,,,,,,,,,,,,30Â DecÂ '99,,,,,,,,,,,,,,,,,,,,,,,,,,,,,,,,,,,,,,,,,,,,,,,,,,,,,,,,,
ðµð±,watermelon1708,0,0,8:45.180,8:49.596,22 Dec 2025,129,(U),see video,,,https://www.youtube.com/watch?v=oDrlzG59d00,8,49,596,529596,530,1,410359,1.290567527,410359,1.290567527,-0.0019,0.7826,4,282.1184,455.6474,455.6474,3.08150,,,,,,,,,,,,,,,,,,,,,,,,,30Â DecÂ '99,,,,,,,,,,,,,,,,,,,,,,,,,,,,,,--,,,,,,,,,,,,,,,,,,,,,,,,,,,
ð³ð´,skycrab1,0,0,8:49.496,8:49.628,07 Feb 2026,82,(U),unknown,,,https://www.youtube.com/watch?v=9i8Wohwq8no&list=PLU3_fvoJ1GyMStiA29z37DUPtG47PvOJz&index=168,8,49,628,529628,530,1,410359,1.290645508,410359,1.290645508,-0.0019,0.8557,4,308.3962,455.4160,455.4160,3.08276,,,,,,,,,,,,,,,,,,,,,,,,,30Â DecÂ '99,,,,,,,,,,,,,,,,,,,,,,,,,,,,,,,,,,,,,,,,,,,,,,,,,,,,,,,,,
ð³ð´,skycrab1,0,0,8:49.936,8:49.936,08 Nov 2025,173,(U),see video,,,https://www.youtube.com/watch?v=5haOUDeGf-A&list=PLU3_fvoJ1GyMStiA29z37DUPtG47PvOJz&index=149,8,49,936,529936,530,1,410359,1.29139607,410359,1.29139607,-0.0019,0.7199,4,258.8270,453.1887,453.1887,3.09493,,,,,,,,,,,,,,,,,,,,,,,,,30Â DecÂ '99,,,,,,,,,,,,,,,,,,,,,,,,,,,,,,--,,,,,,,,,,,,,,,,,,,,,,,,,,,
ðºð¸,meebie,0,0,8:48.596,8:50.051,03 Sep 2023,970,(U),7299498132050335302,15,Yes,https://www.youtube.com/watch?v=LMy95QFL1VM,8,50,51,530051,530,0,410359,1.291676313,465828,1.137868484,-0.0019,0.1583,4,94.4554,670.1064,452.3571,3.09948,,,,,,,,,,,,,,,,,,,,,,,,,30Â DecÂ '99,,,,,,,,,,,,,,,,,,,,,,,,,,,,,,--,,,,,,,,,,,,,,,,,,,,,,,,,,,
ð¸ð°,NoFear1337,0,0,8:50.451,8:50.501,19 Oct 2023,924,(U),unknown,,,https://www.youtube.com/watch?v=Wq1CcMWfAsY,8,50,501,530501,531,1,410359,1.292772913,465828,1.138834505,-0.0019,0.1728,4,102.7330,666.7952,449.1032,3.11735,,,,,,,,,,,,,,,,,,,,,,,,,30Â DecÂ '99,,,,,,,,,,,,,,,,,,,,,,,,,,,,,,--,,,,,,,,,,,,,,,,,,,,,,,,,,,
ð¨ð¦,Aquacorde,0,0,8:50.506,8:50.506,19 Jul 2025,285,(U),-7616555443413747711,,,https://www.youtube.com/watch?v=68HoZv27LzI,8,50,506,530506,531,1,410359,1.292785098,410359,1.292785098,-0.0019,0.5819,4,208.3167,449.0670,449.0670,3.11755,,,,,,,,,,,,,,,,,,,,,,,,,30Â DecÂ '99,,,,,,,,,,,,,,,,,,,,,,,,,,,,,,--,,,,,,,,,,,,,,,,,,,,,,,,,,,
ð³ð´,skycrab1,0,0,8:50.803,8:50.803,05 May 2025,360,(U),unknown,,,https://www.youtube.com/watch?v=yXdhGgJyuoQ&list=PLU3_fvoJ1GyMStiA29z37DUPtG47PvOJz&index=119,8,50,803,530803,531,1,410359,1.293508854,421494,1.259337025,-0.0019,0.5046,4,200.6202,485.9776,446.9196,3.12939,,,,,,,,,,,,,,,,,,,,,,,,,30Â DecÂ '99,,,,,,,,,,,,,,,,,,,,,,,,,,,,,,--,,,,,,,,,,,,,,,,,,,,,,,,,,,
ð³ð´,skycrab1,0,0,8:50.545,8:51.236,10 Aug 2024,628,(U),-3197286302200123556,,,https://www.youtube.com/watch?v=k1eYrv60vEg&list=PLU3_fvoJ1GyMStiA29z37DUPtG47PvOJz&index=50,8,51,236,531236,531,0,410359,1.294564028,421494,1.260364323,-0.0019,0.3032,4,120.1754,482.7979,443.7894,3.14674,,,,,,,,,,,,,,,,,,,,,,,,,30Â DecÂ '99,,,,,,,,,,,,,,,,,,,,,,,,,,,,,,--,,,,,,,,,,,,,,,,,,,,,,,,,,,
ð¨ð¦,NoHacsJustRoblox,0,0,8:51.843,8:52.318,01 Dec 2024,515,(U),unknown,,,https://www.youtube.com/watch?v=Z6z82Y5kP4k,8,52,318,532318,532,0,410359,1.297200744,421494,1.262931382,-0.0019,0.3759,4,147.7488,474.8473,435.9707,3.19044,,,,,,,,,,,,,,,,,,,,,,,,,30Â DecÂ '99,,,,,,,,,,,,,,,,,,,,,,,,,,,,,,--,,,,,,,,,,,,,,,,,,,,,,,,,,,
ðºð¸,doogile,0,0,8:51.678,8:52.413,10 Dec 2023,872,(U),-5260994394316547335,,,https://www.youtube.com/watch?v=OW5kwKZPOzU,8,52,413,532413,532,0,410359,1.297432248,446254,1.193071659,-0.0019,0.1907,4,94.1445,568.9890,435.2846,3.19430,,,,,,,,,,,,,,,,,,,,,,,,,30Â DecÂ '99,,,,,,,,,,,,,,,,,,,,,,,,,,,,,,--,,,,,,,,,,,,,,,,,,,,,,,,,,,
ð¸ð°,NoFear1337,0,0,8:51.877,8:53.246,20 Sep 2025,222,(U),unknown,,,https://www.youtube.com/watch?v=AEz9SIx1tgc,8,53,246,533246,533,0,410359,1.299462178,410359,1.299462178,-0.0019,0.6559,4,230.0170,429.2705,429.2705,3.22835,,,,,,,,,,,,,,,,,,,,,,,,,30Â DecÂ '99,,,,,,,,,,,,,,,,,,,,,,,,,,,,,,--,,,,,,,,,,,,,,,,,,,,,,,,,,,
ð©ð°,Bloopy,0,0,8:52.223,8:53.623,28 Feb 2026,61,(U),945686901685258779,,,https://www.youtube.com/watch?v=F4IAOLQREog,8,53,623,533623,534,1,410359,1.300380886,410359,1.300380886,-0.0019,0.8906,4,311.4461,426.5504,426.5504,3.24387,,,,,,,,,,,,,,,,,,,,,,,,,30Â DecÂ '99,,,,,,,,,,,,,,,,,,,,,,,,,,,,,,,,,,,,,,,,,,,,,,,,,,,,,,,,,
ðºð¸,Zylenox,0,0,8:49.318,8:53.683,06 Mar 2026,55,(U),unknown,,,https://www.youtube.com/watch?v=atLqoAAuits,8,53,683,533683,534,1,410359,1.300527099,410359,1.300527099,-0.0019,0.9008,4,314.8753,426.1176,426.1176,3.24634,,,,,,,,,,,,,,,,,,,,,,,,,30Â DecÂ '99,,,,,,,,,,,,,,,,,,,,,,,,,,,,,,,,,,,,,,,,,,,,,,,,,,,,,,,,,
ðµð±,watermelon1708,0,0,8:52.609,8:54.133,05 Nov 2025,176,(U),unknown,,,https://www.youtube.com/watch?v=x_zdSf7bhIg,8,54,133,534133,534,0,410359,1.3016237,410359,1.3016237,-0.0019,0.7158,4,249.3619,422.8727,422.8727,3.26496,,,,,,,,,,,,,,,,,,,,,,,,,30Â DecÂ '99,,,,,,,,,,,,,,,,,,,,,,,,,,,,,,--,,,,,,,,,,,,,,,,,,,,,,,,,,,
ð³ð´,skycrab1,0,0,8:52.230,8:52.230,11 Nov 2024,535,(U),-2877178576147619973,,,https://www.youtube.com/watch?v=65224Q7ZkCQ&list=PLU3_fvoJ1GyMStiA29z37DUPtG47PvOJz&index=92,8,52,230,532230,532,0,410359,1.296986297,421494,1.262722601,-0.0019,0.3619,4,142.3337,475.4941,436.6064,3.18687,,,,,,,,,,,,,,,,,,,,,,,,,30Â DecÂ '99,,,,,,,,,,,,,,,,,,,,,,,,,,,,,,--,,,,,,,,,,,,,,,,,,,,,,,,,,,
ð³ð´,skycrab1,0,0,8:53.059,8:55.075,17 Jun 2024,682,(U),-1214553875519321530,,,https://www.youtube.com/watch?v=UbiUU4PS8Yg&list=PLU3_fvoJ1GyMStiA29z37DUPtG47PvOJz&index=34,8,55,75,535075,535,0,410359,1.303919251,421494,1.269472401,-0.0019,0.2737,4,105.3776,454.5734,416.0870,3.30424,,,,,,,,,,,,,,,,,,,,,,,,,30Â DecÂ '99,,,,,,,,,,,,,,,,,,,,,,,,,,,,,,--,,,,,,,,,,,,,,,,,,,,,,,,,,,
ð³ð´,skycrab1,0,0,8:55.209,8:55.494,29 Apr 2025,366,(U),unknown,,,https://www.youtube.com/watch?v=Jv4hwkbrykA&list=PLU3_fvoJ1GyMStiA29z37DUPtG47PvOJz&index=118,8,55,494,535494,535,0,410359,1.304940308,421494,1.270466484,-0.0019,0.4989,4,191.4868,451.4924,413.0721,3.32184,,,,,,,,,,,,,,,,,,,,,,,,,30Â DecÂ '99,,,,,,,,,,,,,,,,,,,,,,,,,,,,,,--,,,,,,,,,,,,,,,,,,,,,,,,,,,
ðµð±,kazzruns,0,1,8:55.715,8:55.971,13 Nov 2024,533,(V),-8462465597101337145,,,https://www.speedrun.com/mc/runs/y9dr7oem,8,55,971,535971,536,1,410359,1.306102705,421494,1.271598172,-0.0019,0.3632,4,138.9282,447.9855,409.6427,3.34199,,,,,,,,,,,,,,,,,,,,,,,,,30Â DecÂ '99,,,,,,,,,,,,,,,,,,,,,,,,,,,,,,,,,,,,,,,,,,,,,,,,,,,,,,,,,
ðºð¸,doogile,0,0,8:56.053,8:56.053,24 Mar 2025,402,(U),-4743958313443045268,,,https://www.youtube.com/watch?v=MOF0Iu9SBKo,8,56,53,536053,536,0,410359,1.30630253,421494,1.271792718,-0.0019,0.4659,4,178.0822,447.3828,409.0535,3.34546,,,,,,,,,,,,,,,,,,,,,,,,,30Â DecÂ '99,,,,,,,,,,,,,,,,,,,,,,,,,,,,,,--,,,,,,,,,,,,,,,,,,,,,,,,,,,
ð¸ð°,NoFear1337,0,0,8:55.940,8:56.651,09 Sep 2024,598,(U),unknown,,,https://www.youtube.com/watch?v=OFKGxnx2P38&list=PLaTJSsRuu2UeeWabBBfNVWALvnefBoL2C&index=12,8,56,651,536651,537,1,410359,1.307759791,421494,1.273211481,-0.0019,0.3210,4,122.1666,442.9879,404.7595,3.37089,,,,,,,,,,,,,,,,,,,,,,,,,30Â DecÂ '99,,,,,,,,,,,,,,,,,,,,,,,,,,,,,,--,,,,,,,,,,,,,,,,,,,,,,,,,,,
ð¸ð°,NoFear1337,0,0,8:55.740,8:56.923,27 Mar 2024,764,(U),unknown,,,https://www.youtube.com/watch?v=NMjC1md2rGE&list=PLaTJSsRuu2UeeWabBBfNVWALvnefBoL2C&index=8,8,56,923,536923,537,1,410359,1.308422625,421494,1.273856805,-0.0019,0.2342,4,88.9397,440.9895,402.8082,3.38251,,,,,,,,,,,,,,,,,,,,,,,,,30Â DecÂ '99,,,,,,,,,,,,,,,,,,,,,,,,,,,,,,--,,,,,,,,,,,,,,,,,,,,,,,,,,,
ð©ð°,Bloopy,0,0,8:57.348,8:57.348,14 Mar 2026,47,(U),4967329614795166163,,,https://www.youtube.com/watch?v=fcX2MP-_y2E,8,57,348,537348,537,0,410359,1.309458304,410359,1.309458304,-0.0019,0.9146,4,311.0648,399.7618,399.7618,3.40074,,,,,,,,,,,,,,,,,,,,,,,,,30Â DecÂ '99,,,,,,,,,,,,,,,,,,,,,,,,,,,,,,,,,,,,,,,,,,,,,,,,,,,,,,,,,
ð¨ð¦,Aquacorde,0,1,8:57.720,8:57.720,25 Jul 2024,644,(V),3015905876303256572,,,https://www.speedrun.com/mc/runs/m3j14wdz,8,57,720,537720,538,1,410359,1.310364827,421494,1.275747697,-0.0019,0.2942,4,111.0550,435.1368,397.0979,3.41677,,,,,,,,,,,,,,,,,,,,,,,,,30Â DecÂ '99,,,,,,,,,,,,,,,,,,,,,,,,,,,,,,--,,,,,,,,,,,,,,,,,,,,,,,,,,,
ðºð¸,meebie,0,0,8:57.348,8:57.738,18 Aug 2024,620,(U),7618635482659477050,,,https://www.youtube.com/watch?v=IJsF0R7FLR0&list=PLaTJSsRuu2Ufk7cX7bUTt9V-IJxa8wqSM&index=15,8,57,738,537738,538,1,410359,1.310408691,421494,1.275790403,-0.0019,0.3079,4,116.2208,435.0047,396.9690,3.41755,,,,,,,,,,,,,,,,,,,,,,,,,30Â DecÂ '99,,,,,,,,,,,,,,,,,,,,,,,,,,,,,,,,,,,,,,,,,,,,,,,,,,,,,,,,,
ð¨ð¦,Aquacorde,0,0,8:57.744,8:57.744,21 Jul 2025,283,(U),2089452302138806331,,,https://www.youtube.com/watch?v=4Cu-z1JTQKs,8,57,744,537744,538,1,410359,1.310423312,410359,1.310423312,-0.0019,0.5841,4,198.0767,396.9261,396.9261,3.41781,,,,,,,,,,,,,,,,,,,,,,,,,30Â DecÂ '99,,,,,,,,,,,,,,,,,,,,,,,,,,,,,,--,,,,,,,,,,,,,,,,,,,,,,,,,,,
ð³ð´,skycrab1,0,0,8:59.293,8:59.293,11 Sep 2024,596,(U),-6389114711842986192,,,https://www.youtube.com/watch?v=8hzE9Hw6gAU&list=PLU3_fvoJ1GyMStiA29z37DUPtG47PvOJz&index=67,8,59,293,539293,539,0,410359,1.314198056,421494,1.27947966,-0.0019,0.3223,4,120.2462,423.6017,385.8627,3.48529,,,,,,,,,,,,,,,,,,,,,,,,,30Â DecÂ '99,,,,,,,,,,,,,,,,,,,,,,,,,,,,,,--,,,,,,,,,,,,,,,,,,,,,,,,,,,
ð©ð°,Bloopy,0,0,8:59.432,8:59.432,16 May 2025,349,(U),-18983467290883032,,,https://www.youtube.com/watch?v=514JjNvEQK4,8,59,432,539432,539,0,410359,1.314536784,421494,1.27980944,-0.0019,0.5153,4,192.0605,422.5837,384.8723,3.49140,,,,,,,,,,,,,,,,,,,,,,,,,30Â DecÂ '99,,,,,,,,,,,,,,,,,,,,,,,,,,,,,,--,,,,,,,,,,,,,,,,,,,,,,,,,,,
ðºð¸,meebie,0,0,8:59.573,8:59.573,19 Nov 2023,893,(U),-1575876630213539597,12,Yes,https://www.youtube.com/watch?v=zJnvTxa-tIw,8,59,573,539573,540,1,410359,1.314880385,465828,1.158309505,-0.0019,0.1833,4,101.8202,598.0896,383.8682,3.49761,,,,,,,,,,,,,,,,,,,,,,,,,30Â DecÂ '99,,,,,,,,,,,,,,,,,,,,,,,,,,,,,,--,,,,,,,,,,,,,,,,,,,,,,,,,,,
ð©ð°,Bloopy,0,0,9:00.170,9:00.170,05 Oct 2024,572,(U),-5352242782529280836,,,https://www.youtube.com/watch?v=fRLq2qYkV40,9,0,170,540170,540,0,410359,1.316335209,421494,1.281560354,-0.0019,0.3373,4,125.0410,417.1825,379.6215,3.52401,,,,,,,,,,,,,,,,,,,,,,,,,30Â DecÂ '99,,,,,,,,,,,,,,,,,,,,,,,,,,,,,,--,,,,,,,,,,,,,,,,,,,,,,,,,,,
ðµð±,okshey,0,0,9:00.060,9:00.305,15 Nov 2025,166,(U),unknown,,,https://www.youtube.com/watch?v=KsYm43TDgBw,9,0,305,540305,540,0,410359,1.316664189,410359,1.316664189,-0.0019,0.7295,4,242.7300,378.6624,378.6624,3.53001,,,,,,,,,,,,,,,,,,,,,,,,,30Â DecÂ '99,,,,,,,,,,,,,,,,,,,,,,,,,,,,,,,,,,,,,,,,,,,,,,,,,,,,,,,,,
ð¨ð¦,Aquacorde,0,0,9:00.365,9:00.365,21 Aug 2024,617,(U),-3831818911159801954,,,https://www.youtube.com/watch?v=3dW5m8cUe6A,9,0,365,540365,540,0,410359,1.316810403,421494,1.282022994,-0.0019,0.3097,4,114.6287,415.7566,378.2363,3.53268,,,,,,,,,,,,,,,,,,,,,,,,,30Â DecÂ '99,,,,,,,,,,,,,,,,,,,,,,,,,,,,,,--,,,,,,,,,,,,,,,,,,,,,,,,,,,
ðµð±,watermelon1708,0,0,8:59.980,9:00.400,06 Dec 2025,145,(U),unknown,,,https://www.youtube.com/watch?v=NKfTh40LmXo,9,0,400,540400,540,0,410359,1.316895694,410359,1.316895694,-0.0019,0.7592,4,252.4331,377.9877,377.9877,3.53423,,,,,,,,,,,,,,,,,,,,,,,,,30Â DecÂ '99,,,,,,,,,,,,,,,,,,,,,,,,,,,,,,--,,,,,,,,,,,,,,,,,,,,,,,,,,,
ð³ð´,skycrab1,0,0,9:00.416,9:00.416,18 Dec 2024,498,(U),-2825863056396066441,,,https://www.youtube.com/watch?v=QuzaLR4dZX0&list=PLU3_fvoJ1GyMStiA29z37DUPtG47PvOJz&index=104,9,0,416,540416,540,0,410359,1.316934684,421494,1.282143993,-0.0019,0.3882,4,143.6559,415.3837,377.8741,3.53494,,,,,,,,,,,,,,,,,,,,,,,,,30Â DecÂ '99,,,,,,,,,,,,,,,,,,,,,,,,,,,,,,--,,,,,,,,,,,,,,,,,,,,,,,,,,,
ð³ð´,skycrab1,0,0,8:59.994,9:00.517,15 Aug 2024,623,(U),6950286062050709827,,,https://www.youtube.com/watch?v=GdrxXjooUA4&list=PLU3_fvoJ1GyMStiA29z37DUPtG47PvOJz&index=56,9,0,517,540517,541,1,410359,1.31718081,421494,1.282383616,-0.0019,0.3061,4,113.2019,414.6454,377.1571,3.53944,,,,,,,,,,,,,,,,,,,,,,,,,30Â DecÂ '99,,,,,,,,,,,,,,,,,,,,,,,,,,,,,,--,,,,,,,,,,,,,,,,,,,,,,,,,,,
ð¸ð°,NoFear1337,0,0,8:57.699,9:00.720,14 Apr 2023,1112,(U),unknown,,,https://www.youtube.com/watch?v=HRrYCllMZvI,9,0,720,540720,541,1,410359,1.317675499,465828,1.160771787,-0.0019,0.1209,4,66.5940,589.1777,375.7167,3.54849,,,,,,,,,,,,,,,,,,,,,,,,,30Â DecÂ '99,,,,,,,,,,,,,,,,,,,,,,,,,,,,,,--,,,,,,,,,,,,,,,,,,,,,,,,,,,
ð«ð®,AndrewCrow,0,0,9:00.882,9:00.977,18 Feb 2026,71,(U),unknown,,,https://www.youtube.com/watch?v=fdNNViVWFV8,9,0,977,540977,541,1,410359,1.31830178,410359,1.31830178,-0.0019,0.8738,4,289.3039,373.8947,373.8947,3.55998,,,,,,,,,,,,,,,,,,,,,,,,,30Â DecÂ '99,,,,,,,,,,,,,,,,,,,,,,,,,,,,,,,,,,,,,,,,,,,,,,,,,,,,,,,,,
ð³ð´,skycrab1,0,1,8:59.353,9:01.102,05 Nov 2023,907,(V),-7277035047426370667,,,https://www.speedrun.com/mc/runs/yd2e770m,9,1,102,541102,541,0,410359,1.318606391,465828,1.161591832,-0.0019,0.1785,4,98.0316,586.2005,373.0091,3.56558,,,,,,,,,,,,,,,,,,,,,,,,,30Â DecÂ '99,,,,,,,,,,,,,,,,,,,,,,,,,,,,,,--,,,,,,,,,,,,,,,,,,,,,,,,,,,
ðºð¸,doogile,0,0,8:59.983,9:01.127,06 Oct 2023,937,(U),9195494537967252613,,,https://www.youtube.com/watch?v=lUWGWVc40zo,9,1,127,541127,541,0,410359,1.318667313,465828,1.1616455,-0.0019,0.1686,4,92.5830,586.0055,372.8320,3.56670,,,,,,,,,,,,,,,,,,,,,,,,,30Â DecÂ '99,,,,,,,,,,,,,,,,,,,,,,,,,,,,,,--,,,,,,,,,,,,,,,,,,,,,,,,,,,
ð©ð°,Bloopy,0,0,9:01.143,9:01.143,18 Jan 2025,467,(U),-7620737076103346510,,,https://www.youtube.com/watch?v=d9vkKsLySa0,9,1,143,541143,541,0,410359,1.318706304,421494,1.28386881,-0.0019,0.4118,4,151.5542,410.0730,372.7187,3.56742,,,,,,,,,,,,,,,,,,,,,,,,,30Â DecÂ '99,,,,,,,,,,,,,,,,,,,,,,,,,,,,,,--,,,,,,,,,,,,,,,,,,,,,,,,,,,
ðºð¸,doogile,0,0,9:01.449,9:01.449,25 May 2024,705,(U),-7536657347809840728,,,https://www.youtube.com/watch?v=fqNFbLGUKeA,9,1,449,541449,541,0,410359,1.319451992,421494,1.284594799,-0.0019,0.2620,4,96.2051,407.8401,370.5528,3.58117,,,,,,,,,,,,,,,,,,,,,,,,,30Â DecÂ '99,,,,,,,,,,,,,,,,,,,,,,,,,,,,,,--,,,,,,,,,,,,,,,,,,,,,,,,,,,
ð©ð°,Bloopy,0,0,9:01.455,9:01.455,29 Jan 2025,456,(U),-3030095061520695931,,,https://www.youtube.com/watch?v=VGY1zOH0JTc,9,1,455,541455,541,0,410359,1.319466613,421494,1.284609034,-0.0019,0.4205,4,154.3986,407.7964,370.5104,3.58144,,,,,,,,,,,,,,,,,,,,,,,,,30Â DecÂ '99,,,,,,,,,,,,,,,,,,,,,,,,,,,,,,--,,,,,,,,,,,,,,,,,,,,,,,,,,,
ðµð±,watermelon1708,0,0,8:59.859,9:01.423,25 Dec 2025,126,(U),see video,,,https://www.youtube.com/watch?v=cE3J7k4Sshc,9,1,423,541423,541,0,410359,1.319388633,410359,1.319388633,-0.0019,0.7871,4,259.7401,370.7368,370.7368,3.58000,,,,,,,,,,,,,,,,,,,,,,,,,30Â DecÂ '99,,,,,,,,,,,,,,,,,,,,,,,,,,,,,,--,,,,,,,,,,,,,,,,,,,,,,,,,,,
ðµð±,watermelon1708,0,0,8:57.165,9:01.510,21 Oct 2025,191,(U),unknown,,,https://www.youtube.com/watch?v=bgofOfS1s1A,9,1,510,541510,542,1,410359,1.319600642,410359,1.319600642,-0.0019,0.6957,4,229.4164,370.1214,370.1214,3.58392,,,,,,,,,,,,,,,,,,,,,,,,,30Â DecÂ '99,,,,,,,,,,,,,,,,,,,,,,,,,,,,,,--,,,,,,,,,,,,,,,,,,,,,,,,,,,
ð³ð´,skycrab1,0,0,9:01.581,9:01.581,24 Oct 2024,553,(U),5396784990910154852,,,https://www.youtube.com/watch?v=7QvmYogun44&list=PLU3_fvoJ1GyMStiA29z37DUPtG47PvOJz&index=88,9,1,581,541581,542,1,410359,1.319773662,421494,1.28490797,-0.0019,0.3497,4,128.2917,406.8774,369.6193,3.58711,,,,,,,,,,,,,,,,,,,,,,,,,30Â DecÂ '99,,,,,,,,,,,,,,,,,,,,,,,,,,,,,,--,,,,,,,,,,,,,,,,,,,,,,,,,,,
ð¨ð¦,NoHacsJustRoblox,0,0,9:00.675,9:01.646,03 Sep 2024,604,(U),7108735323901756884,,,https://www.youtube.com/watch?v=1F8ZBRB354Y,9,1,646,541646,542,1,410359,1.319932059,421494,1.285062184,-0.0019,0.3174,4,116.3877,406.4035,369.1598,3.59005,,,,,,,,,,,,,,,,,,,,,,,,,30Â DecÂ '99,,,,,,,,,,,,,,,,,,,,,,,,,,,,,,--,,,,,,,,,,,,,,,,,,,,,,,,,,,
ð³ð´,skycrab1,0,0,9:01.851,9:01.851,06 Oct 2024,571,(U),5584430862827466527,,,https://www.youtube.com/watch?v=XLXBEG_9Z2M&list=PLU3_fvoJ1GyMStiA29z37DUPtG47PvOJz&index=76,9,1,851,541851,542,1,410359,1.320431622,421494,1.285548549,-0.0019,0.3379,4,123.7314,404.9092,367.7113,3.59930,,,,,,,,,,,,,,,,,,,,,,,,,30Â DecÂ '99,,,,,,,,,,,,,,,,,,,,,,,,,,,,,,--,,,,,,,,,,,,,,,,,,,,,,,,,,,
ðºð¸,doogile,0,0,9:01.361,9:01.856,17 Mar 2024,774,(U),-423824187334230143,,,https://www.youtube.com/watch?v=9aJOIrN2g-A,9,1,856,541856,542,1,410359,1.320443807,421494,1.285560411,-0.0019,0.2298,4,84.1311,404.8727,367.6760,3.59953,,,,,,,,,,,,,,,,,,,,,,,,,30Â DecÂ '99,,,,,,,,,,,,,,,,,,,,,,,,,,,,,,--,,,,,,,,,,,,,,,,,,,,,,,,,,,
ð³ð´,skycrab1,0,0,9:02.423,9:02.423,30 Aug 2024,608,(U),3049901205395221348,,,https://www.youtube.com/watch?v=PPXIiFSl4dc&list=PLU3_fvoJ1GyMStiA29z37DUPtG47PvOJz&index=62,9,2,423,542423,542,0,410359,1.321825524,421494,1.286905626,-0.0019,0.3150,4,114.8461,400.7437,363.6758,3.62524,,,,,,,,,,,,,,,,,,,,,,,,,30Â DecÂ '99,,,,,,,,,,,,,,,,,,,,,,,,,,,,,,--,,,,,,,,,,,,,,,,,,,,,,,,,,,
ð¸ð°,NoFear1337,0,0,9:02.402,9:02.859,30 Jun 2025,304,(U),unknown,,,https://www.youtube.com/watch?v=6HhUuitsxGs,9,2,859,542859,543,1,410359,1.322888008,410359,1.322888008,-0.0019,0.5612,4,183.2564,360.6062,360.6062,3.64513,,,,,,,,,,,,,,,,,,,,,,,,,30Â DecÂ '99,,,,,,,,,,,,,,,,,,,,,,,,,,,,,,--,,,,,,,,,,,,,,,,,,,,,,,,,,,
ð©ð°,Bloopy,0,1,9:02.325,9:02.890,20 Jul 2024,649,(U),-3162138013269904068,,,https://www.youtube.com/watch?v=LQVoVG-qCYo,9,2,890,542890,543,1,410359,1.322963551,421494,1.28801359,-0.0019,0.2914,4,105.8741,397.3475,360.3881,3.64654,,,,,,,,,,,,,,,,,,,,,,,,,30Â DecÂ '99,,,,,,,,,,,,,,,,,,,,,,,,,,,,,,--,,,,,,,,,,,,,,,,,,,,,,,,,,,
ð©ð°,Bloopy,0,1,9:03.208,9:03.208,09 Mar 2024,782,(V),327741930004183264,,,https://www.speedrun.com/mc/runs/zq8w755z,9,3,208,543208,543,0,410359,1.323738483,421494,1.288768049,-0.0019,0.2263,4,82.0401,395.0373,358.1532,3.66111,,,,,,,,,,,,,,,,,,,,,,,,,30Â DecÂ '99,,,,,,,,,,,,,,,,,,,,,,,,,,,,,,--,,,,,,,,,,,,,,,,,,,,,,,,,,,
ð¨ð¦,Aquacorde,0,0,9:03.483,9:03.483,15 Jul 2025,289,(U),3586604150107286256,,,https://www.youtube.com/watch?v=HlKgDCEfr1M,9,3,483,543483,543,0,410359,1.324408628,410359,1.324408628,-0.0019,0.5775,4,187.6899,356.2229,356.2229,3.67375,,,,,,,,,,,,,,,,,,,,,,,,,30Â DecÂ '99,,,,,,,,,,,,,,,,,,,,,,,,,,,,,,--,,,,,,,,,,,,,,,,,,,,,,,,,,,
ðºð¸,doogile,0,0,8:58.672,9:04.680,20 Oct 2023,923,(U),5170768254742346902,,,https://www.youtube.com/watch?v=nX477DDwCp4,9,4,680,544680,545,1,410359,1.327325586,465828,1.169272779,-0.0019,0.1731,4,92.6221,558.1199,347.8492,3.72921,,,,,,,,,,,,,,,,,,,,,,,,,30Â DecÂ '99,,,,,,,,,,,,,,,,,,,,,,,,,,,,,,--,,,,,,,,,,,,,,,,,,,,,,,,,,,
ð³ð´,skycrab1,0,0,9:03.846,9:05.167,01 Dec 2023,881,(U),5228422525265565557,,,https://www.youtube.com/watch?v=Qe_QUpUyPbc&list=PLU3_fvoJ1GyMStiA29z37DUPtG47PvOJz&index=5,9,5,167,545167,545,0,410359,1.328512351,465828,1.170318229,-0.0019,0.1875,4,99.9582,554.2739,344.4561,3.75199,,,,,,,,,,,,,,,,,,,,,,,,,30Â DecÂ '99,,,,,,,,,,,,,,,,,,,,,,,,,,,,,,--,,,,,,,,,,,,,,,,,,,,,,,,,,,
ðºð¸,doogile,0,0,9:03.653,9:05.189,03 Jul 2024,666,(U),-1944357644516820181,,,https://www.youtube.com/watch?v=2PrVhqKEWwk,9,5,189,545189,545,0,410359,1.328565963,421494,1.293467997,-0.0019,0.2821,4,100.7908,380.6965,344.3031,3.75302,,,,,,,,,,,,,,,,,,,,,,,,,30Â DecÂ '99,,,,,,,,,,,,,,,,,,,,,,,,,,,,,,--,,,,,,,,,,,,,,,,,,,,,,,,,,,
ð¨ð¦,Jay12310,0,0,9:05.451,9:05.451,16 Mar 2024,775,(U),see video,,,https://www.youtube.com/watch?v=ivDOaiqp9jM&list=PLaTJSsRuu2UcsiC6KEkJwrGp1GaGgPoVG&index=2,9,5,451,545451,545,0,410359,1.329204428,421494,1.294089596,-0.0019,0.2294,4,81.7794,378.8069,342.4813,3.76532,,,,,,,,,,,,,,,,,,,,,,,,,30Â DecÂ '99,,,,,,,,,,,,,,,,,,,,,,,,,,,,,,--,,,,,,,,,,,,,,,,,,,,,,,,,,,
ðºð¸,doogile,0,0,9:05.184,9:05.845,06 Nov 2023,906,(U),5873759299326194645,,,https://www.youtube.com/watch?v=5MtswX7IfB4,9,5,845,545845,546,1,410359,1.330164563,465828,1.171773702,-0.0019,0.1788,4,94.8485,548.9114,339.7463,3.78390,,,,,,,,,,,,,,,,,,,,,,,,,30Â DecÂ '99,,,,,,,,,,,,,,,,,,,,,,,,,,,,,,--,,,,,,,,,,,,,,,,,,,,,,,,,,,
ð³ð´,skycrab1,0,0,9:04.821,9:06.518,16 Oct 2024,561,(U),1509054890108880200,,,https://www.youtube.com/watch?v=o2BhtRPoBl8&list=PLU3_fvoJ1GyMStiA29z37DUPtG47PvOJz&index=83,9,6,518,546518,547,1,410359,1.331804591,421494,1.296621067,-0.0019,0.3444,4,121.8522,371.1305,335.0878,3.81581,,,,,,,,,,,,,,,,,,,,,,,,,30Â DecÂ '99,,,,,,,,,,,,,,,,,,,,,,,,,,,,,,--,,,,,,,,,,,,,,,,,,,,,,,,,,,
ð³ð´,skycrab1,0,0,9:07.149,9:07.149,10 Oct 2024,567,(U),-1175900086044057204,,,https://www.youtube.com/watch?v=A-29KTnAD2I&list=PLU3_fvoJ1GyMStiA29z37DUPtG47PvOJz&index=82,9,7,149,547149,547,0,410359,1.333342269,421494,1.298118123,-0.0019,0.3405,4,119.9162,366.6061,330.7358,3.84595,,,,,,,,,,,,,,,,,,,,,,,,,30Â DecÂ '99,,,,,,,,,,,,,,,,,,,,,,,,,,,,,,--,,,,,,,,,,,,,,,,,,,,,,,,,,,
ð³ð´,skycrab1,0,0,9:07.112,9:07.112,28 Apr 2025,367,(U),unknown,,,https://www.youtube.com/watch?v=o710MyvzZRc&list=PLU3_fvoJ1GyMStiA29z37DUPtG47PvOJz&index=117,9,7,112,547112,547,0,410359,1.333252104,421494,1.29803034,-0.0019,0.4979,4,175.3990,366.8710,330.9905,3.84417,,,,,,,,,,,,,,,,,,,,,,,,,30Â DecÂ '99,,,,,,,,,,,,,,,,,,,,,,,,,,,,,,--,,,,,,,,,,,,,,,,,,,,,,,,,,,
ð«ð®,AndrewCrow,0,0,9:06.737,9:07.310,04 Jul 2025,300,(U),unknown,,,https://www.youtube.com/watch?v=9ykWGMkAK-8,9,7,310,547310,547,0,410359,1.333734608,410359,1.333734608,-0.0019,0.5655,4,178.7205,329.6278,329.6278,3.85367,,,,,,,,,,,,,,,,,,,,,,,,,30Â DecÂ '99,,,,,,,,,,,,,,,,,,,,,,,,,,,,,,,,,,,,,,,,,,,,,,,,,,,,,,,,,
ð³ð´,skycrab1,0,0,9:07.485,9:07.485,08 Feb 2025,446,(U),3737533492080781915,,,https://www.youtube.com/watch?v=vIyLdcMlpzU&list=PLU3_fvoJ1GyMStiA29z37DUPtG47PvOJz&index=116,9,7,485,547485,547,0,410359,1.334161064,421494,1.298915287,-0.0019,0.4285,4,150.5413,364.2017,328.4248,3.86208,,,,,,,,,,,,,,,,,,,,,,,,,30Â DecÂ '99,,,,,,,,,,,,,,,,,,,,,,,,,,,,,,--,,,,,,,,,,,,,,,,,,,,,,,,,,,
ð³ð´,skycrab1,0,0,9:07.893,9:07.893,16 Nov 2024,530,(U),3572344265609154792,,,https://www.youtube.com/watch?v=GB4EvDhnAj0&list=PLU3_fvoJ1GyMStiA29z37DUPtG47PvOJz&index=94,9,7,893,547893,548,1,410359,1.335155315,421494,1.299883272,-0.0019,0.3653,4,127.9523,361.2868,325.6247,3.88175,,,,,,,,,,,,,,,,,,,,,,,,,30Â DecÂ '99,,,,,,,,,,,,,,,,,,,,,,,,,,,,,,--,,,,,,,,,,,,,,,,,,,,,,,,,,,
ðºð¸,doogile,0,0,9:07.950,9:07.950,16 Aug 2024,622,(U),unknown,,,https://www.youtube.com/watch?v=rVh_EFcoA_Q,9,7,950,547950,548,1,410359,1.335294218,421494,1.300018506,-0.0019,0.3067,4,107.3872,360.8800,325.2340,3.88450,,,,,,,,,,,,,,,,,,,,,,,,,30Â DecÂ '99,,,,,,,,,,,,,,,,,,,,,,,,,,,,,,--,,,,,,,,,,,,,,,,,,,,,,,,,,,
ð³ð´,skycrab1,0,0,9:02.208,9:08.108,24 Aug 2024,614,(U),8200471492953039268,,,https://www.youtube.com/watch?v=7kCryLBekaY&list=PLU3_fvoJ1GyMStiA29z37DUPtG47PvOJz&index=59,9,8,108,548108,548,0,410359,1.335679247,421494,1.300393363,-0.0019,0.3114,4,108.9063,359.7528,324.1519,3.89215,,,,,,,,,,,,,,,,,,,,,,,,,30Â DecÂ '99,,,,,,,,,,,,,,,,,,,,,,,,,,,,,,--,,,,,,,,,,,,,,,,,,,,,,,,,,,
ð³ð´,skycrab1,0,0,9:08.173,9:08.173,22 Jul 2025,282,(U),unknown,,,https://www.youtube.com/watch?v=ywxlACuqAe0&list=PLU3_fvoJ1GyMStiA29z37DUPtG47PvOJz&index=137,9,8,173,548173,548,0,410359,1.335837645,410359,1.335837645,-0.0019,0.5852,4,183.7766,323.7070,323.7070,3.89530,,,,,,,,,,,,,,,,,,,,,,,,,30Â DecÂ '99,,,,,,,,,,,,,,,,,,,,,,,,,,,,,,--,,,,,,,,,,,,,,,,,,,,,,,,,,,
ð¹ð¿,Kxpow,0,0,9:04.666,9:08.266,14 Nov 2023,898,(U),-4809940892150569008,,,https://www.youtube.com/watch?v=gg6rLSlqqqc,9,8,266,548266,548,0,410359,1.336064275,465828,1.176970899,-0.0019,0.1816,4,94.6115,529.6968,323.0708,3.89981,,,,,,,,,,,,,,,,,,,,,,,,,30Â DecÂ '99,,,,,,,,,,,,,,,,,,,,,,,,,,,,,,,,,,,,,,,,,,,,,,,,,,,,,,,,,
ð§ðª,boyenn,0,0,9:08.407,9:08.407,09 Mar 2025,417,(U),unknown,,,https://www.youtube.com/watch?v=PIdpIYU0iN8,9,8,407,548407,548,0,410359,1.336407877,421494,1.301102744,-0.0019,0.4528,4,158.0018,357.6221,322.1069,3.90665,,,,,,,,,,,,,,,,,,,,,,,,,30Â DecÂ '99,,,,,,,,,,,,,,,,,,,,,,,,,,,,,,--,,,,,,,,,,,,,,,,,,,,,,,,,,,
ð¸ð°,NoFear1337,0,0,9:08.371,9:08.421,08 Jun 2023,1057,(U),unknown,,,https://www.youtube.com/watch?v=IffgSK8FXyU,9,8,421,548421,548,0,410359,1.336441993,465828,1.17730364,-0.0019,0.1342,4,69.8638,528.4636,322.0112,3.90733,,,,,,,,,,,,,,,,,,,,,,,,,30Â DecÂ '99,,,,,,,,,,,,,,,,,,,,,,,,,,,,,,--,,,,,,,,,,,,,,,,,,,,,,,,,,,
ð¨ð¦,Aquacorde,0,0,9:08.473,9:08.473,17 Jul 2025,287,(U),-4757456621971521047,,,https://www.youtube.com/watch?v=3NgUon3iBFM,9,8,473,548473,548,0,410359,1.336568712,410359,1.336568712,-0.0019,0.5797,4,181.6411,321.6560,321.6560,3.90986,,,,,,,,,,,,,,,,,,,,,,,,,30Â DecÂ '99,,,,,,,,,,,,,,,,,,,,,,,,,,,,,,--,,,,,,,,,,,,,,,,,,,,,,,,,,,
ð¸ð°,NoFear1337,0,0,9:05.980,9:08.551,02 Feb 2024,818,(U),unknown,,,https://www.youtube.com/watch?v=4fdVhFGeQgo&list=PLaTJSsRuu2UeeWabBBfNVWALvnefBoL2C&index=5,9,8,551,548551,549,1,410359,1.336758789,421494,1.301444386,-0.0019,0.2114,4,73.6745,356.5970,321.1234,3.91365,,,,,,,,,,,,,,,,,,,,,,,,,30Â DecÂ '99,,,,,,,,,,,,,,,,,,,,,,,,,,,,,,--,,,,,,,,,,,,,,,,,,,,,,,,,,,
ð®ð¹,drip120,0,0,9:07.364,9:08.692,01 Nov 2025,180,(U),unknown,,,https://www.youtube.com/watch?v=xe-spdcY7jk,9,8,692,548692,549,1,410359,1.337102391,410359,1.337102391,-0.0019,0.7103,4,222.2351,320.1612,320.1612,3.92052,,,,,,,,,,,,,,,,,,,,,,,,,30Â DecÂ '99,,,,,,,,,,,,,,,,,,,,,,,,,,,,,,--,,,,,,,,,,,,,,,,,,,,,,,,,,,
ðºð¸,doogile,0,0,9:08.808,9:08.808,22 May 2025,343,(U),7495631434322162088,,,https://www.youtube.com/watch?v=p9ACbnS-GcQ,9,8,808,548808,549,1,410359,1.33738507,421494,1.302054122,-0.0019,0.5212,4,181.3235,354.7692,319.3703,3.92618,,,,,,,,,,,,,,,,,,,,,,,,,30Â DecÂ '99,,,,,,,,,,,,,,,,,,,,,,,,,,,,,,--,,,,,,,,,,,,,,,,,,,,,,,,,,,
ð«ð®,Cube1337x,1,1,9:06.178,9:08.820,22 Jan 2022,1559,(V),5182416045755256460,,,https://www.speedrun.com/mc/runs/mr673jdm,9,8,820,548820,549,1,410359,1.337414313,576000,0.9528125,-0.0019,0.0517,4,162.7403,1209.0182,319.2885,3.92676,,,,,,,,,,,,,,,,,,,,,,,,,30Â DecÂ '99,,,,,,,,,,,,,,,,,,,,,,,,,,,,,,--,,,,,,,,,,,,,,,,,,,,,,,,,,,
ð³ð´,skycrab1,0,0,9:09.076,9:09.076,26 Nov 2024,520,(U),9146773889861471357,,,https://www.youtube.com/watch?v=YABLZ52h9Ug&list=PLU3_fvoJ1GyMStiA29z37DUPtG47PvOJz&index=98,9,9,76,549076,549,0,410359,1.338038157,421494,1.302689955,-0.0019,0.3723,4,129.2864,352.8655,317.5452,3.93928,,,,,,,,,,,,,,,,,,,,,,,,,30Â DecÂ '99,,,,,,,,,,,,,,,,,,,,,,,,,,,,,,--,,,,,,,,,,,,,,,,,,,,,,,,,,,
ð³ð´,skycrab1,0,0,9:02.533,9:09.719,10 Apr 2024,750,(U),unknown,,,https://www.youtube.com/watch?v=s7Oyw0cBsDM&list=PLU3_fvoJ1GyMStiA29z37DUPtG47PvOJz&index=14,9,9,719,549719,550,1,410359,1.339605078,421494,1.304215481,-0.0019,0.2405,4,83.1252,348.3083,313.1792,3.97086,,,,,,,,,,,,,,,,,,,,,,,,,30Â DecÂ '99,,,,,,,,,,,,,,,,,,,,,,,,,,,,,,--,,,,,,,,,,,,,,,,,,,,,,,,,,,
ðºð¸,doogile,0,0,9:08.362,9:09.903,03 Feb 2024,817,(U),4060064418388945747,,,https://www.youtube.com/watch?v=z1xyWdGMjq8,9,9,903,549903,550,1,410359,1.340053465,421494,1.304652024,-0.0019,0.2118,4,73.0913,347.0070,311.9333,3.97994,,,,,,,,,,,,,,,,,,,,,,,,,30Â DecÂ '99,,,,,,,,,,,,,,,,,,,,,,,,,,,,,,--,,,,,,,,,,,,,,,,,,,,,,,,,,,
ð¸ð°,NoFear1337,0,0,9:09.128,9:10.259,08 Jun 2025,326,(U),unknown,,,https://www.youtube.com/watch?v=SiADDCUpd7E,9,10,259,550259,550,0,410359,1.340920998,421494,1.305496638,-0.0019,0.5383,4,185.3083,344.4926,309.5271,3.99756,,,,,,,,,,,,,,,,,,,,,,,,,30Â DecÂ '99,,,,,,,,,,,,,,,,,,,,,,,,,,,,,,--,,,,,,,,,,,,,,,,,,,,,,,,,,,
ð¹ð¿,Kxpow,0,0,9:05.662,9:10.523,09 Nov 2023,903,(U),78496239085493281,,,https://www.youtube.com/watch?v=gieho9nQgi0,9,10,523,550523,551,1,410359,1.341564338,465828,1.181816035,-0.0019,0.1798,4,92.1895,511.7134,307.7465,4.01066,,,,,,,,,,,,,,,,,,,,,,,,,30Â DecÂ '99,,,,,,,,,,,,,,,,,,,,,,,,,,,,,,,,,,,,,,,,,,,,,,,,,,,,,,,,,
ðºð¸,doogile,0,0,9:07.746,9:10.622,05 Nov 2023,907,(U),1666689678537156689,,,https://www.youtube.com/watch?v=VZnZzz2vZfk,9,10,622,550622,551,1,410359,1.34180559,465828,1.18202856,-0.0019,0.1785,4,91.4257,510.9235,307.0796,4.01559,,,,,,,,,,,,,,,,,,,,,,,,,30Â DecÂ '99,,,,,,,,,,,,,,,,,,,,,,,,,,,,,,--,,,,,,,,,,,,,,,,,,,,,,,,,,,
ð³ð´,skycrab1,0,0,9:09.863,9:10.809,08 Mar 2024,783,(U),unknown,,,https://www.youtube.com/watch?v=LhLJ0UepT94&list=PLU3_fvoJ1GyMStiA29z37DUPtG47PvOJz&index=11,9,10,809,550809,551,1,410359,1.342261288,421494,1.30680152,-0.0019,0.2259,4,77.4572,340.6175,305.8212,4.02491,,,,,,,,,,,,,,,,,,,,,,,,,30Â DecÂ '99,,,,,,,,,,,,,,,,,,,,,,,,,,,,,,--,,,,,,,,,,,,,,,,,,,,,,,,,,,
ð³ð´,skycrab1,0,0,9:10.726,9:11.397,13 Jun 2024,686,(U),-8879598757614006862,,,https://www.youtube.com/watch?v=cIcsjmes9iM&list=PLU3_fvoJ1GyMStiA29z37DUPtG47PvOJz&index=29,9,11,397,551397,551,0,410359,1.34369418,421494,1.308196558,-0.0019,0.2716,4,92.7360,336.4875,301.8753,4.05433,,,,,,,,,,,,,,,,,,,,,,,,,30Â DecÂ '99,,,,,,,,,,,,,,,,,,,,,,,,,,,,,,--,,,,,,,,,,,,,,,,,,,,,,,,,,,
ð³ð´,skycrab1,0,0,9:11.051,9:11.608,20 Sep 2025,222,(U),unknown,,,https://www.youtube.com/watch?v=jITLzyt8gXQ&list=PLU3_fvoJ1GyMStiA29z37DUPtG47PvOJz&index=141,9,11,608,551608,552,1,410359,1.344208364,410359,1.344208364,-0.0019,0.6559,4,200.8853,300.4634,300.4634,4.06494,,,,,,,,,,,,,,,,,,,,,,,,,30Â DecÂ '99,,,,,,,,,,,,,,,,,,,,,,,,,,,,,,--,,,,,,,,,,,,,,,,,,,,,,,,,,,
ð³ð´,skycrab1,0,0,9:11.538,9:11.538,19 Dec 2025,132,(U),unknown,,,https://www.youtube.com/watch?v=cGZBFX1-arU&list=PLU3_fvoJ1GyMStiA29z37DUPtG47PvOJz&index=160,9,11,538,551538,552,1,410359,1.344037782,410359,1.344037782,-0.0019,0.7782,4,238.4696,300.9315,300.9315,4.06142,,,,,,,,,,,,,,,,,,,,,,,,,30Â DecÂ '99,,,,,,,,,,,,,,,,,,,,,,,,,,,,,,--,,,,,,,,,,,,,,,,,,,,,,,,,,,
ð³ð´,skycrab1,0,0,9:11.308,9:12.058,19 Dec 2025,132,(U),see video,,,https://www.youtube.com/watch?v=Z1rqujzYKV8&list=PLU3_fvoJ1GyMStiA29z37DUPtG47PvOJz&index=159,9,12,58,552058,552,0,410359,1.345304965,410359,1.345304965,-0.0019,0.7782,4,237.5724,297.4596,297.4596,4.08763,,,,,,,,,,,,,,,,,,,,,,,,,30Â DecÂ '99,,,,,,,,,,,,,,,,,,,,,,,,,,,,,,--,,,,,,,,,,,,,,,,,,,,,,,,,,,
ð®ð¹,drip120,0,0,9:10.678,9:12.062,29 Aug 2024,609,(U),unknown,,,https://www.youtube.com/watch?v=LSRuTRyAUfA,9,12,62,552062,552,0,410359,1.345314712,421494,1.309774279,-0.0019,0.3144,4,106.8297,331.8334,297.4330,4.08784,,,,   ,,,,,,,,,,,,,,,,,,,,,30Â DecÂ '99,,,,,,,,,,,,,,,,,,,,,,,,,,,,,,--,,,,,,,,,,,,,,,,,,,,,,,,,,,
ð«ð®,AndrewCrow,0,0,9:12.154,9:12.313,18 Jun 2025,316,(U),unknown,,,https://www.youtube.com/watch?v=mgqba8qgpQE,9,12,313,552313,552,0,410359,1.345926372,410359,1.345926372,-0.0019,0.5486,4,167.1723,295.7620,295.7620,4.10054,,,,,,,,,,,,,,,,,,,,,,,,,30Â DecÂ '99,,,,,,,,,,,,,,,,,,,,,,,,,,,,,,,,,,,,,,,,,,,,,,,,,,,,,,,,,
ðµð±,okshey,0,1,9:09.804,9:12.402,11 Aug 2024,627,(V),-2254865974237692647,,,https://www.speedrun.com/mc/runs/z0qrw64m,9,12,402,552402,552,0,410359,1.346143255,421494,1.310580934,-0.0019,0.3038,4,102.9840,329.4609,295.1703,4.10506,,,,,,,,,,,,,,,,,,,,,,,,,30Â DecÂ '99,,,,,,,,,,,,,,,,,,,,,,,,,,,,,,,,,,,,,,,,,,,,,,,,,,,,,,,,,
ð³ð´,skycrab1,0,0,9:10.431,9:12.727,07 Feb 2026,82,(U),unknown,,,https://www.youtube.com/watch?v=__q_TjQ_FMo&list=PLU3_fvoJ1GyMStiA29z37DUPtG47PvOJz&index=164,9,12,727,552727,553,1,410359,1.346935245,410359,1.346935245,-0.0019,0.8557,4,259.9861,293.0129,293.0129,4.12158,,,,,,,,,,,,,,,,,,,,,,,,,30Â DecÂ '99,,,,,,,,,,,,,,,,,,,,,,,,,,,,,,,,,,,,,,,,,,,,,,,,,,,,,,,,,
ð³ð´,skycrab1,0,0,9:11.847,9:13.147,18 Feb 2024,802,(U),unknown,,,https://www.youtube.com/watch?v=kFt_4d61onA&list=PLU3_fvoJ1GyMStiA29z37DUPtG47PvOJz&index=10,9,13,147,553147,553,0,410359,1.347958739,421494,1.312348456,-0.0019,0.2179,4,73.4557,324.2796,290.2331,4.14302,,,,,,,,,,,,,,,,,,,,,,,,,30Â DecÂ '99,,,,,,,,,,,,,,,,,,,,,,,,,,,,,,--,,,,,,,,,,,,,,,,,,,,,,,,,,,
ðºð¸,doogile,0,0,9:13.305,9:13.305,18 May 2025,347,(U),5319889205923870675,,,https://www.youtube.com/watch?v=ztGEXhDZfOU,9,13,305,553305,553,0,410359,1.348343767,421494,1.312723313,-0.0019,0.5172,4,174.1714,323.1838,289.1897,4.15111,,,,,,,,,,,,,,,,,,,,,,,,,30Â DecÂ '99,,,,,,,,,,,,,,,,,,,,,,,,,,,,,,--,,,,,,,,,,,,,,,,,,,,,,,,,,,
ðµð±,okshey,0,0,9:12.171,9:13.635,17 Jul 2025,287,(U),unknown,,,https://www.youtube.com/watch?v=ty4JUqRnYw0,9,13,635,553635,554,1,410359,1.349147941,410359,1.349147941,-0.0019,0.5797,4,174.9609,287.0148,287.0148,4.16806,,,,,,,,,,,,,,,,,,,,,,,,,30Â DecÂ '99,,,,,,,,,,,,,,,,,,,,,,,,,,,,,,,,,,,,,,,,,,,,,,,,,,,,,,,,,
ð¨ð¦,Aquacorde,0,1,9:13.730,9:13.730,02 May 2023,1094,(V),1132467978693802935,,,https://www.speedrun.com/mc/runs/z5poxedm,9,13,730,553730,554,1,410359,1.349379446,465828,1.18870055,-0.0019,0.1251,4,62.6593,486.1012,286.3898,4.17295,,,,,,,,,,,,,,,,,,,,,,,,,30Â DecÂ '99,,,,,,,,,,,,,,,,,,,,,,,,,,,,,,--,,,,,,,,,,,,,,,,,,,,,,,,,,,
ð¸ð°,NoFear1337,0,0,9:10.602,9:13.999,04 Jul 2025,300,(U),unknown,,,https://www.youtube.com/watch?v=yNwHcISAArA,9,13,999,553999,554,1,410359,1.350034969,410359,1.350034969,-0.0019,0.5655,4,170.2441,284.6226,284.6226,4.18682,,,,,,,,,,,,,,,,,,,,,,,,,30Â DecÂ '99,,,,,,,,,,,,,,,,,,,,,,,,,,,,,,--,,,,,,,,,,,,,,,,,,,,,,,,,,,
ð³ð´,skycrab1,0,0,9:10.467,9:14.159,20 Sep 2025,222,(U),unknown,,,https://www.youtube.com/watch?v=OEZzZLeynP0&list=PLU3_fvoJ1GyMStiA29z37DUPtG47PvOJz&index=139,9,14,159,554159,554,0,410359,1.350424872,410359,1.350424872,-0.0019,0.6559,4,197.2118,283.5733,283.5733,4.19509,,,,,,,,,,,,,,,,,,,,,,,,,30Â DecÂ '99,,,,,,,,,,,,,,,,,,,,,,,,,,,,,,--,,,,,,,,,,,,,,,,,,,,,,,,,,,
ð³ð´,skycrab1,0,0,9:13.279,9:14.255,15 Feb 2024,805,(U),unknown,,,https://www.youtube.com/watch?v=WLjCJKEsbRU&list=PLU3_fvoJ1GyMStiA29z37DUPtG47PvOJz&index=9,9,14,255,554255,554,0,410359,1.350658813,421494,1.3149772,-0.0019,0.2166,4,72.4559,316.6190,282.9444,4.20005,,,,,,,,,,,,,,,,,,,,,,,,,30Â DecÂ '99,,,,,,,,,,,,,,,,,,,,,,,,,,,,,,--,,,,,,,,,,,,,,,,,,,,,,,,,,,
ð³ð´,skycrab1,0,0,9:12.682,9:14.598,17 Aug 2024,621,(U),-7884786286742246917,,,https://www.youtube.com/watch?v=AzF0dGCk1Ow&list=PLU3_fvoJ1GyMStiA29z37DUPtG47PvOJz&index=56,9,14,598,554598,555,1,410359,1.351494667,421494,1.315790972,-0.0019,0.3073,4,102.5247,314.2590,280.7016,4.21785,,,,,,,,,,,,,,,,,,,,,,,,,30Â DecÂ '99,,,,,,,,,,,,,,,,,,,,,,,,,,,,,,--,,,,,,,,,,,,,,,,,,,,,,,,,,,
ðµð±,watermelon1708,0,0,9:12.401,9:14.662,24 Jul 2025,280,(U),unknown,,,https://www.youtube.com/watch?v=4QYqWY63NSU,9,14,662,554662,555,1,410359,1.351650628,410359,1.351650628,-0.0019,0.5874,4,175.9939,280.2839,280.2839,4.22118,,,,,,,,,,,,,,,,,,,,,,,,,30Â DecÂ '99,,,,,,,,,,,,,,,,,,,,,,,,,,,,,,--,,,,,,,,,,,,,,,,,,,,,,,,,,,
ðºð¸,doogile,0,0,9:14.024,9:14.498,29 Jan 2024,822,(U),6589962244023862742,,,https://www.youtube.com/watch?v=-hzOpmkTbDU,9,14,498,554498,554,0,410359,1.351250978,421494,1.315553721,-0.0019,0.2098,4,70.0301,314.9465,281.3548,4.21265,,,,,,,,,,,,,,,,,,,,,,,,,30Â DecÂ '99,,,,,,,,,,,,,,,,,,,,,,,,,,,,,,--,,,,,,,,,,,,,,,,,,,,,,,,,,,
ðºð¸,doogile,0,0,9:14.533,9:15.162,26 Apr 2024,734,(U),-3919243300877167705,,,https://www.youtube.com/watch?v=GeoFh01Ym_4,9,15,162,555162,555,0,410359,1.352869073,421494,1.317129069,-0.0019,0.2479,4,82.3796,310.3905,277.0280,4.24725,,,,,,,,,,,,,,,,,,,,,,,,,30Â DecÂ '99,,,,,,,,,,,,,,,,,,,,,,,,,,,,,,--,,,,,,,,,,,,,,,,,,,,,,,,,,,
ðºð¸,doogile,0,0,9:14.089,9:15.601,11 Nov 2023,901,(U),2174062846577023263,,,https://www.youtube.com/watch?v=pUgJefjM1GA,9,15,601,555601,556,1,410359,1.353938868,465828,1.192717054,-0.0019,0.1805,4,89.2034,471.1564,274.1811,4.27026,,,,,,,,,,,,,,,,,,,,,,,,,30Â DecÂ '99,,,,,,,,,,,,,,,,,,,,,,,,,,,,,,--,,,,,,,,,,,,,,,,,,,,,,,,,,,
ð³ð´,skycrab1,0,0,9:14.966,9:16.045,09 Jul 2024,660,(U),1846406805123780457,,,https://www.youtube.com/watch?v=6Yj7_cuk-uM&list=PLU3_fvoJ1GyMStiA29z37DUPtG47PvOJz&index=41,9,16,45,556045,556,0,410359,1.355020848,421494,1.319223998,-0.0019,0.2854,4,94.2151,304.3650,271.3130,4.29365,,,,,,,,,,,,,,,,,,,,,,,,,30Â DecÂ '99,,,,,,,,,,,,,,,,,,,,,,,,,,,,,,--,,,,,,,,,,,,,,,,,,,,,,,,,,,
ð¸ð°,NoFear1337,0,0,9:14.913,9:16.380,10 Feb 2024,810,(U),unknown,,,https://www.youtube.com/watch?v=5zSaBWQqr4U&list=PLaTJSsRuu2UeeWabBBfNVWALvnefBoL2C&index=6,9,16,380,556380,556,0,410359,1.355837206,421494,1.32001879,-0.0019,0.2146,4,70.6806,302.0892,269.1566,4.31136,,,,,,,,,,,,,,,,,,,,,,,,,30Â DecÂ '99,,,,,,,,,,,,,,,,,,,,,,,,,,,,,,--,,,,,,,,,,,,,,,,,,,,,,,,,,,
ðºð¸,Zylenox,0,0,9:14.387,9:16.437,20 May 2023,1076,(U),8905593962406892009,,,https://www.youtube.com/watch?v=hGU9t4TJ2m0,9,16,437,556437,556,0,410359,1.355976109,465828,1.194511708,-0.0019,0.1295,4,63.5868,464.4840,268.7904,4.31439,,,,,,,,,,,,,,,,,,,,,,,,,30Â DecÂ '99,,,,,,,,,,,,,,,,,,,,,,,,,,,,,,--,,,,,,,,,,,,,,,,,,,,,,,,,,,
ð«ð®,AndrewCrow,0,1,9:14.036,9:16.477,02 Apr 2025,393,(V),-6799269420836569969,,,https://www.speedrun.com/mc/runs/y9pq32vm,9,16,477,556477,556,0,410359,1.356073584,421494,1.320248924,-0.0019,0.4739,4,155.9872,301.4313,268.5335,4.31651,,,,,,,,,,,,,,,,,,,,,,,,,30Â DecÂ '99,,,,,,,,,,,,,,,,,,,,,,,,,,,,,,,,,,,,,,,,,,,,,,,,,,,,,,,,,
ð¨ð¦,Aquacorde,0,0,9:15.604,9:16.493,26 Jan 2024,825,(U),-1042044413178476719,,,https://www.youtube.com/watch?v=pAhnFo4AVnE,9,16,493,556493,556,0,410359,1.356112575,421494,1.320286884,-0.0019,0.2086,4,68.6389,301.3228,268.4307,4.31736,,,,,,,,,,,,,,,,,,,,,,,,,30Â DecÂ '99,,,,,,,,,,,,,,,,,,,,,,,,,,,,,,--,,,,,,,,,,,,,,,,,,,,,,,,,,,
ð³ð´,skycrab1,0,0,9:16.645,9:16.645,17 Oct 2024,560,(U),6561585119955405427,,,https://www.youtube.com/watch?v=MkMf2lrPDJk&list=PLU3_fvoJ1GyMStiA29z37DUPtG47PvOJz&index=85,9,16,645,556645,557,1,410359,1.356482982,421494,1.320647506,-0.0019,0.3451,4,113.4392,300.2930,267.4555,4.32543,,,,,,,,,,,,,,,,,,,,,,,,,30Â DecÂ '99,,,,,,,,,,,,,,,,,,,,,,,,,,,,,,--,,,,,,,,,,,,,,,,,,,,,,,,,,,
ðºð¸,Infume,0,1,9:13.433,9:16.955,05 Nov 2023,907,(V),2006249756228583623,09,Yes,https://www.speedrun.com/mc/runs/yoo68gjy,9,16,955,556955,557,1,410359,1.357238418,465828,1.195623707,-0.0019,0.1785,4,87.3378,460.3524,265.4709,4.34193,,,,,,,,,,,,,,,,,,,,,,,,,30Â DecÂ '99,,,,,,,,,,,,,,,,,,,,,,,,,,,,,,--,,,,,,,,,,,,,,,,,,,,,,,,,,,
ðºð¸,doogile,0,0,9:17.074,9:17.074,22 Sep 2024,585,(U),7208789671149948230,,,https://www.youtube.com/watch?v=GoOPg6uyw0M,9,17,74,557074,557,0,410359,1.357528408,421494,1.321665314,-0.0019,0.3291,4,107.8439,297.3929,264.7106,4.34827,,,,,,,,,,,,,,,,,,,,,,,,,30Â DecÂ '99,,,,,,,,,,,,,,,,,,,,,,,,,,,,,,--,,,,,,,,,,,,,,,,,,,,,,,,,,,
ð¨ð¦,NoHacsJustRoblox,0,0,9:17.060,9:17.060,04 Oct 2024,573,(U),-7707972832259680714,,,https://www.youtube.com/watch?v=OErmac0MJfo,9,17,60,557060,557,0,410359,1.357494292,421494,1.321632099,-0.0019,0.3367,4,110.3421,297.4874,264.8000,4.34753,,,,,,,,,,,,,,,,,,,,,,,,,30Â DecÂ '99,,,,,,,,,,,,,,,,,,,,,,,,,,,,,,--,,,,,,,,,,,,,,,,,,,,,,,,,,,
ð¸ð°,NoFear1337,0,0,9:17.140,9:17.140,12 Dec 2022,1235,(U),unknown,,,https://www.youtube.com/watch?v=6nhON_z_fUs,9,17,140,557140,557,0,410359,1.357689243,495537,1.124315641,-0.0019,0.0957,4,59.8929,600.5437,264.2893,4.35180,,,,,,,,,,,,,,,,,,,,,,,,,30Â DecÂ '99,,,,,,,,,,,,,,,,,,,,,,,,,,,,,,--,,,,,,,,,,,,,,,,,,,,,,,,,,,
ð©ð°,Bloopy,0,0,9:17.397,9:17.397,31 Oct 2024,546,(U),-8999228905854836808,,,https://www.youtube.com/watch?v=3DH8mKGha0g,9,17,397,557397,557,0,410359,1.358315524,421494,1.322431636,-0.0019,0.3544,4,115.8697,295.2158,262.6512,4.36555,,,,,,,,,,,,,,,,,,,,,,,,,30Â DecÂ '99,,,,,,,,,,,,,,,,,,,,,,,,,,,,,,--,,,,,,,,,,,,,,,,,,,,,,,,,,,
ð«ð®,AndrewCrow,0,1,9:16.632,9:17.414,04 Mar 2025,422,(V),-7135634061431368207,,,https://www.speedrun.com/mc/runs/y6geo5jm,9,17,414,557414,557,0,410359,1.358356951,421494,1.322471969,-0.0019,0.4485,4,146.6347,295.1013,262.5430,4.36646,,,,,,,,,,,,,,,,,,,,,,,,,30Â DecÂ '99,,,,,,,,,,,,,,,,,,,,,,,,,,,,,,,,,,,,,,,,,,,,,,,,,,,,,,,,,
ðºð¸,Zylenox,0,0,9:10.985,9:17.522,15 May 2023,1080.104167,(U),-7323274319262585461,15,Yes,https://www.youtube.com/watch?v=EUYjJCqOPdc,9,17,522,557522,558,1,410359,1.358620135,465828,1.196840894,-0.0019,0.1285,4,62.6031,455.8327,261.8560,4.37225,,,,,,,,,,,,,,,,,,,,,,,,,30Â DecÂ '99,,,,,,,,,,,,,,,,,,,,,,,,,,,,,,--,,,,,,,,,,,,,,,,,,,,,,,,,,,
ðºð¸,Zylenox,0,0,9:13.869,9:17.609,31 Jan 2023,1185,(U),-7020151109902988040,15,Yes,https://www.youtube.com/watch?v=LFG9a3caV7M,9,17,609,557609,558,1,410359,1.358832145,495537,1.125262089,-0.0019,0.1052,4,65.6404,596.5776,261.3030,4.37692,,,,,,,,,,,,,,,,,,,,,,,,,30Â DecÂ '99,,,,,,,,,,,,,,,,,,,,,,,,,,,,,,--,,,,,,,,,,,,,,,,,,,,,,,,,,,
ð³ð´,skycrab1,0,0,9:18.049,9:18.049,10 Oct 2024,567,(U),7717196540961604110,,,https://www.youtube.com/watch?v=zMUJ5AJmou8&list=PLU3_fvoJ1GyMStiA29z37DUPtG47PvOJz&index=80,9,18,49,558049,558,0,410359,1.359904376,421494,1.323978515,-0.0019,0.3405,4,110.8181,290.8381,258.5138,4.40060,,,,,,,,,,,,,,,,,,,,,,,,,30Â DecÂ '99,,,,,,,,,,,,,,,,,,,,,,,,,,,,,,--,,,,,,,,,,,,,,,,,,,,,,,,,,,
ð³ð´,skycrab1,0,0,9:18.430,9:18.430,22 Jul 2025,282,(U),unknown,,,https://www.youtube.com/watch?v=za-UzBn_QrM&list=PLU3_fvoJ1GyMStiA29z37DUPtG47PvOJz&index=134,9,18,430,558430,558,0,410359,1.360832832,410359,1.360832832,-0.0019,0.5852,4,170.6420,256.1082,256.1082,4.42119,,,,,,,,,,,,,,,,,,,,,,,,,30Â DecÂ '99,,,,,,,,,,,,,,,,,,,,,,,,,,,,,,--,,,,,,,,,,,,,,,,,,,,,,,,,,,
ðºð¸,Reignex,0,0,9:18.705,9:18.705,14 Oct 2023,929,(U),unknown,12,Yes,https://www.youtube.com/watch?v=4FF1nTxjHGU,9,18,705,558705,559,1,410359,1.361502977,465828,1.199380458,-0.0019,0.1712,4,82.7178,446.4145,254.3776,4.43611,,,,,,,,,,,,,,,,,,,,,,,,,30Â DecÂ '99,,,,,,,,,,,,,,,,,,,,,,,,,,,,,,--,,,,,,,,,,,,,,,,,,,,,,,,,,,
ðµð±,okshey,0,0,9:15.055,9:18.727,18 Oct 2025,194,(U),see video,,,https://www.youtube.com/watch?v=dMuMFmERlLs,9,18,727,558727,559,1,410359,1.361556588,410359,1.361556588,-0.0019,0.6917,4,201.2687,254.2394,254.2394,4.43730,,,,,,,,,,,,,,,,,,,,,,,,,30Â DecÂ '99,,,,,,,,,,,,,,,,,,,,,,,,,,,,,,,,,,,,,,,,,,,,,,,,,,,,,,,,,
ð¸ð°,NoFear1337,0,0,9:16.999,9:18.825,30 Dec 2023,852,(U),unknown,,,https://www.youtube.com/watch?v=LBJgput7Jd4&list=PLaTJSsRuu2UeeWabBBfNVWALvnefBoL2C&index=2,9,18,825,558825,559,1,410359,1.361795404,446254,1.252257683,-0.0019,0.1981,4,80.5730,368.1144,253.6240,4.44263,,,,,,,,,,,,,,,,,,,,,,,,,30Â DecÂ '99,,,,,,,,,,,,,,,,,,,,,,,,,,,,,,--,,,,,,,,,,,,,,,,,,,,,,,,,,,
ð¸ð°,NoFear1337,0,0,9:18.887,9:18.887,23 Jun 2024,676,(U),unknown,,,https://www.youtube.com/watch?v=07u83rRMp7g&list=PLaTJSsRuu2UeeWabBBfNVWALvnefBoL2C&index=10,9,18,887,558887,559,1,410359,1.361946491,421494,1.32596668,-0.0019,0.2768,4,89.5492,285.2458,253.2349,4.44601,,,,,,,,,,,,,,,,,,,,,,,,,30Â DecÂ '99,,,,,,,,,,,,,,,,,,,,,,,,,,,,,,--,,,,,,,,,,,,,,,,,,,,,,,,,,,
ð¹ð·,ulsahin,0,1,9:11.907,9:18.901,22 Oct 2022,1286,(V),-9175405862479286955,01,Yes,https://www.speedrun.com/mc/run/yw62x49m,9,18,901,558901,559,1,410359,1.361980607,517884,1.079201134,-0.0019,0.0869,4,64.0376,712.5270,253.1471,4.44677,,,,,,,,,,,,,,,,,,,,,,,,,30Â DecÂ '99,,,,,,,,,,,,,,,,,,,,,,,,,,,,,,--,,,,,,,,,,,,,,,,,,,,,,,,,,,
ð³ð´,skycrab1,0,0,9:17.770,9:18.915,05 Jul 2024,664,(U),9011816872477408016,,,https://www.youtube.com/watch?v=LWG_qoaOPj0&list=PLU3_fvoJ1GyMStiA29z37DUPtG47PvOJz&index=39,9,18,915,558915,559,1,410359,1.362014724,421494,1.326033111,-0.0019,0.2832,4,91.5960,285.0596,253.0593,4.44753,,,,,,,,,,,,,,,,,,,,,,,,,30Â DecÂ '99,,,,,,,,,,,,,,,,,,,,,,,,,,,,,,--,,,,,,,,,,,,,,,,,,,,,,,,,,,
ð©ð°,Bloopy,0,0,9:18.948,9:19.201,15 May 2024,715,(U),-4253594903097616882,,,https://www.youtube.com/watch?v=phM9zY5QURA,9,19,201,559201,559,0,410359,1.362711674,421494,1.32671165,-0.0019,0.2570,4,82.9669,283.1605,251.2685,4.46313,,,,,,,,,,,,,,,,,,,,,,,,,30Â DecÂ '99,,,,,,,,,,,,,,,,,,,,,,,,,,,,,,--,,,,,,,,,,,,,,,,,,,,,,,,,,,
ð¸ð°,NoFear1337,0,0,9:20.067,9:20.067,17 Mar 2024,774,(U),unknown,,,https://www.youtube.com/watch?v=wx_CPxzxwnY&list=PLaTJSsRuu2UeeWabBBfNVWALvnefBoL2C&index=7,9,20,67,560067,560,0,410359,1.364822022,421494,1.328766246,-0.0019,0.2298,4,73.7110,277.4388,245.8782,4.51065,,,,,,,,,,,,,,,,,,,,,,,,,30Â DecÂ '99,,,,,,,,,,,,,,,,,,,,,,,,,,,,,,--,,,,,,,,,,,,,,,,,,,,,,,,,,,
ð©ð°,Bloopy,0,0,9:20.313,9:20.313,14 Sep 2024,593,(U),1197606622777508367,,,https://www.youtube.com/watch?v=uvKQQ_wiAXU,9,20,313,560313,560,0,410359,1.365421497,421494,1.329349884,-0.0019,0.3241,4,103.7823,275.8215,244.3560,4.52422,,,,,,,,,,,,,,,,,,,,,,,,,30Â DecÂ '99,,,,,,,,,,,,,,,,,,,,,,,,,,,,,,--,,,,,,,,,,,,,,,,,,,,,,,,,,,
ð¸ð°,NoFear1337,0,1,9:20.103,9:20.564,05 Nov 2022,1272,(V),-04661894098057216280,,,https://www.speedrun.com/mc/runs/znq62l9z,9,20,564,560564,561,1,410359,1.366033156,517884,1.082412278,-0.0019,0.0892,4,64.9870,698.1068,242.8070,4.53812,,,,,,,,,,,,,,,,,,,,,,,,,30Â DecÂ '99,,,,,,,,,,,,,,,,,,,,,,,,,,,,,,--,,,,,,,,,,,,,,,,,,,,,,,,,,,
ð³ð´,skycrab1,0,0,9:21.103,9:21.103,20 Sep 2025,222,(U),see video,,,https://www.youtube.com/watch?v=GHKDc6d-Fes&list=PLU3_fvoJ1GyMStiA29z37DUPtG47PvOJz&index=140,9,21,103,561103,561,0,410359,1.36734664,410359,1.36734664,-0.0019,0.6559,4,187.6290,239.4949,239.4949,4.56807,,,,,,,,,,,,,,,,,,,,,,,,,30Â DecÂ '99,,,,,,,,,,,,,,,,,,,,,,,,,,,,,,--,,,,,,,,,,,,,,,,,,,,,,,,,,,
ðºð¸,doogile,0,0,9:20.519,9:21.114,10 Dec 2023,872,(U),-3029852224010085717,,,https://www.youtube.com/watch?v=ddJ5zdyslbw,9,21,114,561114,561,0,410359,1.367373446,446254,1.257387049,-0.0019,0.1907,4,76.3106,351.2023,239.4275,4.56869,,,,,,,,,,,,,,,,,,,,,,,,,30Â DecÂ '99,,,,,,,,,,,,,,,,,,,,,,,,,,,,,,--,,,,,,,,,,,,,,,,,,,,,,,,,,,
ðºð¸,doogile,0,1,9:18.601,9:21.223,31 Aug 2022,1338,(V),-926914523663257060,,,https://www.speedrun.com/mc/runs/znq7rllz,9,21,223,561223,561,0,410359,1.367639067,517884,1.083684763,-0.0019,0.0787,4,57.0591,692.3521,238.7602,4.57477,,,,,,,,,,,,,,,,,,,,,,,,,30Â DecÂ '99,,,,,,,,,,,,,,,,,,,,,,,,,,,,,,--,,,,,,,,,,,,,,,,,,,,,,,,,,,
ðµð±,okshey,0,0,9:19.696,9:21.313,12 Jul 2025,292,(U),9087194925192302501,,,https://www.youtube.com/watch?v=YhRxM08p0zE,9,21,313,561313,561,0,410359,1.367858387,410359,1.367858387,-0.0019,0.5742,4,164.0170,238.2099,238.2099,4.57979,,,,,,,,,,,,,,,,,,,,,,,,,30Â DecÂ '99,,,,,,,,,,,,,,,,,,,,,,,,,,,,,,,,,,,,,,,,,,,,,,,,,,,,,,,,,
ðºð¸,doogile,0,0,9:18.200,9:21.657,13 Oct 2023,930,(U),5505825860127473867,,,https://www.youtube.com/watch?v=ePu9GV9eOKA,9,21,657,561657,562,1,410359,1.368696678,465828,1.205717561,-0.0019,0.1708,4,80.8387,423.0072,236.1113,4.59905,,,,,,,,,,,,,,,,,,,,,,,,,30Â DecÂ '99,,,,,,,,,,,,,,,,,,,,,,,,,,,,,,--,,,,,,,,,,,,,,,,,,,,,,,,,,,
ð³ð´,skycrab1,0,0,9:21.700,9:21.700,18 Nov 2024,528,(U),4892185153542737576,,,https://www.youtube.com/watch?v=ZDMheI2JkhE&list=PLU3_fvoJ1GyMStiA29z37DUPtG47PvOJz&index=95,9,21,700,561700,562,1,410359,1.368801464,421494,1.33264056,-0.0019,0.3667,4,116.2689,266.7707,235.8496,4.60146,,,,,,,,,,,,,,,,,,,,,,,,,30Â DecÂ '99,,,,,,,,,,,,,,,,,,,,,,,,,,,,,,--,,,,,,,,,,,,,,,,,,,,,,,,,,,
ð³ð´,skycrab1,0,0,9:21.933,9:21.933,21 Oct 2024,556,(U),-5604599059233679142,,,https://www.youtube.com/watch?v=IfSVkk_BYyI&list=PLU3_fvoJ1GyMStiA29z37DUPtG47PvOJz&index=87,9,21,933,561933,562,1,410359,1.36936926,421494,1.333193355,-0.0019,0.3477,4,110.0623,265.2619,234.4335,4.61455,,,,,,,,,,,,,,,,,,,,,,,,,30Â DecÂ '99,,,,,,,,,,,,,,,,,,,,,,,,,,,,,,--,,,,,,,,,,,,,,,,,,,,,,,,,,,
ð¸ð°,NoFear1337,0,0,9:22.270,9:22.270,06 Dec 2023,876,(U),unknown,,,https://www.youtube.com/watch?v=4AiI-9WGRVg,9,22,270,562270,562,0,410359,1.370190492,465828,1.207033497,-0.0019,0.1893,4,89.1832,418.1681,232.3920,4.63353,,,,,,,,,,,,,,,,,,,,,,,,,30Â DecÂ '99,,,,,,,,,,,,,,,,,,,,,,,,,,,,,,--,,,,,,,,,,,,,,,,,,,,,,,,,,,
ð¨ð¦,Aquacorde,0,0,9:22.481,9:22.481,26 May 2024,704,(U),2029778823013494560,,,https://www.youtube.com/watch?v=A__tIzZKmi4,9,22,481,562481,562,0,410359,1.370704676,421494,1.334493492,-0.0019,0.2625,4,82.7603,261.7268,231.1178,4.64545,,,,,,,,,,,,,,,,,,,,,,,,,30Â DecÂ '99,,,,,,,,,,,,,,,,,,,,,,,,,,,,,,--,,,,,,,,,,,,,,,,,,,,,,,,,,,
ð¨ð¦,Aquacorde,0,0,9:22.502,9:22.502,07 Jun 2025,327,(U),-803046318085136033,,,https://www.youtube.com/watch?v=XDNtWhu2Vbk,9,22,502,562502,563,1,410359,1.37075585,421494,1.334543315,-0.0019,0.5372,4,169.3722,261.5917,230.9912,4.64664,,,,,,,,,,,,,,,,,,,,,,,,,30Â DecÂ '99,,,,,,,,,,,,,,,,,,,,,,,,,,,,,,--,,,,,,,,,,,,,,,,,,,,,,,,,,,
ð¨ð¦,Aquacorde,0,0,9:22.630,9:22.919,24 Jun 2025,310,(U),-731369506168980347,,,https://www.youtube.com/watch?v=JWt0HXHpP90,9,22,919,562919,563,1,410359,1.371772034,410359,1.371772034,-0.0019,0.5549,4,156.7014,228.4829,228.4829,4.67029,,,,,,,,,,,,,,,,,,,,,,,,,30Â DecÂ '99,,,,,,,,,,,,,,,,,,,,,,,,,,,,,,--,,,,,,,,,,,,,,,,,,,,,,,,,,,
ðºð¸,meebie,0,0,9:22.696,9:23.114,24 Dec 2023,858,(U),-915907836254045753,06,Yes,https://www.youtube.com/watch?v=Dr2HLNRqUNg,9,23,114,563114,563,0,410359,1.372247227,446254,1.261868801,-0.0019,0.1959,4,77.2603,336.5998,227.3142,4.68138,,,,,,,,,,,,,,,,,,,,,,,,,30Â DecÂ '99,,,,,,,,,,,,,,,,,,,,,,,,,,,,,,--,,,,,,,,,,,,,,,,,,,,,,,,,,,
ð¸ð°,NoFear1337,0,0,9:23.530,9:23.530,09 Sep 2024,598,(U),unknown,,,https://www.youtube.com/watch?v=LcP3_KsnQBU&list=PLaTJSsRuu2UeeWabBBfNVWALvnefBoL2C&index=13,9,23,530,563530,564,1,410359,1.373260974,421494,1.336982258,-0.0019,0.3210,4,100.4736,255.0133,224.8301,4.70513,,,,,,,,,,,,,,,,,,,,,,,,,30Â DecÂ '99,,,,,,,,,,,,,,,,,,,,,,,,,,,,,,--,,,,,,,,,,,,,,,,,,,,,,,,,,,
ð«ð®,AndrewCrow,0,0,9:22.604,9:23.535,21 Apr 2025,374,(U),unknown,,,https://www.youtube.com/watch?v=5q8FW1Ippp0,9,23,535,563535,564,1,410359,1.373273158,421494,1.336994121,-0.0019,0.4913,4,153.7703,254.9815,224.8003,4.70541,,,,,,,,,,,,,,,,,,,,,,,,,30Â DecÂ '99,,,,,,,,,,,,,,,,,,,,,,,,,,,,,,,,,,,,,,,,,,,,,,,,,,,,,,,,,
ð¨ð¦,Aquacorde,0,0,9:22.799,9:23.620,20 Jun 2025,314,(U),-4713042810041071084,,,https://www.youtube.com/watch?v=tUPPN8xWm5Q,9,23,620,563620,564,1,410359,1.373480294,410359,1.373480294,-0.0019,0.5507,4,154.7427,224.2943,224.2943,4.71028,,,,,,,,,,,,,,,,,,,,,,,,,30Â DecÂ '99,,,,,,,,,,,,,,,,,,,,,,,,,,,,,,--,,,,,,,,,,,,,,,,,,,,,,,,,,,
ð³ð´,skycrab1,0,0,9:23.687,9:23.687,03 Oct 2024,574,(U),-7384765236082352690,,,https://www.youtube.com/watch?v=F1V1bKWF_BA&list=PLU3_fvoJ1GyMStiA29z37DUPtG47PvOJz&index=74,9,23,687,563687,564,1,410359,1.373643566,421494,1.337354743,-0.0019,0.3360,4,105.0442,254.0147,223.8958,4.71411,,,,,,,,,,,,,,,,,,,,,,,,,30Â DecÂ '99,,,,,,,,,,,,,,,,,,,,,,,,,,,,,,--,,,,,,,,,,,,,,,,,,,,,,,,,,,
ð³ð´,skycrab1,0,0,9:23.710,9:23.710,05 Sep 2024,602,(U),9087246093674379559,,,https://www.youtube.com/watch?v=4u3juUdWOrY&list=PLU3_fvoJ1GyMStiA29z37DUPtG47PvOJz&index=64,9,23,710,563710,564,1,410359,1.373699614,421494,1.337409311,-0.0019,0.3186,4,99.5856,253.8686,223.7590,4.71543,,,,,,,,,,,,,,,,,,,,,,,,,30Â DecÂ '99,,,,,,,,,,,,,,,,,,,,,,,,,,,,,,--,,,,,,,,,,,,,,,,,,,,,,,,,,,
ð¸ð°,NoFear1337,0,1,9:22.527,9:23.863,20 Aug 2022,1349,(V),-6071912128039465735,,,https://www.speedrun.com/mc/runs/y4x2xndz,9,23,863,563863,564,1,410359,1.374072459,517884,1.08878243,-0.0019,0.0771,4,54.8397,669.0869,222.8505,4.72421,,,,,,,,,,,,,,,,,,,,,,,,,30Â DecÂ '99,,,,,,,,,,,,,,,,,,,,,,,,,,,,,,--,,,,,,,,,,,,,,,,,,,,,,,,,,,
ð©ð°,Bloopy,0,0,9:23.928,9:23.928,28 Nov 2024,518,(U),-2126051371963399188,,,https://www.youtube.com/watch?v=Q0HBLIfoV5A,9,23,928,563928,564,1,410359,1.374230856,421494,1.337926519,-0.0019,0.3737,4,116.6375,252.4850,222.4651,4.72794,,,,,,,,,,,,,,,,,,,,,,,,,30Â DecÂ '99,,,,,,,,,,,,,,,,,,,,,,,,,,,,,,--,,,,,,,,,,,,,,,,,,,,,,,,,,,
ðºð¸,doogile,0,0,9:23.427,9:24.091,02 Mar 2024,789,(U),-1696208169374363336,,,https://www.youtube.com/watch?v=dGmT4jJ31yM,9,24,91,564091,564,0,410359,1.37462807,421494,1.338313238,-0.0019,0.2233,4,69.6174,251.4526,221.4998,4.73731,,,,,,,,,,,,,,,,,,,,,,,,,30Â DecÂ '99,,,,,,,,,,,,,,,,,,,,,,,,,,,,,,--,,,,,,,,,,,,,,,,,,,,,,,,,,,
ð³ð´,skycrab1,0,0,9:24.105,9:24.105,15 Jan 2025,470,(U),3842162755449251697,,,https://www.youtube.com/watch?v=XO9rgYbn6Bw&list=PLU3_fvoJ1GyMStiA29z37DUPtG47PvOJz&index=108,9,24,105,564105,564,0,410359,1.374662186,421494,1.338346453,-0.0019,0.4094,4,127.6147,251.3640,221.4170,4.73812,,,,,,,,,,,,,,,,,,,,,,,,,30Â DecÂ '99,,,,,,,,,,,,,,,,,,,,,,,,,,,,,,--,,,,,,,,,,,,,,,,,,,,,,,,,,,
ðºð¸,doogile,0,0,9:22.116,9:24.247,24 Mar 2025,402,(U),-6047098650778031938,,,https://www.youtube.com/watch?v=NN8rfsl5mJo,9,24,247,564247,564,0,410359,1.375008225,421494,1.33868335,-0.0019,0.4659,4,145.0689,250.4662,220.5778,4.74630,,,,,,,,,,,,,,,,,,,,,,,,,30Â DecÂ '99,,,,,,,,,,,,,,,,,,,,,,,,,,,,,,--,,,,,,,,,,,,,,,,,,,,,,,,,,,
ð¨ð¦,Aquacorde,0,0,9:24.529,9:24.529,18 Jul 2025,286,(U),-9197658143197340999,,,https://www.youtube.com/watch?v=LeAZ9kcT4ks,9,24,529,564529,565,1,410359,1.375695428,410359,1.375695428,-0.0019,0.5808,4,162.1493,218.9157,218.9157,4.76258,,,,,,,,,,,,,,,,,,,,,,,,,30Â DecÂ '99,,,,,,,,,,,,,,,,,,,,,,,,,,,,,,--,,,,,,,,,,,,,,,,,,,,,,,,,,,
ðµð±,watermelon1708,0,0,9:24.119,9:24.537,14 Sep 2025,228,(U),unknown,,,https://www.youtube.com/watch?v=Y6Sokcc9jqc,9,24,537,564537,565,1,410359,1.375714923,410359,1.375714923,-0.0019,0.6484,4,181.0297,218.8686,218.8686,4.76304,,,,,,,,,,,,,,,,,,,,,,,,,30Â DecÂ '99,,,,,,,,,,,,,,,,,,,,,,,,,,,,,,--,,,,,,,,,,,,,,,,,,,,,,,,,,,
ð¸ð°,NoFear1337,0,0,9:23.488,9:24.567,01 Jul 2023,1034,(U),unknown,,,https://www.youtube.com/watch?v=PuoZym6BBOw,9,24,567,564567,565,1,410359,1.37578803,465828,1.211964502,-0.0019,0.1402,4,64.9868,400.1192,218.6921,4.76477,,,,,,,,,,,,,,,,,,,,,,,,,30Â DecÂ '99,,,,,,,,,,,,,,,,,,,,,,,,,,,,,,--,,,,,,,,,,,,,,,,,,,,,,,,,,,
ðºð¸,doogile,0,0,9:23.811,9:24.766,15 May 2023,1081,(U),8584643897871750893,,,https://www.youtube.com/watch?v=JGxZAVwLpq0,9,24,766,564766,565,1,410359,1.376272971,465828,1.212391698,-0.0019,0.1282,4,59.3514,398.5625,217.5233,4.77630,,,,,,,,,,,,,,,,,,,,,,,,,30Â DecÂ '99,,,,,,,,,,,,,,,,,,,,,,,,,,,,,,--,,,,,,,,,,,,,,,,,,,,,,,,,,,
ðºð¸,meebie,0,0,9:25.282,9:25.282,30 Mar 2024,761,(U),unknown,,,https://www.youtube.com/watch?v=H78JhqT_JAE&list=PLaTJSsRuu2Ufk7cX7bUTt9V-IJxa8wqSM&index=12,9,25,282,565282,565,0,410359,1.377530406,421494,1.341138901,-0.0019,0.2355,4,72.8046,243.9634,214.5062,4.80629,,,,,,,,,,,,,,,,,,,,,,,,,30Â DecÂ '99,,,,,,,,,,,,,,,,,,,,,,,,,,,,,,--,,,,,,,,,,,,,,,,,,,,,,,,,,,
ð¸ð°,NoFear1337,0,0,9:25.453,9:25.453,01 Jul 2023,1034,(U),unknown,,,https://www.youtube.com/watch?v=5J0MBJD0At4,9,25,453,565453,565,0,410359,1.377947115,465828,1.213866491,-0.0019,0.1402,4,64.5805,393.1976,213.5107,4.81626,,,,,,,,,,,,,,,,,,,,,,,,,30Â DecÂ '99,,,,,,,,,,,,,,,,,,,,,,,,,,,,,,--,,,,,,,,,,,,,,,,,,,,,,,,,,,
ð¨ð¦,Aquacorde,0,0,9:24.313,9:25.637,26 Sep 2024,581,(U),8823111015249469125,,,https://www.youtube.com/watch?v=9xLUevZxPBM,9,25,637,565637,566,1,410359,1.378395502,421494,1.341981143,-0.0019,0.3316,4,102.2343,241.7498,212.4420,4.82701,,,,,,,,,,,,,,,,,,,,,,,,,30Â DecÂ '99,,,,,,,,,,,,,,,,,,,,,,,,,,,,,,--,,,,,,,,,,,,,,,,,,,,,,,,,,,
ðºð¸,doogile,0,0,9:26.244,9:26.244,08 Jul 2024,661,(U),-6098241121848454577,,,https://www.youtube.com/watch?v=yjRzgyThepc,9,26,244,566244,566,0,410359,1.379874695,421494,1.343421259,-0.0019,0.2848,4,87.4421,237.9855,208.9346,4.86264,,,,,,,,,,,,,,,,,,,,,,,,,30Â DecÂ '99,,,,,,,,,,,,,,,,,,,,,,,,,,,,,,--,,,,,,,,,,,,,,,,,,,,,,,,,,,
ð³ð´,skycrab1,0,0,9:26.342,9:26.342,29 Nov 2024,517,(U),-573879670804358217,,,https://www.youtube.com/watch?v=ljKL-oDGeS4&list=PLU3_fvoJ1GyMStiA29z37DUPtG47PvOJz&index=100,9,26,342,566342,566,0,410359,1.38011351,421494,1.343653765,-0.0019,0.3744,4,114.8796,237.3801,208.3710,4.86841,,,,,,,,,,,,,,,,,,,,,,,,,30Â DecÂ '99,,,,,,,,,,,,,,,,,,,,,,,,,,,,,,--,,,,,,,,,,,,,,,,,,,,,,,,,,,
ð¸ð°,NoFear1337,0,0,9:25.778,9:26.417,11 Jun 2025,323,(U),unknown,,,https://www.youtube.com/watch?v=oA02Os8avDY,9,26,417,566417,566,0,410359,1.380296277,421494,1.343831703,-0.0019,0.5413,4,165.9946,236.9173,207.9401,4.87283,,,,,,,,,,,,,,,,,,,,,,,,,30Â DecÂ '99,,,,,,,,,,,,,,,,,,,,,,,,,,,,,,--,,,,,,,,,,,,,,,,,,,,,,,,,,,
ð«ð®,AndrewCrow,0,0,9:25.617,9:26.432,26 Mar 2025,400,(U),unknown,,,https://www.youtube.com/watch?v=P0dZdFlev4k,9,26,432,566432,566,0,410359,1.380332831,421494,1.343867291,-0.0019,0.4677,4,143.3873,236.8248,207.8540,4.87372,,,,,,,,,,,,,,,,,,,,,,,,,30Â DecÂ '99,,,,,,,,,,,,,,,,,,,,,,,,,,,,,,,,,,,,,,,,,,,,,,,,,,,,,,,,,
ð¨ð¦,silverr,0,0,9:26.582,9:26.582,20 Nov 2022,1257,(U),1572653948546520317,15,No,https://www.youtube.com/watch?v=144OjtguCG0,9,26,582,566582,567,1,410359,1.380698364,495537,1.143369718,-0.0019,0.0918,4,53.7066,519.8753,206.9937,4.88257,,,,,,,,,,,,,,,,,,,,,,,,,30Â DecÂ '99,,,,,,,,,,,,,,,,,,,,,,,,,,,,,,--,,,,,,,,,,,,,,,,,,,,,,,,,,,
ð³ð´,skycrab1,0,0,9:25.953,9:26.605,16 Jun 2024,683,(U),4052163355630291928,,,https://www.youtube.com/watch?v=5UOYqMnbR5Q&list=PLU3_fvoJ1GyMStiA29z37DUPtG47PvOJz&index=33,9,26,605,566605,567,1,410359,1.380754413,421494,1.344277736,-0.0019,0.2732,4,83.6489,235.7590,206.8620,4.88393,,,,,,,,,,,,,,,,,,,,,,,,,30Â DecÂ '99,,,,,,,,,,,,,,,,,,,,,,,,,,,,,,--,,,,,,,,,,,,,,,,,,,,,,,,,,,
ð¹ð¿,Kxpow,0,0,9:23.950,9:27.626,29 Oct 2023,914,(U),-6876585563479815399,09,Yes,https://www.youtube.com/watch?v=cSA8vjfDlfU,9,27,626,567626,568,1,410359,1.383242478,465828,1.218531303,-0.0019,0.1761,4,79.8836,376.3324,201.0545,4.94460,,,,,,,,,,,,,,,,,,,,,,,,,30Â DecÂ '99,,,,,,,,,,,,,,,,,,,,,,,,,,,,,,--,,,,,,,,,,,,,,,,,,,,,,,,,,,
ðºð¸,doogile,0,0,9:27.915,9:27.915,24 Mar 2025,402,(U),-5268124447019689631,,,https://www.youtube.com/watch?v=uCE8j5wqBaA,9,27,915,567915,568,1,410359,1.383946739,421494,1.347385728,-0.0019,0.4659,4,141.3573,227.7584,199.4254,4.96190,,,,,,,,,,,,,,,,,,,,,,,,,30Â DecÂ '99,,,,,,,,,,,,,,,,,,,,,,,,,,,,,,--,,,,,,,,,,,,,,,,,,,,,,,,,,,
ð³ð´,skycrab1,0,0,9:28.206,9:28.206,22 Jul 2025,282,(U),unknown,,,https://www.youtube.com/watch?v=ENH9wNoiQAo&list=PLU3_fvoJ1GyMStiA29z37DUPtG47PvOJz&index=135,9,28,206,568206,568,0,410359,1.384655874,410359,1.384655874,-0.0019,0.5852,4,159.1980,197.7916,197.7916,4.97936,,,,,,,,,,,,,,,,,,,,,,,,,30Â DecÂ '99,,,,,,,,,,,,,,,,,,,,,,,,,,,,,,--,,,,,,,,,,,,,,,,,,,,,,,,,,,
ð³ð´,skycrab1,0,0,9:28.538,9:28.538,25 Dec 2025,126,(U),1919295731799192555,,,https://www.youtube.com/watch?v=1c-F687nKas&list=PLU3_fvoJ1GyMStiA29z37DUPtG47PvOJz&index=105,9,28,538,568538,569,1,410359,1.385464922,410359,1.385464922,-0.0019,0.7871,4,213.6229,195.9359,195.9359,4.99935,,,,,,,,,,,,,,,,,,,,,,,,,30Â DecÂ '99,,,,,,,,,,,,,,,,,,,,,,,,,,,,,,--,,,,,,,,,,,,,,,,,,,,,,,,,,,
ð¨ð¦,Aquacorde,0,0,9:28.545,9:28.545,28 May 2025,337,(U),8276441451627221996,,,https://www.youtube.com/watch?v=qGEzygjg50o,9,28,545,568545,569,1,410359,1.38548198,421494,1.348880411,-0.0019,0.5271,4,159.2309,223.9556,195.8968,4.99978,,,,,,,,,,,,,,,,,,,,,,,,,30Â DecÂ '99,,,,,,,,,,,,,,,,,,,,,,,,,,,,,,--,,,,,,,,,,,,,,,,,,,,,,,,,,,
ð¨ð¦,Aquacorde,0,0,9:28.680,9:28.680,25 Jun 2025,309,(U),-1610154249394651609,,,https://www.youtube.com/watch?v=SsOvlZxk2S0,9,28,680,568680,569,1,410359,1.385810961,410359,1.385810961,-0.0019,0.5559,4,150.7335,195.1448,195.1448,5.00793,,,,,,,,,,,,,,,,,,,,,,,,,30Â DecÂ '99,,,,,,,,,,,,,,,,,,,,,,,,,,,,,,--,,,,,,,,,,,,,,,,,,,,,,,,,,,
ð¬ð§,priffie,0,1,9:28.626,9:29.199,08 Apr 2023,1118,(V),-7240688859963036907,12,Yes,https://www.speedrun.com/mc/run/y804n81m,9,29,199,569199,569,0,410359,1.387075707,465828,1.221908086,-0.0019,0.1195,4,53.6189,364.2344,192.2673,5.03937,,,,,,,,,,,,,,,,,,,,,,,,,30Â DecÂ '99,,,,,,,,,,,,,,,,,,,,,,,,,,,,,,--,,,,,,,,,,,,,,,,,,,,,,,,,,,
ðºð¸,Zylenox,0,0,9:23.337,9:29.349,21 Apr 2023,1105,(U),-9047486339153673349,12,Yes,https://www.youtube.com/watch?v=YnxRG1jCZTA,9,29,349,569349,569,0,410359,1.38744124,465828,1.222230094,-0.0019,0.1225,4,54.9018,363.0861,191.4396,5.04848,,,,,,,,,,,,,,,,,,,,,,,,,30Â DecÂ '99,,,,,,,,,,,,,,,,,,,,,,,,,,,,,,--,,,,,,,,,,,,,,,,,,,,,,,,,,,
ðºð¸,doogile,0,0,9:28.970,9:29.443,26 Apr 2024,734,(U),-2635465260695469451,,,https://docs.google.com/spreadsheets/d/1zgmOYJBULyHLqs9lGB6-cO4QhRoJdgOpd9WpUWpILYo/edit?gid=1452671563#gid=1452671563,9,29,443,569443,569,0,410359,1.387670308,421494,1.351010928,-0.0019,0.2479,4,74.4213,218.5864,190.9219,5.05421,,,,,,,,,,,,,,,,,,,,,,,,,30Â DecÂ '99,,,,,,,,,,,,,,,,,,,,,,,,,,,,,,--,,,,,,,,,,,,,,,,,,,,,,,,,,,
ð³ð´,skycrab1,0,0,9:26.981,9:29.598,07 May 2024,723,(U),unknown,,,https://www.youtube.com/watch?v=HE41uYZ0V0c&list=PLU3_fvoJ1GyMStiA29z37DUPtG47PvOJz&index=18,9,29,598,569598,570,1,410359,1.388048026,421494,1.351378667,-0.0019,0.2532,4,75.9104,217.6658,190.0697,5.06365,,,,,,,,,,,,,,,,,,,,,,,,,30Â DecÂ '99,,,,,,,,,,,,,,,,,,,,,,,,,,,,,,--,,,,,,,,,,,,,,,,,,,,,,,,,,,
ð³ð´,skycrab1,0,0,9:27.107,9:29.673,13 Aug 2024,625,(U),-3946489265844514970,,,https://www.youtube.com/watch?v=M5EHSGhejt8&list=PLU3_fvoJ1GyMStiA29z37DUPtG47PvOJz&index=52,9,29,673,569673,570,1,410359,1.388230793,421494,1.351556606,-0.0019,0.3050,4,91.3983,217.2211,189.6581,5.06823,,,,,,,,,,,,,,,,,,,,,,,,,30Â DecÂ '99,,,,,,,,,,,,,,,,,,,,,,,,,,,,,,--,,,,,,,,,,,,,,,,,,,,,,,,,,,
ð©ð°,Bloopy,0,0,9:29.719,9:29.719,04 May 2024,726,(U),2537181557128625381,,,https://www.youtube.com/watch?v=rmm0JiGtxuA,9,29,719,569719,570,1,410359,1.38834289,421494,1.351665741,-0.0019,0.2517,4,75.4149,216.9485,189.4059,5.07104,,,,,,,,,,,,,,,,,,,,,,,,,30Â DecÂ '99,,,,,,,,,,,,,,,,,,,,,,,,,,,,,,--,,,,,,,,,,,,,,,,,,,,,,,,,,,
ð©ð°,Bloopy,0,0,9:29.416,9:29.779,21 Sep 2024,586,(U),-4222360412448811712,,,https://www.youtube.com/watch?v=mWQwmeDz0b8,9,29,779,569779,570,1,410359,1.388489103,421494,1.351808092,-0.0019,0.3284,4,98.3550,216.5932,189.0771,5.07471,,,,,,,,,,,,,,,,,,,,,,,,,30Â DecÂ '99,,,,,,,,,,,,,,,,,,,,,,,,,,,,,,--,,,,,,,,,,,,,,,,,,,,,,,,,,,
ð¸ð°,NoFear1337,0,0,9:28.431,9:29.817,17 Jan 2024,834,(U),unknown,,,https://www.youtube.com/watch?v=2cTYxX1bq7o&list=PLaTJSsRuu2UeeWabBBfNVWALvnefBoL2C&index=4,9,29,817,569817,570,1,410359,1.388581705,421494,1.351898248,-0.0019,0.2050,4,61.3820,216.3683,188.8691,5.07703,,,,,,,,,,,,,,,,,,,,,,,,,30Â DecÂ '99,,,,,,,,,,,,,,,,,,,,,,,,,,,,,,--,,,,,,,,,,,,,,,,,,,,,,,,,,,
ðºð¸,doogile,0,0,9:27.467,9:29.905,19 Oct 2022,1289,(U),-6120632814765297894,,,https://www.youtube.com/watch?v=KngO-bBQ6z0,9,29,905,569905,570,1,410359,1.388796152,517884,1.100449135,-0.0019,0.0864,4,58.8965,614.7865,188.3877,5.08241,,,,,,,,,,,,,,,,,,,,,,,,,30Â DecÂ '99,,,,,,,,,,,,,,,,,,,,,,,,,,,,,,--,,,,,,,,,,,,,,,,,,,,,,,,,,,
ð³ð´,skycrab1,0,0,9:29.936,9:29.936,24 Sep 2024,583,(U),-5978876616461348700,,,https://www.youtube.com/watch?v=lNwP-AfLpC4&list=PLU3_fvoJ1GyMStiA29z37DUPtG47PvOJz&index=73,9,29,936,569936,570,1,410359,1.388871695,421494,1.352180577,-0.0019,0.3303,4,98.8083,215.6648,188.2183,5.08431,,,,,,,,,,,,,,,,,,,,,,,,,30Â DecÂ '99,,,,,,,,,,,,,,,,,,,,,,,,,,,,,,--,,,,,,,,,,,,,,,,,,,,,,,,,,,
ðºð¸,Zylenox,0,0,9:26.907,9:30.104,25 Sep 2023,948,(U),unknown,,,https://www.youtube.com/watch?v=-xiJj1JVujk,9,30,104,570104,570,0,410359,1.389281093,465828,1.223850863,-0.0019,0.1651,4,73.5927,357.3207,187.3015,5.09460,,,,,,,,,,,,,,,,,,,,,,,,,30Â DecÂ '99,,,,,,,,,,,,,,,,,,,,,,,,,,,,,,--,,,,,,,,,,,,,,,,,,,,,,,,,,,
ð«ð®,AndrewCrow,0,0,9:29.406,9:30.054,04 Jul 2025,300,(U),unknown,,,https://www.youtube.com/watch?v=vaF2tNGXMo4,9,30,54,570054,570,0,410359,1.389159248,410359,1.389159248,-0.0019,0.5655,4,151.8602,187.5741,187.5741,5.09154,,,,,,,,,,,,,,,,,,,,,,,,,30Â DecÂ '99,,,,,,,,,,,,,,,,,,,,,,,,,,,,,,,,,,,,,,,,,,,,,,,,,,,,,,,,,
ðµð±,watermelon1708,0,0,9:30.313,9:30.785,08 Nov 2025,173,(U),unknown,,,https://www.youtube.com/watch?v=Pm6Yt1efFdU,9,30,785,570785,571,1,410359,1.390940615,410359,1.390940615,-0.0019,0.7199,4,192.3150,183.6087,183.6087,5.13651,,,,,,,,,,,,,,,,,,,,,,,,,30Â DecÂ '99,,,,,,,,,,,,,,,,,,,,,,,,,,,,,,--,,,,,,,,,,,,,,,,,,,,,,,,,,,
ðºð¸,doogile,0,0,9:30.866,9:30.866,14 Aug 2024,624,(U),-5785712557054868103,,,https://www.youtube.com/watch?v=IaJnBpkCYeE,9,30,866,570866,571,1,410359,1.391138004,421494,1.354387014,-0.0019,0.3056,4,90.8091,210.2044,183.1720,5.14152,,,,,,,,,,,,,,,,,,,,,,,,,30Â DecÂ '99,,,,,,,,,,,,,,,,,,,,,,,,,,,,,,--,,,,,,,,,,,,,,,,,,,,,,,,,,,
ð©ð°,Bloopy,0,0,9:30.985,9:30.985,23 Feb 2025,431,(U),4074137476637722037,,,https://www.youtube.com/watch?v=fidYadn3gaU,9,30,985,570985,571,1,410359,1.391427994,421494,1.354669343,-0.0019,0.4409,4,130.9251,209.5106,182.5314,5.14888,,,,,,,,,,,,,,,,,,,,,,,,,30Â DecÂ '99,,,,,,,,,,,,,,,,,,,,,,,,,,,,,,--,,,,,,,,,,,,,,,,,,,,,,,,,,,
ð¨ð¦,EvanKeen,0,1,9:28.162,9:31.118,19 May 2022,1442,(V),6318159047332790071,,,https://www.speedrun.com/mc/runs/z1pxrk7z,9,31,118,571118,571,0,410359,1.3917521,548820,1.040628986,-0.0019,0.0646,4,55.0727,814.3346,181.8169,5.15712,,,,,,,,,,,,,,,,,,,,,,,,,30Â DecÂ '99,,,,,,,,,,,,,,,,,,,,,,,,,,,,,,,,,,,,,,,,,,,,,,,,,,,,,,,,,
ð³ð´,skycrab1,0,0,9:30.274,9:31.319,16 Jun 2024,683,(U),1613878261208097476,,,https://www.youtube.com/watch?v=8s8EV_O6Ndk&list=PLU3_fvoJ1GyMStiA29z37DUPtG47PvOJz&index=32,9,31,319,571319,571,0,410359,1.392241915,421494,1.355461762,-0.0019,0.2732,4,80.9221,207.5692,180.7398,5.16959,,,,,,,,,,,,,,,,,,,,,,,,,30Â DecÂ '99,,,,,,,,,,,,,,,,,,,,,,,,,,,,,,--,,,,,,,,,,,,,,,,,,,,,,,,,,,
ð«ð®,AndrewCrow,0,0,9:31.244,9:31.377,28 Nov 2025,153,(U),unknown,,,https://www.youtube.com/watch?v=lKt9DvJSsdE,9,31,377,571377,571,0,410359,1.392383255,410359,1.392383255,-0.0019,0.7477,4,198.9369,180.4296,180.4296,5.17319,,,,,,,,,,,,,,,,,,,,,,,,,30Â DecÂ '99,,,,,,,,,,,,,,,,,,,,,,,,,,,,,,,,,,,,,,,,,,,,,,,,,,,,,,,,,
ðºð¸,doogile,0,0,9:29.751,9:32.126,10 May 2023,1086,(U),1251289617466531900,,,https://www.youtube.com/watch?v=y6WViu7_6NI,9,32,126,572126,572,0,410359,1.394208486,465828,1.228191521,-0.0019,0.1270,4,55.8229,342.0087,176.4491,5.21993,,,,,,,,,,,,,,,,,,,,,,,,,30Â DecÂ '99,,,,,,,,,,,,,,,,,,,,,,,,,,,,,,--,,,,,,,,,,,,,,,,,,,,,,,,,,,
ð³ð´,skycrab1,0,0,9:31.708,9:32.427,14 Jun 2024,685,(U),2235642990872806134,,,https://www.youtube.com/watch?v=TK7I7irT2Ig&list=PLU3_fvoJ1GyMStiA29z37DUPtG47PvOJz&index=30,9,32,427,572427,572,0,410359,1.39494199,421494,1.358090507,-0.0019,0.2721,4,79.9928,201.1921,174.8626,5.23882,,,,,,,,,,,,,,,,,,,,,,,,,30Â DecÂ '99,,,,,,,,,,,,,,,,,,,,,,,,,,,,,,--,,,,,,,,,,,,,,,,,,,,,,,,,,,
ðºð¸,doogile,0,0,9:32.194,9:32.494,25 May 2025,340,(U),-1725089180716272190,,,https://www.youtube.com/watch?v=wXXYlwLqc64,9,32,494,572494,572,0,410359,1.395105261,421494,1.358249465,-0.0019,0.5241,4,154.0024,200.8097,174.5105,5.24303,,,,,,,,,,,,,,,,,,,,,,,,,30Â DecÂ '99,,,,,,,,,,,,,,,,,,,,,,,,,,,,,,--,,,,,,,,,,,,,,,,,,,,,,,,,,,
ð¸ð°,NoFear1337,0,0,9:32.897,9:32.897,15 Dec 2023,867,(U),unknown,,,https://www.youtube.com/watch?v=SROkWtFTBvE,9,32,897,572897,573,1,410359,1.396087328,446254,1.283791294,-0.0019,0.1926,4,70.8939,268.1670,172.4007,5.26842,,,,,,,,,,,,,,,,,,,,,,,,,30Â DecÂ '99,,,,,,,,,,,,,,,,,,,,,,,,,,,,,,--,,,,,,,,,,,,,,,,,,,,,,,,,,,
ð³ð´,skycrab1,0,0,9:32.943,9:33.168,21 Oct 2025,191,(U),see video,,,https://www.youtube.com/watch?v=lHiL5mg3oA4&list=PLU3_fvoJ1GyMStiA29z37DUPtG47PvOJz&index=145,9,33,168,573168,573,0,410359,1.396747726,410359,1.396747726,-0.0019,0.6957,4,182.7775,170.9897,170.9897,5.28556,,,,,,,,,,,,,,,,,,,,,,,,,30Â DecÂ '99,,,,,,,,,,,,,,,,,,,,,,,,,,,,,,--,,,,,,,,,,,,,,,,,,,,,,,,,,,
ð¸ð°,NoFear1337,0,0,9:33.243,9:33.243,23 Jul 2025,281,(U),unknown,,,https://www.youtube.com/watch?v=Ucnbg8kATvI,9,33,243,573243,573,0,410359,1.396930493,410359,1.396930493,-0.0019,0.5863,4,153.9682,170.6003,170.6003,5.29031,,,,,,,,,,,,,,,,,,,,,,,,,30Â DecÂ '99,,,,,,,,,,,,,,,,,,,,,,,,,,,,,,--,,,,,,,,,,,,,,,,,,,,,,,,,,,
ðµð±,watermelon1708,0,0,9:33.249,9:33.249,20 Nov 2025,161,(U),unknown,,,https://www.youtube.com/watch?v=FIQZdzOU1z0,9,33,249,573249,573,0,410359,1.396945114,410359,1.396945114,-0.0019,0.7365,4,193.3891,170.5692,170.5692,5.29069,,,,,,,,,,,,,,,,,,,,,,,,,30Â DecÂ '99,,,,,,,,,,,,,,,,,,,,,,,,,,,,,,--,,,,,,,,,,,,,,,,,,,,,,,,,,,
ð¨ð¦,Aquacorde,0,0,9:33.414,9:33.414,14 Jul 2025,290,(U),3745240715930610868,,,https://www.youtube.com/watch?v=irG5odl9FWc,9,33,414,573414,573,0,410359,1.397347201,410359,1.397347201,-0.0019,0.5764,4,151.1772,169.7143,169.7143,5.30116,,,,,,,,,,,,,,,,,,,,,,,,,30Â DecÂ '99,,,,,,,,,,,,,,,,,,,,,,,,,,,,,,--,,,,,,,,,,,,,,,,,,,,,,,,,,,
ðºð¦,loodlow,0,1,9:31.417,9:34.074,03 Jan 2024,848,(V),223037202453904849,,,https://www.speedrun.com/mc/runs/y8kod21y,9,34,74,574074,574,0,410359,1.398955549,446254,1.286428805,-0.0019,0.1996,4,72.8990,260.3327,166.3178,5.34321,,,,,,,,,,,,,,,,,,,,,,,,,30Â DecÂ '99,,,,,,,,,,,,,,,,,,,,,,,,,,,,,,--,,,,,,,,,,,,,,,,,,,,,,,,,,,
ð³ð´,skycrab1,0,0,9:31.539,9:34.051,05 Feb 2024,815,(U),unknown,,,https://www.youtube.com/watch?v=7WaCloKkkXQ&list=PLU3_fvoJ1GyMStiA29z37DUPtG47PvOJz&index=8,9,34,51,574051,574,0,410359,1.3988995,421494,1.361943468,-0.0019,0.2126,4,61.7815,192.0246,166.4356,5.34174,,,,,,,,,,,,,,,,,,,,,,,,,30Â DecÂ '99,,,,,,,,,,,,,,,,,,,,,,,,,,,,,,--,,,,,,,,,,,,,,,,,,,,,,,,,,,
ð³ð´,skycrab1,0,0,9:33.046,9:34.091,21 Jun 2024,678,(U),6111477306279101383,,,https://www.youtube.com/watch?v=SjpGEQo2qAI&list=PLU3_fvoJ1GyMStiA29z37DUPtG47PvOJz&index=36,9,34,91,574091,574,0,410359,1.398996976,421494,1.362038368,-0.0019,0.2758,4,80.1280,191.8015,166.2308,5.34430,,,,,,,,,,,,,,,,,,,,,,,,,30Â DecÂ '99,,,,,,,,,,,,,,,,,,,,,,,,,,,,,,--,,,,,,,,,,,,,,,,,,,,,,,,,,,
ðºð¸,doogile,0,0,9:34.348,9:34.348,21 Mar 2025,405,(U),3428741567389448584,,,https://www.youtube.com/watch?v=ON2kExN455Q,9,34,348,574348,574,0,410359,1.399623257,421494,1.362648104,-0.0019,0.4632,4,134.3617,190.3715,164.9187,5.36075,,,,,,,,,,,,,,,,,,,,,,,,,30Â DecÂ '99,,,,,,,,,,,,,,,,,,,,,,,,,,,,,,--,,,,,,,,,,,,,,,,,,,,,,,,,,,
ðºð¸,doogile,0,0,9:27.828,9:34.557,12 Apr 2023,1114,(U),-1996716733981977639,,,https://www.youtube.com/watch?v=uv1DYktuHdQ,9,34,557,574557,575,1,410359,1.400132567,465828,1.233410186,-0.0019,0.1204,4,52.0406,323.8714,163.8559,5.37417,,,,,,,,,,,,,,,,,,,,,,,,,30Â DecÂ '99,,,,,,,,,,,,,,,,,,,,,,,,,,,,,,--,,,,,,,,,,,,,,,,,,,,,,,,,,,
ð¨ð¦,Aquacorde,0,0,9:35.061,9:35.061,11 Feb 2024,809,(U),5916322168139045813,,,https://www.youtube.com/watch?v=_kB4l1r6Z_U,9,35,61,575061,575,0,410359,1.40136076,421494,1.364339706,-0.0019,0.2150,4,62.0520,186.4329,161.3084,5.40664,,,,,,,,,,,,,,,,,,,,,,,,,30Â DecÂ '99,,,,,,,,,,,,,,,,,,,,,,,,,,,,,,--,,,,,,,,,,,,,,,,,,,,,,,,,,,
ð³ð´,skycrab1,0,0,9:33.390,9:35.170,05 Jul 2025,299,(U),3232995416196274049,,,https://www.youtube.com/watch?v=kxZT3ObGb8g&list=PLU3_fvoJ1GyMStiA29z37DUPtG47PvOJz&index=40,9,35,170,575170,575,0,410359,1.401626381,410359,1.401626381,-0.0019,0.5666,4,146.8075,160.7604,160.7604,5.41369,,,,,,,,,,,,,,,,,,,,,,,,,30Â DecÂ '99,,,,,,,,,,,,,,,,,,,,,,,,,,,,,,--,,,,,,,,,,,,,,,,,,,,,,,,,,,
ð³ð´,skycrab1,0,0,9:35.237,9:35.237,16 Sep 2024,591,(U),3490610711658203102,,,https://www.youtube.com/watch?v=_H66aNYnVX4&list=PLU3_fvoJ1GyMStiA29z37DUPtG47PvOJz&index=71,9,35,237,575237,575,0,410359,1.401789652,421494,1.364757268,-0.0019,0.3253,4,93.7797,185.4672,160.4240,5.41802,,,,,,,,,,,,,,,,,,,,,,,,,30Â DecÂ '99,,,,,,,,,,,,,,,,,,,,,,,,,,,,,,--,,,,,,,,,,,,,,,,,,,,,,,,,,,
ð³ð´,skycrab1,0,0,9:33.936,9:35.543,05 Aug 2024,633,(U),8022322116352656572,,,https://www.youtube.com/watch?v=4ly8bruecIw&list=PLU3_fvoJ1GyMStiA29z37DUPtG47PvOJz&index=48,9,35,543,575543,576,1,410359,1.402535341,421494,1.365483257,-0.0019,0.3004,4,86.4029,183.7945,158.8928,5.43785,,,,,,,,,,,,,,,,,,,,,,,,,30Â DecÂ '99,,,,,,,,,,,,,,,,,,,,,,,,,,,,,,--,,,,,,,,,,,,,,,,,,,,,,,,,,,
ð³ð´,skycrab1,0,0,9:35.206,9:35.594,10 Sep 2024,597,(U),4102653367681446187,,,https://www.youtube.com/watch?v=yy661jRyqhw&list=PLU3_fvoJ1GyMStiA29z37DUPtG47PvOJz&index=66,9,35,594,575594,576,1,410359,1.402659622,421494,1.365604255,-0.0019,0.3216,4,92.4869,183.5164,158.6383,5.44117,,,,,,,,,,,,,,,,,,,,,,,,,30Â DecÂ '99,,,,,,,,,,,,,,,,,,,,,,,,,,,,,,--,,,,,,,,,,,,,,,,,,,,,,,,,,,
ð¸ð°,NoFear1337,0,0,9:35.670,9:35.670,20 Dec 2023,862,(U),unknown,,,https://www.youtube.com/watch?v=Dsj0KzbzY60,9,35,670,575670,576,1,410359,1.402844826,446254,1.290005244,-0.0019,0.1944,4,70.2015,249.8661,158.2596,5.44610,,,,,,,,,,,,,,,,,,,,,,,,,30Â DecÂ '99,,,,,,,,,,,,,,,,,,,,,,,,,,,,,,--,,,,,,,,,,,,,,,,,,,,,,,,,,,
ð¨ð¦,silverr,0,0,9:35.814,9:35.814,05 Feb 2023,1180,(U),8973390315724050418,15,Yes,https://www.youtube.com/watch?v=6EHuNGxSBko,9,35,814,575814,576,1,410359,1.403195738,495537,1.162000012,-0.0019,0.1062,4,58.2757,440.8286,157.5435,5.45547,,,,,,,,,,,,,,,,,,,,,,,,,30Â DecÂ '99,,,,,,,,,,,,,,,,,,,,,,,,,,,,,,--,,,,,,,,,,,,,,,,,,,,,,,,,,,
ðµð±,watermelon1708,0,0,9:34.440,9:35.912,13 Oct 2025,199,(U),unknown,,,https://www.youtube.com/watch?v=YxzgDYgm8AE,9,35,912,575912,576,1,410359,1.403434554,410359,1.403434554,-0.0019,0.6852,4,176.6138,157.0571,157.0571,5.46186,,,,,,,,,,,,,,,,,,,,,,,,,30Â DecÂ '99,,,,,,,,,,,,,,,,,,,,,,,,,,,,,,--,,,,,,,,,,,,,,,,,,,,,,,,,,,
ðºð¸,doogile,0,0,9:35.919,9:35.919,23 May 2025,342,(U),369201841316479078,,,https://www.youtube.com/watch?v=m5WY6SiLPH8,9,35,919,575919,576,1,410359,1.403451612,421494,1.366375322,-0.0019,0.5222,4,149.8012,181.7499,157.0224,5.46231,,,,,,,,,,,,,,,,,,,,,,,,,30Â DecÂ '99,,,,,,,,,,,,,,,,,,,,,,,,,,,,,,--,,,,,,,,,,,,,,,,,,,,,,,,,,,
ð¬ð§,Brentilda,1,1,9:38.000,9:36.000,19 Apr 2021,1837,(V),-8422260959436812016,01,No,https://www.speedrun.com/mc/run/zq13899m,9,36,0,576000,576,0,410359,1.403649,667000,0.8635682159,-0.0019,0.0305,4,154.8271,2229.9958,156.6211,5.46759,,,,,,,,,,,,,,,,,,,,,,,,,30Â DecÂ '99,,,,,,,,,,,,,,,,,,,,,,,,,,,,,,--,,,,,,,,,,,,,,,,,,,,,,,,,,,
ðµð±,okshey,0,0,9:36.198,9:36.198,09 Nov 2025,172,(U),unknown,,,https://www.youtube.com/watch?v=EPY9lEApMl8,9,36,198,576198,576,0,410359,1.404131504,410359,1.404131504,-0.0019,0.7212,4,185.5417,155.6425,155.6425,5.48052,,,,,,,,,,,,,,,,,,,,,,,,,30Â DecÂ '99,,,,,,,,,,,,,,,,,,,,,,,,,,,,,,,,,,,,,,,,,,,,,,,,,,,,,,,,,
ð¸ðª,Crookst,0,1,9:31.823,9:36.696,05 Mar 2022,1517,(V),1234475058860136521,06,Yes,https://www.speedrun.com/mc/run/zn75ro9m,9,36,696,576696,577,1,410359,1.405345076,548820,1.05079261,-0.0019,0.0560,4,45.9372,760.9801,153.1965,5.51316,,,,,,,,,,,,,,,,,,,,,,,,,30Â DecÂ '99,,,,,,,,,,,,,,,,,,,,,,,,,,,,,,--,,,,,,,,,,,,,,,,,,,,,,,,,,,
ð©ð°,Bloopy,0,0,9:36.244,9:36.244,27 Oct 2024,550,(U),3241660036235146313,,,https://www.youtube.com/watch?v=KEaHoB1_iY4,9,36,244,576244,576,0,410359,1.404243601,421494,1.367146389,-0.0019,0.3517,4,100.6705,179.9924,155.4157,5.48353,,,,,,,,,,,,,,,,,,,,,,,,,30Â DecÂ '99,,,,,,,,,,,,,,,,,,,,,,,,,,,,,,--,,,,,,,,,,,,,,,,,,,,,,,,,,,
ð¨ð¦,Jay12310,0,0,9:36.303,9:36.303,07 Jan 2026,113,(U),unknown,,,https://www.youtube.com/watch?v=pROA_8k_5eg&list=PLaTJSsRuu2UcsiC6KEkJwrGp1GaGgPoVG&index=12,9,36,303,576303,576,0,410359,1.404387378,410359,1.404387378,-0.0019,0.8068,4,207.4003,155.1250,155.1250,5.48739,,,,,,,,,,,,,,,,,,,,,,,,,30Â DecÂ '99,,,,,,,,,,,,,,,,,,,,,,,,,,,,,,--,,,,,,,,,,,,,,,,,,,,,,,,,,,
ðºð¸,doogile,0,0,9:36.342,9:36.342,06 Jun 2025,328,(U),3942752838021789289,,,https://www.youtube.com/watch?v=Kwy4Xk-e0q8,9,36,342,576342,576,0,410359,1.404482417,421494,1.367378895,-0.0019,0.5362,4,153.3883,179.4642,154.9330,5.48994,,,,,,,,,,,,,,,,,,,,,,,,,30Â DecÂ '99,,,,,,,,,,,,,,,,,,,,,,,,,,,,,,--,,,,,,,,,,,,,,,,,,,,,,,,,,,
ð³ð´,skycrab1,0,0,9:35.664,9:36.849,26 Mar 2024,765,(U),unknown,,,https://www.youtube.com/watch?v=R_kkDzbVPHM&list=PLU3_fvoJ1GyMStiA29z37DUPtG47PvOJz&index=13,9,36,849,576849,577,1,410359,1.40571792,421494,1.368581759,-0.0019,0.2338,4,66.6300,176.7448,152.4494,5.52322,,,,,,,,,,,,,,,,,,,,,,,,,30Â DecÂ '99,,,,,,,,,,,,,,,,,,,,,,,,,,,,,,--,,,,,,,,,,,,,,,,,,,,,,,,,,,
ð³ð´,skycrab1,0,0,9:36.996,9:36.996,08 Oct 2024,569,(U),7453415470551744389,,,https://www.youtube.com/watch?v=kSKZSx3MlS0&list=PLU3_fvoJ1GyMStiA29z37DUPtG47PvOJz&index=77,9,36,996,576996,577,1,410359,1.406076143,421494,1.368930519,-0.0019,0.3392,4,96.5959,175.9604,151.7335,5.53290,,,,,,,,,,,,,,,,,,,,,,,,,30Â DecÂ '99,,,,,,,,,,,,,,,,,,,,,,,,,,,,,,--,,,,,,,,,,,,,,,,,,,,,,,,,,,
ð³ð´,skycrab1,0,0,9:36.604,9:37.350,26 May 2024,704,(U),546895512825728469,,,https://www.youtube.com/watch?v=13DWhOeZhQ0&list=PLU3_fvoJ1GyMStiA29z37DUPtG47PvOJz&index=23,9,37,350,577350,577,0,410359,1.406938802,421494,1.369770388,-0.0019,0.2625,4,74.5584,174.0793,150.0175,5.55628,,,,,,,,,,,,,,,,,,,,,,,,,30Â DecÂ '99,,,,,,,,,,,,,,,,,,,,,,,,,,,,,,--,,,,,,,,,,,,,,,,,,,,,,,,,,,
ðºð¸,doogile,0,0,9:36.895,9:37.361,14 Feb 2024,806,(U),8840188245230081545,,,https://www.youtube.com/watch?v=vGXGBTmZ5tU,9,37,361,577361,577,0,410359,1.406965608,421494,1.369796486,-0.0019,0.2162,4,61.4182,174.0210,149.9643,5.55701,,,,,,,,,,,,,,,,,,,,,,,,,30Â DecÂ '99,,,,,,,,,,,,,,,,,,,,,,,,,,,,,,--,,,,,,,,,,,,,,,,,,,,,,,,,,,
ð¨ð¦,Aquacorde,0,0,9:37.428,9:37.428,12 Jun 2025,322,(U),5411072566358981877,,,https://www.youtube.com/watch?v=8qtirJeKx8I,9,37,428,577428,577,0,410359,1.40712888,410359,1.40712888,-0.0019,0.5424,4,138.3449,149.6408,149.6408,5.56144,,,,,,,,,,,,,,,,,,,,,,,,,30Â DecÂ '99,,,,,,,,,,,,,,,,,,,,,,,,,,,,,,--,,,,,,,,,,,,,,,,,,,,,,,,,,,
ð¨ð¦,Aquacorde,0,0,9:37.634,9:37.634,22 May 2024,708,(U),-2489974967494847394,,,https://www.youtube.com/watch?v=VE9n0qCjt7w,9,37,634,577634,578,1,410359,1.407630879,421494,1.370444182,-0.0019,0.2605,4,73.8485,172.5779,148.6487,5.57509,,,,,,,,,,,,,,,,,,,,,,,,,30Â DecÂ '99,,,,,,,,,,,,,,,,,,,,,,,,,,,,,,--,,,,,,,,,,,,,,,,,,,,,,,,,,,
ð³ð´,skycrab1,0,0,9:38.062,9:38.159,08 Dec 2025,143,(U),unknown,,,https://www.youtube.com/watch?v=ZuI2ve_w9q0&list=PLU3_fvoJ1GyMStiA29z37DUPtG47PvOJz&index=158,9,38,159,578159,578,0,410359,1.408910247,410359,1.408910247,-0.0019,0.7621,4,193.4055,146.1374,146.1374,5.61002,,,,,,,,,,,,,,,,,,,,,,,,,30Â DecÂ '99,,,,,,,,,,,,,,,,,,,,,,,,,,,,,,--,,,,,,,,,,,,,,,,,,,,,,,,,,,
ð¨ð¦,Aquacorde,0,0,9:38.350,9:38.350,13 Apr 2024,747,(U),-9127982004582887256,,,https://www.youtube.com/watch?v=J3IDVImiBgk,9,38,350,578350,578,0,410359,1.409375693,421494,1.372142901,-0.0019,0.2419,4,68.2352,168.8240,145.2298,5.62278,,,,,,,,,,,,,,,,,,,,,,,,,30Â DecÂ '99,,,,,,,,,,,,,,,,,,,,,,,,,,,,,,--,,,,,,,,,,,,,,,,,,,,,,,,,,,
ð§ð·,shyaya,0,1,9:24.030,9:38.411,30 Apr 2022,1461,(V),2054193579190053167,,,https://www.speedrun.com/mc/runs/znpk5w3m,9,38,411,578411,578,0,410359,1.409524343,548820,1.053917496,-0.0019,0.0623,4,50.4912,744.1671,144.9407,5.62685,,,,,,,,,,,,,,,,,,,,,,,,,30Â DecÂ '99,,,,,,,,,,,,,,,,,,,,,,,,,,,,,,,,,,,,,,,,,,,,,,,,,,,,,,,,,
ð³ð´,skycrab1,0,0,9:37.169,9:38.505,15 Jun 2024,684,(U),-6835923738561090524,,,https://www.youtube.com/watch?v=DiB9QaNNmPs&list=PLU3_fvoJ1GyMStiA29z37DUPtG47PvOJz&index=31&pp=iAQB,9,38,505,578505,579,1,410359,1.409753411,421494,1.372510641,-0.0019,0.2726,4,76.8295,168.0173,144.4957,5.63315,,,,,,,,,,,,,,,,,,,,,,,,,30Â DecÂ '99,,,,,,,,,,,,,,,,,,,,,,,,,,,,,,--,,,,,,,,,,,,,,,,,,,,,,,,,,,
ð¨ð¦,Aquacorde,0,0,9:38.736,9:38.736,06 Jun 2025,328,(U),9010889274559730847,,,https://www.youtube.com/watch?v=bVVdKUflSME,9,38,736,578736,579,1,410359,1.410316333,421494,1.373058691,-0.0019,0.5362,4,150.8660,166.8189,143.4056,5.64863,,,,,,,,,,,,,,,,,,,,,,,,,30Â DecÂ '99,,,,,,,,,,,,,,,,,,,,,,,,,,,,,,--,,,,,,,,,,,,,,,,,,,,,,,,,,,
ðµð±,watermelon1708,0,0,9:37.975,9:38.760,14 Nov 2025,167,(U),unknown,,,https://www.youtube.com/watch?v=i8Pi7aIULKc,9,38,760,578760,579,1,410359,1.410374818,410359,1.410374818,-0.0019,0.7281,4,184.0179,143.2926,143.2926,5.65024,,,,,,,,,,,,,,,,,,,,,,,,,30Â DecÂ '99,,,,,,,,,,,,,,,,,,,,,,,,,,,,,,--,,,,,,,,,,,,,,,,,,,,,,,,,,,
ð®ð¹,drip120,0,0,9:37.558,9:39.066,24 Oct 2025,188,(U),unknown,,,https://www.youtube.com/watch?v=wyhD_ahpxGU,9,39,66,579066,579,0,410359,1.411120507,410359,1.411120507,-0.0019,0.6996,4,176.4467,141.8566,141.8566,5.67081,,,,,,,,,,,,,,,,,,,,,,,,,30Â DecÂ '99,,,,,,,,,,,,,,,,,,,,,,,,,,,,,,--,,,,,,,,,,,,,,,,,,,,,,,,,,,
ð³ð´,skycrab1,0,0,9:39.300,9:39.928,28 Jul 2024,641,(U),1220434626875752910,,,https://www.youtube.com/watch?v=mFNMOnaFXaY&list=PLU3_fvoJ1GyMStiA29z37DUPtG47PvOJz&index=45,9,39,928,579928,580,1,410359,1.413221106,421494,1.375886727,-0.0019,0.2959,4,82.5547,160.7099,137.8566,5.72912,,,,,,,,,,,,,,,,,,,,,,,,,30Â DecÂ '99,,,,,,,,,,,,,,,,,,,,,,,,,,,,,,--,,,,,,,,,,,,,,,,,,,,,,,,,,,
ðºð¦,dinonuggieboi,0,1,9:35.023,9:39.334,22 Apr 2023,1104,(V),-6590499565572039174,04,Yes,https://www.speedrun.com/mc/run/m3q9d2dy,9,39,334,579334,579,0,410359,1.411773593,465828,1.243665044,-0.0019,0.1228,4,51.3110,289.2297,140.6059,5.68889,,,,,,,,,,,,,,,,,,,,,,,,,30Â DecÂ '99,,,,,,,,,,,,,,,,,,,,,,,,,,,,,,--,,,,,,,,,,,,,,,,,,,,,,,,,,,
ðµð±,watermelon1708,0,0,9:37.815,9:39.646,12 Oct 2025,200,(U),see video,,,https://www.youtube.com/watch?v=0Sux8DzQKHg,9,39,646,579646,580,1,410359,1.412533903,410359,1.412533903,-0.0019,0.6839,4,171.7800,139.1579,139.1579,5.70999,,,,,,,,,,,,,,,,,,,,,,,,,30Â DecÂ '99,,,,,,,,,,,,,,,,,,,,,,,,,,,,,,--,,,,,,,,,,,,,,,,,,,,,,,,,,,
ð³ð´,skycrab1,0,0,9:39.881,9:39.881,20 Oct 2024,557,(U),-8605506067910459007,,,https://www.youtube.com/watch?v=Qo6r_k863hs&list=PLU3_fvoJ1GyMStiA29z37DUPtG47PvOJz&index=86,9,39,881,579881,580,1,410359,1.413106573,421494,1.375775219,-0.0019,0.3470,4,96.8715,160.9484,138.0730,5.72593,,,,,,,,,,,,,,,,,,,,,,,,,30Â DecÂ '99,,,,,,,,,,,,,,,,,,,,,,,,,,,,,,--,,,,,,,,,,,,,,,,,,,,,,,,,,,
ð¨ð¦,Aquacorde,0,0,9:39.937,9:39.937,12 Jul 2025,292,(U),3456563830022902090,,,https://www.youtube.com/watch?v=9W4oVjvPLO8,9,39,937,579937,580,1,410359,1.413243038,410359,1.413243038,-0.0019,0.5742,4,143.9415,137.8152,137.8152,5.72974,,,,,,,,,,,,,,,,,,,,,,,,,30Â DecÂ '99,,,,,,,,,,,,,,,,,,,,,,,,,,,,,,--,,,,,,,,,,,,,,,,,,,,,,,,,,,
ð³ð´,skycrab1,0,0,9:39.675,9:39.946,17 May 2025,348,(U),unknown,,,https://www.youtube.com/watch?v=7_u4r-5wbBw&list=PLU3_fvoJ1GyMStiA29z37DUPtG47PvOJz&index=122,9,39,946,579946,580,1,410359,1.41326497,421494,1.375929432,-0.0019,0.5162,4,144.0323,160.6186,137.7738,5.73035,,,,,,,,,,,,,,,,,,,,,,,,,30Â DecÂ '99,,,,,,,,,,,,,,,,,,,,,,,,,,,,,,--,,,,,,,,,,,,,,,,,,,,,,,,,,,
ð¹ð¿,Kxpow,0,1,9:35.931,9:40.072,13 Feb 2023,1172,(V),-2352610708955668290,06,Yes,https://www.speedrun.com/mc/run/meeedq3m,9,40,72,580072,580,0,410359,1.413572019,465828,1.245249319,-0.0019,0.1079,4,44.8629,284.0090,137.1949,5.73892,,,,,,,,,,,,,,,,,,,,,,,,,30Â DecÂ '99,,,,,,,,,,,,,,,,,,,,,,,,,,,,,,--,,,,,,,,,,,,,,,,,,,,,,,,,,,
ð¨ð¦,silverr,0,0,9:39.324,9:40.144,13 Sep 2023,960,(U),unknown,??,Yes,https://www.youtube.com/watch?v=7Qgs9qVAEYg,9,40,144,580144,580,0,410359,1.413747475,465828,1.245403883,-0.0019,0.1614,4,67.0820,283.5017,136.8648,5.74382,,,,,,,,,,,,,,,,,,,,,,,,,30Â DecÂ '99,,,,,,,,,,,,,,,,,,,,,,,,,,,,,,--,,,,,,,,,,,,,,,,,,,,,,,,,,,
ðºð¸,doogile,0,0,9:38.425,9:40.319,20 Jan 2024,831,(U),-4077851580953068746,,,https://www.youtube.com/watch?v=qYuK9wNO7GQ,9,40,319,580319,580,0,410359,1.414173931,421494,1.376814379,-0.0019,0.2062,4,57.3840,158.7335,136.0643,5.75574,,,,,,,,,,,,,,,,,,,,,,,,,30Â DecÂ '99,,,,,,,,,,,,,,,,,,,,,,,,,,,,,,--,,,,,,,,,,,,,,,,,,,,,,,,,,,
ð³ð±,HDMICables,0,1,9:35.842,9:40.337,30 Dec 2023,852,(U),-2883304325678276407,06,Yes,https://www.youtube.com/watch?v=fsCAdRBeb3s,9,40,337,580337,580,0,410359,1.414217795,446254,1.300463413,-0.0019,0.1981,4,69.2742,220.3637,135.9821,5.75697,,,,,,,,,,,,,,,,,,,,,,,,,30Â DecÂ '99,,,,,,,,,,,,,,,,,,,,,,,,,,,,,,--,,,,,,,,,,,,,,,,,,,,,,,,,,,
ð¨ð¦,NoHacsJustRoblox,0,0,9:39.837,9:40.348,22 Apr 2024,738,(U),7851252288319915185,,,https://www.youtube.com/watch?v=yxr4anf52rI,9,40,348,580348,580,0,410359,1.4142446,421494,1.376883182,-0.0019,0.2461,4,68.4611,158.5875,135.9319,5.75772,,,,,,,,,,,,,,,,,,,,,,,,,30Â DecÂ '99,,,,,,,,,,,,,,,,,,,,,,,,,,,,,,--,,,,,,,,,,,,,,,,,,,,,,,,,,,
ð³ð´,skycrab1,0,0,9:39.314,9:40.387,13 Aug 2024,625,(U),-7637821071124496857,,,https://www.youtube.com/watch?v=aFxizpVM6-c&list=PLU3_fvoJ1GyMStiA29z37DUPtG47PvOJz&index=51,9,40,387,580387,580,0,410359,1.414339639,421494,1.37697571,-0.0019,0.3050,4,84.8340,158.3912,135.7540,5.76039,,,,,,,,,,,,,,,,,,,,,,,,,30Â DecÂ '99,,,,,,,,,,,,,,,,,,,,,,,,,,,,,,--,,,,,,,,,,,,,,,,,,,,,,,,,,,
ð³ð´,skycrab1,0,0,9:40.817,9:40.817,08 Dec 2025,143,(U),unknown,,,https://www.youtube.com/watch?v=WAg6hWbZyx4&list=PLU3_fvoJ1GyMStiA29z37DUPtG47PvOJz&index=154,9,40,817,580817,581,1,410359,1.415387502,410359,1.415387502,-0.0019,0.7621,4,189.8894,133.8015,133.8015,5.78981,,,,,,,,,,,,,,,,,,,,,,,,,30Â DecÂ '99,,,,,,,,,,,,,,,,,,,,,,,,,,,,,,--,,,,,,,,,,,,,,,,,,,,,,,,,,,
ðºð¸,doogile,0,0,9:40.835,9:40.835,07 Jul 2024,662,(U),2139235147472927794,,,https://www.youtube.com/watch?v=SIsWU7n7Y1Q,9,40,835,580835,581,1,410359,1.415431366,421494,1.378038596,-0.0019,0.2843,4,78.8313,156.1463,133.7201,5.79104,,,,,,,,,,,,,,,,,,,,,,,,,30Â DecÂ '99,,,,,,,,,,,,,,,,,,,,,,,,,,,,,,--,,,,,,,,,,,,,,,,,,,,,,,,,,,
ð¹ð¿,Kxpow,0,0,9:36.126,9:40.897,01 Dec 2023,881,(U),259107068981043696,09,Yes,https://www.youtube.com/watch?v=QfrFgDFKD5w,9,40,897,580897,581,1,410359,1.415582453,465828,1.247020359,-0.0019,0.1875,4,77.5426,278.2176,133.4401,5.79529,,,,,,,,,,,,,,,,,,,,,,,,,30Â DecÂ '99,,,,,,,,,,,,,,,,,,,,,,,,,,,,,,--,,,,,,,,,,,,,,,,,,,,,,,,,,,
ð³ð´,skycrab1,0,0,9:40.016,9:40.947,25 Jan 2024,826,(U),unknown,,,https://www.youtube.com/watch?v=BfPtmmhAcv8&list=PLU3_fvoJ1GyMStiA29z37DUPtG47PvOJz&index=7,9,40,947,580947,581,1,410359,1.415704298,421494,1.378304317,-0.0019,0.2082,4,57.6817,155.5879,133.2145,5.79873,,,,,,,,,,,,,,,,,,,,,,,,,30Â DecÂ '99,,,,,,,,,,,,,,,,,,,,,,,,,,,,,,--,,,,,,,,,,,,,,,,,,,,,,,,,,,
ð³ð´,skycrab1,0,0,9:40.952,9:40.952,17 Oct 2024,560,(U),-6693970200234515187,,,https://www.youtube.com/watch?v=KoyMQIZpl2M&list=PLU3_fvoJ1GyMStiA29z37DUPtG47PvOJz&index=84,9,40,952,580952,581,1,410359,1.415716482,421494,1.37831618,-0.0019,0.3451,4,95.6126,155.5630,133.1919,5.79907,,,,,,,,,,,,,,,,,,,,,,,,,30Â DecÂ '99,,,,,,,,,,,,,,,,,,,,,,,,,,,,,,--,,,,,,,,,,,,,,,,,,,,,,,,,,,
ðµð±,watermelon1708,0,0,9:40.214,9:40.974,10 Nov 2025,171,(U),unknown,,,https://www.youtube.com/watch?v=BRWCw1TJJ8I,9,40,974,580974,581,1,410359,1.415770094,410359,1.415770094,-0.0019,0.7226,4,179.8568,133.0927,133.0927,5.80058,,,,,,,,,,,,,,,,,,,,,,,,,30Â DecÂ '99,,,,,,,,,,,,,,,,,,,,,,,,,,,,,,--,,,,,,,,,,,,,,,,,,,,,,,,,,,
ð¸ð°,NoFear1337,0,0,9:41.386,9:41.386,29 Jul 2025,275,(U),unknown,,,https://www.youtube.com/watch?v=IPeeYl5K1dw,9,41,386,581386,581,0,410359,1.416774093,410359,1.416774093,-0.0019,0.5930,4,147.1901,131.2435,131.2435,5.82894,,,,,,,,,,,,,,,,,,,,,,,,,30Â DecÂ '99,,,,,,,,,,,,,,,,,,,,,,,,,,,,,,--,,,,,,,,,,,,,,,,,,,,,,,,,,,
ð³ð´,skycrab1,0,0,9:40.139,9:41.483,30 Apr 2024,730,(U),unknown,,,https://www.youtube.com/watch?v=eg2ekkY0cNE&list=PLU3_fvoJ1GyMStiA29z37DUPtG47PvOJz&index=17,9,41,483,581483,581,0,410359,1.417010471,421494,1.379575984,-0.0019,0.2498,4,68.9685,152.9311,130.8104,5.83563,,,,,,,,,,,,,,,,,,,,,,,,,30Â DecÂ '99,,,,,,,,,,,,,,,,,,,,,,,,,,,,,,--,,,,,,,,,,,,,,,,,,,,,,,,,,,
ð³ð´,skycrab1,0,0,9:41.890,9:41.890,31 Jan 2025,454,(U),3885342470278498728,,,https://www.youtube.com/watch?v=UnIxyUgilX4&list=PLU3_fvoJ1GyMStiA29z37DUPtG47PvOJz&index=111,9,41,890,581890,582,1,410359,1.418002286,421494,1.380541597,-0.0019,0.4221,4,116.1929,150.9310,129.0023,5.86379,,,,,,,,,,,,,,,,,,,,,,,,,30Â DecÂ '99,,,,,,,,,,,,,,,,,,,,,,,,,,,,,,--,,,,,,,,,,,,,,,,,,,,,,,,,,,
ð³ð´,skycrab1,0,0,9:41.631,9:42.343,21 Aug 2024,617,(U),2108680863366446173,,,https://www.youtube.com/watch?v=c-yAb9s6b5Y&list=PLU3_fvoJ1GyMStiA29z37DUPtG47PvOJz&index=58,9,42,343,582343,582,0,410359,1.419106197,421494,1.381616346,-0.0019,0.3097,4,84.9820,148.7226,127.0077,5.89528,,,,,,,,,,,,,,,,,,,,,,,,,30Â DecÂ '99,,,,,,,,,,,,,,,,,,,,,,,,,,,,,,--,,,,,,,,,,,,,,,,,,,,,,,,,,,
ð¹ð·,Ancoboy,0,1,9:40.615,9:42.910,21 Aug 2023,983,(U),6827480725930071979,06,Yes,https://www.youtube.com/watch?v=29VY3VmMX2Y,9,42,910,582910,583,1,410359,1.420487914,465828,1.251341697,-0.0019,0.1545,4,63.0035,264.2923,124.5374,5.93489,,,,,,,,,,,,,,,,,,,,,,,,,30Â DecÂ '99,,,,,,,,,,,,,,,,,,,,,,,,,,,,,,--,,,,,,,,,,,,,,,,,,,,,,,,,,,
ð³ð´,skycrab1,0,0,9:42.450,9:43.523,19 Jul 2024,650,(U),-1964772688075275318,,,https://www.youtube.com/watch?v=HHrKcvSjew0&list=PLU3_fvoJ1GyMStiA29z37DUPtG47PvOJz&index=43,9,43,523,583523,584,1,410359,1.421981728,421494,1.384415911,-0.0019,0.2908,4,79.1735,143.0577,121.8997,5.97798,,,,,,,,,,,,,,,,,,,,,,,,,30Â DecÂ '99,,,,,,,,,,,,,,,,,,,,,,,,,,,,,,--,,,,,,,,,,,,,,,,,,,,,,,,,,,
ð³ð´,skycrab1,0,0,9:41.443,9:43.808,12 Mar 2024,779,(U),unknown,,,https://www.youtube.com/watch?v=VoCX3_TnqHI&list=PLU3_fvoJ1GyMStiA29z37DUPtG47PvOJz&index=12,9,43,808,583808,584,1,410359,1.422676242,421494,1.385092077,-0.0019,0.2276,4,61.8424,141.7086,120.6851,5.99811,,,,,,,,,,,,,,,,,,,,,,,,,30Â DecÂ '99,,,,,,,,,,,,,,,,,,,,,,,,,,,,,,--,,,,,,,,,,,,,,,,,,,,,,,,,,,
ð¨ð¦,Aquacorde,0,0,9:43.870,9:43.870,26 Jan 2024,825,(U),2993955281694429561,,,https://www.youtube.com/watch?v=E1hFL8IGFnc,9,43,870,583870,584,1,410359,1.422827329,421494,1.385239173,-0.0019,0.2086,4,56.6428,141.4161,120.4218,6.00249,,,,,,,,,,,,,,,,,,,,,,,,,30Â DecÂ '99,,,,,,,,,,,,,,,,,,,,,,,,,,,,,,--,,,,,,,,,,,,,,,,,,,,,,,,,,,
ð¸ð°,NoFear1337,0,0,9:42.464,9:44.152,09 Dec 2023,873,(U),Unknown,??,Yes,https://www.youtube.com/watch?v=rlc36sXmCDk,9,44,152,584152,584,0,410359,1.423514532,446254,1.309012356,-0.0019,0.1904,4,64.8427,197.5646,119.2289,6.02248,,,,,,,,,,,,,,,,,,,,,,,,,30Â DecÂ '99,,,,,,,,,,,,,,,,,,,,,,,,,,,,,,--,,,,,,,,,,,,,,,,,,,,,,,,,,,
ð¨ð¦,silverr,0,0,9:39.420,9:44.275,21 May 2023,1075,(U),Unknown,12,Yes,https://www.youtube.com/watch?v=vJQDBHHepPE,9,44,275,584275,584,0,410359,1.42381427,465828,1.254271963,-0.0019,0.1297,4,52.4067,255.0227,118.7109,6.03121,,,,,,,,,,,,,,,,,,,,,,,,,30Â DecÂ '99,,,,,,,,,,,,,,,,,,,,,,,,,,,,,,--,,,,,,,,,,,,,,,,,,,,,,,,,,,
ð¨ð¦,Aquacorde,0,0,9:44.349,9:44.349,12 Jul 2025,292,(U),1087998950322160223,,,https://www.youtube.com/watch?v=H0hSYxjyzsI,9,44,349,584349,584,0,410359,1.4239946,410359,1.4239946,-0.0019,0.5742,4,139.6433,118.3999,118.3999,6.03647,,,,,,,,,,,,,,,,,,,,,,,,,30Â DecÂ '99,,,,,,,,,,,,,,,,,,,,,,,,,,,,,,--,,,,,,,,,,,,,,,,,,,,,,,,,,,
ð³ð´,skycrab1,0,0,9:44.358,9:44.358,02 Feb 2025,452,(U),1322346143525327365,,,https://www.youtube.com/watch?v=7qXx3IHHQhA&list=PLU3_fvoJ1GyMStiA29z37DUPtG47PvOJz&index=112,9,44,358,584358,584,0,410359,1.424016532,421494,1.386396959,-0.0019,0.4237,4,114.6773,139.1261,118.3621,6.03711,,,,,,,,,,,,,,,,,,,,,,,,,30Â DecÂ '99,,,,,,,,,,,,,,,,,,,,,,,,,,,,,,--,,,,,,,,,,,,,,,,,,,,,,,,,,,
ð³ð´,skycrab1,0,0,9:44.424,9:44.424,26 Oct 2024,551,(U),-5203179418336138120,,,https://www.youtube.com/watch?v=FwxAelAatn8&list=PLU3_fvoJ1GyMStiA29z37DUPtG47PvOJz&index=89,9,44,424,584424,584,0,410359,1.424177367,421494,1.386553545,-0.0019,0.3510,4,94.9709,138.8181,118.0852,6.04181,,,,,,,,,,,,,,,,,,,,,,,,,30Â DecÂ '99,,,,,,,,,,,,,,,,,,,,,,,,,,,,,,--,,,,,,,,,,,,,,,,,,,,,,,,,,,
ð³ð´,skycrab1,0,0,9:44.489,9:44.489,08 Feb 2025,446,(U),76808428139630285,,,https://www.youtube.com/watch?v=A1g4bfj2Byw&list=PLU3_fvoJ1GyMStiA29z37DUPtG47PvOJz&index=115,9,44,489,584489,584,0,410359,1.424335765,421494,1.386707759,-0.0019,0.4285,4,115.8882,138.5152,117.8129,6.04643,,,,,,,,,,,,,,,,,,,,,,,,,30Â DecÂ '99,,,,,,,,,,,,,,,,,,,,,,,,,,,,,,--,,,,,,,,,,,,,,,,,,,,,,,,,,,
ð¸ðª,Crookst,0,0,9:44.556,9:44.556,14 Mar 2022,1508,(U),Unknown,06,Yes,https://www.youtube.com/watch?v=31OsmvNWQaE,9,44,556,584556,585,1,410359,1.424499036,548820,1.065114245,-0.0019,0.0570,4,44.2664,682.6843,117.5326,6.05121,,,,,,,,,,,,,,,,,,,,,,,,,30Â DecÂ '99,,,,,,,,,,,,,,,,,,,,,,,,,,,,,,--,,,,,,,,,,,,,,,,,,,,,,,,,,,
ðºð¸,Zylenox,0,0,9:38.527,9:44.801,09 Feb 2023,1176,(U),-3251173191348135293,15,Yes,https://www.youtube.com/watch?v=FS5mcKtJB7M,9,44,801,584801,585,1,410359,1.425096074,465828,1.255401135,-0.0019,0.1071,4,43.1005,251.4893,116.5112,6.06869,,,,,,,,,,,,,,,,,,,,,,,,,30Â DecÂ '99,,,,,,,,,,,,,,,,,,,,,,,,,,,,,,--,,,,,,,,,,,,,,,,,,,,,,,,,,,
ðµð±,watermelon1708,0,0,9:42.792,9:44.899,29 Jul 2025,275,(U),unknown,,,https://www.youtube.com/watch?v=HecWdO0ujt8,9,44,899,584899,585,1,410359,1.42533489,410359,1.42533489,-0.0019,0.5930,4,143.6857,116.1042,116.1042,6.07569,,,,,,,,,,,,,,,,,,,,,,,,,30Â DecÂ '99,,,,,,,,,,,,,,,,,,,,,,,,,,,,,,--,,,,,,,,,,,,,,,,,,,,,,,,,,,
ð©ðª,jason_n,0,1,9:44.284,9:44.931,01 May 2024,729,(V),-7717725771183973328,,,https://www.speedrun.com/mc/runs/y8w63edy,9,44,931,584931,585,1,410359,1.42541287,421494,1.387756409,-0.0019,0.2503,4,67.4848,136.4654,115.9714,6.07798,,,,,,,,,,,,,,,,,,,,,,,,,30Â DecÂ '99,,,,,,,,,,,,,,,,,,,,,,,,,,,,,,--,,,,,,,,,,,,,,,,,,,,,,,,,,,
ð³ð´,skycrab1,0,0,9:45.037,9:45.037,23 Oct 2025,189,(U),unknown,,,https://www.youtube.com/watch?v=T9vM7OUlcEI&list=PLU3_fvoJ1GyMStiA29z37DUPtG47PvOJz&index=146,9,45,37,585037,585,0,410359,1.425671181,410359,1.425671181,-0.0019,0.6983,4,169.0314,115.5325,115.5325,6.08557,,,,,,,,,,,,,,,,,,,,,,,,,30Â DecÂ '99,,,,,,,,,,,,,,,,,,,,,,,,,,,,,,--,,,,,,,,,,,,,,,,,,,,,,,,,,,
ð³ð´,skycrab1,0,0,9:42.436,9:45.242,03 Aug 2024,635,(U),-2702230192878188102,,,https://www.youtube.com/watch?v=-sDFnCpd8j4&list=PLU3_fvoJ1GyMStiA29z37DUPtG47PvOJz&index=46,9,45,242,585242,585,0,410359,1.426170743,421494,1.388494261,-0.0019,0.2992,4,80.5095,135.0339,114.6865,6.10027,,,,,,,,,,,,,,,,,,,,,,,,,30Â DecÂ '99,,,,,,,,,,,,,,,,,,,,,,,,,,,,,,--,,,,,,,,,,,,,,,,,,,,,,,,,,,
ðºð¸,doogile,0,0,9:42.858,9:45.286,13 Mar 2023,1144,(U),7973705383474527466,,,https://www.youtube.com/watch?v=Cf8Sk1XdjME,9,45,286,585286,585,0,410359,1.426277966,465828,1.256442292,-0.0019,0.1138,4,45.6507,248.2508,114.5054,6.10343,,,,,,,,,,,,,,,,,,,,,,,,,30Â DecÂ '99,,,,,,,,,,,,,,,,,,,,,,,,,,,,,,--,,,,,,,,,,,,,,,,,,,,,,,,,,,
ðµð±,watermelon1708,0,0,9:44.114,9:45.496,26 Sep 2025,216,(U),unknown,,,https://www.youtube.com/watch?v=fT6s7ACmW9o,9,45,496,585496,585,0,410359,1.426789713,410359,1.426789713,-0.0019,0.6634,4,160.0758,113.6437,113.6437,6.11852,,,,,,,,,,,,,,,,,,,,,,,,,30Â DecÂ '99,,,,,,,,,,,,,,,,,,,,,,,,,,,,,,--,,,,,,,,,,,,,,,,,,,,,,,,,,,
ð®ð¹,drip120,0,0,9:45.216,9:45.567,12 Jan 2026,108,(U),unknown,,,https://www.youtube.com/watch?v=ZZyjifZwkio,9,45,567,585567,586,1,410359,1.426962733,410359,1.426962733,-0.0019,0.8145,4,196.4411,113.3532,113.3532,6.12363,,,,,,,,,,,,,,,,,,,,,,,,,30Â DecÂ '99,,,,,,,,,,,,,,,,,,,,,,,,,,,,,,--,,,,,,,,,,,,,,,,,,,,,,,,,,,
ð¸ð°,NoFear1337,0,0,9:44.152,9:44.152,09 Dec 2023,873,(U),unknown,,,https://www.youtube.com/watch?v=rlc36sXmCDk,9,44,152,584152,584,0,410359,1.423514532,446254,1.309012356,-0.0019,0.1904,4,64.8427,197.5646,119.2289,6.02248,,,,,,,,,,,,,,,,,,,,,,,,,30Â DecÂ '99,,,,,,,,,,,,,,,,,,,,,,,,,,,,,,--,,,,,,,,,,,,,,,,,,,,,,,,,,,
ð³ð´,skycrab1,0,0,9:44.649,9:44.649,10 Oct 2024,567,(U),-1175900086044057204,,,https://www.youtube.com/watch?v=A-29KTnAD2I&list=PLU3_fvoJ1GyMStiA29z37DUPtG47PvOJz&index=82,9,44,649,584649,585,1,410359,1.424725667,421494,1.387087361,-0.0019,0.3405,4,91.9855,137.7711,117.1442,6.05784,,,,,,,,,,,,,,,,,,,,,,,,,30Â DecÂ '99,,,,,,,,,,,,,,,,,,,,,,,,,,,,,,--,,,,,,,,,,,,,,,,,,,,,,,,,,,
ð©ð°,Bloopy,0,0,9:42.547,9:45.668,23 May 2024,707,(U),7218213766237196138,,,https://www.youtube.com/watch?v=0A2pZcw7nKA,9,45,668,585668,586,1,410359,1.427208859,421494,1.389504951,-0.0019,0.2610,4,70.0119,133.0877,112.9409,6.13091,,,,,,,,,,,,,,,,,,,,,,,,,30Â DecÂ '99,,,,,,,,,,,,,,,,,,,,,,,,,,,,,,--,,,,,,,,,,,,,,,,,,,,,,,,,,,
ð©ð°,Bloopy,0,0,9:44.536,9:45.834,08 May 2024,722,(U),5767139754953530122,,,https://www.youtube.com/watch?v=t48Dg8QRZ7I,9,45,834,585834,586,1,410359,1.427613382,421494,1.389898789,-0.0019,0.2536,4,67.9676,132.3338,112.2651,6.14288,,,,,,,,,,,,,,,,,,,,,,,,,30Â DecÂ '99,,,,,,,,,,,,,,,,,,,,,,,,,,,,,,--,,,,,,,,,,,,,,,,,,,,,,,,,,,
ð«ð®,AndrewCrow,0,1,9:43.880,9:45.961,18 Oct 2024,559,(V),-6157791681411663320,,,https://www.speedrun.com/mc/runs/z0q0r8om,9,45,961,585961,586,1,410359,1.427922868,421494,1.390200098,-0.0019,0.3457,4,92.5607,131.7588,111.7499,6.15206,,,,,,,,,,,,,,,,,,,,,,,,,30Â DecÂ '99,,,,,,,,,,,,,,,,,,,,,,,,,,,,,,,,,,,,,,,,,,,,,,,,,,,,,,,,,
ðµð±,okshey,0,0,9:46.003,9:46.003,09 Nov 2025,172,(U),unknown,,,https://www.youtube.com/watch?v=fWRA9j5_-ZI,9,46,3,586003,586,0,410359,1.428025217,410359,1.428025217,-0.0019,0.7212,4,173.4319,111.5798,111.5798,6.15510,,,,,,,,,,,,,,,,,,,,,,,,,30Â DecÂ '99,,,,,,,,,,,,,,,,,,,,,,,,,,,,,,,,,,,,,,,,,,,,,,,,,,,,,,,,,
ðºð¸,doogile,0,0,9:46.008,9:46.008,16 Aug 2024,622,(U),see video,,,https://www.youtube.com/watch?v=Qf_GLwKVINE,9,46,8,586008,586,0,410359,1.428037401,421494,1.390311606,-0.0019,0.3067,4,82.0923,131.5464,111.5596,6.15546,,,,,,,,,,,,,,,,,,,,,,,,,30Â DecÂ '99,,,,,,,,,,,,,,,,,,,,,,,,,,,,,,--,,,,,,,,,,,,,,,,,,,,,,,,,,,
ðºð¸,doogile,0,0,9:46.009,9:46.009,22 May 2025,343,(U),-3736586617850065730,,,https://www.youtube.com/watch?v=ccQtcViua94,9,46,9,586009,586,0,410359,1.428039838,421494,1.390313978,-0.0019,0.5212,4,139.4822,131.5419,111.5555,6.15553,,,,,,,,,,,,,,,,,,,,,,,,,30Â DecÂ '99,,,,,,,,,,,,,,,,,,,,,,,,,,,,,,--,,,,,,,,,,,,,,,,,,,,,,,,,,,
ð¨ð¦,Aquacorde,0,0,9:46.107,9:46.107,27 Jun 2024,672,(U),9049033619582385475,,,https://www.youtube.com/watch?v=Ye9k6KJM768,9,46,107,586107,586,0,410359,1.428278654,421494,1.390546485,-0.0019,0.2789,4,74.6020,131.0997,111.1594,6.16262,,,,,,,,,,,,,,,,,,,,,,,,,30Â DecÂ '99,,,,,,,,,,,,,,,,,,,,,,,,,,,,,,--,,,,,,,,,,,,,,,,,,,,,,,,,,,
ð©ð°,Bloopy,0,0,9:46.158,9:46.158,08 Mar 2025,418,(U),6216282210011845491,,,https://www.youtube.com/watch?v=ONuQrlNvhS8,9,46,158,586158,586,0,410359,1.428402935,421494,1.390667483,-0.0019,0.4519,4,120.8343,130.8699,110.9535,6.16632,,,,,,,,,,,,,,,,,,,,,,,,,30Â DecÂ '99,,,,,,,,,,,,,,,,,,,,,,,,,,,,,,--,,,,,,,,,,,,,,,,,,,,,,,,,,,
ð©ð°,Bloopy,0,0,9:46.195,9:46.195,20 Jan 2025,465,(U),-7985963383704728573,,,https://www.youtube.com/watch?v=29tEBxruVpI,9,46,195,586195,586,0,410359,1.4284931,421494,1.390755266,-0.0019,0.4133,4,110.4836,130.7033,110.8044,6.16900,,,,,,,,,,,,,,,,,,,,,,,,,30Â DecÂ '99,,,,,,,,,,,,,,,,,,,,,,,,,,,,,,--,,,,,,,,,,,,,,,,,,,,,,,,,,,
ð¨ð¦,Aquacorde,0,0,9:46.271,9:46.271,28 Mar 2025,398,(U),-07976283618262231963,,,https://www.youtube.com/watch?v=jSkSLZfGAwQ,9,46,271,586271,586,0,410359,1.428678304,421494,1.390935577,-0.0019,0.4694,4,125.4176,130.3616,110.4984,6.17451,,,,,,,,,,,,,,,,,,,,,,,,,30Â DecÂ '99,,,,,,,,,,,,,,,,,,,,,,,,,,,,,,--,,,,,,,,,,,,,,,,,,,,,,,,,,,
ð©ð°,Bloopy,0,0,9:46.391,9:46.391,27 Jun 2024,672,(U),-7127755779148304965,,,https://www.youtube.com/watch?v=NYuEksXYaCU,9,46,391,586391,586,0,410359,1.428970731,421494,1.391220278,-0.0019,0.2789,4,74.4576,129.8231,110.0163,6.18322,,,,,,,,,,,,,,,,,,,,,,,,,30Â DecÂ '99,,,,,,,,,,,,,,,,,,,,,,,,,,,,,,--,,,,,,,,,,,,,,,,,,,,,,,,,,,
ð¨ð¦,NoHacsJustRoblox,0,1,9:45.421,9:46.316,13 Jan 2024,838,(U),-4263921606035060816,,,https://www.youtube.com/watch?v=6KMSa52qjCM,9,46,316,586316,586,0,410359,1.428787964,421494,1.39104234,-0.0019,0.2035,4,54.3444,130.1595,110.3174,6.17777,,,,,,,,,,,,,,,,,,,,,,,,,30Â DecÂ '99,,,,,,,,,,,,,,,,,,,,,,,,,,,,,,--,,,,,,,,,,,,,,,,,,,,,,,,,,,
ðµð±,okshey,0,0,9:44.147,9:46.558,28 Aug 2025,245,(U),unknown,,,https://www.youtube.com/watch?v=YU2CeRzbikQ,9,46,558,586558,587,1,410359,1.429377691,410359,1.429377691,-0.0019,0.6278,4,150.4000,109.3476,109.3476,6.19535,,,,,,,,,,,,,,,,,,,,,,,,,30Â DecÂ '99,,,,,,,,,,,,,,,,,,,,,,,,,,,,,,,,,,,,,,,,,,,,,,,,,,,,,,,,,
ðºð¸,thecamo6,0,1,9:45.287,9:46.653,02 Jan 2023,1214,(V),-4279335892801629149,,,https://www.speedrun.com/mc/runs/ydg0jj0y,9,46,653,586653,587,1,410359,1.429609196,495537,1.183873253,-0.0019,0.0996,4,50.7032,351.0277,108.9683,6.20227,,,,,,,,,,,,,,,,,,,,,,,,,30Â DecÂ '99,,,,,,,,,,,,,,,,,,,,,,,,,,,,,,--,,,,,,,,,,,,,,,,,,,,,,,,,,,
ðºð¸,doogile,0,0,9:41.283,9:46.909,28 Oct 2023,915,(U),8031767395139939967,,,https://www.youtube.com/watch?v=qMYf-lt2Gik,9,46,909,586909,587,1,410359,1.43023304,465828,1.259926411,-0.0019,0.1758,4,69.7587,237.5523,107.9505,6.22093,,,,,,,,,,,,,,,,,,,,,,,,,30Â DecÂ '99,,,,,,,,,,,,,,,,,,,,,,,,,,,,,,--,,,,,,,,,,,,,,,,,,,,,,,,,,,
ð¬ð§,DECTHEELITE,0,1,9:45.625,9:47.012,08 Jul 2022,1392,(V),-7457612752333916459,,,https://www.speedrun.com/mc/runs/m33v8k4m,9,47,12,587012,587,0,410359,1.43048404,548820,1.069589301,-0.0019,0.0710,4,54.2637,657.6925,107.5427,6.22846,,,,,,,,,,,,,,,,,,,,,,,,,30Â DecÂ '99,,,,,,,,,,,,,,,,,,,,,,,,,,,,,,,,,,,,,,,,,,,,,,,,,,,,,,,,,
ðºð¸,doogile,0,0,9:45.866,9:47.031,17 Jan 2024,834,(U),659506891402994010,,,https://www.youtube.com/watch?v=xvG0ou32Tn4,9,47,31,587031,587,0,410359,1.430530341,421494,1.392738687,-0.0019,0.2050,4,54.4927,126.9739,107.4675,6.22985,,,,,,,,,,,,,,,,,,,,,,,,,30Â DecÂ '99,,,,,,,,,,,,,,,,,,,,,,,,,,,,,,--,,,,,,,,,,,,,,,,,,,,,,,,,,,
ð«ð®,AndrewCrow,0,0,9:45.854,9:47.136,26 Feb 2025,428,(U),unknown,,,https://www.youtube.com/watch?v=mYqtUu-wQLA,9,47,136,587136,587,0,410359,1.430786214,421494,1.392987801,-0.0019,0.4434,4,117.7721,126.5101,107.0530,6.23752,,,,,,,,,,,,,,,,,,,,,,,,,30Â DecÂ '99,,,,,,,,,,,,,,,,,,,,,,,,,,,,,,,,,,,,,,,,,,,,,,,,,,,,,,,,,
ð¹ð¿,Kxpow,0,0,9:41.724,9:47.267,03 Nov 2023,909,(U),-4292657386397314439,09,Yes,https://www.youtube.com/watch?v=Mvek4DydEWs,9,47,267,587267,587,0,410359,1.431105447,465828,1.260694935,-0.0019,0.1778,4,70.3866,235.2218,106.5372,6.24712,,,,,,,,,,,,,,,,,,,,,,,,,30Â DecÂ '99,,,,,,,,,,,,,,,,,,,,,,,,,,,,,,--,,,,,,,,,,,,,,,,,,,,,,,,,,,
ðºð¸,meebie,0,0,9:47.293,9:47.293,28 Mar 2024,763,(U),unknown,,,https://www.youtube.com/watch?v=iyNfS8lVaQA&list=PLaTJSsRuu2Ufk7cX7bUTt9V-IJxa8wqSM&index=11,9,47,293,587293,587,0,410359,1.431168806,421494,1.393360285,-0.0019,0.2346,4,62.2515,125.8185,106.4350,6.24902,,,,,,,,,,,,,,,,,,,,,,,,,30Â DecÂ '99,,,,,,,,,,,,,,,,,,,,,,,,,,,,,,--,,,,,,,,,,,,,,,,,,,,,,,,,,,
ð³ð´,skycrab1,0,0,9:46.198,9:47.329,23 Jul 2024,646,(U),-8584715713734940155,,,https://www.youtube.com/watch?v=SxKsNmBrYIo&list=PLU3_fvoJ1GyMStiA29z37DUPtG47PvOJz&index=44,9,47,329,587329,587,0,410359,1.431256534,421494,1.393445696,-0.0019,0.2931,4,77.7297,125.6602,106.2936,6.25166,,,,,,,,,,,,,,,,,,,,,,,,,30Â DecÂ '99,,,,,,,,,,,,,,,,,,,,,,,,,,,,,,--,,,,,,,,,,,,,,,,,,,,,,,,,,,
ð«ð®,AndrewCrow,0,0,9:42.268,9:47.403,27 Apr 2025,368,(U),unknown,,,https://www.youtube.com/watch?v=463kp9iPmH4,9,47,403,587403,587,0,410359,1.431436864,421494,1.393621262,-0.0019,0.4970,4,131.7535,125.3353,106.0034,6.25709,,,,,,,,,,,,,,,,,,,,,,,,,30Â DecÂ '99,,,,,,,,,,,,,,,,,,,,,,,,,,,,,,,,,,,,,,,,,,,,,,,,,,,,,,,,,
ð¨ð¦,NoHacsJustRoblox,0,0,9:43.761,9:47.778,10 Nov 2023,902,(V),-4347952844736501796,,,https://www.speedrun.com/mc/runs/mr26ln4y,9,47,778,587778,588,1,410359,1.432350698,465828,1.261791906,-0.0019,0.1802,4,71.0813,231.9139,104.5402,6.28466,,,,,,,,,,,,,,,,,,,,,,,,,30Â DecÂ '99,,,,,,,,,,,,,,,,,,,,,,,,,,,,,,--,,,,,,,,,,,,,,,,,,,,,,,,,,,
ð¨ð¦,NoHacsJustRoblox,0,0,9:46.999,9:47.999,11 Oct 2024,566,(U),unknown,,,https://www.youtube.com/watch?v=sbS8Zko1TlQ,9,47,999,587999,588,1,410359,1.432889251,421494,1.395035279,-0.0019,0.3412,4,90.0780,122.7370,103.6840,6.30095,,,,,,,,,,,,,,,,,,,,,,,,,30Â DecÂ '99,,,,,,,,,,,,,,,,,,,,,,,,,,,,,,--,,,,,,,,,,,,,,,,,,,,,,,,,,,
ð¨ð¦,Aquacorde,0,0,9:48.026,9:48.026,22 Feb 2024,798,(U),9118196624093387626,,,https://www.youtube.com/watch?v=mIFXvcg5exc,9,48,26,588026,588,0,410359,1.432955047,421494,1.395099337,-0.0019,0.2195,4,57.9565,122.6201,103.5797,6.30295,,,,,,,,,,,,,,,,,,,,,,,,,30Â DecÂ '99,,,,,,,,,,,,,,,,,,,,,,,,,,,,,,--,,,,,,,,,,,,,,,,,,,,,,,,,,,
ð¸ð°,NoFear1337,0,0,9:48.163,9:48.213,27 Aug 2023,977,(U),unknown,,,https://www.youtube.com/watch?v=z-TqSwvseQM,9,48,213,588213,588,0,410359,1.433410745,465828,1.262725727,-0.0019,0.1562,4,61.4587,229.1155,102.8592,6.31677,,,,,,,,,,,,,,,,,,,,,,,,,30Â DecÂ '99,,,,,,,,,,,,,,,,,,,,,,,,,,,,,,--,,,,,,,,,,,,,,,,,,,,,,,,,,,
ð³ð´,skycrab1,0,0,9:47.690,9:48.353,19 Jul 2024,650,(U),-209222904514390450,,,https://www.youtube.com/watch?v=SHAbsCkd9IA&list=PLU3_fvoJ1GyMStiA29z37DUPtG47PvOJz&index=42,9,48,353,588353,588,0,410359,1.43375191,421494,1.395875149,-0.0019,0.2908,4,76.6055,121.2095,102.3218,6.32713,,,,,,,,,,,,,,,,,,,,,,,,,30Â DecÂ '99,,,,,,,,,,,,,,,,,,,,,,,,,,,,,,--,,,,,,,,,,,,,,,,,,,,,,,,,,,
ðºð¸,Zylenox,0,0,9:43.663,9:48.405,23 Dec 2022,1224,(U),4650296313107653918,,,https://www.youtube.com/watch?v=c6A7e74XY5g,9,48,405,588405,588,0,410359,1.433878628,495537,1.187408811,-0.0019,0.0977,4,49.1591,337.0597,102.1227,6.33099,,,,,,,,,,,,,,,,,,,,,,,,,30Â DecÂ '99,,,,,,,,,,,,,,,,,,,,,,,,,,,,,,--,,,,,,,,,,,,,,,,,,,,,,,,,,,
ðºð¸,meebie,0,1,9:47.567,9:48.735,13 Mar 2023,1144,(V),5085481578685051061,12,Yes,https://www.speedrun.com/mc/run/yj8eo2gm,9,48,735,588735,589,1,410359,1.434682802,465828,1.263846312,-0.0019,0.1138,4,44.5903,225.7788,100.8648,6.35549,,,,,,,,,,,,,,,,,,,,,,,,,30Â DecÂ '99,,,,,,,,,,,,,,,,,,,,,,,,,,,,,,--,,,,,,,,,,,,,,,,,,,,,,,,,,,
ðµð±,okshey,0,0,9:45.350,9:48.739,09 Jun 2025,325,(U),-7611614719566896812,,,https://www.youtube.com/watch?v=im7AKnGBPGA,9,48,739,588739,589,1,410359,1.43469255,421494,1.396790939,-0.0019,0.5393,4,141.6764,119.5572,100.8496,6.35579,,,,,,,,,,,,,,,,,,,,,,,,,30Â DecÂ '99,,,,,,,,,,,,,,,,,,,,,,,,,,,,,,,,,,,,,,,,,,,,,,,,,,,,,,,,,
ð«ð®,AndrewCrow,0,0,9:48.071,9:48.755,06 Jul 2025,298,(U),unknown,,,https://www.youtube.com/watch?v=G3w8ujqom1I,9,48,755,588755,589,1,410359,1.43473154,410359,1.43473154,-0.0019,0.5677,4,133.9738,100.7889,100.7889,6.35698,,,,,,,,,,,,,,,,,,,,,,,,,30Â DecÂ '99,,,,,,,,,,,,,,,,,,,,,,,,,,,,,,,,,,,,,,,,,,,,,,,,,,,,,,,,,
ð¸ð°,NoFear1337,0,0,9:46.172,9:48.868,04 Nov 2025,177,(U),unknown,,,https://www.youtube.com/watch?v=nWG0IBAK484,9,48,868,588868,589,1,410359,1.435006909,410359,1.435006909,-0.0019,0.7144,4,168.4732,100.3607,100.3607,6.36539,,,,,,,,,,,,,,,,,,,,,,,,,30Â DecÂ '99,,,,,,,,,,,,,,,,,,,,,,,,,,,,,,--,,,,,,,,,,,,,,,,,,,,,,,,,,,
ð³ð´,skycrab1,0,0,9:48.787,9:49.039,08 Dec 2025,143,(U),unknown,,,https://www.youtube.com/watch?v=nuRVx79nIxg&list=PLU3_fvoJ1GyMStiA29z37DUPtG47PvOJz&index=155,9,49,39,589039,589,0,410359,1.435423617,410359,1.435423617,-0.0019,0.7621,4,179.5072,99.7149,99.7149,6.37813,,,,,,,,,,,,,,,,,,,,,,,,,30Â DecÂ '99,,,,,,,,,,,,,,,,,,,,,,,,,,,,,,--,,,,,,,,,,,,,,,,,,,,,,,,,,,
ð³ð´,skycrab1,0,0,9:49.051,9:49.051,07 Sep 2024,600,(U),-5901488670443987544,,,https://www.youtube.com/watch?v=QTUOtzq4PCM&list=PLU3_fvoJ1GyMStiA29z37DUPtG47PvOJz&index=65,9,49,51,589051,589,0,410359,1.43545286,421494,1.397531163,-0.0019,0.3198,4,83.8414,118.2319,99.6696,6.37903,,,,,,,,,,,,,,,,,,,,,,,,,30Â DecÂ '99,,,,,,,,,,,,,,,,,,,,,,,,,,,,,,--,,,,,,,,,,,,,,,,,,,,,,,,,,,
ðµð±,kazzruns,0,1,9:47.765,9:49.408,21 Oct 2024,556,(V),-5518127791753338364,,,https://www.speedrun.com/mc/runs/y6ejg9jz,9,49,408,589408,589,0,410359,1.43632283,421494,1.39837815,-0.0019,0.3477,4,90.9312,116.7266,98.3304,6.40572,,,,,,,,,,,,,,,,,,,,,,,,,30Â DecÂ '99,,,,,,,,,,,,,,,,,,,,,,,,,,,,,,,,,,,,,,,,,,,,,,,,,,,,,,,,,
ð¸ðª,Crookst,0,0,9:49.408,9:49.408,24 May 2022,1437,(U),unknown,06,Yes,https://www.youtube.com/watch?v=uV8TKcBR9fY,9,49,408,589408,589,0,410359,1.43632283,548820,1.073955031,-0.0019,0.0652,4,49.0119,633.1576,98.3304,6.40572,,,,,,,,,,,,,,,,,,,,,,,,,30Â DecÂ '99,,,,,,,,,,,,,,,,,,,,,,,,,,,,,,--,,,,,,,,,,,,,,,,,,,,,,,,,,,
ð¹ð¿,Kxpow,0,0,9:40.156,9:49.436,30 Jul 2023,1005,(U),-5875652353814320049,08,Yes,https://www.youtube.com/watch?v=c4mVL3Qoois,9,49,436,589436,589,0,410359,1.436391062,465828,1.26535116,-0.0019,0.1482,4,57.7924,221.3352,98.2259,6.40781,,,,,,,,,,,,,,,,,,,,,,,,,30Â DecÂ '99,,,,,,,,,,,,,,,,,,,,,,,,,,,,,,--,,,,,,,,,,,,,,,,,,,,,,,,,,,
ðºð¸,doogile,0,0,9:48.125,9:49.511,22 Jan 2023,1194,(U),-5847241643383056057,,,https://www.youtube.com/watch?v=svPe9bvWOZs,9,49,511,589511,590,1,410359,1.436573829,495537,1.189640733,-0.0019,0.1035,4,51.6531,328.3413,97.9462,6.41343,,,,,,,,,,,,,,,,,,,,,,,,,30Â DecÂ '99,,,,,,,,,,,,,,,,,,,,,,,,,,,,,,--,,,,,,,,,,,,,,,,,,,,,,,,,,,
ðºð¸,Zylenox,0,0,9:46.820,9:49.532,02 Jul 2023,1033,(U),8044565015290039310,15,Yes,https://www.youtube.com/watch?v=sDcIlMtOOmE,9,49,532,589532,590,1,410359,1.436625004,465828,1.265557244,-0.0019,0.1405,4,54.7625,220.7300,97.8680,6.41501,,,,,,,,,,,,,,,,,,,,,,,,,30Â DecÂ '99,,,,,,,,,,,,,,,,,,,,,,,,,,,,,,--,,,,,,,,,,,,,,,,,,,,,,,,,,,
ðµð±,okshey,0,0,9:44.226,9:49.660,16 Apr 2025,379,(U),-1149895041785241433,,,https://www.youtube.com/watch?v=FwZbmFXsgSw,9,49,660,589660,590,1,410359,1.436936926,421494,1.398976023,-0.0019,0.4867,4,127.0643,115.6713,97.3921,6.42461,,,,,,,,,,,,,,,,,,,,,,,,,30Â DecÂ '99,,,,,,,,,,,,,,,,,,,,,,,,,,,,,,,,,,,,,,,,,,,,,,,,,,,,,,,,,
ð§ðª,boyenn,0,0,9:46.577,9:46.697,09 Mar 2025,417,(U),unknown,,,https://www.youtube.com/watch?v=V12SrHOwNBQ,9,46,697,586697,587,1,410359,1.429716419,421494,1.391946267,-0.0019,0.4528,4,120.6198,128.4561,108.7930,6.20547,,,,,,,,,,,,,,,,,,,,,,,,,30Â DecÂ '99,,,,,,,,,,,,,,,,,,,,,,,,,,,,,,--,,,,,,,,,,,,,,,,,,,,,,,,,,,
ð³ð´,skycrab1,0,0,9:49.773,9:49.773,18 Nov 2024,528,(U),8995165694867144478,,,https://www.youtube.com/watch?v=OrzWR9MX7RQ&list=PLU3_fvoJ1GyMStiA29z37DUPtG47PvOJz&index=96,9,49,773,589773,590,1,410359,1.437212295,421494,1.399244117,-0.0019,0.3667,4,95.6625,115.2000,96.9732,6.43310,,,,,,,,,,,,,,,,,,,,,,,,,30Â DecÂ '99,,,,,,,,,,,,,,,,,,,,,,,,,,,,,,--,,,,,,,,,,,,,,,,,,,,,,,,,,,
ðµð±,watermelon1708,0,0,9:49.338,9:49.896,15 Aug 2025,258,(U),unknown,,,https://www.youtube.com/watch?v=N1MKoW8JtrU,9,49,896,589896,590,1,410359,1.437512032,410359,1.437512032,-0.0019,0.6125,4,143.4376,96.5186,96.5186,6.44235,,,,,,,,,,,,,,,,,,,,,,,,,30Â DecÂ '99,,,,,,,,,,,,,,,,,,,,,,,,,,,,,,--,,,,,,,,,,,,,,,,,,,,,,,,,,,
ð³ð´,skycrab1,0,0,9:49.969,9:50.065,13 Nov 2024,533,(U),4962570127198828524,,,https://www.youtube.com/watch?v=6eV5G75VplI&list=PLU3_fvoJ1GyMStiA29z37DUPtG47PvOJz&index=93,9,50,65,590065,590,0,410359,1.437923867,421494,1.399936891,-0.0019,0.3632,4,94.5706,113.9876,95.8963,6.45508,,,,,,,,,,,,,,,,,,,,,,,,,30Â DecÂ '99,,,,,,,,,,,,,,,,,,,,,,,,,,,,,,--,,,,,,,,,,,,,,,,,,,,,,,,,,,
ðµð±,okshey,0,0,9:50.421,9:50.421,15 Nov 2025,166,(U),unknown,,,https://www.youtube.com/watch?v=3ag6jYLEATw,9,50,421,590421,590,0,410359,1.4387914,410359,1.4387914,-0.0019,0.7295,4,170.2285,94.5938,94.5938,6.48197,,,,,,,,,,,,,,,,,,,,,,,,,30Â DecÂ '99,,,,,,,,,,,,,,,,,,,,,,,,,,,,,,,,,,,,,,,,,,,,,,,,,,,,,,,,,
ðºð¸,doogile,0,0,9:49.649,9:50.424,12 Sep 2023,961,(U),-1655592444366996481,,,https://www.youtube.com/watch?v=FBTXjli9DBQ,9,50,424,590424,590,0,410359,1.43879871,465828,1.267472114,-0.0019,0.1611,4,62.4120,215.1458,94.5829,6.48220,,,,,,,,,,,,,,,,,,,,,,,,,30Â DecÂ '99,,,,,,,,,,,,,,,,,,,,,,,,,,,,,,--,,,,,,,,,,,,,,,,,,,,,,,,,,,
ð¸ð°,NoFear1337,0,0,9:50.463,9:50.463,20 Aug 2023,984,(U),unknown,,,https://www.youtube.com/watch?v=48-PM4b2mhk,9,50,463,590463,590,0,410359,1.438893749,465828,1.267555836,-0.0019,0.1542,4,59.7275,214.9032,94.4409,6.48515,,,,,,,,,,,,,,,,,,,,,,,,,30Â DecÂ '99,,,,,,,,,,,,,,,,,,,,,,,,,,,,,,--,,,,,,,,,,,,,,,,,,,,,,,,,,,
ð³ð´,skycrab1,0,0,9:49.721,9:50.491,21 Jun 2024,678,(U),-6497843382079027047,,,https://www.youtube.com/watch?v=F8E2ivfO0zk&list=PLU3_fvoJ1GyMStiA29z37DUPtG47PvOJz&index=37,9,50,491,590491,590,0,410359,1.438961982,421494,1.400947582,-0.0019,0.2758,4,71.5903,112.2333,94.3390,6.48727,,,,,,,,,,,,,,,,,,,,,,,,,30Â DecÂ '99,,,,,,,,,,,,,,,,,,,,,,,,,,,,,,--,,,,,,,,,,,,,,,,,,,,,,,,,,,
ðºð¸,doogile,0,0,9:39.067,9:50.542,28 Oct 2023,915,(U),9080996345703823922,,,https://www.youtube.com/watch?v=_V6MkKldJvY,9,50,542,590542,591,1,410359,1.439086263,465828,1.267725427,-0.0019,0.1758,4,68.0579,214.4124,94.1537,6.49113,,,,,,,,,,,,,,,,,,,,,,,,,30Â DecÂ '99,,,,,,,,,,,,,,,,,,,,,,,,,,,,,,--,,,,,,,,,,,,,,,,,,,,,,,,,,,
ð³ð´,skycrab1,0,0,9:50.665,9:50.665,23 Sep 2024,584,(U),2493200409668593062,,,https://www.youtube.com/watch?v=EEEQo8N6gQU&list=PLU3_fvoJ1GyMStiA29z37DUPtG47PvOJz&index=72,9,50,665,590665,591,1,410359,1.439386001,421494,1.401360399,-0.0019,0.3297,4,85.4885,111.5217,93.7078,6.50046,,,,,,,,,,,,,,,,,,,,,,,,,30Â DecÂ '99,,,,,,,,,,,,,,,,,,,,,,,,,,,,,,--,,,,,,,,,,,,,,,,,,,,,,,,,,,
ðºð¸,doogile,0,0,9:43.048,9:50.671,06 Jun 2023,1059,(U),5486779662085254088,,,https://www.youtube.com/watch?v=GNfBvK-DdeI,9,50,671,590671,591,1,410359,1.439400622,465828,1.268002353,-0.0019,0.1337,4,51.7221,213.6120,93.6860,6.50091,,,,,,,,,,,,,,,,,,,,,,,,,30Â DecÂ '99,,,,,,,,,,,,,,,,,,,,,,,,,,,,,,--,,,,,,,,,,,,,,,,,,,,,,,,,,,
ð¨ð¦,Aquacorde,0,0,9:50.705,9:50.705,28 May 2025,337,(U),1875131557642639498,,,https://www.youtube.com/watch?v=WHI4EIF361I,9,50,705,590705,591,1,410359,1.439483477,421494,1.401455299,-0.0019,0.5271,4,136.6483,111.3585,93.5630,6.50349,,,,,,,,,,,,,,,,,,,,,,,,,30Â DecÂ '99,,,,,,,,,,,,,,,,,,,,,,,,,,,,,,--,,,,,,,,,,,,,,,,,,,,,,,,,,,
ð³ð´,skycrab1,0,0,9:48.924,9:50.706,14 Apr 2024,746,(U),unknown,,,https://www.youtube.com/watch?v=sr2kZbeK9UA&list=PLU3_fvoJ1GyMStiA29z37DUPtG47PvOJz&index=15,9,50,706,590706,591,1,410359,1.439485914,421494,1.401457672,-0.0019,0.2423,4,62.8219,111.3544,93.5594,6.50357,,,,,,,,,,,,,,,,,,,,,,,,,30Â DecÂ '99,,,,,,,,,,,,,,,,,,,,,,,,,,,,,,--,,,,,,,,,,,,,,,,,,,,,,,,,,,
ðºð¸,doogile,0,0,9:49.586,9:50.726,23 Jan 2024,828,(U),-584548052417778455,,,https://www.youtube.com/watch?v=ql5yaRF0gCE,9,50,726,590726,591,1,410359,1.439534651,421494,1.401505122,-0.0019,0.2074,4,53.7513,111.2728,93.4871,6.50508,,,,,,,,,,,,,,,,,,,,,,,,,30Â DecÂ '99,,,,,,,,,,,,,,,,,,,,,,,,,,,,,,--,,,,,,,,,,,,,,,,,,,,,,,,,,,
ð³ð´,skycrab1,0,0,9:50.792,9:50.792,07 Nov 2024,539,(U),7554489611952099407,,,https://www.youtube.com/watch?v=6-ETpuXoEEk&list=PLU3_fvoJ1GyMStiA29z37DUPtG47PvOJz&index=91,9,50,792,590792,591,1,410359,1.439695486,421494,1.401661708,-0.0019,0.3591,4,93.0392,111.0040,93.2487,6.51010,,,,,,,,,,,,,,,,,,,,,,,,,30Â DecÂ '99,,,,,,,,,,,,,,,,,,,,,,,,,,,,,,--,,,,,,,,,,,,,,,,,,,,,,,,,,,
ð«ð®,AndrewCrow,0,0,9:50.666,9:50.833,12 Aug 2025,261,(U),unknown,,,https://www.youtube.com/watch?v=a9jbQgG4J-I,9,50,833,590833,591,1,410359,1.439795399,410359,1.439795399,-0.0019,0.6090,4,141.7197,93.1009,93.1009,6.51321,,,,,,,,,,,,,,,,,,,,,,,,,30Â DecÂ '99,,,,,,,,,,,,,,,,,,,,,,,,,,,,,,,,,,,,,,,,,,,,,,,,,,,,,,,,,
ð®ð¹,drip120,0,1,9:50.878,9:50.878,04 Oct 2023,939,(V),-1789423009707373733,,Yes,https://www.speedrun.com/mc/runs/y6q50l6z,9,50,878,590878,591,1,410359,1.439905059,465828,1.268446723,-0.0019,0.1679,4,64.8763,212.3308,92.9387,6.51663,,,,,,,,,,,,,,,,,,,,,,,,,30Â DecÂ '99,,,,,,,,,,,,,,,,,,,,,,,,,,,,,,--,,,,,,,,,,,,,,,,,,,,,,,,,,,
ð¸ð°,NoFear1337,0,0,9:48.795,9:51.150,17 Jun 2025,317,(U),unknown,,,https://www.youtube.com/watch?v=EZF1Z0DG-74,9,51,150,591150,591,0,410359,1.440567893,410359,1.440567893,-0.0019,0.5476,4,127.1421,91.9627,91.9627,6.53734,,,,,,,,,,,,,,,,,,,,,,,,,30Â DecÂ '99,,,,,,,,,,,,,,,,,,,,,,,,,,,,,,--,,,,,,,,,,,,,,,,,,,,,,,,,,,
ð³ð´,skycrab1,0,0,9:51.158,9:51.158,08 Dec 2025,143,(U),unknown,,,https://www.youtube.com/watch?v=fKGyoMdXDzc&list=PLU3_fvoJ1GyMStiA29z37DUPtG47PvOJz&index=156,9,51,158,591158,591,0,410359,1.440587388,410359,1.440587388,-0.0019,0.7621,4,176.9472,91.9341,91.9341,6.53795,,,,,,,,,,,,,,,,,,,,,,,,,30Â DecÂ '99,,,,,,,,,,,,,,,,,,,,,,,,,,,,,,--,,,,,,,,,,,,,,,,,,,,,,,,,,,
ðºð¸,Dylqn,0,1,9:54.988,9:51.164,01 Aug 2022,1368,(V),-7315821799138863380,,,https://www.speedrun.com/mc/runs/yod43rjm,9,51,164,591164,591,0,410359,1.440602009,517884,1.141498868,-0.0019,0.0743,4,43.7804,420.9225,91.9127,6.53840,,,,,,,,,,,,,,,,,,,,,,,,,30Â DecÂ '99,,,,,,,,,,,,,,,,,,,,,,,,,,,,,,,,,,,,,,,,,,,,,,,,,,,,,,,,,
ð³ð´,skycrab1,0,0,9:50.489,9:51.181,20 Mar 2026,41,(U),unknown,,,https://www.youtube.com/watch?v=_SXbQSqj37s&list=PLU3_fvoJ1GyMStiA29z37DUPtG47PvOJz&index=173,9,51,181,591181,591,0,410359,1.440643437,410359,1.440643437,-0.0019,0.9251,4,214.7546,91.8519,91.8519,6.53970,,,,,,,,,,,,,,,,,,,,,,,,,30Â DecÂ '99,,,,,,,,,,,,,,,,,,,,,,,,,,,,,,,,,,,,,,,,,,,,,,,,,,,,,,,,,
ð³ð´,skycrab1,0,0,9:51.202,9:51.202,09 Oct 2024,568,(U),6786942152196432309,,,https://www.youtube.com/watch?v=qIX6RDLk3Fw&list=PLU3_fvoJ1GyMStiA29z37DUPtG47PvOJz&index=79,9,51,202,591202,591,0,410359,1.440694611,421494,1.402634438,-0.0019,0.3399,4,87.8075,109.3432,91.7769,6.54130,,,,,,,,,,,,,,,,,,,,,,,,,30Â DecÂ '99,,,,,,,,,,,,,,,,,,,,,,,,,,,,,,--,,,,,,,,,,,,,,,,,,,,,,,,,,,
ð³ð´,skycrab1,0,0,9:51.237,9:51.237,04 Sep 2024,603,(U),-5564102044404778436,,,https://www.youtube.com/watch?v=J6913JzSFoI&list=PLU3_fvoJ1GyMStiA29z37DUPtG47PvOJz&index=63,9,51,237,591237,591,0,410359,1.440779902,421494,1.402717476,-0.0019,0.3180,4,82.1387,109.2022,91.6520,6.54397,,,,,,,,,,,,,,,,,,,,,,,,,30Â DecÂ '99,,,,,,,,,,,,,,,,,,,,,,,,,,,,,,--,,,,,,,,,,,,,,,,,,,,,,,,,,,
ð®ð¹,drip120,0,0,9:49.755,9:51.238,17 Dec 2025,134,(U),unknown,,,https://www.youtube.com/watch?v=wz6HL9sHv3A,9,51,238,591238,591,0,410359,1.440782339,410359,1.440782339,-0.0019,0.7752,4,179.9016,91.6484,91.6484,6.54405,,,,,,,,,,,,,,,,,,,,,,,,,30Â DecÂ '99,,,,,,,,,,,,,,,,,,,,,,,,,,,,,,--,,,,,,,,,,,,,,,,,,,,,,,,,,,
ð«ð®,AndrewCrow,0,0,9:51.066,9:51.257,09 Jun 2025,325,(U),unknown,,,https://www.youtube.com/watch?v=v8YGkPkyD8w,9,51,257,591257,591,0,410359,1.44082864,421494,1.402764927,-0.0019,0.5393,4,139.2783,109.1217,91.5806,6.54550,,,,,,,,,,,,,,,,,,,,,,,,,30Â DecÂ '99,,,,,,,,,,,,,,,,,,,,,,,,,,,,,,,,,,,,,,,,,,,,,,,,,,,,,,,,,
ð¬ð§,priffie,0,1,9:52.129,9:52.129,06 Apr 2023,1120,(V),-6774371518579710751,12,Yes,https://www.speedrun.com/mc/run/y4g4q23y,9,52,129,592129,592,0,410359,1.442953609,465828,1.271132263,-0.0019,0.1191,4,45.6098,204.6709,88.5055,6.61233,,,,,,,,,,,,,,,,,,,,,,,,,30Â DecÂ '99,,,,,,,,,,,,,,,,,,,,,,,,,,,,,,--,,,,,,,,,,,,,,,,,,,,,,,,,,,
ð©ð°,Bloopy,0,0,9:51.888,9:52.213,01 Dec 2024,515,(U),-585511820718115060,,,https://www.youtube.com/watch?v=NZGdtGg7EMI,9,52,213,592213,592,0,410359,1.443158308,421494,1.405033049,-0.0019,0.3759,4,96.4488,105.3154,88.2129,6.61880,,,,,,,,,,,,,,,,,,,,,,,,,30Â DecÂ '99,,,,,,,,,,,,,,,,,,,,,,,,,,,,,,--,,,,,,,,,,,,,,,,,,,,,,,,,,,
ðºð¸,doogile,0,0,9:47.627,9:52.339,30 Mar 2025,396,(U),unknown,,,https://www.youtube.com/watch?v=qhwp9ohvjNc,9,52,339,592339,592,0,410359,1.443465356,421494,1.405331986,-0.0019,0.4712,4,120.8151,104.8202,87.7753,6.62852,,,,,,,,,,,,,,,,,,,,,,,,,30Â DecÂ '99,,,,,,,,,,,,,,,,,,,,,,,,,,,,,,--,,,,,,,,,,,,,,,,,,,,,,,,,,,
ð§ðª,boyenn,0,0,9:52.329,9:52.329,02 May 2025,363,(U),unknown,,,https://www.youtube.com/watch?v=d_SBrMIiMm4,9,52,329,592329,592,0,410359,1.443440987,421494,1.405308261,-0.0019,0.5017,4,128.6414,104.8594,87.8099,6.62775,,,,,,,,,,,,,,,,,,,,,,,,,30Â DecÂ '99,,,,,,,,,,,,,,,,,,,,,,,,,,,,,,--,,,,,,,,,,,,,,,,,,,,,,,,,,,
ð¸ð°,NoFear1337,0,0,9:50.254,9:52.607,29 Aug 2025,244,(U),unknown,,,https://www.youtube.com/watch?v=1CSaPJ3zD9E,9,52,607,592607,593,1,410359,1.444118443,410359,1.444118443,-0.0019,0.6290,4,144.6271,86.8491,86.8491,6.64922,,,,,,,,,,,,,,,,,,,,,,,,,30Â DecÂ '99,,,,,,,,,,,,,,,,,,,,,,,,,,,,,,--,,,,,,,,,,,,,,,,,,,,,,,,,,,
ð¸ð°,NoFear1337,0,0,9:52.674,9:52.674,14 Jul 2023,1021,(U),3311070428506478041,,,https://www.youtube.com/watch?v=0xG_Me1Rz5g,9,52,674,592674,593,1,410359,1.444281714,465828,1.272302223,-0.0019,0.1437,4,54.8468,201.3788,86.6186,6.65441,,,,,,,,,,,,,,,,,,,,,,,,,30Â DecÂ '99,,,,,,,,,,,,,,,,,,,,,,,,,,,,,,--,,,,,,,,,,,,,,,,,,,,,,,,,,,
ð¸ð°,NoFear1337,0,0,9:51.200,9:52.693,27 Nov 2024,519,(U),unknown,,,https://www.youtube.com/watch?v=fOaCQDFWOJY&list=PLaTJSsRuu2UeeWabBBfNVWALvnefBoL2C&index=14,9,52,693,592693,593,1,410359,1.444328015,421494,1.406171855,-0.0019,0.3730,4,95.4088,103.4367,86.5533,6.65588,,,,,,,,,,,,,,,,,,,,,,,,,30Â DecÂ '99,,,,,,,,,,,,,,,,,,,,,,,,,,,,,,--,,,,,,,,,,,,,,,,,,,,,,,,,,,
ð«ð®,AndrewCrow,0,0,9:51.787,9:52.736,08 Feb 2025,446,(U),unknown,,,https://www.youtube.com/watch?v=3nU_mEfgpK0,9,52,736,592736,593,1,410359,1.444432802,421494,1.406273873,-0.0019,0.4285,4,109.5719,103.2694,86.4057,6.65921,,,,,,,,,,,,,,,,,,,,,,,,,30Â DecÂ '99,,,,,,,,,,,,,,,,,,,,,,,,,,,,,,,,,,,,,,,,,,,,,,,,,,,,,,,,,
ð¸ð°,NoFear1337,0,0,9:52.350,9:52.741,04 Nov 2025,177,(U),unknown,,,https://www.youtube.com/watch?v=OHpcSW2oLMw,9,52,741,592741,593,1,410359,1.444444986,410359,1.444444986,-0.0019,0.7144,4,164.1129,86.3885,86.3885,6.65960,,,,,,,,,,,,,,,,,,,,,,,,,30Â DecÂ '99,,,,,,,,,,,,,,,,,,,,,,,,,,,,,,--,,,,,,,,,,,,,,,,,,,,,,,,,,,
ðºð¸,Zylenox,0,1,9:50.003,9:52.982,01 Oct 2022,1307,(X),7341342396448378050,06,Yes,https://www.speedrun.com/mc/run/zgqlvxey,9,52,982,592982,593,1,410359,1.445032277,517884,1.145009307,-0.0019,0.0835,4,48.5602,404.8149,85.5641,6.67829,,,,,,,,,,,,,,,,,,,,,,,,,30Â DecÂ '99,,,,,,,,,,,,,,,,,,,,,,,,,,,,,,--,,,,,,,,,,,,,,,,,,,,,,,,,,,
ð«ð®,AndrewCrow,0,0,9:51.477,9:53.013,04 Jul 2025,300,(U),unknown,,,https://www.youtube.com/watch?v=CjilClmnXOo,9,53,13,593013,593,0,410359,1.44510782,410359,1.44510782,-0.0019,0.5655,4,129.6735,85.4585,85.4585,6.68070,,,,,,,,,,,,,,,,,,,,,,,,,30Â DecÂ '99,,,,,,,,,,,,,,,,,,,,,,,,,,,,,,,,,,,,,,,,,,,,,,,,,,,,,,,,,
ð¨ð¦,Aquacorde,0,0,9:52.194,9:53.340,22 Sep 2024,585,(U),-9213133469295055645,,,https://www.youtube.com/watch?v=WlkQTuuVfUg,9,53,340,593340,593,0,410359,1.445904683,421494,1.407706871,-0.0019,0.3291,4,83.7978,100.9384,84.3493,6.70614,,,,,,,,,,,,,,,,,,,,,,,,,30Â DecÂ '99,,,,,,,,,,,,,,,,,,,,,,,,,,,,,,--,,,,,,,,,,,,,,,,,,,,,,,,,,,
ð«ð®,AndrewCrow,0,1,9:53.628,9:53.628,09 Mar 2022,1513,(V),-4620186726931781022,,,https://www.speedrun.com/mc/runs/yvq5e58m,9,53,628,593628,594,1,410359,1.446606508,548820,1.081644255,-0.0019,0.0564,4,41.2283,589.7376,83.3803,6.72862,,,,,,,,,,,,,,,,,,,,,,,,,30Â DecÂ '99,,,,,,,,,,,,,,,,,,,,,,,,,,,,,,,,,,,,,,,,,,,,,,,,,,,,,,,,,
ð³ð´,skycrab1,0,0,9:52.003,9:53.778,08 Aug 2024,630,(U),-7456900742999053389,,,https://www.youtube.com/watch?v=nJT3-TIU4ak&list=PLU3_fvoJ1GyMStiA29z37DUPtG47PvOJz&index=49,9,53,778,593778,594,1,410359,1.446972042,421494,1.408746032,-0.0019,0.3021,4,76.7041,99.2694,82.8786,6.74035,,,,,,,,,,,,,,,,,,,,,,,,,30Â DecÂ '99,,,,,,,,,,,,,,,,,,,,,,,,,,,,,,--,,,,,,,,,,,,,,,,,,,,,,,,,,,
ð«ð®,AndrewCrow,0,0,9:51.947,9:53.877,28 May 2025,337,(U),unknown,,,https://www.youtube.com/watch?v=f7zANgiWh0A,9,53,877,593877,594,1,410359,1.447213294,421494,1.408980911,-0.0019,0.5271,4,133.7522,98.8947,82.5486,6.74810,,,,,,,,,,,,,,,,,,,,,,,,,30Â DecÂ '99,,,,,,,,,,,,,,,,,,,,,,,,,,,,,,,,,,,,,,,,,,,,,,,,,,,,,,,,,
ðºð¸,Zylenox,0,0,9:52.464,9:53.967,08 Jun 2023,1057,(U),unknown,15,Yes,https://www.youtube.com/watch?v=tgOPJWqSS2A,9,53,967,593967,594,1,410359,1.447432614,465828,1.275077926,-0.0019,0.1342,4,50.7761,193.6790,82.2493,6.75516,,,,,,,,,,,,,,,,,,,,,,,,,30Â DecÂ '99,,,,,,,,,,,,,,,,,,,,,,,,,,,,,,--,,,,,,,,,,,,,,,,,,,,,,,,,,,
ð¸ð°,NoFear1337,0,0,9:54.420,9:54.420,03 Jul 2024,666,(U),unknown,,,https://www.youtube.com/watch?v=wLSjADbTw0g&list=PLaTJSsRuu2UeeWabBBfNVWALvnefBoL2C&index=11,9,54,420,594420,594,0,410359,1.448536525,421494,1.410269185,-0.0019,0.2821,4,71.3240,96.8555,80.7542,6.79077,,,,,,,,,,,,,,,,,,,,,,,,,30Â DecÂ '99,,,,,,,,,,,,,,,,,,,,,,,,,,,,,,--,,,,,,,,,,,,,,,,,,,,,,,,,,,
ðºð¸,doogile,0,0,9:48.840,9:54.481,30 Nov 2023,882,(U),984680660246125124,,,https://www.youtube.com/watch?v=o4MQAI-5dNk,9,54,481,594481,594,0,410359,1.448685176,465828,1.276181337,-0.0019,0.1872,4,70.5602,190.6619,80.5542,6.79558,,,,,,,,,,,,,,,,,,,,,,,,,30Â DecÂ '99,,,,,,,,,,,,,,,,,,,,,,,,,,,,,,--,,,,,,,,,,,,,,,,,,,,,,,,,,,
ð³ð´,skycrab1,0,0,9:53.575,9:54.586,23 May 2024,707,(U),891404935747886516,,,https://www.youtube.com/watch?v=Jej0PF9SsMc&list=PLU3_fvoJ1GyMStiA29z37DUPtG47PvOJz&index=22,9,54,586,594586,595,1,410359,1.448941049,421494,1.410663022,-0.0019,0.2610,4,65.9051,96.2376,80.2109,6.80386,,,,,,,,,,,,,,,,,,,,,,,,,30Â DecÂ '99,,,,,,,,,,,,,,,,,,,,,,,,,,,,,,--,,,,,,,,,,,,,,,,,,,,,,,,,,,
ðºð¸,doogile,0,0,9:53.274,9:54.737,30 Apr 2023,1096,(U),8647590348212055728,,,https://www.youtube.com/watch?v=LCDb8vZEG8M,9,54,737,594737,595,1,410359,1.44930902,465828,1.276730896,-0.0019,0.1246,4,46.9059,189.1687,79.7188,6.81579,,,,,,,,,,,,,,,,,,,,,,,,,30Â DecÂ '99,,,,,,,,,,,,,,,,,,,,,,,,,,,,,,--,,,,,,,,,,,,,,,,,,,,,,,,,,,
ð³ð´,skycrab1,0,1,9:48.928,9:54.790,17 Aug 2023,987,(V),4841977551772325086,,,https://www.speedrun.com/mc/runs/zx3pxk8z,9,54,790,594790,595,1,410359,1.449438175,465828,1.276844672,-0.0019,0.1533,4,57.6787,188.8603,79.5466,6.81998,,,,,,,,,,,,,,,,,,,,,,,,,30Â DecÂ '99,,,,,,,,,,,,,,,,,,,,,,,,,,,,,,--,,,,,,,,,,,,,,,,,,,,,,,,,,,
ð«ð®,AndrewCrow,0,0,9:52.821,9:54.803,26 May 2025,339,(U),unknown,,,https://www.youtube.com/watch?v=26-ceURSKcg,9,54,803,594803,595,1,410359,1.449469854,421494,1.411177858,-0.0019,0.5251,4,132.4171,95.4337,79.5044,6.82101,,,,,,,,,,,,,,,,,,,,,,,,,30Â DecÂ '99,,,,,,,,,,,,,,,,,,,,,,,,,,,,,,,,,,,,,,,,,,,,,,,,,,,,,,,,,
ð³ð´,skycrab1,0,0,9:51.595,9:55.093,04 Nov 2023,908,(U),unknown,,,https://www.youtube.com/watch?v=6XR2MBsNb6k&list=PLU3_fvoJ1GyMStiA29z37DUPtG47PvOJz&index=3,9,55,93,595093,595,0,410359,1.450176553,465828,1.277495127,-0.0019,0.1781,4,66.8834,187.1025,78.5668,6.84398,,,,,,,,,,,,,,,,,,,,,,,,,30Â DecÂ '99,,,,,,,,,,,,,,,,,,,,,,,,,,,,,,--,,,,,,,,,,,,,,,,,,,,,,,,,,,
ðµð±,watermelon1708,0,0,9:55.102,9:55.102,09 Nov 2025,172,(U),unknown,,,https://www.youtube.com/watch?v=ZPS7AydV7hs,9,55,102,595102,595,0,410359,1.450198485,410359,1.450198485,-0.0019,0.7212,4,163.0658,78.5378,78.5378,6.84469,,,,,,,,,,,,,,,,,,,,,,,,,30Â DecÂ '99,,,,,,,,,,,,,,,,,,,,,,,,,,,,,,--,,,,,,,,,,,,,,,,,,,,,,,,,,,
ð³ð´,skycrab1,0,0,9:55.288,9:55.288,11 Sep 2024,596,(U),-7383229006023208125,,,https://www.youtube.com/watch?v=hsEjtrLyOUM&list=PLU3_fvoJ1GyMStiA29z37DUPtG47PvOJz&index=68,9,55,288,595288,595,0,410359,1.450651746,421494,1.412328527,-0.0019,0.3223,4,80.9957,93.6530,77.9406,6.85946,,,,,,,,,,,,,,,,,,,,,,,,,30Â DecÂ '99,,,,,,,,,,,,,,,,,,,,,,,,,,,,,,--,,,,,,,,,,,,,,,,,,,,,,,,,,,
ð¸ð°,NoFear1337,0,0,9:55.440,9:55.440,02 Oct 2023,941,(U),unknown,,,https://www.youtube.com/watch?v=wSvd77nUE5w,9,55,440,595440,595,0,410359,1.451022154,465828,1.278240037,-0.0019,0.1673,4,62.6722,185.1003,77.4548,6.87155,,,,,,,,,,,,,,,,,,,,,,,,,30Â DecÂ '99,,,,,,,,,,,,,,,,,,,,,,,,,,,,,,--,,,,,,,,,,,,,,,,,,,,,,,,,,,
ð¸ð°,NoFear1337,0,0,9:55.325,9:55.616,06 May 2024,724,(U),unknown,,,https://www.youtube.com/watch?v=SGv4ZI8oRZs&list=PLaTJSsRuu2UeeWabBBfNVWALvnefBoL2C&index=9,9,55,616,595616,596,1,410359,1.451451047,421494,1.413106711,-0.0019,0.2527,4,63.3701,92.4611,76.8948,6.88558,,,,,,,,,,,,,,,,,,,,,,,,,30Â DecÂ '99,,,,,,,,,,,,,,,,,,,,,,,,,,,,,,--,,,,,,,,,,,,,,,,,,,,,,,,,,,
ð¹ð¿,Kxpow,0,0,9:54.397,9:55.748,04 Dec 2023,878,(U),5607338791284436984,09,Yes,https://www.youtube.com/watch?v=A7-MF6MUslQ,9,55,748,595748,596,1,410359,1.451772716,465828,1.278901225,-0.0019,0.1886,4,70.4956,183.3328,76.4767,6.89611,,,,,,,,,,,,,,,,,,,,,,,,,30Â DecÂ '99,,,,,,,,,,,,,,,,,,,,,,,,,,,,,,--,,,,,,,,,,,,,,,,,,,,,,,,,,,
ðºð¸,doogile,0,0,9:54.943,9:55.997,03 Mar 2024,788,(U),-6539725761091483883,,,https://www.youtube.com/watch?v=xPmNTEmWuPM,9,55,997,595997,596,1,410359,1.452379502,421494,1.414010638,-0.0019,0.2238,4,55.9711,91.0891,75.6922,6.91602,,,,,,,,,,,,,,,,,,,,,,,,,30Â DecÂ '99,,,,,,,,,,,,,,,,,,,,,,,,,,,,,,--,,,,,,,,,,,,,,,,,,,,,,,,,,,
ð¸ð°,NoFear1337,0,0,9:55.940,9:56.174,17 Jun 2025,317,(U),unknown,,,https://www.youtube.com/watch?v=Ueljb7uj3fA,9,56,174,596174,596,0,410359,1.452810831,410359,1.452810831,-0.0019,0.5476,4,122.9103,75.1378,75.1378,6.93020,,,,,,,,,,,,,,,,,,,,,,,,,30Â DecÂ '99,,,,,,,,,,,,,,,,,,,,,,,,,,,,,,--,,,,,,,,,,,,,,,,,,,,,,,,,,,
ð¸ð°,NoFear1337,0,0,9:56.184,9:56.184,10 Dec 2023,872,(U),unknown,,,https://www.youtube.com/watch?v=qT6Bdh7x3RY,9,56,184,596184,596,0,410359,1.4528352,446254,1.335974579,-0.0019,0.1907,4,59.8781,134.3050,75.1066,6.93100,,,,,,,,,,,,,,,,,,,,,,,,,30Â DecÂ '99,,,,,,,,,,,,,,,,,,,,,,,,,,,,,,--,,,,,,,,,,,,,,,,,,,,,,,,,,,
ðµð±,watermelon1708,0,0,9:55.885,9:56.256,03 Oct 2025,209,(U),unknown,,,https://www.youtube.com/watch?v=LJp8oxqNGWs,9,56,256,596256,596,0,410359,1.453010657,410359,1.453010657,-0.0019,0.6723,4,150.8226,74.8819,74.8819,6.93678,,,,,,,,,,,,,,,,,,,,,,,,,30Â DecÂ '99,,,,,,,,,,,,,,,,,,,,,,,,,,,,,,--,,,,,,,,,,,,,,,,,,,,,,,,,,,
ðºð¸,doogile,0,0,9:54.068,9:56.523,23 Feb 2023,1162,(U),6408064456688013983,,,https://www.youtube.com/watch?v=GdCYkElNK1M,9,56,523,596523,597,1,410359,1.453661306,465828,1.28056493,-0.0019,0.1099,4,40.8845,178.9262,74.0529,6.95824,,,,,,,,,,,,,,,,,,,,,,,,,30Â DecÂ '99,,,,,,,,,,,,,,,,,,,,,,,,,,,,,,--,,,,,,,,,,,,,,,,,,,,,,,,,,,
ð³ð´,skycrab1,0,0,9:56.544,9:56.544,17 Jan 2025,468,(U),4734961951437511625,,,https://www.youtube.com/watch?v=b02Hcjv7jIE&list=PLU3_fvoJ1GyMStiA29z37DUPtG47PvOJz&index=109,9,56,544,596544,597,1,410359,1.453712481,421494,1.415308403,-0.0019,0.4110,4,102.4285,89.1430,73.9880,6.95993,,,,,,,,,,,,,,,,,,,,,,,,,30Â DecÂ '99,,,,,,,,,,,,,,,,,,,,,,,,,,,,,,--,,,,,,,,,,,,,,,,,,,,,,,,,,,
ð³ð´,skycrab1,0,0,9:56.649,9:56.649,08 Dec 2025,143,(U),unknown,,,https://www.youtube.com/watch?v=P0qk2AGV3VY&list=PLU3_fvoJ1GyMStiA29z37DUPtG47PvOJz&index=152,9,56,649,596649,597,1,410359,1.453968355,410359,1.453968355,-0.0019,0.7621,4,170.5228,73.6638,73.6638,6.96839,,,,,,,,,,,,,,,,,,,,,,,,,30Â DecÂ '99,,,,,,,,,,,,,,,,,,,,,,,,,,,,,,--,,,,,,,,,,,,,,,,,,,,,,,,,,,
ð«ð®,AndrewCrow,0,0,9:55.082,9:56.893,07 Oct 2025,205,(U),unknown,,,https://www.youtube.com/watch?v=X6H87b0GOCI,9,56,893,596893,597,1,410359,1.454562956,410359,1.454562956,-0.0019,0.6774,4,151.3255,72.9144,72.9144,6.98807,,,,,,,,,,,,,,,,,,,,,,,,,30Â DecÂ '99,,,,,,,,,,,,,,,,,,,,,,,,,,,,,,,,,,,,,,,,,,,,,,,,,,,,,,,,,
ð³ð´,skycrab1,0,0,9:56.902,9:56.902,04 Oct 2024,573,(U),-633820598283488717,,,https://www.youtube.com/watch?v=PI6D8MfZuDk&list=PLU3_fvoJ1GyMStiA29z37DUPtG47PvOJz&index=75,9,56,902,596902,597,1,410359,1.454584888,421494,1.416157763,-0.0019,0.3367,4,83.7022,87.8843,72.8869,6.98880,,,,,,,,,,,,,,,,,,,,,,,,,30Â DecÂ '99,,,,,,,,,,,,,,,,,,,,,,,,,,,,,,--,,,,,,,,,,,,,,,,,,,,,,,,,,,
ð¨ð¦,Aquacorde,0,0,9:56.926,9:56.926,27 Mar 2025,399,(U),5157843297046225006,,,https://www.youtube.com/watch?v=hGn2BSJHRhA,9,56,926,596926,597,1,410359,1.454643373,421494,1.416214703,-0.0019,0.4686,4,116.4783,87.8003,72.8135,6.99074,,,,,,,,,,,,,,,,,,,,,,,,,30Â DecÂ '99,,,,,,,,,,,,,,,,,,,,,,,,,,,,,,--,,,,,,,,,,,,,,,,,,,,,,,,,,,
ð¨ð¦,NoHacsJustRoblox,0,0,9:57.026,9:57.026,17 Apr 2024,743,(U),-3757955350309369688,,,https://www.youtube.com/watch?v=P8t-qbFZ-BY,9,57,26,597026,597,0,410359,1.454887062,421494,1.416451954,-0.0019,0.2437,4,60.5479,87.4511,72.5081,6.99882,,,,,,,,,,,,,,,,,,,,,,,,,30Â DecÂ '99,,,,,,,,,,,,,,,,,,,,,,,,,,,,,,--,,,,,,,,,,,,,,,,,,,,,,,,,,,
ð®ð¹,drip120,0,1,9:55.892,9:57.317,03 Jul 2023,1032,(V),2452531967130653073,,Yes,https://www.speedrun.com/mc/runs/z1lg9prm,9,57,317,597317,597,0,410359,1.455596197,465828,1.282269421,-0.0019,0.1407,4,52.0617,174.4724,71.6246,7.02240,,,,,,,,,,,,,,,,,,,,,,,,,30Â DecÂ '99,,,,,,,,,,,,,,,,,,,,,,,,,,,,,,--,,,,,,,,,,,,,,,,,,,,,,,,,,,
ð³ð´,skycrab1,0,1,9:51.461,9:57.147,11 May 2023,1085,(U),2605522184157601882,,,https://www.youtube.com/watch?v=jYU7tFrq3Kw,9,57,147,597147,597,0,410359,1.455181926,465828,1.28190448,-0.0019,0.1273,4,47.1280,175.4208,72.1399,7.00862,,,,,,,,,,,,,,,,,,,,,,,,,30Â DecÂ '99,,,,,,,,,,,,,,,,,,,,,,,,,,,,,,--,,,,,,,,,,,,,,,,,,,,,,,,,,,
ð³ð´,skycrab1,0,0,9:56.329,9:57.615,29 Aug 2024,609,(U),-4480279023059321104,,,https://www.youtube.com/watch?v=c_knIEDIN0Q&list=PLU3_fvoJ1GyMStiA29z37DUPtG47PvOJz&index=60,9,57,615,597615,598,1,410359,1.456322391,421494,1.417849364,-0.0019,0.3144,4,77.7960,85.4127,70.7275,7.04661,,,,,,,,,,,,,,,,,,,,,,,,,30Â DecÂ '99,,,,,,,,,,,,,,,,,,,,,,,,,,,,,,--,,,,,,,,,,,,,,,,,,,,,,,,,,,
ðºð¸,doogile,0,0,9:56.917,9:57.529,17 Oct 2023,926,(U),-5689854122444057127,,,https://www.youtube.com/watch?v=2BCjNspgecU,9,57,529,597529,598,1,410359,1.456112818,465828,1.282724525,-0.0019,0.1721,4,63.5871,173.2937,70.9856,7.03961,,,,,,,,,,,,,,,,,,,,,,,,,30Â DecÂ '99,,,,,,,,,,,,,,,,,,,,,,,,,,,,,,--,,,,,,,,,,,,,,,,,,,,,,,,,,,
ð³ð´,skycrab1,0,0,9:56.188,9:57.562,02 Jun 2024,697,(U),3940068487217196837,,,https://www.youtube.com/watch?v=iAdpF0Sqc88&list=PLU3_fvoJ1GyMStiA29z37DUPtG47PvOJz&index=26,9,57,562,597562,598,1,410359,1.456193236,421494,1.417723621,-0.0019,0.2660,4,65.8412,85.5948,70.8865,7.04230,,,,,,,,,,,,,,,,,,,,,,,,,30Â DecÂ '99,,,,,,,,,,,,,,,,,,,,,,,,,,,,,,--,,,,,,,,,,,,,,,,,,,,,,,,,,,
ð³ð´,skycrab1,0,0,9:56.538,9:57.820,14 Aug 2024,624,(U),479487356210199051,,,https://www.youtube.com/watch?v=1M8TGn4UPXE&list=PLU3_fvoJ1GyMStiA29z37DUPtG47PvOJz&index=54,9,57,820,597820,598,1,410359,1.456821953,421494,1.41833573,-0.0019,0.3056,4,75.5065,84.7107,70.1149,7.06330,,,,,,,,,,,,,,,,,,,,,,,,,30Â DecÂ '99,,,,,,,,,,,,,,,,,,,,,,,,,,,,,,--,,,,,,,,,,,,,,,,,,,,,,,,,,,
ð¸ð°,NoFear1337,0,0,9:54.437,9:57.999,09 Oct 2025,203,(U),unknown,,,https://www.youtube.com/watch?v=ksuzNN1cGZo,9,57,999,597999,598,1,410359,1.457258157,410359,1.457258157,-0.0019,0.6800,4,150.7810,69.5830,69.5830,7.07791,,,,,,,,,,,,,,,,,,,,,,,,,30Â DecÂ '99,,,,,,,,,,,,,,,,,,,,,,,,,,,,,,--,,,,,,,,,,,,,,,,,,,,,,,,,,,
ð³ð´,skycrab1,0,0,9:57.276,9:58.045,20 Jun 2024,679,(U),1800265226031074073,,,https://www.youtube.com/watch?v=wnyuQs9XN68&list=PLU3_fvoJ1GyMStiA29z37DUPtG47PvOJz&index=35,9,58,45,598045,598,0,410359,1.457370254,421494,1.418869545,-0.0019,0.2752,4,67.9120,83.9448,69.4468,7.08167,,,,,,,,,,,,,,,,,,,,,,,,,30Â DecÂ '99,,,,,,,,,,,,,,,,,,,,,,,,,,,,,,--,,,,,,,,,,,,,,,,,,,,,,,,,,,
ðºð¸,meebie,0,0,9:57.945,9:58.412,03 Dec 2023,879,(U),unknown,,,https://www.youtube.com/watch?v=nh-UhStAL0s&list=PLaTJSsRuu2Ufk7cX7bUTt9V-IJxa8wqSM&index=7,9,58,412,598412,598,0,410359,1.458264593,465828,1.284620074,-0.0019,0.1882,4,69.1172,168.4322,68.3664,7.11172,,,,,,,,,,,,,,,,,,,,,,,,,0,,,,,,,,,,,,,,,,,,,,,,,,,,,,,,--,,,,,,,,,,,,,,,,,,,,,,,,,,,
ðºð¸,doogile,0,0,9:56.283,9:58.776,24 Oct 2023,919,(U),-7334551745838915059,,,https://www.youtube.com/watch?v=m6JOuubXYqM,9,58,776,598776,599,1,410359,1.459151621,465828,1.285401479,-0.0019,0.1745,4,63.9033,166.4507,67.3064,7.14163,,,,,,,,,,,,,,,,,,,,,,,,,0,,,,,,,,,,,,,,,,,,,,,,,,,,,,,,--,,,,,,,,,,,,,,,,,,,,,,,,,,,
ð³ð´,skycrab1,0,0,9:58.937,9:58.937,22 Jul 2025,282,(U),unknown,,,https://www.youtube.com/watch?v=GyLMFvz9RwQ&list=PLU3_fvoJ1GyMStiA29z37DUPtG47PvOJz&index=136,9,58,937,598937,599,1,410359,1.45954396,410359,1.45954396,-0.0019,0.5852,4,128.9544,66.8412,66.8412,7.15489,,,,,,,,,,,,,,,,,,,,,,,,,30Â DecÂ '99,,,,,,,,,,,,,,,,,,,,,,,,,,,,,,--,,,,,,,,,,,,,,,,,,,,,,,,,,,
ð§ð¾,MiGor,0,1,9:58.953,9:59.304,09 Mar 2023,1148,(V),-9045855264029833300,,,https://www.speedrun.com/mc/runs/ywvx7j9z,9,59,304,599304,599,0,410359,1.460438299,465828,1.286534944,-0.0019,0.1129,4,41.2126,163.6000,65.7891,7.18521,,,,,,,,,,,,,,,,,,,,,,,,,30Â DecÂ '99,,,,,,,,,,,,,,,,,,,,,,,,,,,,,,--,,,,,,,,,,,,,,,,,,,,,,,,,,,
ð³ð´,skycrab1,0,0,9:59.434,9:59.434,03 Feb 2025,451,(U),1510017576030083045,,,https://www.youtube.com/watch?v=2hEq9CQ2tCI&list=PLU3_fvoJ1GyMStiA29z37DUPtG47PvOJz&index=113,9,59,434,599434,599,0,410359,1.460755095,421494,1.422164966,-0.0019,0.4245,4,103.7655,79.3188,65.4193,7.19597,,,,,,,,,,,,,,,,,,,,,,,,,30Â DecÂ '99,,,,,,,,,,,,,,,,,,,,,,,,,,,,,,--,,,,,,,,,,,,,,,,,,,,,,,,,,,
ðµð±,okshey,0,0,9:58.895,9:59.567,11 Oct 2025,201,(U),unknown,,,https://www.youtube.com/watch?v=8dxPz9_7hnI,9,59,567,599567,600,1,410359,1.461079201,410359,1.461079201,-0.0019,0.6826,4,149.7780,65.0424,65.0424,7.20700,,,,,,,,,,,,,,,,,,,,,,,,,30Â DecÂ '99,,,,,,,,,,,,,,,,,,,,,,,,,,,,,,,,,,,,,,,,,,,,,,,,,,,,,,,,,
ðºð¸,Dav1E,0,1,9:56.187,9:59.801,04 Mar 2023,1153,(V),-4842662315057252519,,,https://www.speedrun.com/mc/runs/ydglnxxy,9,59,801,599801,600,1,410359,1.461649434,465828,1.287601862,-0.0019,0.1118,4,40.6878,160.9422,64.3829,7.22644,,,,,,,,,,,,,,,,,,,,,,,,,30Â DecÂ '99,,,,,,,,,,,,,,,,,,,,,,,,,,,,,,--,,,,,,,,,,,,,,,,,,,,,,,,,,,
ð¹ð¿,Kxpow,0,0,9:57.406,9:59.883,13 Nov 2023,899,(U),2010962759059367227,,,https://www.youtube.com/watch?v=Um24X3kHXaQ,9,59,883,599883,600,1,410359,1.461849259,465828,1.287777892,-0.0019,0.1812,4,65.8897,160.5061,64.1529,7.23326,,,,,,,,,,,,,,,,,,,,,,,,,30Â DecÂ '99,,,,,,,,,,,,,,,,,,,,,,,,,,,,,,,,,,,,,,,,,,,,,,,,,,,,,,,,,
ð¸ð°,NoFear1337,0,0,9:59.977,9:59.977,26 Jul 2023,1009,(U),unknown,,,https://www.youtube.com/watch?v=jIXSA_OzqEo,9,59,977,599977,600,1,410359,1.462078327,465828,1.287979683,-0.0019,0.1470,4,53.4291,160.0070,63.8900,7.24109,,,,,,,,,,,,,,,,,,,,,,,,,30Â DecÂ '99,,,,,,,,,,,,,,,,,,,,,,,,,,,,,,--,,,,,,,,,,,,,,,,,,,,,,,,,,,
,test_runner,0,0,11:07.000,11:07.000,20 Mar 2021,1867,(B),unknown,,,https://www.youtube.com/watch?v=dQw4w9WgXcQ,11,7,0,667000,667,0,410359,1.625406047,,#DIV/0!,-0.0019,0.0288,,,#DIV/0!,1000.0000,,,,,,,,,,,,,,,,,,,,,,,,,,30Â DecÂ '99,,,,,,,,,,,,,,,,,,,,,,,,,,,,,,--,,,,,,,,,,,,,,,,,,,,,,,,,,,
,,0,0,,,30 Dec 1899,,,,,,,,,,,0,,410359,0,,#DIV/0!,-0.0019,1.0000,,,#DIV/0!,1000.0000,,,,,,,,,,,,,,,,,,,,,,,,,,30Â DecÂ '99,,,,,,,,,,,,,,,,,,,,,,,,,,,,,,--,,,,,,,,,,,,,,,,,,,,,,,,,,,
,,0,0,,,30 Dec 1899,,,,,,,,,,,0,,410359,0,,#DIV/0!,-0.0019,1.0000,,,#DIV/0!,1000.0000,,,,,,,,,,,,,,,,,,,,,,,,,,30Â DecÂ '99,,,,,,,,,,,,,,,,,,,,,,,,,,,,,,--,,,,,,,,,,,,,,,,,,,,,,,,,,,
,,0,0,,,30 Dec 1899,,,,,,,,,,,0,,410359,0,,#DIV/0!,-0.0019,1.0000,,,#DIV/0!,1000.0000,,,,,,,,,,,,,,,,,,,,,,,,,,30Â DecÂ '99,,,,,,,,,,,,,,,,,,,,,,,,,,,,,,--,,,,,,,,,,,,,,,,,,,,,,,,,,,
,,0,0,,,30 Dec 1899,,,,,,,,,,,0,,410359,0,,#DIV/0!,-0.0019,1.0000,,,#DIV/0!,1000.0000,,,,,,,,,,,,,,,,,,,,,,,,,,30Â DecÂ '99,,,,,,,,,,,,,,,,,,,,,,,,,,,,,,--,,,,,,,,,,,,,,,,,,,,,,,,,,,
,,0,0,,,30 Dec 1899,,,,,,,,,,,,,,,,,,,,,,,,,,,,,,,,,,,,,,,,,,,,,,,,30Â DecÂ '99,,,,,,,,,,,,,,,,,,,,,,,,,,,,,,--,,,,,,,,,,,,,,,,,,,,,,,,,,,
,,0,0,,,30 Dec 1899,,,,,,,,,,,,,,,,,,,,,,,,,,,,,,,,,,,,,,,,,,,,,,,,30Â DecÂ '99,,,,,,,,,,,,,,,,,,,,,,,,,,,,,,--,,,,,,,,,,,,,,,,,,,,,,,,,,,