flag,runner_name,is_wr,is_pb,in_game_time,re_timed_time,date,days_since,src_status,seed,instances(depracated),depracated,link,minutes,seconds,milliseconds,total_milliseconds,total_seconds,rounding,current_wr,normal_time,wr_at_time,normal_time,decay,weight,k,run_score,non_weighted_run_score,current_wr_run_score,dynamic_k,blank,iron_source,has_tnt,enter_type,enter_time,enter_structure1_split,structure_1_time,structure1_type,structure1_split,structure1_exit_time,structure1_structure2_split,structure2_time,structure2_type,structure_2_split,structure2_exit,blaze_rates_string,blaze_rods_dropped,blazes_killed,blaze_rates_decimal,structure2_exit_exit1_split,rods_obtained_pre_exit1,num_exits,exit1_time,stronghold_travel_type,triangulation_split,eyes_thrown,eye_breaks,eyes_left,total_eye_loss,reenter_time,exit_2_split,stronghold_distance,<400,400-1000,1000-1500,1500-2000,200+,exit_2_time,theoretical_blind,nether_split,total_nether,total_ow2,post_blind,structure2_finish_split,structure2_exit_stronghold_split,stronghold_time,portal_room_locator_type,stronghold_split,frames_filled,frames_needed,end_enter_time,end_type,explosives_used,rotations,zero_explosivies,perch_explosives,end_spawn_type,dragon_node,dragon_location,dragon_angle,tower_height,tower,standing_height,end_split,truncated_igt,bastion_type,bastion_route,chests_checked,depracated,bastion_enter_time,bastion_enter_route_start_split,route_start_time,route_split,total_bastion_split,bastion_exit_time,obsidian,string,glowstone,arrows,pearls,crying_obsidian,days_since,elo_weight,elo,timeloss
🇺🇸,lowkey,1,1,6:48.508,6:50.359,11 Jun 2025,337,(V),-8717682453392808086,,Yes,https://www.speedrun.com/mc/runs/m7l7960y,6,50,359,410359,,,410359,1,421494,0.9735820676,-0.0005,0.8449,0.5145509995,85.6652,101.3871,1000.0000,0.60000,,BT,🗙,2x1 Magma,1:39,0:23,2:02,Bridge,1:58,4:00,0:00,4:00,Fort,0:32,4:32,6/6,6,6,1.00,0:12,Yes,2,4:44,Calc,#REF!,2,0,0,0,5:09,0:33,1289,0,0,1,0,0,5:42,4:44,3:05,3:38,1:12,2:04,2:48,1:10,5:42,Prempt,0:14,1,,5:56,Zero,6,4,6,--,O,B Diag,B,Diag,85,M85,99,0:52,6:48,Bridge,DK,6,DT,2:02,,,,1:58,4:00,28,82,22,40,,24,337,0.02176884848,22.07081468,"Nether enter, bastion split, stronghold distance"
🇨🇦,Jay12310,0,1,6:56.051,6:56.731,04 Feb 2026,99,(Q),6044301913007956989,,,https://www.speedrun.com/mc/runs/mep526qy,6,56,731,416731,,,410359,1.015527867,410359,1.015527867,-0.0005,0.9517,0.6569457855,94.2120,98.9928,989.7499,0.66865,,BT,,2x1 Magma,1:08,0:28,1:36,Stables,2:00,3:36,0:03,3:39,Fort,1:38,5:28,6/12,6,12,0.50,--,No,2,4:59,Calc,,1,0,1,1,5:10,0:23,739,0,1,0,0,0,5:51,5:17,4:09,4:32,0:47,1:39,3:17,0:23,5:51,Prempt,0:13,1,,6:04,Zero,5,,5,--,B57,F Diag,F,Diag,83,Small Cage,94,0:52,6:56,Stables,GAP,1,B-TST,1:36,,,,2:00,3:36,20,60,30,0,28,16,99,0.9075288706,898.3886784,"bastion split, fortress split, rates"
🇮🇹,drip120,1,1,7:00.799,7:01.494,03 Jan 2024,862,(V),8802654848425114236,15,Yes,https://www.speedrun.com/mc/run/y8ko8qny,7,1,494,421494,,,410359,1.027134777,446254,0.9445159035,-0.0005,0.6499,0.4353010615,66.6209,102.5159,980.7699,0.72526,,BT,,2x1 Magma,1:18,0:15,1:33,Treasure,1:38,3:11,0:21,3:32,Fort,0:58,4:57,6/9,6,9,0.67,--,No,2,4:26,Calc,,1,0,0,0,4:53,0:25,821,0,1,0,0,0,5:22,4:30,3:12,3:37,1:14,2:30,3:28,0:25,5:22,Prempt,0:22,0,,5:44,Perch,5,--,--,5,O,--,--,,--,--,--,1:16,7:00,Treasure,BOOMR,4,8/12,1:33,,,,1:38,3:11,21,70,26,0,,22,862,0,0,"fort distance, perch"
🇨🇦,Aquacorde,0,1,7:08.699,7:08.699,10 Mar 2026,65,(Q),2129033182999502069,,,https://www.speedrun.com/mc/runs/y4vwx5ny,7,8,699,428699,,,410359,1.044692574,410359,1.044692574,-0.0005,0.9680,0.7790309314,93.5606,96.6512,964.7691,0.82032,,BT,✔,2x1 Magma,1:29,0:07,1:36,Housing,1:37,3:13,0:12,3:25,Fort,1:04,4:29,6/10,6,10,0.60,0:12,Yes,2,4:41,Calc,,1,0,0,0,4:56,1:07,1773,0,0,0,1,0,6:03,4:41,3:12,4:19,1:39,2:27,3:43,1:34,6:03,Prempt,0:17,1,,6:20,Zero,5,,5,--,O,B 1/8,B,1/8,--,--,93,0:48,7:08,Housing,TOPD,3,--,1:36,,,,1:37,3:13,24,67,31,53,58,13,65,0.972911166,940.3305653,"rates, terrain to sh"
🇺🇦,loodlow,0,1,7:10.076,7:11.350,21 Oct 2025,205,(V),-1058044179150873683,,Yes,https://www.speedrun.com/mc/runs/ydo05ojz,7,11,350,431350,,,410359,1.051152771,410359,1.051152771,-0.0005,0.9026,0.8089749346,86.6877,96.0446,958.0821,0.85837,,BT,,2x1 Magma,1:31,0:35,2:06,Housing,1:45,3:51,0:05,3:56,Fort,0:37,4:33,6/7,6,7,0.86,0:13,Yes,1,4:46,Blind,,1,0,0,0,--,--,136,1,0,0,0,0,--,4:46,3:15,3:15,1:34,2:24,3:14,1:18,5:51,Prempt,0:29,0,,6:20,Zero,5,,5,--,O,B Diag,B,Diag,103,Tall Boi,95,0:50,7:10,Housing,TOPD,5,TR,2:06,,,,1:45,3:51,23,80,25,15,,32,205,0.4225225334,405.8100087,"nav, dig down"
🇨🇦,Aquacorde,0,1,7:09.181,7:12.114,16 Feb 2026,87,(Q),-6645733506759892987,,,https://www.speedrun.com/mc/runs/zpvnl4gz,7,12,114,432114,,,410359,1.053014556,410359,1.053014556,-0.0005,0.9574,0.8178118521,91.7828,95.8634,956.0702,0.86966,,BT,,RP,1:08,0:48,1:56,Bridge,2:04,4:00,0:11,4:11,Fort,1:15,5:26,7/10,7,10,0.70,0:10,Yes,1,5:36,Blind,,2,0,0,0,--,--,180,1,0,0,0,0,--,5:36,4:28,4:28,0:47,1:33,2:58,0:51,6:17,OEPR,0:06,1,,6:23,Zero,5,,5,--,O,B Diag,B,Diag,91,M91,99,0:46,7:09,Bridge,DK,4,TS,1:56,,,,2:04,4:00,18,109,19,19,24,30,87,0.9362710136,897.5413811,
🇩🇰,Bloopy,0,1,7:13.157,7:13.157,16 Oct 2025,210,(V),-5449384532227041969,,Yes,https://www.speedrun.com/mc/runs/yv535lom,7,13,157,433157,,,410359,1.055556232,410359,1.055556232,-0.0005,0.9003,0.8300281801,86.0813,95.6114,953.2609,0.88531,,BT,,2x1 Magma,1:03,0:24,1:27,Housing,1:49,3:16,0:12,3:28,Fort,1:14,4:42,5/9,5,9,0.56,0:15,Yes,1,4:57,Blind,,1,0,0,0,--,--,587,0,1,0,0,0,--,4:57,3:54,3:54,1:23,2:16,3:45,1:26,6:08,OEPR,0:12,2,,6:20,Zero,6,,6,--,O,F Diag,F,Diag,103,Tall Boi,95,0:53,7:13,Housing,MANH,3,SINGLE,1:27,,,,1:49,3:16,18,108,43,44,,16,210,0.3960954743,378.7125331,
🇵🇱,watermelon1708,0,1,7:16.326,7:16.326,07 Dec 2025,158,(V),-3009416634026052013,,Yes,https://www.speedrun.com/mc/runs/y9wx8x2z,7,16,326,436326,,,410359,1.063278739,410359,1.063278739,-0.0005,0.9240,0.8682453027,87.6102,94.8121,944.2692,0.93459,,BT,,2x1 Magma,1:24,0:05,1:29,Bridge,1:59,3:28,0:15,3:43,Fort,1:42,5:45,6/14,6,14,0.43,--,No,2,5:17,Calc,,1,0,0,0,5:37,0:25,671,0,1,0,0,0,6:10,5:25,4:01,4:26,1:01,1:50,3:32,0:25,6:10,Prempt,0:16,2,,6:26,Zero,6,,6,--,O,F Diag,F,Diag,91,M91,99,0:49,7:15,Bridge,SOOG,4,RT,1:29,,,,1:59,3:28,21,128,60,12,32,49,158,0.6740633375,639.093589,
🇳🇴,skycrab1,0,1,7:16.474,7:16.560,02 Jan 2026,132,(Q),-8753882162041693203,,Yes,https://www.speedrun.com/mc/runs/m320j36y,7,16,560,436560,,,410359,1.063848971,410359,1.063848971,-0.0005,0.9361,0.8711339965,88.6994,94.7510,943.5775,0.93834,,BT,,2x1 Magma,1:47,0:16,2:03,Treasure,1:40,3:43,0:29,4:12,Fort,0:58,5:25,6/9,6,9,0.67,--,No,2,4:56,Calc,,1,0,0,0,5:11,0:30,1066,0,0,1,0,0,5:55,5:10,3:23,3:53,1:14,2:04,3:02,0:30,5:55,Prempt,0:29,3,,6:24,Zero,6,,6,--,O,F Diag,F,Diag,88,M88,99,0:50,7:14,Treasure,BOOMR,4,--,2:03,,,,1:40,3:43,22,110,45,31,29,21,132,0.794536145,752.8311771,
🇨🇦,wethr,0,1,7:17.054,7:17.054,13 May 2026,1,(Q),-5868183305155852020,,,https://www.speedrun.com/mc/runs/z02q5n9m,7,17,54,437054,,,410359,1.065052795,410359,1.065052795,-0.0005,0.9995,0.8772629382,94.5739,94.6212,942.1043,0.94629,,,,,,,,,,,,,,,,,,,,,,,,,,,,,,,,,,,,,,,,,,,,,,,,,,,,,,,,,,,,,,,,,,,,,,,,,,,,,,,,,,,,,
🇵🇱,okshey,0,1,7:21.820,7:21.820,22 Mar 2026,53,(Q),todo,,,https://www.speedrun.com/mc/runs/z5nrjxez,7,21,820,441820,,,410359,1.076667016,410359,1.076667016,-0.0005,0.9738,0.9385710475,90.8616,93.3016,926.9752,1.02651,,BT,✔,2x1 Magma,1:13,0:27,1:40,Treasure,1:50,3:30,0:13,3:43,Fort,1:32,5:15,6/11,6,11,0.55,0:11,Yes,2,5:26,Calc,,1,0,0,0,5:45,0:23,558,0,1,0,0,0,6:08,5:26,4:13,4:36,1:07,1:55,3:38,0:53,6:08,Prempt,0:25,1,0,6:33,Zero,5,3,5,--,B58,F Diag,F,Diag,86,Tall Cage,95,0:48,7:21,Treasure,BOOMR,4,--,1:40,,,,1:50,3:30,20,79,58,36,23,29,53,0.9852225739,919.2289064,
🇨🇦,NoHacsJustRoblox,0,1,7:21.808,7:22.283,29 Apr 2024,745,(V),8722833245086318634,,Yes,https://www.speedrun.com/mc/runs/z58ewkez,7,22,283,442283,,,410359,1.077795296,421494,1.049322173,-0.0005,0.6890,0.8003771264,66.2965,96.2199,925.4147,1.03465,,BT,,2x1 Magma,1:13,0:25,1:38,Bridge,1:40,3:18,0:24,3:42,Fort,0:59,4:41,6/9,6,9,0.67,0:02,Yes,2,4:39,Calc,,1,0,1,1,4:53,0:41,1939,0,0,0,1,0,5:34,4:39,3:26,4:07,1:16,2:42,3:39,0:53,5:34,Prempt,0:21,1,,5:55,F.PC,4,--,--,4,B57,--,--,,--,--,--,1:26,7:21,Bridge,OLD,3,--,1:38,,,,1:40,3:18,24,49,35,0,,11,745,0,0,
🇳🇴,skycrab1,0,1,7:22.684,7:23.784,19 Apr 2024,755,(V),6338107534563615641,,Yes,https://www.speedrun.com/mc/runs/mew18n2m,7,23,784,443784,,,410359,1.081453069,421494,1.052883315,-0.0005,0.6856,0.8171858444,65.7302,95.8763,920.2419,1.06147,,BT,,1x1 Magma,1:49,0:05,1:54,Housing,1:51,3:45,0:26,4:11,Fort,0:30,4:41,6/7,6,7,0.86,0:09,Yes,2,4:50,Calc,,1,0,0,0,5:15,0:55,1439,0,0,1,0,0,6:10,4:50,3:01,3:56,1:38,2:32,3:11,1:29,6:10,Prempt,0:18,2,,6:28,Zero,7,,7,--,O,F Diag,F,Diag,94,T94,99,0:54,7:22,Housing,MANJ,5,DT,1:54,,,,1:51,3:45,21,57,56,0,,38,755,0,0,
🇨🇦,Aquacorde,0,1,7:24.170,7:24.170,16 Oct 2025,210,(V),-1813865513517318496,,Yes,https://www.speedrun.com/mc/runs/ydo6pewz,7,24,170,444170,,,410359,1.082393709,410359,1.082393709,-0.0005,0.9003,0.9702956646,83.3749,92.6054,918.8832,1.06847,,BT,,2x1 Magma,1:16,0:38,1:54,Housing,1:43,3:37,0:39,4:16,Fort,1:03,5:41,6/8,6,8,0.75,--,No,2,5:11,Calc,,2,0,0,0,5:33,0:34,867,0,1,0,0,0,6:15,5:19,4:03,4:37,1:17,2:05,3:08,0:34,6:15,Prempt,0:21,1,,6:36,Zero,5,,5,--,H,F Diag,F,Diag,86,Tall Cage,99,0:48,7:24,Housing,TOPD,3,--,1:54,,,,1:43,3:37,27,75,18,46,,26,210,0.3960954743,366.8056463,
🇸🇰,NoFear1337,1,1,7:24.504,7:26.254,08 Dec 2023,888,(V),-8415980398606239765,12,Yes,https://www.speedrun.com/mc/run/m7308v9y,7,26,254,446254,,,410359,1.087472189,465828,0.9579801987,-0.0005,0.6415,0.4702249908,65.4546,102.0391,911.3441,1.10707,,BT,,RP,1:39,0:33,2:12,Treasure,1:50,4:02,0:19,4:21,Fort,0:34,4:55,5/6,5,6,0.83,0:06,Yes,2,5:01,HP,,2,0,0,0,5:37,0:36,1489,0,0,1,0,0,6:13,5:01,3:22,3:58,1:28,2:23,3:03,1:18,6:13,Prempt,0:16,4,,6:29,Zero,6,,6,--,O,F Diag,F,Diag,85,M85,95,0:55,7:24,Treasure,BOOMR,4,8/10,2:12,,,,1:50,4:02,10,121,55,25,44,26,888,0,0,
🇳🇴,skycrab1,0,0,7:27.923,7:27.923,20 Mar 2026,55,(U),-5301700605608362807,,,https://www.youtube.com/watch?v=gd8ToSBA6yY,7,27,923,447923,,,410359,1.091539359,410359,1.091539359,-0.0005,0.9729,1.023093743,88.9486,91.4286,905.0543,1.13896,,BT,🗙,2x1 Magma,1:35,0:50,2:25,Treasure,1:40,4:05,0:15,4:20,Fort,0:31,4:51,6/7,6,7,0.86,0:11,Yes,2,5:02,Calc,,1,1,0,1,5:12,1:07,1745,0,0,0,1,0,6:19,5:02,3:27,4:34,1:39,2:25,3:07,1:28,6:19,Prempt,0:22,1,1,6:41,Zero,5,,5,--,O,B Diag,B,Diag,91,M91,99,0:46,7:27,Treasure,BOOMR,4,10/15,2:25,,,,1:40,4:05,18,112,11,25,39,31,55,0.9835001388,899.2005276,
🇫🇮,AndrewCrow,0,1,7:28.358,7:28.874,17 Feb 2026,86,(Q),-346656346610546380,,,https://www.speedrun.com/mc/runs/m389g06y,7,28,874,448874,,,410359,1.093856842,410359,1.093856842,-0.0005,0.9579,1.036900388,87.2825,91.1175,901.3684,1.15752,,BT,,2x1 Magma,1:25,0:36,2:01,Bridge,1:53,3:54,0:13,4:07,Fort,0:52,4:59,6/7,6,7,0.86,0:09,Yes,2,5:08,Calc,,1,0,0,0,5:38,0:44,1131,0,0,1,0,0,6:22,5:08,3:43,4:27,1:26,2:20,3:21,1:23,6:22,PR,0:12,2,,6:34,Zero,7,,7,--,O,F Diag,F,Diag,91,M91,99,0:54,7:28,Bridge,CRKSMK,3,--,2:01,,,,1:53,3:54,29,94,36,26,32,27,86,0.9383750217,855.0239777,
🇨🇦,Jay12310,0,1,7:28.256,7:29.121,02 Aug 2024,650,(V),-6421260664080147265,,Yes,https://www.speedrun.com/mc/runs/y8prdrxz,7,29,121,449121,,,410359,1.094458754,421494,1.065545417,-0.0005,0.7225,0.8797829997,68.3277,94.5677,900.3988,1.16239,,BT,,2x1 Magma,1:48,0:28,2:16,Fort,0:37,2:53,0:20,3:13,Housing,1:38,5:08,5/6,5,6,0.83,--,No,2,4:23,Calc,,1,0,0,0,4:40,0:42,600,0,1,0,0,0,5:50,4:51,3:03,3:45,1:42,2:37,4:15,0:42,5:50,Prempt,0:43,3,,6:33,Zero,6,,6,--,O,F Diag,F,Diag,86,Tall Cage,95,0:55,7:28,Housing,MANH,3,--,3:13,,,,1:55,5:08,22,70,19,0,14,22,650,0,0.000000001119258611,
🇩🇪,jason_n,0,1,7:29.374,7:29.374,06 Oct 2024,585,(V),-4936383011000236174,,Yes,https://www.speedrun.com/mc/runs/znxxp6vy,7,29,374,449374,,,410359,1.095075288,421494,1.066145663,-0.0005,0.7464,0.8828630866,70.5360,94.5022,899.4004,1.16740,,BT,,Lava Pool,1:26,1:00,2:26,Stables,1:20,3:46,0:13,3:59,Fort,1:12,5:28,6/9,6,9,0.67,--,No,2,5:06,Calc,,1,0,0,0,5:23,0:23,349,1,0,0,0,0,5:51,5:11,3:45,4:08,1:26,2:18,3:30,0:31,5:59,Prempt,0:38,1,,6:37,Zero,5,,5,--,H,F Diag,F,Diag,88,M88,95,0:52,7:29,Stables,DBTRPL,6,--,2:26,,,,1:20,3:46,21,63,6,0,52,17,585,0.000000002020011768,0.000001908955036,
🇫🇮,sadekeppi,0,1,7:29.931,7:29.931,02 Apr 2025,407,(V),6582471955859004032,,Yes,https://www.speedrun.com/mc/runs/z5l4r5gy,7,29,931,449931,,,410359,1.096432636,421494,1.067467153,-0.0005,0.8159,0.8896809198,76.9830,94.3569,897.1836,1.17850,,BT,,2x1 Magma,1:23,0:31,1:54,Housing,1:46,3:40,0:19,3:59,Fort,0:51,4:50,6/7,6,7,0.86,0:10,Yes,2,5:00,Calc,,1,0,0,0,5:44,0:25,583,0,1,0,0,0,6:09,5:00,3:37,4:02,1:38,2:29,3:30,1:19,6:09,Prempt,0:29,1,,6:38,Zero,6,,6,--,O,F Diag,F,Diag,91,M91,99,0:51,7:29,Housing,MANH,5,--,1:54,,,,1:46,3:40,40,57,8,14,23,1,407,0.001180385381,1.113774695,
🇺🇸,doogile,0,1,7:29.752,7:30.439,12 Dec 2023,884,(V),-8404662731985464270,18,Yes,https://www.speedrun.com/mc/runs/m3kq8ddy,7,30,439,450439,,,410359,1.097670576,446254,1.009378067,-0.0005,0.6427,0.6337612606,63.8959,99.4102,895.1392,1.18871,,SH,,RP,1:46,0:35,2:21,Housing,1:28,3:49,0:31,4:20,Fort,0:31,4:51,5/7,5,7,0.71,0:12,Yes,2,5:03,HP,,1,0,0,0,5:30,0:35,1102,0,0,1,0,0,6:05,5:03,3:17,3:52,1:12,2:26,3:09,1:14,6:05,Prempt,0:10,2,,6:15,F.Zero,5,--,--,5,B56,F Diag,F,Diag,91,M91,--,1:14,7:29,Housing,MANH,3,--,2:21,,,,1:28,3:49,17,68,15,25,33,21,884,0,0,
🇵🇱,watermelon1708,0,1,7:30.263,7:30.682,04 Dec 2025,161,(U),-8027616666562891938,,Yes,https://www.youtube.com/watch?v=zaVHr65a7Uk&list=PLZ59bMb0zBUSR6W9smbN1LDkQJlGfPEUk&index=4,7,30,682,450682,,,410359,1.098262741,410359,1.098262741,-0.0005,0.9227,1.063637639,83.5108,90.5114,894.1536,1.19362,,BT,,2x1 Magma,1:12,0:57,2:09,Housing,1:34,3:43,0:10,3:53,Fort,1:34,5:40,5/9,5,9,0.56,--,No,2,5:13,Calc,,1,0,1,1,5:26,0:37,1450,0,0,1,0,0,6:17,5:27,4:15,4:52,1:12,2:03,3:37,0:37,6:17,Prempt,0:22,1,,6:39,Zero,5,,5,--,H,F Diag,F,Diag,85,M85,95,0:51,7:30,Housing,TOPD,5,DBTRPL,2:09,,,,1:34,3:43,24,57,65,42,19,32,161,0.6588047306,596.2934094,
🇺🇸,itsnahan,0,1,7:32.783,7:32.783,04 Jun 2025,344,(V),4115833317145621618,,Yes,https://www.speedrun.com/mc/runs/zqp1639m,7,32,783,452783,,,410359,1.103382648,421494,1.07423356,-0.0005,0.8420,0.9253934447,78.7994,93.5883,885.4230,1.23693,,BT,,Lava Pool,1:31,0:10,1:41,Bridge,1:58,3:39,0:14,3:53,Fort,1:07,5:00,5/11,5,11,0.45,0:17,Yes,2,5:17,Calc,,1,0,0,0,5:53,0:29,unknown,0,0,0,0,0,6:22,5:17,3:46,4:15,1:23,2:15,3:39,1:22,6:22,Prempt,0:18,2,,6:40,Zero,6,,6,--,O,B Diag,B,Diag,85,M85,95,0:52,7:32,Bridge,SOOG,3,DT,1:41,,,,1:58,3:39,24,101,40,32,30,30,344,0.01706444193,15.97031719,
🇳🇴,skycrab1,0,0,7:25.567,7:32.827,19 Aug 2024,633,(U),4927231128345776418,,Yes,https://www.youtube.com/watch?v=87ruBPBpgbg&list=PLU3_fvoJ1GyMStiA29z37DUPtG47PvOJz&index=57,7,32,827,452827,,,410359,1.103489871,421494,1.07433795,-0.0005,0.7287,0.925955072,68.1884,93.5761,885.2361,1.23785,,BT,,2x1 Magma,1:13,0:37,1:50,Bridge,1:59,3:49,0:14,4:03,Fort,0:45,4:48,6/11,6,11,0.55,0:10,Yes,2,4:58,Calc,,1,0,0,0,5:17,0:45,1485,0,0,1,0,0,6:02,4:58,3:45,4:30,1:28,2:27,3:22,1:14,6:02,Prempt,0:24,2,,6:26,Zero,6,,6,--,O,B Diag,B,Diag,76,Small Boi,90,0:59,7:25,Bridge,OLD,6,DT,1:50,,,,1:59,3:49,20,135,72,0,35,29,633,0,0.000000009034152946,
🇸🇰,NoFear1337,0,0,7:29.999,7:32.999,21 Jan 2024,844,(U),1330456095954625394,,Yes,https://www.youtube.com/watch?v=u1WAriPLZMQ,7,32,999,452999,,,410359,1.103909016,421494,1.074746022,-0.0005,0.6557,0.9281536684,61.3297,93.5284,884.5040,1.24147,,BT,,2x1 Magma,1:23,0:13,1:36,Housing,1:00,2:36,0:15,2:51,Fort,1:52,5:10,6/12,6,12,0.50,--,No,2,3:42,Calc,,1,0,0,0,4:09,0:33,198,1,0,0,0,0,5:43,4:43,3:20,3:53,1:19,2:46,4:38,0:33,5:43,Prempt,0:19,1,,6:02,Perch,4,--,--,4,B58,--,--,,--,--,--,1:27,7:29,Housing,MANH,3,--,1:36,,,,1:00,2:36,20,56,0,0,17,8,844,0,0,
🇵🇱,kazzruns,0,1,7:33.804,7:33.804,24 Jul 2025,294,(V),-5890829594904468442,,Yes,https://www.speedrun.com/mc/runs/yjqo30nm,7,33,804,453804,,,410359,1.105870713,410359,1.105870713,-0.0005,0.8633,1.111347725,77.1948,89.4189,881.0437,1.25851,,BT,,2x1 Magma,1:13,0:14,1:27,Stables,1:39,3:06,0:09,3:15,Fort,1:23,5:01,6/8,6,8,0.75,--,No,2,4:20,Calc,,2,1,1,2,4:43,1:13,2302,0,0,0,0,1,6:14,4:38,3:25,4:38,1:56,2:55,4:18,1:13,6:14,Prempt,0:20,2,,6:34,Perch,5,--,--,5,O,--,--,,--,--,--,0:59,7:33,Stables,DBTRPL,7,TTD,1:27,,,,1:39,3:06,20,72,20,33,17,13,294,0.07877036748,70.43558632,
🇨🇦,Aquacorde,0,0,7:34.421,7:34.056,03 Mar 2026,72,(U),6573117783169949946,,,https://www.youtube.com/watch?v=l__1dhyvdjw,7,34,56,454056,,,410359,1.10648481,410359,1.10648481,-0.0005,0.9646,1.115285531,86.1695,89.3281,879.9489,1.26390,,BT,✔,Lava Pool,1:01,0:16,1:17,Housing,1:24,2:41,1:04,3:45,Fort,2:03,6:05,5/12,5,12,0.42,--,No,2,4:42,Calc,,1,0,0,0,4:59,0:32,333,1,0,0,0,0,6:37,5:48,4:47,5:19,1:02,1:46,3:49,0:32,6:37,Prempt,0:13,3,,6:50,Zero,4,2,4,--,O,F Diag,F,Diag,88,M88,99,0:44,7:34,Housing,MANH,3,--,1:17,,,,1:24,2:41,23,31,44,26,47,23,72,0.9633631842,860.5543693,
🇺🇸,Feinberg,0,1,7:34.367,7:34.367,28 Apr 2026,16,(Q),2511758293074259151,,,https://www.youtube.com/watch?v=iOWwIieY6C4,7,34,367,454367,,,410359,1.107242683,410359,1.107242683,-0.0005,0.9920,1.120163395,88.5047,89.2156,878.5903,1.27057,,BT,✔,2x1 Magma,1:34,0:34,2:08,Housing,1:46,3:54,0:27,4:21,Fort,1:11,6:06,6/11,6,11,0.55,--,No,2,5:21,Calc,,2,0,0,0,5:55,0:24,1381,0,0,1,0,0,6:30,5:32,3:58,4:22,1:15,2:02,3:13,0:24,6:30,Prempt,0:17,1,0,6:47,Zero,5,3,5,--,O,B Diag,B,Diag,91,M91,99,0:47,7:34,Housing,TOPD,3,--,2:08,0:06,2:14,1:40,1:46,3:54,28,88,64,12,33,23,16,0.9995904839,891.7906749,
🇺🇸,itsnahan,0,0,7:34.447,7:34.546,19 Dec 2025,146,(U),-7173684177694873982,,Yes,https://www.youtube.com/watch?v=1_O9cZzkKpk,7,34,546,454546,,,410359,1.107678886,410359,1.107678886,-0.0005,0.9296,1.122980009,82.8744,89.1506,877.8044,1.27443,,BT,,2x1 Magma,1:24,0:34,1:58,Housing,1:45,3:43,0:04,3:47,Fort,1:53,5:56,6/7,6,7,0.86,--,No,2,5:07,Calc,,1,0,0,0,5:23,0:24,unknown,0,0,0,0,0,6:20,5:40,4:16,4:40,1:02,1:54,3:47,0:24,6:20,Prempt,0:22,1,,6:42,Zero,6,,6,--,O,F 1/8,F,1/8,--,--,92,0:52,7:34,Housing,TOPD,8,DBTRPL,1:58,,,,1:45,3:43,35,128,49,25,26,14,146,0.7325573849,653.0790529,
🇦🇿,KenanKardes,0,1,7:35.447,7:34.838,13 Sep 2024,608,(V),5361864572335160821,,Yes,https://www.speedrun.com/mc/runs/zx0e765z,7,34,838,454838,,,410359,1.108390458,421494,1.079109074,-0.0005,0.7379,0.9519761064,68.6273,93.0085,876.5165,1.28074,,BT,✔,2x1 Magma,1:37,0:52,2:29,Housing,1:14,3:43,0:15,3:58,Fort,1:38,5:48,6/9,6,9,0.67,--,No,2,5:17,Calc,,1,1,0,1,5:29,0:28,895,0,1,0,0,0,6:16,5:36,3:59,4:27,1:12,1:59,3:37,0:28,6:16,Prempt,0:32,1,,6:48,Zero,4,2,4,--,B56,F Diag,F,Diag,91,M91,95,0:47,7:35,Housing,MANH,3,DBTRPL,2:29,,,,1:14,3:43,20,79,54,27,34,19,608,0.0000000001733737928,0.0000001612523425,
🇵🇱,watermelon1708,0,0,7:35.875,7:35.875,21 Feb 2026,82,(U),unknown,,,https://www.youtube.com/watch?v=3E-mIUUQVAU,7,35,875,455875,,,410359,1.110917514,410359,1.110917514,-0.0005,0.9598,1.14410145,85.0999,88.6616,871.8824,1.30341,,BT,🗙,2x1 Magma,1:36,0:19,1:55,Housing,1:39,3:34,0:36,4:10,Fort,1:17,5:27,6/11,6,11,0.55,0:05,Yes,2,5:32,Calc,,1,0,0,0,6:11,0:20,349,1,0,0,0,0,6:31,5:32,3:56,4:16,1:15,2:03,3:25,1:04,6:31,Prempt,0:16,2,0,6:47,Zero,6,3,6,--,O,B 1/8,B,1/8,--,--,93,0:48,7:35,Housing,MANH,4,,1:55,,,,1:39,3:34,26,139,28,8,54,25,82,0.9463556776,839.0537118,
🇩🇪,jason_n,0,0,7:36.562,7:36.562,27 Dec 2025,138,(U),5101166286806026119,,Yes,https://www.youtube.com/watch?v=PIIJU2GwFP4&list=PLZ59bMb0zBUSR6W9smbN1LDkQJlGfPEUk&index=1,7,36,562,456562,,,410359,1.112591658,410359,1.112591658,-0.0005,0.9333,1.155165538,82.5103,88.4045,868.7603,1.31864,,BT,,2x1 Magma,1:20,0:32,1:52,Housing,1:39,3:31,0:03,3:34,Fort,0:26,4:00,5/6,5,6,0.83,0:23,Yes,2,4:23,HP,,1,0,0,0,4:59,0:32,1611,0,0,0,1,0,5:31,4:23,3:03,3:35,1:36,3:13,4:02,1:31,5:31,Prempt,0:28,2,,5:59,F.Zero,5,--,--,5,O,B Diag,B,Diag,97,T97(F),--,1:37,7:36,Housing,MANH,3,N/A,1:52,,,,1:39,3:31,13,52,48,35,32,24,138,0.768890125,679.7336418,
🇩🇪,jason_n,0,0,7:38.273,7:38.273,12 Nov 2025,183,(U),2886416364403862215,,Yes,https://www.youtube.com/watch?v=bA3Sck4VKWw,7,38,273,458273,,,410359,1.116761177,410359,1.116761177,-0.0005,0.9126,1.183158868,80.0788,87.7517,860.8025,1.35730,,BT,✔,2x1 Magma,1:13,0:39,1:52,Treasure,2:03,3:55,0:14,4:09,Fort,1:11,5:20,7/8,7,8,0.88,0:07,Yes,1,5:27,Blind,,1,0,1,1,--,--,243,1,0,0,0,0,--,5:27,4:14,4:14,1:20,2:11,3:29,0:56,6:16,Prempt,0:31,1,0,6:47,Zero,6,4,6,--,O,B Diag,B,Diag,91,M91,99,0:51,7:38,Treasure,NEW,4,--,1:52,,,,2:03,3:55,16,140,64,15,32,38,183,0.541805228,475.4430767,
🇩🇰,Bloopy,0,1,7:35.809,7:38.482,28 Nov 2024,532,(V),-7640184333545180122,,Yes,https://www.speedrun.com/mc/runs/zxj96rqy,7,38,482,458482,,,410359,1.117270488,421494,1.087754511,-0.0005,0.7664,1.000920059,70.4552,91.9254,859.8126,1.36209,,BT,✔,Lava Pool,1:21,0:00,1:21,Stables,2:06,3:27,0:12,3:39,Fort,1:33,5:45,6/8,6,8,0.75,--,No,2,5:02,Calc,,1,0,0,0,5:35,0:43,965,0,1,0,0,0,6:28,5:12,3:51,4:34,1:31,2:23,3:56,0:43,6:28,Prempt,0:15,2,0,6:43,Perch,4,,--,4,B57,B Diag,B,Diag,--,--,--,0:52,7:35,Stables,DBTRPL,6,--,1:21,,,,2:06,3:27,39,99,56,0,19,28,532,0.000000288989119,0.000265654384,
🇮🇱,orachi,0,1,7:36.656,7:38.738,17 Apr 2026,27,(Q),1736164389740735086,,,https://youtu.be/OYGFbW4afPw?si=is-E-XG_ij3QA938,7,38,738,458738,,,410359,1.117894332,410359,1.117894332,-0.0005,0.9866,1.190875737,86.3968,87.5711,858.5947,1.36799,,BT,✔,Cave Lava,1:39,0:33,2:12,Housing,01:47,3:59,0:26,4:25,Fort,1:06,5:31,7/8,7,8,0.88,0:15,Yes,2,5:46,Calc,,1,0,1,1,5:57,0:28,695,0,1,0,0,0,6:25,5:46,4:07,4:35,1:02,1:50,3:11,0:54,6:25,Prempt,0:23,2,0,6:48,Zero,5,4,5,--,O,B Diag,B,Diag,94,T94,99,0:48,7:36,Housing,MANH,4,--,2:12,0:12,2:24,1:35,1:47,3:59,21,46,64,39,48,29,27,0.9980336358,873.988855,
🇳🇴,skycrab1,0,0,7:39.667,7:39.667,08 Mar 2026,67,(U),488777781406333665,,,https://www.youtube.com/watch?v=bCf8wapBEIU,7,39,667,459667,,,410359,1.120158203,410359,1.120158203,-0.0005,0.9671,1.206434093,84.3332,87.2063,854.1256,1.38959,,BT,✔,2x1 Magma,1:16,0:53,2:09,Housing,01:39,3:48,0:18,4:06,Fort,1:20,5:39,6/8,6,8,0.75,--,No,2,5:21,Calc,,1,0,0,0,5:34,0:31,755,0,1,0,0,0,6:10,5:26,4:10,4:41,1:28,2:13,3:33,0:31,6:10,Prempt,0:44,1,0,6:54,Zero,5,3,5,--,H,F Diag,F,Diag,91,M91,99,0:45,7:39,Housing,TOPD,5,--,2:09,,,,1:39,3:48,20,130,34,34,32,33,67,0.9703714914,846.2247526,
🇺🇸,Infume,0,1,7:39.778,7:39.778,06 Jun 2025,342,(Q),-8467677866844055286,,,https://www.youtube.com/watch?v=UnKMvsVNbYU,7,39,778,459778,,,410359,1.120428698,421494,1.090829288,-0.0005,0.8428,1.018898483,77.1375,91.5229,853.5864,1.39220,,BT,✔,2x1 Magma,1:08,0:38,1:46,Treasure,01:44,3:30,0:29,3:59,Fort,1:28,5:58,6/8,6,8,0.75,--,No,2,5:21,Calc,,1,0,0,0,5:52,0:34,610,0,1,0,0,0,6:32,5:27,4:19,4:53,1:26,2:12,3:40,0:34,6:32,Prempt,0:21,0,0,6:53,Zero,4,2,4,--,H,B 1/8,B,1/8,--,--,92,0:46,7:39,Treasure,BOOMR,4,--,1:46,,,,1:44,3:30,29,100,28,24,31,25,342,0.01831254747,16.76017031,
🇺🇸,doogile,0,0,7:38.813,7:40.190,19 Oct 2025,207,(U),-6371149676202072948,,Yes,https://www.youtube.com/watch?v=HUv4d3f0b0Y,7,40,190,460190,,,410359,1.121432697,410359,1.121432697,-0.0005,0.9017,1.21527638,78.4445,86.9985,851.5754,1.40190,,BT,🗙,2x1 Magma,1:17,0:32,1:49,Treasure,02:25,4:14,0:11,4:25,Fort,0:40,5:05,5/7,5,7,0.71,0:11,Yes,2,5:16,Blind,,1,0,0,0,--,--,269,1,0,0,0,0,--,5:16,3:59,3:59,0:46,2:22,3:13,0:54,5:59,OEPR,0:03,2,2,6:02,Perch,3,--,--,3,H,--,--,,--,--,--,1:36,7:38,Treasure,BOOMR,5,--,1:49,,,,2:25,4:14,17,15,40,28,37,28,207,0.4119001555,358.3469762,
🇳🇴,skycrab1,0,0,7:39.953,7:41.343,19 Dec 2025,146,(U),9053135870907266934,,Yes,https://www.youtube.com/watch?v=9YRVwmSP0e4&list=PLU3_fvoJ1GyMStiA29z37DUPtG47PvOJz&index=162,7,41,343,461343,,,410359,1.124242432,410359,1.124242432,-0.0005,0.9296,1.234984191,80.4424,86.5344,845.8659,1.42939,,BT,✔,2x1 Magma,1:31,0:34,2:05,Bridge,02:04,4:09,0:13,4:22,Fort,1:37,6:14,5/13,5,13,0.38,--,No,2,5:39,Calc,,1,0,0,0,5:54,0:16,692,0,1,0,0,0,6:30,5:59,4:28,4:44,0:45,1:40,3:17,0:16,6:30,Prempt,0:14,3,2,6:44,Zero,6,6,6,--,H,F Diag,F,Diag,85,M85,94,0:55,7:39,Bridge,DK,3,--,2:05,,,,2:04,4:09,31,194,43,0,19,55,146,0.7325573849,633.9140663,
🇹🇿,Kxpow,0,1,7:41.490,7:41.490,05 Oct 2025,221,(V),3413784149860051440,,Yes,https://www.speedrun.com/mc/runs/y2rqdr6m,7,41,490,461490,,,410359,1.124600655,410359,1.124600655,-0.0005,0.8954,1.237518132,77.4282,86.4746,845.1293,1.43293,,BT,✔,Cave Lava,1:39,0:23,2:02,Stables,01:48,3:50,0:39,4:29,Fort,0:54,5:48,6/7,6,7,0.86,--,No,2,5:15,Calc,,1,0,0,0,5:40,0:39,1383,0,0,1,0,0,6:27,5:23,3:44,4:23,1:27,2:18,3:12,0:39,6:27,Prempt,0:23,1,0,6:50,Zero,5,4,5,--,O,B Diag,B,Diag,85,M85,95,0:51,7:41,Stables,GAP,3,--,2:02,,,,1:48,3:50,21,64,11,14,42,14,221,0.3398040673,293.8442606,
🇩🇪,jason_n,0,0,7:42.171,7:42.171,12 May 2026,2,(U),-7549226815345637508,,,https://www.youtube.com/watch?v=XFafyirP82A,7,42,171,462171,,,410359,1.126260177,410359,1.126260177,-0.0005,0.9990,1.249320367,86.1098,86.1959,841.6912,1.44944,,,,,,,,,,,,,,,,,,,,,,,,,,,,,,,,,,,,,,,,,,,,,,,,,,,,,,,,,,,,,,,,,,,,,,,,,,,,,,,,,,,,,
🇿🇦,Airpodsz,0,1,7:43.320,7:43.320,20 Mar 2026,55,(Q),253105556005796161,,,https://www.speedrun.com/mc/runs/zn6o493y,7,43,320,463320,,,410359,1.129060164,410359,1.129060164,-0.0005,0.9729,1.269471381,83.3939,85.7190,835.7944,1.47771,,BT,✔,2x1 Magma,1:29,0:40,2:09,Bridge,02:14,4:23,0:15,4:38,Fort,0:49,5:27,5/6,5,6,0.83,0:10,Yes,1,5:37,Blind,,1,0,0,0,--,--,109,1,0,0,0,0,--,5:37,4:08,4:08,1:17,2:06,3:05,1:00,6:27,Prempt,0:27,2,2,6:54,Zero,5,3,5,--,O,B Diag,B,Diag,86,Tall Cage,95,0:49,7:43,Bridge,CRKSMK,3,DBTRPL,2:09,0:43,2:52,1:31,2:14,4:23,21,69,53,11,49,35,55,0.9835001388,843.0466268,
🇬🇧,priffie,0,1,7:43.529,7:43.909,24 Oct 2024,567,(V),-3978494106932821584,,Yes,https://www.speedrun.com/mc/runs/y6e87kpz,7,43,909,463909,,,410359,1.130495493,421494,1.100630139,-0.0005,0.7531,1.078272428,67.9167,90.1777,832.7247,1.49240,,BT,✔,Cave Lava,1:23,0:38,2:01,Stables,01:42,3:43,0:18,4:01,Fort,0:56,4:57,6/10,6,10,0.60,0:15,Yes,1,5:12,Blind,,1,0,0,0,--,--,90,1,0,0,0,0,6:27,5:12,3:49,3:49,1:39,2:31,3:42,0:55,5:52,Prempt,0:59,0,0,6:51,Zero,5,4,5,--,O,F Diag,F,Diag,85,M85,95,0:52,7:43,Stables,DBTRPL,8,DBTRPL,2:01,0:26,2:27,1:16,1:42,3:43,14,107,40,39,27,18,567,0.00000001211978858,0.00001092934837,
🇩🇰,Bloopy,0,0,7:44.248,7:44.248,07 Mar 2026,68,(U),-7077016121021295276,,,https://www.youtube.com/watch?v=1gyyI3VzVgg,7,44,248,464248,,,410359,1.131321599,410359,1.131321599,-0.0005,0.9666,1.285966864,82.4753,85.3277,830.9435,1.50092,,BT,✔,2x1 Magma,1:32,0:39,2:11,Housing,01:25,3:36,0:07,3:43,Fort,1:06,4:49,6/7,6,7,0.86,0:11,Yes,2,5:00,Calc,,2,0,0,0,5:32,0:38,1522,0,0,0,1,0,6:10,5:00,3:28,4:06,1:53,2:44,4:01,1:21,6:10,Prempt,0:43,0,0,6:53,Zero,5,4,5,--,O,F Diag,F,Diag,85,M85,95,0:51,7:44,Housing,MANH,5,RUIN,2:11,0:09,2:20,1:16,1:25,3:36,26,92,39,11,39,24,68,0.9690459967,826.8647354,
🇺🇸,zylenox,0,1,7:44.775,7:45.223,12 Mar 2026,63,(Q),todo,,,https://www.youtube.com/watch?v=hi8zV9Wnris,7,45,223,465223,,,410359,1.133697567,410359,1.133697567,-0.0005,0.9690,1.303512228,82.2777,84.9107,825.7617,1.52568,,BT,🗙,Lava Pool,1:16,0:12,1:28,Housing,01:35,3:03,0:28,3:31,Fort,1:27,5:13,5/9,5,9,0.56,--,No,2,4:45,Calc,,1,0,0,0,5:00,0:41,1826,0,0,0,1,0,5:54,4:58,3:42,4:23,1:56,2:46,4:13,0:41,5:54,Prempt,1:00,3,2,6:54,Zero,6,4,6,--,O,B Diag,B,Diag,97,T97,100,0:50,7:44,Housing,MANH,5,--,1:28,0:30,1:58,1:05,1:35,3:03,26,98,12,39,21,21,63,0.9753053281,828.1381865,
🇸🇪,PAPLERR,0,0,7:45.368,7:45.368,15 May 2025,364,(V),2933743551005337304,,Yes,https://www.speedrun.com/mc/runs/zngk8olm,7,45,368,465368,,,410359,1.134050916,421494,1.104091636,-0.0005,0.8336,1.100013455,74.7571,89.6796,824.9836,1.52939,,BT,🗙,2x1 Magma,1:23,0:38,2:01,Bridge,01:44,3:45,0:06,3:51,Fort,1:24,5:34,5/10,5,10,0.50,--,No,2,5:02,Calc,,2,0,1,1,5:21,0:38,1333,0,0,1,0,0,6:12,5:15,3:52,4:30,1:43,2:30,3:54,0:38,6:12,Prempt,0:46,4,3,6:58,Zero,5,3,5,--,O,B 1/8,B,1/8,--,--,93,0:47,7:45,Bridge,PAPL,3,,2:01,0:33,2:34,1:11,1:44,3:45,20,73,44,35,32,17,364,0.008043794133,7.213644512,
🇫🇷,M4xx,0,1,7:45.390,7:45.390,04 Mar 2026,71,(Q),805412740251903790,,,https://www.youtube.com/watch?v=dBMHGH7DJCc,7,45,390,465390,,,410359,1.134104528,410359,1.134104528,-0.0005,0.9651,1.306539641,81.8797,84.8386,824.8654,1.52996,,BT,🗙,2x1 Magma,1:28,0:15,1:43,Housing,01:43,3:26,0:10,3:36,Fort,1:46,5:34,6/12,6,12,0.50,--,No,2,4:34,Calc,,1,1,0,1,4:46,0:28,751,0,1,0,0,0,6:02,5:22,3:54,4:22,1:33,2:23,4:09,0:31,6:05,Prempt,0:50,2,1,6:55,Zero,5,3,5,--,B56,F Diag,F,Diag,88,M88,95,0:50,7:45,Housing,MANH,3,,1:43,0:06,1:49,1:37,1:43,3:26,26,100,36,57,20,12,71,0.9648418279,818.5584602,
🇹🇷,Ancoboy,0,1,7:40.016,7:45.590,11 Dec 2025,154,(V),-5628543556500972011,,,https://www.speedrun.com/mc/runs/yv580x4m,7,45,590,465590,,,410359,1.134591906,410359,1.134591906,-0.0005,0.9259,1.310173872,78.4711,84.7521,823.7886,1.53510,,BT,✔,2x1 Magma,1:28,0:52,2:20,Treasure,01:43,4:03,0:12,4:15,Fort,1:06,6:01,7/9,7,9,0.78,--,No,2,5:15,Calc,,2,1,0,1,5:55,0:24,1203,0,0,1,0,0,6:25,5:21,3:53,4:17,1:23,2:19,3:25,0:24,6:25,Prempt,0:19,0,0,6:44,Zero,6,6,6,--,B58,F diag,F,diag,100,T100,95,0:56,7:40,Treasure,BOOMR,4,,2:20,0:03,2:23,1:40,1:43,4:03,22,109,55,0,48,24,154,0.6940395025,588.2130731,
🇺🇸,zylenox,1,1,7:42.999,7:45.828,07 Feb 2023,1192,(V),7499203634667178692,15,Yes,https://www.speedrun.com/mc/run/zg2q0lny,7,45,828,465828,,,410359,1.135171886,495537,0.9400468583,-0.0005,0.5510,0.4243519554,56.5659,102.6583,822.5023,1.54123,,BT,✔,2x1 Magma,1:08,0:34,1:42,Housing,01:17,2:59,0:12,3:11,Fort,1:42,5:16,6/9,6,9,0.67,--,No,2,4:40,Calc,,2,1,0,1,5:03,0:34,1111,0,0,1,0,0,5:50,4:53,3:45,4:19,1:21,2:49,4:31,0:34,5:50,Prempt,0:24,1,1,6:14,Perch,5,--,--,5,--,--,--,--,--,--,--,1:28,7:42,Housing,MANH,3,,1:42,0:06,1:48,1:11,1:17,2:59,20,84,54,0,17,11,1192,0,0,
?,maydough,0,1,7:40.098,7:45.924,04 May 2026,10,(Q),6846477327571075390,,,https://www.youtube.com/watch?v=AOm4aphnE44,7,45,924,465924,,,410359,1.135405828,410359,1.135405828,-0.0005,0.9950,1.316263957,84.1851,84.6071,821.9820,1.54372,,BT,✔,2x1 Magma,1:32,0:04,1:36,Housing,01:36,3:12,0:13,3:25,Fort,2:04,5:53,5/13,5,13,0.38,--,No,2,4:41,Calc,,1,0,0,0,5:05,0:32,1457,0,0,1,0,0,6:25,5:29,3:57,4:29,1:20,2:11,4:15,0:32,6:25,Prempt,0:24,1,0,6:49,Zero,6,6,6,--,O,B Diag,,,88,M88,95,0:51,7:40,Housing,MANH,3,,1:36,0:05,1:41,1:31,1:36,3:12,30,104,21,0,22,26,10,0.999900005,845.9859307,
🇮🇱,orachi,0,1,7:43.169,7:47.566,08 Jul 2025,310,(V),4897417229505621926,,Yes,https://www.speedrun.com/mc/runs/me2eeo2m,7,47,566,467566,,,410359,1.139407202,410359,1.139407202,-0.0005,0.8564,1.34658738,71.8391,83.8836,812.9510,1.58675,,BT,✔,2x1 Magma,1:18,0:34,1:52,Housing,01:48,3:40,0:13,3:53,Fort,1:15,5:08,6/11,6,11,0.55,0:12,Yes,2,5:20,Calc,,1,0,0,0,5:52,0:35,1666,0,0,0,1,0,6:27,5:20,4:02,4:37,1:30,2:23,3:50,1:19,6:27,Prempt,0:23,1,0,6:50,Zero,6,5,6,--,O,B Diag,B,Diag,83,Small Cage,95,0:53,7:43,Housing,TOPD,6,,1:52,0:14,2:06,1:34,1:48,3:40,20,100,59,30,35,24,310,0.05083856799,42.64519812,
🇺🇸,meebie,0,1,7:46.598,7:47.588,23 Nov 2024,537,(V),-6994443511834809581,,Yes,https://www.speedrun.com/mc/runs/y4lpk63z,7,47,588,467588,,,410359,1.139460814,421494,1.109358615,-0.0005,0.7645,1.133888551,67.9650,88.8983,812.8284,1.58734,,BT,✔,2x1 Magma,1:42,0:47,2:29,Bridge,01:42,4:11,0:23,4:34,Fort,1:29,5:12,6/6,6,6,1.00,--,No,2,5:24,Calc,,1,1,0,1,5:51,1:29,1044,0,0,1,0,0,6:41,6:03,4:21,4:32,0:56,1:43,3:12,1:29,6:41,Prempt,0:18,1,1,6:59,Zero,5,4,5,--,O,F Diag,F,Diag,103,T103,104,0:47,7:46,Bridge,CRKSMK,3,,2:29,0:38,3:07,1:04,1:42,4:11,22,63,14,43,32,29,537,0.0000001882649985,0.0001673643694,
🇳🇴,skycrab1,0,0,7:48.043,7:48.043,24 Apr 2025,385,(U),9061699410068612393,,Yes,https://www.youtube.com/watch?v=GoPCnP2PyWo&list=PLU3_fvoJ1GyMStiA29z37DUPtG47PvOJz&index=121,7,48,43,468043,,,410359,1.140569599,421494,1.110438108,-0.0005,0.8249,1.140951529,73.1967,88.7346,810.2808,1.59947,,SH,🗙,Lava Pool,1:19,0:38,1:57,Housing,01:34,3:31,0:21,3:52,Fort,1:05,5:25,6/6,6,6,1.00,--,No,2,4:50,Calc,,1,1,0,1,5:18,0:38,1450,0,0,1,0,0,6:03,4:57,3:38,4:16,1:27,2:51,3:56,0:38,6:03,Prempt,0:21,1,1,6:24,Flew,4,--,F1,4,FO,FB FDiag,FB,FDiag,F95,Tall Cage (F),F86,1:24,7:48,Housing,TOPD,6,DBTRPL,1:57,0:16,2:13,1:18,1:34,3:31,35,76,48,3,25,27,385,0.00332374706,2.949314659,
🇦🇿,KenanKardes,0,0,7:46.865,7:48.393,21 Aug 2025,266,(U),-11765461984395005,,Yes,https://www.youtube.com/watch?v=iKXaGZ3zmX8,7,48,393,468393,,,410359,1.141422511,410359,1.141422511,-0.0005,0.8755,1.362103691,73.1124,83.5126,808.3082,1.60886,,BT,✔,2x1 Magma,1:21,0:44,2:05,Stables,01:29,3:34,0:23,3:57,Fort,1:39,5:55,6/13,6,13,0.46,,No,2,5:32,Calc,,1,0,0,0,5:51,0:22,566,0,1,0,0,0,6:17,5:36,4:15,4:37,1:21,2:10,3:49,0:22,6:17,Prempt,0:40,0,1,6:57,Zero,5,3,5,--,B57,F Diag,F,Diag,88,M88,95,0:49,7:46,Stables,DBTRPL,6,SDD,2:05,0:25,2:30,1:04,1:29,3:34,28,93,26,64,47,22,266,0.152268541,127.1634165,
🇹🇿,Kxpow,0,1,7:48.623,7:48.623,09 Jun 2025,339,(V),692932803524010650,,Yes,https://www.speedrun.com/mc/runs/zpo1xonm,7,48,623,468623,,,410359,1.141982995,421494,1.111814166,-0.0005,0.8441,1.150014814,74.7222,88.5243,807.0057,1.61505,,,,,,,,,,,,,Fort,,,,,,,,,,,,,,,,,,,,,,,,,,,,,,,,,,,,,,,,,,,,,,,,,,,,,,,,,,,,,,,,,,,,,339,0.0203266611,17.99402547,
🇸🇪,v_strid,0,1,7:49.149,7:49.149,08 Jun 2025,340,(V),6117620716132541251,,Yes,https://www.speedrun.com/mc/runs/yw2qgp0y,7,49,149,469149,,,410359,1.1432648,421494,1.113062108,-0.0005,0.8437,1.158292678,74.5224,88.3318,804.0086,1.62931,,,,,,,,,,,,,Fort,,,,,,,,,,,,,,,,,,,,,,,,,,,,,,,,,,,,,,,,,,--,,,,,,,,,,,,,,,,,,,,,,,,,,,340,0.01963581666,17.34466396,
🇺🇸,zylenox,0,0,7:49.391,7:49.391,06 May 2026,8,(U),unknown,,,https://www.youtube.com/watch?v=wJC3ok9Fln0,7,49,391,469391,,,410359,1.143854527,410359,1.143854527,-0.0005,0.9960,1.381048501,82.7275,83.0591,802.6211,1.63591,,,,,,,,,,,,,Fort,,,,,,,,,,,,,,,,,,,,,,,,,,,,,,,,,,,,,,,,,,,,,,,,,,,,,,,,,,,,,,,,,,,,,,,,
🇺🇸,doogile,0,0,7:48.748,7:50.206,29 Feb 2024,805,(U),8277071365134778012,,Yes,https://www.youtube.com/watch?v=ktTRyL2JWz0,7,50,206,470206,,,410359,1.145840593,421494,1.115569854,-0.0005,0.6686,1.175096364,58.8008,87.9401,797.9084,1.65832,,,,,,,,,,,,,Fort,,,,,,,,,,,,,,,,,,,,,,,,,,,,,,,,,,,,,,,,,,--,,,,,,,,,,,,,,,,,,,,,,,,,,,805,0,0,
🇬🇧,priffie,0,1,7:50.291,7:50.291,05 Jun 2024,708,(V),6555576914548637179,,Yes,https://www.speedrun.com/mc/runs/ywg2ldnz,7,50,291,470291,,,410359,1.146047729,421494,1.115771518,-0.0005,0.7019,1.176457532,61.7006,87.9083,797.4134,1.66068,,,,,,,,,,,,,Fort,,,,,,,,,,,,,,,,,,,,,,,,,,,,,,,,,,,,,,,,,,--,,,,,,,,,,,,,,,,,,,,,,,,,,,708,0,0,
🇳🇴,skycrab1,0,0,7:50.670,7:50.670,18 Nov 2024,542,(U),-1765111318942208381,,Yes,https://www.youtube.com/watch?v=JfVKj2Nz5vE&list=PLU3_fvoJ1GyMStiA29z37DUPtG47PvOJz&index=97,7,50,670,470670,,,410359,1.14697131,421494,1.1166707,-0.0005,0.7626,1.182544732,66.9318,87.7660,795.1980,1.67121,,,,,,,,,,,,,Fort,,,,,,,,,,,,,,,,,,,,,,,,,,,,,,,,,,,,,,,,,,--,,,,,,,,,,,,,,,,,,,,,,,,,,,542,0.0000001216632566,0.0001067789972,
🇺🇸,doogile,0,1,7:50.112,7:51.014,21 Jun 2023,1058,(V),291596226023214174,15,Yes,https://www.speedrun.com/mc/run/zgedgrvy,7,51,14,471014,,,410359,1.147809601,465828,1.011132864,-0.0005,0.5892,0.6402908202,58.5032,99.2936,793.1756,1.68082,,,,,,,,,,,,,Fort,,,,,,,,,,,,,,,,,,,,,,,,,,,,,,,,,,,,,,,,,,--,,,,,,,,,,,,,,,,,,,,,,,,,,,1058,0,0,
🇨🇦,Jay12310,0,0,7:50.618,7:51.575,11 May 2026,3,(U),unknown,,,https://www.youtube.com/watch?v=XmFkaVjlP-k,7,51,575,471575,,,410359,1.149176697,410359,1.149176697,-0.0005,0.9985,1.42335901,81.9212,82.0442,789.8542,1.69661,,BT,🗙,Lava Pool,1:37,0:31,2:08,Treasure,01:51,3:59,0:37,4:36,Fort,,,,,,,,No,2,5:34,Calc,,1,0,1,,5:46,,1634,0,0,0,1,0,6:21,,,,,,3:14,,6:21,Prempt,0:39,0,0,7:00,Zero,5,3,5,--,B57,B Diag,,,83,Small Cage,95,0:50,7:50,Treasure,BOOMR,4,,2:08,,,,,,,,,,,,,,,
🇦🇺,mikky_,0,1,7:51.104,7:51.620,19 Sep 2024,602,(V),-7641908410120115826,,Yes,https://www.speedrun.com/mc/runs/ydljp8jz,7,51,620,471620,,,410359,1.149286357,421494,1.118924587,-0.0005,0.7401,1.197932711,64.6870,87.4057,789.5865,1.69789,,,,,,,,,,,,,Fort,,,,,,,,,,,,,,,,,,,,,,,,,,,,,,,,,,,,,,,,,,--,,,,,,,,,,,,,,,,,,,,,,,,,,,602,0.0000000003350568825,0.0000002928589144,
BlazeMind,BlazeMind,0,1,7:49.832,7:51.665,27 Jan 2026,107,(Q),tbd,,,https://www.youtube.com/watch?v=0e-OYyUWBT0,7,51,665,471665,,,410359,1.149396017,410359,1.149396017,-0.0005,0.9479,1.425127962,77.7299,82.0017,789.3186,1.69916,,,,,,,,,,,,,Fort,,,,,,,,,,,,,,,,,,,,,,,,,,,,,,,,,,,,,,,,,,--,,,,,,,,,,,,,,,,,,,,,,,,,,,107,0.8847021007,725.4709316,
🇳🇴,skycrab1,0,0,7:51.826,7:51.826,25 Dec 2024,505,(U),-7679264656588706480,,Yes,https://www.youtube.com/watch?v=Nag0tKfRWgc&list=PLU3_fvoJ1GyMStiA29z37DUPtG47PvOJz&index=106,7,51,826,471826,,,410359,1.149788356,421494,1.119413325,-0.0005,0.7769,1.201294094,67.8404,87.3269,788.3587,1.70372,,,,,,,,,,,,,Fort,,,,,,,,,,,,,,,,,,,,,,,,,,,,,,,,,,,,,,,,,,--,,,,,,,,,,,,,,,,,,,,,,,,,,,505,0.000002551670029,0.002228294291,
🇨🇦,Jay12310,0,0,7:52.961,7:52.961,14 Mar 2026,61,(U),unknown,,,https://www.youtube.com/watch?v=z39xlzHCJik,7,52,961,472961,,,410359,1.152554227,410359,1.152554227,-0.0005,0.9700,1.450826522,78.9394,81.3842,781.5237,1.73622,,,,,,,,,,,,,,,,,,,,,,,,,,,,,,,,,,,,,,,,,,,,,,,,,,,,,,,,,,,,,,,,,,,,,,,,,,,,,,,,,,61,0.9775575639,795.5773176,
🇳🇴,skycrab1,0,0,7:52.279,7:53.490,14 May 2024,730,(U),3412336035458832291,,Yes,https://www.youtube.com/watch?v=zY_QWRWxGE0&list=PLU3_fvoJ1GyMStiA29z37DUPtG47PvOJz&index=20,7,53,490,473490,,,410359,1.153843342,421494,1.123361187,-0.0005,0.6942,1.228771162,60.1736,86.6809,778.2975,1.75157,,,,,,,,,,,,,,,,,,,,,,,,,,,,,,,,,,,,,,,,,,,,,,,,,,,,,,,--,,,,,,,,,,,,,,,,,,,,,,,,,,,730,0,0,
🇺🇸,meebie,0,0,7:50.698,7:53.506,28 Jun 2025,320,(U),5748636184496198066,,Yes,https://www.youtube.com/watch?v=giuYrUlLBq8,7,53,506,473506,,,410359,1.153882332,410359,1.153882332,-0.0005,0.8521,1.461760304,69.1270,81.1213,778.1995,1.75203,,,,,,,,,,,,,,,,,,,,,,,,,,,,,,,,,,,,,,,,,,,,,,,,,,,,,,,--,,,,,,,,,,,,,,,,,,,,,,,,,,,320,0.03774886009,30.6223555,
🇹🇷,ulsahin,0,1,7:51.545,7:53.512,24 Oct 2025,202,(V),7066468390795139054,,Yes,https://www.speedrun.com/mc/runs/mr5kp38y,7,53,512,473512,,,410359,1.153896954,410359,1.153896954,-0.0005,0.9039,1.461881097,73.3256,81.1184,778.1628,1.75221,,,,,,,,,,,,,,,,,,,,,,,,,,,,,,,,,,,,,,,,,,,,,,,,,,,,,,,--,,,,,,,,,,,,,,,,,,,,,,,,,,,202,0.4385678268,355.7590588,
🇺🇸,doogile,0,0,7:52.863,7:53.548,27 Jan 2024,838,(U),-2273417716457818411,18,Yes,https://www.youtube.com/watch?v=E-qMOVRq0Go,7,53,548,473548,,,410359,1.153984682,421494,1.123498792,-0.0005,0.6577,1.229739397,56.9954,86.6580,777.9422,1.75326,,,,,,,,,,,,,,,,,,,,,,,,,,,,,,,,,,,,,,,,,,,,,,,,,,,,,,,--,,,,,,,,,,,,,,,,,,,,,,,,,,,838,0,0,
🇳🇴,skycrab1,0,0,7:45.964,7:53.929,23 Oct 2025,203,(U),5643603245218707817,,Yes,https://www.youtube.com/watch?v=zg_t8sgrqFk&list=PLU3_fvoJ1GyMStiA29z37DUPtG47PvOJz&index=147,7,53,929,473929,,,410359,1.154913137,410359,1.154913137,-0.0005,0.9035,1.470298727,73.1060,80.9159,775.6007,1.76440,,,,,,,,,,,,,,,,,,,,,,,,,,,,,,,,,,,,,,,,,,,,,,,,,,,,,,,--,,,,,,,,,,,,,,,,,,,,,,,,,,,203,0.4332056593,350.5322123,
🇳🇴,skycrab1,0,0,7:52.279,7:53.490,14 May 2024,730,(U),-3412336035458832291,,,https://www.youtube.com/watch?v=zY_QWRWxGE0&list=PLU3_fvoJ1GyMStiA29z37DUPtG47PvOJz&index=20,7,53,490,473490,,,410359,1.153843342,421494,1.123361187,-0.0005,0.6942,1.228771162,60.1736,86.6809,778.2975,1.75157,,,,,,,,,,,,,,,,,,,,,,,,,,,,,,,,,,,,,,,,,,,,,,,,,,,,,,,--,,,,,,,,,,,,,,,,,,,,,,,,,,,730,0,0,
🇺🇸,Infume,0,0,7:53.848,7:53.848,23 Jul 2025,295,(U),unknown,,,https://www.youtube.com/watch?v=dpJWEh0YCUo&list=PLNlBsWHYU3zCJ5XoAac-T3YF54AvqfXXn&index=22,7,53,848,473848,,,410359,1.154715749,410359,1.154715749,-0.0005,0.8629,1.468660167,69.8533,80.9553,776.0996,1.76202,,,,,,,,,,,,,,,,,,,,,,,,,,,,,,,,,,,,,,,,,,,,,,,,,,,,,,,--,,,,,,,,,,,,,,,,,,,,,,,,,,,295,0.07674726717,62.13098592,
🇸🇪,ANJOUU,0,1,7:54.143,7:54.143,28 Apr 2025,381,(V),5590192376632660897,,Yes,https://www.speedrun.com/mc/runs/y6j7vnpm,7,54,143,474143,,,410359,1.155434632,421494,1.124910438,-0.0005,0.8265,1.239713335,71.4324,86.4228,774.2797,1.77068,,,,,,,,,,,,,,,,,,,,,,,,,,,,,,,,,,,,,,,,,,,,,,,,,,,,,,,--,,,,,,,,,,,,,,,,,,,,,,,,,,,381,0.003963475053,3.425346648,
🇩🇪,Blad_d,0,1,7:52.310,7:54.145,14 Apr 2025,395,(V),-4813633027442683952,,Yes,https://www.speedrun.com/mc/runs/zgj4w4dz,7,54,145,474145,,,410359,1.155439505,421494,1.124915183,-0.0005,0.8208,1.239746987,70.9335,86.4220,774.2673,1.77074,,,,,,,,,,,,,,,,,,,,,,,,,,,,,,,,,,,,,,,,,,,,,,,,,,,,,,,--,,,,,,,,,,,,,,,,,,,,,,,,,,,395,0.002105952332,1.820006527,
🇭🇷,Mar1n,0,1,7:55.128,7:55.128,22 Jun 2025,326,(V),-7684621580507828677,,Yes,https://www.speedrun.com/mc/runs/m7lwl84y,7,55,128,475128,,,410359,1.157834969,410359,1.157834969,-0.0005,0.8496,1.494750861,68.2455,80.3275,768.1452,1.79989,,,,,,,,,,,,,,,,,,,,,,,,,,,,,,,,,,,,,,,,,,,,,,,,,,,,,,,--,,,,,,,,,,,,,,,,,,,,,,,,,,,326,0.03128559222,25.1309252,
🇺🇸,meebie,0,0,7:55.456,7:55.456,07 Jun 2025,341,(U),3603293482983366385,,Yes,https://www.youtube.com/watch?v=caV9b4ltoSQ,7,55,456,475456,,,410359,1.158634269,421494,1.128025547,-0.0005,0.8432,1.261990435,72.4314,85.8962,766.0827,1.80971,,,,,,,,,,,,,,,,,,,,,,,,,,,,,,,,,,,,,,,,,,,,,,,,,,,,,,,--,,,,,,,,,,,,,,,,,,,,,,,,,,,341,0.01896458285,16.28985798,
🇺🇸,zylenox,0,0,7:52.850,7:55.550,22 Apr 2025,387,(U),-4019650266393698573,,Yes,http://youtube.com/watch?v=aEZQAJ5LhgA&list=PLZ59bMb0zBUSR6W9smbN1LDkQJlGfPEUk&index=51,7,55,550,475550,,,410359,1.158863337,421494,1.128248563,-0.0005,0.8241,1.263599508,70.7531,85.8581,765.4899,1.81253,,,,,,,,,,,,,,,,,,,,,,,,,,,,,,,,,,,,,,,,,,,,,,,,,,,,,,,--,,,,,,,,,,,,,,,,,,,,,,,,,,,387,0.003039505929,2.609662405,
🇵🇱,pardonmc,0,1,7:55.683,7:55.683,17 Jul 2025,301,(V),6664192904935921173,,Yes,https://www.speedrun.com/mc/runs/yd4j7evy,7,55,683,475683,,,410359,1.159187443,410359,1.159187443,-0.0005,0.8603,1.506195425,68.8669,80.0520,764.6497,1.81654,,,,,,,,,,,,,,,,,,,,,,,,,,,,,,,,,,,,,,,,,,,,,,,,,,,,,,,--,,,,,,,,,,,,,,,,,,,,,,,,,,,301,0.06540934767,52.36147316,
🇩🇰,Bloopy,0,0,7:52.588,7:55.999,02 Jun 2025,346,(U),-1088594931172127368,,,https://www.youtube.com/watch?v=lAD-2zBAaWk,7,55,999,475999,,,410359,1.159957501,421494,1.129313822,-0.0005,0.8411,1.271311775,72.0648,85.6754,762.6469,1.82608,,,,,,,,,,,,,,,,,,,,,,,,,,,,,,,,,,,,,,,,,,,,,,,,,,,,,,,--,,,,,,,,,,,,,,,,,,,,,,,,,,,346,0.01588827918,13.61234615,
🇳🇱,HDMICables,0,1,7:55.623,7:56.598,07 May 2025,372,(V),-2481499363875064100,,Yes,https://www.speedrun.com/mc/runs/yd437kxy,7,56,598,476598,,,410359,1.161417198,421494,1.130734957,-0.0005,0.8303,1.281668709,70.9301,85.4297,758.8256,1.84430,,,,,,,,,,,,,,,,,,,,,,,,,,,,,,,,,,,,,,,,,,,,,,,,,,,,,,,--,,,,,,,,,,,,,,,,,,,,,,,,,,,372,0.00581168461,4.964907323,
🇵🇱,okshey,0,1,7:56.752,7:56.752,17 Feb 2026,86,(Q),-6419209590101822881,,,https://www.speedrun.com/mc/runs/yo8v370z,7,56,752,476752,,,410359,1.161792479,410359,1.161792479,-0.0005,0.9579,1.528466072,76.1691,79.5158,757.8379,1.84901,,,,,,,,,,,,,,,,,,,,,,,,,,,,,,,,,,,,,,,,,,,,,,,,,,,,,,,--,,,,,,,,,,,,,,,,,,,,,,,,,,,86,0.9383750217,746.1560134,
🇩🇪,jason_n,0,0,7:56.903,7:56.903,16 May 2025,363,(U),8174323531600874073,,Yes,https://www.youtube.com/watch?v=mEjUzh-nDqI,7,56,903,476903,,,410359,1.16216045,421494,1.131458574,-0.0005,0.8340,1.286972365,71.1450,85.3038,756.8674,1.85365,,,,,,,,,,,,,,,,,,,,,,,,,,,,,,,,,,,,,,,,,,,,,,,,,,,,,,,--,,,,,,,,,,,,,,,,,,,,,,,,,,,363,0.008369051687,7.139121611,
🇳🇴,skycrab1,0,0,7:56.326,7:58.380,20 Sep 2024,601,(U),-630318768044632099,,Yes,https://www.youtube.com/watch?v=5xFvTb5MDmQ&list=PLU3_fvoJ1GyMStiA29z37DUPtG47PvOJz&index=71,7,58,380,478380,,,410359,1.165759737,421494,1.134962775,-0.0005,0.7404,1.312945613,62.7056,84.6861,747.2657,1.89952,,,,,,,,,,,,,,,,,,,,,,,,,,,,,,,,,,,,,,,,,,,,,,,,,,,,,,,--,,,,,,,,,,,,,,,,,,,,,,,,,,,601,0.0000000003734712458,0.0000003162782278,
🇨🇦,Aquacorde,0,1,7:57.023,7:57.023,14 Mar 2025,426,(V),5239949107527415069,,Yes,https://www.speedrun.com/mc/runs/y9pe59em,7,57,23,477023,,,410359,1.162452877,421494,1.131743275,-0.0005,0.8082,1.289064634,68.8987,85.2541,756.0946,1.85733,,,,,,,,,,,,,,,,,,,,,,,,,,,,,,,,,,,,,,,,,,,,,,,,,,,,,,,--,,,,,,,,,,,,,,,,,,,,,,,,,,,426,0.0004390586301,0.3743156385,
🇿🇦,Airpodsz,0,1,7:57.301,7:57.301,20 Oct 2025,206,(V),1950744630814396345,,Yes,https://www.speedrun.com/mc/runs/z175257z,7,57,301,477301,,,410359,1.163130332,410359,1.163130332,-0.0005,0.9021,1.540020499,71.4823,79.2375,754.2994,1.86590,,,,,,,,,,,,,,,,,,,,,,,,,,,,,,,,,,,,,,,,,,,,,,,,,,,,,,,--,,,,,,,,,,,,,,,,,,,,,,,,,,,206,0.4172033192,330.5816189,
🇫🇮,sadekeppi,0,1,7:56.839,7:57.450,21 Feb 2025,447,(V),-8774410482674782880,,Yes,https://www.speedrun.com/mc/runs/zpkp2jvy,7,57,450,477450,,,410359,1.163493429,421494,1.132756338,-0.0005,0.7997,1.296535286,68.0370,85.0766,753.3344,1.87051,,,,,,,,,,,,,,,,,,,,,,,,,,,,,,,,,,,,,,,,,,,,,,,,,,,,,,,--,,,,,,,,,,,,,,,,,,,,,,,,,,,447,0.0001321646188,0.1124411618,
🇨🇦,Jay12310,0,0,7:57.965,7:57.965,25 Dec 2025,140,(U),unknown,,Yes,https://www.youtube.com/watch?v=Dsok_v8zWzA&list=PLZ59bMb0zBUSR6W9smbN1LDkQJlGfPEUk,7,57,965,477965,,,410359,1.164748428,410359,1.164748428,-0.0005,0.9324,1.554102209,73.5644,78.8985,749.9834,1.88652,,,,,,,,,,,,,,,,,,,,,,,,,,,,,,,,,,,,,,,,,,,,,,,,,,,,,,,--,,,,,,,,,,,,,,,,,,,,,,,,,,,140,0.7600280032,599.6503483,
🇵🇱,mati_lopez,0,1,7:58.102,7:58.102,01 Mar 2025,439,(V),-7204778880031266135,,Yes,https://www.speedrun.com/mc/runs/z08d87jm,7,58,102,478102,,,410359,1.165082282,421494,1.134303217,-0.0005,0.8029,1.308020071,68.0903,84.8034,749.0879,1.89080,,,,,,,,,,,,,,,,,,,,,,,,,,,,,,,,,,,,,,,,,,,,,,,,,,,,,,,--,,,,,,,,,,,,,,,,,,,,,,,,,,,439,0.0002116763925,0.1795087327,
🇨🇿,kohout135,0,1,7:57.901,7:58.328,16 Jun 2025,332,(V),505133867771410090,,Yes,https://www.speedrun.com/mc/runs/yd4epqwy,7,58,328,478328,,,410359,1.165633019,410359,1.165633019,-0.0005,0.8470,1.561850271,66.6726,78.7119,747.6071,1.89788,,,,,,,,,,,,,,,,,,,,,,,,,,,,,,,,,,,,,,,,,,,,,,,,,,,,,,,--,,,,,,,,,,,,,,,,,,,,,,,,,,,332,0.02574700936,20.26595907,
🇩🇰,Bloopy,0,0,7:58.540,7:58.540,04 Feb 2025,464,(U),9020295482724158911,,,https://www.youtube.com/watch?v=rB_AjEUIYWE,7,58,540,478540,,,410359,1.16614964,421494,1.135342377,-0.0005,0.7929,1.315788255,67.0978,84.6184,746.2139,1.90455,,,,,,,,,,,,,,,,,,,,,,,,,,,,,,,,,,,,,,,,,,,,,,,,,,,,,,,--,,,,,,,,,,,,,,,,,,,,,,,,,,,464,0.00004586838767,0.03881308958,
🇦🇺,bigbigmongey,0,1,7:58.900,7:59.372,20 Oct 2025,206,(V),4336613090571479730,,Yes,https://www.speedrun.com/mc/runs/zn5kqqvz,7,59,372,479372,,,410359,1.168177133,410359,1.168177133,-0.0005,0.9021,1.584331515,70.5199,78.1707,740.7072,1.93091,,,,,,,,,,,,,,,,,,,,,,,,,,,,,,,,,,,,,,,,,,,,,,,,,,,,,,,--,,,,,,,,,,,,,,,,,,,,,,,,,,,206,0.4172033192,326.1306327,
🇺🇦,dinonuggieboi,0,1,7:58.082,7:59.376,10 May 2025,369,(V),4495867891036383676,,Yes,https://www.speedrun.com/mc/runs/z16jpxwm,7,59,376,479376,,,410359,1.16818688,421494,1.137325798,-0.0005,0.8315,1.330734111,70.0656,84.2621,740.6806,1.93104,,,,,,,,,,,,,,,,,,,,,,,,,,,,,,,,,,,,,,,,,,,,,,,,,,,,,,,--,,,,,,,,,,,,,,,,,,,,,,,,,,,369,0.006575919255,5.541004998,
🇺🇸,Infume,0,1,7:59.698,7:59.698,08 May 2025,371,(V),1457025420686153641,,Yes,https://www.speedrun.com/mc/runs/yd4634jy,7,59,698,479698,,,410359,1.168971559,421494,1.138089747,-0.0005,0.8307,1.33653263,69.8806,84.1237,738.5328,1.94134,,,,,,,,,,,,,,,,,,,,,,,,,,,,,,,,,,,,,,,,,,,,,,,,,,,,,,,--,,,,,,,,,,,,,,,,,,,,,,,,,,,371,0.006057360711,5.09567471,
🇨🇦,Aquacorde,0,0,7:59.882,8:00.035,19 Aug 2025,268,(U),-6415662147603823754,,,https://www.youtube.com/watch?v=WdnsDM7UisA,8,0,35,480035,,,410359,1.169792791,410359,1.169792791,-0.0005,0.8746,1.59876171,68.0635,77.8234,736.2751,1.95216,,,,,,,,,,,,,,,,,,,,,,,,,,,,,,,,,,,,,,,,,,,,,,,,,,,,,,,--,,,,,,,,,,,,,,,,,,,,,,,,,,,268,0.1458927961,113.5386906,
🇦🇺,bigbigmongey,0,1,7:58.808,8:00.202,05 May 2025,374,(V),1438072232147069823,,,https://www.speedrun.com/mc/runs/yd43n2xy,8,0,202,480202,,,410359,1.170199752,421494,1.139285494,-0.0005,0.8294,1.345655582,69.5952,83.9058,735.1526,1.95755,,,,,,,,,,,,,,,,,,,,,,,,,,,,,,,,,,,,,,,,,,,,,,,,,,,,,,,,,,,,,,,,,,,,,,,,,,,,,,,,,,374,0.005346236626,4.485803505,
🇵🇱,watermelon1708,0,0,8:00.245,8:00.245,18 Mar 2026,57,(U),unknown,,,https://www.youtube.com/watch?v=P99-S3NPS-k,8,0,245,480245,,,410359,1.170304538,410359,1.170304538,-0.0005,0.9719,1.603357361,75.5292,77.7128,734.8631,1.95894,,,,,,,,,,,,,,,,,,,,,,,,,,,,,,,,,,,,,,,,,,,,,,,,,,,,,,,,,,,,,,,,,,,,,,,,,,,,,,,,,,57,0.9816511285,762.8684314,
🇫🇮,sadekeppi,0,0,8:00.342,8:01.352,15 Apr 2025,394,(U),unknown,,,https://www.youtube.com/watch?v=p5n5mCcWxvw,8,1,352,481352,,,410359,1.173002176,421494,1.142013884,-0.0005,0.8212,1.366688102,68.4897,83.4029,727.3561,1.99503,,,,,,,,,,,,,,,,,,,,,,,,,,,,,,,,,,,,,,,,,,,,,,,,,,,,,,,,,,,,,,,,,,,,,,,,,,,,,,,,,,394,0.002206608848,1.840376,
🇦🇹,Mescht,0,1,8:00.384,8:00.384,09 Apr 2025,400,(V),8206887781532841360,,Yes,https://www.speedrun.com/mc/runs/mko6ex3z,8,0,384,480384,,,410359,1.170643266,421494,1.139717291,-0.0005,0.8187,1.348964129,68.6315,83.8268,733.9264,1.96344,,,,,,,,,,,,,,,,,,,,,,,,,,,,,,,,,,,,,,,,,,,,,,,,,,,,,,,--,,,,,,,,,,,,,,,,,,,,,,,,,,,400,0.001661557273,1.392829688,
🇺🇸,meebie,0,1,8:00.427,8:00.427,20 Apr 2024,754,(U),unknown,,,https://www.youtube.com/watch?v=lSiuiiMRays&list=PLaTJSsRuu2Ufk7cX7bUTt9V-IJxa8wqSM&index=14,8,0,427,480427,,,410359,1.170748052,421494,1.139819309,-0.0005,0.6859,1.349746917,57.4853,83.8081,733.6363,1.96483,,,,,,,,,,,,,,,,,,,,,,,,,,,,,,,,,,,,,,,,,,,,,,,,,,,,,,,,,,,,,,,,,,,,,,,,,,,,,,,,,,754,0,0,
🇩🇪,jason_n,0,0,8:00.870,8:00.870,15 Jun 2025,333,(U),see video,,,https://www.youtube.com/watch?v=WU1fSPhJGAk,8,0,870,480870,,,410359,1.171827595,410359,1.171827595,-0.0005,0.8466,1.617106433,65.5134,77.3820,730.6379,1.97924,,,,,,,,,,,,,,,,,,,,,,,,,,,,,,,,,,,,,,,,,,,,,,,,,,,,,,,--,,,,,,,,,,,,,,,,,,,,,,,,,,,333,0.02490706701,19.27359032,
🇺🇸,meebie,0,1,8:00.927,8:00.927,10 Dec 2023,886,(V),698408566767839427,,,https://www.youtube.com/watch?v=PUuvT8h96hI&list=PLaTJSsRuu2Ufk7cX7bUTt9V-IJxa8wqSM&index=9,8,0,927,480927,,,410359,1.171966498,446254,1.077697903,-0.0005,0.6421,0.944207622,59.8306,93.1786,730.2509,1.98110,,,,,,,,,,,,,,,,,,,,,,,,,,,,,,,,,,,,,,,,,,,,,,,,,,,,,,,--,,,,,,,,,,,,,,,,,,,,,,,,,,,886,0,0,
🇹🇿,Kxpow,0,1,7:58.526,8:00.969,20 Jul 2024,663,(V),-2313608296694412917,,,https://www.speedrun.com/mc/runs/y8p9gwxz,8,0,969,480969,,,410359,1.172068847,421494,1.141105211,-0.0005,0.7178,1.359649811,59.9913,83.5713,729.9655,1.98247,,,,,,,,,,,,,,,,,,,,,,,,,,,,,,,,,,,,,,,,,,,,,,,,,,,,,,,,,,,,,,,,,,,,,,,,,,,,,,,,,,663,0,0.0000000001841741215,
🇺🇸,thecamo6,0,1,8:00.680,8:01.217,28 May 2024,716,(V),8027147372185455800,,,https://www.speedrun.com/mc/runs/mel636qz,8,1,217,481217,,,410359,1.172673196,421494,1.141693595,-0.0005,0.6991,1.364203406,58.3463,83.4624,728.2773,1.99059,,,,,,,,,,,,,,,,,,,,,,,,,,,,,,,,,,,,,,,,,,,,,,,,,,,,,,,--,,,,,,,,,,,,,,,,,,,,,,,,,,,716,0,0,
🇺🇦,7rowl,0,1,8:00.564,8:01.225,19 Jul 2024,664,(V),4542168202417465956,,,https://www.speedrun.com/mc/runs/y4l3p3qz,8,1,225,481225,,,410359,1.172692691,421494,1.141712575,-0.0005,0.7175,1.36435053,59.8807,83.4588,728.2228,1.99086,,,,,,,,,,,,,,,,,,,,,,,,,,,,,,,,,,,,,,,,,,,,,,,,,,,,,,,--,,,,,,,,,,,,,,,,,,,,,,,,,,,664,0,0.0000000001611709248,
🇩🇪,jason_n,0,0,8:01.271,8:01.271,25 Oct 2024,566,(U),-8000908414180372217,,,https://www.youtube.com/watch?v=VmnT8lICQ94,8,1,271,481271,,,410359,1.172804788,421494,1.14182171,-0.0005,0.7535,1.365196782,62.8726,83.4386,727.9090,1.99236,,,,,,,,,,,,,,,,,,,,,,,,,,,,,,,,,,,,,,,,,,,,,,,,,,,,,,,--,,,,,,,,,,,,,,,,,,,,,,,,,,,566,0.00000001334465909,0.00001113459628,
🇧🇪,boyenn,0,1,7:59.551,8:01.422,08 Jun 2025,340,(V),254566834946075032,,,https://www.speedrun.com/mc/runs/z00rj59z,8,1,422,481422,,,410359,1.173172758,421494,1.14217996,-0.0005,0.8437,1.36797811,70.3381,83.3720,726.8778,1.99733,,,,,,,,,,,,,,,,,,,,,,,,,,,,,,,,,,,,,,,,,,,,,,,,,,,,,,,--,,,,,,,,,,,,,,,,,,,,,,,,,,,340,0.01963581666,16.37078055,
🇫🇮,iluappi,0,1,7:59.559,8:01.633,15 Oct 2025,211,(V),-1502625211715149134,,,https://www.speedrun.com/mc/runs/y4016j2z,8,1,633,481633,,,410359,1.173686942,410359,1.173686942,-0.0005,0.8999,1.634037284,69.2677,76.9749,725.4334,2.00428,,,,,,,,,,,,,,,,,,,,,,,,,,,,,,,,,,,,,,,,,,,,,,,,,,,,,,,--,,,,,,,,,,,,,,,,,,,,,,,,,,,211,0.3908649793,300.8678296,
🇬🇧,priffie,0,1,8:03.241,8:03.241,03 Dec 2023,893,(V),-4868324554498692300,12,Yes,https://www.speedrun.com/mc/run/yoole61y,8,3,241,483241,,,410359,1.177605463,465828,1.03738075,-0.0005,0.6399,0.7464535101,62.2573,97.2978,714.2998,2.05803,,,,,,,,,,,,,,,,,,,,,,,,,,,,,,,,,,,,,,,,,,,,,,,,,,,,,,,--,,,,,,,,,,,,,,,,,,,,,,,,,,,893,0,0,
🇳🇴,skycrab1,0,0,8:03.337,8:03.337,17 Jun 2025,331,(U),-4304452735829751506,,,https://www.youtube.com/watch?v=ul-SUoNx_XU&list=PLU3_fvoJ1GyMStiA29z37DUPtG47PvOJz&index=131,8,3,337,483337,,,410359,1.177839404,410359,1.177839404,-0.0005,0.8475,1.672434485,64.4522,76.0524,713.6281,2.06128,,,,,,,,,,,,,,,,,,,,,,,,,,,,,,,,,,,,,,,,,,,,,,,,,,,,,,,--,,,,,,,,,,,,,,,,,,,,,,,,,,,331,0.02660997589,20.23753769,
Tenes9999,Tenes9999,0,1,8:03.631,8:03.631,16 May 2025,363,(V),-7442337813042441622,,,https://www.speedrun.com/mc/runs/zngk3x8m,8,3,631,483631,,,410359,1.17855585,421494,1.147420841,-0.0005,0.8340,1.409269773,68.7084,82.3824,711.5661,2.07126,,,,,,,,,,,,,,,,,,,,,,,,,,,,,,,,,,,,,,,,,,,,,,,,,,,,,,,--,,,,,,,,,,,,,,,,,,,,,,,,,,,363,0.008369051687,6.894627486,
🇸🇪,PAPLERR,0,1,8:04.190,8:04.190,26 Jan 2025,473,(V),-5524626450736366561,,,https://www.speedrun.com/mc/runs/m3w6egwy,8,4,190,484190,,,410359,1.179918072,421494,1.148747076,-0.0005,0.7894,1.41989972,64.8301,82.1273,707.6252,2.09037,,,,,,,,,,,,,,,,,,,,,,,,,,,,,,,,,,,,,,,,,,,,,,,,,,,,,,,,,,,,,,,,,,,,,,,,,,,,,,,,,,473,0.0000253588773,0.02082655256,
🇳🇴,skycrab1,0,0,8:04.394,8:04.394,30 Sep 2025,226,(U),see video,,,https://www.youtube.com/watch?v=xW_pib-H4zw&list=PLU3_fvoJ1GyMStiA29z37DUPtG47PvOJz&index=143,8,4,394,484394,,,410359,1.180415197,410359,1.180415197,-0.0005,0.8932,1.696664062,67.4071,75.4712,706.1805,2.09738,,,,,,,,,,,,,,,,,,,,,,,,,,,,,,,,,,,,,,,,,,,,,,,,,,,,,,,--,,,,,,,,,,,,,,,,,,,,,,,,,,,226,0.3152726055,237.9399647,
🇨🇦,Jay12310,0,0,8:04.480,8:04.480,26 Jan 2025,473,(U),unknown,,,https://www.youtube.com/watch?v=jjYvP5zAbZg&list=PLaTJSsRuu2UcsiC6KEkJwrGp1GaGgPoVG&index=5,8,4,480,484480,,,410359,1.18062477,421494,1.149435105,-0.0005,0.7894,1.425443444,64.7250,81.9941,705.5704,2.10034,,,,,,,,,,,,,,,,,,,,,,,,,,,,,,,,,,,,,,,,,,,,,,,,,,,,,,,--,,,,,,,,,,,,,,,,,,,,,,,,,,,473,0.0000253588773,0.02079279396,
🇧🇷,brahmaquente,0,1,8:01.509,8:04.797,12 May 2025,367,(V),4176313215067158543,,,https://www.speedrun.com/mc/runs/y4nwjk3m,8,4,797,484797,,,410359,1.181397264,421494,1.150187191,-0.0005,0.8324,1.431526127,68.1264,81.8480,703.3162,2.11130,,,,,,,,,,,,,,,,,,,,,,,,,,,,,,,,,,,,,,,,,,,,,,,,,,,,,,,,,,,,,,,,,,,,,,,,,,,,,,,,,,367,0.007132551175,5.837853099,
🇺🇦,7rowl,0,1,8:04.491,8:05.070,13 May 2024,731,(U),3390807343358437717,,,https://www.youtube.com/watch?v=1KMm0eJPRws,8,5,70,485070,,,410359,1.182062535,421494,1.150834887,-0.0005,0.6938,1.436783687,56.7026,81.7217,701.3681,2.12077,,,,,,,,,,,,,,,,,,,,,,,,,,,,,,,,,,,,,,,,,,,,,,,,,,,,,,,--,,,,,,,,,,,,,,,,,,,,,,,,,,,731,0,0,
🇧🇬,BlindTravel,0,1,8:03.959,8:05.167,10 May 2025,369,(V),3979016117801702341,,,https://www.speedrun.com/mc/runs/y8g1jl5z,8,5,167,485167,,,410359,1.182298914,421494,1.151065021,-0.0005,0.8315,1.438656037,67.9158,81.6767,700.6744,2.12415,,,,,,,,,,,,,,,,,,,,,,,,,,,,,,,,,,,,,,,,,,,,,,,,,,,,,,,,,,,,,,,,,,,,,,,,,,,,,,,,,,369,0.006575919255,5.370995572,
🇹🇿,Kxpow,0,0,8:02.735,8:05.252,10 May 2025,369,(U),-7680287748229501835,,,https://www.youtube.com/watch?v=B-KCsE-Rm1k,8,5,252,485252,,,410359,1.18250605,421494,1.151266685,-0.0005,0.8315,1.440298604,67.8830,81.6373,700.0659,2.12711,,,,,,,,,,,,,,,,,,,,,,,,,,,,,,,,,,,,,,,,,,,,,,,,,,,,,,,,,,,,,,,,,,,,,,,,,,,,,,,,,,,,,
🇸🇪,v_strid,0,1,8:04.428,8:05.428,05 Feb 2025,463,(V),-5544842606483643213,,,https://www.speedrun.com/mc/runs/z5lxpqny,8,5,428,485428,,,410359,1.182934942,421494,1.151684247,-0.0005,0.7933,1.443705175,64.7014,81.5554,698.8041,2.13326,,,,,,,,,,,,,,,,,,,,,,,,,,,,,,,,,,,,,,,,,,,,,,,,,,,,,,,,,,,,,,,,,,,,,,,,,,,,,,,,,,463,0.00004892193468,0.03989846966,
🇳🇴,skycrab1,0,0,8:05.447,8:05.447,13 Jul 2025,305,(U),8311211913392066784,,,https://www.youtube.com/watch?v=MPlhH010LdE&list=PLU3_fvoJ1GyMStiA29z37DUPtG47PvOJz&index=133,8,5,447,485447,,,410359,1.182981243,410359,1.182981243,-0.0005,0.8586,1.721119446,64.2934,74.8853,698.6677,2.13393,,,,,,,,,,,,,,,,,,,,,,,,,,,,,,,,,,,,,,,,,,,,,,,,,,,,,,,--,,,,,,,,,,,,,,,,,,,,,,,,,,,305,0.05858582534,43.8721523,
🇺🇦,loodlow,0,1,8:02.631,8:05.732,30 Jun 2025,318,(V),6502082647557812063,,,https://www.speedrun.com/mc/runs/z16gg09m,8,5,732,485732,,,410359,1.183675757,410359,1.183675757,-0.0005,0.8530,1.727793368,63.7406,74.7255,696.6185,2.14392,,,,,,,,,,,,,,,,,,,,,,,,,,,,,,,,,,,,,,,,,,,,,,,,,,,,,,,--,,,,,,,,,,,,,,,,,,,,,,,,,,,318,0.04012550147,29.98398889,
🇵🇱,watermelon1708,0,1,8:03.854,8:07.194,06 Jul 2025,312,(V),9122600350394059007,,,https://www.speedrun.com/mc/runs/yw2v45ny,8,7,194,487194,,,410359,1.187238491,410359,1.187238491,-0.0005,0.8556,1.762400966,63.2243,73.8983,686.0016,2.19586,,,,,,,,,,,,,,,,,,,,,,,,,,,,,,,,,,,,,,,,,,,,,,,,,,,,,,,--,,,,,,,,,,,,,,,,,,,,,,,,,,,312,0.0479722385,35.45064953,
🇩🇪,jason_n,0,0,8:07.349,8:07.349,10 Jun 2025,338,(U),6183710647574302652,,,https://www.youtube.com/watch?v=Logr5V0QDDk,8,7,349,487349,,,410359,1.187616209,421494,1.156241844,-0.0005,0.8445,1.481372423,68.1092,80.6495,684.8659,2.20143,,,,,,,,,,,,,,,,,,,,,,,,,,,,,,,,,,,,,,,,,,,,,,,,,,,,,,,--,,,,,,,,,,,,,,,,,,,,,,,,,,,338,0.02103753197,16.96665423,
🇸🇪,PAPLERR,0,1,8:07.689,8:07.689,28 May 2025,351,(V),-2052078032780233310,,,https://www.speedrun.com/mc/runs/y22nr37y,8,7,689,487689,,,410359,1.188444752,421494,1.157048499,-0.0005,0.8390,1.488132579,67.5314,80.4868,682.3678,2.21371,,,,,,,,,,,,,,,,,,,,,,,,,,,,,,,,,,,,,,,,,,,,,,,,,,,,,,,,,,,,,,,,,,,,,,,,,,,,,,,,,,351,0.01324208717,10.65812764,
🇨🇳,Acactus_,0,1,8:05.297,8:08.421,23 Feb 2024,811,(V),6832552403849051699,,,https://www.speedrun.com/mc/runs/zn28n27z,8,8,421,488421,,,410359,1.190228556,421494,1.158785178,-0.0005,0.6666,1.502783103,53.4209,80.1341,676.9584,2.24034,,,,,,,,,,,,,,,,,,,,,,,,,,,,,,,,,,,,,,,,,,,,,,,,,,,,,,,,,,,,,,,,,,,,,,,,,,,,,,,,,,811,0,0,
🇮🇱,sagi_enderman,0,1,8:05.180,8:08.427,24 Jan 2024,841,(V),-1127568643405241248,,,https://www.speedrun.com/mc/runs/zqdn2l1m,8,8,427,488427,,,410359,1.190243177,421494,1.158799414,-0.0005,0.6567,1.502903735,52.6236,80.1312,676.9139,2.24056,,,,,,,,,,,,,,,,,,,,,,,,,,,,,,,,,,,,,,,,,,,,,,,,,,,,,,,--,,,,,,,,,,,,,,,,,,,,,,,,,,,841,0,0,
🇫🇮,Lathil,0,1,8:08.473,8:08.473,14 Apr 2025,395,(V),-1308536743164996263,,,https://www.speedrun.com/mc/runs/ylpgo0rm,8,8,473,488473,,,410359,1.190355274,421494,1.158908549,-0.0005,0.8208,1.503828873,65.7518,80.1089,676.5725,2.24225,,,,,,,,,,,,,,,,,,,,,,,,,,,,,,,,,,,,,,,,,,,,,,,,,,,,,,,,,,,,,,,,,,,,,,,,,,,,,,,,,,395,0.002105952332,1.687056202,
🇺🇸,meebie,0,0,8:09.030,8:09.030,16 Oct 2025,210,(U),unknown,,,https://www.youtube.com/watch?v=uZ1E_scaXFA&list=PLaTJSsRuu2Ufk7cX7bUTt9V-IJxa8wqSM&index=20,8,9,30,489030,,,410359,1.191712622,410359,1.191712622,-0.0005,0.9003,1.806753411,65.5807,72.8412,672.4258,2.26273,,,,,,,,,,,,,,,,,,,,,,,,,,,,,,,,,,,,,,,,,,,,,,,,,,,,,,,,,,,,,,,,,,,,,,,,,,,,,,,,,,210,0.3960954743,288.5205104,
🇩🇪,jason_n,0,1,8:10.305,8:10.305,12 May 2024,732,(V),-8081672849157921881,,,https://www.speedrun.com/mc/runs/y46kvjnz,8,10,305,490305,,,410359,1.194819658,421494,1.163254993,-0.0005,0.6935,1.541101205,54.9334,79.2115,662.8434,2.31027,,,,,,,,,,,,,,,,,,,,,,,,,,,,,,,,,,,,,,,,,,,,,,,,,,,,,,,--,,,,,,,,,,,,,,,,,,,,,,,,,,,732,0,0,
🇺🇸,meebie,0,1,8:09.372,8:10.419,07 Jul 2023,1042,(V),-4538563713628989532,12,Yes,https://www.speedrun.com/mc/run/zge2pn0y,8,10,419,490419,,,410359,1.195097463,465828,1.052789871,-0.0005,0.5939,0.8167404078,56.9489,95.8854,661.9806,2.31456,,,,,,,,,,,,,,,,,,,,,,,,,,,,,,,,,,,,,,,,,,,,,,,,,,,,,,,--,,,,,,,,,,,,,,,,,,,,,,,,,,,1042,0,0,
🇸🇰,NoFear1337,0,0,7:47.229,8:10.447,27 Dec 2023,869,(U),unknown,16,Yes,https://www.youtube.com/watch?v=GFz5UcBTrAk,8,10,447,490447,,,410359,1.195165696,446254,1.099031045,-0.0005,0.6476,1.068366434,58.5444,90.4037,661.7685,2.31562,,,,,,,,,,,,,,,,,,,,,,,,,,,,,,,,,,,,,,,,,,,,,,,,,,,,,,,--,,,,,,,,,,,,,,,,,,,,,,,,,,,869,0,0,
🇺🇸,itsnahan,0,1,8:10.502,8:10.502,19 May 2025,360,(U),-2397708846488236424,,,https://www.youtube.com/watch?v=U4hoPKXpmyo,8,10,502,490502,,,410359,1.195299725,421494,1.163722378,-0.0005,0.8353,1.545159242,66.0814,79.1138,661.3518,2.31769,,,,,,,,,,,,,,,,,,,,,,,,,,,,,,,,,,,,,,,,,,,,,,,,,,,,,,,,,,,,,,,,,,,,,,,,,,,,,,,,,,,,,
🇳🇴,skycrab1,0,0,8:09.558,8:10.528,23 Jun 2024,690,(U),-6343411097658357214,,,https://www.youtube.com/watch?v=pmNaJCUang0&list=PLU3_fvoJ1GyMStiA29z37DUPtG47PvOJz&index=38,8,10,528,490528,,,410359,1.195363085,421494,1.163784063,-0.0005,0.7082,1.545695551,56.0209,79.1009,661.1547,2.31867,,,,,,,,,,,,,,,,,,,,,,,,,,,,,,,,,,,,,,,,,,,,,,,,,,,,,,,--,,,,,,,,,,,,,,,,,,,,,,,,,,,690,0,0,
🇬🇧,Steez,0,1,8:10.112,8:10.627,14 Aug 2025,273,(V),-550357973299006184,,,https://www.speedrun.com/mc/runs/y4nn06nm,8,10,627,490627,,,410359,1.195604337,410359,1.195604337,-0.0005,0.8724,1.846153327,62.7307,71.9054,660.4038,2.32242,,,,,,,,,,,,,,,,,,,,,,,,,,,,,,,,,,,,,,,,,,,,,,,,,,,,,,,,,,,,,,,,,,,,,,,,,,,,,,,,,,273,0.1307273137,94.00002079,
🇨🇦,Aquacorde,0,0,8:10.818,8:10.818,15 Jul 2025,303,(U),5155476148031295835,,,https://www.youtube.com/watch?v=m5GWURA89ts,8,10,818,490818,,,410359,1.196069783,410359,1.196069783,-0.0005,0.8594,1.850917303,61.6998,71.7925,658.9530,2.32965,,,,,,,,,,,,,,,,,,,,,,,,,,,,,,,,,,,,,,,,,,,,,,,,,,,,,,,--,,,,,,,,,,,,,,,,,,,,,,,,,,,303,0.06192615204,44.45833653,
🇳🇴,skycrab1,0,0,8:10.890,8:10.890,06 Jan 2025,493,(U),-7855142198495008899,,,https://www.youtube.com/watch?v=__bACJwOlow&list=PLU3_fvoJ1GyMStiA29z37DUPtG47PvOJz&index=107,8,10,890,490890,,,410359,1.196245239,421494,1.164642913,-0.0005,0.7815,1.55318037,61.6790,78.9207,658.4054,2.33238,,,,,,,,,,,,,,,,,,,,,,,,,,,,,,,,,,,,,,,,,,,,,,,,,,,,,,,--,,,,,,,,,,,,,,,,,,,,,,,,,,,493,0.00000625383489,0.004935567225,
🇳🇴,skycrab1,0,0,8:10.497,8:11.103,07 Feb 2026,96,(U),unknown,,,https://www.youtube.com/watch?v=c8Pr_8UkxF0&list=PLU3_fvoJ1GyMStiA29z37DUPtG47PvOJz&index=167,8,11,103,491103,,,410359,1.196764297,410359,1.196764297,-0.0005,0.9531,1.858046567,68.2669,71.6236,656.7831,2.34048,,,,,,,,,,,,,,,,,,,,,,,,,,,,,,,,,,,,,,,,,,,,,,,,,,,,,,,,,,,,,,,,,,,,,,,,,,,,,,,,,,96,0.9153272751,655.5906441,
🇧🇷,brahmaquente,0,1,8:07.405,8:11.357,30 Jul 2024,653,(V),468064970823174801,,,https://www.speedrun.com/mc/runs/meg6x50y,8,11,357,491357,,,410359,1.197383267,421494,1.165750877,-0.0005,0.7214,1.562885244,56.7683,78.6870,654.8442,2.35018,,,,,,,,,,,,,,,,,,,,,,,,,,,,,,,,,,,,,,,,,,,,,,,,,,,,,,,,,,,,,,,,,,,,,,,,,,,,,,,,,,653,0,0.0000000006356042751,
🇩🇰,Bloopy,0,0,8:11.720,8:11.720,07 Mar 2026,68,(U),6328234340742294275,,,https://www.youtube.com/watch?v=_3NI29jbOy0,8,11,720,491720,,,410359,1.198267858,410359,1.198267858,-0.0005,0.9666,1.873566084,68.8744,71.2564,652.0650,2.36410,,,,,,,,,,,,,,,,,,,,,,,,,,,,,,,,,,,,,,,,,,,,,,,,,,,,,,,,,,,,,,,,,,,,,,,,,,,,,,,,,,68,0.9690459967,690.5075793,
🇺🇸,itsnahan,0,1,8:11.731,8:12.061,26 Sep 2024,595,(V),8580381741511547234,,,https://www.speedrun.com/mc/runs/ydl27rxz,8,12,61,492061,,,410359,1.199098838,421494,1.167421126,-0.0005,0.7427,1.577620273,58.1752,78.3322,649.4454,2.37724,,,,,,,,,,,,,,,,,,,,,,,,,,,,,,,,,,,,,,,,,,,,,,,,,,,,,,,,,,,,,,,,,,,,,,,,,,,,,,,,,,595,0.0000000007109013102,0.0000005568648068,
🇷🇴,tudorule,0,1,8:08.070,8:12.219,03 May 2025,376,(V),3079207861677416186,,,https://www.speedrun.com/mc/runs/y6jp6n0m,8,12,219,492219,,,410359,1.199483867,421494,1.167795983,-0.0005,0.8286,1.580944705,64.8409,78.2522,648.2288,2.38335,,,,,,,,,,,,,,,,,,,,,,,,,,,,,,,,,,,,,,,,,,,,,,,,,,,,,,,,,,,,,,,,,,,,,,,,,,,,,,,,,,376,0.004913653108,3.845041465,
🇦🇺,ParaFraser,0,1,8:10.103,8:12.481,05 Jul 2025,313,(V),-3856485852976638547,,,https://www.speedrun.com/mc/runs/y4nxdrdm,8,12,481,492481,,,410359,1.200122332,410359,1.200122332,-0.0005,0.8551,1.892869275,60.5438,70.8005,646.2074,2.39352,,,,,,,,,,,,,,,,,,,,,,,,,,,,,,,,,,,,,,,,,,,,,,,,,,,,,,,,,,,,,,,,,,,,,,,,,,,,,,,,,,313,0.04658718853,32.98397213,
🇳🇴,skycrab1,0,0,8:12.697,8:12.697,16 Jun 2025,332,(U),8459975692548252643,,,https://www.youtube.com/watch?v=snXcok9zxhU&list=PLU3_fvoJ1GyMStiA29z37DUPtG47PvOJz&index=130,8,12,697,492697,,,410359,1.2006487,410359,1.2006487,-0.0005,0.8470,1.898380935,59.8612,70.6705,644.5372,2.40194,,,,,,,,,,,,,,,,,,,,,,,,,,,,,,,,,,,,,,,,,,,,,,,,,,,,,,,--,,,,,,,,,,,,,,,,,,,,,,,,,,,332,0.02574700936,18.19554448,
🇺🇸,Infume,0,0,8:12.836,8:12.836,17 Jun 2025,331,(U),unknown,,,https://www.youtube.com/watch?v=IKZLFxXVutk,8,12,836,492836,,,410359,1.200987428,410359,1.200987428,-0.0005,0.8475,1.901935465,59.8201,70.5867,643.4606,2.40736,,,,,,,,,,,,,,,,,,,,,,,,,,,,,,,,,,,,,,,,,,,,,,,,,,,,,,,,,,,,,,,,,,,,,,,,,,,,,,,,,,,,,
🇹🇿,Kxpow,0,0,8:11.452,8:12.866,09 Nov 2024,551,(U),-4774790054232718199,,,https://www.youtube.com/watch?v=hPLiTXbLFJs,8,12,866,492866,,,410359,1.201060535,421494,1.169330999,-0.0005,0.7592,1.594625009,59.1585,77.9229,643.2281,2.40854,,,,,,,,,,,,,,,,,,,,,,,,,,,,,,,,,,,,,,,,,,,,,,,,,,,,,,,,,,,,,,,,,,,,,,,,,,,,,,,,,,,,,
🇨🇦,wethr,0,1,8:13.175,8:13.175,22 Dec 2024,508,(V),4556224492622948754,,,https://www.speedrun.com/mc/runs/y9p0o6vm,8,13,175,493175,,,410359,1.201813534,421494,1.170064105,-0.0005,0.7757,1.601196695,60.3215,77.7648,640.8292,2.42065,,,,,,,,,,,,,,,,,,,,,,,,,,,,,,,,,,,,,,,,,,,,,,,,,,,,,,,,,,,,,,,,,,,,,,,,,,,,,,,,,,508,0.000002025586641,0.001575192908,
🇺🇸,zylenox,0,0,8:11.111,8:13.283,16 Mar 2023,1155,(U),3386076644250915113,15,Yes,https://www.youtube.com/watch?v=t_huEH4IZxg,8,13,283,493283,,,410359,1.202076718,465828,1.058938063,-0.0005,0.5613,0.8465586261,53.4737,95.2677,639.9892,2.42490,,,,,,,,,,,,,,,,,,,,,,,,,,,,,,,,,,,,,,,,,,,,,,,,,,,,,,,--,,,,,,,,,,,,,,,,,,,,,,,,,,,1155,0,0,
🇦🇺,bigbigmongey,0,1,8:12.044,8:12.649,02 Jul 2024,681,(V),8478412829008933608,,,https://www.speedrun.com/mc/runs/z0dvl6ey,8,12,649,492649,,,410359,1.20053173,421494,1.168816163,-0.0005,0.7114,1.590024694,55.5143,78.0336,644.9086,2.40006,,,,,,,,,,,,,,,,,,,,,,,,,,,,,,,,,,,,,,,,,,,,,,,,,,,,,,,,,,,,,,,,,,,,,,,,,,,,,,,,,,681,0,0,
🇬🇧,priffie,0,0,8:12.799,8:12.799,24 Nov 2024,536,(U),-8570838528164744494,,,https://www.youtube.com/watch?v=7FDQZBJ-OMw,8,12,799,492799,,,410359,1.200897263,421494,1.16917204,-0.0005,0.7649,1.593203337,59.6300,77.9571,643.7473,2.40592,,,,,,,,,,,,,,,,,,,,,,,,,,,,,,,,,,,,,,,,,,,,,,,,,,,,,,,,,,,,,,,,,,,,,,,,,,,,,,,,,,,,,
🇨🇦,MrBudgie,0,1,8:10.638,8:13.690,16 Aug 2024,636,(V),1320019232325394424,,,https://www.speedrun.com/mc/runs/yvx1dexz,8,13,690,493690,,,410359,1.203068533,421494,1.17128595,-0.0005,0.7276,1.612204547,56.3892,77.4999,636.8163,2.44096,,,,,,,,,,,,,,,,,,,,,,,,,,,,,,,,,,,,,,,,,,,,,,,,,,,,,,,,,,,,,,,,,,,,,,,,,,,,,,,,,,636,0,0.000000005207929426,
🇨🇦,Aquacorde,0,0,8:14.109,8:14.109,05 Jul 2025,313,(U),6586350975935929914,,,https://www.youtube.com/watch?v=G0Hp7oeSKuw,8,14,109,494109,,,410359,1.20408959,410359,1.20408959,-0.0005,0.8551,1.934769938,59.7003,69.8142,633.5378,2.45760,,,,,,,,,,,,,,,,,,,,,,,,,,,,,,,,,,,,,,,,,,,,,,,,,,,,,,,--,,,,,,,,,,,,,,,,,,,,,,,,,,,313,0.04658718853,32.52447368,
🇬🇧,priffie,0,0,8:14.135,8:14.135,17 Nov 2024,543,(U),unknown,,,https://www.youtube.com/watch?v=vyuhDkjpgio,8,14,135,494135,,,410359,1.204152949,421494,1.172341718,-0.0005,0.7622,1.621771835,58.8978,77.2698,633.3340,2.45864,,,,,,,,,,,,,,,,,,,,,,,,,,,,,,,,,,,,,,,,,,,,,,,,,,,,,,,,,,,,,,,,,,,,,,,,,,,,,,,,,,,,,
🇺🇸,Bloon,0,1,8:14.162,8:14.162,27 Oct 2025,199,(V),-960978816984086672,,,https://www.speedrun.com/mc/runs/z0k9kvjm,8,14,162,494162,,,410359,1.204218745,410359,1.204218745,-0.0005,0.9053,1.936148012,63.1728,69.7818,633.1223,2.45972,,,,,,,,,,,,,,,,,,,,,,,,,,,,,,,,,,,,,,,,,,,,,,,,,,,,,,,,,,,,,,,,,,,,,,,,,,,,,,,,,,199,0.4547261543,317.3162891,
🇨🇦,Jay12310,0,0,8:14.911,8:14.911,01 Dec 2025,164,(U),unknown,,,https://www.youtube.com/watch?v=DQen1iTu-So&list=PLaTJSsRuu2UcsiC6KEkJwrGp1GaGgPoVG&index=9,8,14,911,494911,,,410359,1.206043976,410359,1.206043976,-0.0005,0.9213,1.955718132,63.8652,69.3229,627.2291,2.48975,,,,,,,,,,,,,,,,,,,,,,,,,,,,,,,,,,,,,,,,,,,,,,,,,,,,,,,--,,,,,,,,,,,,,,,,,,,,,,,,,,,164,0.6433319732,445.9762798,
🇺🇸,doogile,1,1,8:10.241,8:15.537,06 Nov 2022,1285,(V),9153513292182018950,,,https://www.youtube.com/watch?v=8DYIvJETTDE,8,15,537,495537,,,410359,1.20756947,517884,0.9568494103,-0.0005,0.5260,0.467176738,53.6927,102.0821,622.2749,2.51511,,,,,,,,,,,,,,,,,,,,,,,,,,,,,,,,,,,,,,,,,,,,,,,,,,,,,,,--,,,,,,,,,,,,,,,,,,,,,,,,,,,1285,0,0,
🇩🇰,Bloopy,0,0,8:15.715,8:15.715,06 Apr 2026,38,(U),3795610833190711920,,,https://www.youtube.com/watch?v=Tk_-9crkNP0,8,15,715,495715,,,410359,1.208003236,410359,1.208003236,-0.0005,0.9812,1.976924004,67.5314,68.8268,620.8615,2.52236,,,,,,,,,,,,,,,,,,,,,,,,,,,,,,,,,,,,,,,,,,,,,,,,,,,,,,,,,,,,,,,,,,,,,,,,,,,,,,,,,,38,0.9945278272,684.501725,
🇨🇦,Aquacorde,0,0,8:16.080,8:16.080,19 Jul 2025,299,(U),-3413707190764289689,,,https://www.youtube.com/watch?v=ip7IP1Srx_o,8,16,80,496080,,,410359,1.208892701,410359,1.208892701,-0.0005,0.8611,1.986619387,59.0745,68.6004,617.9568,2.53729,,,,,,,,,,,,,,,,,,,,,,,,,,,,,,,,,,,,,,,,,,,,,,,,,,,,,,,--,,,,,,,,,,,,,,,,,,,,,,,,,,,299,0.06903857311,47.36076344,
🇧🇪,akbh,0,1,8:16.150,8:16.150,28 Oct 2025,198,(V),-494949671729861114,,,https://www.speedrun.com/mc/runs/y9w1kxrz,8,16,150,496150,,,410359,1.209063284,410359,1.209063284,-0.0005,0.9057,1.988483673,62.0950,68.5569,617.3987,2.54017,,,,,,,,,,,,,,,,,,,,,,,,,,,,,,,,,,,,,,,,,,,,,,,,,,,,,,,,,,,,,,,,,,,,,,,,,,,,,,,,,,198,0.4601332305,315.4532768,
🇬🇧,Mauvu,0,1,8:16.269,8:16.269,04 Jun 2025,344,(V),7577249546337144986,,,https://www.speedrun.com/mc/runs/yvl7e48z,8,16,269,496269,,,410359,1.209353274,421494,1.177404661,-0.0005,0.8420,1.668376254,64.1166,76.1499,616.4493,2.54506,,,,,,,,,,,,,,,,,,,,,,,,,,,,,,,,,,,,,,,,,,,,,,,,,,,,,,,,,,,,,,,,,,,,,,,,,,,,,,,,,,344,0.01706444193,12.99455021,
🇸🇰,NoFear1337,0,0,8:16.272,8:16.613,23 Apr 2026,21,(U),unknown,,,https://www.youtube.com/watch?v=NVqSAkRBd_4,8,16,613,496613,,,410359,1.210191564,410359,1.210191564,-0.0005,0.9896,2.000854402,67.5555,68.2686,613.6998,2.55925,,,,,,,,,,,,,,,,,,,,,,,,,,,,,,,,,,,,,,,,,,,,,,,,,,,,,,,,,,,,,,,,,,,,,,,,,,,,,,,,,,21,0.9990743287,682.0540102,
🇦🇷,TuCara9,0,1,8:17.207,8:17.713,26 Nov 2025,169,(V),7314274440218677457,,,https://www.speedrun.com/mc/runs/m326p64y,8,17,713,497713,,,410359,1.212872144,410359,1.212872144,-0.0005,0.9190,2.03052378,62.1032,67.5790,604.8578,2.60510,,,,,,,,,,,,,,,,,,,,,,,,,,,,,,,,,,,,,,,,,,,,,,,,,,,,,,,,,,,,,,,,,,,,,,,,,,,,,,,,,,169,0.6171267171,417.0479148,
🇨🇦,Aquacorde,0,0,8:17.895,8:17.895,12 Aug 2025,275,(U),-7262470716101336113,,,https://www.youtube.com/watch?v=ytYXAwlQPWg,8,17,895,497895,,,410359,1.213315658,410359,1.213315658,-0.0005,0.8715,2.035470782,58.7974,67.4643,603.3878,2.61276,,,,,,,,,,,,,,,,,,,,,,,,,,,,,,,,,,,,,,,,,,,,,,,,,,,,,,,--,,,,,,,,,,,,,,,,,,,,,,,,,,,275,0.124969259,84.30958933,
🇮🇪,ContraVz,0,1,8:17.914,8:17.914,03 Apr 2025,406,(V),3844627486666536870,,,https://www.speedrun.com/mc/runs/y2n4p27y,8,17,914,497914,,,410359,1.213361959,421494,1.181307444,-0.0005,0.8163,1.705131399,61.4398,75.2682,603.2342,2.61356,,,,,,,,,,,,,,,,,,,,,,,,,,,,,,,,,,,,,,,,,,,,,,,,,,,,,,,,,,,,,,,,,,,,,,,,,,,,,,,,,,406,0.001240374908,0.9336081829,
🇺🇸,Feinberg,0,1,8:15.802,8:18.453,23 Oct 2025,203,(V),-4568351362798030549,,,https://www.speedrun.com/mc/runs/zp5lnlny,8,18,453,498453,,,410359,1.214675443,410359,1.214675443,-0.0005,0.9035,2.050705749,60.6340,67.1115,598.8682,2.63637,,,,,,,,,,,,,,,,,,,,,,,,,,,,,,,,,,,,,,,,,,,,,,,,,,,,,,,,,,,,,,,,,,,,,,,,,,,,,,,,,,203,0.4332056593,290.7307699,
🇩🇪,jason_n,0,0,8:18.588,8:18.588,19 Aug 2025,268,(U),4176206987315611766,,,https://www.youtube.com/watch?v=GBSM3X1G7Rg,8,18,588,498588,,,410359,1.215004423,410359,1.215004423,-0.0005,0.8746,2.054407032,58.6202,67.0259,597.7720,2.64211,,,,,,,,,,,,,,,,,,,,,,,,,,,,,,,,,,,,,,,,,,,,,,,,,,,,,,,--,,,,,,,,,,,,,,,,,,,,,,,,,,,268,0.1458927961,97.78595913,
🇩🇰,Bloopy,0,0,8:18.601,8:18.601,02 Aug 2025,285,(U),121410886578867315,,,https://www.youtube.com/watch?v=EwXtlrbNI1o,8,18,601,498601,,,410359,1.215036103,410359,1.215036103,-0.0005,0.8672,2.054763769,58.1169,67.0177,597.6664,2.64267,,,,,,,,,,,,,,,,,,,,,,,,,,,,,,,,,,,,,,,,,,,,,,,,,,,,,,,--,,,,,,,,,,,,,,,,,,,,,,,,,,,285,0.09877482642,66.19657016,
🇺🇸,zylenox,0,0,8:17.546,8:18.731,15 Apr 2024,759,(U),3379831003145275556,,,https://www.youtube.com/watch?v=JDIyooRslEc,8,18,731,498731,,,410359,1.215352898,421494,1.183245788,-0.0005,0.6842,1.723658811,51.1952,74.8245,596.6097,2.64821,,,,,,,,,,,,,,,,,,,,,,,,,,,,,,,,,,,,,,,,,,,,,,,,,,,,,,,--,,,,,,,,,,,,,,,,,,,,,,,,,,,759,0,0,
🇳🇴,skycrab1,0,0,8:17.174,8:19.441,19 May 2024,725,(U),3087289280453736272,,,https://www.youtube.com/watch?v=82fZlnldpjc&list=PLU3_fvoJ1GyMStiA29z37DUPtG47PvOJz&index=21,8,19,441,499441,,,410359,1.217083091,421494,1.184930272,-0.0005,0.6959,1.739908312,51.8024,74.4357,590.8214,2.67866,,,,,,,,,,,,,,,,,,,,,,,,,,,,,,,,,,,,,,,,,,,,,,,,,,,,,,,--,,,,,,,,,,,,,,,,,,,,,,,,,,,725,0,0,
🇫🇮,sadekeppi,0,0,8:19.618,8:19.618,22 Mar 2026,53,(U),6063058172507802220,,,https://www.youtube.com/watch?v=jy9oRPGabRY,8,19,618,499618,,,410359,1.21751442,410359,1.21751442,-0.0005,0.9738,2.082845155,64.6341,66.3698,589.3739,2.68630,,,,,,,,,,,,,,,,,,,,,,,,,,,,,,,,,,,,,,,,,,,,,,,,,,,,,,,,,,,,,,,,,,,,,,,,,,,,,,,,,,,,,
🇳🇴,skycrab1,0,0,8:19.619,8:19.619,09 Oct 2024,582,(U),-7062641621573021177,,,https://www.youtube.com/watch?v=qIX6RDLk3Fw&list=PLU3_fvoJ1GyMStiA29z37DUPtG47PvOJz&index=79,8,19,619,499619,,,410359,1.217516857,421494,1.185352579,-0.0005,0.7475,1.744003915,55.5687,74.3378,589.3657,2.68634,,,,,,,,,,,,,,,,,,,,,,,,,,,,,,,,,,,,,,,,,,,,,,,,,,,,,,,--,,,,,,,,,,,,,,,,,,,,,,,,,,,582,0.000000002744308243,0.000002040057815,
🇭🇷,Mar1n,0,1,8:19.806,8:19.806,21 Oct 2024,570,(V),698532108666567657,,,https://www.speedrun.com/mc/runs/z1n66ojy,8,19,806,499806,,,410359,1.217972556,421494,1.185796239,-0.0005,0.7520,1.748316039,55.8256,74.2347,587.8346,2.69444,,,,,,,,,,,,,,,,,,,,,,,,,,,,,,,,,,,,,,,,,,,,,,,,,,,,,,,,,,,,,,,,,,,,,,,,,,,,,,,,,,570,0.000000009060876297,0.000006726315147,
🇺🇸,Reignex,0,1,8:19.298,8:19.817,24 Sep 2023,963,(U),-3985147101755228047,,,https://www.youtube.com/watch?v=P5dL8lNC1pw,8,19,817,499817,,,410359,1.217999362,465828,1.072964699,-0.0005,0.6179,0.9185930283,57.9151,93.7356,587.7445,2.69491,,,,,,,,,,,,,,,,,,,,,,,,,,,,,,,,,,,,,,,,,,,,,,,,,,,,,,,,,,,,,,,,,,,,,,,,,,,,,,,,,,,,,
🇺🇦,7rowl,0,1,8:17.517,8:20.033,31 May 2023,1079,(V),-3529659453233886563,,,https://www.speedrun.com/mc/runs/zqj4529m,8,20,33,500033,,,410359,1.21852573,465828,1.07342839,-0.0005,0.5830,0.9210725728,54.6203,93.6819,585.9733,2.70429,,,,,,,,,,,,,,,,,,,,,,,,,,,,,,,,,,,,,,,,,,,,,,,,,,,,,,,--,,,,,,,,,,,,,,,,,,,,,,,,,,,1079,0,0,
🇿🇦,Airpodsz,0,1,8:20.084,8:20.084,22 Jun 2025,326,(U),-4055965136463756680,,,https://www.youtube.com/watch?v=TTa_ZbIyFbM&list=PLjW0OIc7zcEcqLcQwe9V6NfJUy0AUDomQ&index=11,8,20,84,500084,,,410359,1.218650011,410359,1.218650011,-0.0005,0.8496,2.095827408,56.1335,66.0712,585.5548,2.70651,,,,,,,,,,,,,,,,,,,,,,,,,,,,,,,,,,,,,,,,,,,,,,,,,,,,,,,,,,,,,,,,,,,,,,,,,,,,,,,,,,,,,
🇳🇴,skycrab1,0,0,8:20.209,8:20.209,15 Dec 2024,515,(U),-6441503782371694371,,,https://www.youtube.com/watch?v=MBNYYvNrJZk&list=PLU3_fvoJ1GyMStiA29z37DUPtG47PvOJz&index=103,8,20,209,500209,,,410359,1.218954623,421494,1.186752362,-0.0005,0.7730,1.757641982,57.2098,74.0119,584.5283,2.71196,,,,,,,,,,,,,,,,,,,,,,,,,,,,,,,,,,,,,,,,,,,,,,,,,,,,,,,--,,,,,,,,,,,,,,,,,,,,,,,,,,,515,0.000001169320789,0.0008654365426,
🇳🇴,skycrab1,0,0,8:20.575,8:20.575,29 Aug 2024,623,(U),6341036276828892777,,,https://www.youtube.com/watch?v=mUhBdkUS4Xo&list=PLU3_fvoJ1GyMStiA29z37DUPtG47PvOJz&index=61,8,20,575,500575,,,410359,1.219846525,421494,1.187620702,-0.0005,0.7323,1.76615085,54.0537,73.8087,581.5179,2.72796,,,,,,,,,,,,,,,,,,,,,,,,,,,,,,,,,,,,,,,,,,,,,,,,,,,,,,,--,,,,,,,,,,,,,,,,,,,,,,,,,,,623,0,0.00000002326363542,
🇺🇸,doogile,0,0,8:20.954,8:20.954,22 Sep 2024,599,(U),5840096564526051748,,,https://www.youtube.com/watch?v=GqY9MGcuvWk,8,20,954,500954,,,410359,1.220770106,421494,1.188519884,-0.0005,0.7412,1.775001374,54.5497,73.5976,578.3931,2.74462,,,,,,,,,,,,,,,,,,,,,,,,,,,,,,,,,,,,,,,,,,,,,,,,,,,,,,,--,,,,,,,,,,,,,,,,,,,,,,,,,,,599,0.0000000004635161444,0.0000003411365949,
🇹🇿,Kxpow,0,1,8:19.128,8:20.966,05 Dec 2023,891,(V),-207017292191506931,,,https://www.speedrun.com/mc/runs/z5ke9xjz,8,20,966,500966,,,410359,1.220799349,465828,1.075431275,-0.0005,0.6405,0.9318569318,59.8537,93.4479,578.2940,2.74515,,,,,,,,,,,,,,,,,,,,,,,,,,,,,,,,,,,,,,,,,,,,,,,,,,,,,,,,,,,,,,,,,,,,,,,,,,,,,,,,,,891,0,0,
🇹🇿,Kxpow,0,1,8:19.488,8:21.011,09 Jan 2024,856,(V),4490097923820258206,,,https://www.speedrun.com/mc/runs/y8kg0e1y,8,21,11,501011,,,410359,1.220909009,421494,1.188655117,-0.0005,0.6518,1.776335935,47.9510,73.5657,577.9224,2.74713,,,,,,,,,,,,,,,,,,,,,,,,,,,,,,,,,,,,,,,,,,,,,,,,,,,,,,,,,,,,,,,,,,,,,,,,,,,,,,,,,,856,0,0,
🇺🇦,dinonuggieboi,0,1,8:20.213,8:21.405,23 Dec 2024,507,(V),2194551805406621364,,,https://www.speedrun.com/mc/runs/zpk476gy,8,21,405,501405,,,410359,1.221869144,421494,1.189589887,-0.0005,0.7761,1.785585745,56.9217,73.3452,574.6648,2.76456,,,,,,,,,,,,,,,,,,,,,,,,,,,,,,,,,,,,,,,,,,,,,,,,,,,,,,,,,,,,,,,,,,,,,,,,,,,,,,,,,,507,0.000002188302782,0.00160501514,
🇫🇮,AndrewCrow,0,1,8:19.952,8:21.407,19 Oct 2025,207,(V),4078753902684247139,,,https://www.speedrun.com/mc/runs/yw580r9y,8,21,407,501407,,,410359,1.221874018,410359,1.221874018,-0.0005,0.9017,2.133082554,58.8052,65.2177,574.6483,2.76465,,,,,,,,,,,,,,,,,,,,,,,,,,,,,,,,,,,,,,,,,,,,,,,,,,,,,,,,,,,,,,,,,,,,,,,,,,,,,,,,,,207,0.4119001555,268.6317842,
🇳🇴,skycrab1,0,0,8:22.065,8:22.065,06 Mar 2026,69,(U),unknown,,,https://www.youtube.com/watch?v=WR8_NH2aZTo&list=PLU3_fvoJ1GyMStiA29z37DUPtG47PvOJz&index=171,8,22,65,502065,,,410359,1.223477492,410359,1.223477492,-0.0005,0.9661,2.151832444,62.5929,64.7900,569.1902,2.79399,,,,,,,,,,,,,,,,,,,,,,,,,,,,,,,,,,,,,,,,,,,,,,,,,,,,,,,,,,,,,,,,,,,,,,,,,,,,,,,,,,69,0.9676828303,626.9619074,
🇺🇸,Feinberg,0,1,8:21.322,8:22.104,21 Oct 2025,205,(V),8513141949686627238,,,https://www.speedrun.com/mc/runs/yw58n63y,8,22,104,502104,,,410359,1.22357253,410359,1.22357253,-0.0005,0.9026,2.152948396,58.4551,64.7646,568.8660,2.79574,,,,,,,,,,,,,,,,,,,,,,,,,,,,,,,,,,,,,,,,,,,,,,,,,,,,,,,,,,,,,,,,,,,,,,,,,,,,,,,,,,,,,
🇩🇪,jason_n,0,0,8:22.273,8:22.273,02 Feb 2026,101,(U),7995908203394493910,,,https://www.youtube.com/watch?v=JHDFp57LuTQ,8,22,273,502273,,,410359,1.223984365,410359,1.223984365,-0.0005,0.9508,2.157790205,61.4704,64.6544,567.4604,2.80333,,,,,,,,,,,,,,,,,,,,,,,,,,,,,,,,,,,,,,,,,,,,,,,,,,,,,,,--,,,,,,,,,,,,,,,,,,,,,,,,,,,101,0.9020998199,583.2472276,
🇳🇴,skycrab1,0,0,8:22.292,8:22.292,10 Dec 2024,520,(U),7706444672099891654,,,https://www.youtube.com/watch?v=VKGDkYwS24I&list=PLU3_fvoJ1GyMStiA29z37DUPtG47PvOJz&index=101,8,22,292,502292,,,410359,1.224030666,421494,1.191694306,-0.0005,0.7711,1.806569797,56.1677,72.8455,567.3023,2.80418,,,,,,,,,,,,,,,,,,,,,,,,,,,,,,,,,,,,,,,,,,,,,,,,,,,,,,,--,,,,,,,,,,,,,,,,,,,,,,,,,,,520,0.0000007824780234,0.0005700001962,
🇫🇮,Cube1337x,0,1,8:23.352,8:23.352,29 Feb 2024,805,(V),5421616656737029560,,,https://www.speedrun.com/mc/runs/yvl3g1ez,8,23,352,503352,,,410359,1.22661377,421494,1.19420917,-0.0005,0.6686,1.831939897,48.3047,72.2426,558.4538,2.85220,,,,,,,,,,,,,,,,,,,,,,,,,,,,,,,,,,,,,,,,,,,,,,,,,,,,,,,--,,,,,,,,,,,,,,,,,,,,,,,,,,,805,0,0,
🇨🇦,wethr,0,0,8:23.718,8:23.718,04 Jun 2025,344,(U),unknown,,,https://www.youtube.com/watch?v=61Tio-zVNtk,8,23,718,503718,,,410359,1.227505672,421494,1.19507751,-0.0005,0.8420,1.840774512,60.6503,72.0330,555.3865,2.86896,,,,,,,,,,,,,,,,,,,,,,,,,,,,,,,,,,,,,,,,,,,,,,,,,,,,,,,,,,,,,,,,,,,,,,,,,,,,,,,,,,,,,
🇿🇦,Airpodsz,0,1,8:23.804,8:23.804,13 Jun 2025,335,(U),-6210122066414894256,,,https://www.youtube.com/watch?v=ZR9aV6-3rnQ&list=PLjW0OIc7zcEcqLcQwe9V6NfJUy0AUDomQ&index=13,8,23,804,503804,,,410359,1.227715244,410359,1.227715244,-0.0005,0.8458,2.20210083,53.8336,63.6499,554.6649,2.87291,,,,,,,,,,,,,,,,,,,,,,,,,,,,,,,,,,,,,,,,,,,,,,,,,,,,,,,,,,,,,,,,,,,,,,,,,,,,,,,,,,,,,
,lowkey,0,1,8:22.028,8:23.880,22 May 2023,1088,(V),9002087332504975257,,Yes,https://www.youtube.com/watch?v=jFKZ4TUPdmo,8,23,880,503880,,,410359,1.227900448,465828,1.081686803,-0.0005,0.5804,0.9663247505,53.8010,92.6930,554.0270,2.87640,,,,,,,,,,,,,,,,,,,,,,,,,,,,,,,,,,,,,,,,,,,,,,,,,,,,,,,--,,,,,,,,,,,,,,,,,,,,,,,,,,,1088,0,0,
🇦🇺,Erikfzf,0,1,8:24.041,8:24.041,20 Nov 2024,540,(V),-6796941207508613900,,,https://www.speedrun.com/mc/runs/y8p52pnz,8,24,41,504041,,,410359,1.228292788,421494,1.195843832,-0.0005,0.7634,1.848603239,54.8468,71.8473,552.6746,2.88382,,,,,,,,,,,,,,,,,,,,,,,,,,,,,,,,,,,,,,,,,,,,,,,,,,,,,,,,,,,,,,,,,,,,,,,,,,,,,,,,,,,,,
🇮🇹,Ale267,0,1,8:24.141,8:24.141,13 Jun 2025,335,(V),8802496130484979857,,,https://www.speedrun.com/mc/runs/zng0o67m,8,24,141,504141,,,410359,1.228536477,410359,1.228536477,-0.0005,0.8458,2.211963432,53.6454,63.4274,551.8341,2.88843,,,,,,,,,,,,,,,,,,,,,,,,,,,,,,,,,,,,,,,,,,,,,,,,,,,,,,,,,,,,,,,,,,,,,,,,,,,,,,,,,,,,,
🇳🇴,skycrab1,0,0,8:24.266,8:24.266,25 Jan 2025,474,(U),-2192530939169664687,,,https://www.youtube.com/watch?v=G-ri7QuIsdY&list=PLU3_fvoJ1GyMStiA29z37DUPtG47PvOJz&index=110,8,24,266,504266,,,410359,1.228841088,421494,1.196377647,-0.0005,0.7890,1.854074502,56.5846,71.7177,550.7829,2.89421,,,,,,,,,,,,,,,,,,,,,,,,,,,,,,,,,,,,,,,,,,,,,,,,,,,,,,,--,,,,,,,,,,,,,,,,,,,,,,,,,,,474,0.00002370931853,0.01700377933,
🇦🇺,Erikfzf,0,1,8:24.756,8:24.826,02 Jan 2024,863,(V),3735207518751547870,,,https://www.speedrun.com/mc/runs/m73or65y,8,24,826,504826,,,410359,1.230205747,446254,1.131252605,-0.0005,0.6495,1.285460671,55.4311,85.3397,546.0651,2.92023,,,,,,,,,,,,,,,,,,,,,,,,,,,,,,,,,,,,,,,,,,,,,,,,,,,,,,,,,,,,,,,,,,,,,,,,,,,,,,,,,,,,,
🇺🇸,zylenox,0,0,8:23.301,8:25.202,19 May 2025,360,(U),unknown,,,https://www.youtube.com/watch?v=g78Kgv4uZVI,8,25,202,505202,,,410359,1.231122018,421494,1.198598319,-0.0005,0.8353,1.876992746,59.4507,71.1754,542.8902,2.93782,,,,,,,,,,,,,,,,,,,,,,,,,,,,,,,,,,,,,,,,,,,,,,,,,,,,,,,,,,,,,,,,,,,,,,,,,,,,,,,,,,,,,
🇬🇧,priffie,0,0,8:25.369,8:25.369,07 Apr 2025,402,(U),unknown,,,https://www.youtube.com/watch?v=xm3MGlAITPE,8,25,369,505369,,,410359,1.231528978,421494,1.198994529,-0.0005,0.8179,1.881108656,58.1357,71.0782,541.4783,2.94566,,,,,,,,,,,,,,,,,,,,,,,,,,,,,,,,,,,,,,,,,,,,,,,,,,,,,,,,,,,,,,,,,,,,,,,,,,,,,,,,,,,,,
🇦🇺,retropog,0,1,8:25.491,8:25.491,12 Aug 2025,275,(V),-6648406379191052807,,,https://www.speedrun.com/mc/runs/yljj7rkm,8,25,491,505491,,,410359,1.231826279,410359,1.231826279,-0.0005,0.8715,2.251871125,54.4978,62.5308,540.4461,2.95140,,,,,,,,,,,,,,,,,,,,,,,,,,,,,,,,,,,,,,,,,,,,,,,,,,,,,,,,,,,,,,,,,,,,,,,,,,,,,,,,,,,,,
🇬🇧,priffie,0,0,8:25.648,8:25.993,31 Oct 2024,560,(U),-2544781040653393678,,,https://www.youtube.com/watch?v=jTd7zlC8Y_s,8,25,993,505993,,,410359,1.233049598,421494,1.200474977,-0.0005,0.7558,1.896560257,53.4441,70.7135,536.1928,2.97513,,,,,,,,,,,,,,,,,,,,,,,,,,,,,,,,,,,,,,,,,,,,,,,,,,,,,,,,,,,,,,,,,,,,,,,,,,,,,,,,,,,,,
🇨🇦,Jay12310,0,0,8:26.738,8:26.738,24 Nov 2025,171,(U),unknown,,,https://www.youtube.com/watch?v=fEau7iO9TJQ&list=PLaTJSsRuu2UcsiC6KEkJwrGp1GaGgPoVG&index=8,8,26,738,506738,,,410359,1.234865082,410359,1.234865082,-0.0005,0.9181,2.289306547,56.6399,61.6957,529.8634,3.01067,,,,,,,,,,,,,,,,,,,,,,,,,,,,,,,,,,,,,,,,,,,,,,,,,,,,,,,--,,,,,,,,,,,,,,,,,,,,,,,,,,,171,0.6065178621,374.1954056,
🇹🇿,Kxpow,0,0,8:24.614,8:26.794,16 Feb 2025,452,(U),5461458107701865257,,,https://www.youtube.com/watch?v=tlAI3ivGJ7E,8,26,794,506794,,,410359,1.235001547,421494,1.20237536,-0.0005,0.7977,1.916563061,56.0335,70.2422,529.3868,3.01336,,,,,,,,,,,,,,,,,,,,,,,,,,,,,,,,,,,,,,,,,,,,,,,,,,,,,,,,,,,,,,,,,,,,,,,,,,,,,,,,,,,,,
🇺🇸,zylenox,0,0,8:24.513,8:26.865,22 Apr 2023,1118,(U),2931282686903167782,12,Yes,https://www.youtube.com/watch?v=MBJI6KWkH2Q,8,26,865,506865,,,410359,1.235174567,465828,1.088094747,-0.0005,0.5718,1.002894487,52.5359,91.8813,528.7824,3.01677,,,,,,,,,,,,,,,,,,,,,,,,,,,,,,,,,,,,,,,,,,,,,,,,,,,,,,,--,,,,,,,,,,,,,,,,,,,,,,,,,,,1118,0,0,
🇷🇸,skylewl,0,1,8:26.341,8:26.935,22 May 2025,357,(V),-1265497981289572825,,,https://www.speedrun.com/mc/runs/zpolr1nm,8,26,935,506935,,,410359,1.235345149,421494,1.202709884,-0.0005,0.8365,1.920103839,58.6896,70.1589,528.1864,3.02013,,,,,,,,,,,,,,,,,,,,,,,,,,,,,,,,,,,,,,,,,,,,,,,,,,,,,,,,,,,,,,,,,,,,,,,,,,,,,,,,,,,,,
🇨🇦,Jay12310,0,1,8:26.957,8:26.957,07 May 2024,737,(V),608766675105077046,,,https://www.speedrun.com/mc/runs/y22k556y,8,26,957,506957,,,410359,1.235398761,421494,1.20276208,-0.0005,0.6918,1.920656834,48.5249,70.1459,527.9990,3.02119,,,,,,,,,,,,,,,,,,,,,,,,,,,,,,,,,,,,,,,,,,,,,,,,,,,,,,,--,,,,,,,,,,,,,,,,,,,,,,,,,,,737,0,0,
🇿🇦,Airpodsz,0,0,8:26.899,8:27.143,10 Oct 2025,216,(U),8562500061980624537,,,https://www.youtube.com/watch?v=imhzoxbMZqY&list=PLjW0OIc7zcEcqLcQwe9V6NfJUy0AUDomQ&index=9,8,27,143,507143,,,410359,1.235852022,410359,1.235852022,-0.0005,0.8976,2.301584263,55.1350,61.4231,526.4143,3.03015,,,,,,,,,,,,,,,,,,,,,,,,,,,,,,,,,,,,,,,,,,,,,,,,,,,,,,,,,,,,,,,,,,,,,,,,,,,,,,,,,,,,,
🇫🇮,sadekeppi,0,0,8:26.965,8:27.444,01 Jan 2026,133,(U),unknown,,,https://www.youtube.com/watch?v=sHGcb5u_PzY,8,27,444,507444,,,410359,1.236585526,410359,1.236585526,-0.0005,0.9357,2.310747371,57.2813,61.2200,523.8473,3.04470,,,,,,,,,,,,,,,,,,,,,,,,,,,,,,,,,,,,,,,,,,,,,,,,,,,,,,,,,,,,,,,,,,,,,,,,,,,,,,,,,,,,,
🇺🇸,zylenox,0,1,8:25.432,8:27.473,17 Dec 2022,1244,(V),-4934318869749955,12,Yes,https://www.speedrun.com/mc/run/yln0kekz,8,27,473,507473,,,410359,1.236656196,495537,1.024087001,-0.0005,0.5369,0.6906469667,52.8116,98.3696,523.5998,3.04611,,,,,,,,,,,,,,,,,,,,,,,,,,,,,,,,,,,,,,,,,,,,,,,,,,,,,,,--,,,,,,,,,,,,,,,,,,,,,,,,,,,1244,0,0,
🇸🇪,PAPLERR,0,1,8:27.550,8:27.550,23 May 2024,721,(U),-7877528798242195282,,,https://www.youtube.com/watch?v=tTOKja_QD2M,8,27,550,507550,,,410359,1.236843837,421494,1.20416898,-0.0005,0.6973,1.935616917,48.6695,69.7943,522.9425,3.04984,,,,,,,,,,,,,,,,,,,,,,,,,,,,,,,,,,,,,,,,,,,,,,,,,,,,,,,,,,,,,,,,,,,,,,,,,,,,,,,,,,,,,
🇹🇿,Kxpow,0,0,8:25.252,8:27.555,05 Dec 2024,525,(U),3327219662586290997,,,https://www.youtube.com/watch?v=7kGjbwncYQI,8,27,555,507555,,,410359,1.236856021,421494,1.204180842,-0.0005,0.7691,1.935743503,53.6784,69.7913,522.8999,3.05009,,,,,,,,,,,,,,,,,,,,,,,,,,,,,,,,,,,,,,,,,,,,,,,,,,,,,,,,,,,,,,,,,,,,,,,,,,,,,,,,,,,,,
🇬🇧,priffie,0,0,8:27.645,8:27.645,28 Nov 2024,532,(U),262246839183467995,,,https://www.youtube.com/watch?v=eUu1qVxiFSY,8,27,645,507645,,,410359,1.237075341,421494,1.204394369,-0.0005,0.7664,1.938023323,53.4498,69.7378,522.1314,3.05446,,,,,,,,,,,,,,,,,,,,,,,,,,,,,,,,,,,,,,,,,,,,,,,,,,,,,,,,,,,,,,,,,,,,,,,,,,,,,,,,,,,,,
🇺🇸,meebie,0,0,8:27.708,8:28.050,19 Apr 2024,755,(U),-2948925549180981634,,,https://www.youtube.com/watch?v=bnxMyi5w0lE&list=PLaTJSsRuu2Ufk7cX7bUTt9V-IJxa8wqSM&index=13,8,28,50,508050,,,410359,1.238062282,421494,1.205355236,-0.0005,0.6856,1.948312568,47.6449,69.4964,518.6701,3.07420,,,,,,,,,,,,,,,,,,,,,,,,,,,,,,,,,,,,,,,,,,,,,,,,,,,,,,,--,,,,,,,,,,,,,,,,,,,,,,,,,,,755,0,0,
🇳🇴,skycrab1,0,0,8:27.992,8:28.114,07 Feb 2026,96,(U),unknown,,,https://www.youtube.com/watch?v=h2JcBageD9o&list=PLU3_fvoJ1GyMStiA29z37DUPtG47PvOJz&index=165,8,28,114,508114,,,410359,1.238218243,410359,1.238218243,-0.0005,0.9531,2.331261093,57.9188,60.7667,518.1227,3.07733,,,,,,,,,,,,,,,,,,,,,,,,,,,,,,,,,,,,,,,,,,,,,,,,,,,,,,,,,,,,,,,,,,,,,,,,,,,,,,,,,,96,0.9153272751,556.213987,
🇨🇦,Aquacorde,0,0,8:28.191,8:28.191,21 Sep 2025,235,(U),-1431734441306868324,,,https://www.youtube.com/watch?v=Sr-fxjtImKM,8,28,191,508191,,,410359,1.238405884,410359,1.238405884,-0.0005,0.8891,2.333629059,53.9837,60.7145,517.4639,3.08110,,,,,,,,,,,,,,,,,,,,,,,,,,,,,,,,,,,,,,,,,,,,,,,,,,,,,,,--,,,,,,,,,,,,,,,,,,,,,,,,,,,235,0.2731354372,165.8327258,
🇳🇴,skycrab1,0,0,8:27.909,8:28.430,05 Dec 2025,160,(U),see video,,,https://www.youtube.com/watch?v=whjGQXRNxTo&list=PLU3_fvoJ1GyMStiA29z37DUPtG47PvOJz&index=150,8,28,430,508430,,,410359,1.2389883,410359,1.2389883,-0.0005,0.9231,2.340992703,55.8968,60.5523,515.4179,3.09282,,,,,,,,,,,,,,,,,,,,,,,,,,,,,,,,,,,,,,,,,,,,,,,,,,,,,,,--,,,,,,,,,,,,,,,,,,,,,,,,,,,160,0.6639157633,402.0159938,
🇨🇦,Aquacorde,0,0,8:28.441,8:28.441,16 Oct 2025,210,(U),7318195485466118347,,,https://www.youtube.com/watch?v=RrhnX7u9LCk,8,28,441,508441,,,410359,1.239015106,410359,1.239015106,-0.0005,0.9003,2.341332116,54.5100,60.5448,515.3237,3.09336,,,,,,,,,,,,,,,,,,,,,,,,,,,,,,,,,,,,,,,,,,,,,,,,,,,,,,,--,,,,,,,,,,,,,,,,,,,,,,,,,,,210,0.3960954743,239.8151658,
🇳🇴,skycrab1,0,0,8:28.504,8:28.504,25 May 2025,354,(U),4268670771735988776,,,https://www.youtube.com/watch?v=CTzti8oVBRg&list=PLU3_fvoJ1GyMStiA29z37DUPtG47PvOJz&index=126,8,28,504,508504,,,410359,1.23916863,421494,1.206432357,-0.0005,0.8378,1.959905341,57.9952,69.2248,514.7841,3.09646,,,,,,,,,,,,,,,,,,,,,,,,,,,,,,,,,,,,,,,,,,,,,,,,,,,,,,,--,,,,,,,,,,,,,,,,,,,,,,,,,,,354,0.0118410094,8.1969183,
🇭🇺,fe666,0,1,8:27.472,8:28.669,04 Jun 2025,344,(V),6672725285728588092,,,https://www.speedrun.com/mc/runs/y8gv7gxz,8,28,669,508669,,,410359,1.239570717,421494,1.206823822,-0.0005,0.8420,1.964133986,58.2025,69.1259,513.3702,3.10459,,,,,,,,,,,,,,,,,,,,,,,,,,,,,,,,,,,,,,,,,,,,,,,,,,,,,,,,,,,,,,,,,,,,,,,,,,,,,,,,,,,,,
🇫🇮,AndrewCrow,0,1,8:27.109,8:28.982,12 Jun 2025,336,(V),-4964328459581115875,,,https://www.speedrun.com/mc/runs/y6j9rnjm,8,28,982,508982,,,410359,1.240333464,410359,1.240333464,-0.0005,0.8454,2.358079521,50.8707,60.1768,510.6861,3.12006,,,,,,,,,,,,,,,,,,,,,,,,,,,,,,,,,,,,,,,,,,,,,,,,,,,,,,,,,,,,,,,,,,,,,,,,,,,,,,,,,,336,0.02252103314,13.55243023,
🇫🇮,sadekeppi,0,1,8:29.360,8:29.360,18 Jan 2025,481,(V),-3537755011442785569,,,https://www.speedrun.com/mc/runs/y4j787qy,8,29,360,509360,,,410359,1.241254609,421494,1.208463228,-0.0005,0.7862,1.981932684,54.0220,68.7098,507.4409,3.13884,,,,,,,,,,,,,,,,,,,,,,,,,,,,,,,,,,,,,,,,,,,,,,,,,,,,,,,,,,,,,,,,,,,,,,,,,,,,,,,,,,481,0.00001468822949,0.01009225713,
🇬🇧,priffie,0,0,8:26.220,8:29.674,06 Jan 2024,859,(U),2398058020999821172,12,Yes,https://www.youtube.com/watch?v=sPSq_jhIyhY,8,29,674,509674,,,410359,1.242019792,421494,1.209208198,-0.0005,0.6508,1.99006867,44.5952,68.5200,504.7422,3.15452,,,,,,,,,,,,,,,,,,,,,,,,,,,,,,,,,,,,,,,,,,,,,,,,,,,,,,,--,,,,,,,,,,,,,,,,,,,,,,,,,,,859,0,0,
🇳🇴,skycrab1,0,0,8:27.951,8:29.783,18 May 2024,726,(U),2517517963886160862,,,https://www.youtube.com/watch?v=Hd2X1E-Ms7c&list=PLU3_fvoJ1GyMStiA29z37DUPtG47PvOJz&index=24,8,29,783,509783,,,410359,1.242285414,421494,1.209466801,-0.0005,0.6956,1.992899986,47.6156,68.4540,503.8048,3.15998,,,,,,,,,,,,,,,,,,,,,,,,,,,,,,,,,,,,,,,,,,,,,,,,,,,,,,,--,,,,,,,,,,,,,,,,,,,,,,,,,,,726,0,0,
🇳🇴,skycrab1,0,0,8:29.901,8:29.901,06 Mar 2026,69,(U),unknown,,,https://www.youtube.com/watch?v=HUVPQIRwcK0&list=PLU3_fvoJ1GyMStiA29z37DUPtG47PvOJz&index=170,8,29,901,509901,,,410359,1.242572967,410359,1.242572967,-0.0005,0.9661,2.386774341,57.5297,59.5491,502.7897,3.16590,,,,,,,,,,,,,,,,,,,,,,,,,,,,,,,,,,,,,,,,,,,,,,,,,,,,,,,,,,,,,,,,,,,,,,,,,,,,,,,,,,69,0.9676828303,576.246025,
🇫🇮,AndrewCrow,0,0,8:28.900,8:29.924,25 Jan 2026,109,(U),unknown,,,https://www.youtube.com/watch?v=p-jx69uoxuQ,8,29,924,509924,,,410359,1.242629015,410359,1.242629015,-0.0005,0.9470,2.387496482,56.3756,59.5333,502.5918,3.16705,,,,,,,,,,,,,,,,,,,,,,,,,,,,,,,,,,,,,,,,,,,,,,,,,,,,,,,,,,,,,,,,,,,,,,,,,,,,,,,,,,109,0.8785320407,523.0191969,
🇺🇸,21MashedPotatoes,0,1,8:28.630,8:30.606,18 Mar 2025,422,(V),-1787025825846103322,,,https://www.speedrun.com/mc/runs/zn9gdp9y,8,30,606,510606,,,410359,1.244290974,421494,1.21141938,-0.0005,0.8098,2.014395317,55.0270,67.9535,496.7178,3.20148,,,,,,,,,,,,,,,,,,,,,,,,,,,,,,,,,,,,,,,,,,,,,,,,,,,,,,,,,,,,,,,,,,,,,,,,,,,,,,,,,,,,,
🇮🇹,Tiger,0,1,8:30.448,8:30.666,17 Nov 2025,178,(V),6903870760878118513,,,https://www.speedrun.com/mc/runs/zn50x99z,8,30,666,510666,,,410359,1.244437188,410359,1.244437188,-0.0005,0.9148,2.410898496,53.9980,59.0242,496.2005,3.20452,,,,,,,,,,,,,,,,,,,,,,,,,,,,,,,,,,,,,,,,,,,,,,,,,,,,,,,,,,,,,,,,,,,,,,,,,,,,,,,,,,,,,
🇺🇦,7rowl,0,0,8:31.022,8:31.022,29 Aug 2023,989,(U),-849877744345333161,,,https://www.youtube.com/watch?v=rao2ee_878E,8,31,22,511022,,,410359,1.245304721,465828,1.097018642,-0.0005,0.6099,1.056022379,55.3063,90.6845,493.1297,3.22264,,,,,,,,,,,,,,,,,,,,,,,,,,,,,,,,,,,,,,,,,,,,,,,,,,,,,,,--,,,,,,,,,,,,,,,,,,,,,,,,,,,989,0,0,
🇿🇦,Airpodsz,0,0,8:31.022,8:31.022,11 Dec 2025,154,(U),5299065848782546350,,,https://www.youtube.com/watch?v=wQtm-GDFqBc&list=PLjW0OIc7zcEcqLcQwe9V6NfJUy0AUDomQ&index=7,8,31,22,511022,,,410359,1.245304721,410359,1.245304721,-0.0005,0.9259,2.422199066,54.4230,58.7792,493.1297,3.22264,,,,,,,,,,,,,,,,,,,,,,,,,,,,,,,,,,,,,,,,,,,,,,,,,,,,,,,,,,,,,,,,,,,,,,,,,,,,,,,,,,,,,
🇳🇴,skycrab1,0,0,8:30.987,8:31.085,08 Dec 2025,157,(U),unknown,,,https://www.youtube.com/watch?v=tLfXiUo2Dw0&list=PLU3_fvoJ1GyMStiA29z37DUPtG47PvOJz&index=157,8,31,85,511085,,,410359,1.245458245,410359,1.245458245,-0.0005,0.9245,2.42420381,54.3013,58.7358,492.5860,3.22585,,,,,,,,,,,,,,,,,,,,,,,,,,,,,,,,,,,,,,,,,,,,,,,,,,,,,,,--,,,,,,,,,,,,,,,,,,,,,,,,,,,157,0.6790983612,398.8736435,
🇳🇴,skycrab1,0,0,8:28.790,8:31.168,21 Oct 2025,205,(U),see video,,,https://www.youtube.com/watch?v=gGs-3BbCEWA&list=PLU3_fvoJ1GyMStiA29z37DUPtG47PvOJz&index=144,8,31,168,511168,,,410359,1.245660507,410359,1.245660507,-0.0005,0.9026,2.426847246,52.9620,58.6786,491.8696,3.23009,,,,,,,,,,,,,,,,,,,,,,,,,,,,,,,,,,,,,,,,,,,,,,,,,,,,,,,--,,,,,,,,,,,,,,,,,,,,,,,,,,,205,0.4225225334,247.9301748,
🇿🇦,Airpodsz,0,0,8:31.428,8:31.428,26 Jan 2026,108,(U),-8578498424150323071,,,https://www.youtube.com/watch?v=GUFzoqNHpYY&list=PLjW0OIc7zcEcqLcQwe9V6NfJUy0AUDomQ&index=6,8,31,428,511428,,,410359,1.246294099,410359,1.246294099,-0.0005,0.9474,2.435144576,55.4241,58.4992,489.6244,3.24341,,,,,,,,,,,,,,,,,,,,,,,,,,,,,,,,,,,,,,,,,,,,,,,,,,,,,,,,,,,,,,,,,,,,,,,,,,,,,,,,,,,,,
🇸🇪,PAPLERR,0,1,8:31.563,8:31.563,21 Apr 2024,753,(U),-4057584252523426618,,,https://www.youtube.com/watch?v=R4sJqvz0TX4,8,31,563,511563,,,410359,1.246623079,421494,1.213689875,-0.0005,0.6863,2.039653283,46.2315,67.3673,488.4581,3.25035,,,,,,,,,,,,,,,,,,,,,,,,,,,,,,,,,,,,,,,,,,,,,,,,,,,,,,,,,,,,,,,,,,,,,,,,,,,,,,,,,,,,,
🇺🇸,doogile,0,0,8:31.156,8:31.904,27 Jan 2024,838,(U),-4987550100545669891,,,https://www.youtube.com/watch?v=K9wU6ilEDcc,8,31,904,511904,,,410359,1.247454059,421494,1.214498902,-0.0005,0.6577,2.048722003,44.1697,67.1574,485.5107,3.26793,,,,,,,,,,,,,,,,,,,,,,,,,,,,,,,,,,,,,,,,,,,,,,,,,,,,,,,--,,,,,,,,,,,,,,,,,,,,,,,,,,,838,0,0,
🇸🇰,NoFear1337,0,0,8:32.422,8:32.422,14 Jul 2024,669,(U),unknown,,,https://www.youtube.com/watch?v=yw7-yaW4Nfk&list=PLaTJSsRuu2UeeWabBBfNVWALvnefBoL2C&index=21,8,32,422,512422,,,410359,1.248716368,421494,1.215727863,-0.0005,0.7157,2.062567475,47.8352,66.8374,481.0295,3.29479,,,,,,,,,,,,,,,,,,,,,,,,,,,,,,,,,,,,,,,,,,,,,,,,,,,,,,,--,,,,,,,,,,,,,,,,,,,,,,,,,,,669,0,0,
🇹🇿,Kxpow,0,0,8:32.528,8:32.704,14 Apr 2025,395,(U),-7350225453272074548,,,https://www.youtube.com/watch?v=pNjykng4Vlo,8,32,704,512704,,,410359,1.249403571,421494,1.216396912,-0.0005,0.8208,2.070140355,54.7153,66.6626,478.5881,3.30950,,,,,,,,,,,,,,,,,,,,,,,,,,,,,,,,,,,,,,,,,,,,,,,,,,,,,,,,,,,,,,,,,,,,,,,,,,,,,,,,,,,,,
🇨🇦,Aquacorde,0,0,8:32.755,8:32.755,08 Jul 2025,310,(U),4813852831291424591,,,https://www.youtube.com/watch?v=9t2wFDDYuWw,8,32,755,512755,,,410359,1.249527852,410359,1.249527852,-0.0005,0.8564,2.47788908,49.3127,57.5803,478.1464,3.31217,,,,,,,,,,,,,,,,,,,,,,,,,,,,,,,,,,,,,,,,,,,,,,,,,,,,,,,--,,,,,,,,,,,,,,,,,,,,,,,,,,,310,0.05083856799,29.27302461,
🇺🇦,7rowl,0,0,8:30.604,8:32.840,28 Aug 2023,990,(U),-3689619904496856440,,,https://www.youtube.com/watch?v=fDjrOqatTAs,8,32,840,512840,,,410359,1.249734988,465828,1.10092137,-0.0005,0.6096,1.080085847,54.9445,90.1363,477.4103,3.31662,,,,,,,,,,,,,,,,,,,,,,,,,,,,,,,,,,,,,,,,,,,,,,,,,,,,,,,--,,,,,,,,,,,,,,,,,,,,,,,,,,,990,0,0,
🇷🇺,aleen,0,1,8:31.570,8:33.119,20 Jun 2025,328,(V),5001642787122467207,,,https://www.speedrun.com/mc/runs/y9ell6nz,8,33,119,513119,,,410359,1.250414881,410359,1.250414881,-0.0005,0.8487,2.489730564,48.6561,57.3273,474.9932,3.33126,,,,,,,,,,,,,,,,,,,,,,,,,,,,,,,,,,,,,,,,,,,,,,,,,,,,,,,,,,,,,,,,,,,,,,,,,,,,,,,,,,,,,
🇳🇴,skycrab1,0,0,8:33.231,8:33.231,23 May 2025,356,(U),4058006226311107449,,,https://www.youtube.com/watch?v=Gqyss7R7ZB0&list=PLU3_fvoJ1GyMStiA29z37DUPtG47PvOJz&index=125,8,33,231,513231,,,410359,1.250687812,421494,1.217647226,-0.0005,0.8369,2.084359666,55.5185,66.3350,474.0226,3.33715,,,,,,,,,,,,,,,,,,,,,,,,,,,,,,,,,,,,,,,,,,,,,,,,,,,,,,,--,,,,,,,,,,,,,,,,,,,,,,,,,,,356,0.01097866319,7.282691784,
🇳🇴,skycrab1,0,1,8:31.860,8:33.243,12 Jan 2024,853,(V),8794223043069861926,,,https://www.speedrun.com/mc/runs/zxw0jlqm,8,33,243,513243,,,410359,1.250717055,421494,1.217675696,-0.0005,0.6528,2.084684467,43.2979,66.3275,473.9186,3.33779,,,,,,,,,,,,,,,,,,,,,,,,,,,,,,,,,,,,,,,,,,,,,,,,,,,,,,,--,,,,,,,,,,,,,,,,,,,,,,,,,,,853,0,0,
🇿🇦,Airpodsz,0,0,8:33.474,8:33.474,30 Jan 2026,104,(U),3992068236416817288,,,https://www.youtube.com/watch?v=QdzeaYNQyw8&list=PLjW0OIc7zcEcqLcQwe9V6NfJUy0AUDomQ&index=5,8,33,474,513474,,,410359,1.251279977,410359,1.251279977,-0.0005,0.9493,2.501327913,54.1878,57.0801,471.9162,3.34998,,,,,,,,,,,,,,,,,,,,,,,,,,,,,,,,,,,,,,,,,,,,,,,,,,,,,,,,,,,,,,,,,,,,,,,,,,,,,,,,,,,,,
🇺🇸,meebie,0,0,8:33.573,8:33.573,04 Dec 2023,892,(U),unknown,,,https://www.youtube.com/watch?v=tPDjceeZd7w&list=PLaTJSsRuu2Ufk7cX7bUTt9V-IJxa8wqSM&index=8,8,33,573,513573,,,410359,1.251521229,465828,1.102494912,-0.0005,0.6402,1.089933821,57.5595,89.9109,471.0578,3.35521,,,,,,,,,,,,,,,,,,,,,,,,,,,,,,,,,,,,,,,,,,,,,,,,,,,,,,,--,,,,,,,,,,,,,,,,,,,,,,,,,,,892,0,0,
🇨🇦,Aquacorde,0,1,8:33.639,8:33.639,16 Aug 2024,636,(V),-8818959532856191300,,,https://www.speedrun.com/mc/runs/m3jr41wz,8,33,639,513639,,,410359,1.251682064,421494,1.218615212,-0.0005,0.7276,2.095428493,48.0803,66.0804,470.4855,3.35871,,,,,,,,,,,,,,,,,,,,,,,,,,,,,,,,,,,,,,,,,,,,,,,,,,,,,,,--,,,,,,,,,,,,,,,,,,,,,,,,,,,636,0,0.000000004440547034,
🇵🇱,kazzruns,0,0,8:33.801,8:33.801,28 Aug 2025,259,(U),unknown,,,https://www.youtube.com/watch?v=pXLKegNZ5CU,8,33,801,513801,,,410359,1.25207684,410359,1.25207684,-0.0005,0.8785,2.512053192,49.9465,56.8520,469.0805,3.36730,,,,,,,,,,,,,,,,,,,,,,,,,,,,,,,,,,,,,,,,,,,,,,,,,,,,,,,,,,,,,,,,,,,,,,,,,,,,,,,,,,259,0.175977717,100.046859,
🇨🇦,Jay12310,0,0,8:33.946,8:33.946,07 Jan 2025,492,(U),unknown,,,https://www.youtube.com/watch?v=pROA_8k_5eg&list=PLaTJSsRuu2UcsiC6KEkJwrGp1GaGgPoVG&index=12,8,33,946,513946,,,410359,1.252430189,421494,1.219343573,-0.0005,0.7819,2.103792096,51.5196,65.8883,467.8228,3.37500,,,,,,,,,,,,,,,,,,,,,,,,,,,,,,,,,,,,,,,,,,,,,,,,,,,,,,,--,,,,,,,,,,,,,,,,,,,,,,,,,,,492,0.00000672587318,0.004431566589,
🇩🇰,Bloopy,0,1,8:33.952,8:33.952,03 Aug 2024,649,(V),255624109612098462,,,https://www.speedrun.com/mc/runs/yvx9vo8z,8,33,952,513952,,,410359,1.252444811,421494,1.219357808,-0.0005,0.7229,2.103955853,47.6272,65.8846,467.7707,3.37532,,,,,,,,,,,,,,,,,,,,,,,,,,,,,,,,,,,,,,,,,,,,,,,,,,,,,,,--,,,,,,,,,,,,,,,,,,,,,,,,,,,649,0,0.0000000008849807142,
🇹🇿,Kxpow,0,0,8:33.650,8:34.025,07 Apr 2025,402,(U),6819794187957055616,,,https://www.youtube.com/watch?v=GgUTA6ioiaY,8,34,25,514025,,,410359,1.252622704,421494,1.219531002,-0.0005,0.8179,2.105949147,53.8504,65.8389,467.1374,3.37921,,,,,,,,,,,,,,,,,,,,,,,,,,,,,,,,,,,,,,,,,,,,,,,,,,,,,,,,,,,,,,,,,,,,,,,,,,,,,,,,,,,,,
🇹🇿,Kxpow,0,0,8:34.869,8:34.122,09 Jun 2024,704,(U),2173195834724120179,,,https://www.youtube.com/watch?v=Kk_U2QpN_NU,8,34,122,514122,,,410359,1.252859082,421494,1.219761135,-0.0005,0.7033,2.108600401,46.2604,65.7780,466.2958,3.38438,,,,,,,,,,,,,,,,,,,,,,,,,,,,,,,,,,,,,,,,,,,,,,,,,,,,,,,,,,,,,,,,,,,,,,,,,,,,,,,,,,,,,
🇵🇱,watermelon1708,0,0,8:33.349,8:34.250,27 Nov 2025,168,(U),unknown,,,https://www.youtube.com/watch?v=3mEKAQ3Z4RM,8,34,250,514250,,,410359,1.253171004,410359,1.253171004,-0.0005,0.9194,2.526846832,51.9831,56.5383,465.1851,3.39122,,,,,,,,,,,,,,,,,,,,,,,,,,,,,,,,,,,,,,,,,,,,,,,,,,,,,,,--,,,,,,,,,,,,,,,,,,,,,,,,,,,168,0.6224056677,351.8976996,
🇿🇦,Airpodsz,0,1,8:33.349,8:34.302,02 May 2025,377,(V),-1155336759388266365,,,https://www.speedrun.com/mc/runs/zpo0j7vm,8,34,302,514302,,,410359,1.253297722,421494,1.220188188,-0.0005,0.8282,2.113528213,54.3839,65.6651,464.7339,3.39400,,,,,,,,,,,,,,,,,,,,,,,,,,,,,,,,,,,,,,,,,,,,,,,,,,,,,,,,,,,,,,,,,,,,,,,,,,,,,,,,,,,,,
🇳🇴,skycrab1,0,0,8:34.391,8:34.391,14 Jun 2025,334,(U),unknown,,,https://www.youtube.com/watch?v=mbQO0iA60UA&list=PLU3_fvoJ1GyMStiA29z37DUPtG47PvOJz&index=127,8,34,391,514391,,,410359,1.253514606,410359,1.253514606,-0.0005,0.8462,2.531508512,47.7592,56.4397,463.9615,3.39876,,,,,,,,,,,,,,,,,,,,,,,,,,,,,,,,,,,,,,,,,,,,,,,,,,,,,,,--,,,,,,,,,,,,,,,,,,,,,,,,,,,334,0.02408971242,13.59615815,
🇩🇰,Bloopy,0,0,8:34.410,8:34.410,31 Oct 2025,195,(U),-6611883265830397474,,,https://www.youtube.com/watch?v=WJlhnd9qMjI,8,34,410,514410,,,410359,1.253560906,410359,1.253560906,-0.0005,0.9071,2.532137268,51.1845,56.4264,463.7966,3.39978,,,,,,,,,,,,,,,,,,,,,,,,,,,,,,,,,,,,,,,,,,,,,,,,,,,,,,,--,,,,,,,,,,,,,,,,,,,,,,,,,,,195,0.4764047362,268.8179994,
🇺🇸,doogile,0,0,8:34.422,8:34.422,22 May 2025,357,(U),4475174620258750317,,,https://www.youtube.com/watch?v=rEmLQHlkBMs,8,34,422,514422,,,410359,1.253590149,421494,1.220472889,-0.0005,0.8365,2.116819174,54.8674,65.5897,463.6924,3.40042,,,,,,,,,,,,,,,,,,,,,,,,,,,,,,,,,,,,,,,,,,,,,,,,,,,,,,,--,,,,,,,,,,,,,,,,,,,,,,,,,,,357,0.01056795151,6.931486679,
🇺🇸,doogile,0,0,8:31.615,8:34.469,03 Oct 2023,954,(U),2814215657097519375,,,https://www.youtube.com/watch?v=MruA0trsR5Y,8,34,469,514469,,,410359,1.253704683,465828,1.104418369,-0.0005,0.6206,1.102086828,55.6294,89.6320,463.2845,3.40294,,,,,,,,,,,,,,,,,,,,,,,,,,,,,,,,,,,,,,,,,,,,,,,,,,,,,,,--,,,,,,,,,,,,,,,,,,,,,,,,,,,954,0,0,
🇺🇸,Infume,0,0,8:34.629,8:34.629,08 Jul 2025,310,(U),unknown,,,https://www.youtube.com/watch?v=YAmH6pcDVA4,8,34,629,514629,,,410359,1.254094585,410359,1.254094585,-0.0005,0.8564,2.539394576,48.1931,56.2731,461.8956,3.41152,,,,,,,,,,,,,,,,,,,,,,,,,,,,,,,,,,,,,,,,,,,,,,,,,,,,,,,,,,,,,,,,,,,,,,,,,,,,,,,,,,,,,
🇳🇴,skycrab1,0,0,8:34.709,8:34.709,13 Sep 2024,608,(U),-251105327808432283,,,https://www.youtube.com/watch?v=_Zw3t6qzR0A&list=PLU3_fvoJ1GyMStiA29z37DUPtG47PvOJz&index=69,8,34,709,514709,,,410359,1.254289537,421494,1.221153801,-0.0005,0.7379,2.124708762,48.2628,65.4091,461.2011,3.41583,,,,,,,,,,,,,,,,,,,,,,,,,,,,,,,,,,,,,,,,,,,,,,,,,,,,,,,--,,,,,,,,,,,,,,,,,,,,,,,,,,,608,0.0000000001733737928,0.000000113402256,
🇺🇸,meebie,0,0,8:34.971,8:34.971,16 Nov 2025,179,(U),unknown,,,https://www.youtube.com/watch?v=NwUTr6N_4P0&list=PLaTJSsRuu2Ufk7cX7bUTt9V-IJxa8wqSM&index=21,8,34,971,514971,,,410359,1.254928002,410359,1.254928002,-0.0005,0.9144,2.550765032,51.2362,56.0333,458.9262,3.42995,,,,,,,,,,,,,,,,,,,,,,,,,,,,,,,,,,,,,,,,,,,,,,,,,,,,,,,,,,,,,,,,,,,,,,,,,,,,,,,,,,179,0.5635304555,315.7649923,
🇹🇿,Kxpow,0,0,8:33.988,8:34.984,16 Jul 2024,667,(U),-1283922549785337759,,,https://www.youtube.com/watch?v=5AKtYY2dEFM,8,34,984,514984,,,410359,1.254959682,421494,1.221806242,-0.0005,0.7164,2.132293275,46.7356,65.2357,458.8134,3.43065,,,,,,,,,,,,,,,,,,,,,,,,,,,,,,,,,,,,,,,,,,,,,,,,,,,,,,,,,,,,,,,,,,,,,,,,,,,,,,,,,,,,,
🇹🇿,Kxpow,0,0,8:34.236,8:34.986,09 Mar 2025,431,(U),1402888148426280669,,,https://www.youtube.com/watch?v=BSu7lGN61-M,8,34,986,514986,,,410359,1.254964555,421494,1.221810987,-0.0005,0.8061,2.132348525,52.5880,65.2345,458.7960,3.43076,,,,,,,,,,,,,,,,,,,,,,,,,,,,,,,,,,,,,,,,,,,,,,,,,,,,,,,,,,,,,,,,,,,,,,,,,,,,,,,,,,,,,
🇬🇧,priffie,0,0,8:35.290,8:35.290,27 Oct 2024,564,(U),-4673564062193261365,,,https://www.youtube.com/watch?v=lzn3oArZTrQ,8,35,290,515290,,,410359,1.25570537,421494,1.222532231,-0.0005,0.7543,2.140761383,49.0598,65.0424,456.1559,3.44721,,,,,,,,,,,,,,,,,,,,,,,,,,,,,,,,,,,,,,,,,,,,,,,,,,,,,,,,,,,,,,,,,,,,,,,,,,,,,,,,,,,,,
🇸🇰,NoFear1337,0,0,8:35.097,8:35.579,27 Dec 2023,869,(U),unknown,,,https://www.youtube.com/watch?v=op6VlwDM3Xo&list=PLaTJSsRuu2UeeWabBBfNVWALvnefBoL2C,8,35,579,515579,,,410359,1.256409632,446254,1.155348748,-0.0005,0.6476,1.473920772,52.3438,80.8287,453.6457,3.46292,,,,,,,,,,,,,,,,,,,,,,,,,,,,,,,,,,,,,,,,,,,,,,,,,,,,,,,--,,,,,,,,,,,,,,,,,,,,,,,,,,,869,0,0,
🇳🇴,skycrab1,0,0,8:34.852,8:35.797,03 Aug 2024,649,(U),-5772469146569821756,,,https://www.youtube.com/watch?v=b47aZUBK814&list=PLU3_fvoJ1GyMStiA29z37DUPtG47PvOJz&index=47,8,35,797,515797,,,410359,1.256940874,421494,1.223735095,-0.0005,0.7229,2.154858446,46.7862,64.7211,451.7519,3.47481,,,,,,,,,,,,,,,,,,,,,,,,,,,,,,,,,,,,,,,,,,,,,,,,,,,,,,,--,,,,,,,,,,,,,,,,,,,,,,,,,,,649,0,0.0000000008693526962,
🇳🇴,skycrab1,0,0,8:35.819,8:35.819,18 May 2025,361,(U),see video,,,https://www.youtube.com/watch?v=kDl3PmegjWA&list=PLU3_fvoJ1GyMStiA29z37DUPtG47PvOJz&index=124,8,35,819,515819,,,410359,1.256994485,421494,1.22378729,-0.0005,0.8349,2.155472037,54.0209,64.7072,451.5608,3.47601,,,,,,,,,,,,,,,,,,,,,,,,,,,,,,,,,,,,,,,,,,,,,,,,,,,,,,,--,,,,,,,,,,,,,,,,,,,,,,,,,,,361,0.009053642645,5.858354537,
🇺🇸,meebie,0,0,8:35.914,8:35.914,18 Nov 2023,908,(U),-2503873430617653818,,,https://www.youtube.com/watch?v=c2uu-GXtiIc&list=PLaTJSsRuu2Ufk7cX7bUTt9V-IJxa8wqSM&index=5,8,35,914,515914,,,410359,1.25722599,465828,1.107520372,-0.0005,0.6351,1.121955698,56.6330,89.1742,450.7355,3.48120,,,,,,,,,,,,,,,,,,,,,,,,,,,,,,,,,,,,,,,,,,,,,,,,,,,,,,,--,,,,,,,,,,,,,,,,,,,,,,,,,,,908,0,0,
🇵🇱,watermelon1708,0,0,8:34.398,8:35.950,10 Nov 2025,185,(U),see video,,,https://www.youtube.com/watch?v=fEy7nXScnGI,8,35,950,515950,,,410359,1.257313718,410359,1.257313718,-0.0005,0.9116,2.583565293,50.4555,55.3453,450.4227,3.48318,,,,,,,,,,,,,,,,,,,,,,,,,,,,,,,,,,,,,,,,,,,,,,,,,,,,,,,--,,,,,,,,,,,,,,,,,,,,,,,,,,,185,0.53091014,293.8338645,
🇸🇰,NoFear1337,0,0,8:31.037,8:35.967,25 Dec 2023,871,(U),4143928542736581557,16,Yes,https://www.youtube.com/watch?v=wOf3KZ159XE,8,35,967,515967,,,410359,1.257355145,446254,1.156218208,-0.0005,0.6469,1.48117476,52.1785,80.6542,450.2750,3.48411,,,,,,,,,,,,,,,,,,,,,,,,,,,,,,,,,,,,,,,,,,,,,,,,,,,,,,,--,,,,,,,,,,,,,,,,,,,,,,,,,,,871,0,0,
🇳🇴,skycrab1,0,0,8:36.102,8:36.102,29 Oct 2024,562,(U),-3646678682630251613,,,https://www.youtube.com/watch?v=okNmE6As3I8&list=PLU3_fvoJ1GyMStiA29z37DUPtG47PvOJz&index=90,8,36,102,516102,,,410359,1.257684125,421494,1.224458711,-0.0005,0.7550,2.163379071,48.7199,64.5273,449.1022,3.49151,,,,,,,,,,,,,,,,,,,,,,,,,,,,,,,,,,,,,,,,,,,,,,,,,,,,,,,--,,,,,,,,,,,,,,,,,,,,,,,,,,,562,0.00000001954721922,0.0000126132923,
🇳🇴,skycrab1,0,0,8:34.986,8:36.447,30 May 2024,714,(U),5645148096058568914,,,https://www.youtube.com/watch?v=qmxUkDzqJLA&list=PLU3_fvoJ1GyMStiA29z37DUPtG47PvOJz&index=25,8,36,447,516447,,,410359,1.258524853,421494,1.225277228,-0.0005,0.6998,2.173053641,45.0007,64.3076,446.1047,3.51048,,,,,,,,,,,,,,,,,,,,,,,,,,,,,,,,,,,,,,,,,,,,,,,,,,,,,,,--,,,,,,,,,,,,,,,,,,,,,,,,,,,714,0,0,
🇳🇴,skycrab1,0,0,8:35.909,8:36.678,13 Aug 2024,639,(U),-757577179228035098,,,https://www.youtube.com/watch?v=3jCFZ5mZbuw&list=PLU3_fvoJ1GyMStiA29z37DUPtG47PvOJz&index=53,8,36,678,516678,,,410359,1.259087774,421494,1.225825279,-0.0005,0.7265,2.179553106,46.6131,64.1601,444.0976,3.52324,,,,,,,,,,,,,,,,,,,,,,,,,,,,,,,,,,,,,,,,,,,,,,,,,,,,,,,--,,,,,,,,,,,,,,,,,,,,,,,,,,,639,0,0.00000000299074047,
🇹🇿,Kxpow,0,0,8:36.194,8:36.695,04 Nov 2024,556,(U),-8654711318816498039,,,https://www.youtube.com/watch?v=NiXw7_TxVeo,8,36,695,516695,,,410359,1.259129202,421494,1.225865611,-0.0005,0.7573,2.180032111,48.5800,64.1493,443.9499,3.52418,,,,,,,,,,,,,,,,,,,,,,,,,,,,,,,,,,,,,,,,,,,,,,,,,,,,,,,,,,,,,,,,,,,,,,,,,,,,,,,,,,,,,
🇫🇮,AndrewCrow,0,0,8:33.154,8:36.802,20 Jul 2025,298,(U),unknown,,,https://www.youtube.com/watch?v=E1L_FPxRTuo,8,36,802,516802,,,410359,1.259389949,410359,1.259389949,-0.0005,0.8616,2.612416081,47.1661,54.7444,443.0202,3.53011,,,,,,,,,,,,,,,,,,,,,,,,,,,,,,,,,,,,,,,,,,,,,,,,,,,,,,,,,,,,,,,,,,,,,,,,,,,,,,,,,,298,0.07090890882,38.81866766,
🇳🇴,skycrab1,0,0,8:36.197,8:36.807,30 Sep 2025,226,(U),unknown,,,https://www.youtube.com/watch?v=dGXgTgEdGVY&list=PLU3_fvoJ1GyMStiA29z37DUPtG47PvOJz&index=142,8,36,807,516807,,,410359,1.259402133,410359,1.259402133,-0.0005,0.8932,2.612586237,48.8919,54.7409,442.9768,3.53039,,,,,,,,,,,,,,,,,,,,,,,,,,,,,,,,,,,,,,,,,,,,,,,,,,,,,,,--,,,,,,,,,,,,,,,,,,,,,,,,,,,226,0.3152726055,172.5830098,
🇺🇸,doogile,0,0,8:32.663,8:36.891,31 Mar 2024,774,(U),-8770456777787364691,,,https://www.youtube.com/watch?v=IRTvOCDfvbA,8,36,891,516891,,,410359,1.259606832,421494,1.226330624,-0.0005,0.6791,2.185561589,43.4781,64.0240,442.2469,3.53504,,,,,,,,,,,,,,,,,,,,,,,,,,,,,,,,,,,,,,,,,,,,,,,,,,,,,,,--,,,,,,,,,,,,,,,,,,,,,,,,,,,774,0,0,
🇵🇱,okshey,0,1,8:35.972,8:37.500,17 Apr 2025,392,(V),-1892453842458127965,,,https://www.speedrun.com/mc/runs/zn9dgq8y,8,37,500,517500,,,410359,1.261090898,421494,1.227775484,-0.0005,0.8220,2.202822938,52.3076,63.6336,436.9560,3.56898,,,,,,,,,,,,,,,,,,,,,,,,,,,,,,,,,,,,,,,,,,,,,,,,,,,,,,,,,,,,,,,,,,,,,,,,,,,,,,,,,,392,0.002420868788,1.540486752,
🇳🇴,skycrab1,0,0,8:36.373,8:37.680,12 Jun 2024,701,(U),8302535928926204218,,,https://www.youtube.com/watch?v=RUtcNVLefnE&list=PLU3_fvoJ1GyMStiA29z37DUPtG47PvOJz&index=28,8,37,680,517680,,,410359,1.261529539,421494,1.228202537,-0.0005,0.7043,2.2079482,44.7380,63.5180,435.3923,3.57907,,,,,,,,,,,,,,,,,,,,,,,,,,,,,,,,,,,,,,,,,,,,,,,,,,,,,,,--,,,,,,,,,,,,,,,,,,,,,,,,,,,701,0,0,
🇨🇦,sockmonkey737,0,1,8:36.752,8:37.739,14 May 2025,365,(V),-3879107049025834895,,,https://www.speedrun.com/mc/runs/z5w7nw5z,8,37,739,517739,,,410359,1.261673315,421494,1.228342515,-0.0005,0.8332,2.209630476,52.8906,63.4800,434.8799,3.58238,,,,,,,,,,,,,,,,,,,,,,,,,,,,,,,,,,,,,,,,,,,,,,,,,,,,,,,,,,,,,,,,,,,,,,,,,,,,,,,,,,,,,
🇨🇦,rdpill,0,1,8:34.580,8:37.769,05 Nov 2024,555,(V),4338721383690060751,,,https://www.speedrun.com/mc/runs/m7nn9r0z,8,37,769,517769,,,410359,1.261746422,421494,1.22841369,-0.0005,0.7577,2.210486311,48.0826,63.4607,434.6193,3.58407,,,,,,,,,,,,,,,,,,,,,,,,,,,,,,,,,,,,,,,,,,,,,,,,,,,,,,,,,,,,,,,,,,,,,,,,,,,,,,,,,,,,,
🇮🇱,sagi_enderman,1,1,8:31.726,8:37.884,29 Jul 2022,1385,(V),-774874644388946464,,,https://www.speedrun.com/mc/runs/mkdld9xy,8,37,884,517884,,,410359,1.262026664,548820,0.9436317918,-0.0005,0.5003,0.4331102176,51.3055,102.5447,433.6204,3.59054,,,,,,,,,,,,,,,,,,,,,,,,,,,,,,,,,,,,,,,,,,,,,,,,,,,,,,,--,,,,,,,,,,,,,,,,,,,,,,,,,,,1385,0,0,
🇺🇸,meebie,0,0,8:37.477,8:37.975,07 Aug 2023,1011,(U),1459462342630812192,,,https://www.youtube.com/watch?v=C983h_XUVjM&list=PLaTJSsRuu2Ufk7cX7bUTt9V-IJxa8wqSM&index=3,8,37,975,517975,,,410359,1.262248422,465828,1.111944752,-0.0005,0.6032,1.150878413,53.3861,88.5042,432.8300,3.59566,,,,,,,,,,,,,,,,,,,,,,,,,,,,,,,,,,,,,,,,,,,,,,,,,,,,,,,--,,,,,,,,,,,,,,,,,,,,,,,,,,,1011,0,0,
🇳🇴,skycrab1,0,0,8:38.021,8:38.021,06 May 2025,373,(U),unknown,,,https://www.youtube.com/watch?v=VTFc9umQMn8&list=PLU3_fvoJ1GyMStiA29z37DUPtG47PvOJz&index=120,8,38,21,518021,,,410359,1.262360518,421494,1.229011564,-0.0005,0.8299,2.217687086,52.5287,63.2984,432.4305,3.59825,,,,,,,,,,,,,,,,,,,,,,,,,,,,,,,,,,,,,,,,,,,,,,,,,,,,,,,--,,,,,,,,,,,,,,,,,,,,,,,,,,,373,0.00557472829,3.528715042,
🇰🇷,dwoh,0,1,8:48.684,8:38.155,02 Feb 2025,466,(V),3434004177647168368,,,https://www.speedrun.com/mc/runs/ylp19kkm,8,38,155,518155,,,410359,1.262687062,421494,1.22932948,-0.0005,0.7922,2.221524638,50.0736,63.2120,431.2668,3.60582,,,,,,,,,,,,,,,,,,,,,,,,,,,,,,,,,,,,,,,,,,,,,,,,,,,,,,,,,,,,,,,,,,,,,,,,,,,,,,,,,,,,,
🇮🇸,Kind,0,1,8:37.353,8:38.527,24 Jun 2023,1055,(V),8707775504708410399,,,https://www.speedrun.com/mc/runs/znelek8z,8,38,527,518527,,,410359,1.263593585,465828,1.113129739,-0.0005,0.5901,1.158742884,52.1165,88.3213,428.0368,3.62689,,,,,,,,,,,,,,,,,,,,,,,,,,,,,,,,,,,,,,,,,,,,,,,,,,,,,,,,,,,,,,,,,,,,,,,,,,,,,,,,,,,,,
🇧🇷,misfitmcsr,0,1,8:38.209,8:38.728,15 Jul 2025,303,(V),2738581748136977282,,,https://www.speedrun.com/mc/runs/y9e8jwvz,8,38,728,518728,,,410359,1.2640834,410359,1.2640834,-0.0005,0.8594,2.678695735,45.8752,53.3794,426.2920,3.63832,,,,,,,,,,,,,,,,,,,,,,,,,,,,,,,,,,,,,,,,,,,,,,,,,,,,,,,,,,,,,,,,,,,,,,,,,,,,,,,,,,,,,
🇵🇱,okshey,0,0,8:38.735,8:38.735,15 Nov 2025,180,(U),unknown,,,https://www.youtube.com/watch?v=TfnVJFvNoDY,8,38,735,518735,,,410359,1.264100458,410359,1.264100458,-0.0005,0.9139,2.678939334,48.7806,53.3744,426.2312,3.63872,,,,,,,,,,,,,,,,,,,,,,,,,,,,,,,,,,,,,,,,,,,,,,,,,,,,,,,,,,,,,,,,,,,,,,,,,,,,,,,,,,180,0.5581095554,297.887827,
🇨🇦,Jay12310,0,0,8:36.088,8:38.790,24 Nov 2025,171,(U),unknown,,,https://www.youtube.com/watch?v=t3Th0f5TeHc&list=PLaTJSsRuu2UcsiC6KEkJwrGp1GaGgPoVG&index=7,8,38,790,518790,,,410359,1.264234487,410359,1.264234487,-0.0005,0.9181,2.680854006,48.9647,53.3353,425.7538,3.64185,,,,,,,,,,,,,,,,,,,,,,,,,,,,,,,,,,,,,,,,,,,,,,,,,,,,,,,--,,,,,,,,,,,,,,,,,,,,,,,,,,,171,0.6065178621,323.4882992,
🇹🇿,Kxpow,0,0,8:37.259,8:38.835,02 Mar 2024,803,(U),8469828128004769896,,,https://www.youtube.com/watch?v=VU43_XgypsM,8,38,835,518835,,,410359,1.264344147,421494,1.230942789,-0.0005,0.6693,2.241090796,42.0145,62.7724,425.3633,3.64442,,,,,,,,,,,,,,,,,,,,,,,,,,,,,,,,,,,,,,,,,,,,,,,,,,,,,,,,,,,,,,,,,,,,,,,,,,,,,,,,,,,,,
🇿🇦,Airpodsz,0,0,8:39.098,8:39.098,12 May 2025,367,(U),1497324270395087566,,,https://www.youtube.com/watch?v=QcZ_tKesd74&list=PLjW0OIc7zcEcqLcQwe9V6NfJUy0AUDomQ&index=14,8,39,98,519098,,,410359,1.26498505,421494,1.23156676,-0.0005,0.8324,2.248699665,52.1068,62.6019,423.0810,3.65945,,,,,,,,,,,,,,,,,,,,,,,,,,,,,,,,,,,,,,,,,,,,,,,,,,,,,,,,,,,,,,,,,,,,,,,,,,,,,,,,,,,,,
🇨🇦,Jay12310,0,0,8:39.147,8:39.147,06 Dec 2025,159,(U),unknown,,,https://www.youtube.com/watch?v=SSESxjNH_hk&list=PLaTJSsRuu2UcsiC6KEkJwrGp1GaGgPoVG&index=10,8,39,147,519147,,,410359,1.265104457,410359,1.265104457,-0.0005,0.9236,2.693311617,49.0248,53.0813,422.6558,3.66226,,,,,,,,,,,,,,,,,,,,,,,,,,,,,,,,,,,,,,,,,,,,,,,,,,,,,,,--,,,,,,,,,,,,,,,,,,,,,,,,,,,159,0.6690022203,355.1152947,
🇺🇸,doogile,0,0,8:39.037,8:39.282,30 Mar 2025,410,(U),8886412600271699411,,,https://www.youtube.com/watch?v=u6qbrlizGMM,8,39,282,519282,,,410359,1.265433438,421494,1.232003303,-0.0005,0.8146,2.254036749,50.9011,62.4824,421.4846,3.67000,,,,,,,,,,,,,,,,,,,,,,,,,,,,,,,,,,,,,,,,,,,,,,,,,,,,,,,--,,,,,,,,,,,,,,,,,,,,,,,,,,,410,0.001015778465,0.6346824826,
🇺🇸,Reignex,0,1,8:39.268,8:39.218,18 Sep 2022,1334,(U),Unknown,12,Yes,https://www.youtube.com/watch?v=z1feRpPuykI,8,39,218,519218,,,410359,1.265277477,517884,1.002575866,-0.0005,0.5132,0.6090855007,51.2442,99.8434,422.0398,3.66633,,,,,,,,,,,,,,,,,,,,,,,,,,,,,,,,,,,,,,,,,,,,,,,,,,,,,,,,,,,,,,,,,,,,,,,,,,,,,,,,,,,,,
🇿🇦,Airpodsz,0,0,8:39.411,8:39.411,05 Sep 2025,251,(U),-1145251015490040547,,,https://www.youtube.com/watch?v=X9g8K9tNTi8&list=PLjW0OIc7zcEcqLcQwe9V6NfJUy0AUDomQ&index=10,8,39,411,519411,,,410359,1.265747796,410359,1.265747796,-0.0005,0.8821,2.702557085,46.6549,52.8933,420.3657,3.67741,,,,,,,,,,,,,,,,,,,,,,,,,,,,,,,,,,,,,,,,,,,,,,,,,,,,,,,,,,,,,,,,,,,,,,,,,,,,,,,,,,,,,
🇩🇰,Bloopy,0,0,8:39.524,8:39.524,08 Feb 2025,460,(U),-1918684009025106856,,,https://www.youtube.com/watch?v=4Ncc5fSS7fU,8,39,524,519524,,,410359,1.266023165,421494,1.232577451,-0.0005,0.7945,2.261073473,49.5193,62.3250,419.3857,3.68392,,,,,,,,,,,,,,,,,,,,,,,,,,,,,,,,,,,,,,,,,,,,,,,,,,,,,,,--,,,,,,,,,,,,,,,,,,,,,,,,,,,460,0.00005925857871,0.03693291708,
🇩🇪,jason_n,0,0,8:39.547,8:39.547,14 Sep 2024,607,(U),-6811725567637899791,,,https://www.youtube.com/watch?v=vO1lOV6z_rs,8,39,547,519547,,,410359,1.266079214,421494,1.232632018,-0.0005,0.7382,2.261743276,45.9991,62.3100,419.1862,3.68524,,,,,,,,,,,,,,,,,,,,,,,,,,,,,,,,,,,,,,,,,,,,,,,,,,,,,,,--,,,,,,,,,,,,,,,,,,,,,,,,,,,607,0.0000000001936721568,0.0000001206772087,
🇫🇮,sadekeppi,0,0,8:39.634,8:39.634,23 Nov 2025,172,(U),unknown,,,https://www.youtube.com/watch?v=7l0U6MbHxfo,8,39,634,519634,,,410359,1.266291223,410359,1.266291223,-0.0005,0.9176,2.710388702,48.3888,52.7344,418.4318,3.69026,,,,,,,,,,,,,,,,,,,,,,,,,,,,,,,,,,,,,,,,,,,,,,,,,,,,,,,,,,,,,,,,,,,,,,,,,,,,,,,,,,172,0.6011896721,317.0338313,
🇳🇴,skycrab1,0,0,8:39.547,8:39.779,30 May 2025,349,(U),unknown,,,https://www.youtube.com/watch?v=NFMHJvhQb_w&list=PLU3_fvoJ1GyMStiA29z37DUPtG47PvOJz&index=129,8,39,779,519779,,,410359,1.266644572,421494,1.233182442,-0.0005,0.8399,2.268509512,52.2059,62.1589,417.1746,3.69863,,,,,,,,,,,,,,,,,,,,,,,,,,,,,,,,,,,,,,,,,,,,,,,,,,,,,,,--,,,,,,,,,,,,,,,,,,,,,,,,,,,349,0.01425204463,8.858920493,
🇫🇮,AndrewCrow,0,0,8:38.402,8:39.880,12 Aug 2025,275,(U),unknown,,,https://www.youtube.com/watch?v=psOz3n2aTy0,8,39,880,519880,,,410359,1.266890698,410359,1.266890698,-0.0005,0.8715,2.719051489,45.8070,52.5590,416.2991,3.70447,,,,,,,,,,,,,,,,,,,,,,,,,,,,,,,,,,,,,,,,,,,,,,,,,,,,,,,,,,,,,,,,,,,,,,,,,,,,,,,,,,275,0.124969259,65.68257385,
🇵🇱,watermelon1708,0,0,8:39.647,8:40.008,29 Nov 2025,166,(U),unknown,,,https://www.youtube.com/watch?v=t10Ij-c_N2s,8,40,8,520008,,,410359,1.26720262,410359,1.26720262,-0.0005,0.9204,2.723568693,48.2887,52.4677,415.1898,3.71189,,,,,,,,,,,,,,,,,,,,,,,,,,,,,,,,,,,,,,,,,,,,,,,,,,,,,,,--,,,,,,,,,,,,,,,,,,,,,,,,,,,166,0.6329083842,332.0722108,
🇩🇪,jason_n,0,0,8:40.038,8:40.038,21 Aug 2024,631,(U),8973323366010797251,,,https://www.youtube.com/watch?v=wtVTAwET8cA,8,40,38,520038,,,410359,1.267275727,421494,1.233796922,-0.0005,0.7294,2.276084635,45.2170,61.9900,414.9298,3.71363,,,,,,,,,,,,,,,,,,,,,,,,,,,,,,,,,,,,,,,,,,,,,,,,,,,,,,,--,,,,,,,,,,,,,,,,,,,,,,,,,,,631,0,0.000000007605448946,
🇬🇧,priffie,0,0,8:40.155,8:40.155,11 Nov 2024,549,(U),-2522481865350924050,,,https://www.youtube.com/watch?v=ChKDeopLupA,8,40,155,520155,,,410359,1.267560843,421494,1.234074506,-0.0005,0.7600,2.279514032,47.0514,61.9136,413.9160,3.72043,,,,,,,,,,,,,,,,,,,,,,,,,,,,,,,,,,,,,,,,,,,,,,,,,,,,,,,,,,,,,,,,,,,,,,,,,,,,,,,,,,,,,
🇮🇹,nonshochiama,0,1,8:38.077,8:40.586,04 Jan 2024,861,(V),8591525407209828717,,,https://www.speedrun.com/mc/runs/m73l1key,8,40,586,520586,,,410359,1.268611143,421494,1.23509706,-0.0005,0.6502,2.292187104,40.0719,61.6317,410.1831,3.74555,,,,,,,,,,,,,,,,,,,,,,,,,,,,,,,,,,,,,,,,,,,,,,,,,,,,,,,,,,,,,,,,,,,,,,,,,,,,,,,,,,,,,
🇵🇱,watermelon1708,0,0,8:39.979,8:40.694,15 Nov 2025,180,(U),unknown,,,https://www.youtube.com/watch?v=EKR-bvraczI,8,40,694,520694,,,410359,1.268874327,410359,1.268874327,-0.0005,0.9139,2.747892062,47.5040,51.9777,409.2482,3.75187,,,,,,,,,,,,,,,,,,,,,,,,,,,,,,,,,,,,,,,,,,,,,,,,,,,,,,,--,,,,,,,,,,,,,,,,,,,,,,,,,,,180,0.5581095554,290.0923521,
🇺🇸,doogile,0,0,8:39.729,8:40.725,09 Dec 2023,887,(U),-5412281049038794009,,,https://www.youtube.com/watch?v=Jv2jo4YQLrw,8,40,725,520725,,,410359,1.268949871,446254,1.166880297,-0.0005,0.6418,1.572835187,50.3465,78.4474,408.9798,3.75369,,,,,,,,,,,,,,,,,,,,,,,,,,,,,,,,,,,,,,,,,,,,,,,,,,,,,,,--,,,,,,,,,,,,,,,,,,,,,,,,,,,887,0,0,
🇺🇸,doogile,0,0,8:40.768,8:40.768,16 Jul 2024,667,(U),8198000986967179551,,,https://www.youtube.com/watch?v=Ce_A0Sa97Hg,8,40,768,520768,,,410359,1.269054657,421494,1.235528857,-0.0005,0.7164,2.297557547,44.0682,61.5124,408.6077,3.75621,,,,,,,,,,,,,,,,,,,,,,,,,,,,,,,,,,,,,,,,,,,,,,,,,,,,,,,--,,,,,,,,,,,,,,,,,,,,,,,,,,,667,0,0,
🇳🇴,skycrab1,0,0,8:40.888,8:40.888,08 Dec 2025,157,(U),unknown,,,https://www.youtube.com/watch?v=xihX3p1Fp4s&list=PLU3_fvoJ1GyMStiA29z37DUPtG47PvOJz&index=153,8,40,888,520888,,,410359,1.269347084,410359,1.269347084,-0.0005,0.9245,2.754805641,47.9252,51.8389,407.5692,3.76325,,,,,,,,,,,,,,,,,,,,,,,,,,,,,,,,,,,,,,,,,,,,,,,,,,,,,,,--,,,,,,,,,,,,,,,,,,,,,,,,,,,157,0.6790983612,352.0374291,
🇹🇷,Ancoboy,0,1,8:39.744,8:40.941,15 Dec 2023,881,(U),-2037700049700041325,,,https://www.youtube.com/watch?v=rIQn66zPVwM,8,40,941,520941,,,410359,1.269476239,446254,1.167364326,-0.0005,0.6437,1.577117102,50.4314,78.3443,407.1106,3.76636,,,,,,,,,,,,,,,,,,,,,,,,,,,,,,,,,,,,,,,,,,,,,,,,,,,,,,,,,,,,,,,,,,,,,,,,,,,,,,,,,,,,,
🇫🇮,megelimc,0,1,8:35.954,8:41.307,26 Jun 2024,687,(V),5074648903421430178,,,https://www.speedrun.com/mc/runs/zq8l7d1z,8,41,307,521307,,,410359,1.270368141,421494,1.236807641,-0.0005,0.7093,2.313528525,43.3787,61.1584,403.9452,3.78793,,,,,,,,,,,,,,,,,,,,,,,,,,,,,,,,,,,,,,,,,,,,,,,,,,,,,,,,,,,,,,,,,,,,,,,,,,,,,,,,,,,,,
🇳🇴,skycrab1,0,0,8:40.847,8:41.542,18 May 2025,361,(U),unknown,,,https://www.youtube.com/watch?v=xJ01M7bzZw4&list=PLU3_fvoJ1GyMStiA29z37DUPtG47PvOJz&index=123,8,41,542,521542,,,410359,1.27094081,421494,1.237365182,-0.0005,0.8349,2.320522834,50.9291,61.0037,401.9141,3.80183,,,,,,,,,,,,,,,,,,,,,,,,,,,,,,,,,,,,,,,,,,,,,,,,,,,,,,,--,,,,,,,,,,,,,,,,,,,,,,,,,,,361,0.009053642645,5.523061506,
🇨🇦,Jay12310,0,1,8:41.613,8:41.613,31 Jan 2024,834,(V),-2567989600321826795,,,https://www.speedrun.com/mc/runs/z1ke12jy,8,41,613,521613,,,410359,1.27111383,421494,1.23753363,-0.0005,0.6590,2.322639731,40.1719,60.9570,401.3006,3.80604,,,,,,,,,,,,,,,,,,,,,,,,,,,,,,,,,,,,,,,,,,,,,,,,,,,,,,,--,,,,,,,,,,,,,,,,,,,,,,,,,,,834,0,0,
🇹🇿,Kxpow,0,0,8:40.524,8:41.729,26 Jun 2024,687,(U),-2265204569977030713,,,https://www.youtube.com/watch?v=HS2BLQxAvHQ,8,41,729,521729,,,410359,1.271396509,421494,1.237808842,-0.0005,0.7093,2.326102045,43.1815,60.8805,400.2986,3.81293,,,,,,,,,,,,,,,,,,,,,,,,,,,,,,,,,,,,,,,,,,,,,,,,,,,,,,,,,,,,,,,,,,,,,,,,,,,,,,,,,,,,,
🇿🇦,Airpodsz,0,0,8:42.023,8:42.023,13 Feb 2026,90,(U),3688076343083871671,,,https://www.youtube.com/watch?v=FDhUOxV4hnA&list=PLjW0OIc7zcEcqLcQwe9V6NfJUy0AUDomQ&index=4,8,42,23,522023,,,410359,1.272112955,410359,1.272112955,-0.0005,0.9560,2.795564522,48.7808,51.0260,397.7601,3.83043,,,,,,,,,,,,,,,,,,,,,,,,,,,,,,,,,,,,,,,,,,,,,,,,,,,,,,,,,,,,,,,,,,,,,,,,,,,,,,,,,,,,,
🇬🇧,biased,0,1,8:39.479,8:42.046,21 Sep 2024,600,(V),-1851988790638545849,,,https://www.speedrun.com/mc/runs/z0qx9l9m,8,42,46,522046,,,410359,1.272169003,421494,1.238560929,-0.0005,0.7408,2.335587302,44.9464,60.6713,397.5616,3.83181,,,,,,,,,,,,,,,,,,,,,,,,,,,,,,,,,,,,,,,,,,,,,,,,,,,,,,,,,,,,,,,,,,,,,,,,,,,,,,,,,,,,,
🇨🇦,Aquacorde,0,0,8:42.341,8:42.341,21 Jun 2025,327,(U),-7609881780988686655,,,https://www.youtube.com/watch?v=MuohhSr-XiM,8,42,341,522341,,,410359,1.272887886,410359,1.272887886,-0.0005,0.8492,2.807079922,43.1359,50.7979,395.0166,3.84945,,,,,,,,,,,,,,,,,,,,,,,,,,,,,,,,,,,,,,,,,,,,,,,,,,,,,,,--,,,,,,,,,,,,,,,,,,,,,,,,,,,327,0.03030088679,15.39221083,
🇹🇿,Kxpow,0,0,9:40.539,8:42.547,14 Jul 2024,669,(U),-3078327032604818062,,,https://www.youtube.com/watch?v=6oDlGw6KjR8,8,42,547,522547,,,410359,1.273389885,421494,1.239749558,-0.0005,0.7157,2.350648835,43.1850,60.3399,393.2406,3.86182,,,,,,,,,,,,,,,,,,,,,,,,,,,,,,,,,,,,,,,,,,,,,,,,,,,,,,,,,,,,,,,,,,,,,,,,,,,,,,,,,,,,,
🇺🇸,doogile,0,0,8:42.117,8:42.986,28 Feb 2024,806,(U),5949882598636664818,,,https://www.youtube.com/watch?v=oCkkuqlQ9Po,8,42,986,522986,,,410359,1.27445968,421494,1.240791091,-0.0005,0.6683,2.36391788,40.1313,60.0488,389.4591,3.88829,,,,,,,,,,,,,,,,,,,,,,,,,,,,,,,,,,,,,,,,,,,,,,,,,,,,,,,--,,,,,,,,,,,,,,,,,,,,,,,,,,,806,0,0,
🇵🇱,Mixray,0,1,8:38.475,8:43.007,24 Dec 2023,872,(V),-9159005293217893627,,,https://www.speedrun.com/mc/run/y2kweg9y,8,43,7,523007,,,410359,1.274510855,446254,1.171993977,-0.0005,0.6466,1.618614918,50.0131,77.3457,389.2783,3.88956,,,,,,,,,,,,,,,,,,,,,,,,,,,,,,,,,,,,,,,,,,,,,,,,,,,,,,,,,,,,,,,,,,,,,,,,,,,,,,,,,,,,,
🇫🇮,AndrewCrow,0,0,8:42.102,8:43.518,17 Jul 2025,301,(U),unknown,,,https://www.youtube.com/watch?v=uT5c_6-u4Ns,8,43,518,523518,,,410359,1.275756106,410359,1.275756106,-0.0005,0.8603,2.850069024,42.9728,49.9522,384.8831,3.92059,,,,,,,,,,,,,,,,,,,,,,,,,,,,,,,,,,,,,,,,,,,,,,,,,,,,,,,,,,,,,,,,,,,,,,,,,,,,,,,,,,301,0.06540934767,32.67342777,
🇹🇿,Kxpow,0,0,8:40.779,8:43.672,26 Jan 2024,839,(U),-8996510102519287588,,,https://www.youtube.com/watch?v=KF9Pal7AXdU,8,43,672,523672,,,410359,1.276131387,421494,1.242418635,-0.0005,0.6574,2.384786903,39.1746,59.5924,383.5599,3.92998,,,,,,,,,,,,,,,,,,,,,,,,,,,,,,,,,,,,,,,,,,,,,,,,,,,,,,,,,,,,,,,,,,,,,,,,,,,,,,,,,,,,,
🇿🇦,Airpodsz,0,0,8:43.709,8:43.709,25 Mar 2026,50,(U),7506275670866580323,,,https://www.youtube.com/watch?v=llpWdAgohkU&list=PLjW0OIc7zcEcqLcQwe9V6NfJUy0AUDomQ&index=1,8,43,709,523709,,,410359,1.276221552,410359,1.276221552,-0.0005,0.9753,2.85710005,48.5849,49.8148,383.2421,3.93224,,,,,,,,,,,,,,,,,,,,,,,,,,,,,,,,,,,,,,,,,,,,,,,,,,,,,,,,,,,,,,,,,,,,,,,,,,,,,,,,,,,,,
🇺🇸,doogile,0,0,8:43.991,8:43.991,13 Jul 2024,670,(U),-7771537069643682878,,,https://www.youtube.com/watch?v=TZ_zdyCgG4M,8,43,991,523991,,,410359,1.276908756,421494,1.243175466,-0.0005,0.7153,2.39454733,42.4765,59.3796,380.8212,3.94950,,,,,,,,,,,,,,,,,,,,,,,,,,,,,,,,,,,,,,,,,,,,,,,,,,,,,,,--,,,,,,,,,,,,,,,,,,,,,,,,,,,670,0,0,
🇳🇴,skycrab1,0,0,8:43.592,8:44.066,13 Jul 2025,305,(U),see video,,,https://www.youtube.com/watch?v=jDNFlZ8Sg58&list=PLU3_fvoJ1GyMStiA29z37DUPtG47PvOJz&index=132,8,44,66,524066,,,410359,1.277091522,410359,1.277091522,-0.0005,0.8586,2.870283133,42.5484,49.5579,380.1777,3.95411,,,,,,,,,,,,,,,,,,,,,,,,,,,,,,,,,,,,,,,,,,,,,,,,,,,,,,,--,,,,,,,,,,,,,,,,,,,,,,,,,,,305,0.05858582534,29.03389317,
🇩🇰,Bloopy,0,0,8:44.147,8:44.147,14 Jan 2025,485,(U),865156050683453436,,,https://www.youtube.com/watch?v=mCIohgnMn6Q,8,44,147,524147,,,410359,1.27728891,421494,1.243545578,-0.0005,0.7847,2.399333452,46.5113,59.2755,379.4829,3.95908,,,,,,,,,,,,,,,,,,,,,,,,,,,,,,,,,,,,,,,,,,,,,,,,,,,,,,,--,,,,,,,,,,,,,,,,,,,,,,,,,,,485,0.00001110169787,0.00658058347,
🇸🇰,NoFear1337,0,0,8:43.284,8:44.223,01 Jan 2024,864,(U),unknown,,,https://www.youtube.com/watch?v=qY2cZ8Sy2uY&list=PLaTJSsRuu2UeeWabBBfNVWALvnefBoL2C&index=3,8,44,223,524223,,,410359,1.277474114,446254,1.174718882,-0.0005,0.6492,1.643503615,49.8251,76.7473,378.8312,3.96376,,,,,,,,,,,,,,,,,,,,,,,,,,,,,,,,,,,,,,,,,,,,,,,,,,,,,,,--,,,,,,,,,,,,,,,,,,,,,,,,,,,864,0,0,
🇨🇦,Jay12310,0,0,8:44.276,8:44.276,10 Nov 2025,185,(U),unknown,,,https://www.youtube.com/watch?v=zPHrwr8ViFs&list=PLaTJSsRuu2UcsiC6KEkJwrGp1GaGgPoVG&index=6,8,44,276,524276,,,410359,1.277603269,410359,1.277603269,-0.0005,0.9116,2.878063098,45.0415,49.4067,378.3769,3.96702,,,,,,,,,,,,,,,,,,,,,,,,,,,,,,,,,,,,,,,,,,,,,,,,,,,,,,,--,,,,,,,,,,,,,,,,,,,,,,,,,,,185,0.53091014,262.3050048,
🇺🇸,doogile,0,0,8:43.409,8:44.369,22 Mar 2024,783,(U),3833476757322719608,,,https://www.youtube.com/watch?v=ReityME0-V4,8,44,369,524369,,,410359,1.2778299,421494,1.244072276,-0.0005,0.6760,2.406159223,39.9724,59.1271,377.5798,3.97275,,,,,,,,,,,,,,,,,,,,,,,,,,,,,,,,,,,,,,,,,,,,,,,,,,,,,,,--,,,,,,,,,,,,,,,,,,,,,,,,,,,783,0,0,
🇳🇴,skycrab1,0,0,8:43.341,8:44.403,08 May 2024,736,(U),unknown,,,https://www.youtube.com/watch?v=KxM7quLW_a0&list=PLU3_fvoJ1GyMStiA29z37DUPtG47PvOJz&index=19,8,44,403,524403,,,410359,1.277912754,421494,1.244152942,-0.0005,0.6921,2.407206144,40.9071,59.1043,377.2885,3.97485,,,,,,,,,,,,,,,,,,,,,,,,,,,,,,,,,,,,,,,,,,,,,,,,,,,,,,,--,,,,,,,,,,,,,,,,,,,,,,,,,,,736,0,0,
🇨🇦,Aquacorde,0,0,8:44.345,8:44.570,08 Jul 2025,310,(U),-1775700207608873533,,,https://www.youtube.com/watch?v=oEQpaV4i5Xo,8,44,570,524570,,,410359,1.278319715,410359,1.278319715,-0.0005,0.8564,2.888986507,42.1312,49.1949,375.8580,3.98517,,,,,,,,,,,,,,,,,,,,,,,,,,,,,,,,,,,,,,,,,,,,,,,,,,,,,,,--,,,,,,,,,,,,,,,,,,,,,,,,,,,310,0.05083856799,25.00997571,
🇺🇸,Infume,0,0,8:44.686,8:44.686,21 May 2025,358,(U),unknown,,,https://www.youtube.com/watch?v=sLVc8CxP9NU,8,44,686,524686,,,410359,1.278602394,421494,1.244824363,-0.0005,0.8361,2.415936036,49.2591,58.9149,374.8649,3.99235,,,,,,,,,,,,,,,,,,,,,,,,,,,,,,,,,,,,,,,,,,,,,,,,,,,,,,,,,,,,,,,,,,,,,,,,,,,,,,,,,,,,,
🇳🇴,skycrab1,0,0,8:41.713,8:44.753,09 Jun 2024,704,(U),3601997149186064061,,,https://www.youtube.com/watch?v=ARk7_DpxA8k&list=PLU3_fvoJ1GyMStiA29z37DUPtG47PvOJz&index=27,8,44,753,524753,,,410359,1.278765666,421494,1.244983321,-0.0005,0.7033,2.418006971,41.4021,58.8700,374.2915,3.99650,,,,,,,,,,,,,,,,,,,,,,,,,,,,,,,,,,,,,,,,,,,,,,,,,,,,,,,--,,,,,,,,,,,,,,,,,,,,,,,,,,,704,0,0,
🇸🇰,NoFear1337,0,0,8:44.741,8:45.020,09 Dec 2025,156,(U),unknown,,,https://www.youtube.com/watch?v=LrqzlWWtJ5s,8,45,20,525020,,,410359,1.279416316,410359,1.279416316,-0.0005,0.9250,2.905777306,45.2035,48.8706,372.0080,4.01308,,,,,,,,,,,,,,,,,,,,,,,,,,,,,,,,,,,,,,,,,,,,,,,,,,,,,,,--,,,,,,,,,,,,,,,,,,,,,,,,,,,156,0.6841065491,334.3266847,
🇫🇮,sadekeppi,0,1,8:45.285,8:45.285,11 Jan 2025,488,(V),-7902621488584533605,,,https://www.speedrun.com/mc/runs/yoq7jxdz,8,45,285,525285,,,410359,1.280062092,421494,1.246245498,-0.0005,0.7835,2.434507223,45.8442,58.5130,369.7439,4.02961,,,,,,,,,,,,,,,,,,,,,,,,,,,,,,,,,,,,,,,,,,,,,,,,,,,,,,,,,,,,,,,,,,,,,,,,,,,,,,,,,,488,0.000008971773382,0.005249653444,
🇺🇸,zylenox,0,0,8:45.232,8:45.815,24 May 2024,720,(U),unknown,,,https://www.youtube.com/watch?v=9LHv2bh2PwU,8,45,815,525815,,,410359,1.281353644,421494,1.24750293,-0.0005,0.6977,2.451045449,40.5744,58.1564,365.2232,4.06284,,,,,,,,,,,,,,,,,,,,,,,,,,,,,,,,,,,,,,,,,,,,,,,,,,,,,,,,,,,,,,,,,,,,,,,,,,,,,,,,,,,,,
🇺🇸,zylenox,0,0,8:43.999,8:45.999,06 Oct 2025,220,(U),unknown,,,https://www.youtube.com/watch?v=CPqlpG_fkso,8,45,999,525999,,,410359,1.281802032,410359,1.281802032,-0.0005,0.8958,2.942606168,43.1472,48.1643,363.6561,4.07443,,,,,,,,,,,,,,,,,,,,,,,,,,,,,,,,,,,,,,,,,,,,,,,,,,,,,,,,,,,,,,,,,,,,,,,,,,,,,,,,,,,,,
🇫🇮,iluappi,0,1,8:43.470,8:45.874,31 Jul 2025,287,(V),-5964250352143644519,,,https://www.speedrun.com/mc/runs/yljxnnkm,8,45,874,525874,,,410359,1.281497421,410359,1.281497421,-0.0005,0.8663,2.937880859,41.8039,48.2545,364.7206,4.06655,,,,,,,,,,,,,,,,,,,,,,,,,,,,,,,,,,,,,,,,,,,,,,,,,,,,,,,--,,,,,,,,,,,,,,,,,,,,,,,,,,,287,0.09404420888,45.38059456,
🇹🇿,Kxpow,0,1,8:39.054,8:45.890,29 May 2023,1081,(X),-8065244563761891233,08,Yes,https://www.youtube.com/watch?v=_Wdwq60t9tg,8,45,890,525890,,,410359,1.281536411,465828,1.128936002,-0.0005,0.5825,1.268571434,49.9401,85.7403,364.5843,4.06756,,,,,,,,,,,,,,,,,,,,,,,,,,,,,,,,,,,,,,,,,,,,,,,,,,,,,,,--,,,,,,,,,,,,,,,,,,,,,,,,,,,1081,0,0,
🇸🇰,NoFear1337,0,1,8:43.898,8:45.910,06 Apr 2023,1134,(V),-7753826472617365003,06,Yes,https://www.speedrun.com/mc/run/ywv7303z,8,45,910,525910,,,410359,1.281585149,465828,1.128978936,-0.0005,0.5672,1.268882561,48.6298,85.7330,364.4140,4.06882,,,,,,,,,,,,,,,,,,,,,,,,,,,,,,,,,,,,,,,,,,,,,,,,,,,,,,,--,,,,,,,,,,,,,,,,,,,,,,,,,,,1134,0,0,
🇺🇸,doogile,0,1,8:46.031,8:46.031,27 Oct 2022,1295,(V),8426484340228880879,,,https://www.speedrun.com/mc/runs/zq95v58y,8,46,31,526031,,,410359,1.281880012,517884,1.015731322,-0.0005,0.5234,0.6577273206,51.8007,98.9786,363.3837,4.07645,,,,,,,,,,,,,,,,,,,,,,,,,,,,,,,,,,,,,,,,,,,,,,,,,,,,,,,--,,,,,,,,,,,,,,,,,,,,,,,,,,,1295,0,0,
🇳🇴,skycrab1,0,0,8:45.053,8:46.049,08 Nov 2025,187,(U),see video,,,https://www.youtube.com/watch?v=wAckC_nZcLI&list=PLU3_fvoJ1GyMStiA29z37DUPtG47PvOJz&index=148,8,46,49,526049,,,410359,1.281923876,410359,1.281923876,-0.0005,0.9107,2.944498179,43.8322,48.1282,363.2305,4.07759,,,,,,,,,,,,,,,,,,,,,,,,,,,,,,,,,,,,,,,,,,,,,,,,,,,,,,,--,,,,,,,,,,,,,,,,,,,,,,,,,,,187,0.5200032071,250.2683112,
🇺🇸,Bloon,0,1,8:44.182,8:46.079,16 Sep 2023,971,(V),-6259156646960673664,,,https://www.speedrun.com/mc/runs/zne8x33z,8,46,79,526079,,,410359,1.281996983,465828,1.129341731,-0.0005,0.6154,1.271514422,52.7208,85.6706,362.9752,4.07948,,,,,,,,,,,,,,,,,,,,,,,,,,,,,,,,,,,,,,,,,,,,,,,,,,,,,,,,,,,,,,,,,,,,,,,,,,,,,,,,,,,,,
🇦🇿,KenanKardes,0,1,8:45.460,8:46.120,27 Jun 2024,686,(V),-2790104330333108477,,,https://www.speedrun.com/mc/runs/y9jrkkem,8,46,120,526120,,,410359,1.282096896,421494,1.248226547,-0.0005,0.7096,2.460608176,41.1241,57.9508,362.6263,4.08207,,,,,,,,,,,,,,,,,,,,,,,,,,,,,,,,,,,,,,,,,,,,,,,,,,,,,,,,,,,,,,,,,,,,,,,,,,,,,,,,,,686,0,0,
🇳🇴,skycrab1,0,0,8:46.360,8:46.475,05 Dec 2025,160,(U),see video,,,https://www.youtube.com/watch?v=21D0838rJEA&list=PLU3_fvoJ1GyMStiA29z37DUPtG47PvOJz&index=151,8,46,475,526475,,,410359,1.282961992,410359,1.282961992,-0.0005,0.9231,2.960661937,44.1440,47.8207,359.6083,4.10456,,,,,,,,,,,,,,,,,,,,,,,,,,,,,,,,,,,,,,,,,,,,,,,,,,,,,,,--,,,,,,,,,,,,,,,,,,,,,,,,,,,160,0.6639157633,317.488888,
🇺🇸,Infume,0,1,8:45.718,8:45.457,22 Sep 2024,599,(V),3279252009956815997,,,https://www.speedrun.com/mc/runs/meg0139y,8,45,457,525457,,,410359,1.280481237,421494,1.24665357,-0.0005,0.7412,2.43986338,43.2835,58.3974,368.2757,4.04036,,,,,,,,,,,,,,,,,,,,,,,,,,,,,,,,,,,,,,,,,,,,,,,,,,,,,,,,,,,,,,,,,,,,,,,,,,,,,,,,,,,,,
🇺🇸,zylenox,0,0,8:44.511,8:46.659,26 Jan 2025,473,(U),unknown,,,https://www.youtube.com/watch?v=x9s_NZF1vo0,8,46,659,526659,,,410359,1.28341038,421494,1.249505331,-0.0005,0.7894,2.477589084,45.4582,57.5868,358.0459,4.11626,,,,,,,,,,,,,,,,,,,,,,,,,,,,,,,,,,,,,,,,,,,,,,,,,,,,,,,,,,,,,,,,,,,,,,,,,,,,,,,,,,,,,
🇺🇸,meebie,0,0,8:46.730,8:46.730,31 Aug 2024,621,(U),-1594197392145476989,,,https://www.youtube.com/watch?v=zkLphmIsY5Y&list=PLaTJSsRuu2Ufk7cX7bUTt9V-IJxa8wqSM&index=16,8,46,730,526730,,,410359,1.283583399,421494,1.249673779,-0.0005,0.7331,2.479833685,42.1805,57.5387,357.4434,4.12079,,,,,,,,,,,,,,,,,,,,,,,,,,,,,,,,,,,,,,,,,,,,,,,,,,,,,,,,,,,,,,,,,,,,,,,,,,,,,,,,,,621,0,0.00000002287405693,
🇳🇴,skycrab1,0,0,8:46.809,8:46.809,19 Dec 2025,146,(U),see video,,,https://www.youtube.com/watch?v=C7eIdtsV1E0&list=PLU3_fvoJ1GyMStiA29z37DUPtG47PvOJz&index=161,8,46,809,526809,,,410359,1.283775913,410359,1.283775913,-0.0005,0.9296,2.97338993,44.2299,47.5794,356.7733,4.12583,,,,,,,,,,,,,,,,,,,,,,,,,,,,,,,,,,,,,,,,,,,,,,,,,,,,,,,--,,,,,,,,,,,,,,,,,,,,,,,,,,,146,0.7325573849,348.5466296,
🇬🇧,priffie,0,0,8:46.823,8:46.823,04 Sep 2024,617,(U),-4378698081047373140,,,https://www.youtube.com/watch?v=PLgRssPZTBU,8,46,823,526823,,,410359,1.28381003,421494,1.249894423,-0.0005,0.7345,2.482776545,42.2187,57.4758,356.6546,4.12672,,,,,,,,,,,,,,,,,,,,,,,,,,,,,,,,,,,,,,,,,,,,,,,,,,,,,,,,,,,,,,,,,,,,,,,,,,,,,,,,,,,,,
🇹🇿,Kxpow,0,0,8:45.615,8:46.891,23 May 2024,721,(U),unknown,,,https://www.youtube.com/watch?v=hyrD8CeOnTI,8,46,891,526891,,,410359,1.283975738,421494,1.250055754,-0.0005,0.6973,2.484930288,40.0474,57.4298,356.0780,4.13106,,,,,,,,,,,,,,,,,,,,,,,,,,,,,,,,,,,,,,,,,,,,,,,,,,,,,,,,,,,,,,,,,,,,,,,,,,,,,,,,,,,,,
🇺🇸,doogile,0,0,8:45.693,8:47.009,10 Jun 2023,1069,(U),3305404777235060755,,,https://www.youtube.com/watch?v=LJc8Ue_wMxc,8,47,9,527009,,,410359,1.284263291,465828,1.131338176,-0.0005,0.5860,1.286088516,49.9971,85.3248,355.0779,4.13861,,,,,,,,,,,,,,,,,,,,,,,,,,,,,,,,,,,,,,,,,,,,,,,,,,,,,,,--,,,,,,,,,,,,,,,,,,,,,,,,,,,1069,0,0,
🇫🇷,Poni,0,1,8:45.604,8:47.223,02 Oct 2022,1320,(V),-1837751846856531191,,,https://www.youtube.com/watch?v=XF7fO8ptCng,8,47,223,527223,,,410359,1.284784786,517884,1.018032996,-0.0005,0.5169,0.6666344622,51.0730,98.8156,353.2657,4.15232,,,,,,,,,,,,,,,,,,,,,,,,,,,,,,,,,,,,,,,,,,,,,,,,,,,,,,,,,,,,,,,,,,,,,,,,,,,,,,,,,,,,,
🇫🇮,sadekeppi,0,0,8:46.062,8:47.235,05 Mar 2025,435,(U),unknown,,,https://www.youtube.com/watch?v=PmJBX5UDkaQ,8,47,235,527235,,,410359,1.284814029,421494,1.250871899,-0.0005,0.8045,2.49585128,46.0164,57.1967,353.1641,4.15309,,,,,,,,,,,,,,,,,,,,,,,,,,,,,,,,,,,,,,,,,,,,,,,,,,,,,,,,,,,,,,,,,,,,,,,,,,,,,,,,,,435,0.0002661933855,0.1522539185,
🇨🇦,bluescaled,0,1,8:47.616,8:47.616,21 Apr 2024,753,(V),2917123539303046566,,,https://www.speedrun.com/mc/runs/y22e7l7y,8,47,616,527616,,,410359,1.285742484,421494,1.251775826,-0.0005,0.6863,2.507996916,39.0744,56.9382,349.9428,4.17761,,,,,,,,,,,,,,,,,,,,,,,,,,,,,,,,,,,,,,,,,,,,,,,,,,,,,,,,,,,,,,,,,,,,,,,,,,,,,,,,,,,,,
🇨🇦,21mustard,0,1,8:47.222,8:47.675,11 Oct 2024,580,(V),7459329575802108907,,,https://www.speedrun.com/mc/runs/yj9qjr3z,8,47,675,527675,,,410359,1.285886261,421494,1.251915804,-0.0005,0.7483,2.509882448,42.5748,56.8981,349.4445,4.18142,,,,,,,,,,,,,,,,,,,,,,,,,,,,,,,,,,,,,,,,,,,,,,,,,,,,,,,,,,,,,,,,,,,,,,,,,,,,,,,,,,,,,
🇹🇿,Kxpow,0,0,8:44.127,8:47.693,03 Jul 2024,680,(U),-6959476761706024628,,,https://www.youtube.com/watch?v=lpnHvetQjc0,8,47,693,527693,,,410359,1.285930125,421494,1.251958509,-0.0005,0.7118,2.510457946,40.4897,56.8859,349.2925,4.18258,,,,,,,,,,,,,,,,,,,,,,,,,,,,,,,,,,,,,,,,,,,,,,,,,,,,,,,,,,,,,,,,,,,,,,,,,,,,,,,,,,,,,
🇸🇪,PAPLERR,0,1,8:47.146,8:47.928,26 Jan 2024,839,(V),3396794474458802452,,,https://www.speedrun.com/mc/runs/z5k414nz,8,47,928,527928,,,410359,1.286502794,421494,1.25251605,-0.0005,0.6574,2.517982217,37.2904,56.7262,347.3096,4.19779,,,,,,,,,,,,,,,,,,,,,,,,,,,,,,,,,,,,,,,,,,,,,,,,,,,,,,,,,,,,,,,,,,,,,,,,,,,,,,,,,,,,,
🇺🇸,zylenox,0,0,8:45.712,8:47.948,29 Apr 2025,380,(U),unknown,,,https://www.youtube.com/watch?v=VeyaKgZL6W8,8,47,948,527948,,,410359,1.286551532,421494,1.2525635,-0.0005,0.8270,2.518623509,46.8990,56.7126,347.1410,4.19909,,,,,,,,,,,,,,,,,,,,,,,,,,,,,,,,,,,,,,,,,,,,,,,,,,,,,,,,,,,,,,,,,,,,,,,,,,,,,,,,,,,,,
🇳🇴,skycrab1,0,0,8:47.708,8:47.708,20 Sep 2025,236,(U),see video,,,https://www.youtube.com/watch?v=QaK_cdmaPKQ&list=PLU3_fvoJ1GyMStiA29z37DUPtG47PvOJz&index=138,8,47,708,527708,,,410359,1.285966678,410359,1.285966678,-0.0005,0.8887,3.00789025,41.7064,46.9298,349.1659,4.18355,,,,,,,,,,,,,,,,,,,,,,,,,,,,,,,,,,,,,,,,,,,,,,,,,,,,,,,--,,,,,,,,,,,,,,,,,,,,,,,,,,,236,0.2686285792,126.0669424,
🇫🇮,sadekeppi,0,0,8:47.747,8:47.747,08 Dec 2025,157,(U),unknown,,,https://www.youtube.com/watch?v=U0VSovfqp08,8,47,747,527747,,,410359,1.286061717,410359,1.286061717,-0.0005,0.9245,3.009394927,43.3607,46.9016,348.8366,4.18607,,,,,,,,,,,,,,,,,,,,,,,,,,,,,,,,,,,,,,,,,,,,,,,,,,,,,,,,,,,,,,,,,,,,,,,,,,,,,,,,,,157,0.6790983612,318.508293,
🇰🇷,temp_gd,0,1,8:44.823,8:47.833,16 Aug 2024,636,(V),7789304644075460763,,,https://www.speedrun.com/mc/runs/y2w7q3jy,8,47,833,527833,,,410359,1.286271289,421494,1.252290661,-0.0005,0.7276,2.51493807,41.3211,56.7908,348.1109,4.19164,,,,,,,,,,,,,,,,,,,,,,,,,,,,,,,,,,,,,,,,,,,,,,,,,,,,,,,,,,,,,,,,,,,,,,,,,,,,,,,,,,,,,
🇺🇸,doogile,0,0,8:46.578,8:47.860,20 Aug 2023,998,(U),4103179370625614995,,,https://www.youtube.com/watch?v=uDN8xoI81Ys,8,47,860,527860,,,410359,1.286337085,465828,1.133165031,-0.0005,0.6071,1.299560486,51.6095,85.0047,347.8831,4.19338,,,,,,,,,,,,,,,,,,,,,,,,,,,,,,,,,,,,,,,,,,,,,,,,,,,,,,,--,,,,,,,,,,,,,,,,,,,,,,,,,,,998,0,0,
🇳🇴,skycrab1,0,0,8:47.874,8:47.874,27 Nov 2024,533,(U),6699117318653298892,,,https://www.youtube.com/watch?v=5ukarnI5ByU&list=PLU3_fvoJ1GyMStiA29z37DUPtG47PvOJz&index=99,8,47,874,527874,,,410359,1.286371202,421494,1.252387934,-0.0005,0.7661,2.516251456,43.4835,56.7629,347.7650,4.19429,,,,,,,,,,,,,,,,,,,,,,,,,,,,,,,,,,,,,,,,,,,,,,,,,,,,,,,--,,,,,,,,,,,,,,,,,,,,,,,,,,,533,0.0000002654222985,0.0001506613378,
🇩🇰,Bloopy,0,0,8:47.901,8:47.901,22 Sep 2024,599,(U),3928864958060769511,,,https://www.youtube.com/watch?v=aNxuLYPmOdo,8,47,901,527901,,,410359,1.286436998,421494,1.252451992,-0.0005,0.7412,2.517116704,42.0584,56.7445,347.5373,4.19604,,,,,,,,,,,,,,,,,,,,,,,,,,,,,,,,,,,,,,,,,,,,,,,,,,,,,,,--,,,,,,,,,,,,,,,,,,,,,,,,,,,599,0.0000000004635161444,0.0000002630200149,
🇨🇦,silverr,0,1,8:46.965,8:47.927,22 Oct 2022,1300,(V),2855607942042314683,,,https://www.speedrun.com/mc/runs/zgq688ey,8,47,927,527927,,,410359,1.286500357,517884,1.019392374,-0.0005,0.5220,0.6719521086,51.5352,98.7177,347.3180,4.19772,,,,,,,,,,,,,,,,,,,,,,,,,,,,,,,,,,,,,,,,,,,,,,,,,,,,,,,--,,,,,,,,,,,,,,,,,,,,,,,,,,,1300,0,0,
🇺🇸,doogile,0,0,8:46.669,8:48.064,10 Dec 2023,886,(U),-842020506674052183,,,https://www.youtube.com/watch?v=lirP0lAFhMI,8,48,64,528064,,,410359,1.286834211,446254,1.183326088,-0.0005,0.6421,1.724430288,48.0335,74.8060,346.1632,4.20661,,,,,,,,,,,,,,,,,,,,,,,,,,,,,,,,,,,,,,,,,,,,,,,,,,,,,,,--,,,,,,,,,,,,,,,,,,,,,,,,,,,886,0,0,
🇺🇸,doogile,0,0,8:48.089,8:48.089,23 Jul 2024,660,(U),-8431738247847193587,,,https://www.youtube.com/watch?v=RMvtU2KWgYM,8,48,89,528089,,,410359,1.286895133,421494,1.252898025,-0.0005,0.7189,2.523148755,40.7030,56.6166,345.9526,4.20824,,,,,,,,,,,,,,,,,,,,,,,,,,,,,,,,,,,,,,,,,,,,,,,,,,,,,,,--,,,,,,,,,,,,,,,,,,,,,,,,,,,660,0,0.0000000001849913512,
🇳🇴,skycrab1,0,0,8:48.272,8:48.272,07 Feb 2026,96,(U),unknown,,,https://www.youtube.com/watch?v=mNshDsaAVzc&list=PLU3_fvoJ1GyMStiA29z37DUPtG47PvOJz&index=169,8,48,272,528272,,,410359,1.287341084,410359,1.287341084,-0.0005,0.9531,3.029715247,44.3418,46.5221,344.4115,4.22014,,,,,,,,,,,,,,,,,,,,,,,,,,,,,,,,,,,,,,,,,,,,,,,,,,,,,,,,,,,,,,,,,,,,,,,,,,,,,,,,,,96,0.9153272751,425.8296933,
🇨🇦,NoHacsJustRoblox,0,0,8:48.505,8:48.505,08 May 2024,736,(U),unknown,,,https://www.youtube.com/watch?v=5UDUfLkhEoQ,8,48,505,528505,,,410359,1.28790888,421494,1.25388499,-0.0005,0.6921,2.536542154,38.9892,56.3333,342.4518,4.23534,,,,,,,,,,,,,,,,,,,,,,,,,,,,,,,,,,,,,,,,,,,,,,,,,,,,,,,--,,,,,,,,,,,,,,,,,,,,,,,,,,,736,0,0,
🇩🇰,Bloopy,0,0,8:48.509,8:48.509,06 Apr 2026,38,(U),5863096878600780723,,,https://www.youtube.com/watch?v=VfwUs71-gkQ,8,48,509,528509,,,410359,1.287918627,410359,1.287918627,-0.0005,0.9812,3.038928199,45.4784,46.3508,342.4181,4.23560,,,,,,,,,,,,,,,,,,,,,,,,,,,,,,,,,,,,,,,,,,,,,,,,,,,,,,,,,,,,,,,,,,,,,,,,,,,,,,,,,,38,0.9945278272,460.9713215,
🇳🇴,skycrab1,0,0,8:48.529,8:48.529,03 Feb 2025,465,(U),2881897363802283355,,,https://www.youtube.com/watch?v=-3u6nTAXcUM&list=PLU3_fvoJ1GyMStiA29z37DUPtG47PvOJz&index=114,8,48,529,528529,,,410359,1.287967365,421494,1.25394193,-0.0005,0.7925,2.537316782,44.6340,56.3169,342.2501,4.23691,,,,,,,,,,,,,,,,,,,,,,,,,,,,,,,,,,,,,,,,,,,,,,,,,,,,,,,--,,,,,,,,,,,,,,,,,,,,,,,,,,,465,0.00004299346201,0.02421260172,
🇳🇴,skycrab1,0,0,8:48.873,8:48.873,10 Dec 2024,520,(U),2315176208545760284,,,https://www.youtube.com/watch?v=_u3kwy8rXbI&list=PLU3_fvoJ1GyMStiA29z37DUPtG47PvOJz&index=102,8,48,873,528873,,,410359,1.288805656,421494,1.254758075,-0.0005,0.7711,2.548443004,43.2423,56.0823,339.3619,4.25944,,,,,,,,,,,,,,,,,,,,,,,,,,,,,,,,,,,,,,,,,,,,,,,,,,,,,,,--,,,,,,,,,,,,,,,,,,,,,,,,,,,520,0.0000007824780234,0.0004388313121,
🇺🇸,zylenox,0,0,8:45.820,8:48.997,15 Oct 2025,211,(U),unknown,,,https://www.youtube.com/watch?v=V6zCvGFaLyo,8,48,997,528997,,,410359,1.28910783,410359,1.28910783,-0.0005,0.8999,3.057976561,41.3923,45.9979,338.3222,4.26759,,,,,,,,,,,,,,,,,,,,,,,,,,,,,,,,,,,,,,,,,,,,,,,,,,,,,,,,,,,,,,,,,,,,,,,,,,,,,,,,,,,,,
🇫🇮,sadekeppi,0,0,8:49.348,8:49.348,19 Feb 2026,84,(U),unknown,,,https://www.youtube.com/watch?v=DQEdLEhfIcw,8,49,348,529348,,,410359,1.289963179,410359,1.289963179,-0.0005,0.9589,3.071742672,43.8626,45.7441,335.3835,4.29074,,,,,,,,,,,,,,,,,,,,,,,,,,,,,,,,,,,,,,,,,,,,,,,,,,,,,,,,,,,,,,,,,,,,,,,,,,,,,,,,,,,,,
🇳🇴,skycrab1,0,0,8:49.409,8:49.409,28 May 2025,351,(U),unknown,,,https://www.youtube.com/watch?v=xyDX6i-JbRU&list=PLU3_fvoJ1GyMStiA29z37DUPtG47PvOJz&index=128,8,49,409,529409,,,410359,1.290111829,421494,1.256029742,-0.0005,0.8390,2.565865971,46.7478,55.7159,334.8734,4.29477,,,,,,,,,,,,,,,,,,,,,,,,,,,,,,,,,,,,,,,,,,,,,,,,,,,,,,,--,,,,,,,,,,,,,,,,,,,,,,,,,,,351,0.01324208717,7.377953403,
🇳🇴,skycrab1,0,0,8:49.441,8:49.441,06 Mar 2026,69,(U),unknown,,,https://www.youtube.com/watch?v=IpU2pIs3HGI&list=PLU3_fvoJ1GyMStiA29z37DUPtG47PvOJz&index=163,8,49,441,529441,,,410359,1.290189809,410359,1.290189809,-0.0005,0.9661,3.075399292,44.1279,45.6768,334.6059,4.29689,,,,,,,,,,,,,,,,,,,,,,,,,,,,,,,,,,,,,,,,,,,,,,,,,,,,,,,,,,,,,,,,,,,,,,,,,,,,,,,,,,69,0.9676828303,442.0068602,
🇵🇱,watermelon1708,0,0,8:45.180,8:49.596,22 Dec 2025,143,(U),see video,,,https://www.youtube.com/watch?v=oDrlzG59d00,8,49,596,529596,,,410359,1.290567527,410359,1.290567527,-0.0005,0.9310,3.081502229,42.4206,45.5647,333.3109,4.30716,,,,,,,,,,,,,,,,,,,,,,,,,,,,,,,,,,,,,,,,,,,,,,,,,,,,,,,--,,,,,,,,,,,,,,,,,,,,,,,,,,,143,0.7464544365,340.120044,
🇳🇴,skycrab1,0,0,8:49.496,8:49.628,07 Feb 2026,96,(U),unknown,,,https://www.youtube.com/watch?v=9i8Wohwq8no&list=PLU3_fvoJ1GyMStiA29z37DUPtG47PvOJz&index=168,8,49,628,529628,,,410359,1.290645508,410359,1.290645508,-0.0005,0.9531,3.082763525,43.4072,45.5416,333.0437,4.30928,,,,,,,,,,,,,,,,,,,,,,,,,,,,,,,,,,,,,,,,,,,,,,,,,,,,,,,,,,,,,,,,,,,,,,,,,,,,,,,,,,96,0.9153272751,416.8547027,
🇺🇸,Feinberg,0,1,8:49.295,8:49.902,17 Apr 2025,392,(V),1158649802805325651,,,https://www.speedrun.com/mc/runs/m7erj55z,8,49,902,529902,,,410359,1.291313216,421494,1.257199391,-0.0005,0.8220,2.581984914,45.5217,55.3783,330.7581,4.32750,,,,,,,,,,,,,,,,,,,,,,,,,,,,,,,,,,,,,,,,,,,,,,,,,,,,,,,,,,,,,,,,,,,,,,,,,,,,,,,,,,,,,
🇳🇴,skycrab1,0,0,8:49.936,8:49.936,08 Nov 2025,187,(U),see video,,,https://www.youtube.com/watch?v=5haOUDeGf-A&list=PLU3_fvoJ1GyMStiA29z37DUPtG47PvOJz&index=149,8,49,936,529936,,,410359,1.29139607,410359,1.29139607,-0.0005,0.9107,3.094926909,41.2736,45.3189,330.4748,4.32977,,,,,,,,,,,,,,,,,,,,,,,,,,,,,,,,,,,,,,,,,,,,,,,,,,,,,,,--,,,,,,,,,,,,,,,,,,,,,,,,,,,187,0.5200032071,235.6595854,
🇺🇸,meebie,0,0,8:48.596,8:50.051,03 Sep 2023,984,(U),7299498132050335302,15,Yes,https://www.youtube.com/watch?v=LMy95QFL1VM,8,50,51,530051,,,410359,1.291676313,465828,1.137868484,-0.0005,0.6114,1.334850792,51.4580,84.1638,329.5169,4.33744,,,,,,,,,,,,,,,,,,,,,,,,,,,,,,,,,,,,,,,,,,,,,,,,,,,,,,,--,,,,,,,,,,,,,,,,,,,,,,,,,,,984,0,0,
🇫🇮,sadekeppi,0,0,8:50.468,8:50.468,30 Dec 2025,135,(U),unknown,,,https://www.youtube.com/watch?v=eoU6uHpwlCc,8,50,468,530468,,,410359,1.292692496,410359,1.292692496,-0.0005,0.9347,3.11603654,42.0012,44.9342,326.0497,4.36535,,,,,,,,,,,,,,,,,,,,,,,,,,,,,,,,,,,,,,,,,,,,,,,,,,,,,,,,,,,,,,,,,,,,,,,,,,,,,,,,,,,,,
🇸🇰,NoFear1337,0,0,8:50.451,8:50.501,19 Oct 2023,938,(U),unknown,,,https://www.youtube.com/watch?v=Wq1CcMWfAsY,8,50,501,530501,,,410359,1.292772913,465828,1.138834505,-0.0005,0.6256,1.342208011,52.5453,83.9882,325.7757,4.36757,,,,,,,,,,,,,,,,,,,,,,,,,,,,,,,,,,,,,,,,,,,,,,,,,,,,,,,--,,,,,,,,,,,,,,,,,,,,,,,,,,,938,0,0,
🇨🇦,Aquacorde,0,0,8:50.506,8:50.506,19 Jul 2025,299,(U),-7616555443413747711,,,https://www.youtube.com/watch?v=68HoZv27LzI,8,50,506,530506,,,410359,1.292785098,410359,1.292785098,-0.0005,0.8611,3.117549239,38.6709,44.9067,325.7342,4.36791,,,,,,,,,,,,,,,,,,,,,,,,,,,,,,,,,,,,,,,,,,,,,,,,,,,,,,,--,,,,,,,,,,,,,,,,,,,,,,,,,,,299,0.06903857311,31.00294564,
🇺🇸,Reignex,0,0,8:50.578,8:50.578,30 Sep 2023,957,(U),unknown,,,https://www.youtube.com/watch?v=z1feRpPuykI,8,50,578,530578,,,410359,1.292960554,465828,1.138999803,-0.0005,0.6197,1.343470669,52.0298,83.9580,325.1367,4.37275,,,,,,,,,,,,,,,,,,,,,,,,,,,,,,,,,,,,,,,,,,,,,,,,,,,,,,,,,,,,,,,,,,,,,,,,,,,,,,,,,,,,,
🇳🇴,skycrab1,0,0,8:50.803,8:50.803,05 May 2025,374,(U),unknown,,,https://www.youtube.com/watch?v=yXdhGgJyuoQ&list=PLU3_fvoJ1GyMStiA29z37DUPtG47PvOJz&index=119,8,50,803,530803,,,410359,1.293508854,421494,1.259337025,-0.0005,0.8294,2.611677112,45.4201,54.7598,323.2713,4.38790,,,,,,,,,,,,,,,,,,,,,,,,,,,,,,,,,,,,,,,,,,,,,,,,,,,,,,,--,,,,,,,,,,,,,,,,,,,,,,,,,,,374,0.005346236626,2.927586128,
🇳🇴,skycrab1,0,0,8:50.545,8:51.236,10 Aug 2024,642,(U),-3197286302200123556,,,https://www.youtube.com/watch?v=k1eYrv60vEg&list=PLU3_fvoJ1GyMStiA29z37DUPtG47PvOJz&index=50,8,51,236,531236,,,410359,1.294564028,421494,1.260364323,-0.0005,0.7254,2.626054479,39.5078,54.4618,319.6897,4.41719,,,,,,,,,,,,,,,,,,,,,,,,,,,,,,,,,,,,,,,,,,,,,,,,,,,,,,,--,,,,,,,,,,,,,,,,,,,,,,,,,,,642,0,0.000000001754916267,
🇸🇪,PAPLERR,0,0,8:51.820,8:51.820,22 May 2024,722,(U),unknown,,,https://www.youtube.com/watch?v=HxHftENNd5g,8,51,820,531820,,,410359,1.295987172,421494,1.261749871,-0.0005,0.6970,2.645557354,37.6781,54.0592,314.8767,4.45698,,,,,,,,,,,,,,,,,,,,,,,,,,,,,,,,,,,,,,,,,,,,,,,,,,,,,,,,,,,,,,,,,,,,,,,,,,,,,,,,,,,,,
🇨🇦,NoHacsJustRoblox,0,0,8:51.843,8:52.318,01 Dec 2024,529,(U),unknown,,,https://www.youtube.com/watch?v=Z6z82Y5kP4k,8,52,318,532318,,,410359,1.297200744,421494,1.262931382,-0.0005,0.7676,2.662290047,41.2313,53.7153,310.7891,4.49117,,,,,,,,,,,,,,,,,,,,,,,,,,,,,,,,,,,,,,,,,,,,,,,,,,,,,,,--,,,,,,,,,,,,,,,,,,,,,,,,,,,529,0.0000003722914208,0.000199977307,
🇿🇦,Airpodsz,0,0,8:52.362,8:52.362,16 Jun 2025,332,(U),-3727821509649303195,,,https://www.youtube.com/watch?v=nUrWuk_QNM8&list=PLjW0OIc7zcEcqLcQwe9V6NfJUy0AUDomQ&index=12,8,52,362,532362,,,410359,1.297307967,410359,1.297307967,-0.0005,0.8470,3.192228655,36.9018,43.5653,310.4287,4.49420,,,,,,,,,,,,,,,,,,,,,,,,,,,,,,,,,,,,,,,,,,,,,,,,,,,,,,,,,,,,,,,,,,,,,,,,,,,,,,,,,,,,,
🇺🇸,doogile,0,0,8:51.678,8:52.413,10 Dec 2023,886,(U),-5260994394316547335,,,https://www.youtube.com/watch?v=OW5kwKZPOzU,8,52,413,532413,,,410359,1.297432248,446254,1.193071659,-0.0005,0.6421,1.820424858,46.5631,72.5161,310.0111,4.49772,,,,,,,,,,,,,,,,,,,,,,,,,,,,,,,,,,,,,,,,,,,,,,,,,,,,,,,--,,,,,,,,,,,,,,,,,,,,,,,,,,,886,0,0,
🇸🇰,NoFear1337,0,0,8:51.877,8:53.246,20 Sep 2025,236,(U),unknown,,,https://www.youtube.com/watch?v=AEz9SIx1tgc,8,53,246,533246,,,410359,1.299462178,410359,1.299462178,-0.0005,0.8887,3.228351249,38.1491,42.9270,303.2143,4.55550,,,,,,,,,,,,,,,,,,,,,,,,,,,,,,,,,,,,,,,,,,,,,,,,,,,,,,,--,,,,,,,,,,,,,,,,,,,,,,,,,,,236,0.2686285792,115.3143125,
🇬🇧,priffie,0,0,8:52.479,8:53.487,08 Jun 2024,705,(U),unknown,,,https://www.youtube.com/watch?v=uBb7nm63URY,8,53,487,533487,,,410359,1.300049469,421494,1.26570485,-0.0005,0.7029,2.701939019,37.1891,52.9059,301.2565,4.57234,,,,,,,,,,,,,,,,,,,,,,,,,,,,,,,,,,,,,,,,,,,,,,,,,,,,,,,,,,,,,,,,,,,,,,,,,,,,,,,,,,,,,
🇸🇪,Greetings,0,1,8:48.832,8:53.598,13 Dec 2023,883,(V),-1991754109876931903,,,https://www.speedrun.com/mc/runs/z1klew9y,8,53,598,533598,,,410359,1.300319964,446254,1.195727097,-0.0005,0.6431,1.847408736,46.2212,71.8757,300.3561,4.58012,,,,,,,,,,,,,,,,,,,,,,,,,,,,,,,,,,,,,,,,,,,,,,,,,,,,,,,,,,,,,,,,,,,,,,,,,,,,,,,,,,,,,
🇩🇰,Bloopy,0,0,8:52.223,8:53.623,28 Feb 2026,75,(U),945686901685258779,,,https://www.youtube.com/watch?v=F4IAOLQREog,8,53,623,533623,,,410359,1.300380886,410359,1.300380886,-0.0005,0.9632,3.243866133,41.0851,42.6550,300.1535,4.58187,,,,,,,,,,,,,,,,,,,,,,,,,,,,,,,,,,,,,,,,,,,,,,,,,,,,,,,,,,,,,,,,,,,,,,,,,,,,,,,,,,75,0.9586900093,408.9295731,
🇺🇸,zylenox,0,0,8:49.318,8:53.683,06 Mar 2026,69,(U),unknown,,,https://www.youtube.com/watch?v=atLqoAAuits,8,53,683,533683,,,410359,1.300527099,410359,1.300527099,-0.0005,0.9661,3.246341418,41.1667,42.6118,299.6672,4.58608,,,,,,,,,,,,,,,,,,,,,,,,,,,,,,,,,,,,,,,,,,,,,,,,,,,,,,,,,,,,,,,,,,,,,,,,,,,,,,,,,,69,0.9676828303,412.3466595,
🇹🇿,Kxpow,0,0,8:51.774,8:53.737,11 Oct 2025,215,(U),-6043942058155624568,,,https://www.youtube.com/watch?v=FRGK0mq-lPk,8,53,737,533737,,,410359,1.300658692,410359,1.300658692,-0.0005,0.8981,3.248570603,38.2336,42.5728,299.2298,4.58987,,,,,,,,,,,,,,,,,,,,,,,,,,,,,,,,,,,,,,,,,,,,,,,,,,,,,,,,,,,,,,,,,,,,,,,,,,,,,,,,,,,,,
🇮🇱,orachi,0,0,8:50.653,8:54.005,30 Mar 2026,45,(U),unknown,,,https://www.youtube.com/watch?v=2ZzDiVnz1n0,8,54,5,534005,,,410359,1.301311778,410359,1.301311778,-0.0005,0.9778,3.259654008,41.4367,42.3795,297.0620,4.60873,,,,,,,,,,,,,,,,,,,,,,,,,,,,,,,,,,,,,,,,,,,,,,,,,,,,,,,,,,,,,,,,,,,,,,,,,,,,,,,,,,,,,
🇵🇱,watermelon1708,0,0,8:52.609,8:54.133,05 Nov 2025,190,(U),unknown,,,https://www.youtube.com/watch?v=x_zdSf7bhIg,8,54,133,534133,,,410359,1.3016237,410359,1.3016237,-0.0005,0.9094,3.264959364,38.4549,42.2873,296.0283,4.61776,,,,,,,,,,,,,,,,,,,,,,,,,,,,,,,,,,,,,,,,,,,,,,,,,,,,,,,--,,,,,,,,,,,,,,,,,,,,,,,,,,,190,0.5036367525,212.9742415,
🇳🇴,skycrab1,0,0,8:54.230,8:54.230,11 Nov 2024,549,(U),-2877178576147619973,,,https://www.youtube.com/watch?v=65224Q7ZkCQ&list=PLU3_fvoJ1GyMStiA29z37DUPtG47PvOJz&index=92,8,54,230,534230,,,410359,1.301860079,421494,1.267467627,-0.0005,0.7600,2.727411726,39.8139,52.3900,295.2458,4.62462,,,,,,,,,,,,,,,,,,,,,,,,,,,,,,,,,,,,,,,,,,,,,,,,,,,,,,,--,,,,,,,,,,,,,,,,,,,,,,,,,,,549,0.00000006512776376,0.00003412046371,
🇹🇿,Kxpow,0,0,8:53.387,8:54.313,24 May 2024,720,(U),3884560685979045965,,,https://www.youtube.com/watch?v=8VHwLAOXpXo,8,54,313,534313,,,410359,1.302062341,421494,1.267664546,-0.0005,0.6977,2.730270491,36.5110,52.3324,294.5768,4.63049,,,,,,,,,,,,,,,,,,,,,,,,,,,,,,,,,,,,,,,,,,,,,,,,,,,,,,,,,,,,,,,,,,,,,,,,,,,,,,,,,,,,,
🇮🇪,Corobo,0,1,8:53.731,8:54.386,30 Apr 2023,1110,(V),1354172977527206994,,,https://www.speedrun.com/mc/run/y62775qz,8,54,386,534386,,,410359,1.302240234,465828,1.147174494,-0.0005,0.5741,1.407303369,47.3206,82.4296,293.9887,4.63566,,,,,,,,,,,,,,,,,,,,,,,,,,,,,,,,,,,,,,,,,,,,,,,,,,,,,,,,,,,,,,,,,,,,,,,,,,,,,,,,,,,,,
🇺🇸,zylenox,0,0,8:52.432,8:54.500,24 May 2024,720,(U),unknown,,,https://www.youtube.com/watch?v=JuW_FPDArQw,8,54,500,534500,,,410359,1.302518039,421494,1.268108206,-0.0005,0.6977,2.736721094,36.4203,52.2023,293.0712,4.64375,,,,,,,,,,,,,,,,,,,,,,,,,,,,,,,,,,,,,,,,,,,,,,,,,,,,,,,,,,,,,,,,,,,,,,,,,,,,,,,,,,,,,
🇫🇮,sadekeppi,0,0,8:55.010,8:55.010,20 Dec 2025,145,(U),unknown,,,https://www.youtube.com/watch?v=j2ynm5Ra1MU,8,55,10,535010,,,410359,1.303760853,410359,1.303760853,-0.0005,0.9301,3.301515154,38.7423,41.6555,288.9780,4.68008,,,,,,,,,,,,,,,,,,,,,,,,,,,,,,,,,,,,,,,,,,,,,,,,,,,,,,,,,,,,,,,,,,,,,,,,,,,,,,,,,,145,0.7372247358,307.0945892,
🇳🇴,skycrab1,0,0,8:53.059,8:55.075,17 Jun 2024,696,(U),-1214553875519321530,,,https://www.youtube.com/watch?v=UbiUU4PS8Yg&list=PLU3_fvoJ1GyMStiA29z37DUPtG47PvOJz&index=34,8,55,75,535075,,,410359,1.303919251,421494,1.269472401,-0.0005,0.7061,2.75664086,36.5774,51.8022,288.4577,4.68473,,,,,,,,,,,,,,,,,,,,,,,,,,,,,,,,,,,,,,,,,,,,,,,,,,,,,,,--,,,,,,,,,,,,,,,,,,,,,,,,,,,696,0,0,
🇸🇪,Greetings,0,1,8:51.442,8:55.091,16 Oct 2023,941,(V),-998303849944798184,,,https://www.speedrun.com/mc/runs/y6q69wpz,8,55,91,535091,,,410359,1.303958241,465828,1.148687928,-0.0005,0.6247,1.419424069,51.3112,82.1387,288.3297,4.68587,,,,,,,,,,,,,,,,,,,,,,,,,,,,,,,,,,,,,,,,,,,,,,,,,,,,,,,,,,,,,,,,,,,,,,,,,,,,,,,,,,,,,
🇺🇸,pizu,0,1,8:54.022,8:55.184,24 May 2025,355,(V),7703092344048773038,,,https://www.speedrun.com/mc/runs/mkw8dklm,8,55,184,535184,,,410359,1.304184872,421494,1.269731004,-0.0005,0.8374,2.760431461,43.3135,51.7262,287.5859,4.69253,,,,,,,,,,,,,,,,,,,,,,,,,,,,,,,,,,,,,,,,,,,,,,,,,,,,,,,,,,,,,,,,,,,,,,,,,,,,,,,,,,,,,
🇳🇴,skycrab1,0,0,8:55.209,8:55.494,29 Apr 2025,380,(U),unknown,,,https://www.youtube.com/watch?v=Jv4hwkbrykA&list=PLU3_fvoJ1GyMStiA29z37DUPtG47PvOJz&index=118,8,55,494,535494,,,410359,1.304940308,421494,1.270466484,-0.0005,0.8270,2.771237424,42.5968,51.5102,285.1113,4.71479,,,,,,,,,,,,,,,,,,,,,,,,,,,,,,,,,,,,,,,,,,,,,,,,,,,,,,,--,,,,,,,,,,,,,,,,,,,,,,,,,,,380,0.004139418334,2.132222757,
🇮🇹,Ale267,0,1,8:53.440,8:55.565,10 Dec 2023,886,(V),2654444086800961845,,,https://www.speedrun.com/mc/runs/y4kok52m,8,55,565,535565,,,410359,1.305113328,446254,1.200134901,-0.0005,0.6421,1.893000716,45.4595,70.7974,284.5456,4.71990,,,,,,,,,,,,,,,,,,,,,,,,,,,,,,,,,,,,,,,,,,,,,,,,,,,,,,,,,,,,,,,,,,,,,,,,,,,,,,,,,,,,,
🇺🇸,Feinberg,0,0,8:55.644,8:55.644,23 Apr 2025,386,(U),5199559453196523459,,,https://www.youtube.com/watch?v=3fE6RVy2Hns,8,55,644,535644,,,410359,1.305305842,421494,1.27082236,-0.0005,0.8245,2.776479606,42.3830,51.4056,283.9165,4.72559,,,,,,,,,,,,,,,,,,,,,,,,,,,,,,,,,,,,,,,,,,,,,,,,,,,,,,,,,,,,,,,,,,,,,,,,,,,,,,,,,,,,,
🇵🇱,kazzruns,0,1,8:55.715,8:55.971,13 Nov 2024,547,(V),-8462465597101337145,,,https://www.speedrun.com/mc/runs/y9dr7oem,8,55,971,535971,,,410359,1.306102705,421494,1.271598172,-0.0005,0.7607,2.787938138,38.9313,51.1775,281.3179,4.74923,,,,,,,,,,,,,,,,,,,,,,,,,,,,,,,,,,,,,,,,,,,,,,,,,,,,,,,,,,,,,,,,,,,,,,,,,,,,,,,,,,547,0.0000000779863286,0.0000399114424,
🇺🇸,doogile,0,0,8:56.053,8:56.053,24 Mar 2025,416,(U),-4743958313443045268,,,https://www.youtube.com/watch?v=MOF0Iu9SBKo,8,56,53,536053,,,410359,1.30630253,421494,1.271792718,-0.0005,0.8122,2.790818116,41.5202,51.1203,280.6676,4.75517,,,,,,,,,,,,,,,,,,,,,,,,,,,,,,,,,,,,,,,,,,,,,,,,,,,,,,,--,,,,,,,,,,,,,,,,,,,,,,,,,,,416,0.0007472359196,0.3819889003,
🇺🇸,Crimson,0,1,8:54.994,8:56.208,17 May 2023,1093,(V),3901188098282843839,,,https://www.speedrun.com/mc/run/m3q1wlgy,8,56,208,536208,,,410359,1.306680248,465828,1.151085808,-0.0005,0.5790,1.438825272,47.2862,81.6727,279.4397,4.76642,,,,,,,,,,,,,,,,,,,,,,,,,,,,,,,,,,,,,,,,,,,,,,,,,,,,,,,,,,,,,,,,,,,,,,,,,,,,,,,,,,,,,
🇫🇮,megelimc,0,1,8:53.668,8:56.251,03 Aug 2023,1015,(V),4759173544729623169,,,https://www.speedrun.com/mc/run/zqjp6wrm,8,56,251,536251,,,410359,1.306785035,465828,1.151178117,-0.0005,0.6020,1.439577002,49.1560,81.6546,279.0994,4.76955,,,,,,,,,,,,,,,,,,,,,,,,,,,,,,,,,,,,,,,,,,,,,,,,,,,,,,,,,,,,,,,,,,,,,,,,,,,,,,,,,,,,,
🇮🇱,Ranik_,0,1,8:46.425,8:56.260,09 Sep 2024,612,(V),-6541623548531621549,,,https://www.speedrun.com/mc/runs/y6eo9opz,8,56,260,536260,,,410359,1.306806967,421494,1.272283828,-0.0005,0.7364,2.798100073,37.5378,50.9757,279.0282,4.77020,,,,,,,,,,,,,,,,,,,,,,,,,,,,,,,,,,,,,,,,,,,,,,,,,,,,,,,,,,,,,,,,,,,,,,,,,,,,,,,,,,,,,
🇸🇰,NoFear1337,0,0,8:55.940,8:56.651,09 Sep 2024,612,(U),unknown,,,https://www.youtube.com/watch?v=OFKGxnx2P38&list=PLaTJSsRuu2UeeWabBBfNVWALvnefBoL2C&index=12,8,56,651,536651,,,410359,1.307759791,421494,1.273211481,-0.0005,0.7364,2.811900977,37.3367,50.7026,275.9409,4.79871,,,,,,,,,,,,,,,,,,,,,,,,,,,,,,,,,,,,,,,,,,,,,,,,,,,,,,,--,,,,,,,,,,,,,,,,,,,,,,,,,,,612,0.0000000001109332108,0.00000005624599902,
🇸🇰,NoFear1337,0,0,8:55.740,8:56.923,27 Mar 2024,778,(U),unknown,,,https://www.youtube.com/watch?v=NMjC1md2rGE&list=PLaTJSsRuu2UeeWabBBfNVWALvnefBoL2C&index=8,8,56,923,536923,,,410359,1.308422625,421494,1.273856805,-0.0005,0.6777,2.821537253,34.2340,50.5124,273.8004,4.81863,,,,,,,,,,,,,,,,,,,,,,,,,,,,,,,,,,,,,,,,,,,,,,,,,,,,,,,--,,,,,,,,,,,,,,,,,,,,,,,,,,,778,0,0,
🇹🇿,Kxpow,0,0,8:55.272,8:57.094,20 Jan 2024,845,(U),7446084260793059276,,,https://www.youtube.com/watch?v=_47g7wdLm7w,8,57,94,537094,,,410359,1.308839333,421494,1.274262504,-0.0005,0.6554,2.827610367,33.0278,50.3928,272.4578,4.83120,,,,,,,,,,,,,,,,,,,,,,,,,,,,,,,,,,,,,,,,,,,,,,,,,,,,,,,,,,,,,,,,,,,,,,,,,,,,,,,,,,,,,
🇺🇸,Reignex,0,0,8:57.103,8:57.103,04 Jul 2023,1045,(U),unknown,,,https://www.youtube.com/watch?v=zJuRWv35UOg,8,57,103,537103,,,410359,1.308861265,465828,1.153007119,-0.0005,0.5930,1.454546518,48.2107,81.2947,272.3872,4.83186,,,,,,,,,,,,,,,,,,,,,,,,,,,,,,,,,,,,,,,,,,,,,,,,,,,,,,,,,,,,,,,,,,,,,,,,,,,,,,,,,,,,,
🇩🇰,Bloopy,0,0,8:57.348,8:57.348,14 Mar 2026,61,(U),4967329614795166163,,,https://www.youtube.com/watch?v=fcX2MP-_y2E,8,57,348,537348,,,410359,1.309458304,410359,1.309458304,-0.0005,0.9700,3.400743085,38.7753,39.9762,270.4679,4.84991,,,,,,,,,,,,,,,,,,,,,,,,,,,,,,,,,,,,,,,,,,,,,,,,,,,,,,,,,,,,,,,,,,,,,,,,,,,,,,,,,,61,0.9775575639,390.7901781,
🇿🇦,Airpodsz,0,0,8:57.540,8:57.540,20 Mar 2026,55,(U),-2146193489695759329,,,https://www.youtube.com/watch?v=MuYlBvogeeU&list=PLjW0OIc7zcEcqLcQwe9V6NfJUy0AUDomQ&index=3,8,57,540,537540,,,410359,1.309926187,410359,1.309926187,-0.0005,0.9729,3.409007667,38.7580,39.8387,268.9674,4.86410,,,,,,,,,,,,,,,,,,,,,,,,,,,,,,,,,,,,,,,,,,,,,,,,,,,,,,,,,,,,,,,,,,,,,,,,,,,,,,,,,,,,,
🇨🇦,Aquacorde,0,1,8:57.720,8:57.720,25 Jul 2024,658,(V),3015905876303256572,,,https://www.speedrun.com/mc/runs/m3j14wdz,8,57,720,537720,,,410359,1.310364827,421494,1.275747697,-0.0005,0.7196,2.849942142,35.9496,49.9547,267.5634,4.87744,,,,,,,,,,,,,,,,,,,,,,,,,,,,,,,,,,,,,,,,,,,,,,,,,,,,,,,--,,,,,,,,,,,,,,,,,,,,,,,,,,,658,0,0.0000000002118104651,
🇺🇸,meebie,0,0,8:57.348,8:57.738,18 Aug 2024,634,(U),7618635482659477050,,,https://www.youtube.com/watch?v=IJsF0R7FLR0&list=PLaTJSsRuu2Ufk7cX7bUTt9V-IJxa8wqSM&index=15,8,57,738,537738,,,410359,1.310408691,421494,1.275790403,-0.0005,0.7283,2.850586581,36.3744,49.9421,267.4231,4.87877,,,,,,,,,,,,,,,,,,,,,,,,,,,,,,,,,,,,,,,,,,,,,,,,,,,,,,,,,,,,,,,,,,,,,,,,,,,,,,,,,,634,0,0.000000004274661854,
🇨🇦,Aquacorde,0,0,8:57.744,8:57.744,21 Jul 2025,297,(U),2089452302138806331,,,https://www.youtube.com/watch?v=4Cu-z1JTQKs,8,57,744,537744,,,410359,1.310423312,410359,1.310423312,-0.0005,0.8620,3.417808214,34.2150,39.6926,267.3764,4.87922,,,,,,,,,,,,,,,,,,,,,,,,,,,,,,,,,,,,,,,,,,,,,,,,,,,,,,,--,,,,,,,,,,,,,,,,,,,,,,,,,,,297,0.07281689329,28.90292387,
🇹🇿,Kxpow,0,0,8:55.692,8:57.890,05 May 2024,739,(U),-851024555308033013,,,https://www.youtube.com/watch?v=wCxU4ZJnPnM,8,57,890,537890,,,410359,1.310779098,421494,1.276151025,-0.0005,0.6911,2.85603367,34.4404,49.8356,266.2399,4.89006,,,,,,,,,,,,,,,,,,,,,,,,,,,,,,,,,,,,,,,,,,,,,,,,,,,,,,,,,,,,,,,,,,,,,,,,,,,,,,,,,,,,,
🇬🇧,priffie,0,0,8:57.964,8:57.964,01 Oct 2024,590,(U),unknown,,,https://www.youtube.com/watch?v=8xCnuc4E91k,8,57,964,537964,,,410359,1.310959428,421494,1.276326591,-0.0005,0.7445,2.858688888,37.0656,49.7838,265.6645,4.89557,,,,,,,,,,,,,,,,,,,,,,,,,,,,,,,,,,,,,,,,,,,,,,,,,,,,,,,,,,,,,,,,,,,,,,,,,,,,,,,,,,,,,
🇺🇸,zylenox,0,0,8:56.538,8:58.136,09 Aug 2024,643,(U),unknown,,,https://www.youtube.com/watch?v=4YjWJ1kyVxA,8,58,136,538136,,,410359,1.311378573,421494,1.276734663,-0.0005,0.7251,2.864868946,36.0089,49.6633,264.3290,4.90839,,,,,,,,,,,,,,,,,,,,,,,,,,,,,,,,,,,,,,,,,,,,,,,,,,,,,,,,,,,,,,,,,,,,,,,,,,,,,,,,,,,,,
🇺🇸,zylenox,0,0,8:54.786,8:58.157,03 Dec 2024,527,(U),unknown,,,https://www.youtube.com/watch?v=3Lmg1lVyC00,8,58,157,538157,,,410359,1.311429748,421494,1.276784486,-0.0005,0.7684,2.8656243,38.1479,49.6486,264.1662,4.90995,,,,,,,,,,,,,,,,,,,,,,,,,,,,,,,,,,,,,,,,,,,,,,,,,,,,,,,,,,,,,,,,,,,,,,,,,,,,,,,,,,,,,
🇺🇸,zylenox,0,0,8:53.590,8:58.403,15 Apr 2024,759,(U),unknown,,,https://www.youtube.com/watch?v=pcKBj1_i-gM,8,58,403,538403,,,410359,1.312029223,#REF!,#REF!,-0.0005,0.6842,#REF!,#REF!,#REF!,262.2610,4.92835,,,,,,,,,,,,,,,,,,,,,,,,,,,,,,,,,,,,,,,,,,,,,,,,,,,,,,,,,,,,,,,,,,,,,,,,,,,,,,,,,,,,,
🇳🇴,xzeroxy,0,1,8:59.230,8:59.230,03 Dec 2024,527,(V),5478553775963038982,,,https://www.speedrun.com/mc/runs/y6g3kk6m,8,59,230,539230,,,410359,1.314044532,421494,1.279330192,-0.0005,0.7684,2.904455477,37.5696,48.8960,255.8950,4.99062,,,,,,,,,,,,,,,,,,,,,,,,,,,,,,,,,,,,,,,,,,,,,,,,,,,,,,,,,,,,,,,,,,,,,,,,,,,,,,,,,,,,,
🇳🇴,skycrab1,0,0,8:59.293,8:59.293,11 Sep 2024,610,(U),-6389114711842986192,,,https://www.youtube.com/watch?v=8hzE9Hw6gAU&list=PLU3_fvoJ1GyMStiA29z37DUPtG47PvOJz&index=67,8,59,293,539293,,,410359,1.314198056,421494,1.27947966,-0.0005,0.7371,2.906749857,36.0098,48.8518,255.4125,4.99540,,,,,,,,,,,,,,,,,,,,,,,,,,,,,,,,,,,,,,,,,,,,,,,,,,,,,,,--,,,,,,,,,,,,,,,,,,,,,,,,,,,610,0.0000000001387843259,0.00000006779866457,
🇩🇰,Bloopy,0,0,8:59.432,8:59.432,16 May 2025,363,(U),-18983467290883032,,,https://www.youtube.com/watch?v=514JjNvEQK4,8,59,432,539432,,,410359,1.314536784,421494,1.27980944,-0.0005,0.8340,2.911817752,40.6619,48.7542,254.3493,5.00594,,,,,,,,,,,,,,,,,,,,,,,,,,,,,,,,,,,,,,,,,,,,,,,,,,,,,,,--,,,,,,,,,,,,,,,,,,,,,,,,,,,363,0.008369051687,4.080267506,
🇺🇸,meebie,0,0,8:59.573,8:59.573,19 Nov 2023,907,(U),-1575876630213539597,12,Yes,https://www.youtube.com/watch?v=zJnvTxa-tIw,8,59,573,539573,,,410359,1.314880385,465828,1.158309505,-0.0005,0.6354,1.498757232,50.9788,80.2310,253.2726,5.01666,,,,,,,,,,,,,,,,,,,,,,,,,,,,,,,,,,,,,,,,,,,,,,,,,,,,,,,--,,,,,,,,,,,,,,,,,,,,,,,,,,,907,0,0,
🇬🇧,priffie,0,0,8:59.634,8:59.634,06 Jan 2025,493,(U),-1054620697924411104,,,https://www.youtube.com/watch?v=KOGQS3lFRgE,8,59,634,539634,,,410359,1.315029036,421494,1.280288687,-0.0005,0.7815,2.919196587,37.9921,48.6124,252.8073,5.02130,,,,,,,,,,,,,,,,,,,,,,,,,,,,,,,,,,,,,,,,,,,,,,,,,,,,,,,,,,,,,,,,,,,,,,,,,,,,,,,,,,,,,
🇹🇿,Kxpow,0,0,8:58.491,8:59.754,25 Apr 2025,384,(U),-7011577718832438866,,,https://www.youtube.com/watch?v=R37ovz0afsw,8,59,754,539754,,,410359,1.315321462,421494,1.280573389,-0.0005,0.8253,2.923587907,40.0506,48.5281,251.8930,5.03045,,,,,,,,,,,,,,,,,,,,,,,,,,,,,,,,,,,,,,,,,,,,,,,,,,,,,,,,,,,,,,,,,,,,,,,,,,,,,,,,,,,,,
🇩🇰,Bloopy,0,0,9:00.170,9:00.170,05 Oct 2024,586,(U),-5352242782529280836,,,https://www.youtube.com/watch?v=fRLq2qYkV40,9,0,170,540170,,,410359,1.316335209,421494,1.281560354,-0.0005,0.7460,2.938856573,35.9850,48.2359,248.7338,5.06227,,,,,,,,,,,,,,,,,,,,,,,,,,,,,,,,,,,,,,,,,,,,,,,,,,,,,,,--,,,,,,,,,,,,,,,,,,,,,,,,,,,586,0.000000001822593045,0.0000008791440732,
🇵🇱,okshey,0,0,9:00.060,9:00.305,15 Nov 2025,180,(U),unknown,,,https://www.youtube.com/watch?v=KsYm43TDgBw,9,0,305,540305,,,410359,1.316664189,410359,1.316664189,-0.0005,0.9139,3.530008295,34.6071,37.8662,247.7120,5.07263,,,,,,,,,,,,,,,,,,,,,,,,,,,,,,,,,,,,,,,,,,,,,,,,,,,,,,,,,,,,,,,,,,,,,,,,,,,,,,,,,,180,0.5581095554,211.3350998,
🇨🇦,Aquacorde,0,0,9:00.365,9:00.365,21 Aug 2024,631,(U),-3831818911159801954,,,https://www.youtube.com/watch?v=3dW5m8cUe6A,9,0,365,540365,,,410359,1.316810403,421494,1.282022994,-0.0005,0.7294,2.946038087,35.0845,48.0989,247.2584,5.07725,,,,,,,,,,,,,,,,,,,,,,,,,,,,,,,,,,,,,,,,,,,,,,,,,,,,,,,--,,,,,,,,,,,,,,,,,,,,,,,,,,,631,0,0.000000005901168555,
🇵🇱,watermelon1708,0,0,8:59.980,9:00.400,06 Dec 2025,159,(U),unknown,,,https://www.youtube.com/watch?v=NKfTh40LmXo,9,0,400,540400,,,410359,1.316895694,410359,1.316895694,-0.0005,0.9236,3.53423213,34.9101,37.7988,246.9940,5.07994,,,,,,,,,,,,,,,,,,,,,,,,,,,,,,,,,,,,,,,,,,,,,,,,,,,,,,,--,,,,,,,,,,,,,,,,,,,,,,,,,,,159,0.6690022203,252.8746179,
🇳🇴,skycrab1,0,0,9:00.416,9:00.416,18 Dec 2024,512,(U),-2825863056396066441,,,https://www.youtube.com/watch?v=QuzaLR4dZX0&list=PLU3_fvoJ1GyMStiA29z37DUPtG47PvOJz&index=104,9,0,416,540416,,,410359,1.316934684,421494,1.282143993,-0.0005,0.7741,2.947918896,37.2076,48.0630,246.8731,5.08117,,,,,,,,,,,,,,,,,,,,,,,,,,,,,,,,,,,,,,,,,,,,,,,,,,,,,,,--,,,,,,,,,,,,,,,,,,,,,,,,,,,512,0.000001482511721,0.0007125399155,
🇺🇸,Feinberg,0,1,8:57.718,9:00.487,15 Oct 2022,1307,(V),6318646588162790338,,,https://www.speedrun.com/mc/runs/z1gxnkrz,9,0,487,540487,,,410359,1.317107703,517884,1.043644909,-0.0005,0.5202,0.7742785069,50.3296,96.7464,246.3371,5.08664,,,,,,,,,,,,,,,,,,,,,,,,,,,,,,,,,,,,,,,,,,,,,,,,,,,,,,,,,,,,,,,,,,,,,,,,,,,,,,,,,,,,,
🇳🇴,skycrab1,0,0,8:59.994,9:00.517,15 Aug 2024,637,(U),6950286062050709827,,,https://www.youtube.com/watch?v=GdrxXjooUA4&list=PLU3_fvoJ1GyMStiA29z37DUPtG47PvOJz&index=56,9,0,517,540517,,,410359,1.31718081,421494,1.282383616,-0.0005,0.7272,2.95164678,34.9017,47.9920,246.1108,5.08895,,,,,,,,,,,,,,,,,,,,,,,,,,,,,,,,,,,,,,,,,,,,,,,,,,,,,,,--,,,,,,,,,,,,,,,,,,,,,,,,,,,637,0,0.000000002855938801,
🇨🇦,wethr,0,1,8:59.030,9:00.655,29 Aug 2024,623,(V),-2434861571968329619,,,https://www.speedrun.com/mc/runs/zpxdq3gm,9,0,655,540655,,,410359,1.317517101,421494,1.282711023,-0.0005,0.7323,2.956747085,35.0758,47.8950,245.0708,5.09959,,,,,,,,,,,,,,,,,,,,,,,,,,,,,,,,,,,,,,,,,,,,,,,,,,,,,,,,,,,,,,,,,,,,,,,,,,,,,,,,,,,,,
🇿🇦,Airpodsz,0,0,9:00.719,9:00.719,18 Jan 2026,116,(U),202293140077516834,,,https://www.youtube.com/watch?v=5CQDNMm5aWc&list=PLjW0OIc7zcEcCMM5essHmBGzf92S0FzKi&index=23,9,0,719,540719,,,410359,1.317673062,410359,1.317673062,-0.0005,0.9436,3.548447959,35.4552,37.5724,244.5891,5.10454,,,,,,,,,,,,,,,,,,,,,,,,,,,,,,,,,,,,,,,,,,,,,,,,,,,,,,,,,,,,,,,,,,,,,,,,,,,,,,,,,,,,,
🇸🇰,NoFear1337,0,0,8:57.699,9:00.720,14 Apr 2023,1126,(U),unknown,,,https://www.youtube.com/watch?v=HRrYCllMZvI,9,0,720,540720,,,410359,1.317675499,465828,1.160771787,-0.0005,0.5695,1.519704345,45.4042,79.7267,244.5816,5.10462,,,,,,,,,,,,,,,,,,,,,,,,,,,,,,,,,,,,,,,,,,,,,,,,,,,,,,,--,,,,,,,,,,,,,,,,,,,,,,,,,,,1126,0,0,
🇿🇦,Airpodsz,0,0,9:00.930,9:00.930,11 Dec 2025,154,(U),-6589365021336644663,,,https://www.youtube.com/watch?v=yl-ZE4j38zU&list=PLjW0OIc7zcEcCMM5essHmBGzf92S0FzKi&index=20,9,0,930,540930,,,410359,1.318187246,410359,1.318187246,-0.0005,0.9259,3.557878595,34.6494,37.4228,243.0038,5.12087,,,,,,,,,,,,,,,,,,,,,,,,,,,,,,,,,,,,,,,,,,,,,,,,,,,,,,,,,,,,,,,,,,,,,,,,,,,,,,,,,,,,,
🇫🇮,AndrewCrow,0,0,9:00.882,9:00.977,18 Feb 2026,85,(U),unknown,,,https://www.youtube.com/watch?v=fdNNViVWFV8,9,0,977,540977,,,410359,1.31830178,410359,1.31830178,-0.0005,0.9584,3.559982266,35.8337,37.3895,242.6512,5.12451,,,,,,,,,,,,,,,,,,,,,,,,,,,,,,,,,,,,,,,,,,,,,,,,,,,,,,,,,,,,,,,,,,,,,,,,,,,,,,,,,,85,0.9404352302,351.623744,
🇳🇴,skycrab1,0,1,8:59.353,9:01.102,05 Nov 2023,921,(V),-7277035047426370667,,,https://www.speedrun.com/mc/runs/yd2e770m,9,1,102,541102,,,410359,1.318606391,465828,1.161591832,-0.0005,0.6310,1.526740047,50.1981,79.5573,241.7146,5.13421,,,,,,,,,,,,,,,,,,,,,,,,,,,,,,,,,,,,,,,,,,,,,,,,,,,,,,,--,,,,,,,,,,,,,,,,,,,,,,,,,,,921,0,0,
🇺🇸,doogile,0,0,8:59.983,9:01.127,06 Oct 2023,951,(U),9195494537967252613,,,https://www.youtube.com/watch?v=lUWGWVc40zo,9,1,127,541127,,,410359,1.318667313,465828,1.1616455,-0.0005,0.6216,1.527201538,49.4439,79.5462,241.5275,5.13616,,,,,,,,,,,,,,,,,,,,,,,,,,,,,,,,,,,,,,,,,,,,,,,,,,,,,,,--,,,,,,,,,,,,,,,,,,,,,,,,,,,951,0,0,
🇩🇰,Bloopy,0,0,9:01.143,9:01.143,18 Jan 2025,481,(U),-7620737076103346510,,,https://www.youtube.com/watch?v=d9vkKsLySa0,9,1,143,541143,,,410359,1.318706304,421494,1.28386881,-0.0005,0.7862,2.97484571,37.3869,47.5519,241.4077,5.13740,,,,,,,,,,,,,,,,,,,,,,,,,,,,,,,,,,,,,,,,,,,,,,,,,,,,,,,--,,,,,,,,,,,,,,,,,,,,,,,,,,,481,0.00001468822949,0.006984531247,
🇺🇸,doogile,0,0,9:01.449,9:01.449,25 May 2024,719,(U),-7536657347809840728,,,https://www.youtube.com/watch?v=fqNFbLGUKeA,9,1,449,541449,,,410359,1.319451992,421494,1.284594799,-0.0005,0.6980,2.986244501,33.0422,47.3367,239.1225,5.16124,,,,,,,,,,,,,,,,,,,,,,,,,,,,,,,,,,,,,,,,,,,,,,,,,,,,,,,--,,,,,,,,,,,,,,,,,,,,,,,,,,,719,0,0,
🇩🇰,Bloopy,0,0,9:01.455,9:01.455,29 Jan 2025,470,(U),-3030095061520695931,,,https://www.youtube.com/watch?v=VGY1zOH0JTc,9,1,455,541455,,,410359,1.319466613,421494,1.284609034,-0.0005,0.7906,2.986468393,37.4197,47.3324,239.0777,5.16170,,,,,,,,,,,,,,,,,,,,,,,,,,,,,,,,,,,,,,,,,,,,,,,,,,,,,,,--,,,,,,,,,,,,,,,,,,,,,,,,,,,470,0.0000309759333,0.01466166632,
🇵🇱,watermelon1708,0,0,8:59.859,9:01.423,25 Dec 2025,140,(U),see video,,,https://www.youtube.com/watch?v=cE3J7k4Sshc,9,1,423,541423,,,410359,1.319388633,410359,1.319388633,-0.0005,0.9324,3.579999417,34.5673,37.0737,239.3163,5.15921,,,,,,,,,,,,,,,,,,,,,,,,,,,,,,,,,,,,,,,,,,,,,,,,,,,,,,,--,,,,,,,,,,,,,,,,,,,,,,,,,,,140,0.7600280032,281.7703308,
🇵🇱,watermelon1708,0,0,8:57.165,9:01.510,21 Oct 2025,205,(U),unknown,,,https://www.youtube.com/watch?v=bgofOfS1s1A,9,1,510,541510,,,410359,1.319600642,410359,1.319600642,-0.0005,0.9026,3.583915655,33.4063,37.0121,238.6680,5.16600,,,,,,,,,,,,,,,,,,,,,,,,,,,,,,,,,,,,,,,,,,,,,,,,,,,,,,,--,,,,,,,,,,,,,,,,,,,,,,,,,,,205,0.4225225334,156.3846233,
🇺🇸,Feinberg,0,0,9:01.535,9:01.535,02 May 2023,1108,(U),7702150658606563994,,,https://www.youtube.com/watch?v=2iCRD8BHCck,9,1,535,541535,,,410359,1.319661565,465828,1.16252136,-0.0005,0.5746,1.534751188,45.6065,79.3644,238.4818,5.16795,,,,,,,,,,,,,,,,,,,,,,,,,,,,,,,,,,,,,,,,,,,,,,,,,,,,,,,,,,,,,,,,,,,,,,,,,,,,,,,,,,,,,
🇳🇴,skycrab1,0,0,9:01.581,9:01.581,24 Oct 2024,567,(U),5396784990910154852,,,https://www.youtube.com/watch?v=7QvmYogun44&list=PLU3_fvoJ1GyMStiA29z37DUPtG47PvOJz&index=88,9,1,581,541581,,,410359,1.319773662,421494,1.28490797,-0.0005,0.7531,2.991173573,35.5813,47.2438,238.1395,5.17155,,,,,,,,,,,,,,,,,,,,,,,,,,,,,,,,,,,,,,,,,,,,,,,,,,,,,,,--,,,,,,,,,,,,,,,,,,,,,,,,,,,567,0.00000001211978858,0.000005725849464,
🇨🇦,NoHacsJustRoblox,0,0,9:00.675,9:01.646,03 Sep 2024,618,(U),7108735323901756884,,,https://www.youtube.com/watch?v=1F8ZBRB354Y,9,1,646,541646,,,410359,1.319932059,421494,1.285062184,-0.0005,0.7342,2.993603418,34.6519,47.1981,237.6560,5.17663,,,,,,,,,,,,,,,,,,,,,,,,,,,,,,,,,,,,,,,,,,,,,,,,,,,,,,,--,,,,,,,,,,,,,,,,,,,,,,,,,,,618,0,0.00000002650413867,
🇳🇴,skycrab1,0,0,9:01.851,9:01.851,06 Oct 2024,585,(U),5584430862827466527,,,https://www.youtube.com/watch?v=XLXBEG_9Z2M&list=PLU3_fvoJ1GyMStiA29z37DUPtG47PvOJz&index=76,9,1,851,541851,,,410359,1.320431622,421494,1.285548549,-0.0005,0.7464,3.001278243,35.1208,47.0538,236.1341,5.19270,,,,,,,,,,,,,,,,,,,,,,,,,,,,,,,,,,,,,,,,,,,,,,,,,,,,,,,--,,,,,,,,,,,,,,,,,,,,,,,,,,,585,0.000000002020011768,0.0000009504931921,
🇺🇸,doogile,0,0,9:01.361,9:01.856,17 Mar 2024,788,(U),-423824187334230143,,,https://www.youtube.com/watch?v=9aJOIrN2g-A,9,1,856,541856,,,410359,1.320443807,421494,1.285560411,-0.0005,0.6744,3.001465652,31.7286,47.0503,236.0970,5.19309,,,,,,,,,,,,,,,,,,,,,,,,,,,,,,,,,,,,,,,,,,,,,,,,,,,,,,,--,,,,,,,,,,,,,,,,,,,,,,,,,,,788,0,0,
🇺🇸,FooN,0,1,8:57.293,9:01.942,23 Feb 2023,1176,(V),-5695877831493898620,,,https://www.speedrun.com/mc/run/zxnw86qm,9,1,942,541942,,,410359,1.320653379,465828,1.163395073,-0.0005,0.5554,1.542316413,43.9808,79.1822,235.4598,5.19984,,,,,,,,,,,,,,,,,,,,,,,,,,,,,,,,,,,,,,,,,,,,,,,,,,,,,,,,,,,,,,,,,,,,,,,,,,,,,,,,,,,,,
🇺🇸,FooN,0,0,8:57.834,9:01.977,27 Mar 2023,1144,(U),3309154460547738819,,,https://www.youtube.com/watch?v=lKsvBCOS7mY,9,1,977,541977,,,410359,1.32073867,465828,1.163470208,-0.0005,0.5644,1.542968578,44.6812,79.1665,235.2007,5.20259,,,,,,,,,,,,,,,,,,,,,,,,,,,,,,,,,,,,,,,,,,,,,,,,,,,,,,,,,,,,,,,,,,,,,,,,,,,,,,,,,,,,,
🇺🇸,Crimson,0,0,9:01.997,9:01.997,29 Aug 2023,989,(U),-5988520828336756304,,,https://www.youtube.com/watch?v=RhhfwurxegQ,9,1,997,541997,,,410359,1.320787408,465828,1.163513142,-0.0005,0.6099,1.543341358,48.2763,79.1576,235.0527,5.20417,,,,,,,,,,,,,,,,,,,,,,,,,,,,,,,,,,,,,,,,,,,,,,,,,,,,,,,,,,,,,,,,,,,,,,,,,,,,,,,,,,,,,
🇿🇦,Airpodsz,0,0,9:02.293,9:02.293,04 Oct 2025,222,(U),1464731346073354969,,,https://www.youtube.com/watch?v=XqbzG-qNr_Y&list=PLjW0OIc7zcEcCMM5essHmBGzf92S0FzKi&index=12,9,2,293,542293,,,410359,1.321508728,410359,1.321508728,-0.0005,0.8949,3.619332129,32.6288,36.4592,232.8668,5.22749,,,,,,,,,,,,,,,,,,,,,,,,,,,,,,,,,,,,,,,,,,,,,,,,,,,,,,,,,,,,,,,,,,,,,,,,,,,,,,,,,,,,,
🇳🇴,skycrab1,0,0,9:02.423,9:02.423,30 Aug 2024,622,(U),3049901205395221348,,,https://www.youtube.com/watch?v=PPXIiFSl4dc&list=PLU3_fvoJ1GyMStiA29z37DUPtG47PvOJz&index=62,9,2,423,542423,,,410359,1.321825524,421494,1.286905626,-0.0005,0.7327,3.022785211,34.1821,46.6513,231.9096,5.23776,,,,,,,,,,,,,,,,,,,,,,,,,,,,,,,,,,,,,,,,,,,,,,,,,,,,,,,--,,,,,,,,,,,,,,,,,,,,,,,,,,,622,0,0.00000001651662036,
🇬🇧,priffie,0,0,9:02.615,9:02.615,29 Oct 2024,562,(U),-4445326317723697644,,,https://www.youtube.com/watch?v=i5jeAezrvl8,9,2,615,542615,,,410359,1.322293407,421494,1.287361149,-0.0005,0.7550,3.030034899,35.1210,46.5162,230.4989,5.25297,,,,,,,,,,,,,,,,,,,,,,,,,,,,,,,,,,,,,,,,,,,,,,,,,,,,,,,,,,,,,,,,,,,,,,,,,,,,,,,,,,,,,
🇸🇰,NoFear1337,0,0,9:02.402,9:02.859,30 Jun 2025,318,(U),unknown,,,https://www.youtube.com/watch?v=6HhUuitsxGs,9,2,859,542859,,,410359,1.322888008,410359,1.322888008,-0.0005,0.8530,3.645125067,30.7596,36.0606,228.7115,5.27235,,,,,,,,,,,,,,,,,,,,,,,,,,,,,,,,,,,,,,,,,,,,,,,,,,,,,,,--,,,,,,,,,,,,,,,,,,,,,,,,,,,318,0.04012550147,14.46950418,
🇩🇰,Bloopy,0,1,9:02.325,9:02.890,20 Jul 2024,663,(U),-3162138013269904068,,,https://www.youtube.com/watch?v=LQVoVG-qCYo,9,2,890,542890,,,410359,1.322963551,421494,1.28801359,-0.0005,0.7178,3.040445411,33.2525,46.3226,228.4849,5.27481,,,,,,,,,,,,,,,,,,,,,,,,,,,,,,,,,,,,,,,,,,,,,,,,,,,,,,,--,,,,,,,,,,,,,,,,,,,,,,,,,,,663,0,0.0000000001020855694,
🇹🇿,Kxpow,0,0,9:03.078,9:03.054,21 Nov 2024,539,(U),7835830573202269696,,,https://www.youtube.com/watch?v=sjkM1cm4Mqw,9,3,54,543054,,,410359,1.323363201,421494,1.288402682,-0.0005,0.7638,3.046668941,35.2912,46.2071,227.2875,5.28788,,,,,,,,,,,,,,,,,,,,,,,,,,,,,,,,,,,,,,,,,,,,,,,,,,,,,,,,,,,,,,,,,,,,,,,,,,,,,,,,,,,,,
🇩🇰,Bloopy,0,1,9:03.208,9:03.208,09 Mar 2024,796,(V),327741930004183264,,,https://www.speedrun.com/mc/runs/zq8w755z,9,3,208,543208,,,410359,1.323738483,421494,1.288768049,-0.0005,0.6717,3.052523262,30.9628,46.0987,226.1656,5.30018,,,,,,,,,,,,,,,,,,,,,,,,,,,,,,,,,,,,,,,,,,,,,,,,,,,,,,,--,,,,,,,,,,,,,,,,,,,,,,,,,,,796,0,0,
🇺🇸,Jamyreaf,0,1,9:03.026,9:03.450,22 Dec 2023,874,(V),5419460951497660528,,,https://www.speedrun.com/mc/runs/zne212vz,9,3,450,543450,,,410359,1.32432821,446254,1.21780421,-0.0005,0.6460,2.086151179,42.8239,66.2937,224.4076,5.31956,,,,,,,,,,,,,,,,,,,,,,,,,,,,,,,,,,,,,,,,,,,,,,,,,,,,,,,,,,,,,,,,,,,,,,,,,,,,,,,,,,,,,
🇨🇦,Aquacorde,0,0,9:03.483,9:03.483,15 Jul 2025,303,(U),3586604150107286256,,,https://www.youtube.com/watch?v=HlKgDCEfr1M,9,3,483,543483,,,410359,1.324408628,410359,1.324408628,-0.0005,0.8594,3.67374872,30.6144,35.6223,224.1683,5.32220,,,,,,,,,,,,,,,,,,,,,,,,,,,,,,,,,,,,,,,,,,,,,,,,,,,,,,,--,,,,,,,,,,,,,,,,,,,,,,,,,,,303,0.06192615204,22.05951318,
🇿🇦,Airpodsz,0,0,9:03.899,9:03.899,15 Apr 2026,29,(U),-5695150729901952096,,,https://www.youtube.com/watch?v=cX83xI84c9s&list=PLjW0OIc7zcEcCMM5essHmBGzf92S0FzKi&index=43,9,3,899,543899,,,410359,1.325422374,410359,1.325422374,-0.0005,0.9856,3.69294101,34.8221,35.3307,221.1619,5.35567,,,,,,,,,,,,,,,,,,,,,,,,,,,,,,,,,,,,,,,,,,,,,,,,,,,,,,,,,,,,,,,,,,,,,,,,,,,,,,,,,,,,,
🇸🇪,PAPLERR,0,0,9:03.570,9:04.165,30 Jun 2024,683,(U),unknown,,,https://www.youtube.com/watch?v=Zd5UiZbhb2w,9,4,165,544165,,,410359,1.326070587,421494,1.291038544,-0.0005,0.7107,3.089127653,32.2837,45.4250,219.2491,5.37717,,,,,,,,,,,,,,,,,,,,,,,,,,,,,,,,,,,,,,,,,,,,,,,,,,,,,,,,,,,,,,,,,,,,,,,,,,,,,,,,,,,,,
🇺🇸,doogile,0,0,8:58.672,9:04.680,20 Oct 2023,937,(U),5170768254742346902,,,https://www.youtube.com/watch?v=nX477DDwCp4,9,4,680,544680,,,410359,1.327325586,465828,1.169272779,-0.0005,0.6259,1.594104174,48.7830,77.9355,215.5670,5.41902,,,,,,,,,,,,,,,,,,,,,,,,,,,,,,,,,,,,,,,,,,,,,,,,,,,,,,,--,,,,,,,,,,,,,,,,,,,,,,,,,,,937,0,0,
🇳🇴,skycrab1,0,0,9:03.846,9:05.167,01 Dec 2023,895,(U),5228422525265565557,,,https://www.youtube.com/watch?v=Qe_QUpUyPbc&list=PLU3_fvoJ1GyMStiA29z37DUPtG47PvOJz&index=5,9,5,167,545167,,,410359,1.328512351,465828,1.170318229,-0.0005,0.6392,1.603480475,49.6740,77.7098,212.1114,5.45886,,,,,,,,,,,,,,,,,,,,,,,,,,,,,,,,,,,,,,,,,,,,,,,,,,,,,,,--,,,,,,,,,,,,,,,,,,,,,,,,,,,895,0,0,
🇺🇸,doogile,0,0,9:03.653,9:05.189,03 Jul 2024,680,(U),-1944357644516820181,,,https://www.youtube.com/watch?v=2PrVhqKEWwk,9,5,189,545189,,,410359,1.328565963,421494,1.293467997,-0.0005,0.7118,3.128724843,31.8190,44.7041,211.9559,5.46067,,,,,,,,,,,,,,,,,,,,,,,,,,,,,,,,,,,,,,,,,,,,,,,,,,,,,,,--,,,,,,,,,,,,,,,,,,,,,,,,,,,680,0,0,
🇮🇱,orachi,0,1,8:57.600,9:05.256,25 Jun 2025,323,(U),-7552354587565645070,,,https://www.youtube.com/watch?v=udGViBe-s18,9,5,256,545256,,,410359,1.328729235,410359,1.328729235,-0.0005,0.8509,3.756162058,29.2559,34.3837,211.4826,5.46617,,,,,,,,,,,,,,,,,,,,,,,,,,,,,,,,,,,,,,,,,,,,,,,,,,,,,,,,,,,,,,,,,,,,,,,,,,,,,,,,,,,,,
🇨🇦,Jay12310,0,0,9:05.451,9:05.451,16 Mar 2024,789,(U),see video,,,https://www.youtube.com/watch?v=ivDOaiqp9jM&list=PLaTJSsRuu2UcsiC6KEkJwrGp1GaGgPoVG&index=2,9,5,451,545451,,,410359,1.329204428,421494,1.294089596,-0.0005,0.6740,3.138928086,30.0070,44.5197,210.1081,5.48222,,,,,,,,,,,,,,,,,,,,,,,,,,,,,,,,,,,,,,,,,,,,,,,,,,,,,,,--,,,,,,,,,,,,,,,,,,,,,,,,,,,789,0,0,
🇨🇿,90Tom,0,1,9:01.644,9:05.616,03 Mar 2023,1168,(V),8054207278677261153,,,https://www.speedrun.com/mc/run/ydgnxwqy,9,5,616,545616,,,410359,1.329606515,465828,1.171282104,-0.0005,0.5577,1.612169795,43.2193,77.5008,208.9483,5.49583,,,,,,,,,,,,,,,,,,,,,,,,,,,,,,,,,,,,,,,,,,,,,,,,,,,,,,,,,,,,,,,,,,,,,,,,,,,,,,,,,,,,,
🇺🇸,doogile,0,0,9:05.184,9:05.845,06 Nov 2023,920,(U),5873759299326194645,,,https://www.youtube.com/watch?v=5MtswX7IfB4,9,5,845,545845,,,410359,1.330164563,465828,1.171773702,-0.0005,0.6313,1.616618093,48.8574,77.3938,207.3436,5.51477,,,,,,,,,,,,,,,,,,,,,,,,,,,,,,,,,,,,,,,,,,,,,,,,,,,,,,,--,,,,,,,,,,,,,,,,,,,,,,,,,,,920,0,0,
🇳🇴,skycrab1,0,0,9:04.821,9:06.518,16 Oct 2024,575,(U),1509054890108880200,,,https://www.youtube.com/watch?v=o2BhtRPoBl8&list=PLU3_fvoJ1GyMStiA29z37DUPtG47PvOJz&index=83,9,6,518,546518,,,410359,1.331804591,421494,1.296621067,-0.0005,0.7501,3.180785909,32.8327,43.7689,202.6613,5.57077,,,,,,,,,,,,,,,,,,,,,,,,,,,,,,,,,,,,,,,,,,,,,,,,,,,,,,,--,,,,,,,,,,,,,,,,,,,,,,,,,,,575,0.000000005541849761,0.000002425607424,
🇺🇸,Feinberg,0,1,9:03.853,9:06.683,29 Aug 2022,1354,(U),8035153315721236887,,,https://www.youtube.com/watch?v=UbeZGrhbc4A,9,6,683,546683,,,410359,1.332206678,517884,1.055608978,-0.0005,0.5081,0.8302835723,48.5812,95.6061,201.5211,5.58457,,,,,,,,,,,,,,,,,,,,,,,,,,,,,,,,,,,,,,,,,,,,,,,,,,,,,,,,,,,,,,,,,,,,,,,,,,,,,,,,,,,,,
🇷🇺,aleen,0,1,9:06.179,9:06.732,06 May 2023,1103.458333,(V),4100897809495913321,,,https://www.speedrun.com/mc/run/y8693gdm,9,6,732,546732,,,410359,1.332326085,465828,1.173677838,-0.0005,0.5760,1.63395399,44.3351,76.9769,201.1831,5.58868,,,,,,,,,,,,,,,,,,,,,,,,,,,,,,,,,,,,,,,,,,,,,,,,,,,,,,,,,,,,,,,,,,,,,,,,,,,,,,,,,,,,,
🇺🇸,Kruin,0,1,9:03.885,9:06.887,15 Oct 2023,942,(V),7290573103261113412,,,https://www.speedrun.com/mc/runs/m3knr56y,9,6,887,546887,,,410359,1.332703803,465828,1.174010579,-0.0005,0.6244,1.637000741,48.0169,76.9036,200.1157,5.60169,,,,,,,,,,,,,,,,,,,,,,,,,,,,,,,,,,,,,,,,,,,,,,,,,,,,,,,,,,,,,,,,,,,,,,,,,,,,,,,,,,,,,
🇺🇸,Reignex,0,0,9:07.014,9:07.014,06 Nov 2023,920,(U),Unknown,,,https://youtu.be/M7Q-8t9ktCs?si=MnwwCmv0kkfe0HjL,9,7,14,547014,,,410359,1.333013288,465828,1.174283212,-0.0005,0.6313,1.639500976,48.5101,76.8435,199.2432,5.61236,,,,,,,,,,,,,,,,,,,,,,,,,,,,,,,,,,,,,,,,,,,,,,,,,,,,,,,,,,,,,,,,,,,,,,,,,,,,,,,,,,,,,
🇳🇴,skycrab1,0,0,9:07.149,9:07.149,10 Oct 2024,581,(U),-1175900086044057204,,,https://www.youtube.com/watch?v=A-29KTnAD2I&list=PLU3_fvoJ1GyMStiA29z37DUPtG47PvOJz&index=82,9,7,149,547149,,,410359,1.333342269,421494,1.298118123,-0.0005,0.7479,3.205771466,32.4025,43.3252,198.3177,5.62373,,,,,,,,,,,,,,,,,,,,,,,,,,,,,,,,,,,,,,,,,,,,,,,,,,,,,,,--,,,,,,,,,,,,,,,,,,,,,,,,,,,581,0.000000003037308426,0.000001315919808,
🇳🇴,skycrab1,0,0,9:07.112,9:07.112,28 Apr 2025,381,(U),unknown,,,https://www.youtube.com/watch?v=o710MyvzZRc&list=PLU3_fvoJ1GyMStiA29z37DUPtG47PvOJz&index=117,9,7,112,547112,,,410359,1.333252104,421494,1.29803034,-0.0005,0.8265,3.204301607,35.8318,43.3512,198.5711,5.62062,,,,,,,,,,,,,,,,,,,,,,,,,,,,,,,,,,,,,,,,,,,,,,,,,,,,,,,--,,,,,,,,,,,,,,,,,,,,,,,,,,,381,0.003963475053,1.718214273,
🇫🇮,sadekeppi,0,0,9:05.453,9:07.231,05 Apr 2025,404,(U),3784350697232535949,,,https://www.youtube.com/watch?v=_6D4CEjB7EI,9,7,231,547231,,,410359,1.333542094,421494,1.298312669,-0.0005,0.8171,3.209031116,35.3537,43.2676,197.7565,5.63065,,,,,,,,,,,,,,,,,,,,,,,,,,,,,,,,,,,,,,,,,,,,,,,,,,,,,,,,,,,,,,,,,,,,,,,,,,,,,,,,,,404,0.001368655511,0.5921837218,
🇹🇿,Kxpow,0,0,9:06.897,9:07.297,05 May 2025,374,(U),5215338801678081222,,,https://www.youtube.com/watch?v=jzfuky40oOw,9,7,297,547297,,,410359,1.333702928,421494,1.298469255,-0.0005,0.8294,3.211656867,35.8495,43.2212,197.3054,5.63622,,,,,,,,,,,,,,,,,,,,,,,,,,,,,,,,,,,,,,,,,,,,,,,,,,,,,,,,,,,,,,,,,,,,,,,,,,,,,,,,,,,,,
🇫🇮,AndrewCrow,0,0,9:06.737,9:07.310,04 Jul 2025,314,(U),unknown,,,https://www.youtube.com/watch?v=9ykWGMkAK-8,9,7,310,547310,,,410359,1.333734608,410359,1.333734608,-0.0005,0.8547,3.853668775,28.1734,32.9628,197.2167,5.63732,,,,,,,,,,,,,,,,,,,,,,,,,,,,,,,,,,,,,,,,,,,,,,,,,,,,,,,,,,,,,,,,,,,,,,,,,,,,,,,,,,314,0.04523363191,14.91026421,
🇳🇴,skycrab1,0,0,9:07.485,9:07.485,08 Feb 2025,460,(U),3737533492080781915,,,https://www.youtube.com/watch?v=vIyLdcMlpzU&list=PLU3_fvoJ1GyMStiA29z37DUPtG47PvOJz&index=116,9,7,485,547485,,,410359,1.334161064,421494,1.298915287,-0.0005,0.7945,3.219146699,34.2357,43.0890,196.0233,5.65212,,,,,,,,,,,,,,,,,,,,,,,,,,,,,,,,,,,,,,,,,,,,,,,,,,,,,,,--,,,,,,,,,,,,,,,,,,,,,,,,,,,460,0.00005925857871,0.02553394292,
🇬🇧,ninathepig,0,1,8:54.614,9:07.741,08 Nov 2022,1283,(V),1527477638666863321,,,https://www.speedrun.com/mc/run/z1g48nrz,9,7,741,547741,,,410359,1.334784908,495537,1.105348339,-0.0005,0.5265,1.108008388,47.1197,89.4958,194.2839,5.67384,,,,,,,,,,,,,,,,,,,,,,,,,,,,,,,,,,,,,,,,,,,,,,,,,,,,,,,,,,,,,,,,,,,,,,,,,,,,,,,,,,,,,
🇳🇴,skycrab1,0,0,9:07.893,9:07.893,16 Nov 2024,544,(U),3572344265609154792,,,https://www.youtube.com/watch?v=GB4EvDhnAj0&list=PLU3_fvoJ1GyMStiA29z37DUPtG47PvOJz&index=94,9,7,893,547893,,,410359,1.335155315,421494,1.299883272,-0.0005,0.7619,3.235454404,32.6092,42.8024,193.2547,5.68677,,,,,,,,,,,,,,,,,,,,,,,,,,,,,,,,,,,,,,,,,,,,,,,,,,,,,,,--,,,,,,,,,,,,,,,,,,,,,,,,,,,544,0.0000001019362316,0.00004363110651,
🇺🇸,doogile,0,0,9:07.950,9:07.950,16 Aug 2024,636,(U),unknown,,,https://www.youtube.com/watch?v=rVh_EFcoA_Q,9,7,950,547950,,,410359,1.335294218,421494,1.300018506,-0.0005,0.7276,3.237738494,31.1140,42.7623,192.8695,5.69162,,,,,,,,,,,,,,,,,,,,,,,,,,,,,,,,,,,,,,,,,,,,,,,,,,,,,,,--,,,,,,,,,,,,,,,,,,,,,,,,,,,636,0,0.000000002873591233,
🇳🇴,skycrab1,0,0,9:02.208,9:08.108,24 Aug 2024,628,(U),8200471492953039268,,,https://www.youtube.com/watch?v=7kCryLBekaY&list=PLU3_fvoJ1GyMStiA29z37DUPtG47PvOJz&index=59,9,8,108,548108,,,410359,1.335679247,421494,1.300393363,-0.0005,0.7305,3.244077288,31.1576,42.6513,191.8036,5.70510,,,,,,,,,,,,,,,,,,,,,,,,,,,,,,,,,,,,,,,,,,,,,,,,,,,,,,,--,,,,,,,,,,,,,,,,,,,,,,,,,,,628,0,0.000000007475227087,
🇳🇴,skycrab1,0,0,9:08.173,9:08.173,22 Jul 2025,296,(U),unknown,,,https://www.youtube.com/watch?v=ywxlACuqAe0&list=PLU3_fvoJ1GyMStiA29z37DUPtG47PvOJz&index=137,9,8,173,548173,,,410359,1.335837645,410359,1.335837645,-0.0005,0.8624,3.89529685,27.9175,32.3707,191.3660,5.71065,,,,,,,,,,,,,,,,,,,,,,,,,,,,,,,,,,,,,,,,,,,,,,,,,,,,,,,--,,,,,,,,,,,,,,,,,,,,,,,,,,,296,0.074762893,24.201272,
🇹🇿,Kxpow,0,0,9:04.666,9:08.266,14 Nov 2023,912,(U),-4809940892150569008,,,https://www.youtube.com/watch?v=gg6rLSlqqqc,9,8,266,548266,,,410359,1.336064275,465828,1.176970899,-0.0005,0.6338,1.664336141,48.3263,76.2469,190.7406,5.71860,,,,,,,,,,,,,,,,,,,,,,,,,,,,,,,,,,,,,,,,,,,,,,,,,,,,,,,,,,,,,,,,,,,,,,,,,,,,,,,,,,912,0,0,
🇧🇪,boyenn,0,0,9:08.407,9:08.407,09 Mar 2025,431,(U),unknown,,,https://www.youtube.com/watch?v=PIdpIYU0iN8,9,8,407,548407,,,410359,1.336407877,421494,1.301102744,-0.0005,0.8061,3.256102898,34.2136,42.4414,189.7945,5.73068,,,,,,,,,,,,,,,,,,,,,,,,,,,,,,,,,,,,,,,,,,,,,,,,,,,,,,,--,,,,,,,,,,,,,,,,,,,,,,,,,,,431,0.0003333561567,0.1414810166,
🇸🇰,NoFear1337,0,0,9:08.371,9:08.421,08 Jun 2023,1071,(U),unknown,,,https://www.youtube.com/watch?v=IffgSK8FXyU,9,8,421,548421,,,410359,1.336441993,465828,1.17730364,-0.0005,0.5854,1.667434537,44.5896,76.1725,189.7007,5.73188,,,,,,,,,,,,,,,,,,,,,,,,,,,,,,,,,,,,,,,,,,,,,,,,,,,,,,,--,,,,,,,,,,,,,,,,,,,,,,,,,,,1071,0,0,
🇨🇦,Aquacorde,0,0,9:08.473,9:08.473,17 Jul 2025,301,(U),-4757456621971521047,,,https://www.youtube.com/watch?v=3NgUon3iBFM,9,8,473,548473,,,410359,1.336568712,410359,1.336568712,-0.0005,0.8603,3.909860173,27.6714,32.1656,189.3525,5.73634,,,,,,,,,,,,,,,,,,,,,,,,,,,,,,,,,,,,,,,,,,,,,,,,,,,,,,,--,,,,,,,,,,,,,,,,,,,,,,,,,,,301,0.06540934767,21.03930985,
🇸🇰,NoFear1337,0,0,9:05.980,9:08.551,02 Feb 2024,832,(U),unknown,,,https://www.youtube.com/watch?v=4fdVhFGeQgo&list=PLaTJSsRuu2UeeWabBBfNVWALvnefBoL2C&index=5,9,8,551,548551,,,410359,1.336758789,421494,1.301444386,-0.0005,0.6597,3.261908547,27.9311,42.3403,188.8307,5.74304,,,,,,,,,,,,,,,,,,,,,,,,,,,,,,,,,,,,,,,,,,,,,,,,,,,,,,,--,,,,,,,,,,,,,,,,,,,,,,,,,,,832,0,0,
🇺🇸,zylenox,0,0,9:05.143,9:08.616,28 Apr 2024,746,(U),unknown,,,https://www.youtube.com/watch?v=Tkpk81EmGKE,9,8,616,548616,,,410359,1.336917187,421494,1.301598599,-0.0005,0.6887,3.26453215,29.1269,42.2947,188.3964,5.74862,,,,,,,,,,,,,,,,,,,,,,,,,,,,,,,,,,,,,,,,,,,,,,,,,,,,,,,,,,,,,,,,,,,,,,,,,,,,,,,,,,,,,
🇮🇹,drip120,0,0,9:07.364,9:08.692,01 Nov 2025,194,(U),unknown,,,https://www.youtube.com/watch?v=xe-spdcY7jk,9,8,692,548692,,,410359,1.337102391,410359,1.337102391,-0.0005,0.9076,3.920521621,29.0564,32.0161,187.8893,5.75516,,,,,,,,,,,,,,,,,,,,,,,,,,,,,,,,,,,,,,,,,,,,,,,,,,,,,,,--,,,,,,,,,,,,,,,,,,,,,,,,,,,194,0.4818422985,154.2672094,
🇺🇸,doogile,0,0,9:08.808,9:08.808,22 May 2025,357,(U),7495631434322162088,,,https://www.youtube.com/watch?v=p9ACbnS-GcQ,9,8,808,548808,,,410359,1.33738507,421494,1.302054122,-0.0005,0.8365,3.272292768,35.2678,42.1600,187.1166,5.76515,,,,,,,,,,,,,,,,,,,,,,,,,,,,,,,,,,,,,,,,,,,,,,,,,,,,,,,--,,,,,,,,,,,,,,,,,,,,,,,,,,,357,0.01056795151,4.455444562,
🇫🇮,Cube1337x,1,1,9:06.178,9:08.820,22 Jan 2022,1573,(V),5182416045755256460,,,https://www.speedrun.com/mc/runs/mr673jdm,9,8,820,548820,,,410359,1.337414313,576000,0.9528125,-0.0005,0.4554,0.4564692945,46.5597,102.2310,187.0368,5.76619,,,,,,,,,,,,,,,,,,,,,,,,,,,,,,,,,,,,,,,,,,,,,,,,,,,,,,,--,,,,,,,,,,,,,,,,,,,,,,,,,,,1573,0,0,
🇳🇴,skycrab1,0,0,9:09.076,9:09.076,26 Nov 2024,534,(U),9146773889861471357,,,https://www.youtube.com/watch?v=YABLZ52h9Ug&list=PLU3_fvoJ1GyMStiA29z37DUPtG47PvOJz&index=98,9,9,76,549076,,,410359,1.338038157,421494,1.302689955,-0.0005,0.7657,3.283152571,32.1368,41.9720,185.3375,5.78829,,,,,,,,,,,,,,,,,,,,,,,,,,,,,,,,,,,,,,,,,,,,,,,,,,,,,,,--,,,,,,,,,,,,,,,,,,,,,,,,,,,534,0.000000243699385,0.0001022854116,
🇭🇺,Fe666,0,1,9:06.021,9:09.448,23 Jan 2023,1207,(V),2113816333217399931,,,https://www.speedrun.com/mc/run/y4g7pk2y,9,9,448,549448,,,410359,1.33894468,495537,1.108793087,-0.0005,0.5469,1.130204806,48.6646,88.9836,182.8822,5.82055,,,,,,,,,,,,,,,,,,,,,,,,,,,,,,,,,,,,,,,,,,,,,,,,,,,,,,,,,,,,,,,,,,,,,,,,,,,,,,,,,,,,,
🇳🇴,skycrab1,0,0,9:02.533,9:09.719,10 Apr 2024,764,(U),unknown,,,https://www.youtube.com/watch?v=s7Oyw0cBsDM&list=PLU3_fvoJ1GyMStiA29z37DUPtG47PvOJz&index=14,9,9,719,549719,,,410359,1.339605078,421494,1.304215481,-0.0005,0.6825,3.309338022,28.3380,41.5212,181.1040,5.84416,,,,,,,,,,,,,,,,,,,,,,,,,,,,,,,,,,,,,,,,,,,,,,,,,,,,,,,--,,,,,,,,,,,,,,,,,,,,,,,,,,,764,0,0,
🇺🇸,doogile,0,0,9:08.362,9:09.903,03 Feb 2024,831,(U),4060064418388945747,,,https://www.youtube.com/watch?v=z1xyWdGMjq8,9,9,903,549903,,,410359,1.340053465,421494,1.304652024,-0.0005,0.6600,3.316865105,27.3193,41.3923,179.9017,5.86023,,,,,,,,,,,,,,,,,,,,,,,,,,,,,,,,,,,,,,,,,,,,,,,,,,,,,,,--,,,,,,,,,,,,,,,,,,,,,,,,,,,831,0,0,
🇹🇿,Kxpow,0,0,9:08.845,9:10.172,29 Oct 2024,562,(U),-4790850567885431426,,,https://www.youtube.com/watch?v=RbtDei5_zJ4,9,10,172,550172,,,410359,1.340708989,421494,1.30529023,-0.0005,0.7550,3.327896603,31.1101,41.2039,178.1514,5.88380,,,,,,,,,,,,,,,,,,,,,,,,,30 Dec '99,,,,,,,,,,,,,,,,,,,,,,,,,,,,,,--,,,,,,,,,,,,,,,,,,,,,,,,,,,333,0.02490706701,10.24752461,
🇸🇰,NoFear1337,0,0,9:09.128,9:10.259,08 Jun 2025,340,(U),unknown,,,https://www.youtube.com/watch?v=SiADDCUpd7E,9,10,259,550259,,,410359,1.340920998,421494,1.305496638,-0.0005,0.8437,3.331471342,34.7109,41.1430,177.5872,5.89144,,,,,,,,,,,,,,,,,,,,,,,,,,,,,,,,,,,,,,,,,,,,,,,,,,,,,,,--,,,,,,,,,,,,,,,,,,,,,,,,,,,340,0.01963581666,8.078771954,
🇹🇿,Kxpow,0,0,9:05.662,9:10.523,09 Nov 2023,917,(U),78496239085493281,,,https://www.youtube.com/watch?v=gieho9nQgi0,9,10,523,550523,,,410359,1.341564338,465828,1.181816035,-0.0005,0.6322,1.709975074,47.5136,75.1522,175.8808,5.91468,,,,,,,,,,,,,,,,,,,,,,,,,,,,,,,,,,,,,,,,,,,,,,,,,,,,,,,,,,,,,,,,,,,,,,,,,,,,,,,,,,917,0,0,
🇺🇸,doogile,0,0,9:07.746,9:10.622,05 Nov 2023,921,(U),1666689678537156689,,,https://www.youtube.com/watch?v=VZnZzz2vZfk,9,10,622,550622,,,410359,1.34180559,465828,1.18202856,-0.0005,0.6310,1.712002809,47.3880,75.1036,175.2431,5.92342,,,,,,,,,,,,,,,,,,,,,,,,,,,,,,,,,,,,,,,,,,,,,,,,,,,,,,,--,,,,,,,,,,,,,,,,,,,,,,,,,,,921,0,0,
🇳🇴,skycrab1,0,0,9:09.863,9:10.809,08 Mar 2024,797,(U),unknown,,,https://www.youtube.com/watch?v=LhLJ0UepT94&list=PLU3_fvoJ1GyMStiA29z37DUPtG47PvOJz&index=11,9,10,809,550809,,,410359,1.342261288,421494,1.30680152,-0.0005,0.6713,3.354148905,27.3621,40.7583,174.0418,5.93995,,,,,,,,,,,,,,,,,,,,,,,,,,,,,,,,,,,,,,,,,,,,,,,,,,,,,,,--,,,,,,,,,,,,,,,,,,,,,,,,,,,797,0,0,
🇨🇦,wethr,0,0,9:07.990,9:10.876,11 Sep 2024,610,(U),8925439864684904975,,,https://www.youtube.com/watch?v=KXY6Mxtdm1U,9,10,876,550876,,,410359,1.34242456,421494,1.306960479,-0.0005,0.7371,3.356920742,30.0093,40.7114,173.6125,5.94589,,,,,,,,,,,,,,,,,,,,,,,,,,,,,,,,,,,,,,,,,,,,,,,,,,,,,,,,,,,,,,,,,,,,,,,,,,,,,,,,,,,,,
🇭🇷,CroProYT,0,1,9:10.972,9:10.972,06 May 2023,1103.645833,(V),-3937688426642137933,,,https://www.speedrun.com/mc/run/z5p1o7dm,9,10,972,550972,,,410359,1.342658501,465828,1.18277991,-0.0005,0.5759,1.71918913,43.1530,74.9315,172.9982,5.95440,,,,,,,,,,,,,,,,,,,,,,,,,,,,,,,,,,,,,,,,,,,,,,,,,,,,,,,,,,,,,,,,,,,,,,,,,,,,,,,,,,,,,
🇺🇸,Feinberg,0,0,9:07.558,9:11.108,05 Mar 2024,800,(U),-6417905259519219654,,,https://www.youtube.com/watch?v=OEKYeJXKFLs,9,11,108,551108,,,410359,1.342989919,421494,1.307510902,-0.0005,0.6703,3.366534388,27.1810,40.5493,172.1300,5.96648,,,,,,,,,,,,,,,,,,,,,,,,,,,,,,,,,,,,,,,,,,,,,,,,,,,,,,,,,,,,,,,,,,,,,,,,,,,,,,,,,,,,,
🇨🇦,catJAM19,0,1,9:09.695,9:11.108,21 Oct 2025,205,(V),8621681605212957189,,,https://www.speedrun.com/mc/runs/yw58nw2y,9,11,108,551108,,,410359,1.342989919,410359,1.342989919,-0.0005,0.9026,4.039846234,27.4215,30.3813,172.1300,5.96648,,,,,,,,,,,,,,,,,,,,,,,,,,,,,,,,,,,,,,,,,,,,,,,,,,,,,,,,,,,,,,,,,,,,,,,,,,,,,,,,,,,,,
🇳🇴,skycrab1,0,0,9:10.726,9:11.397,13 Jun 2024,700,(U),-8879598757614006862,,,https://www.youtube.com/watch?v=cIcsjmes9iM&list=PLU3_fvoJ1GyMStiA29z37DUPtG47PvOJz&index=29,9,11,397,551397,,,410359,1.34369418,421494,1.308196558,-0.0005,0.7047,3.378544019,28.4323,40.3474,170.2927,5.99222,,,,,,,,,,,,,,,,,,,,,,,,,,,,,,,,,,,,,,,,,,,,,,,,,,,,,,,--,,,,,,,,,,,,,,,,,,,,,,,,,,,700,0,0,
🇫🇮,sadekeppi,0,0,9:11.155,9:11.500,28 Mar 2026,47,(U),unknown,,,https://www.youtube.com/watch?v=n1bfxslQnoY,9,11,500,551500,,,410359,1.34394518,410359,1.34394518,-0.0005,0.9768,4.059504875,29.4190,30.1186,169.6404,6.00141,,,,,,,,,,,,,,,,,,,,,,,,,,,,,,,,,,,,,,,,,,,,,,,,,,,,,,,,,,,,,,,,,,,,,,,,,,,,,,,,,,,,,
🇳🇴,skycrab1,0,0,9:11.538,9:11.538,19 Dec 2025,146,(U),unknown,,,https://www.youtube.com/watch?v=cGZBFX1-arU&list=PLU3_fvoJ1GyMStiA29z37DUPtG47PvOJz&index=160,9,11,538,551538,,,410359,1.344037782,410359,1.344037782,-0.0005,0.9296,4.061415022,27.9746,30.0932,169.4001,6.00481,,,,,,,,,,,,,,,,,,,,,,,,,,,,,,,,,,,,,,,,,,,,,,,,,,,,,,,--,,,,,,,,,,,,,,,,,,,,,,,,,,,146,0.7325573849,220.449617,
🇫🇮,sadekeppi,0,0,9:11.468,9:11.596,25 Jan 2026,109,(U),unknown,,,https://www.youtube.com/watch?v=bauK5JutqFo,9,11,596,551596,,,410359,1.344179121,410359,1.344179121,-0.0005,0.9470,4.064332033,28.4602,30.0544,169.0336,6.01000,,,,,,,,,,,,,,,,,,,,,,,,,,,,,,,,,,,,,,,,,,,,,,,,,,,,,,,,,,,,,,,,,,,,,,,,,,,,,,,,,,,,,
🇳🇴,xzeroxy,0,1,9:04.267,9:11.604,25 Dec 2023,871,(V),861747958763840487,,,https://www.speedrun.com/mc/runs/yjwoo7dm,9,11,604,551604,,,410359,1.344198616,446254,1.236076315,-0.0005,0.6469,2.304382723,39.6970,61.3610,168.9831,6.01071,,,,,,,,,,,,,,,,,,,,,,,,,,,,,,,,,,,,,,,,,,,,,,,,,,,,,,,,,,,,,,,,,,,,,,,,,,,,,,,,,,,,,
🇳🇴,skycrab1,0,0,9:11.051,9:11.608,20 Sep 2025,236,(U),unknown,,,https://www.youtube.com/watch?v=jITLzyt8gXQ&list=PLU3_fvoJ1GyMStiA29z37DUPtG47PvOJz&index=141,9,11,608,551608,,,410359,1.344208364,410359,1.344208364,-0.0005,0.8887,4.064935782,26.7021,30.0463,168.9579,6.01107,,,,,,,,,,,,,,,,,,,,,,,,,,,,,,,,,,,,,,,,,,,,,,,,,,,,,,,--,,,,,,,,,,,,,,,,,,,,,,,,,,,236,0.2686285792,80.71305079,
🇿🇦,Airpodsz,0,0,9:11.814,9:11.814,14 Jan 2026,120,(U),1219385164880601751,,,https://www.youtube.com/watch?v=qmwuUfY7LMs&list=PLjW0OIc7zcEcCMM5essHmBGzf92S0FzKi&index=22,9,11,814,551814,,,410359,1.344710363,410359,1.344710363,-0.0005,0.9418,4.075312439,28.1670,29.9087,167.6600,6.02953,,,,,,,,,,,,,,,,,,,,,,,,,,,,,,,,,,,,,,,,,,,,,,,,,,,,,,,,,,,,,,,,,,,,,,,,,,,,,,,,,,,,,
🇳🇴,skycrab1,0,0,9:11.308,9:12.058,19 Dec 2025,146,(U),see video,,,https://www.youtube.com/watch?v=Z1rqujzYKV8&list=PLU3_fvoJ1GyMStiA29z37DUPtG47PvOJz&index=159,9,12,58,552058,,,410359,1.345304965,410359,1.345304965,-0.0005,0.9296,4.087633342,27.6519,29.7460,166.1296,6.05146,,,,,,,,,,,,,,,,,,,,,,,,,,,,,,,,,,,,,,,,,,,,,,,,,,,,,,,--,,,,,,,,,,,,,,,,,,,,,,,,,,,146,0.7325573849,217.9062459,
🇮🇹,drip120,0,0,9:10.678,9:12.062,29 Aug 2024,623,(U),unknown,,,https://www.youtube.com/watch?v=LSRuTRyAUfA,9,12,62,552062,,,410359,1.345314712,421494,1.309774279,-0.0005,0.7323,3.406322465,29.2084,39.8833,166.1045,6.05182,,,,   ,,,,,,,,,,,,,,,,,,,,,,,,,,,,,,,,,,,,,,,,,,,,,,,,,,,--,,,,,,,,,,,,,,,,,,,,,,,,,,,623,0,0.00000001257074002,
🇦🇺,Erikfzf,0,1,9:12.227,9:12.227,05 Jul 2023,1044,(V),7337174511026994351,,,https://www.speedrun.com/mc/runs/znvqd5lm,9,12,227,552227,,,410359,1.345716799,465828,1.185474038,-0.0005,0.5933,1.74518346,44.0903,74.3096,165.0740,6.06669,,,,,,,,,,,,,,,,,,,,,,,,,,,,,,,,,,,,,,,,,,,,,,,,,,,,,,,,,,,,,,,,,,,,,,,,,,,,,,,,,,,,,
🇫🇮,AndrewCrow,0,0,9:12.154,9:12.313,18 Jun 2025,330,(U),unknown,,,https://www.youtube.com/watch?v=mgqba8qgpQE,9,12,313,552313,,,410359,1.345926372,410359,1.345926372,-0.0005,0.8479,4.100544661,25.0775,29.5762,164.5382,6.07445,,,,,,,,,,,,,,,,,,,,,,,,,,,,,,,,,,,,,,,,,,,,,,,,,,,,,,,,,,,,,,,,,,,,,,,,,,,,,,,,,,330,0.02749640528,8.132392039,
🇵🇱,okshey,0,1,9:09.804,9:12.402,11 Aug 2024,641,(V),-2254865974237692647,,,https://www.speedrun.com/mc/runs/z0qrw64m,9,12,402,552402,,,410359,1.346143255,421494,1.310580934,-0.0005,0.7258,3.420602747,28.7747,39.6463,163.9847,6.08249,,,,,,,,,,,,,,,,,,,,,,,,,,,,,,,,,,,,,,,,,,,,,,,,,,,,,,,,,,,,,,,,,,,,,,,,,,,,,,,,,,641,0,0.000000001445386676,
🇳🇴,skycrab1,0,0,9:10.431,9:12.727,07 Feb 2026,96,(U),unknown,,,https://www.youtube.com/watch?v=__q_TjQ_FMo&list=PLU3_fvoJ1GyMStiA29z37DUPtG47PvOJz&index=164,9,12,727,552727,,,410359,1.346935245,410359,1.346935245,-0.0005,0.9531,4.12158288,27.9281,29.3013,161.9720,6.11195,,,,,,,,,,,,,,,,,,,,,,,,,,,,,,,,,,,,,,,,,,,,,,,,,,,,,,,,,,,,,,,,,,,,,,,,,,,,,,,,,,96,0.9153272751,268.202727,
🇨🇿,Cursed_Carrot,0,1,9:00.750,9:12.941,11 Mar 2023,1160,(U),2638661032627702990,,,https://www.youtube.com/watch?v=xsjwfJw8KyQ,9,12,941,552941,,,410359,1.347456739,465828,1.187006792,-0.0005,0.5599,1.76013128,41.4059,73.9525,160.6540,6.13141,,,,,,,,,,,,,,,,,,,,,,,,,,,,,,,,,,,,,,,,,,,,,,,,,,,,,,,,,,,,,,,,,,,,,,,,,,,,,,,,,,,,,
🇹🇿,Kxpow,0,0,9:12.892,9:13.067,13 Apr 2025,396,(U),-7593319761722198140,,,https://www.youtube.com/watch?v=5-GsNMW2ryY,9,13,67,553067,,,410359,1.347763787,421494,1.312158655,-0.0005,0.8204,3.448686176,32.1449,39.1834,159.8807,6.14290,,,,,,,,,,,,,,,,,,,,,,,,,,,,,,,,,,,,,,,,,,,,,,,,,,,,,,,,,,,,,,,,,,,,,,,,,,,,,,,,,,,,,
🇿🇦,Airpodsz,0,0,9:13.123,9:13.123,31 Jan 2026,103,(U),2793387180528208862,,,https://www.youtube.com/watch?v=tWXMNab6zb8&list=PLjW0OIc7zcEcCMM5essHmBGzf92S0FzKi&index=26,9,13,123,553123,,,410359,1.347900253,410359,1.347900253,-0.0005,0.9498,4.141795058,27.5815,29.0392,159.5377,6.14801,,,,,,,,,,,,,,,,,,,,,,,,,,,,,,,,,,,,,,,,,,,,,,,,,,,,,,,,,,,,,,,,,,,,,,,,,,,,,,,,,,,,,
🇳🇴,skycrab1,0,0,9:11.847,9:13.147,18 Feb 2024,816,(U),unknown,,,https://www.youtube.com/watch?v=kFt_4d61onA&list=PLU3_fvoJ1GyMStiA29z37DUPtG47PvOJz&index=10,9,13,147,553147,,,410359,1.347958739,421494,1.312348456,-0.0005,0.6650,3.452078312,26.0191,39.1278,159.3908,6.15020,,,,,,,,,,,,,,,,,,,,,,,,,,,,,,,,,,,,,,,,,,,,,,,,,,,,,,,--,,,,,,,,,,,,,,,,,,,,,,,,,,,816,0,0,
🇺🇸,zylenox,0,0,9:11.361,9:13.246,23 Apr 2024,751,(U),unknown,,,https://www.youtube.com/watch?v=o0rQGFOfasI,9,13,246,553246,,,410359,1.348199991,421494,1.312583335,-0.0005,0.6869,3.456280157,26.8314,39.0589,158.7856,6.15925,,,,,,,,,,,,,,,,,,,,,,,,,,,,,,,,,,,,,,,,,,,,,,,,,,,,,,,,,,,,,,,,,,,,,,,,,,,,,,,,,,,,,
🇺🇸,doogile,0,0,9:13.305,9:13.305,18 May 2025,361,(U),5319889205923870675,,,https://www.youtube.com/watch?v=ztGEXhDZfOU,9,13,305,553305,,,410359,1.348343767,421494,1.312723313,-0.0005,0.8349,3.458786433,32.5742,39.0179,158.4256,6.16464,,,,,,,,,,,,,,,,,,,,,,,,,,,,,,,,,,,,,,,,,,,,,,,,,,,,,,,--,,,,,,,,,,,,,,,,,,,,,,,,,,,361,0.009053642645,3.532543306,
🇵🇱,okshey,0,0,9:12.171,9:13.635,17 Jul 2025,301,(U),unknown,,,https://www.youtube.com/watch?v=ty4JUqRnYw0,9,13,635,553635,,,410359,1.349147941,410359,1.349147941,-0.0005,0.8603,4.168056997,24.6912,28.7015,156.4200,6.19491,,,,,,,,,,,,,,,,,,,,,,,,,,,,,,,,,,,,,,,,,,,,,,,,,,,,,,,,,,,,,,,,,,,,,,,,,,,,,,,,,,301,0.06540934767,18.77345027,
🇨🇦,Aquacorde,0,1,9:13.730,9:13.730,02 May 2023,1108,(V),1132467978693802935,,,https://www.speedrun.com/mc/runs/z5poxedm,9,13,730,553730,,,410359,1.349379446,465828,1.18870055,-0.0005,0.5746,1.776784501,42.2682,73.5550,155.8453,6.20365,,,,,,,,,,,,,,,,,,,,,,,,,,,,,,,,,,,,,,,,,,,,,,,,,,,,,,,--,,,,,,,,,,,,,,,,,,,,,,,,,,,1108,0,0,
🇸🇰,NoFear1337,0,0,9:10.602,9:13.999,04 Jul 2025,314,(U),unknown,,,https://www.youtube.com/watch?v=yNwHcISAArA,9,13,999,553999,,,410359,1.350034969,410359,1.350034969,-0.0005,0.8547,4.186816426,24.3268,28.4623,154.2240,6.22845,,,,,,,,,,,,,,,,,,,,,,,,,,,,,,,,,,,,,,,,,,,,,,,,,,,,,,,--,,,,,,,,,,,,,,,,,,,,,,,,,,,314,0.04523363191,12.87451262,
🇫🇷,AstraF,0,1,9:12.826,9:14.135,24 Oct 2023,933,(V),8692637984665644759,,,https://www.speedrun.com/mc/runs/y4krq6nm,9,14,135,554135,,,410359,1.350366387,465828,1.18956997,-0.0005,0.6272,1.785388202,46.0046,73.3499,153.4080,6.24103,,,,,,,,,,,,,,,,,,,,,,,,,,,,,,,,,,,,,,,,,,,,,,,,,,,,,,,,,,,,,,,,,,,,,,,,,,,,,,,,,,,,,
🇳🇴,skycrab1,0,0,9:10.467,9:14.159,20 Sep 2025,236,(U),unknown,,,https://www.youtube.com/watch?v=OEZzZLeynP0&list=PLU3_fvoJ1GyMStiA29z37DUPtG47PvOJz&index=139,9,14,159,554159,,,410359,1.350424872,410359,1.350424872,-0.0005,0.8887,4.195085759,25.2010,28.3573,153.2642,6.24325,,,,,,,,,,,,,,,,,,,,,,,,,,,,,,,,,,,,,,,,,,,,,,,,,,,,,,,--,,,,,,,,,,,,,,,,,,,,,,,,,,,236,0.2686285792,76.17589757,
🇳🇴,skycrab1,0,0,9:13.279,9:14.255,15 Feb 2024,819,(U),unknown,,,https://www.youtube.com/watch?v=WLjCJKEsbRU&list=PLU3_fvoJ1GyMStiA29z37DUPtG47PvOJz&index=9,9,14,255,554255,,,410359,1.350658813,421494,1.3149772,-0.0005,0.6640,3.499363165,25.4694,38.3585,152.6899,6.25214,,,,,,,,,,,,,,,,,,,,,,,,,,,,,,,,,,,,,,,,,,,,,,,,,,,,,,,--,,,,,,,,,,,,,,,,,,,,,,,,,,,819,0,0,
🇳🇴,skycrab1,0,0,9:12.682,9:14.598,17 Aug 2024,635,(U),-7884786286742246917,,,https://www.youtube.com/watch?v=AzF0dGCk1Ow&list=PLU3_fvoJ1GyMStiA29z37DUPtG47PvOJz&index=56,9,14,598,554598,,,410359,1.351494667,421494,1.315790972,-0.0005,0.7280,3.514116374,27.7508,38.1209,150.6476,6.28400,,,,,,,,,,,,,,,,,,,,,,,,,,,,,,,,,,,,,,,,,,,,,,,,,,,,,,,--,,,,,,,,,,,,,,,,,,,,,,,,,,,635,0,0.000000002891648055,
🇵🇱,watermelon1708,0,0,9:12.401,9:14.662,24 Jul 2025,294,(U),unknown,,,https://www.youtube.com/watch?v=4QYqWY63NSU,9,14,662,554662,,,410359,1.351650628,410359,1.351650628,-0.0005,0.8633,4.221175959,24.1967,28.0284,150.2683,6.28996,,,,,,,,,,,,,,,,,,,,,,,,,,,,,,,,,,,,,,,,,,,,,,,,,,,,,,,--,,,,,,,,,,,,,,,,,,,,,,,,,,,294,0.07877036748,22.07806458,
🇺🇸,doogile,0,0,9:14.024,9:14.498,29 Jan 2024,836,(U),6589962244023862742,,,https://www.youtube.com/watch?v=-hzOpmkTbDU,9,14,498,554498,,,410359,1.351250978,421494,1.315553721,-0.0005,0.6584,3.50980949,25.1430,38.1902,151.2415,6.27470,,,,,,,,,,,,,,,,,,,,,,,,,,,,,,,,,,,,,,,,,,,,,,,,,,,,,,,--,,,,,,,,,,,,,,,,,,,,,,,,,,,836,0,0,
🇹🇿,Kxpow,0,0,9:14.187,9:14.913,24 Mar 2025,416,(U),-2641175186777624724,,,https://www.youtube.com/watch?v=kCgKV0ghctY,9,14,913,554913,,,410359,1.352262287,421494,1.316538314,-0.0005,0.8122,3.527713549,30.7850,37.9029,148.7856,6.31339,,,,,,,,,,,,,,,,,,,,,,,,,,,,,,,,,,,,,,,,,,,,,,,,,,,,,,,,,,,,,,,,,,,,,,,,,,,,,,,,,,,,,
🇺🇸,Feinberg,0,0,9:11.174,9:14.994,27 Oct 2022,1295,(U),2915556913390472646,,,https://www.youtube.com/watch?v=DWH0YeK2M_A,9,14,994,554994,,,410359,1.352459676,517884,1.071656973,-0.0005,0.5234,0.9116346219,49.1354,93.8858,148.3088,6.32097,,,,,,,,,,,,,,,,,,,,,,,,,,,,,,,,,,,,,,,,,,,,,,,,,,,,,,,,,,,,,,,,,,,,,,,,,,,,,,,,,,,,,
🇺🇸,doogile,0,0,9:14.533,9:15.162,26 Apr 2024,748,(U),-3919243300877167705,,,https://www.youtube.com/watch?v=GeoFh01Ym_4,9,15,162,555162,,,410359,1.352869073,421494,1.317129069,-0.0005,0.6880,3.538494614,25.9579,37.7308,147.3228,6.33671,,,,,,,,,,,,,,,,,,,,,,,,,,,,,,,,,,,,,,,,,,,,,,,,,,,,,,,--,,,,,,,,,,,,,,,,,,,,,,,,,,,748,0,0,
🇹🇿,Kxpow,0,0,9:11.735,9:15.261,31 Mar 2025,409,(U),-6009471755051022829,,,6009471755051022829,9,15,261,555261,,,410359,1.353110325,421494,1.317363948,-0.0005,0.8151,3.54278913,30.6969,37.6624,146.7435,6.34600,,,,,,,,,,,,,,,,,,,,,,,,,,,,,,,,,,,,,,,,,,,,,,,,,,,,,,,,,,,,,,,,,,,,,,,,,,,,,,,,,,,,,
🇫🇮,sadekeppi,0,0,9:13.584,9:15.527,14 Apr 2025,395,(U),-8290656219591381128,,,https://www.youtube.com/watch?v=Zz14GZVj_0g,9,15,527,555527,,,410359,1.353758538,421494,1.317995037,-0.0005,0.8208,3.554350709,30.7618,37.4787,145.1933,6.37103,,,,,,,,,,,,,,,,,,,,,,,,,,,,,,,,,,,,,,,,,,,,,,,,,,,,,,,,,,,,,,,,,,,,,,,,,,,,,,,,,,395,0.002105952332,0.7892833225,
🇺🇸,doogile,0,0,9:14.089,9:15.601,11 Nov 2023,915,(U),2174062846577023263,,,https://www.youtube.com/watch?v=pUgJefjM1GA,9,15,601,555601,,,410359,1.353938868,465828,1.192717054,-0.0005,0.6329,1.816848639,45.9466,72.6011,144.7637,6.37801,,,,,,,,,,,,,,,,,,,,,,,,,,,,,,,,,,,,,,,,,,,,,,,,,,,,,,,--,,,,,,,,,,,,,,,,,,,,,,,,,,,915,0,0,
🇹🇿,Kxpow,0,0,9:15.051,9:15.727,26 Feb 2025,442,(U),-8993383903360972932,,,https://www.youtube.com/watch?v=hyPRZkxhZtg,9,15,727,555727,,,410359,1.354245916,421494,1.318469539,-0.0005,0.8017,3.563065528,29.9367,37.3407,144.0339,6.38991,,,,,,,,,,,,,,,,,,,,,,,,,,,,,,,,,,,,,,,,,,,,,,,,,,,,,,,,,,,,,,,,,,,,,,,,,,,,,,,,,,,,,
🇳🇴,skycrab1,0,0,9:14.966,9:16.045,09 Jul 2024,674,(U),1846406805123780457,,,https://www.youtube.com/watch?v=6Yj7_cuk-uM&list=PLU3_fvoJ1GyMStiA29z37DUPtG47PvOJz&index=41,9,16,45,556045,,,410359,1.355020848,421494,1.319223998,-0.0005,0.7139,3.576960894,26.5014,37.1215,142.2012,6.42003,,,,,,,,,,,,,,,,,,,,,,,,,,,,,,,,,,,,,,,,,,,,,,,,,,,,,,,--,,,,,,,,,,,,,,,,,,,,,,,,,,,674,0,0,
🇨🇦,rdpill,0,1,9:09.681,9:16.183,20 Oct 2023,937,(V),7156324769459840152,,,https://www.speedrun.com/mc/runs/y9kngrnz,9,16,183,556183,,,410359,1.355357139,465828,1.193966443,-0.0005,0.6259,1.829477234,45.2562,72.3011,141.4101,6.43314,,,,,,,,,,,,,,,,,,,,,,,,,,,,,,,,,,,,,,,,,,,,,,,,,,,,,,,,,,,,,,,,,,,,,,,,,,,,,,,,,,,,,
🇫🇮,sadekeppi,0,0,9:16.215,9:16.215,06 Apr 2025,403,(U),unknown,,,https://www.youtube.com/watch?v=yJf1cOGUM_k,9,16,215,556215,,,410359,1.355435119,421494,1.319627326,-0.0005,0.8175,3.584408817,30.2512,37.0044,141.2270,6.43618,,,,,,,,,,,,,,,,,,,,,,,,,,,,,,,,,,,,,,,,,,,,,,,,,,,,,,,,,,,,,,,,,,,,,,,,,,,,,,,,,,403,0.001437165224,0.5318142845,
🇬🇧,priffie,0,0,9:16.227,9:16.227,10 Jul 2024,673,(U),unknown,,,https://www.youtube.com/watch?v=hXej8RHuZnY,9,16,227,556227,,,410359,1.355464362,421494,1.319655796,-0.0005,0.7143,3.584935069,26.4251,36.9961,141.1583,6.43732,,,,,,,,,,,,,,,,,,,,,,,,,,,,,,,,,,,,,,,,,,,,,,,,,,,,,,,,,,,,,,,,,,,,,,,,,,,,,,,,,,,,,
🇫🇮,megelimc,0,1,9:09.754,9:16.343,17 Nov 2022,1273.25,(U),-892141537493528746,,,https://www.speedrun.com/mc/run/y4xdkwdz,9,16,343,556343,,,410359,1.355747041,495537,1.122707285,-0.0005,0.5291,1.224179832,45.9179,86.7890,140.4959,6.44836,,,,,,,,,,,,,,,,,,,,,,,,,,,,,,,,,,,,,,,,,,,,,,,,,,,,,,,,,,,,,,,,,,,,,,,,,,,,,,,,,,,,,
🇸🇰,NoFear1337,0,0,9:14.913,9:16.380,10 Feb 2024,824,(U),unknown,,,https://www.youtube.com/watch?v=5zSaBWQqr4U&list=PLaTJSsRuu2UeeWabBBfNVWALvnefBoL2C&index=6,9,16,380,556380,,,410359,1.355837206,421494,1.32001879,-0.0005,0.6623,3.591650756,24.4337,36.8908,140.2850,6.45189,,,,,,,,,,,,,,,,,,,,,,,,,,,,,,,,,,,,,,,,,,,,,,,,,,,,,,,--,,,,,,,,,,,,,,,,,,,,,,,,,,,824,0,0,
🇺🇸,zylenox,0,0,9:14.387,9:16.437,20 May 2023,1090,(U),8905593962406892009,,,https://www.youtube.com/watch?v=hGU9t4TJ2m0,9,16,437,556437,,,410359,1.355976109,465828,1.194511708,-0.0005,0.5798,1.835013589,41.8470,72.1696,139.9605,6.45733,,,,,,,,,,,,,,,,,,,,,,,,,,,,,,,,,,,,,,,,,,,,,,,,,,,,,,,--,,,,,,,,,,,,,,,,,,,,,,,,,,,1090,0,0,
🇫🇮,AndrewCrow,0,1,9:14.036,9:16.477,02 Apr 2025,407,(V),-6799269420836569969,,,https://www.speedrun.com/mc/runs/y9pq32vm,9,16,477,556477,,,410359,1.356073584,421494,1.320248924,-0.0005,0.8159,3.595914158,30.0437,36.8241,139.7330,6.46114,,,,,,,,,,,,,,,,,,,,,,,,,,,,,,,,,,,,,,,,,,,,,,,,,,,,,,,,,,,,,,,,,,,,,,,,,,,,,,,,,,407,0.001180385381,0.4346661722,
🇨🇦,Aquacorde,0,0,9:15.604,9:16.493,26 Jan 2024,839,(U),-1042044413178476719,,,https://www.youtube.com/watch?v=pAhnFo4AVnE,9,16,493,556493,,,410359,1.356112575,421494,1.320286884,-0.0005,0.6574,3.596617828,24.2000,36.8131,139.6420,6.46267,,,,,,,,,,,,,,,,,,,,,,,,,,,,,,,,,,,,,,,,,,,,,,,,,,,,,,,--,,,,,,,,,,,,,,,,,,,,,,,,,,,839,0,0,
🇺🇸,zylenox,0,0,9:03.668,9:16.588,31 May 2024,713,(U),unknown,,,https://www.youtube.com/watch?v=wWtTDwxgvwI,9,16,588,556588,,,410359,1.356344079,421494,1.320512273,-0.0005,0.7001,3.600798369,25.7279,36.7478,139.1028,6.47175,,,,,,,,,,,,,,,,,,,,,,,,,,,,,,,,,,,,,,,,,,,,,,,,,,,,,,,,,,,,,,,,,,,,,,,,,,,,,,,,,,,,,
🇳🇴,skycrab1,0,0,9:16.645,9:16.645,17 Oct 2024,574,(U),6561585119955405427,,,https://www.youtube.com/watch?v=MkMf2lrPDJk&list=PLU3_fvoJ1GyMStiA29z37DUPtG47PvOJz&index=85,9,16,645,556645,,,410359,1.356482982,421494,1.320647506,-0.0005,0.7505,3.60330875,27.5502,36.7086,138.7798,6.47720,,,,,,,,,,,,,,,,,,,,,,,,,,,,,,,,,,,,,,,,,,,,,,,,,,,,,,,--,,,,,,,,,,,,,,,,,,,,,,,,,,,574,0.00000000611866195,0.000002246073219,
🇹🇿,Kxpow,0,0,9:15.670,9:16.934,13 Jan 2024,852,(U),-6971781653969664165,,,https://www.youtube.com/watch?v=LSWoZhH81gU,9,16,934,556934,,,410359,1.357187243,421494,1.321333163,-0.0005,0.6531,3.616060579,23.8453,36.5100,137.1488,6.50490,,,,,,,,,,,,,,,,,,,,,,,,,,,,,,,,,,,,,,,,,,,,,,,,,,,,,,,,,,,,,,,,,,,,,,,,,,,,,,,,,,,,,
🇺🇸,Infume,0,1,9:13.433,9:16.955,05 Nov 2023,921,(V),2006249756228583623,09,Yes,https://www.speedrun.com/mc/runs/yoo68gjy,9,16,955,556955,,,410359,1.357238418,465828,1.195623707,-0.0005,0.6310,1.846351362,45.3671,71.9007,137.0308,6.50691,,,,,,,,,,,,,,,,,,,,,,,,,,,,,,,,,,,,,,,,,,,,,,,,,,,,,,,--,,,,,,,,,,,,,,,,,,,,,,,,,,,921,0,0,
🇨🇦,NoHacsJustRoblox,0,0,9:17.060,9:17.060,04 Oct 2024,587,(U),-7707972832259680714,,,https://www.youtube.com/watch?v=OErmac0MJfo,9,17,60,557060,,,410359,1.357494292,421494,1.321632099,-0.0005,0.7456,3.621632641,27.1592,36.4235,136.4412,6.51701,,,,,,,,,,,,,,,,,,,,,,,,,,,,,,,,,,,,,,,,,,,,,,,,,,,,,,,--,,,,,,,,,,,,,,,,,,,,,,,,,,,587,0.000000001643890251,0.0000005987627816,
🇺🇸,doogile,0,0,9:17.074,9:17.074,22 Sep 2024,599,(U),7208789671149948230,,,https://www.youtube.com/watch?v=GoOPg6uyw0M,9,17,74,557074,,,410359,1.357528408,421494,1.321665314,-0.0005,0.7412,3.622252226,26.9896,36.4139,136.3627,6.51835,,,,,,,,,,,,,,,,,,,,,,,,,,,,,,,,,,,,,,,,,,,,,,,,,,,,,,,--,,,,,,,,,,,,,,,,,,,,,,,,,,,599,0.0000000004635161444,0.0000001687843864,
🇿🇦,Airpodsz,0,0,9:17.082,9:17.082,09 May 2025,370,(U),-7592157151259512396,,,https://www.youtube.com/watch?v=dGtOu27tzuo&list=PLjW0OIc7zcEcCMM5essHmBGzf92S0FzKi&index=5,9,17,82,557082,,,410359,1.357547903,421494,1.321684294,-0.0005,0.8311,3.622606317,30.2592,36.4084,136.3179,6.51912,,,,,,,,,,,,,,,,,,,,,,,,,,,,,,,,,,,,,,,,,,,,,,,,,,,,,,,,,,,,,,,,,,,,,,,,,,,,,,,,,,,,,
🇸🇰,NoFear1337,0,0,9:17.140,9:17.140,12 Dec 2022,1249,(U),unknown,,,https://www.youtube.com/watch?v=6nhON_z_fUs,9,17,140,557140,,,410359,1.357689243,495537,1.124315641,-0.0005,0.5355,1.235501657,46.3352,86.5222,135.9931,6.52470,,,,,,,,,,,,,,,,,,,,,,,,,,,,,,,,,,,,,,,,,,,,,,,,,,,,,,,--,,,,,,,,,,,,,,,,,,,,,,,,,,,1249,0,0,
🇩🇰,Bloopy,0,0,9:17.397,9:17.397,31 Oct 2024,560,(U),-8999228905854836808,,,https://www.youtube.com/watch?v=3DH8mKGha0g,9,17,397,557397,,,410359,1.358315524,421494,1.322431636,-0.0005,0.7558,3.636572906,27.3536,36.1924,134.5591,6.54949,,,,,,,,,,,,,,,,,,,,,,,,,,,,,,,,,,,,,,,,,,,,,,,,,,,,,,,--,,,,,,,,,,,,,,,,,,,,,,,,,,,560,0.00000002360989342,0.000008544987394,
🇫🇮,AndrewCrow,0,1,9:16.632,9:17.414,04 Mar 2025,436,(V),-7135634061431368207,,,https://www.speedrun.com/mc/runs/y6geo5jm,9,17,414,557414,,,410359,1.358356951,421494,1.322471969,-0.0005,0.8041,3.637328006,29.0939,36.1808,134.4646,6.55114,,,,,,,,,,,,,,,,,,,,,,,,,,,,,,,,,,,,,,,,,,,,,,,,,,,,,,,,,,,,,,,,,,,,,,,,,,,,,,,,,,436,0.0002514703168,0.09098384833,
🇺🇸,zylenox,0,0,9:10.985,9:17.522,15 May 2023,1094.104167,(U),-7323274319262585461,15,Yes,https://www.youtube.com/watch?v=EUYjJCqOPdc,9,17,522,557522,,,410359,1.358620135,465828,1.196840894,-0.0005,0.5787,1.858834369,41.4344,71.6050,133.8649,6.56158,,,,,,,,,,,,,,,,,,,,,,,,,,,,,,,,,,,,,,,,,,,,,,,,,,,,,,,--,,,,,,,,,,,,,,,,,,,,,,,,,,,1094.104167,0,0,
🇺🇸,zylenox,0,0,9:13.869,9:17.609,30 Jan 2023,1200,(U),-7020151109902988040,15,Yes,https://www.youtube.com/watch?v=LFG9a3caV7M,9,17,609,557609,,,410359,1.358832145,495537,1.125262089,-0.0005,0.5488,1.242209629,47.3975,86.3639,133.3829,6.57000,,,,,,,,,,,,,,,,,,,,,,,,,,,,,,,,,,,,,,,,,,,,,,,,,,,,,,,--,,,,,,,,,,,,,,,,,,,,,,,,,,,1200,0,0,
🇫🇮,sadekeppi,0,1,9:16.512,9:17.825,18 Sep 2024,603,(V),-8519881394831868986,,,https://www.speedrun.com/mc/runs/yvxpxe6z,9,17,825,557825,,,410359,1.359358513,421494,1.323447072,-0.0005,0.7397,3.655625773,26.5550,35.8993,132.1906,6.59096,,,,,,,,,,,,,,,,,,,,,,,,,,,,,,,,,,,,,,,,,,,,,,,,,,,,,,,,,,,,,,,,,,,,,,,,,,,,,,,,,,603,0.0000000003004851743,0.0000001078721534,
🇸🇪,PAPLERR,0,0,9:17.999,9:17.999,28 May 2024,716,(U),unknown,,,https://www.youtube.com/watch?v=aONTzzYtIQc,9,17,999,557999,,,410359,1.359782532,421494,1.323859889,-0.0005,0.6991,3.663396682,25.0131,35.7803,131.2348,6.60789,,,,,,,,,,,,,,,,,,,,,,,,,,,,,,,,,,,,,,,,,,,,,,,,,,,,,,,,,,,,,,,,,,,,,,,,,,,,,,,,,,,,,
🇳🇴,skycrab1,0,0,9:18.049,9:18.049,10 Oct 2024,581,(U),7717196540961604110,,,https://www.youtube.com/watch?v=zMUJ5AJmou8&list=PLU3_fvoJ1GyMStiA29z37DUPtG47PvOJz&index=80,9,18,49,558049,,,410359,1.359904376,421494,1.323978515,-0.0005,0.7479,3.665632392,26.7342,35.7462,130.9609,6.61276,,,,,,,,,,,,,,,,,,,,,,,,,,,,,,,,,,,,,,,,,,,,,,,,,,,,,,,--,,,,,,,,,,,,,,,,,,,,,,,,,,,581,0.000000003037308426,0.000001085720862,
🇳🇴,skycrab1,0,0,9:18.430,9:18.430,22 Jul 2025,296,(U),unknown,,,https://www.youtube.com/watch?v=za-UzBn_QrM&list=PLU3_fvoJ1GyMStiA29z37DUPtG47PvOJz&index=134,9,18,430,558430,,,410359,1.360832832,410359,1.360832832,-0.0005,0.8624,4.421190918,22.0876,25.6108,128.8846,6.64998,,,,,,,,,,,,,,,,,,,,,,,,,,,,,,,,,,,,,,,,,,,,,,,,,,,,,,,--,,,,,,,,,,,,,,,,,,,,,,,,,,,296,0.074762893,19.1473919,
🇺🇸,Reignex,0,0,9:18.705,9:18.705,14 Oct 2023,943,(U),unknown,12,Yes,https://www.youtube.com/watch?v=4FF1nTxjHGU,9,18,705,558705,,,410359,1.361502977,465828,1.199380458,-0.0005,0.6241,1.885125621,44.2982,70.9833,127.3981,6.67696,,,,,,,,,,,,,,,,,,,,,,,,,,,,,,,,,,,,,,,,,,,,,,,,,,,,,,,--,,,,,,,,,,,,,,,,,,,,,,,,,,,943,0,0,
🇵🇱,okshey,0,0,9:15.055,9:18.727,18 Oct 2025,208,(U),see video,,,https://www.youtube.com/watch?v=dMuMFmERlLs,9,18,727,558727,,,410359,1.361556588,410359,1.361556588,-0.0005,0.9012,4.437304133,22.9127,25.4239,127.2797,6.67912,,,,,,,,,,,,,,,,,,,,,,,,,,,,,,,,,,,,,,,,,,,,,,,,,,,,,,,,,,,,,,,,,,,,,,,,,,,,,,,,,,208,0.4066138969,103.3772726,
🇦🇿,KenanKardes,0,0,9:18.778,9:18.778,27 Jan 2025,472,(U),-6623698323742859643,,,https://www.youtube.com/watch?v=rL1KGMFLajg,9,18,778,558778,,,410359,1.36168087,421494,1.325708077,-0.0005,0.7898,3.698365872,27.8387,35.2487,127.0053,6.68414,,,,,,,,,,,,,,,,,,,,,,,,,,,,,,,,,,,,,,,,,,,,,,,,,,,,,,,,,,,,,,,,,,,,,,,,,,,,,,,,,,,,,
🇸🇰,NoFear1337,0,0,9:16.999,9:18.825,30 Dec 2023,866,(U),unknown,,,https://www.youtube.com/watch?v=LBJgput7Jd4&list=PLaTJSsRuu2UeeWabBBfNVWALvnefBoL2C&index=2,9,18,825,558825,,,410359,1.361795404,446254,1.252257683,-0.0005,0.6486,2.514492931,36.8384,56.8002,126.7527,6.68877,,,,,,,,,,,,,,,,,,,,,,,,,,,,,,,,,,,,,,,,,,,,,,,,,,,,,,,--,,,,,,,,,,,,,,,,,,,,,,,,,,,866,0,0,
🇸🇰,NoFear1337,0,0,9:18.887,9:18.887,23 Jun 2024,690,(U),unknown,,,https://www.youtube.com/watch?v=07u83rRMp7g&list=PLaTJSsRuu2UeeWabBBfNVWALvnefBoL2C&index=10,9,18,887,558887,,,410359,1.361946491,421494,1.32596668,-0.0005,0.7082,3.703282244,24.9113,35.1744,126.4200,6.69487,,,,,,,,,,,,,,,,,,,,,,,,,,,,,,,,,,,,,,,,,,,,,,,,,,,,,,,--,,,,,,,,,,,,,,,,,,,,,,,,,,,690,0,0,
🇹🇷,ulsahin,0,1,9:11.907,9:18.901,22 Oct 2022,1300,(V),-9175405862479286955,01,Yes,https://www.speedrun.com/mc/run/yw62x49m,9,18,901,558901,,,410359,1.361980607,517884,1.079201134,-0.0005,0.5220,0.9524850175,48.5489,92.9973,126.3449,6.69625,,,,,,,,,,,,,,,,,,,,,,,,,,,,,,,,,,,,,,,,,,,,,,,,,,,,,,,--,,,,,,,,,,,,,,,,,,,,,,,,,,,1300,0,0,
🇳🇴,skycrab1,0,0,9:17.770,9:18.915,05 Jul 2024,678,(U),9011816872477408016,,,https://www.youtube.com/watch?v=LWG_qoaOPj0&list=PLU3_fvoJ1GyMStiA29z37DUPtG47PvOJz&index=39,9,18,915,558915,,,410359,1.362014724,421494,1.326033111,-0.0005,0.7125,3.704546094,25.0476,35.1554,126.2699,6.69763,,,,,,,,,,,,,,,,,,,,,,,,,,,,,,,,,,,,,,,,,,,,,,,,,,,,,,,--,,,,,,,,,,,,,,,,,,,,,,,,,,,678,0,0,
🇹🇿,Kxpow,0,0,9:18.000,9:19.060,28 May 2024,716,(U),5540784854483904308,,,https://www.youtube.com/watch?v=vgONoZbPcTc,9,19,60,559060,,,410359,1.362368073,421494,1.326377125,-0.0005,0.6991,3.711097113,24.5072,35.0567,125.4943,6.71194,,,,,,,,,,,,,,,,,,,,,,,,,,,,,,,,,,,,,,,,,,,,,,,,,,,,,,,,,,,,,,,,,,,,,,,,,,,,,,,,,,,,,
🇬🇧,priffie,0,0,9:19.148,9:19.148,23 Nov 2024,537,(U),7827145101962216509,,,https://www.youtube.com/watch?v=3iy1RYg4UfQ,9,19,148,559148,,,410359,1.362582519,421494,1.326585906,-0.0005,0.7645,3.715077878,26.7560,34.9968,125.0250,6.72063,,,,,,,,,,,,,,,,,,,,,,,,,,,,,,,,,,,,,,,,,,,,,,,,,,,,,,,,,,,,,,,,,,,,,,,,,,,,,,,,,,,,,
🇩🇰,Bloopy,0,0,9:18.948,9:19.201,15 May 2024,729,(U),-4253594903097616882,,,https://www.youtube.com/watch?v=phM9zY5QURA,9,19,201,559201,,,410359,1.362711674,421494,1.32671165,-0.0005,0.6945,3.717477199,24.2818,34.9608,124.7429,6.72587,,,,,,,,,,,,,,,,,,,,,,,,,,,,,,,,,,,,,,,,,,,,,,,,,,,,,,,--,,,,,,,,,,,,,,,,,,,,,,,,,,,729,0,0,
🇺🇸,Feinberg,0,0,9:19.272,9:19.272,27 Aug 2025,260,(U),5931765018474160498,,,https://www.youtube.com/watch?v=AW8biucjxzA,9,19,272,559272,,,410359,1.362884694,410359,1.362884694,-0.0005,0.8781,4.467006143,22.0248,25.0825,124.3655,6.73290,,,,,,,,,,,,,,,,,,,,,,,,,,,,,,,,,,,,,,,,,,,,,,,,,,,,,,,,,,,,,,,,,,,,,,,,,,,,,,,,,,,,,
🇺🇸,Redstcne,0,1,9:18.180,9:19.332,25 Dec 2023,871,(V),-6193469961585936628,,,https://www.speedrun.com/mc/run/zqd8p78m,9,19,332,559332,,,410359,1.363030907,446254,1.253393807,-0.0005,0.6469,2.529868753,36.5356,56.4744,124.0471,6.73885,,,,,,,,,,,,,,,,,,,,,,,,,,,,,,,,,,,,,,,,,,,,,,,,,,,,,,,,,,,,,,,,,,,,,,,,,,,,,,,,,,,,,
🇧🇷,sanjinhu,0,1,9:17.533,9:19.616,14 Jul 2025,304,(V),7650618747477981610,,,https://www.speedrun.com/mc/runs/z5wplwgz,9,19,616,559616,,,410359,1.363722984,410359,1.363722984,-0.0005,0.8590,4.485843443,21.3613,24.8679,122.5468,6.76705,,,,,,,,,,,,,,,,,,,,,,,,,,,,,,,,,,,,,,,,,,,,,,,,,,,,,,,,,,,,,,,,,,,,,,,,,,,,,,,,,,,,,
🇺🇦,7rowl,0,0,9:20.008,9:20.008,09 Dec 2023,887,(U),-3950245049777822737,12,Yes,https://www.youtube.com/watch?v=h-SMqgJqpj8,9,20,8,560008,,,410359,1.364678245,446254,1.254908639,-0.0005,0.6418,2.55050035,35.9650,56.0389,120.4938,6.80614,,,,,,,,,,,,,,,,,,,,,,,,,,,,,,,,,,,,,,,,,,,,,,,,,,,,,,,,,,,,,,,,,,,,,,,,,,,,,,,,,,,,,
🇸🇰,NoFear1337,0,0,9:20.067,9:20.067,17 Mar 2024,788,(U),unknown,,,https://www.youtube.com/watch?v=wx_CPxzxwnY&list=PLaTJSsRuu2UeeWabBBfNVWALvnefBoL2C&index=7,9,20,67,560067,,,410359,1.364822022,421494,1.328766246,-0.0005,0.6744,3.756875002,23.1797,34.3731,120.1866,6.81204,,,,,,,,,,,,,,,,,,,,,,,,,,,,,,,,,,,,,,,,,,,,,,,,,,,,,,,--,,,,,,,,,,,,,,,,,,,,,,,,,,,788,0,0,
🇩🇰,Bloopy,0,0,9:20.313,9:20.313,14 Sep 2024,607,(U),1197606622777508367,,,https://www.youtube.com/watch?v=uvKQQ_wiAXU,9,20,313,560313,,,410359,1.365421497,421494,1.329349884,-0.0005,0.7382,3.768133374,25.2524,34.2067,118.9109,6.83670,,,,,,,,,,,,,,,,,,,,,,,,,,,,,,,,,,,,,,,,,,,,,,,,,,,,,,,--,,,,,,,,,,,,,,,,,,,,,,,,,,,607,0.0000000001936721568,0.00000006624876837,
🇸🇰,NoFear1337,0,1,9:20.103,9:20.564,05 Nov 2022,1286,(V),-04661894098057216280,,,https://www.speedrun.com/mc/runs/znq62l9z,9,20,564,560564,,,410359,1.366033156,517884,1.082412278,-0.0005,0.5257,0.970400181,48.6826,92.6031,117.6178,6.86194,,,,,,,,,,,,,,,,,,,,,,,,,,,,,,,,,,,,,,,,,,,,,,,,,,,,,,,--,,,,,,,,,,,,,,,,,,,,,,,,,,,1286,0,0,
🇿🇦,Airpodsz,0,0,9:20.764,9:20.764,10 Oct 2025,216,(U),8202288226526358896,,,https://www.youtube.com/watch?v=aTw9MuaTVCc&list=PLjW0OIc7zcEcCMM5essHmBGzf92S0FzKi&index=13,9,20,764,560764,,,410359,1.366520534,410359,1.366520534,-0.0005,0.8976,4.549212404,21.6845,24.1576,116.5935,6.88211,,,,,,,,,,,,,,,,,,,,,,,,,,,,,,,,,,,,,,,,,,,,,,,,,,,,,,,,,,,,,,,,,,,,,,,,,,,,,,,,,,,,,
🇨🇦,dandannyboy,0,1,9:17.413,9:20.810,17 Aug 2024,635,(V),5069141939301614256,,,https://www.speedrun.com/mc/runs/zqqv725z,9,20,810,560810,,,410359,1.366632631,421494,1.330529023,-0.0005,0.7280,3.790969619,24.6569,33.8710,116.3587,6.88676,,,,,,,,,,,,,,,,,,,,,,,,,,,,,,,,,,,,,,,,,,,,,,,,,,,,,,,,,,,,,,,,,,,,,,,,,,,,,,,,,,,,,
🇿🇦,Airpodsz,0,0,9:20.925,9:20.925,22 Jul 2025,296,(U),-5682170692209227387,,,https://www.youtube.com/watch?v=LlCBi4LbqvQ&list=PLjW0OIc7zcEcCMM5essHmBGzf92S0FzKi&index=8,9,20,925,560925,,,410359,1.366912874,410359,1.366912874,-0.0005,0.8624,4.55816195,20.7489,24.0587,115.7729,6.89839,,,,,,,,,,,,,,,,,,,,,,,,,,,,,,,,,,,,,,,,,,,,,,,,,,,,,,,,,,,,,,,,,,,,,,,,,,,,,,,,,,,,,
🇫🇮,sadekeppi,0,0,9:20.981,9:20.981,17 Feb 2026,86,(U),unknown,,,https://www.youtube.com/watch?v=UcBuJ---HfI,9,20,981,560981,,,410359,1.36704934,410359,1.36704934,-0.0005,0.9579,4.561278451,23.0131,24.0243,115.4883,6.90406,,,,,,,,,,,,,,,,,,,,,,,,,,,,,,,,,,,,,,,,,,,,,,,,,,,,,,,,,,,,,,,,,,,,,,,,,,,,,,,,,,,,,
🇹🇿,Kxpow,0,0,9:18.860,9:21.100,25 Feb 2024,809,(U),-1070171335018102689,,,https://www.youtube.com/watch?v=7qv8ewBebLE,9,21,100,561100,,,410359,1.36733933,421494,1.331217052,-0.0005,0.6673,3.804350803,22.4720,33.6755,114.8850,6.91612,,,,,,,,,,,,,,,,,,,,,,,,,,,,,,,,,,,,,,,,,,,,,,,,,,,,,,,,,,,,,,,,,,,,,,,,,,,,,,,,,,,,,
🇳🇴,skycrab1,0,0,9:21.103,9:21.103,20 Sep 2025,236,(U),see video,,,https://www.youtube.com/watch?v=GHKDc6d-Fes&list=PLU3_fvoJ1GyMStiA29z37DUPtG47PvOJz&index=140,9,21,103,561103,,,410359,1.36734664,410359,1.36734664,-0.0005,0.8887,4.568074436,21.2838,23.9495,114.8698,6.91642,,,,,,,,,,,,,,,,,,,,,,,,,,,,,,,,,,,,,,,,,,,,,,,,,,,,,,,--,,,,,,,,,,,,,,,,,,,,,,,,,,,236,0.2686285792,64.33518122,
🇺🇸,doogile,0,0,9:20.519,9:21.114,10 Dec 2023,886,(U),-3029852224010085717,,,https://www.youtube.com/watch?v=ddJ5zdyslbw,9,21,114,561114,,,410359,1.367373446,446254,1.257387049,-0.0005,0.6421,2.584579418,35.5240,55.3241,114.8141,6.91754,,,,,,,,,,,,,,,,,,,,,,,,,,,,,,,,,,,,,,,,,,,,,,,,,,,,,,,--,,,,,,,,,,,,,,,,,,,,,,,,,,,886,0,0,
🇺🇸,doogile,0,1,9:18.601,9:21.223,31 Aug 2022,1352,(V),-926914523663257060,,,https://www.speedrun.com/mc/runs/znq7rllz,9,21,223,561223,,,410359,1.367639067,517884,1.083684763,-0.0005,0.5086,0.9775881996,47.0215,92.4441,114.2634,6.92861,,,,,,,,,,,,,,,,,,,,,,,,,,,,,,,,,,,,,,,,,,,,,,,,,,,,,,,--,,,,,,,,,,,,,,,,,,,,,,,,,,,1352,0,0,
🇵🇱,okshey,0,0,9:19.696,9:21.313,12 Jul 2025,306,(U),9087194925192302501,,,https://www.youtube.com/watch?v=YhRxM08p0zE,9,21,313,561313,,,410359,1.367858387,410359,1.367858387,-0.0005,0.8581,4.579793226,20.4415,23.8210,113.8099,6.93775,,,,,,,,,,,,,,,,,,,,,,,,,,,,,,,,,,,,,,,,,,,,,,,,,,,,,,,,,,,,,,,,,,,,,,,,,,,,,,,,,,306,0.05696822629,13.57039274,
🇺🇸,zylenox,0,0,9:21.318,9:21.318,04 Jul 2025,314,(U),unknown,,,https://www.youtube.com/watch?v=sDo5pv-8AWo,9,21,318,561318,,,410359,1.367870572,410359,1.367870572,-0.0005,0.8547,4.580072566,20.3573,23.8179,113.7847,6.93826,,,,,,,,,,,,,,,,,,,,,,,,,,,,,,,,,,,,,,,,,,,,,,,,,,,,,,,,,,,,,,,,,,,,,,,,,,,,,,,,,,,,,
🇮🇱,orachi,0,1,9:17.041,9:21.403,15 Oct 2024,576,(V),-6838685268510991553,,,https://www.speedrun.com/mc/runs/y8po4rxz,9,21,403,561403,,,410359,1.368077708,421494,1.331935923,-0.0005,0.7498,3.818376231,25.0957,33.4715,113.3575,6.94691,,,,,,,,,,,,,,,,,,,,,,,,,,,,,,,,,,,,,,,,,,,,,,,,,,,,,,,,,,,,,,,,,,,,,,,,,,,,,,,,,,,,,
🇺🇸,zylenox,0,0,9:19.844,9:21.472,13 May 2024,731,(U),unknown,,,,9,21,472,561472,,,410359,1.368245853,421494,1.332099627,-0.0005,0.6938,3.821576496,23.1920,33.4252,113.0114,6.95394,,,,,,,,,,,,,,,,,,,,,,,,,,,,,,,,,,,,,,,,,,,,,,,,,,,,,,,,,,,,,,,,,,,,,,,,,,,,,,,,,,,,,
🇺🇸,doogile,0,0,9:18.200,9:21.657,13 Oct 2023,944,(U),5505825860127473867,,,https://www.youtube.com/watch?v=ePu9GV9eOKA,9,21,657,561657,,,410359,1.368696678,465828,1.205717561,-0.0005,0.6238,1.952205241,43.2917,69.4052,112.0866,6.97282,,,,,,,,,,,,,,,,,,,,,,,,,,,,,,,,,,,,,,,,,,,,,,,,,,,,,,,--,,,,,,,,,,,,,,,,,,,,,,,,,,,944,0,0,
🇳🇴,skycrab1,0,0,9:21.700,9:21.700,18 Nov 2024,542,(U),4892185153542737576,,,https://www.youtube.com/watch?v=ZDMheI2JkhE&list=PLU3_fvoJ1GyMStiA29z37DUPtG47PvOJz&index=95,9,21,700,561700,,,410359,1.368801464,421494,1.33264056,-0.0005,0.7626,3.832168078,25.3738,33.2720,111.8723,6.97722,,,,,,,,,,,,,,,,,,,,,,,,,,,,,,,,,,,,,,,,,,,,,,,,,,,,,,,--,,,,,,,,,,,,,,,,,,,,,,,,,,,542,0.0000001216632566,0.00004047978117,
🇿🇦,Airpodsz,0,0,9:21.746,9:21.746,04 Oct 2025,222,(U),8717532358866919839,,,https://www.youtube.com/watch?v=GaRAj44ZXQU&list=PLjW0OIc7zcEcCMM5essHmBGzf92S0FzKi&index=11,9,21,746,561746,,,410359,1.368913561,410359,1.368913561,-0.0005,0.8949,4.604039443,21.0820,23.5570,111.6434,6.98192,,,,,,,,,,,,,,,,,,,,,,,,,,,,,,,,,,,,,,,,,,,,,,,,,,,,,,,,,,,,,,,,,,,,,,,,,,,,,,,,,,,,,
🇺🇸,oxidiot,0,1,9:21.111,9:21.759,30 Apr 2023,1109.291667,(V),-5459883539213513455,,,https://www.speedrun.com/mc/run/m3qd5r6y,9,21,759,561759,,,410359,1.368945241,465828,1.205936526,-0.0005,0.5743,1.954561119,39.8260,69.3500,111.5788,6.98325,,,,,,,,,,,,,,,,,,,,,,,,,,,,,,,,,,,,,,,,,,,,,,,,,,,,,,,,,,,,,,,,,,,,,,,,,,,,,,,,,,,,,
🇳🇴,skycrab1,0,0,9:21.933,9:21.933,21 Oct 2024,570,(U),-5604599059233679142,,,https://www.youtube.com/watch?v=IfSVkk_BYyI&list=PLU3_fvoJ1GyMStiA29z37DUPtG47PvOJz&index=87,9,21,933,561933,,,410359,1.36936926,421494,1.333193355,-0.0005,0.7520,3.843018615,24.9034,33.1157,110.7157,7.00108,,,,,,,,,,,,,,,,,,,,,,,,,,,,,,,,,,,,,,,,,,,,,,,,,,,,,,,--,,,,,,,,,,,,,,,,,,,,,,,,,,,570,0.000000009060876297,0.000003000568447,
🇸🇰,NoFear1337,0,0,9:22.270,9:22.270,06 Dec 2023,890,(U),unknown,,,https://www.youtube.com/watch?v=4AiI-9WGRVg,9,22,270,562270,,,410359,1.370190492,465828,1.207033497,-0.0005,0.6408,1.96640231,44.2635,69.0728,109.0558,7.03571,,,,,,,,,,,,,,,,,,,,,,,,,,,,,,,,,,,,,,,,,,,,,,,,,,,,,,,--,,,,,,,,,,,,,,,,,,,,,,,,,,,890,0,0,
🇿🇦,Airpodsz,0,0,9:22.276,9:22.276,30 Jan 2026,104,(U),-7344504832917567171,,,https://www.youtube.com/watch?v=mW0bPVkZyHc&list=PLjW0OIc7zcEcCMM5essHmBGzf92S0FzKi&index=25,9,22,276,562276,,,410359,1.370205113,410359,1.370205113,-0.0005,0.9493,4.633870288,22.0582,23.2356,109.0264,7.03633,,,,,,,,,,,,,,,,,,,,,,,,,,,,,,,,,,,,,,,,,,,,,,,,,,,,,,,,,,,,,,,,,,,,,,,,,,,,,,,,,,,,,
🇺🇸,zylenox,0,0,9:21.183,9:22.434,23 Apr 2024,751,(U),unknown,,,https://www.youtube.com/watch?v=NL_05o0zjKg&pp=0gcJCQQLAYcqIYzv,9,22,434,562434,,,410359,1.370590142,421494,1.334381984,-0.0005,0.6869,3.866441209,22.5182,32.7802,108.2537,7.05262,,,,,,,,,,,,,,,,,,,,,,,,,,,,,,,,,,,,,,,,,,,,,,,,,,,,,,,,,,,,,,,,,,,,,,,,,,,,,,,,,,,,,
🇨🇦,Aquacorde,0,0,9:22.481,9:22.481,26 May 2024,718,(U),2029778823013494560,,,https://www.youtube.com/watch?v=A__tIzZKmi4,9,22,481,562481,,,410359,1.370704676,421494,1.334493492,-0.0005,0.6984,3.868644969,22.8709,32.7488,108.0245,7.05747,,,,,,,,,,,,,,,,,,,,,,,,,,,,,,,,,,,,,,,,,,,,,,,,,,,,,,,--,,,,,,,,,,,,,,,,,,,,,,,,,,,718,0,0,
🇨🇦,Aquacorde,0,0,9:22.502,9:22.502,07 Jun 2025,341,(U),-803046318085136033,,,https://www.youtube.com/watch?v=XDNtWhu2Vbk,9,22,502,562502,,,410359,1.37075585,421494,1.334543315,-0.0005,0.8432,3.869629986,27.6033,32.7347,107.9222,7.05964,,,,,,,,,,,,,,,,,,,,,,,,,,,,,,,,,,,,,,,,,,,,,,,,,,,,,,,--,,,,,,,,,,,,,,,,,,,,,,,,,,,341,0.01896458285,6.208007318,
🇿🇦,Airpodsz,0,0,9:22.503,9:22.503,13 Feb 2026,90,(U),-8952982730153359190,,,https://www.youtube.com/watch?v=qr85451zGsc&list=PLjW0OIc7zcEcCMM5essHmBGzf92S0FzKi&index=30,9,22,503,562503,,,410359,1.370758287,410359,1.370758287,-0.0005,0.9560,4.646698599,22.0821,23.0985,107.9173,7.05975,,,,,,,,,,,,,,,,,,,,,,,,,,,,,,,,,,,,,,,,,,,,,,,,,,,,,,,,,,,,,,,,,,,,,,,,,,,,,,,,,,,,,
🇹🇿,Kxpow,0,0,9:21.477,9:22.628,25 Nov 2024,535,(U),-7404386622282913682,,,https://www.youtube.com/watch?v=8Oy2tN5jbxQ,9,22,628,562628,,,410359,1.371062899,421494,1.334842252,-0.0005,0.7653,3.875544718,24.9872,32.6506,107.3096,7.07267,,,,,,,,,,,,,,,,,,,,,,,,,,,,,,,,,,,,,,,,,,,,,,,,,,,,,,,,,,,,,,,,,,,,,,,,,,,,,,,,,,,,,
🇨🇦,Aquacorde,0,0,9:22.630,9:22.919,24 Jun 2025,324,(U),-731369506168980347,,,https://www.youtube.com/watch?v=JWt0HXHpP90,9,22,919,562919,,,410359,1.371772034,410359,1.371772034,-0.0005,0.8504,4.670288513,19.4311,22.8483,105.9030,7.10284,,,,,,,,,,,,,,,,,,,,,,,,,,,,,,,,,,,,,,,,,,,,,,,,,,,,,,,--,,,,,,,,,,,,,,,,,,,,,,,,,,,324,0.0333324994,7.615906274,
🇿🇦,Airpodsz,0,0,9:22.992,9:22.992,04 Feb 2026,99,(U),9186072717829534641,,,https://www.youtube.com/watch?v=xd8luqUIyHQ&list=PLjW0OIc7zcEcCMM5essHmBGzf92S0FzKi&index=28,9,22,992,562992,,,410359,1.371949927,410359,1.371949927,-0.0005,0.9517,4.67443889,21.7032,22.8045,105.5520,7.11043,,,,,,,,,,,,,,,,,,,,,,,,,,,,,,,,,,,,,,,,,,,,,,,,,,,,,,,,,,,,,,,,,,,,,,,,,,,,,,,,,,,,,
🇭🇷,CroProYT,0,0,9:23.011,9:23.011,05 Sep 2023,982,(U),-6782874286453284642,,,https://www.youtube.com/watch?v=t5T7-utQrwk,9,23,11,563011,,,410359,1.371996228,465828,1.208624213,-0.0005,0.6120,1.98368829,42.0263,68.6688,105.4607,7.11240,,,,,,,,,,,,,,,,,,,,,,,,,,,,,,,,,,,,,,,,,,,,,,,,,,,,,,,,,,,,,,,,,,,,,,,,,,,,,,,,,,,,,
🇺🇸,meebie,0,0,9:22.696,9:23.114,24 Dec 2023,872,(U),-915907836254045753,06,Yes,https://www.youtube.com/watch?v=Dr2HLNRqUNg,9,23,114,563114,,,410359,1.372247227,446254,1.261868801,-0.0005,0.6466,2.64723741,34.9333,54.0246,104.9669,7.12312,,,,,,,,,,,,,,,,,,,,,,,,,,,,,,,,,,,,,,,,,,,,,,,,,,,,,,,--,,,,,,,,,,,,,,,,,,,,,,,,,,,872,0,0,
🇺🇸,zylenox,0,0,9:18.196,9:23.126,17 Dec 2025,148,(U),unknown,,,https://www.youtube.com/watch?v=Egmf75w86ko&t=465s,9,23,126,563126,,,410359,1.37227647,410359,1.37227647,-0.0005,0.9287,4.682065799,21.1034,22.7242,104.9095,7.12437,,,,,,,,,,,,,,,,,,,,,,,,,,,,,,,,,,,,,,,,,,,,,,,,,,,,,,,,,,,,,,,,,,,,,,,,,,,,,,,,,,,,,
🇹🇿,Kxpow,0,0,9:22.800,9:23.240,15 Aug 2024,637,(U),6054288791678680157,,,https://www.youtube.com/watch?v=AnGRa7hNR5Q,9,23,240,563240,,,410359,1.372554276,421494,1.33629423,-0.0005,0.7272,3.904386707,23.4481,32.2426,104.3649,7.13625,,,,,,,,,,,,,,,,,,,,,,,,,,,,,,,,,,,,,,,,,,,,,,,,,,,,,,,,,,,,,,,,,,,,,,,,,,,,,,,,,,,,,
🇺🇸,Saturn1249,0,1,9:20.714,9:23.292,14 Oct 2023,943,(V),4043113488438547453,09,Yes,https://www.speedrun.com/mc/runs/ywn0489y,9,23,292,563292,,,410359,1.372680994,465828,1.20922744,-0.0005,0.6241,1.990279222,42.7579,68.5151,104.1170,7.14168,,,,,,,,,,,,,,,,,,,,,,,,,,,,,,,,,,,,,,,,,,,,,,,,,,,,,,,,,,,,,,,,,,,,,,,,,,,,,,,,,,,,,
🇺🇸,zylenox,0,0,9:20.840,9:23.393,29 Jun 2025,319,(U),unknown,,,https://www.youtube.com/watch?v=A_AutcLK3j0,9,23,393,563393,,,410359,1.37292712,410359,1.37292712,-0.0005,0.8526,4.697295201,19.2380,22.5647,103.6367,7.15223,,,,,,,,,,,,,,,,,,,,,,,,,,,,,,,,,,,,,,,,,,,,,,,,,,,,,,,,,,,,,,,,,,,,,,,,,,,,,,,,,,,,,
🇫🇮,Cube1337x,0,0,9:23.434,9:23.434,05 Dec 2022,1256,(U),unknown,12,Yes,https://www.youtube.com/watch?v=DabM3su7vRg,9,23,434,563434,,,410359,1.373027032,495537,1.137017014,-0.0005,0.5337,1.328397002,44.9969,84.3178,103.4421,7.15652,,,,,,,,,,,,,,,,,,,,,,,,,,,,,,,,,,,,,,,,,,,,,,,,,,,,,,,,,,,,,,,,,,,,,,,,,,,,,,,,,,,,,
🇸🇰,NoFear1337,0,0,9:23.530,9:23.530,09 Sep 2024,612,(U),unknown,,,https://www.youtube.com/watch?v=LcP3_KsnQBU&list=PLaTJSsRuu2UeeWabBBfNVWALvnefBoL2C&index=13,9,23,530,563530,,,410359,1.373260974,421494,1.336982258,-0.0005,0.7364,3.918119475,23.6010,32.0498,102.9874,7.16656,,,,,,,,,,,,,,,,,,,,,,,,,,,,,,,,,,,,,,,,,,,,,,,,,,,,,,,--,,,,,,,,,,,,,,,,,,,,,,,,,,,612,0.0000000001109332108,0.00000003555381762,
🇫🇮,AndrewCrow,0,0,9:22.604,9:23.535,21 Apr 2025,388,(U),unknown,,,https://www.youtube.com/watch?v=5q8FW1Ippp0,9,23,535,563535,,,410359,1.373273158,421494,1.336994121,-0.0005,0.8237,3.918356619,26.3953,32.0464,102.9637,7.16709,,,,,,,,,,,,,,,,,,,,,,,,,,,,,,,,,,,,,,,,,,,,,,,,,,,,,,,,,,,,,,,,,,,,,,,,,,,,,,,,,,388,0.002905623738,0.9311486612,
🇨🇦,Aquacorde,0,0,9:22.799,9:23.620,20 Jun 2025,328,(U),-4713042810041071084,,,https://www.youtube.com/watch?v=tUPPN8xWm5Q,9,23,620,563620,,,410359,1.373480294,410359,1.373480294,-0.0005,0.8487,4.710277148,19.0368,22.4294,102.5622,7.17599,,,,,,,,,,,,,,,,,,,,,,,,,,,,,,,,,,,,,,,,,,,,,,,,,,,,,,,--,,,,,,,,,,,,,,,,,,,,,,,,,,,328,0.02934141734,6.58111126,
🇳🇴,skycrab1,0,0,9:23.687,9:23.687,03 Oct 2024,588,(U),-7384765236082352690,,,https://www.youtube.com/watch?v=F1V1bKWF_BA&list=PLU3_fvoJ1GyMStiA29z37DUPtG47PvOJz&index=74,9,23,687,563687,,,410359,1.373643566,421494,1.337354743,-0.0005,0.7453,3.925571824,23.8082,31.9455,102.2464,7.18302,,,,,,,,,,,,,,,,,,,,,,,,,,,,,,,,,,,,,,,,,,,,,,,,,,,,,,,--,,,,,,,,,,,,,,,,,,,,,,,,,,,588,0.000000001482186907,0.0000004734921567,
🇳🇴,skycrab1,0,0,9:23.710,9:23.710,05 Sep 2024,616,(U),9087246093674379559,,,https://www.youtube.com/watch?v=4u3juUdWOrY&list=PLU3_fvoJ1GyMStiA29z37DUPtG47PvOJz&index=64,9,23,710,563710,,,410359,1.373699614,421494,1.337409311,-0.0005,0.7349,3.926664616,23.4660,31.9302,102.1382,7.18543,,,,,,,,,,,,,,,,,,,,,,,,,,,,,,,,,,,,,,,,,,,,,,,,,,,,,,,--,,,,,,,,,,,,,,,,,,,,,,,,,,,616,0,0.00000002253151655,
🇸🇪,PAPLERR,0,0,9:23.097,9:23.711,30 Mar 2024,775,(U),unknown,,,https://www.youtube.com/watch?v=-TXVz2UyhXI,9,23,711,563711,,,410359,1.373702051,421494,1.337411683,-0.0005,0.6788,3.926712134,21.6723,31.9296,102.1335,7.18554,,,,,,,,,,,,,,,,,,,,,,,,,,,,,,,,,,,,,,,,,,,,,,,,,,,,,,,,,,,,,,,,,,,,,,,,,,,,,,,,,,,,,
🇸🇰,NoFear1337,0,1,9:22.527,9:23.863,20 Aug 2022,1363,(V),-6071912128039465735,,,https://www.speedrun.com/mc/runs/y4x2xndz,9,23,863,563863,,,410359,1.374072459,517884,1.08878243,-0.0005,0.5059,1.006896513,46.4336,91.7919,101.4198,7.20151,,,,,,,,,,,,,,,,,,,,,,,,,,,,,,,,,,,,,,,,,,,,,,,,,,,,,,,--,,,,,,,,,,,,,,,,,,,,,,,,,,,1363,0,0,
🇩🇰,Bloopy,0,0,9:23.928,9:23.928,28 Nov 2024,532,(U),-2126051371963399188,,,https://www.youtube.com/watch?v=Q0HBLIfoV5A,9,23,928,563928,,,410359,1.374230856,421494,1.337926519,-0.0005,0.7664,3.937035674,24.3618,31.7857,101.1156,7.20834,,,,,,,,,,,,,,,,,,,,,,,,,,,,,,,,,,,,,,,,,,,,,,,,,,,,,,,--,,,,,,,,,,,,,,,,,,,,,,,,,,,532,0.000000288989119,0.00009185719215,
🇺🇸,Feinberg,0,0,9:24.066,9:24.066,05 Dec 2022,1256,(U),7850065604828970526,,,https://www.youtube.com/watch?v=9O21256DGy8,9,24,66,564066,,,410359,1.374567147,495537,1.138292398,-0.0005,0.5337,1.33807471,44.8736,84.0869,100.4716,7.22288,,,,,,,,,,,,,,,,,,,,,,,,,,,,,,,,,,,,,,,,,,,,,,,,,,,,,,,,,,,,,,,,,,,,,,,,,,,,,,,,,,,,,
🇺🇸,doogile,0,0,9:23.427,9:24.091,02 Mar 2024,803,(U),-1696208169374363336,,,https://www.youtube.com/watch?v=dGmT4jJ31yM,9,24,91,564091,,,410359,1.37462807,421494,1.338313238,-0.0005,0.6693,3.944805914,21.2024,31.6777,100.3553,7.22552,,,,,,,,,,,,,,,,,,,,,,,,,,,,,,,,,,,,,,,,,,,,,,,,,,,,,,,--,,,,,,,,,,,,,,,,,,,,,,,,,,,803,0,0,
🇳🇴,skycrab1,0,0,9:24.105,9:24.105,15 Jan 2025,484,(U),3842162755449251697,,,https://www.youtube.com/watch?v=XO9rgYbn6Bw&list=PLU3_fvoJ1GyMStiA29z37DUPtG47PvOJz&index=108,9,24,105,564105,,,410359,1.374662186,421494,1.338346453,-0.0005,0.7851,3.945473925,24.8615,31.6685,100.2901,7.22700,,,,,,,,,,,,,,,,,,,,,,,,,,,,,,,,,,,,,,,,,,,,,,,,,,,,,,,--,,,,,,,,,,,,,,,,,,,,,,,,,,,484,0.00001191168866,0.003772249506,
🇺🇸,doogile,0,0,9:22.116,9:24.247,24 Mar 2025,416,(U),-6047098650778031938,,,https://www.youtube.com/watch?v=NN8rfsl5mJo,9,24,247,564247,,,410359,1.375008225,421494,1.33868335,-0.0005,0.8122,3.95225509,25.6450,31.5745,99.6310,7.24199,,,,,,,,,,,,,,,,,,,,,,,,,,,,,,,,,,,,,,,,,,,,,,,,,,,,,,,--,,,,,,,,,,,,,,,,,,,,,,,,,,,416,0.0007472359196,0.2359361649,
🇫🇷,emia,0,1,9:23.219,9:24.448,29 Jun 2024,684,(V),2145701135424086428,,,https://www.speedrun.com/mc/runs/zxqevkkm,9,24,448,564448,,,410359,1.37549804,421494,1.339160225,-0.0005,0.7103,3.961871302,22.3345,31.4417,98.7027,7.26326,,,,,,,,,,,,,,,,,,,,,,,,,,,,,,,,,,,,,,,,,,,,,,,,,,,,,,,,,,,,,,,,,,,,,,,,,,,,,,,,,,,,,
🇨🇦,Aquacorde,0,0,9:24.529,9:24.529,18 Jul 2025,300,(U),-9197658143197340999,,,https://www.youtube.com/watch?v=LeAZ9kcT4ks,9,24,529,564529,,,410359,1.375695428,410359,1.375695428,-0.0005,0.8607,4.762577474,18.8422,21.8916,98.3302,7.27185,,,,,,,,,,,,,,,,,,,,,,,,,,,,,,,,,,,,,,,,,,,,,,,,,,,,,,,--,,,,,,,,,,,,,,,,,,,,,,,,,,,300,0.06720551274,14.71233965,
🇵🇱,watermelon1708,0,0,9:24.119,9:24.537,14 Sep 2025,242,(U),unknown,,,https://www.youtube.com/watch?v=Y6Sokcc9jqc,9,24,537,564537,,,410359,1.375714923,410359,1.375714923,-0.0005,0.8860,4.763040011,19.3925,21.8869,98.2934,7.27270,,,,,,,,,,,,,,,,,,,,,,,,,,,,,,,,,,,,,,,,,,,,,,,,,,,,,,,--,,,,,,,,,,,,,,,,,,,,,,,,,,,242,0.2423799361,53.0493571,
🇸🇰,NoFear1337,0,0,9:23.488,9:24.567,01 Jul 2023,1048,(U),unknown,,,https://www.youtube.com/watch?v=PuoZym6BBOw,9,24,567,564567,,,410359,1.37578803,465828,1.211964502,-0.0005,0.5921,2.020433627,40.1554,67.8132,98.1557,7.27588,,,,,,,,,,,,,,,,,,,,,,,,,,,,,,,,,,,,,,,,,,,,,,,,,,,,,,,--,,,,,,,,,,,,,,,,,,,,,,,,,,,1048,0,0,
🇦🇿,KenanKardes,0,0,9:24.603,9:24.603,12 Jun 2025,336,(U),unknown,,,https://www.youtube.com/watch?v=_XhRM7ZS_eo,9,24,603,564603,,,410359,1.375875758,410359,1.375875758,-0.0005,0.8454,4.766857441,18.4693,21.8480,97.9906,7.27970,,,,,,,,,,,,,,,,,,,,,,,,,,,,,,,,,,,,,,,,,,,,,,,,,,,,,,,,,,,,,,,,,,,,,,,,,,,,,,,,,,,,,
🇮🇱,orachi,0,1,9:22.560,9:24.684,31 Dec 2022,1230,(V),4355905136547056729,09,Yes,https://www.speedrun.com/mc/run/y2jdqg9z,9,24,684,564684,,,410359,1.376073146,495537,1.13953953,-0.0005,0.5406,1.347601162,45.3378,83.8593,97.6198,7.28831,,,,,,,,,,,,,,,,,,,,,,,,,,,,,,,,,,,,,,,,,,,,,,,,,,,,,,,,,,,,,,,,,,,,,,,,,,,,,,,,,,,,,
🇮🇱,Ranik_,0,1,9:20.683,9:24.724,24 Nov 2023,902,(U),1109837926684475838,10,Yes,https://www.youtube.com/watch?v=dV1aDceWUCA,9,24,724,564724,,,410359,1.376170621,465828,1.212301536,-0.0005,0.6370,2.024175111,43.1410,67.7263,97.4370,7.29256,,,,,,,,,,,,,,,,,,,,,,,,,,,,,,,,,,,,,,,,,,,,,,,,,,,,,,,,,,,,,,,,,,,,,,,,,,,,,,,,,,,,,
🇺🇸,doogile,0,0,9:23.811,9:24.766,15 May 2023,1095,(U),8584643897871750893,,,https://www.youtube.com/watch?v=JGxZAVwLpq0,9,24,766,564766,,,410359,1.376272971,465828,1.212391698,-0.0005,0.5784,2.025177076,39.1590,67.7030,97.2453,7.29703,,,,,,,,,,,,,,,,,,,,,,,,,,,,,,,,,,,,,,,,,,,,,,,,,,,,,,,--,,,,,,,,,,,,,,,,,,,,,,,,,,,1095,0,0,
🇺🇸,meebie,0,0,9:25.282,9:25.282,30 Mar 2024,775,(U),unknown,,,https://www.youtube.com/watch?v=H78JhqT_JAE&list=PLaTJSsRuu2Ufk7cX7bUTt9V-IJxa8wqSM&index=12,9,25,282,565282,,,410359,1.377530406,421494,1.341138901,-0.0005,0.6788,4.001991539,20.9682,30.8924,94.9099,7.35212,,,,,,,,,,,,,,,,,,,,,,,,,,,,,,,,,,,,,,,,,,,,,,,,,,,,,,,--,,,,,,,,,,,,,,,,,,,,,,,,,,,775,0,0,
🇸🇰,NoFear1337,0,0,9:25.453,9:25.453,01 Jul 2023,1048,(U),unknown,,,https://www.youtube.com/watch?v=5J0MBJD0At4,9,25,453,565453,,,410359,1.377947115,465828,1.213866491,-0.0005,0.5921,2.041629962,39.8643,67.3216,94.1439,7.37046,,,,,,,,,,,,,,,,,,,,,,,,,,,,,,,,,,,,,,,,,,,,,,,,,,,,,,,--,,,,,,,,,,,,,,,,,,,,,,,,,,,1048,0,0,
🇨🇦,Aquacorde,0,0,9:24.313,9:25.637,26 Sep 2024,595,(U),8823111015249469125,,,https://www.youtube.com/watch?v=9xLUevZxPBM,9,25,637,565637,,,410359,1.378395502,421494,1.341981143,-0.0005,0.7427,4.019177185,22.7699,30.6595,93.3242,7.39024,,,,,,,,,,,,,,,,,,,,,,,,,,,,,,,,,,,,,,,,,,,,,,,,,,,,,,,--,,,,,,,,,,,,,,,,,,,,,,,,,,,595,0.0000000007109013102,0.000000217958517,
🇦🇺,Erikfzf,0,0,9:25.466,9:25.850,05 Nov 2023,921,(U),-7014933560991100257,09,Yes,https://www.youtube.com/watch?v=yTC-CTw-S9M,9,25,850,565850,,,410359,1.37891456,465828,1.214718737,-0.0005,0.6310,2.051192504,42.3381,67.1002,92.3810,7.41319,,,,,,,,,,,,,,,,,,,,,,,,,,,,,,,,,,,,,,,,,,,,,,,,,,,,,,,,,,,,,,,,,,,,,,,,,,,,,,,,,,,,,
🇺🇸,Reignex,0,0,9:25.893,9:25.893,22 Jun 2023,1057,(U),-3154839464526750191,12,Yes,https://www.youtube.com/watch?v=ODPP7xDMpkg,9,25,893,565893,,,410359,1.379019346,465828,1.214811046,-0.0005,0.5895,2.052230664,39.5407,67.0762,92.1914,7.41783,,,,,,,,,,,,,,,,,,,,,,,,,,,,,,,,,,,,,,,,,,,,,,,,,,,,,,,,,,,,,,,,,,,,,,,,,,,,,,,,,,,,,
🇨🇿,Cursed_Carrot,0,0,9:22.576,9:26.302,15 Nov 2023,911,(U),Unknown,06,Yes,https://www.youtube.com/watch?v=Jz8Dku3uzKM,9,26,302,566302,,,410359,1.380016035,465828,1.215689053,-0.0005,0.6341,2.062128949,42.3900,66.8475,90.4001,7.46211,,,,,,,,,,,,,,,,,,,,,,,,,,,,,,,,,,,,,,,,,,,,,,,,,,,,,,,,,,,,,,,,,,,,,,,,,,,,,,,,,,,,,
🇺🇸,doogile,0,0,9:26.244,9:26.244,08 Jul 2024,675,(U),-6098241121848454577,,,https://www.youtube.com/watch?v=yjRzgyThepc,9,26,244,566244,,,410359,1.379874695,421494,1.343421259,-0.0005,0.7136,4.048712543,21.5939,30.2626,90.6527,7.45582,,,,,,,,,,,,,,,,,,,,,,,,,,,,,,,,,,,,,,,,,,,,,,,,,,,,,,,--,,,,,,,,,,,,,,,,,,,,,,,,,,,675,0,0,
🇺🇸,Feinberg,0,0,9:23.304,9:26.292,23 Oct 2022,1299,(U),8012915193548119046,,,https://www.youtube.com/watch?v=II4PzqmdYaU,9,26,292,566292,,,410359,1.379991666,517884,1.09347267,-0.0005,0.5223,1.034599476,47.6184,91.1694,90.4436,7.46103,,,,,,,,,,,,,,,,,,,,,,,,,,,,,,,,,,,,,,,,,,,,,,,,,,,,,,,,,,,,,,,,,,,,,,,,,,,,,,,,,,,,,
🇳🇴,skycrab1,0,0,9:26.342,9:26.342,29 Nov 2024,531,(U),-573879670804358217,,,https://www.youtube.com/watch?v=ljKL-oDGeS4&list=PLU3_fvoJ1GyMStiA29z37DUPtG47PvOJz&index=100,9,26,342,566342,,,410359,1.38011351,421494,1.343653765,-0.0005,0.7668,4.05349886,23.1570,30.1986,90.2261,7.46646,,,,,,,,,,,,,,,,,,,,,,,,,,,,,,,,,,,,,,,,,,,,,,,,,,,,,,,--,,,,,,,,,,,,,,,,,,,,,,,,,,,531,0.0000003145480155,0.0000949891995,
🇿🇦,Airpodsz,0,0,9:26.396,9:26.396,06 Jan 2026,128,(U),-2175784441475197621,,,https://www.youtube.com/watch?v=LQDOgYw8GFM&list=PLjW0OIc7zcEcCMM5essHmBGzf92S0FzKi&index=21,9,26,396,566396,,,410359,1.380245102,410359,1.380245102,-0.0005,0.9380,4.871594265,19.5162,20.8061,89.9916,7.47232,,,,,,,,,,,,,,,,,,,,,,,,,,,,,,,,,,,,,,,,,,,,,,,,,,,,,,,,,,,,,,,,,,,,,,,,,,,,,,,,,,,,,
🇸🇰,NoFear1337,0,0,9:25.778,9:26.417,11 Jun 2025,337,(U),unknown,,,https://www.youtube.com/watch?v=oA02Os8avDY,9,26,417,566417,,,410359,1.380296277,421494,1.343831703,-0.0005,0.8449,4.057165217,25.4745,30.1497,89.9005,7.47461,,,,,,,,,,,,,,,,,,,,,,,,,,,,,,,,,,,,,,,,,,,,,,,,,,,,,,,--,,,,,,,,,,,,,,,,,,,,,,,,,,,337,0.02176884848,6.563251746,
🇫🇮,AndrewCrow,0,0,9:25.617,9:26.432,26 Mar 2025,414,(U),unknown,,,https://www.youtube.com/watch?v=P0dZdFlev4k,9,26,432,566432,,,410359,1.380332831,421494,1.343867291,-0.0005,0.8130,4.057898838,24.5044,30.1400,89.8355,7.47624,,,,,,,,,,,,,,,,,,,,,,,,,,,,,,,,,,,,,,,,,,,,,,,,,,,,,,,,,,,,,,,,,,,,,,,,,,,,,,,,,,414,0.0008285822916,0.2497344337,
🇨🇦,silverr,0,0,9:26.582,9:26.582,20 Nov 2022,1271,(U),1572653948546520317,15,No,https://www.youtube.com/watch?v=144OjtguCG0,9,26,582,566582,,,410359,1.380698364,495537,1.143369718,-0.0005,0.5297,1.377252629,44.0421,83.1500,89.1868,7.49256,,,,,,,,,,,,,,,,,,,,,,,,,,,,,,,,,,,,,,,,,,,,,,,,,,,,,,,--,,,,,,,,,,,,,,,,,,,,,,,,,,,1271,0,0,
🇳🇴,skycrab1,0,0,9:25.953,9:26.605,16 Jun 2024,697,(U),4052163355630291928,,,https://www.youtube.com/watch?v=5UOYqMnbR5Q&list=PLU3_fvoJ1GyMStiA29z37DUPtG47PvOJz&index=33,9,26,605,566605,,,410359,1.380754413,421494,1.344277736,-0.0005,0.7057,4.066368362,21.1916,30.0273,89.0877,7.49507,,,,,,,,,,,,,,,,,,,,,,,,,,,,,,,,,,,,,,,,,,,,,,,,,,,,,,,--,,,,,,,,,,,,,,,,,,,,,,,,,,,697,0,0,
🇫🇮,sadekeppi,0,0,9:26.631,9:26.895,07 Feb 2026,96,(U),unknown,,,https://www.youtube.com/watch?v=2A6FRsoQeMs,9,26,895,566895,,,410359,1.381461111,410359,1.381461111,-0.0005,0.9531,4.901098879,19.5587,20.5204,87.8432,7.52673,,,,,,,,,,,,,,,,,,,,,,,,,,,,,,,,,,,,,,,,,,,,,,,,,,,,,,,,,,,,,,,,,,,,,,,,,,,,,,,,,,,,,
🇿🇦,Airpodsz,0,0,9:27.357,9:27.357,22 Jul 2025,296,(U),-2604853440259743565,,,https://www.youtube.com/watch?v=VAFkDLDPYUQ&list=PLjW0OIc7zcEcCMM5essHmBGzf92S0FzKi&index=9,9,27,357,567357,,,410359,1.382586954,410359,1.382586954,-0.0005,0.8624,4.928555051,17.4708,20.2577,85.8843,7.57742,,,,,,,,,,,,,,,,,,,,,,,,,,,,,,,,,,,,,,,,,,,,,,,,,,,,,,,,,,,,,,,,,,,,,,,,,,,,,,,,,,,,,
🇺🇸,Feinberg,0,0,9:25.548,9:27.465,17 Nov 2022,1274,(U),-9141701029188025583,,,https://www.youtube.com/watch?v=csGOZLziuNI,9,27,465,567465,,,410359,1.382850139,495537,1.145151623,-0.0005,0.5289,1.391251848,43.7987,82.8146,85.4305,7.58932,,,,,,,,,,,,,,,,,,,,,,,,,,,,,,,,,,,,,,,,,,,,,,,,,,,,,,,,,,,,,,,,,,,,,,,,,,,,,,,,,,,,,
🇫🇮,sadekeppi,0,0,9:27.613,9:27.613,08 Feb 2026,95,(U),unknown,,,https://www.youtube.com/watch?v=QDSeKwk5Zx4,9,27,613,567613,,,410359,1.383210798,410359,1.383210798,-0.0005,0.9536,4.943826727,19.1798,20.1128,84.8112,7.60564,,,,,,,,,,,,,,,,,,,,,,,,,,,,,,,,,,,,,,,,,,,,,,,,,,,,,,,,,,,,,,,,,,,,,,,,,,,,,,,,,,,,,
🇹🇿,Kxpow,0,0,9:23.950,9:27.626,29 Oct 2023,928,(U),-6876585563479815399,09,Yes,https://www.youtube.com/watch?v=cSA8vjfDlfU,9,27,626,567626,,,410359,1.383242478,465828,1.218531303,-0.0005,0.6288,2.09446692,41.5628,66.1025,84.7570,7.60708,,,,,,,,,,,,,,,,,,,,,,,,,,,,,,,,,,,,,,,,,,,,,,,,,,,,,,,--,,,,,,,,,,,,,,,,,,,,,,,,,,,928,0,0,
🇬🇧,biased,0,1,9:26.052,9:27.836,10 Dec 2023,886,(U),-7133651556852481155,12,Yes,https://www.speedrun.com/mc/runs/ywnrrk9y,9,27,836,567836,,,410359,1.383754225,446254,1.272450219,-0.0005,0.6421,2.800571063,32.7004,50.9268,83.8837,7.63030,,,,,,,,,,,,,,,,,,,,,,,,,,,,,,,,,,,,,,,,,,,,,,,,,,,,,,,,,,,,,,,,,,,,,,,,,,,,,,,,,,,,,
🇺🇸,doogile,0,0,9:27.915,9:27.915,24 Mar 2025,416,(U),-5268124447019689631,,,https://www.youtube.com/watch?v=uCE8j5wqBaA,9,27,915,567915,,,410359,1.383946739,421494,1.347385728,-0.0005,0.8122,4.13100748,23.6992,29.1788,83.5568,7.63905,,,,,,,,,,,,,,,,,,,,,,,,,,,,,,,,,,,,,,,,,,,,,,,,,,,,,,,--,,,,,,,,,,,,,,,,,,,,,,,,,,,416,0.0007472359196,0.2180346695,
🇳🇴,skycrab1,0,0,9:28.206,9:28.206,22 Jul 2025,296,(U),unknown,,,https://www.youtube.com/watch?v=ENH9wNoiQAo&list=PLU3_fvoJ1GyMStiA29z37DUPtG47PvOJz&index=135,9,28,206,568206,,,410359,1.384655874,410359,1.384655874,-0.0005,0.8624,4.979361242,17.0582,19.7792,82.3596,7.67137,,,,,,,,,,,,,,,,,,,,,,,,,,,,,,,,,,,,,,,,,,,,,,,,,,,,,,,--,,,,,,,,,,,,,,,,,,,,,,,,,,,296,0.074762893,14.7874727,
🇨🇦,dandannyboy,0,1,9:27.290,9:28.538,18 Mar 2023,1153,(V),9012700196601131274,11,Yes,https://www.speedrun.com/mc/run/yv87r88m,9,28,538,568538,,,410359,1.385464922,465828,1.220489108,-0.0005,0.5619,2.117006786,36.8499,65.5854,81.0077,7.70839,,,,,,,,,,,,,,,,,,,,,,,,,,,,,,,,,,,,,,,,,,,,,,,,,,,,,,,,,,,,,,,,,,,,,,,,,,,,,,,,,,,,,
🇳🇴,skycrab1,0,0,9:28.538,9:28.538,25 Dec 2025,140,(U),1919295731799192555,,,https://www.youtube.com/watch?v=1c-F687nKas&list=PLU3_fvoJ1GyMStiA29z37DUPtG47PvOJz&index=105,9,28,538,568538,,,410359,1.385464922,410359,1.385464922,-0.0005,0.9324,4.999353168,18.2689,19.5936,81.0077,7.70839,,,,,,,,,,,,,,,,,,,,,,,,,,,,,,,,,,,,,,,,,,,,,,,,,,,,,,,--,,,,,,,,,,,,,,,,,,,,,,,,,,,140,0.7600280032,148.9167364,
🇨🇦,Aquacorde,0,0,9:28.545,9:28.545,28 May 2025,351,(U),8276441451627221996,,,https://www.youtube.com/watch?v=qGEzygjg50o,9,28,545,568545,,,410359,1.38548198,421494,1.348880411,-0.0005,0.8390,4.16241361,24.1423,28.7738,80.9794,7.70917,,,,,,,,,,,,,,,,,,,,,,,,,,,,,,,,,,,,,,,,,,,,,,,,,,,,,,,--,,,,,,,,,,,,,,,,,,,,,,,,,,,351,0.01324208717,3.810247567,
🇿🇦,Airpodsz,0,0,9:26.396,9:26.396,06 Jan 2025,493,(U),-2175784441475197621,,,https://www.youtube.com/watch?v=LQDOgYw8GFM&list=PLjW0OIc7zcEcCMM5essHmBGzf92S0FzKi&index=21,9,26,396,566396,,,410359,1.380245102,421494,1.343781881,-0.0005,0.7815,4.056138343,23.5737,30.1634,89.9916,7.47232,,,,,,,,,,,,,,,,,,,,,,,,,,,,,,,,,,,,,,,,,,,,,,,,,,,,,,,,,,,,,,,,,,,,,,,,,,,,,,,,,,,,,
🇿🇦,Airpodsz,0,0,9:26.613,9:26.613,09 Nov 2025,186,(U),-2354651812036719635,,,https://www.youtube.com/watch?v=P0EKdJ-0n-k&list=PLjW0OIc7zcEcCMM5essHmBGzf92S0FzKi&index=17,9,26,613,566613,,,410359,1.380773908,410359,1.380773908,-0.0005,0.9112,4.884405775,18.8450,20.6816,89.0532,7.49594,,,,,,,,,,,,,,,,,,,,,,,,,,,,,,,,,,,,,,,,,,,,,,,,,,,,,,,,,,,,,,,,,,,,,,,,,,,,,,,,,,,,,
🇿🇦,Airpodsz,0,0,9:27.943,9:27.943,09 Nov 2025,186,(U),-1774896006983302139,,,https://www.youtube.com/watch?v=HW1RGgQ0eBU&list=PLjW0OIc7zcEcCMM5essHmBGzf92S0FzKi&index=18,9,27,943,567943,,,410359,1.384014972,410359,1.384014972,-0.0005,0.9112,4.963573939,18.1572,19.9268,83.4411,7.64216,,,,,,,,,,,,,,,,,,,,,,,,,,,,,,,,,,,,,,,,,,,,,,,,,,,,,,,,,,,,,,,,,,,,,,,,,,,,,,,,,,,,,
🇿🇦,Airpodsz,0,0,9:28.092,9:28.092,26 Jan 2026,108,(U),-2419031821582277757,,,https://www.youtube.com/watch?v=O-h0iAKkziw&list=PLjW0OIc7zcEcCMM5essHmBGzf92S0FzKi&index=24,9,28,92,568092,,,410359,1.384378069,410359,1.384378069,-0.0005,0.9474,4.972512692,18.8000,19.8431,82.8272,7.65870,,,,,,,,,,,,,,,,,,,,,,,,,,,,,,,,,,,,,,,,,,,,,,,,,,,,,,,,,,,,,,,,,,,,,,,,,,,,,,,,,,,,,
🇨🇦,Aquacorde,0,0,9:28.680,9:28.680,25 Jun 2025,323,(U),-1610154249394651609,,,https://www.youtube.com/watch?v=SsOvlZxk2S0,9,28,680,568680,,,410359,1.385810961,410359,1.385810961,-0.0005,0.8509,5.007925343,16.6042,19.5145,80.4340,7.72427,,,,,,,,,,,,,,,,,,,,,,,,,,,,,,,,,,,,,,,,,,,,,,,,,,,,,,,--,,,,,,,,,,,,,,,,,,,,,,,,,,,323,0.03439559758,6.712122079,
🇬🇧,Mauvu,0,1,9:27.622,9:28.892,21 Apr 2023,1119,(V),7554296837427947431,09,Yes,https://www.speedrun.com/mc/run/y2g97jjz,9,28,892,568892,,,410359,1.386327581,465828,1.221249045,-0.0005,0.5715,2.125814444,37.3665,65.3838,79.5826,7.74804,,,,,,,,,,,,,,,,,,,,,,,,,,,,,,,,,,,,,,,,,,,,,,,,,,,,,,,,,,,,,,,,,,,,,,,,,,,,,,,,,,,,,
🇬🇧,priffie,0,1,9:28.626,9:29.199,08 Apr 2023,1132,(V),-7240688859963036907,12,Yes,https://www.speedrun.com/mc/run/y804n81m,9,29,199,569199,,,410359,1.387075707,465828,1.221908086,-0.0005,0.5678,2.133479396,37.0249,65.2086,78.3603,7.78257,,,,,,,,,,,,,,,,,,,,,,,,,,,,,,,,,,,,,,,,,,,,,,,,,,,,,,,--,,,,,,,,,,,,,,,,,,,,,,,,,,,1132,0,0,
🇺🇸,zylenox,0,0,9:26.039,9:29.346,26 May 2025,353,(U),unknown,,,https://www.youtube.com/watch?v=c2Ydcw7kyzQ,9,29,346,569346,,,410359,1.38743393,421494,1.350780794,-0.0005,0.8382,4.202646929,23.6889,28.2617,77.7794,7.79915,,,,,,,,,,,,,,,,,,,,,,,,,,,,,,,,,,,,,,,,,,,,,,,,,,,,,,,,,,,,,,,,,,,,,,,,,,,,,,,,,,,,,
🇺🇸,zylenox,0,0,9:23.337,9:29.349,21 Apr 2023,1119,(U),-9047486339153673349,12,Yes,https://www.youtube.com/watch?v=YnxRG1jCZTA,9,29,349,569349,,,410359,1.38744124,465828,1.222230094,-0.0005,0.5715,2.137233517,37.2174,65.1229,77.7676,7.79949,,,,,,,,,,,,,,,,,,,,,,,,,,,,,,,,,,,,,,,,,,,,,,,,,,,,,,,--,,,,,,,,,,,,,,,,,,,,,,,,,,,1119,0,0,
🇺🇸,doogile,0,0,9:28.970,9:29.443,26 Apr 2024,748,(U),-2635465260695469451,,,https://www.youtube.com/watch?v=pcDuyhI1pfU,9,29,443,569443,,,410359,1.387670308,421494,1.351010928,-0.0005,0.6880,4.207542233,19.4009,28.1999,77.3978,7.81011,,,,,,,,,,,,,,,,,,,,,,,,,,,,,,,,,,,,,,,,,,,,,,,,,,,,,,,--,,,,,,,,,,,,,,,,,,,,,,,,,,,748,0,0,
🇷🇺,aleen,0,0,9:26.515,9:29.470,28 Dec 2023,868,(U),8241236612932344167,,,https://www.youtube.com/watch?v=kWIGRiiqiSY,9,29,470,569470,,,410359,1.387736104,446254,1.276111811,-0.0005,0.6479,2.855440908,32.2966,49.8472,77.2917,7.81316,,,,,,,,,,,,,,,,,,,,,,,,,,,,,,,,,,,,,,,,,,,,,,,,,,,,,,,,,,,,,,,,,,,,,,,,,,,,,,,,,,,,,
🇿🇦,Airpodsz,0,0,9:29.281,9:29.281,20 Mar 2026,55,(U),6777406368169812581,,,https://www.youtube.com/watch?v=whpjt7M0YYg&list=PLjW0OIc7zcEcCMM5essHmBGzf92S0FzKi&index=38,9,29,281,569281,,,410359,1.387275532,410359,1.387275532,-0.0005,0.9729,5.044348676,18.6612,19.1815,78.0359,7.79181,,,,,,,,,,,,,,,,,,,,,,,,,,,,,,,,,,,,,,,,,,,,,,,,,,,,,,,,,,,,,,,,,,,,,,,,,,,,,,,,,,,,,
🇳🇴,skycrab1,0,0,9:26.981,9:29.598,07 May 2024,737,(U),unknown,,,https://www.youtube.com/watch?v=HE41uYZ0V0c&list=PLU3_fvoJ1GyMStiA29z37DUPtG47PvOJz&index=18,9,29,598,569598,,,410359,1.388048026,421494,1.351378667,-0.0005,0.6918,4.215375017,19.4396,28.1013,76.7905,7.82765,,,,,,,,,,,,,,,,,,,,,,,,,,,,,,,,,,,,,,,,,,,,,,,,,,,,,,,--,,,,,,,,,,,,,,,,,,,,,,,,,,,737,0,0,
🇳🇴,skycrab1,0,0,9:27.107,9:29.673,13 Aug 2024,639,(U),-3946489265844514970,,,https://www.youtube.com/watch?v=M5EHSGhejt8&list=PLU3_fvoJ1GyMStiA29z37DUPtG47PvOJz&index=52,9,29,673,569673,,,410359,1.388230793,421494,1.351556606,-0.0005,0.7265,4.219169668,20.3813,28.0536,76.4978,7.83615,,,,,,,,,,,,,,,,,,,,,,,,,,,,,,,,,,,,,,,,,,,,,,,,,,,,,,,--,,,,,,,,,,,,,,,,,,,,,,,,,,,639,0,0.000000001307680488,
🇨🇳,pluginL,0,1,9:27.131,9:29.681,24 Dec 2023,872,(V),unknown,,,https://www.speedrun.com/mc/runs/mkqp0p1m,9,29,681,569681,,,410359,1.388250288,446254,1.276584636,-0.0005,0.6466,2.862595478,32.1418,49.7076,76.4666,7.83706,,,,,,,,,,,,,,,,,,,,,,,,,,,,,,,,,,,,,,,,,,,,,,,,,,,,,,,,,,,,,,,,,,,,,,,,,,,,,,,,,,,,,
🇩🇰,Bloopy,0,0,9:29.719,9:29.719,04 May 2024,740,(U),2537181557128625381,,,https://www.youtube.com/watch?v=rmm0JiGtxuA,9,29,719,569719,,,410359,1.38834289,421494,1.351665741,-0.0005,0.6907,4.221498537,19.3574,28.0243,76.3186,7.84137,,,,,,,,,,,,,,,,,,,,,,,,,,,,,,,,,,,,,,,,,,,,,,,,,,,,,,,--,,,,,,,,,,,,,,,,,,,,,,,,,,,740,0,0,
🇩🇰,Bloopy,0,0,9:29.416,9:29.779,21 Sep 2024,600,(U),-4222360412448811712,,,https://www.youtube.com/watch?v=mWQwmeDz0b8,9,29,779,569779,,,410359,1.388489103,421494,1.351808092,-0.0005,0.7408,4.224537889,20.7327,27.9862,76.0854,7.84818,,,,,,,,,,,,,,,,,,,,,,,,,,,,,,,,,,,,,,,,,,,,,,,,,,,,,,,--,,,,,,,,,,,,,,,,,,,,,,,,,,,600,0.0000000004161397394,0.000000116461837,
🇷🇺,aleen,0,1,9:27.498,9:29.799,30 Mar 2023,1141,(V),-3937335511967148505,04,Yes,https://www.speedrun.com/mc/runs/meed7lqm,9,29,799,569799,,,410359,1.388537841,465828,1.223196115,-0.0005,0.5652,2.148531547,36.6646,64.8652,76.0077,7.85045,,,,,,,,,,,,,,,,,,,,,,,,,,,,,,,,,,,,,,,,,,,,,,,,,,,,,,,,,,,,,,,,,,,,,,,,,,,,,,,,,,,,,
🇸🇰,NoFear1337,0,0,9:28.431,9:29.817,17 Jan 2024,848,(U),unknown,,,https://www.youtube.com/watch?v=2cTYxX1bq7o&list=PLaTJSsRuu2UeeWabBBfNVWALvnefBoL2C&index=4,9,29,817,569817,,,410359,1.388581705,421494,1.351898248,-0.0005,0.6544,4.226463805,18.2991,27.9621,75.9379,7.85250,,,,,,,,,,,,,,,,,,,,,,,,,,,,,,,,,,,,,,,,,,,,,,,,,,,,,,,--,,,,,,,,,,,,,,,,,,,,,,,,,,,848,0,0,
🇱🇹,Fluhhe,0,1,9:29.980,9:29.980,18 Nov 2022,1273,(V),2080172975809117900,12,Yes,https://www.speedrun.com/mc/run/y6x1gp1y,9,29,980,569980,,,410359,1.388978918,495537,1.150226926,-0.0005,0.5291,1.431848152,43.3051,81.8403,75.3074,7.87103,,,,,,,,,,,,,,,,,,,,,,,,,,,,,,,,,,,,,,,,,,,,,,,,,,,,,,,,,,,,,,,,,,,,,,,,,,,,,,,,,,,,,
🇺🇸,doogile,0,0,9:27.467,9:29.905,19 Oct 2022,1303,(U),-6120632814765297894,,,https://www.youtube.com/watch?v=KngO-bBQ6z0,9,29,905,569905,,,410359,1.388796152,517884,1.100449135,-0.0005,0.5213,1.077146811,47.0197,90.2034,75.5971,7.86250,,,,,,,,,,,,,,,,,,,,,,,,,,,,,,,,,,,,,,,,,,,,,,,,,,,,,,,--,,,,,,,,,,,,,,,,,,,,,,,,,,,1303,0,0,
🇳🇴,skycrab1,0,0,9:29.936,9:29.936,24 Sep 2024,597,(U),-5978876616461348700,,,https://www.youtube.com/watch?v=lNwP-AfLpC4&list=PLU3_fvoJ1GyMStiA29z37DUPtG47PvOJz&index=73,9,29,936,569936,,,410359,1.388871695,421494,1.352180577,-0.0005,0.7419,4.232499951,20.6899,27.8866,75.4773,7.86602,,,,,,,,,,,,,,,,,,,,,,,,,,,,,,,,,,,,,,,,,,,,,,,,,,,,,,,--,,,,,,,,,,,,,,,,,,,,,,,,,,,597,0.000000000574444689,0.0000001601931295,
🇺🇦,7rowl,0,0,9:30.025,9:30.025,19 Dec 2023,877,(U),5331888045547392312,12,Yes,https://www.youtube.com/watch?v=7ub8Kvb-CkY,9,30,25,570025,,,410359,1.389088579,446254,1.277355497,-0.0005,0.6450,2.874293942,31.9147,49.4799,75.1340,7.87616,,,,,,,,,,,,,,,,,,,,,,,,,,,,,,,,,,,,,,,,,,,,,,,,,,,,,,,,,,,,,,,,,,,,,,,,,,,,,,,,,,,,,
🇫🇮,AndrewCrow,0,0,9:29.406,9:30.054,04 Jul 2025,314,(U),unknown,,,https://www.youtube.com/watch?v=vaF2tNGXMo4,9,30,54,570054,,,410359,1.389159248,410359,1.389159248,-0.0005,0.8547,5.091536446,16.0320,18.7574,75.0224,7.87946,,,,,,,,,,,,,,,,,,,,,,,,,,,,,,,,,,,,,,,,,,,,,,,,,,,,,,,,,,,,,,,,,,,,,,,,,,,,,,,,,,314,0.04523363191,8.484656658,
🇺🇸,zylenox,0,0,9:26.907,9:30.104,25 Sep 2023,962,(U),unknown,,,https://www.youtube.com/watch?v=-xiJj1JVujk,9,30,104,570104,,,410359,1.389281093,465828,1.223850863,-0.0005,0.6182,2.156219599,39.9892,64.6901,74.8302,7.88516,,,,,,,,,,,,,,,,,,,,,,,,,,,,,,,,,,,,,,,,,,,,,,,,,,,,,,,--,,,,,,,,,,,,,,,,,,,,,,,,,,,962,0,0,
🇨🇦,silverr,0,0,9:30.447,9:30.447,04 Sep 2023,983,(U),unknown,??,Yes,https://www.youtube.com/watch?v=YUQuFcbgMHQ,9,30,447,570447,,,410359,1.390116946,465828,1.224587187,-0.0005,0.6117,2.164895039,39.4508,64.4928,73.5208,7.92436,,,,,,,,,,,,,,,,,,,,,,,,,,,,,,,,,,,,,,,,,,,,,,,,,,,,,,,,,,,,,,,,,,,,,,,,,,,,,,,,,,,,,
🇵🇱,Mixray,0,1,9:25.735,9:30.513,04 Nov 2023,922,(U),-5905769840829513487,04,Yes,https://www.youtube.com/watch?v=WElcYQqI0oQ,9,30,513,570513,,,410359,1.390277781,465828,1.22472887,-0.0005,0.6307,2.16656796,40.6486,64.4548,73.2706,7.93192,,,,,,,,,,,,,,,,,,,,,,,,,,,,,,,,,,,,,,,,,,,,,,,,,,,,,,,,,,,,,,,,,,,,,,,,,,,,,,,,,,,,,
🇹🇿,Kxpow,0,0,9:29.834,9:30.586,02 Feb 2024,832,(U),920429739470121297,,,https://www.youtube.com/watch?v=OauRzq1hZQc,9,30,586,570586,,,410359,1.390455674,421494,1.35372271,-0.0005,0.6597,4.265604247,18.1251,27.4755,72.9946,7.94029,,,,,,,,,,,,,,,,,,,,,,,,,,,,,,,,,,,,,,,,,,,,,,,,,,,,,,,,,,,,,,,,,,,,,,,,,,,,,,,,,,,,,
🇺🇦,7rowl,0,0,9:30.657,9:30.657,02 Jun 2023,1077,(U),Unknown,12,Yes,https://www.youtube.com/watch?v=y7I-tBARvMo,9,30,657,570657,,,410359,1.390628693,465828,1.225037997,-0.0005,0.5836,2.170222002,37.5689,64.3718,72.7268,7.94844,,,,,,,,,,,,,,,,,,,,,,,,,,,,,,,,,,,,,,,,,,,,,,,,,,,,,,,,,,,,,,,,,,,,,,,,,,,,,,,,,,,,,
🇵🇱,watermelon1708,0,0,9:30.313,9:30.785,08 Nov 2025,187,(U),unknown,,,https://www.youtube.com/watch?v=Pm6Yt1efFdU,9,30,785,570785,,,410359,1.390940615,410359,1.390940615,-0.0005,0.9107,5.136514924,16.7219,18.3609,72.2457,7.96315,,,,,,,,,,,,,,,,,,,,,,,,,,,,,,,,,,,,,,,,,,,,,,,,,,,,,,,--,,,,,,,,,,,,,,,,,,,,,,,,,,,187,0.5200032071,95.47712158,
🇺🇸,Kruin,0,1,9:24.729,9:30.812,09 Aug 2023,1009,(V),7325938221011148995,15,Yes,https://www.speedrun.com/mc/runs/mrl56x4m,9,30,812,570812,,,410359,1.391006411,465828,1.225370738,-0.0005,0.6038,2.17416136,38.8142,64.2824,72.1445,7.96626,,,,,,,,,,,,,,,,,,,,,,,,,,,,,,,,,,,,,,,,,,,,,,,,,,,,,,,,,,,,,,,,,,,,,,,,,,,,,,,,,,,,,
🇺🇸,doogile,0,0,9:30.866,9:30.866,14 Aug 2024,638,(U),-5785712557054868103,,,https://www.youtube.com/watch?v=IaJnBpkCYeE,9,30,866,570866,,,410359,1.391138004,421494,1.354387014,-0.0005,0.7269,4.279934451,19.8431,27.2992,71.9423,7.97248,,,,,,,,,,,,,,,,,,,,,,,,,,,,,,,,,,,,,,,,,,,,,,,,,,,,,,,--,,,,,,,,,,,,,,,,,,,,,,,,,,,638,0,0.000000001438067554,
🇩🇰,Bloopy,0,0,9:30.985,9:30.985,23 Feb 2025,445,(U),4074137476637722037,,,https://www.youtube.com/watch?v=fidYadn3gaU,9,30,985,570985,,,410359,1.391427994,421494,1.354669343,-0.0005,0.8005,4.286037571,21.7935,27.2243,71.4983,7.98619,,,,,,,,,,,,,,,,,,,,,,,,,,,,,,,,,,,,,,,,,,,,,,,,,,,,,,,--,,,,,,,,,,,,,,,,,,,,,,,,,,,445,0.0001489183334,0.04054204764,
🇨🇦,EvanKeen,0,1,9:28.162,9:31.118,19 May 2022,1456,(V),6318159047332790071,,,https://www.speedrun.com/mc/runs/z1pxrk7z,9,31,118,571118,,,410359,1.3917521,548820,1.040628986,-0.0005,0.4829,0.7607564858,46.8463,97.0157,71.0042,8.00154,,,,,,,,,,,,,,,,,,,,,,,,,,,,,,,,,,,,,,,,,,,,,,,,,,,,,,,,,,,,,,,,,,,,,,,,,,,,,,,,,,1456,0,0,
🇫🇮,sadekeppi,0,0,9:30.876,9:31.265,31 May 2025,348,(U),unknown,,,https://www.youtube.com/watch?v=iJRCQkhKdPs,9,31,265,571265,,,410359,1.392110323,421494,1.355333647,-0.0005,0.8403,4.300427991,22.7289,27.0486,70.4608,8.01854,,,,,,,,,,,,,,,,,,,,,,,,,,,,,,,,,,,,,,,,,,,,,,,,,,,,,,,,,,,,,,,,,,,,,,,,,,,,,,,,,,348,0.01478090402,3.998027129,
🇳🇴,skycrab1,0,0,9:30.274,9:31.319,16 Jun 2024,697,(U),1613878261208097476,,,https://www.youtube.com/watch?v=8s8EV_O6Ndk&list=PLU3_fvoJ1GyMStiA29z37DUPtG47PvOJz&index=32,9,31,319,571319,,,410359,1.392241915,421494,1.355461762,-0.0005,0.7057,4.303208158,19.0656,27.0148,70.2619,8.02479,,,,,,,,,,,,,,,,,,,,,,,,,,,,,,,,,,,,,,,,,,,,,,,,,,,,,,,--,,,,,,,,,,,,,,,,,,,,,,,,,,,697,0,0,
🇫🇮,AndrewCrow,0,0,9:31.244,9:31.377,28 Nov 2025,167,(U),unknown,,,https://www.youtube.com/watch?v=lKt9DvJSsdE,9,31,377,571377,,,410359,1.392383255,410359,1.392383255,-0.0005,0.9199,5.173194885,16.5976,18.0430,70.0486,8.03151,,,,,,,,,,,,,,,,,,,,,,,,,,,,,,,,,,,,,,,,,,,,,,,,,,,,,,,,,,,,,,,,,,,,,,,,,,,,,,,,,,167,0.6276665028,113.2496077,
🇿🇦,Airpodsz,0,0,9:31.446,9:31.446,10 Oct 2025,216,(U),5371483678379121796,,,https://www.youtube.com/watch?v=FLtLJIjnd-I&list=PLjW0OIc7zcEcCMM5essHmBGzf92S0FzKi&index=14,9,31,446,571446,,,410359,1.3925514,410359,1.3925514,-0.0005,0.8976,5.177484944,16.1628,18.0061,69.7956,8.03951,,,,,,,,,,,,,,,,,,,,,,,,,,,,,,,,,,,,,,,,,,,,,,,,,,,,,,,,,,,,,,,,,,,,,,,,,,,,,,,,,,,,,
🇬🇧,priffie,0,0,9:31.697,9:31.697,26 Apr 2024,748,(U),unknown,,,https://www.youtube.com/watch?v=wXAoFAxdCBE,9,31,697,571697,,,410359,1.39316306,421494,1.356358572,-0.0005,0.6880,4.322713528,18.4228,26.7783,68.8802,8.06868,,,,,,,,,,,,,,,,,,,,,,,,,,,,,,,,,,,,,,,,,,,,,,,,,,,,,,,,,,,,,,,,,,,,,,,,,,,,,,,,,,,,,
🇺🇸,doogile,0,0,9:29.751,9:32.126,10 May 2023,1100,(U),1251289617466531900,,,https://www.youtube.com/watch?v=y6WViu7_6NI,9,32,126,572126,,,410359,1.394208486,465828,1.228191521,-0.0005,0.5769,2.207815865,36.6484,63.5209,67.3348,8.11875,,,,,,,,,,,,,,,,,,,,,,,,,,,,,,,,,,,,,,,,,,,,,,,,,,,,,,,--,,,,,,,,,,,,,,,,,,,,,,,,,,,1100,0,0,
🇯🇵,mebuki117,0,1,9:28.540,9:32.312,10 Nov 2022,1281,(V),3603260969608126058,09,Yes,https://www.speedrun.com/mc/run/zx8r8dem,9,32,312,572312,,,410359,1.394661747,495537,1.154932931,-0.0005,0.5270,1.470463137,42.6429,80.9119,66.6723,8.14054,,,,,,,,,,,,,,,,,,,,,,,,,,,,,,,,,,,,,,,,,,,,,,,,,,,,,,,,,,,,,,,,,,,,,,,,,,,,,,,,,,,,,
🇳🇴,skycrab1,0,0,9:31.708,9:32.427,14 Jun 2024,699,(U),2235642990872806134,,,https://www.youtube.com/watch?v=TK7I7irT2Ig&list=PLU3_fvoJ1GyMStiA29z37DUPtG47PvOJz&index=30,9,32,427,572427,,,410359,1.39494199,421494,1.358090507,-0.0005,0.7050,4.360602307,18.5594,26.3239,66.2649,8.15404,,,,,,,,,,,,,,,,,,,,,,,,,,,,,,,,,,,,,,,,,,,,,,,,,,,,,,,--,,,,,,,,,,,,,,,,,,,,,,,,,,,699,0,0,
🇿🇦,Airpodsz,0,0,9:32.438,9:32.438,27 Oct 2025,199,(U),2979817871645690531,,,https://www.youtube.com/watch?v=yAvo-mhmCUw&list=PLjW0OIc7zcEcCMM5essHmBGzf92S0FzKi&index=15,9,32,438,572438,,,410359,1.394968796,410359,1.394968796,-0.0005,0.9053,5.239506913,15.8249,17.4805,66.2260,8.15533,,,,,,,,,,,,,,,,,,,,,,,,,,,,,,,,,,,,,,,,,,,,,,,,,,,,,,,,,,,,,,,,,,,,,,,,,,,,,,,,,,,,,
🇺🇸,doogile,0,0,9:32.194,9:32.494,25 May 2025,354,(U),-1725089180716272190,,,https://www.youtube.com/watch?v=wXXYlwLqc64,9,32,494,572494,,,410359,1.395105261,421494,1.358249465,-0.0005,0.8378,4.364094323,22.0188,26.2824,66.0283,8.16192,,,,,,,,,,,,,,,,,,,,,,,,,,,,,,,,,,,,,,,,,,,,,,,,,,,,,,,--,,,,,,,,,,,,,,,,,,,,,,,,,,,354,0.0118410094,3.112099392,
🇿🇦,Airpodsz,0,0,9:32.712,9:32.712,04 Feb 2026,99,(U),-5491553150795514793,,,https://www.youtube.com/watch?v=gUqcgYIBV68&list=PLjW0OIc7zcEcCMM5essHmBGzf92S0FzKi&index=29,9,32,712,572712,,,410359,1.395636504,410359,1.395636504,-0.0005,0.9517,5.256751995,16.4995,17.3368,65.2626,8.18759,,,,,,,,,,,,,,,,,,,,,,,,,,,,,,,,,,,,,,,,,,,,,,,,,,,,,,,,,,,,,,,,,,,,,,,,,,,,,,,,,,,,,
🇸🇰,NoFear1337,0,0,9:32.897,9:32.897,15 Dec 2023,881,(U),unknown,,,https://www.youtube.com/watch?v=SROkWtFTBvE,9,32,897,572897,,,410359,1.396087328,446254,1.283791294,-0.0005,0.6437,2.973630914,30.6246,47.5749,64.6176,8.20943,,,,,,,,,,,,,,,,,,,,,,,,,,,,,,,,,,,,,,,,,,,,,,,,,,,,,,,--,,,,,,,,,,,,,,,,,,,,,,,,,,,881,0,0,
🇸🇪,PAPLERR,0,0,9:33.074,9:33.074,12 Apr 2024,762,(U),unknown,,,https://www.youtube.com/watch?v=enTTmFZU3D8,9,33,74,573074,,,410359,1.396518658,421494,1.359625523,-0.0005,0.6832,4.394426395,17.7106,25.9238,64.0047,8.23037,,,,,,,,,,,,,,,,,,,,,,,,,,,,,,,,,,,,,,,,,,,,,,,,,,,,,,,,,,,,,,,,,,,,,,,,,,,,,,,,,,,,,
🇺🇸,Feinberg,0,0,9:33.123,9:33.123,21 Dec 2025,144,(U),1570558326201400964,,No,https://www.youtube.com/watch?v=6rzjZzzcGeA,9,33,123,573123,,,410359,1.396638066,410359,1.396638066,-0.0005,0.9305,5.282712608,15.9329,17.1224,63.8357,8.23618,,,,,,,,,,,,,,,,,,,,,,,,,,,,,,,,,,,,,,,,,,,,,,,,,,,,,,,,,,,,,,,,,,,,,,,,,,,,,,,,,,,,,
🇳🇴,skycrab1,0,0,9:32.943,9:33.168,21 Oct 2025,205,(U),see video,,,https://www.youtube.com/watch?v=lHiL5mg3oA4&list=PLU3_fvoJ1GyMStiA29z37DUPtG47PvOJz&index=145,9,33,168,573168,,,410359,1.396747726,410359,1.396747726,-0.0005,0.9026,5.285561803,15.4332,17.0990,63.6808,8.24151,,,,,,,,,,,,,,,,,,,,,,,,,,,,,,,,,,,,,,,,,,,,,,,,,,,,,,,--,,,,,,,,,,,,,,,,,,,,,,,,,,,205,0.4225225334,72.2470071,
🇵🇱,mati_lopez,0,1,9:33.192,9:33.192,12 Dec 2023,884,(V),6639007270022584625,06,Yes,https://www.speedrun.com/mc/runs/mr2l5n4y,9,33,192,573192,,,410359,1.396806211,446254,1.284452352,-0.0005,0.6427,2.984004895,30.4528,47.3789,63.5983,8.24436,,,,,,,,,,,,,,,,,,,,,,,,,,,,,,,,,,,,,,,,,,,,,,,,,,,,,,,,,,,,,,,,,,,,,,,,,,,,,,,,,,,,,
🇸🇰,NoFear1337,0,0,9:33.243,9:33.243,23 Jul 2025,295,(U),unknown,,,https://www.youtube.com/watch?v=Ucnbg8kATvI,9,33,243,573243,,,410359,1.396930493,410359,1.396930493,-0.0005,0.8629,5.290313444,14.7205,17.0600,63.4232,8.25041,,,,,,,,,,,,,,,,,,,,,,,,,,,,,,,,,,,,,,,,,,,,,,,,,,,,,,,--,,,,,,,,,,,,,,,,,,,,,,,,,,,295,0.07674726717,13.09310763,
🇵🇱,watermelon1708,0,0,9:33.249,9:33.249,20 Nov 2025,175,(U),unknown,,,https://www.youtube.com/watch?v=FIQZdzOU1z0,9,33,249,573249,,,410359,1.396945114,410359,1.396945114,-0.0005,0.9162,5.290693737,15.6279,17.0569,63.4026,8.25112,,,,,,,,,,,,,,,,,,,,,,,,,,,,,,,,,,,,,,,,,,,,,,,,,,,,,,,--,,,,,,,,,,,,,,,,,,,,,,,,,,,175,0.5851204825,99.80352038,
🇿🇦,Airpodsz,0,0,9:29.788,9:33.273,13 Feb 2026,90,(U),8037488532370898787,,,https://www.youtube.com/watch?v=wCmYoF-sS1s&list=PLjW0OIc7zcEcCMM5essHmBGzf92S0FzKi&index=32,9,33,273,573273,,,410359,1.397003599,410359,1.397003599,-0.0005,0.9560,5.292215145,16.2945,17.0445,63.3204,8.25397,,,,,,,,,,,,,,,,,,,,,,,,,,,,,,,,,,,,,,,,,,,,,,,,,,,,,,,,,,,,,,,,,,,,,,,,,,,,,,,,,,,,,
🇨🇦,Mynski,0,1,9:26.553,9:33.317,01 Jul 2023,1047.416667,(?),Unknown,??,Yes,https://www.youtube.com/watch?v=Eu51zmyVc4U,9,33,317,573317,,,410359,1.397110822,465828,1.230748259,-0.0005,0.5923,2.23872337,37.2128,62.8255,63.1697,8.25920,,,,,,,,,,,,,,,,,,,,,,,,,,,,,,,,,,,,,,,,,,,,,,,,,,,,,,,,,,,,,,,,,,,,,,,,,,,,,,,,,,,,,
🇮🇱,Ranik_,0,1,9:23.709,9:33.385,10 Oct 2023,947,(U),-8488106891176696564,08,Yes,https://www.youtube.com/watch?v=hpavr1Umah8,9,33,385,573385,,,410359,1.397276531,465828,1.230894236,-0.0005,0.6228,2.24049969,39.1041,62.7857,62.9375,8.26729,,,,,,,,,,,,,,,,,,,,,,,,,,,,,,,,,,,,,,,,,,,,,,,,,,,,,,,,,,,,,,,,,,,,,,,,,,,,,,,,,,,,,
🇨🇦,Aquacorde,0,0,9:33.414,9:33.414,14 Jul 2025,304,(U),3745240715930610868,,,https://www.youtube.com/watch?v=irG5odl9FWc,9,33,414,573414,,,410359,1.397347201,410359,1.397347201,-0.0005,0.8590,5.301161144,14.5783,16.9714,62.8386,8.27074,,,,,,,,,,,,,,,,,,,,,,,,,,,,,,,,,,,,,,,,,,,,,,,,,,,,,,,--,,,,,,,,,,,,,,,,,,,,,,,,,,,304,0.0602383311,10.2233038,
🇬🇧,priffie,0,0,9:33.654,9:33.654,21 Dec 2024,509,(U),-5242741980440312420,,,https://www.youtube.com/watch?v=jZn7gEOo0EE,9,33,654,573654,,,410359,1.397932055,421494,1.36100158,-0.0005,0.7753,4.42494322,19.8224,25.5672,62.0244,8.29934,,,,,,,,,,,,,,,,,,,,,,,,,,,,,,,,,,,,,,,,,,,,,,,,,,,,,,,,,,,,,,,,,,,,,,,,,,,,,,,,,,,,,
🇺🇦,7rowl,0,1,9:33.656,9:33.656,27 May 2023,1083,(U),-280346871610267376,12,Yes,https://www.youtube.com/watch?v=pfJ6_SIVQsE,9,33,656,573656,,,410359,1.397936928,465828,1.231475995,-0.0005,0.5819,2.247591417,36.4409,62.6267,62.0176,8.29957,,,,,,,,,,,,,,,,,,,,,,,,,,,,,,,,,,,,,,,,,,,,,,,,,,,,,,,,,,,,,,,,,,,,,,,,,,,,,,,,,,,,,
🇮🇹,Ale267,0,1,9:31.798,9:33.920,18 Mar 2023,1153,(V),6878392714686165176,12,Yes,https://www.speedrun.com/mc/run/m3lv7dwm,9,33,920,573920,,,410359,1.398580268,465828,1.232042728,-0.0005,0.5619,2.254519319,35.1004,62.4716,61.1306,8.33114,,,,,,,,,,,,,,,,,,,,,,,,,,,,,,,,,,,,,,,,,,,,,,,,,,,,,,,,,,,,,,,,,,,,,,,,,,,,,,,,,,,,,
🇫🇮,sadekeppi,0,0,9:33.933,9:33.933,27 Nov 2025,168,(U),unknown,,,https://www.youtube.com/watch?v=v5aAY7aHxAc,9,33,933,573933,,,410359,1.398611947,410359,1.398611947,-0.0005,0.9194,5.334203944,15.3582,16.7040,61.0871,8.33269,,,,,,,,,,,,,,,,,,,,,,,,,,,,,,,,,,,,,,,,,,,,,,,,,,,,,,,,,,,,,,,,,,,,,,,,,,,,,,,,,,168,0.6224056677,103.9668247,
🇺🇦,loodlow,0,1,9:31.417,9:34.074,03 Jan 2024,862,(V),223037202453904849,,,https://www.speedrun.com/mc/runs/y8kod21y,9,34,74,574074,,,410359,1.398955549,446254,1.286428805,-0.0005,0.6499,3.015213031,30.4087,46.7928,60.6172,8.34960,,,,,,,,,,,,,,,,,,,,,,,,,,,,,,,,,,,,,,,,,,,,,,,,,,,,,,,--,,,,,,,,,,,,,,,,,,,,,,,,,,,862,0,0,
🇳🇴,skycrab1,0,0,9:31.539,9:34.051,05 Feb 2024,829,(U),unknown,,,https://www.youtube.com/watch?v=7WaCloKkkXQ&list=PLU3_fvoJ1GyMStiA29z37DUPtG47PvOJz&index=8,9,34,51,574051,,,410359,1.3988995,421494,1.361943468,-0.0005,0.6607,4.445938453,16.7310,25.3243,60.6937,8.34684,,,,,,,,,,,,,,,,,,,,,,,,,,,,,,,,,,,,,,,,,,,,,,,,,,,,,,,--,,,,,,,,,,,,,,,,,,,,,,,,,,,829,0,0,
🇳🇴,skycrab1,0,0,9:33.046,9:34.091,21 Jun 2024,692,(U),6111477306279101383,,,https://www.youtube.com/watch?v=SjpGEQo2qAI&list=PLU3_fvoJ1GyMStiA29z37DUPtG47PvOJz&index=36,9,34,91,574091,,,410359,1.398996976,421494,1.362038368,-0.0005,0.7075,4.448058678,17.9000,25.2998,60.5608,8.35164,,,,,,,,,,,,,,,,,,,,,,,,,,,,,,,,,,,,,,,,,,,,,,,,,,,,,,,--,,,,,,,,,,,,,,,,,,,,,,,,,,,692,0,0,
🇺🇸,doogile,0,0,9:34.348,9:34.348,21 Mar 2025,419,(U),3428741567389448584,,,https://www.youtube.com/watch?v=ON2kExN455Q,9,34,348,574348,,,410359,1.399623257,421494,1.362648104,-0.0005,0.8110,4.461702282,20.3908,25.1432,59.7114,8.38253,,,,,,,,,,,,,,,,,,,,,,,,,,,,,,,,,,,,,,,,,,,,,,,,,,,,,,,--,,,,,,,,,,,,,,,,,,,,,,,,,,,419,0.0006387445812,0.1606005747,
🇺🇸,zylenox,0,0,9:32.347,9:34.472,23 Apr 2024,751,(U),unknown,,,https://www.youtube.com/watch?v=XmDeU8epxY8,9,34,472,574472,,,410359,1.399925431,421494,1.362942296,-0.0005,0.6869,4.468298302,17.2202,25.0677,59.3045,8.39747,,,,,,,,,,,,,,,,,,,,,,,,,,,,,,,,,,,,,,,,,,,,,,,,,,,,,,,,,,,,,,,,,,,,,,,,,,,,,,,,,,,,,
🇺🇸,Infume,0,1,9:34.494,9:34.494,12 Mar 2023,1159,(V),-5346143310482159884,,,https://www.speedrun.com/mc/runs/znj9q59m,9,34,494,574494,,,410359,1.399979043,465828,1.233274943,-0.0005,0.5602,2.26964839,34.8059,62.1335,59.2325,8.40013,,,,,,,,,,,,,,,,,,,,,,,,,,,,,,,,,,,,,,,,,,,,,,,,,,,,,,,,,,,,,,,,,,,,,,,,,,,,,,,,,,,,,
🇿🇦,Airpodsz,0,0,9:34.549,9:34.549,25 Mar 2026,50,(U),5812532133711140207,,,https://www.youtube.com/watch?v=asR4UWgtxFQ&list=PLjW0OIc7zcEcCMM5essHmBGzf92S0FzKi&index=40,9,34,549,574549,,,410359,1.400113072,410359,1.400113072,-0.0005,0.9753,5.373655744,15.9850,16.3897,59.0529,8.40677,,,,,,,,,,,,,,,,,,,,,,,,,,,,,,,,,,,,,,,,,,,,,,,,,,,,,,,,,,,,,,,,,,,,,,,,,,,,,,,,,,,,,
🇺🇸,doogile,0,0,9:27.828,9:34.557,12 Apr 2023,1128,(U),-1996716733981977639,,,https://www.youtube.com/watch?v=uv1DYktuHdQ,9,34,557,574557,,,410359,1.400132567,465828,1.233410186,-0.0005,0.5689,2.271314429,35.3284,62.0964,59.0268,8.40773,,,,,,,,,,,,,,,,,,,,,,,,,,,,,,,,,,,,,,,,,,,,,,,,,,,,,,,--,,,,,,,,,,,,,,,,,,,,,,,,,,,1128,0,0,
🇨🇦,Aquacorde,0,0,9:35.061,9:35.061,11 Feb 2024,823,(U),5916322168139045813,,,https://www.youtube.com/watch?v=_kB4l1r6Z_U,9,35,61,575061,,,410359,1.40136076,421494,1.364339706,-0.0005,0.6627,4.499746286,16.3746,24.7106,57.3985,8.46878,,,,,,,,,,,,,,,,,,,,,,,,,,,,,,,,,,,,,,,,,,,,,,,,,,,,,,,--,,,,,,,,,,,,,,,,,,,,,,,,,,,823,0,0,
🇳🇴,skycrab1,0,0,9:33.390,9:35.170,05 Jul 2025,313,(U),3232995416196274049,,,https://www.youtube.com/watch?v=kxZT3ObGb8g&list=PLU3_fvoJ1GyMStiA29z37DUPtG47PvOJz&index=40,9,35,170,575170,,,410359,1.401626381,410359,1.401626381,-0.0005,0.8551,5.413685488,13.7471,16.0760,57.0506,8.48203,,,,,,,,,,,,,,,,,,,,,,,,,,,,,,,,,,,,,,,,,,,,,,,,,,,,,,,--,,,,,,,,,,,,,,,,,,,,,,,,,,,313,0.04658718853,7.489374503,
🇳🇴,skycrab1,0,0,9:35.237,9:35.237,16 Sep 2024,605,(U),3490610711658203102,,,https://www.youtube.com/watch?v=_H66aNYnVX4&list=PLU3_fvoJ1GyMStiA29z37DUPtG47PvOJz&index=71,9,35,237,575237,,,410359,1.401789652,421494,1.364757268,-0.0005,0.7390,4.50918088,18.1818,24.6043,56.8375,8.49019,,,,,,,,,,,,,,,,,,,,,,,,,,,,,,,,,,,,,,,,,,,,,,,,,,,,,,,--,,,,,,,,,,,,,,,,,,,,,,,,,,,605,0.0000000002414128687,0.00000005939790368,
🇳🇴,skycrab1,0,0,9:33.936,9:35.543,05 Aug 2024,647,(U),8022322116352656572,,,https://www.youtube.com/watch?v=4ly8bruecIw&list=PLU3_fvoJ1GyMStiA29z37DUPtG47PvOJz&index=48,9,35,543,575543,,,410359,1.402535341,421494,1.365483257,-0.0005,0.7236,4.525625495,17.6706,24.4199,55.8712,8.52753,,,,,,,,,,,,,,,,,,,,,,,,,,,,,,,,,,,,,,,,,,,,,,,,,,,,,,,--,,,,,,,,,,,,,,,,,,,,,,,,,,,647,0,0.0000000004219993339,
🇳🇴,skycrab1,0,0,9:35.206,9:35.594,10 Sep 2024,611,(U),4102653367681446187,,,https://www.youtube.com/watch?v=yy661jRyqhw&list=PLU3_fvoJ1GyMStiA29z37DUPtG47PvOJz&index=66,9,35,594,575594,,,410359,1.402659622,421494,1.365604255,-0.0005,0.7368,4.528371369,17.9689,24.3893,55.7113,8.53377,,,,,,,,,,,,,,,,,,,,,,,,,,,,,,,,,,,,,,,,,,,,,,,,,,,,,,,--,,,,,,,,,,,,,,,,,,,,,,,,,,,611,0.0000000001241025222,0.00000003026769717,
🇿🇦,Airpodsz,0,0,9:34.064,9:35.608,07 May 2025,372,(U),492596804425449081,,,https://www.youtube.com/watch?v=ivfJVCUNFEQ&list=PLjW0OIc7zcEcCMM5essHmBGzf92S0FzKi&index=4,9,35,608,575608,,,410359,1.402693739,421494,1.365637471,-0.0005,0.8303,4.529125393,20.2428,24.3809,55.6674,8.53548,,,,,,,,,,,,,,,,,,,,,,,,,,,,,,,,,,,,,,,,,,,,,,,,,,,,,,,,,,,,,,,,,,,,,,,,,,,,,,,,,,,,,
🇸🇰,NoFear1337,0,0,9:35.670,9:35.670,20 Dec 2023,876,(U),unknown,,,https://www.youtube.com/watch?v=Dsj0KzbzY60,9,35,670,575670,,,410359,1.402844826,446254,1.290005244,-0.0005,0.6453,3.072421088,29.5118,45.7316,55.4736,8.54307,,,,,,,,,,,,,,,,,,,,,,,,,,,,,,,,,,,,,,,,,,,,,,,,,,,,,,,--,,,,,,,,,,,,,,,,,,,,,,,,,,,876,0,0,
🇨🇦,silverr,0,0,9:35.814,9:35.814,05 Feb 2023,1194,(U),8973390315724050418,15,Yes,https://www.youtube.com/watch?v=6EHuNGxSBko,9,35,814,575814,,,410359,1.403195738,495537,1.162000012,-0.0005,0.5505,1.530253214,43.7466,79.4727,55.0252,8.56072,,,,,,,,,,,,,,,,,,,,,,,,,,,,,,,,,,,,,,,,,,,,,,,,,,,,,,,--,,,,,,,,,,,,,,,,,,,,,,,,,,,1194,0,0,
🇺🇸,zylenox,0,0,9:30.131,9:35.861,04 Dec 2024,526,(U),unknown,,,https://www.youtube.com/watch?v=NkdqmkVubFA,9,35,861,575861,,,410359,1.403310272,421494,1.366237716,-0.0005,0.7687,4.542770672,18.6258,24.2290,54.8794,8.56649,,,,,,,,,,,,,,,,,,,,,,,,,,,,,,,,,,,,,,,,,,,,,,,,,,,,,,,,,,,,,,,,,,,,,,,,,,,,,,,,,,,,,
🇵🇱,watermelon1708,0,0,9:34.440,9:35.912,13 Oct 2025,213,(U),unknown,,,https://www.youtube.com/watch?v=YxzgDYgm8AE,9,35,912,575912,,,410359,1.403434554,410359,1.403434554,-0.0005,0.8990,5.461856161,14.1190,15.7057,54.7215,8.57275,,,,,,,,,,,,,,,,,,,,,,,,,,,,,,,,,,,,,,,,,,,,,,,,,,,,,,,--,,,,,,,,,,,,,,,,,,,,,,,,,,,213,0.3804655289,59.75481161,
🇿🇦,Airpodsz,0,0,9:35.503,9:35.919,26 Feb 2026,77,(U),-1555971930486417562,,,https://www.youtube.com/watch?v=LH375ak-SW4&list=PLjW0OIc7zcEcCMM5essHmBGzf92S0FzKi&index=39,9,35,919,575919,,,410359,1.403451612,410359,1.403451612,-0.0005,0.9622,5.462312378,15.1092,15.7022,54.6998,8.57361,,,,,,,,,,,,,,,,,,,,,,,,,,,,,,,,,,,,,,,,,,,,,,,,,,,,,,,,,,,,,,,,,,,,,,,,,,,,,,,,,,,,,
🇺🇸,doogile,0,0,9:35.919,9:35.919,23 May 2025,356,(U),369201841316479078,,,https://www.youtube.com/watch?v=m5WY6SiLPH8,9,35,919,575919,,,410359,1.403451612,421494,1.366375322,-0.0005,0.8369,4.545903911,20.2492,24.1942,54.6998,8.57361,,,,,,,,,,,,,,,,,,,,,,,,,,,,,,,,,,,,,,,,,,,,,,,,,,,,,,,--,,,,,,,,,,,,,,,,,,,,,,,,,,,356,0.01097866319,2.656202765,
🇬🇧,Brentilda,1,1,9:38.000,9:36.000,19 Apr 2021,1851,(V),-8422260959436812016,01,No,https://www.speedrun.com/mc/run/zq13899m,9,36,0,576000,,,410359,1.403649,667000,0.8635682159,-0.0005,0.3963,0.2790797795,41.2894,104.1786,54.4498,8.58357,,,,,,,,,,,,,,,,,,,,,,,,,,,,,,,,,,,,,,,,,,,,,,,,,,,,,,,--,,,,,,,,,,,,,,,,,,,,,,,,,,,1851,0,0,
🇵🇱,okshey,0,0,9:36.198,9:36.198,09 Nov 2025,186,(U),unknown,,,https://www.youtube.com/watch?v=EPY9lEApMl8,9,36,198,576198,,,410359,1.404131504,410359,1.404131504,-0.0005,0.9112,5.480522974,14.1820,15.5643,53.8420,8.60795,,,,,,,,,,,,,,,,,,,,,,,,,,,,,,,,,,,,,,,,,,,,,,,,,,,,,,,,,,,,,,,,,,,,,,,,,,,,,,,,,,186,0.525457693,81.78355971,
🇸🇪,Crookst,0,1,9:31.823,9:36.696,05 Mar 2022,1531,(V),1234475058860136521,06,Yes,https://www.speedrun.com/mc/run/zn75ro9m,9,36,696,576696,,,410359,1.405345076,548820,1.05079261,-0.0005,0.4651,0.8072762451,44.6866,96.0793,52.3346,8.66955,,,,,,,,,,,,,,,,,,,,,,,,,,,,,,,,,,,,,,,,,,,,,,,,,,,,,,,--,,,,,,,,,,,,,,,,,,,,,,,,,,,1531,0,0,
🇩🇰,Bloopy,0,0,9:36.244,9:36.244,27 Oct 2024,564,(U),3241660036235146313,,,https://www.youtube.com/watch?v=KEaHoB1_iY4,9,36,244,576244,,,410359,1.404243601,421494,1.367146389,-0.0005,0.7543,4.563495917,18.1025,23.9999,53.7015,8.61362,,,,,,,,,,,,,,,,,,,,,,,,,,,,,,,,,,,,,,,,,,,,,,,,,,,,,,,--,,,,,,,,,,,,,,,,,,,,,,,,,,,564,0.00000001616181623,0.000003878813303,
🇨🇦,Jay12310,0,0,9:36.303,9:36.303,07 Jan 2026,127,(U),unknown,,,https://www.youtube.com/watch?v=pROA_8k_5eg&list=PLaTJSsRuu2UcsiC6KEkJwrGp1GaGgPoVG&index=12,9,36,303,576303,,,410359,1.404387378,410359,1.404387378,-0.0005,0.9385,5.487390139,14.5581,15.5125,53.5216,8.62091,,,,,,,,,,,,,,,,,,,,,,,,,,,,,,,,,,,,,,,,,,,,,,,,,,,,,,,--,,,,,,,,,,,,,,,,,,,,,,,,,,,127,0.8147790555,126.392586,
🇺🇸,doogile,0,0,9:36.342,9:36.342,06 Jun 2025,342,(U),3942752838021789289,,,https://www.youtube.com/watch?v=Kwy4Xk-e0q8,9,36,342,576342,,,410359,1.404482417,421494,1.367378895,-0.0005,0.8428,4.568812278,20.1783,23.9414,53.4030,8.62572,,,,,,,,,,,,,,,,,,,,,,,,,,,,,,,,,,,,,,,,,,,,,,,,,,,,,,,--,,,,,,,,,,,,,,,,,,,,,,,,,,,342,0.01831254747,4.384277296,
🇧🇪,boyenn,0,1,9:36.771,9:36.771,02 Jan 2024,863,(U),-4821689901528726194,18,Yes,https://www.youtube.com/watch?v=_6pn-zw0hAg,9,36,771,576771,,,410359,1.405527843,446254,1.292472448,-0.0005,0.6495,3.112444557,29.2287,44.9995,52.1102,8.67886,,,,,,,,,,,,,,,,,,,,,,,,,,,,,,,,,,,,,,,,,,,,,,,,,,,,,,,,,,,,,,,,,,,,,,,,,,,,,,,,,,,,,
🇳🇴,skycrab1,0,0,9:35.664,9:36.849,26 Mar 2024,779,(U),unknown,,,https://www.youtube.com/watch?v=R_kkDzbVPHM&list=PLU3_fvoJ1GyMStiA29z37DUPtG47PvOJz&index=13,9,36,849,576849,,,410359,1.40571792,421494,1.368581759,-0.0005,0.6774,4.596403068,16.0135,23.6399,51.8775,8.68855,,,,,,,,,,,,,,,,,,,,,,,,,,,,,,,,,,,,,,,,,,,,,,,,,,,,,,,--,,,,,,,,,,,,,,,,,,,,,,,,,,,779,0,0,
🇳🇴,skycrab1,0,0,9:36.996,9:36.996,08 Oct 2024,583,(U),7453415470551744389,,,https://www.youtube.com/watch?v=kSKZSx3MlS0&list=PLU3_fvoJ1GyMStiA29z37DUPtG47PvOJz&index=77,9,36,996,576996,,,410359,1.406076143,421494,1.368930519,-0.0005,0.7471,4.604430017,17.5972,23.5527,51.4411,8.70684,,,,,,,,,,,,,,,,,,,,,,,,,,,,,,,,,,,,,,,,,,,,,,,,,,,,,,,--,,,,,,,,,,,,,,,,,,,,,,,,,,,583,0.000000002478707207,0.000000583803362,
🇸🇪,PAPLERR,0,0,9:36.624,9:37.140,31 Mar 2024,774,(U),unknown,,,https://www.youtube.com/watch?v=M35thmap7LY,9,37,140,577140,,,410359,1.406427055,421494,1.36927216,-0.0005,0.6791,4.612305056,15.9366,23.4675,51.0162,8.72479,,,,,,,,,,,,,,,,,,,,,,,,,,,,,,,,,,,,,,,,,,,,,,,,,,,,,,,,,,,,,,,,,,,,,,,,,,,,,,,,,,,,,
🇮🇹,chiodus2472,0,1,9:34.948,9:37.268,09 Jan 2024,856,(V),-969821978931819875,01,Yes,https://www.speedrun.com/mc/runs/yd2409vm,9,37,268,577268,,,410359,1.406738977,421494,1.369575842,-0.0005,0.6518,4.619314996,15.2471,23.3919,50.6405,8.74078,,,,,,,,,,,,,,,,,,,,,,,,,,,,,,,,,,,,,,,,,,,,,,,,,,,,,,,,,,,,,,,,,,,,,,,,,,,,,,,,,,,,,
🇳🇴,skycrab1,0,0,9:36.604,9:37.350,26 May 2024,718,(U),546895512825728469,,,https://www.youtube.com/watch?v=13DWhOeZhQ0&list=PLU3_fvoJ1GyMStiA29z37DUPtG47PvOJz&index=23,9,37,350,577350,,,410359,1.406938802,421494,1.369770388,-0.0005,0.6984,4.623810642,16.3025,23.3435,50.4009,8.75103,,,,,,,,,,,,,,,,,,,,,,,,,,,,,,,,,,,,,,,,,,,,,,,,,,,,,,,--,,,,,,,,,,,,,,,,,,,,,,,,,,,718,0,0,
🇺🇸,doogile,0,0,9:36.895,9:37.361,14 Feb 2024,820,(U),8840188245230081545,,,https://www.youtube.com/watch?v=vGXGBTmZ5tU,9,37,361,577361,,,410359,1.406965608,421494,1.369796486,-0.0005,0.6637,4.624414008,15.4876,23.3370,50.3689,8.75241,,,,,,,,,,,,,,,,,,,,,,,,,,,,,,,,,,,,,,,,,,,,,,,,,,,,,,,--,,,,,,,,,,,,,,,,,,,,,,,,,,,820,0,0,
🇨🇦,21mustard,0,1,9:22.292,9:37.383,21 Jul 2023,1028,(V),unknown,09,Yes,https://www.speedrun.com/mc/runs/mrlv1p4m,9,37,383,577383,,,410359,1.40701922,465828,1.239476803,-0.0005,0.5981,2.347184995,36.1347,60.4160,50.3048,8.75516,,,,,,,,,,,,,,,,,,,,,,,,,,,,,,,,,,,,,,,,,,,,,,,,,,,,,,,,,,,,,,,,,,,,,,,,,,,,,,,,,,,,,
🇨🇦,Aquacorde,0,0,9:37.428,9:37.428,12 Jun 2025,336,(U),5411072566358981877,,,https://www.youtube.com/watch?v=8qtirJeKx8I,9,37,428,577428,,,410359,1.40712888,410359,1.40712888,-0.0005,0.8454,5.561439667,12.6499,14.9641,50.1738,8.76080,,,,,,,,,,,,,,,,,,,,,,,,,,,,,,,,,,,,,,,,,,,,,,,,,,,,,,,--,,,,,,,,,,,,,,,,,,,,,,,,,,,336,0.02252103314,3.370065988,
🇨🇦,Aquacorde,0,0,9:37.634,9:37.634,22 May 2024,722,(U),-2489974967494847394,,,https://www.youtube.com/watch?v=VE9n0qCjt7w,9,37,634,577634,,,410359,1.407630879,421494,1.370444182,-0.0005,0.6970,4.639410569,16.1534,23.1763,49.5774,8.78663,,,,,,,,,,,,,,,,,,,,,,,,,,,,,,,,,,,,,,,,,,,,,,,,,,,,,,,--,,,,,,,,,,,,,,,,,,,,,,,,,,,722,0,0,
🇳🇴,skycrab1,0,0,9:38.062,9:38.159,08 Dec 2025,157,(U),unknown,,,https://www.youtube.com/watch?v=ZuI2ve_w9q0&list=PLU3_fvoJ1GyMStiA29z37DUPtG47PvOJz&index=158,9,38,159,578159,,,410359,1.408910247,410359,1.408910247,-0.0005,0.9245,5.610021563,13.5104,14.6137,48.0805,8.85278,,,,,,,,,,,,,,,,,,,,,,,,,,,,,,,,,,,,,,,,,,,,,,,,,,,,,,,--,,,,,,,,,,,,,,,,,,,,,,,,,,,157,0.6790983612,99.24165624,
🇺🇸,Reignex,0,0,9:38.147,9:38.262,11 Jul 2023,1038,(U),unknown,12,Yes,https://www.youtube.com/watch?v=z-OO3UOtPY88,9,38,262,578262,,,410359,1.409161247,465828,1.241363765,-0.0005,0.5951,2.371242232,35.6405,59.8884,47.7907,8.86580,,,,,,,,,,,,,,,,,,,,,,,,,,,,,,,,,,,,,,,,,,,,,,,,,,,,,,,,,,,,,,,,,,,,,,,,,,,,,,,,,,,,,
🇨🇦,Aquacorde,0,0,9:38.350,9:38.350,13 Apr 2024,761,(U),-9127982004582887256,,,https://www.youtube.com/watch?v=J3IDVImiBgk,9,38,350,578350,,,410359,1.409375693,421494,1.372142901,-0.0005,0.6835,4.678944781,15.5549,22.7571,47.5441,8.87695,,,,,,,,,,,,,,,,,,,,,,,,,,,,,,,,,,,,,,,,,,,,,,,,,,,,,,,--,,,,,,,,,,,,,,,,,,,,,,,,,,,761,0,0,
🇧🇷,shyaya,0,1,9:24.030,9:38.411,30 Apr 2022,1475,(V),2054193579190053167,,,https://www.speedrun.com/mc/runs/znpk5w3m,9,38,411,578411,,,410359,1.409524343,548820,1.053917496,-0.0005,0.4783,0.8221315227,45.8097,95.7745,47.3737,8.88468,,,,,,,,,,,,,,,,,,,,,,,,,,,,,,,,,,,,,,,,,,,,,,,,,,,,,,,,,,,,,,,,,,,,,,,,,,,,,,,,,,1475,0,0,
🇳🇴,skycrab1,0,0,9:37.169,9:38.505,15 Jun 2024,698,(U),-6835923738561090524,,,https://www.youtube.com/watch?v=DiB9QaNNmPs&list=PLU3_fvoJ1GyMStiA29z37DUPtG47PvOJz&index=31&pp=iAQB,9,38,505,578505,,,410359,1.409753411,421494,1.372510641,-0.0005,0.7054,4.687541913,15.9890,22.6668,47.1120,8.89661,,,,,,,,,,,,,,,,,,,,,,,,,,,,,,,,,,,,,,,,,,,,,,,,,,,,,,,--,,,,,,,,,,,,,,,,,,,,,,,,,,,698,0,0,
🇷🇺,aleen,0,0,9:38.572,9:38.572,11 Jul 2023,1038,(U),-2116083140785115834,04,Yes,https://www.youtube.com/watch?v=LVB2XbfIBdY,9,38,572,578572,,,410359,1.409916683,465828,1.242029247,-0.0005,0.5951,2.379779071,35.5294,59.7017,46.9261,8.90512,,,,,,,,,,,,,,,,,,,,,,,,,,,,,,,,,,,,,,,,,,,,,,,,,,,,,,,,,,,,,,,,,,,,,,,,,,,,,,,,,,,,,
🇸🇪,PAPLERR,0,0,9:36.026,9:38.587,01 Jul 2024,682,(U),unknown,,,https://www.youtube.com/watch?v=XTUe5tawd1s,9,38,587,578587,,,410359,1.409953236,421494,1.372705187,-0.0005,0.7111,4.692095666,16.0835,22.6190,46.8845,8.90703,,,,,,,,,,,,,,,,,,,,,,,,,,,,,,,,,,,,,,,,,,,,,,,,,,,,,,,,,,,,,,,,,,,,,,,,,,,,,,,,,,,,,
🇿🇦,Airpodsz,0,0,9:38.670,9:38.670,02 Jun 2025,346,(U),5921062734951902024,,,https://www.youtube.com/watch?v=O4iSypYT2y4&list=PLjW0OIc7zcEcCMM5essHmBGzf92S0FzKi&index=6,9,38,670,578670,,,410359,1.410155498,421494,1.372902105,-0.0005,0.8411,4.696708898,18.9852,22.5708,46.6551,8.91758,,,,,,,,,,,,,,,,,,,,,,,,,,,,,,,,,,,,,,,,,,,,,,,,,,,,,,,,,,,,,,,,,,,,,,,,,,,,,,,,,,,,,
🇨🇦,Aquacorde,0,0,9:38.736,9:38.736,06 Jun 2025,342,(U),9010889274559730847,,,https://www.youtube.com/watch?v=bVVdKUflSME,9,38,736,578736,,,410359,1.410316333,421494,1.373058691,-0.0005,0.8428,4.700380086,18.9909,22.5325,46.4733,8.92598,,,,,,,,,,,,,,,,,,,,,,,,,,,,,,,,,,,,,,,,,,,,,,,,,,,,,,,--,,,,,,,,,,,,,,,,,,,,,,,,,,,342,0.01831254747,4.126270098,
🇵🇱,watermelon1708,0,0,9:37.975,9:38.760,14 Nov 2025,181,(U),unknown,,,https://www.youtube.com/watch?v=i8Pi7aIULKc,9,38,760,578760,,,410359,1.410374818,410359,1.410374818,-0.0005,0.9135,5.650240733,13.0894,14.3293,46.4073,8.92904,,,,,,,,,,,,,,,,,,,,,,,,,,,,,,,,,,,,,,,,,,,,,,,,,,,,,,,--,,,,,,,,,,,,,,,,,,,,,,,,,,,181,0.5526811091,79.19513264,
🇮🇹,drip120,0,0,9:37.558,9:39.066,24 Oct 2025,202,(U),unknown,,,https://www.youtube.com/watch?v=wyhD_ahpxGU,9,39,66,579066,,,410359,1.411120507,410359,1.411120507,-0.0005,0.9039,5.670814874,12.8229,14.1857,45.5717,8.96809,,,,,,,,,,,,,,,,,,,,,,,,,,,,,,,,,,,,,,,,,,,,,,,,,,,,,,,--,,,,,,,,,,,,,,,,,,,,,,,,,,,202,0.4385678268,62.21375693,
🇨🇦,EvanKeen,0,0,9:34.747,9:39.089,18 Aug 2022,1365,(U),3017816655898544242,15,Yes,https://www.youtube.com/watch?v=aFLHdmK11hU,9,39,89,579089,,,410359,1.411176555,517884,1.118182836,-0.0005,0.5054,1.192847986,44.2309,87.5249,45.5093,8.97104,,,,,,,,,,,,,,,,,,,,,,,,,,,,,,,,,,,,,,,,,,,,,,,,,,,,,,,,,,,,,,,,,,,,,,,,,,,,,,,,,,,,,
🇺🇸,zylenox,0,0,9:37.585,9:39.144,04 Jun 2024,709,(U),unknown,,,https://www.youtube.com/watch?v=A6xkO0SfvHs,9,39,144,579144,,,410359,1.411310584,421494,1.374026677,-0.0005,0.7015,4.723130539,15.6413,22.2962,45.3605,8.97807,,,,,,,,,,,,,,,,,,,,,,,,,,,,,,,,,,,,,,,,,,,,,,,,,,,,,,,,,,,,,,,,,,,,,,,,,,,,,,,,,,,,,
🇦🇺,MoleyG,0,1,9:34.824,9:39.177,03 Jul 2023,1046,(V),2069048257442487259,05,Yes,https://www.speedrun.com/mc/run/z5peddgm,9,39,177,579177,,,410359,1.411391002,465828,1.243328009,-0.0005,0.5927,2.396518914,35.1712,59.3367,45.2713,8.98230,,,,,,,,,,,,,,,,,,,,,,,,,,,,,,,,,,,,,,,,,,,,,,,,,,,,,,,,,,,,,,,,,,,,,,,,,,,,,,,,,,,,,
🇳🇴,skycrab1,0,0,9:39.300,9:39.928,28 Jul 2024,655,(U),1220434626875752910,,,https://www.youtube.com/watch?v=mFNMOnaFXaY&list=PLU3_fvoJ1GyMStiA29z37DUPtG47PvOJz&index=45,9,39,928,579928,,,410359,1.413221106,421494,1.375886727,-0.0005,0.7207,4.767117892,15.7445,21.8454,43.2766,9.07893,,,,,,,,,,,,,,,,,,,,,,,,,,,,,,,,,,,,,,,,,,,,,,,,,,,,,,,--,,,,,,,,,,,,,,,,,,,,,,,,,,,655,0,0.0000000001365183625,
🇺🇦,dinonuggieboi,0,1,9:35.023,9:39.334,22 Apr 2023,1118,(V),-6590499565572039174,04,Yes,https://www.speedrun.com/mc/run/m3q9d2dy,9,39,334,579334,,,410359,1.411773593,465828,1.243665044,-0.0005,0.5718,2.40088015,33.8733,59.2418,44.8489,9.00242,,,,,,,,,,,,,,,,,,,,,,,,,,,,,,,,,,,,,,,,,,,,,,,,,,,,,,,--,,,,,,,,,,,,,,,,,,,,,,,,,,,1118,0,0,
🇵🇱,Mixray,0,1,9:34.946,9:39.423,15 Sep 2023,972,(U),6988294764721144612,04,Yes,https://www.youtube.com/watch?v=BtKOerBoYtI,9,39,423,579423,,,410359,1.411990477,465828,1.243856101,-0.0005,0.6151,2.403355595,36.4055,59.1880,44.6107,9.01385,,,,,,,,,,,,,,,,,,,,,,,,,,,,,,,,,,,,,,,,,,,,,,,,,,,,,,,,,,,,,,,,,,,,,,,,,,,,,,,,,,,,,
🇵🇱,watermelon1708,0,0,9:37.815,9:39.646,12 Oct 2025,214,(U),see video,,,https://www.youtube.com/watch?v=0Sux8DzQKHg,9,39,646,579646,,,410359,1.412533903,410359,1.412533903,-0.0005,0.8985,5.709991036,12.5037,13.9158,44.0180,9.04254,,,,,,,,,,,,,,,,,,,,,,,,,,,,,,,,,,,,,,,,,,,,,,,,,,,,,,,--,,,,,,,,,,,,,,,,,,,,,,,,,,,214,0.3752981884,52.22569225,
🇳🇴,skycrab1,0,0,9:39.881,9:39.881,20 Oct 2024,571,(U),-8605506067910459007,,,https://www.youtube.com/watch?v=Qo6r_k863hs&list=PLU3_fvoJ1GyMStiA29z37DUPtG47PvOJz&index=86,9,39,881,579881,,,410359,1.413106573,421494,1.375775219,-0.0005,0.7516,4.764470825,16.4401,21.8723,43.3995,9.07285,,,,,,,,,,,,,,,,,,,,,,,,,,,,,,,,,,,,,,,,,,,,,,,,,,,,,,,--,,,,,,,,,,,,,,,,,,,,,,,,,,,571,0.000000008217982467,0.000001797462227,
🇨🇦,Aquacorde,0,0,9:39.937,9:39.937,12 Jul 2025,306,(U),3456563830022902090,,,https://www.youtube.com/watch?v=9W4oVjvPLO8,9,39,937,579937,,,410359,1.413243038,410359,1.413243038,-0.0005,0.8581,5.729735462,11.8263,13.7815,43.2531,9.08009,,,,,,,,,,,,,,,,,,,,,,,,,,,,,,,,,,,,,,,,,,,,,,,,,,,,,,,--,,,,,,,,,,,,,,,,,,,,,,,,,,,306,0.05696822629,7.851088229,
🇳🇴,skycrab1,0,0,9:39.675,9:39.946,17 May 2025,362,(U),unknown,,,https://www.youtube.com/watch?v=7_u4r-5wbBw&list=PLU3_fvoJ1GyMStiA29z37DUPtG47PvOJz&index=122,9,39,946,579946,,,410359,1.41326497,421494,1.375929432,-0.0005,0.8344,4.768132004,18.2200,21.8351,43.2296,9.08125,,,,,,,,,,,,,,,,,,,,,,,,,,,,,,,,,,,,,,,,,,,,,,,,,,,,,,,--,,,,,,,,,,,,,,,,,,,,,,,,,,,362,0.008705565023,1.900868942,
🇨🇦,silverr,0,0,9:39.993,9:39.993,21 Jan 2023,1209,(U),5152803780424896801,15,Yes,https://www.youtube.com/watch?v=4SxUSWR0AKk,9,39,993,579993,,,410359,1.413379504,495537,1.170433288,-0.0005,0.5463,1.60451547,42.4430,77.6849,43.1070,9.08733,,,,,,,,,,,,,,,,,,,,,,,,,,,,,,,,,,,,,,,,,,,,,,,,,,,,,,,,,,,,,,,,,,,,,,,,,,,,,,,,,,,,,
🇹🇿,Kxpow,0,1,9:35.931,9:40.072,13 Feb 2023,1186,(V),-2352610708955668290,06,Yes,https://www.speedrun.com/mc/run/meeedq3m,9,40,72,580072,,,410359,1.413572019,465828,1.245249319,-0.0005,0.5527,2.421475987,32.4939,58.7948,42.9016,9.09756,,,,,,,,,,,,,,,,,,,,,,,,,,,,,,,,,,,,,,,,,,,,,,,,,,,,,,,--,,,,,,,,,,,,,,,,,,,,,,,,,,,1186,0,0,
🇨🇦,silverr,0,0,9:39.324,9:40.144,13 Sep 2023,974,(U),unknown,??,Yes,https://www.youtube.com/watch?v=7Qgs9qVAEYg,9,40,144,580144,,,410359,1.413747475,465828,1.245403883,-0.0005,0.6145,2.423493771,36.1006,58.7511,42.7150,9.10689,,,,,,,,,,,,,,,,,,,,,,,,,,,,,,,,,,,,,,,,,,,,,,,,,,,,,,,--,,,,,,,,,,,,,,,,,,,,,,,,,,,974,0,0,
🇺🇸,Feinberg,0,0,9:38.533,9:40.201,22 Nov 2022,1269,(U),3763410502063067245,,,https://www.youtube.com/watch?v=X5XKUnji4HM,9,40,201,580201,,,410359,1.413886378,495537,1.170853034,-0.0005,0.5302,1.608296434,41.1404,77.5939,42.5676,9.11428,,,,,,,,,,,,,,,,,,,,,,,,,,,,,,,,,,,,,,,,,,,,,,,,,,,,,,,,,,,,,,,,,,,,,,,,,,,,,,,,,,,,,
🇿🇦,Airpodsz,0,0,9:40.203,9:40.203,18 Feb 2026,85,(U),1567644666340618744,,,https://www.youtube.com/watch?v=Xmbntq1hvyM&list=PLjW0OIc7zcEcCMM5essHmBGzf92S0FzKi&index=36,9,40,203,580203,,,410359,1.413891251,410359,1.413891251,-0.0005,0.9584,5.747835708,13.0911,13.6595,42.5625,9.11454,,,,,,,,,,,,,,,,,,,,,,,,,,,,,,,,,,,,,,,,,,,,,,,,,,,,,,,,,,,,,,,,,,,,,,,,,,,,,,,,,,,,,
🇬🇧,priffie,0,0,9:34.622,9:40.319,02 Feb 2025,466,(U),unknown,,,https://www.youtube.com/watch?v=WmMhRnKR004,9,40,319,580319,,,410359,1.414173931,421494,1.376814379,-0.0005,0.7922,4.789189198,17.1281,21.6222,42.2639,9.12960,,,,,,,,,,,,,,,,,,,,,,,,,,,,,,,,,,,,,,,,,,,,,,,,,,,,,,,,,,,,,,,,,,,,,,,,,,,,,,,,,,,,,
🇺🇸,doogile,0,0,9:38.425,9:40.319,20 Jan 2024,845,(U),-4077851580953068746,,,https://www.youtube.com/watch?v=qYuK9wNO7GQ,9,40,319,580319,,,410359,1.414173931,421494,1.376814379,-0.0005,0.6554,4.789189198,14.1713,21.6222,42.2639,9.12960,,,,,,,,,,,,,,,,,,,,,,,,,,,,,,,,,,,,,,,,,,,,,,,,,,,,,,,--,,,,,,,,,,,,,,,,,,,,,,,,,,,845,0,0,
🇳🇱,HDMICables,0,1,9:35.842,9:40.337,30 Dec 2023,866,(U),-2883304325678276407,06,Yes,https://www.youtube.com/watch?v=fsCAdRBeb3s,9,40,337,580337,,,410359,1.414217795,446254,1.300463413,-0.0005,0.6486,3.245263052,27.6485,42.6306,42.2177,9.13194,,,,,,,,,,,,,,,,,,,,,,,,,,,,,,,,,,,,,,,,,,,,,,,,,,,,,,,--,,,,,,,,,,,,,,,,,,,,,,,,,,,866,0,0,
🇨🇦,NoHacsJustRoblox,0,0,9:39.837,9:40.348,22 Apr 2024,752,(U),7851252288319915185,,,https://www.youtube.com/watch?v=yxr4anf52rI,9,40,348,580348,,,410359,1.4142446,421494,1.376883182,-0.0005,0.6866,4.790829758,14.8345,21.6057,42.1894,9.13337,,,,,,,,,,,,,,,,,,,,,,,,,,,,,,,,,,,,,,,,,,,,,,,,,,,,,,,--,,,,,,,,,,,,,,,,,,,,,,,,,,,752,0,0,
🇿🇦,Airpodsz,0,0,9:40.353,9:40.353,18 Feb 2026,85,(U),5652081996775429995,,,https://www.youtube.com/watch?v=fz2WSDzfu1Y&list=PLjW0OIc7zcEcCMM5essHmBGzf92S0FzKi&index=34,9,40,353,580353,,,410359,1.414256785,410359,1.414256785,-0.0005,0.9584,5.758064592,13.0254,13.5909,42.1766,9.13402,,,,,,,,,,,,,,,,,,,,,,,,,,,,,,,,,,,,,,,,,,,,,,,,,,,,,,,,,,,,,,,,,,,,,,,,,,,,,,,,,,,,,
🇳🇴,skycrab1,0,0,9:39.314,9:40.387,13 Aug 2024,639,(U),-7637821071124496857,,,https://www.youtube.com/watch?v=aFxizpVM6-c&list=PLU3_fvoJ1GyMStiA29z37DUPtG47PvOJz&index=51,9,40,387,580387,,,410359,1.414339639,421494,1.37697571,-0.0005,0.7265,4.793036804,15.6807,21.5835,42.0895,9.13844,,,,,,,,,,,,,,,,,,,,,,,,,,,,,,,,,,,,,,,,,,,,,,,,,,,,,,,--,,,,,,,,,,,,,,,,,,,,,,,,,,,639,0,0.000000001006085126,
🇳🇴,skycrab1,0,0,9:40.817,9:40.817,08 Dec 2025,157,(U),unknown,,,https://www.youtube.com/watch?v=WAg6hWbZyx4&list=PLU3_fvoJ1GyMStiA29z37DUPtG47PvOJz&index=154,9,40,817,580817,,,410359,1.415387502,410359,1.415387502,-0.0005,0.9245,5.789806534,12.3700,13.3801,40.9992,9.19451,,,,,,,,,,,,,,,,,,,,,,,,,,,,,,,,,,,,,,,,,,,,,,,,,,,,,,,--,,,,,,,,,,,,,,,,,,,,,,,,,,,157,0.6790983612,90.86435701,
🇮🇪,Skyro,0,1,9:38.568,9:40.820,01 Oct 2023,956,(V),2608440908150331699,11,Yes,https://www.speedrun.com/mc/runs/y8k29gdy,9,40,820,580820,,,410359,1.415394813,465828,1.246855062,-0.0005,0.6200,2.442511948,36.1723,58.3403,40.9917,9.19490,,,,,,,,,,,,,,,,,,,,,,,,,,,,,,,,,,,,,,,,,,,,,,,,,,,,,,,,,,,,,,,,,,,,,,,,,,,,,,,,,,,,,
🇺🇸,doogile,0,0,9:40.835,9:40.835,07 Jul 2024,676,(U),2139235147472927794,,,https://www.youtube.com/watch?v=SIsWU7n7Y1Q,9,40,835,580835,,,410359,1.415431366,421494,1.378038596,-0.0005,0.7132,4.818453445,15.2119,21.3292,40.9540,9.19686,,,,,,,,,,,,,,,,,,,,,,,,,,,,,,,,,,,,,,,,,,,,,,,,,,,,,,,--,,,,,,,,,,,,,,,,,,,,,,,,,,,676,0,0,
🇹🇿,Kxpow,0,0,9:36.126,9:40.897,01 Dec 2023,895,(U),259107068981043696,09,Yes,https://www.youtube.com/watch?v=QfrFgDFKD5w,9,40,897,580897,,,410359,1.415582453,465828,1.247020359,-0.0005,0.6392,2.44468666,37.2625,58.2934,40.7986,9.20497,,,,,,,,,,,,,,,,,,,,,,,,,,,,,,,,,,,,,,,,,,,,,,,,,,,,,,,--,,,,,,,,,,,,,,,,,,,,,,,,,,,895,0,0,
🇳🇴,skycrab1,0,0,9:40.016,9:40.947,25 Jan 2024,840,(U),unknown,,,https://www.youtube.com/watch?v=BfPtmmhAcv8&list=PLU3_fvoJ1GyMStiA29z37DUPtG47PvOJz&index=7,9,40,947,580947,,,410359,1.415704298,421494,1.378304317,-0.0005,0.6570,4.824826009,13.9727,21.2659,40.6737,9.21152,,,,,,,,,,,,,,,,,,,,,,,,,,,,,,,,,,,,,,,,,,,,,,,,,,,,,,,--,,,,,,,,,,,,,,,,,,,,,,,,,,,840,0,0,
🇳🇴,skycrab1,0,0,9:40.952,9:40.952,17 Oct 2024,574,(U),-6693970200234515187,,,https://www.youtube.com/watch?v=KoyMQIZpl2M&list=PLU3_fvoJ1GyMStiA29z37DUPtG47PvOJz&index=84,9,40,952,580952,,,410359,1.415716482,421494,1.37831618,-0.0005,0.7505,4.825110671,15.9582,21.2631,40.6612,9.21217,,,,,,,,,,,,,,,,,,,,,,,,,,,,,,,,,,,,,,,,,,,,,,,,,,,,,,,--,,,,,,,,,,,,,,,,,,,,,,,,,,,574,0.00000000611866195,0.000001301016533,
🇵🇱,watermelon1708,0,0,9:40.214,9:40.974,10 Nov 2025,185,(U),unknown,,,https://www.youtube.com/watch?v=BRWCw1TJJ8I,9,40,974,580974,,,410359,1.415770094,410359,1.415770094,-0.0005,0.9116,5.800581305,12.1334,13.3093,40.6063,9.21506,,,,,,,,,,,,,,,,,,,,,,,,,,,,,,,,,,,,,,,,,,,,,,,,,,,,,,,--,,,,,,,,,,,,,,,,,,,,,,,,,,,185,0.53091014,70.66028559,
🇸🇰,NoFear1337,0,0,9:41.386,9:41.386,29 Jul 2025,289,(U),unknown,,,https://www.youtube.com/watch?v=IPeeYl5K1dw,9,41,386,581386,,,410359,1.416774093,410359,1.416774093,-0.0005,0.8655,5.828939708,11.3585,13.1244,39.5885,9.26917,,,,,,,,,,,,,,,,,,,,,,,,,,,,,,,,,,,,,,,,,,,,,,,,,,,,,,,--,,,,,,,,,,,,,,,,,,,,,,,,,,,289,0.08947850054,11.7434738,
🇳🇴,skycrab1,0,0,9:40.139,9:41.483,30 Apr 2024,744,(U),unknown,,,https://www.youtube.com/watch?v=eg2ekkY0cNE&list=PLU3_fvoJ1GyMStiA29z37DUPtG47PvOJz&index=17,9,41,483,581483,,,410359,1.417010471,421494,1.379575984,-0.0005,0.6894,4.855425514,14.4517,20.9641,39.3516,9.28195,,,,,,,,,,,,,,,,,,,,,,,,,,,,,,,,,,,,,,,,,,,,,,,,,,,,,,,--,,,,,,,,,,,,,,,,,,,,,,,,,,,744,0,0,
🇦🇺,jojoe77777,0,1,9:39.300,9:41.498,05 Nov 2022,1285.833333,(V),2255857141275608054,15,Yes,https://www.speedrun.com/mc/run/z0l2kr4z,9,41,498,581498,,,410359,1.417047025,517884,1.122834457,-0.0005,0.5258,1.225071506,45.6189,86.7680,39.3151,9.28393,,,,,,,,,,,,,,,,,,,,,,,,,,,,,,,,,,,,,,,,,,,,,,,,,,,,,,,,,,,,,,,,,,,,,,,,,,,,,,,,,,,,,
🇺🇸,zylenox,0,0,9:40.320,9:41.714,09 Aug 2024,643,(U),unknown,,,https://www.youtube.com/watch?v=iyKmNd3j2Fc,9,41,714,581714,,,410359,1.417573393,421494,1.380124035,-0.0005,0.7251,4.868665271,15.1064,20.8346,38.7917,9.31245,,,,,,,,,,,,,,,,,,,,,,,,,,,,,,,,,,,,,,,,,,,,,,,,,,,,,,,,,,,,,,,,,,,,,,,,,,,,,,,,,,,,,
🇫🇮,sadekeppi,0,1,9:39.980,9:41.717,09 Sep 2024,612,(V),-8310562937047784479,,,https://www.speedrun.com/mc/runs/y2wjvj9y,9,41,717,581717,,,410359,1.417580704,421494,1.380131153,-0.0005,0.7364,4.868837423,15.3411,20.8329,38.7845,9.31285,,,,,,,,,,,,,,,,,,,,,,,,,,,,,,,,,,,,,,,,,,,,,,,,,,,,,,,,,,,,,,,,,,,,,,,,,,,,,,,,,,612,0.0000000001109332108,0.00000002311064696,
🇳🇴,skycrab1,0,0,9:41.890,9:41.890,31 Jan 2025,468,(U),3885342470278498728,,,https://www.youtube.com/watch?v=UnIxyUgilX4&list=PLU3_fvoJ1GyMStiA29z37DUPtG47PvOJz&index=111,9,41,890,581890,,,410359,1.418002286,421494,1.380541597,-0.0005,0.7914,4.878773899,16.4099,20.7362,38.3691,9.33575,,,,,,,,,,,,,,,,,,,,,,,,,,,,,,,,,,,,,,,,,,,,,,,,,,,,,,,--,,,,,,,,,,,,,,,,,,,,,,,,,,,468,0.00003534607515,0.007329449656,
🇿🇦,Airpodsz,0,1,9:33.100,9:41.925,01 Mar 2025,439,(U),-3371920592229005214,,,https://www.youtube.com/watch?v=mLH7Nj2vjNo&list=PLjW0OIc7zcEcCMM5essHmBGzf92S0FzKi,9,41,925,581925,,,410359,1.418087577,421494,1.380624635,-0.0005,0.8029,4.880786326,16.6339,20.7167,38.2854,9.34039,,,,,,,,,,,,,,,,,,,,,,,,,,,,,,,,,,,,,,,,,,,,,,,,,,,,,,,,,,,,,,,,,,,,,,,,,,,,,,,,,,,,,
🇵🇱,PolishedAqua,0,1,9:39.321,9:42.034,21 Sep 2023,966,(U),979111991370166301,16,Yes,https://www.youtube.com/watch?v=s3Oi91oPL5k,9,42,34,582034,,,410359,1.418353198,465828,1.249461175,-0.0005,0.6169,2.477000991,35.5348,57.5994,38.0258,9.35486,,,,,,,,,,,,,,,,,,,,,,,,,,,,,,,,,,,,,,,,,,,,,,,,,,,,,,,,,,,,,,,,,,,,,,,,,,,,,,,,,,,,,
🇫🇷,Launey,0,1,9:40.641,9:42.307,13 Dec 2023,883,(V),-5104865867818754932,15,Yes,https://www.speedrun.com/mc/runs/z1kl44gy,9,42,307,582307,,,410359,1.419018469,446254,1.304877939,-0.0005,0.6431,3.320766399,26.5753,41.3256,37.3814,9.39117,,,,,,,,,,,,,,,,,,,,,,,,,,,,,,,,,,,,,,,,,,,,,,,,,,,,,,,,,,,,,,,,,,,,,,,,,,,,,,,,,,,,,
🇨🇦,Jay12310,0,0,9:42.316,9:42.316,19 Mar 2026,56,(U),unknown,,,https://www.youtube.com/watch?v=nPvbjR72aFs,9,42,316,582316,,,410359,1.419040401,410359,1.419040401,-0.0005,0.9724,5.893397489,12.3616,12.7126,37.3602,9.39236,,,,,,,,,,,,,,,,,,,,,,,,,,,,,,,,,,,,,,,,,,,,,,,,,,,,,,,,,,,,,,,,,,,,,,,,,,,,,,,,,,,,,
🇳🇴,skycrab1,0,0,9:41.631,9:42.343,21 Aug 2024,631,(U),2108680863366446173,,,https://www.youtube.com/watch?v=c-yAb9s6b5Y&list=PLU3_fvoJ1GyMStiA29z37DUPtG47PvOJz&index=58,9,42,343,582343,,,410359,1.419106197,421494,1.381616346,-0.0005,0.7294,4.904876649,14.9416,20.4841,37.2970,9.39596,,,,,,,,,,,,,,,,,,,,,,,,,,,,,,,,,,,,,,,,,,,,,,,,,,,,,,,--,,,,,,,,,,,,,,,,,,,,,,,,,,,631,0,0.000000002513159266,
🇨🇦,dandannyboy,0,0,9:41.050,9:42.433,16 Aug 2023,1002,(U),Unknown,09,Yes,https://www.youtube.com/watch?v=FayhjYLbY_k,9,42,433,582433,,,410359,1.419325517,465828,1.250317714,-0.0005,0.6059,2.488430964,34.7528,57.3550,37.0866,9.40797,,,,,,,,,,,,,,,,,,,,,,,,,,,,,,,,,,,,,,,,,,,,,,,,,,,,,,,,,,,,,,,,,,,,,,,,,,,,,,,,,,,,,
🇹🇿,Kxpow,0,0,9:41.314,9:42.605,27 Jun 2024,686,(U),8823674453656876265,,,https://www.youtube.com/watch?v=_ISsYlysXBY,9,42,605,582605,,,410359,1.419744663,421494,1.382237944,-0.0005,0.7096,4.920029311,14.4333,20.3389,36.6871,9.43094,,,,,,,,,,,,,,,,,,,,,,,,,,,,,,,,,,,,,,,,,,,,,,,,,,,,,,,,,,,,,,,,,,,,,,,,,,,,,,,,,,,,,
🇿🇦,Airpodsz,0,0,9:41.788,9:43.182,09 Mar 2025,431,(U),8620606746179560231,,,https://www.youtube.com/watch?v=dW2HQGl9GPg&list=PLjW0OIc7zcEcCMM5essHmBGzf92S0FzKi&index=3,9,43,182,583182,,,410359,1.421150748,421494,1.383606884,-0.0005,0.8061,4.953544362,16.1398,20.0211,35.3703,9.50839,,,,,,,,,,,,,,,,,,,,,,,,,,,,,,,,,,,,,,,,,,,,,,,,,,,,,,,,,,,,,,,,,,,,,,,,,,,,,,,,,,,,,
🇿🇦,Airpodsz,0,0,9:43.508,9:43.508,04 Feb 2026,99,(U),-8168269101579894154,,,https://www.youtube.com/watch?v=BrnZn3f01qk&list=PLjW0OIc7zcEcCMM5essHmBGzf92S0FzKi&index=27,9,43,508,583508,,,410359,1.421945175,410359,1.421945175,-0.0005,0.9517,5.97692255,11.6074,12.1964,34.6420,9.55239,,,,,,,,,,,,,,,,,,,,,,,,,,,,,,,,,,,,,,,,,,,,,,,,,,,,,,,,,,,,,,,,,,,,,,,,,,,,,,,,,,,,,
🇿🇦,Airpodsz,0,0,9:41.032,9:43.825,13 Jun 2025,335,(U),-7444531998155004388,,,https://www.youtube.com/watch?v=U_Yrt25TN3M&list=PLjW0OIc7zcEcCMM5essHmBGzf92S0FzKi&index=7,9,43,825,583825,,,410359,1.422717669,410359,1.422717669,-0.0005,0.8458,5.999308129,10.2012,12.0613,33.9446,9.59536,,,,,,,,,,,,,,,,,,,,,,,,,,,,,,,,,,,,,,,,,,,,,,,,,,,,,,,,,,,,,,,,,,,,,,,,,,,,,,,,,,,,,
🇹🇿,Kxpow,0,0,9:41.967,9:45.805,30 Oct 2024,561,(U),-5615062906610971575,,,https://www.youtube.com/watch?v=H7rdovQKdbk,9,45,805,585805,,,410359,1.427542713,421494,1.389829986,-0.0005,0.7554,5.108431589,14.0563,18.6076,29.8244,9.86763,,,,,,,,,,,,,,,,,,,,,,,,,,,,,,,,,,,,,,,,,,,,,,,,,,,,,,,,,,,,,,,,,,,,,,,,,,,,,,,,,,,,,
🇹🇷,Ancoboy,0,1,9:40.615,9:42.910,21 Aug 2023,997,(U),6827480725930071979,06,Yes,https://www.youtube.com/watch?v=29VY3VmMX2Y,9,42,910,582910,,,410359,1.420487914,465828,1.251341697,-0.0005,0.6074,2.502157164,34.6621,57.0624,35.9866,9.47181,,,,,,,,,,,,,,,,,,,,,,,,,,,,,,,,,,,,,,,,,,,,,,,,,,,,,,,--,,,,,,,,,,,,,,,,,,,,,,,,,,,997,0,0,
🇨🇦,dandannyboy,0,0,9:41.711,9:43.217,09 Dec 2023,887,(U),-5167919398774938171,06,Yes,https://www.youtube.com/watch?v=TTcFB-C6V9w,9,43,217,583217,,,410359,1.42123604,446254,1.306917137,-0.0005,0.6418,3.356164769,26.1362,40.7242,35.2915,9.51310,,,,,,,,,,,,,,,,,,,,,,,,,,,,,,,,,,,,,,,,,,,,,,,,,,,,,,,,,,,,,,,,,,,,,,,,,,,,,,,,,,,,,
🇹🇿,Kxpow,0,0,9:42.751,9:43.252,24 Jun 2024,689,(U),-9121307343439300002,,,https://www.youtube.com/watch?v=Di84HYamO6U,9,43,252,583252,,,410359,1.421321331,421494,1.38377296,-0.0005,0.7086,4.957623866,14.1592,19.9827,35.2129,9.51782,,,,,,,,,,,,,,,,,,,,,,,,,,,,,,,,,,,,,,,,,,,,,,,,,,,,,,,,,,,,,,,,,,,,,,,,,,,,,,,,,,,,,
🇳🇴,skycrab1,0,0,9:42.450,9:43.523,19 Jul 2024,664,(U),-1964772688075275318,,,https://www.youtube.com/watch?v=HHrKcvSjew0&list=PLU3_fvoJ1GyMStiA29z37DUPtG47PvOJz&index=43,9,43,523,583523,,,410359,1.421981728,421494,1.384415911,-0.0005,0.7175,4.973445101,14.2309,19.8344,34.6087,9.55442,,,,,,,,,,,,,,,,,,,,,,,,,,,,,,,,,,,,,,,,,,,,,,,,,,,,,,,--,,,,,,,,,,,,,,,,,,,,,,,,,,,664,0,0,
🇺🇸,Feinberg,0,0,9:41.438,9:43.540,26 Oct 2022,1296,(U),-2089918399750478607,,,https://www.youtube.com/watch?v=_4Xmoefjpso,9,43,540,583540,,,410359,1.422023155,517884,1.126777425,-0.0005,0.5231,1.253020332,45.0425,86.1084,34.5711,9.55672,,,,,,,,,,,,,,,,,,,,,,,,,,,,,,,,,,,,,,,,,,,,,,,,,,,,,,,,,,,,,,,,,,,,,,,,,,,,,,,,,,,,,
🇹🇿,Kxpow,0,0,9:42.746,9:43.785,10 Apr 2024,764,(U),3395353047088768454,,,https://www.youtube.com/watch?v=neTav4dEcFw,9,43,785,583785,,,410359,1.422620194,421494,1.385037509,-0.0005,0.6825,4.98878288,13.4394,19.6915,34.0320,9.58993,,,,,,,,,,,,,,,,,,,,,,,,,,,,,,,,,,,,,,,,,,,,,,,,,,,,,,,,,,,,,,,,,,,,,,,,,,,,,,,,,,,,,
🇳🇴,skycrab1,0,0,9:41.443,9:43.808,12 Mar 2024,793,(U),unknown,,,https://www.youtube.com/watch?v=VoCX3_TnqHI&list=PLU3_fvoJ1GyMStiA29z37DUPtG47PvOJz&index=12,9,43,808,583808,,,410359,1.422676242,421494,1.385092077,-0.0005,0.6727,4.990131299,13.2375,19.6790,33.9818,9.59305,,,,,,,,,,,,,,,,,,,,,,,,,,,,,,,,,,,,,,,,,,,,,,,,,,,,,,,--,,,,,,,,,,,,,,,,,,,,,,,,,,,793,0,0,
🇨🇦,Aquacorde,0,0,9:43.870,9:43.870,26 Jan 2024,839,(U),2993955281694429561,,,https://www.youtube.com/watch?v=E1hFL8IGFnc,9,43,870,583870,,,410359,1.422827329,421494,1.385239173,-0.0005,0.6574,4.993767757,12.9143,19.6453,33.8465,9.60147,,,,,,,,,,,,,,,,,,,,,,,,,,,,,,,,,,,,,,,,,,,,,,,,,,,,,,,--,,,,,,,,,,,,,,,,,,,,,,,,,,,839,0,0,
🇬🇧,ripfc,0,1,9:42.376,9:43.932,17 Jul 2023,1032,(V),2787334030513605072,09,Yes,https://www.speedrun.com/mc/runs/yonolq0z,9,43,932,583932,,,410359,1.422978416,465828,1.25353564,-0.0005,0.5969,2.531794136,33.6854,56.4336,33.7116,9.60990,,,,,,,,,,,,,,,,,,,,,,,,,,,,,,,,,,,,,,,,,,,,,,,,,,,,,,,,,,,,,,,,,,,,,,,,,,,,,,,,,,,,,
🇹🇼,turboOuO,0,1,9:37.270,9:44.088,03 Aug 2023,1015,(V),-7588074491361705118,06,Yes,https://www.speedrun.com/mc/run/ywrwll3m,9,44,88,584088,,,410359,1.423358571,465828,1.253870527,-0.0005,0.6020,2.536345433,33.9151,56.3375,33.3741,9.63113,,,,,,,,,,,,,,,,,,,,,,,,,,,,,,,,,,,,,,,,,,,,,,,,,,,,,,,,,,,,,,,,,,,,,,,,,,,,,,,,,,,,,
🇨🇦,catJAM19,0,1,9:42.637,9:44.141,20 Sep 2022,1332,(V),-1641393840275072504,09,Yes,https://www.speedrun.com/mc/run/yv0po0oz,9,44,141,584141,,,410359,1.423487727,517884,1.127937917,-0.0005,0.5138,1.261358698,44.1377,85.9112,33.2600,9.63836,,,,,,,,,,,,,,,,,,,,,,,,,,,,,,,,,,,,,,,,,,,,,,,,,,,,,,,,,,,,,,,,,,,,,,,,,,,,,,,,,,,,,
🇸🇰,NoFear1337,0,0,9:42.464,9:44.152,09 Dec 2023,887,(U),Unknown,??,Yes,https://www.youtube.com/watch?v=rlc36sXmCDk,9,44,152,584152,,,410359,1.423514532,446254,1.309012356,-0.0005,0.6418,3.392882442,25.7403,40.1073,33.2363,9.63986,,,,,,,,,,,,,,,,,,,,,,,,,,,,,,,,,,,,,,,,,,,,,,,,,,,,,,,--,,,,,,,,,,,,,,,,,,,,,,,,,,,887,0,0,
🇨🇦,silverr,0,0,9:39.420,9:44.275,21 May 2023,1089,(U),Unknown,12,Yes,https://www.youtube.com/watch?v=vJQDBHHepPE,9,44,275,584275,,,410359,1.42381427,465828,1.254271963,-0.0005,0.5801,2.541810776,32.6162,56.2221,32.9728,9.65664,,,,,,,,,,,,,,,,,,,,,,,,,,,,,,,,,,,,,,,,,,,,,,,,,,,,,,,--,,,,,,,,,,,,,,,,,,,,,,,,,,,1089,0,0,
🇨🇦,Aquacorde,0,0,9:44.349,9:44.349,12 Jul 2025,306,(U),1087998950322160223,,,https://www.youtube.com/watch?v=H0hSYxjyzsI,9,44,349,584349,,,410359,1.4239946,410359,1.4239946,-0.0005,0.8581,6.036471686,10.1602,11.8400,32.8150,9.66676,,,,,,,,,,,,,,,,,,,,,,,,,,,,,,,,,,,,,,,,,,,,,,,,,,,,,,,--,,,,,,,,,,,,,,,,,,,,,,,,,,,306,0.05696822629,6.745030778,
🇳🇴,skycrab1,0,0,9:44.358,9:44.358,02 Feb 2025,466,(U),1322346143525327365,,,https://www.youtube.com/watch?v=7qXx3IHHQhA&list=PLU3_fvoJ1GyMStiA29z37DUPtG47PvOJz&index=112,9,44,358,584358,,,410359,1.424016532,421494,1.386396959,-0.0005,0.7922,5.022471211,15.3526,19.3809,32.7958,9.66799,,,,,,,,,,,,,,,,,,,,,,,,,,,,,,,,,,,,,,,,,,,,,,,,,,,,,,,--,,,,,,,,,,,,,,,,,,,,,,,,,,,466,0.00004028748835,0.007808072202,
🇳🇴,skycrab1,0,0,9:44.424,9:44.424,26 Oct 2024,565,(U),-5203179418336138120,,,https://www.youtube.com/watch?v=FwxAelAatn8&list=PLU3_fvoJ1GyMStiA29z37DUPtG47PvOJz&index=89,9,44,424,584424,,,410359,1.424177367,421494,1.386553545,-0.0005,0.7539,5.026364291,14.5843,19.3453,32.6557,9.67701,,,,,,,,,,,,,,,,,,,,,,,,,,,,,,,,,,,,,,,,,,,,,,,,,,,,,,,--,,,,,,,,,,,,,,,,,,,,,,,,,,,565,0.00000001468833053,0.000002841496659,
🇮🇹,Ale267,0,0,9:44.431,9:44.481,29 Nov 2022,1262,(U),1581367532737313085,12,Yes,https://www.youtube.com/watch?v=XFvJQEhQJrw,9,44,481,584481,,,410359,1.424316269,495537,1.179490129,-0.0005,0.5321,1.687925704,40.2667,75.6807,32.5349,9.68482,,,,,,,,,,,,,,,,,,,,,,,,,,,,,,,,,,,,,,,,,,,,,,,,,,,,,,,,,,,,,,,,,,,,,,,,,,,,,,,,,,,,,
🇳🇴,skycrab1,0,0,9:44.489,9:44.489,08 Feb 2025,460,(U),76808428139630285,,,https://www.youtube.com/watch?v=A1g4bfj2Byw&list=PLU3_fvoJ1GyMStiA29z37DUPtG47PvOJz&index=115,9,44,489,584489,,,410359,1.424335765,421494,1.386707759,-0.0005,0.7945,5.030200964,15.3426,19.3102,32.5180,9.68591,,,,,,,,,,,,,,,,,,,,,,,,,,,,,,,,,,,,,,,,,,,,,,,,,,,,,,,--,,,,,,,,,,,,,,,,,,,,,,,,,,,460,0.00005925857871,0.0114429611,
🇸🇪,Crookst,0,0,9:44.556,9:44.556,14 Mar 2022,1522,(U),Unknown,06,Yes,https://www.youtube.com/watch?v=31OsmvNWQaE,9,44,556,584556,,,410359,1.424499036,548820,1.065114245,-0.0005,0.4672,0.8775769102,44.2038,94.6145,32.3766,9.69509,,,,,,,,,,,,,,,,,,,,,,,,,,,,,,,,,,,,,,,,,,,,,,,,,,,,,,,--,,,,,,,,,,,,,,,,,,,,,,,,,,,1522,0,0,
🇳🇴,skycrab1,0,0,9:44.649,9:44.649,10 Oct 2024,581,(U),-1175900086044057204,,,https://www.youtube.com/watch?v=A-29KTnAD2I&list=PLU3_fvoJ1GyMStiA29z37DUPtG47PvOJz&index=82,9,44,649,584649,,,410359,1.424725667,421494,1.387087361,-0.0005,0.7479,5.039655996,14.3775,19.2241,32.1811,9.70784,,,,,,,,,,,,,,,,,,,,,,,,,,,,,,,,,,,,,,,,,,,,,,,,,,,,,,,--,,,,,,,,,,,,,,,,,,,,,,,,,,,581,0.000000003037308426,0.0000005838947288,
🇺🇸,zylenox,0,0,9:38.527,9:44.801,09 Feb 2023,1190,(U),-3251173191348135293,15,Yes,https://www.youtube.com/watch?v=FS5mcKtJB7M,9,44,801,584801,,,410359,1.425096074,465828,1.255401135,-0.0005,0.5516,2.557240267,30.8308,55.8971,31.8635,9.72872,,,,,,,,,,,,,,,,,,,,,,,,,,,,,,,,,,,,,,,,,,,,,,,,,,,,,,,--,,,,,,,,,,,,,,,,,,,,,,,,,,,1190,0,0,
🇵🇱,watermelon1708,0,0,9:42.792,9:44.899,29 Jul 2025,289,(U),unknown,,,https://www.youtube.com/watch?v=HecWdO0ujt8,9,44,899,584899,,,410359,1.42533489,410359,1.42533489,-0.0005,0.8655,6.075694912,10.0483,11.6104,31.6599,9.74220,,,,,,,,,,,,,,,,,,,,,,,,,,,,,,,,,,,,,,,,,,,,,,,,,,,,,,,--,,,,,,,,,,,,,,,,,,,,,,,,,,,289,0.08947850054,10.38882604,
🇩🇪,jason_n,0,1,9:44.284,9:44.931,01 May 2024,743,(V),-7717725771183973328,,,https://www.speedrun.com/mc/runs/y8w63edy,9,44,931,584931,,,410359,1.42541287,421494,1.387756409,-0.0005,0.6897,5.056358328,13.1545,19.0727,31.5937,9.74661,,,,,,,,,,,,,,,,,,,,,,,,,,,,,,,,,,,,,,,,,,,,,,,,,,,,,,,--,,,,,,,,,,,,,,,,,,,,,,,,,,,743,0,0,
🇳🇴,skycrab1,0,0,9:45.037,9:45.037,23 Oct 2025,203,(U),unknown,,,https://www.youtube.com/watch?v=T9vM7OUlcEI&list=PLU3_fvoJ1GyMStiA29z37DUPtG47PvOJz&index=146,9,45,37,585037,,,410359,1.425671181,410359,1.425671181,-0.0005,0.9035,6.085571162,10.4381,11.5532,31.3750,9.76122,,,,,,,,,,,,,,,,,,,,,,,,,,,,,,,,,,,,,,,,,,,,,,,,,,,,,,,--,,,,,,,,,,,,,,,,,,,,,,,,,,,203,0.4332056593,50.04933153,
🇫🇮,Cube1337x,0,0,9:45.156,9:45.156,09 Nov 2022,1282,(U),-3144910399269136910,12,Yes,https://www.youtube.com/watch?v=GHxivohX8Z4,9,45,156,585156,,,410359,1.425961171,495537,1.180852288,-0.0005,0.5268,1.700807207,39.7033,75.3719,31.1308,9.77764,,,,,,,,,,,,,,,,,,,,,,,,,,,,,,,,,,,,,,,,,,,,,,,,,,,,,,,,,,,,,,,,,,,,,,,,,,,,,,,,,,,,,
🇳🇴,skycrab1,0,0,9:42.436,9:45.242,03 Aug 2024,649,(U),-2702230192878188102,,,https://www.youtube.com/watch?v=-sDFnCpd8j4&list=PLU3_fvoJ1GyMStiA29z37DUPtG47PvOJz&index=46,9,45,242,585242,,,410359,1.426170743,421494,1.388494261,-0.0005,0.7229,5.074834385,13.6673,18.9066,30.9553,9.78952,,,,,,,,,,,,,,,,,,,,,,,,,,,,,,,,,,,,,,,,,,,,,,,,,,,,,,,--,,,,,,,,,,,,,,,,,,,,,,,,,,,649,0,0.0000000002539582514,
🇺🇸,doogile,0,0,9:42.858,9:45.286,13 Mar 2023,1158,(U),7973705383474527466,,,https://www.youtube.com/watch?v=Cf8Sk1XdjME,9,45,286,585286,,,410359,1.426277966,465828,1.256442292,-0.0005,0.5605,2.571541055,31.1598,55.5969,30.8658,9.79560,,,,,,,,,,,,,,,,,,,,,,,,,,,,,,,,,,,,,,,,,,,,,,,,,,,,,,,--,,,,,,,,,,,,,,,,,,,,,,,,,,,1158,0,0,
🇺🇸,thecamo6,0,1,9:45.287,9:45.287,02 Jan 2023,1228,(V),-4279335892801629149,16,Yes,https://www.speedrun.com/mc/run/ydg0jj0y,9,45,287,585287,,,410359,1.426280403,495537,1.181116647,-0.0005,0.5412,1.703317523,40.7573,75.3117,30.8637,9.79574,,,,,,,,,,,,,,,,,,,,,,,,,,,,,,,,,,,,,,,,,,,,,,,,,,,,,,,,,,,,,,,,,,,,,,,,,,,,,,,,,,,,,
🇬🇧,priffie,0,0,9:45.290,9:45.290,11 Nov 2024,549,(V),-4050653622908300535,,,https://www.youtube.com/watch?v=Cv7b7MD5xGM,9,45,290,585290,,,410359,1.426287714,421494,1.388608142,-0.0005,0.7600,5.077691247,14.3486,18.8810,30.8576,9.79616,,,,,,,,,,,,,,,,,,,,,,,,,,,,,,,,,,,,,,,,,,,,,,,,,,,,,,,,,,,,,,,,,,,,,,,,,,,,,,,,,,,,,
🇵🇱,watermelon1708,0,0,9:44.114,9:45.496,26 Sep 2025,230,(U),unknown,,,https://www.youtube.com/watch?v=fT6s7ACmW9o,9,45,496,585496,,,410359,1.426789713,410359,1.426789713,-0.0005,0.8914,6.118521155,10.1298,11.3644,30.4412,9.82469,,,,,,,,,,,,,,,,,,,,,,,,,,,,,,,,,,,,,,,,,,,,,,,,,,,,,,,--,,,,,,,,,,,,,,,,,,,,,,,,,,,230,0.2962060358,33.66194178,
🇭🇷,Mar1n,0,1,9:45.500,9:45.500,07 Jul 2023,1042,(V),-4334114590353594879,06,Yes,https://www.speedrun.com/mc/run/zpwgxjxy,9,45,500,585500,,,410359,1.426799461,465828,1.256901689,-0.0005,0.5939,2.577873741,32.9417,55.4643,30.4331,9.82524,,,,,,,,,,,,,,,,,,,,,,,,,,,,,,,,,,,,,,,,,,,,,,,,,,,,,,,,,,,,,,,,,,,,,,,,,,,,,,,,,,,,,
🇮🇹,drip120,0,0,9:45.216,9:45.567,12 Jan 2026,122,(U),unknown,,,https://www.youtube.com/watch?v=ZZyjifZwkio,9,45,567,585567,,,410359,1.426962733,410359,1.426962733,-0.0005,0.9408,6.123631853,10.6645,11.3353,30.2986,9.83454,,,,,,,,,,,,,,,,,,,,,,,,,,,,,,,,,,,,,,,,,,,,,,,,,,,,,,,--,,,,,,,,,,,,,,,,,,,,,,,,,,,122,0.8339475236,94.53064425,
🇫🇮,sadekeppi,0,1,9:45.154,9:45.634,11 Jun 2024,702,(V),-3039294032806863041,,,https://www.speedrun.com/mc/runs/yjo700dz,9,45,634,585634,,,410359,1.427126004,421494,1.389424286,-0.0005,0.7040,5.098206608,13.1632,18.6981,30.1645,9.84385,,,,,,,,,,,,,,,,,,,,,,,,,,,,,,,,,,,,,,,,,,,,,,,,,,,,,,,,,,,,,,,,,,,,,,,,,,,,,,,,,,702,0,0,
🇩🇰,Bloopy,0,0,9:42.547,9:45.668,23 May 2024,721,(U),7218213766237196138,,,https://www.youtube.com/watch?v=0A2pZcw7nKA,9,45,668,585668,,,410359,1.427208859,421494,1.389504951,-0.0005,0.6973,5.100238219,13.0262,18.6801,30.0967,9.84857,,,,,,,,,,,,,,,,,,,,,,,,,,,,,,,,,,,,,,,,,,,,,,,,,,,,,,,--,,,,,,,,,,,,,,,,,,,,,,,,,,,721,0,0,
🇬🇧,priffie,0,0,9:45.748,9:45.748,24 Jan 2024,841,(U),unknown,,,https://www.youtube.com/watch?v=d3UwAclT_0U,9,45,748,585748,,,410359,1.42740381,421494,1.389694752,-0.0005,0.6567,5.105021272,12.2397,18.6377,29.9375,9.85969,,,,,,,,,,,,,,,,,,,,,,,,,,,,,,,,,,,,,,,,,,,,,,,,,,,,,,,,,,,,,,,,,,,,,,,,,,,,,,,,,,,,,
🇩🇰,Bloopy,0,0,9:44.536,9:45.834,08 May 2024,736,(U),5767139754953530122,,,https://www.youtube.com/watch?v=t48Dg8QRZ7I,9,45,834,585834,,,410359,1.427613382,421494,1.389898789,-0.0005,0.6921,5.110167427,12.8680,18.5923,29.7670,9.87167,,,,,,,,,,,,,,,,,,,,,,,,,,,,,,,,,,,,,,,,,,,,,,,,,,,,,,,--,,,,,,,,,,,,,,,,,,,,,,,,,,,736,0,0,
🇿🇦,Airpodsz,0,0,9:45.866,9:45.866,01 Nov 2025,194,(U),2980329477150004114,,,https://www.youtube.com/watch?v=jEn63TVyftA&list=PLjW0OIc7zcEcCMM5essHmBGzf92S0FzKi&index=16,9,45,866,585866,,,410359,1.427691363,410359,1.427691363,-0.0005,0.9076,6.145195211,10.1769,11.2135,29.7038,9.87612,,,,,,,,,,,,,,,,,,,,,,,,,,,,,,,,,,,,,,,,,,,,,,,,,,,,,,,,,,,,,,,,,,,,,,,,,,,,,,,,,,,,,
🇫🇮,AndrewCrow,0,1,9:43.880,9:45.961,18 Oct 2024,573,(V),-6157791681411663320,,,https://www.speedrun.com/mc/runs/z0q0r8om,9,45,961,585961,,,410359,1.427922868,421494,1.390200098,-0.0005,0.7509,5.117775276,13.9103,18.5252,29.5167,9.88937,,,,,,,,,,,,,,,,,,,,,,,,,,,,,,,,,,,,,,,,,,,,,,,,,,,,,,,,,,,,,,,,,,,,,,,,,,,,,,,,,,573,0.000000006753184267,0.000001251039598,
🇵🇱,okshey,0,0,9:46.003,9:46.003,09 Nov 2025,186,(U),unknown,,,https://www.youtube.com/watch?v=fWRA9j5_-ZI,9,46,3,586003,,,410359,1.428025217,410359,1.428025217,-0.0005,0.9112,6.155097494,10.1671,11.1580,29.4343,9.89523,,,,,,,,,,,,,,,,,,,,,,,,,,,,,,,,,,,,,,,,,,,,,,,,,,,,,,,,,,,,,,,,,,,,,,,,,,,,,,,,,,186,0.525457693,58.63046638,
🇺🇸,doogile,0,0,9:46.008,9:46.008,16 Aug 2024,636,(U),see video,,,https://www.youtube.com/watch?v=Qf_GLwKVINE,9,46,8,586008,,,410359,1.428037401,421494,1.390311606,-0.0005,0.7276,5.120593289,13.4609,18.5004,29.4245,9.89593,,,,,,,,,,,,,,,,,,,,,,,,,,,,,,,,,,,,,,,,,,,,,,,,,,,,,,,--,,,,,,,,,,,,,,,,,,,,,,,,,,,636,0,0.000000001243210527,
🇺🇸,doogile,0,0,9:46.009,9:46.009,22 May 2025,357,(U),-3736586617850065730,,,https://www.youtube.com/watch?v=ccQtcViua94,9,46,9,586009,,,410359,1.428039838,421494,1.390313978,-0.0005,0.8365,5.120653261,15.4756,18.4999,29.4225,9.89607,,,,,,,,,,,,,,,,,,,,,,,,,,,,,,,,,,,,,,,,,,,,,,,,,,,,,,,--,,,,,,,,,,,,,,,,,,,,,,,,,,,357,0.01056795151,1.955056573,
🇿🇦,Airpodsz,0,0,9:45.625,9:46.075,18 Aug 2025,269,(U),6726877034938436606,,,https://www.youtube.com/watch?v=zn8P1NqVyKM&list=PLjW0OIc7zcEcCMM5essHmBGzf92S0FzKi&index=10,9,46,75,586075,,,410359,1.428200673,410359,1.428200673,-0.0005,0.8742,6.160307184,9.7283,11.1289,29.2933,9.90528,,,,,,,,,,,,,,,,,,,,,,,,,,,,,,,,,,,,,,,,,,,,,,,,,,,,,,,,,,,,,,,,,,,,,,,,,,,,,,,,,,,,,
🇫🇮,Cube1337x,0,0,9:27.463,9:46.096,06 May 2023,1103.5625,(U),4516026993066851706,15,Yes,https://www.youtube.com/watch?v=2OO7LbGcnw8,9,46,96,586096,,,410359,1.428251848,465828,1.258181131,-0.0005,0.5759,2.595583923,31.7302,55.0945,29.2523,9.90822,,,,,,,,,,,,,,,,,,,,,,,,,,,,,,,,,,,,,,,,,,,,,,,,,,,,,,,,,,,,,,,,,,,,,,,,,,,,,,,,,,,,,
🇨🇦,Aquacorde,0,0,9:46.107,9:46.107,27 Jun 2024,686,(U),9049033619582385475,,,https://www.youtube.com/watch?v=Ye9k6KJM768,9,46,107,586107,,,410359,1.428278654,421494,1.390546485,-0.0005,0.7096,5.12653354,13.0916,18.4482,29.2309,9.90975,,,,,,,,,,,,,,,,,,,,,,,,,,,,,,,,,,,,,,,,,,,,,,,,,,,,,,,--,,,,,,,,,,,,,,,,,,,,,,,,,,,686,0,0,
🇩🇰,Bloopy,0,0,9:46.158,9:46.158,08 Mar 2025,432,(U),6216282210011845491,,,https://www.youtube.com/watch?v=ONuQrlNvhS8,9,46,158,586158,,,410359,1.428402935,421494,1.390667483,-0.0005,0.8057,5.12959602,14.8428,18.4214,29.1315,9.91688,,,,,,,,,,,,,,,,,,,,,,,,,,,,,,,,,,,,,,,,,,,,,,,,,,,,,,,--,,,,,,,,,,,,,,,,,,,,,,,,,,,432,0.0003152461487,0.05807271363,
🇩🇰,Bloopy,0,0,9:46.195,9:46.195,20 Jan 2025,479,(U),-7985963383704728573,,,https://www.youtube.com/watch?v=29tEBxruVpI,9,46,195,586195,,,410359,1.4284931,421494,1.390755266,-0.0005,0.7870,5.13181882,14.4827,18.4019,29.0596,9.92206,,,,,,,,,,,,,,,,,,,,,,,,,,,,,,,,,,,,,,,,,,,,,,,,,,,,,,,--,,,,,,,,,,,,,,,,,,,,,,,,,,,479,0.000016865779,0.00310362828,
🇮🇳,AnkurGaming,0,1,9:41.450,9:46.230,21 Dec 2023,875,(V),-4850311888308513929,01,Yes,https://www.speedrun.com/mc/runs/y8kk4rxy,9,46,230,586230,,,410359,1.428578391,446254,1.313668897,-0.0005,0.6456,3.475758944,25.0131,38.7411,28.9917,9.92696,,,,,,,,,,,,,,,,,,,,,,,,,,,,,,,,,,,,,,,,,,,,,,,,,,,,,,,,,,,,,,,,,,,,,,,,,,,,,,,,,,,,,
🇨🇦,Aquacorde,0,0,9:46.271,9:46.271,28 Mar 2025,412,(U),-07976283618262231963,,,https://www.youtube.com/watch?v=jSkSLZfGAwQ,9,46,271,586271,,,410359,1.428678304,421494,1.390935577,-0.0005,0.8138,5.136387213,14.9436,18.3620,28.9123,9.93270,,,,,,,,,,,,,,,,,,,,,,,,,,,,,,,,,,,,,,,,,,,,,,,,,,,,,,,--,,,,,,,,,,,,,,,,,,,,,,,,,,,412,0.0009178718262,0.1685395064,
🇩🇰,Bloopy,0,0,9:46.391,9:46.391,27 Jun 2024,686,(U),-7127755779148304965,,,https://www.youtube.com/watch?v=NYuEksXYaCU,9,46,391,586391,,,410359,1.428970731,421494,1.391220278,-0.0005,0.7096,5.143607703,12.9857,18.2990,28.6809,9.94951,,,,,,,,,,,,,,,,,,,,,,,,,,,,,,,,,,,,,,,,,,,,,,,,,,,,,,,--,,,,,,,,,,,,,,,,,,,,,,,,,,,686,0,0,
🇨🇦,NoHacsJustRoblox,0,1,9:45.421,9:46.316,13 Jan 2024,852,(U),-4263921606035060816,,,https://www.youtube.com/watch?v=6KMSa52qjCM,9,46,316,586316,,,410359,1.428787964,421494,1.39104234,-0.0005,0.6531,5.139093858,11.9771,18.3384,28.8254,9.93900,,,,,,,,,,,,,,,,,,,,,,,,,,,,,,,,,,,,,,,,,,,,,,,,,,,,,,,--,,,,,,,,,,,,,,,,,,,,,,,,,,,852,0,0,
🇵🇱,okshey,0,0,9:44.147,9:46.558,28 Aug 2025,259,(U),unknown,,,https://www.youtube.com/watch?v=YU2CeRzbikQ,9,46,558,586558,,,410359,1.429377691,410359,1.429377691,-0.0005,0.8785,6.195354963,9.6066,10.9348,28.3612,9.97296,,,,,,,,,,,,,,,,,,,,,,,,,,,,,,,,,,,,,,,,,,,,,,,,,,,,,,,,,,,,,,,,,,,,,,,,,,,,,,,,,,259,0.175977717,19.24274146,
🇿🇦,Airpodsz,0,0,9:45.809,9:46.507,13 Feb 2026,90,(U),7871916503547653355,,,https://www.youtube.com/watch?v=uGDL3hmBCkg&list=PLjW0OIc7zcEcCMM5essHmBGzf92S0FzKi&index=33,9,46,507,586507,,,410359,1.42925341,410359,1.42925341,-0.0005,0.9560,6.191646082,10.4731,10.9552,28.4586,9.96580,,,,,,,,,,,,,,,,,,,,,,,,,,,,,,,,,,,,,,,,,,,,,,,,,,,,,,,,,,,,,,,,,,,,,,,,,,,,,,,,,,,,,
🇺🇸,doogile,0,0,9:41.283,9:46.909,28 Oct 2023,929,(U),8031767395139939967,,,https://www.youtube.com/watch?v=qMYf-lt2Gik,9,46,909,586909,,,410359,1.43023304,465828,1.259926411,-0.0005,0.6284,2.619917151,34.3063,54.5888,27.6981,10.02240,,,,,,,,,,,,,,,,,,,,,,,,,,,,,,,,,,,,,,,,,,,,,,,,,,,,,,,--,,,,,,,,,,,,,,,,,,,,,,,,,,,929,0,0,
🇿🇦,Airpodsz,0,0,9:46.378,9:46.937,25 Mar 2026,50,(U),-3576720130354991042,,,https://www.youtube.com/watch?v=aRWqHkwoVuk&list=PLjW0OIc7zcEcCMM5essHmBGzf92S0FzKi&index=41,9,46,937,586937,,,410359,1.430301273,410359,1.430301273,-0.0005,0.9753,6.222977733,10.5177,10.7840,27.6457,10.02636,,,,,,,,,,,,,,,,,,,,,,,,,,,,,,,,,,,,,,,,,,,,,,,,,,,,,,,,,,,,,,,,,,,,,,,,,,,,,,,,,,,,,
🇬🇧,DECTHEELITE,0,1,9:45.625,9:47.012,08 Jul 2022,1406,(V),-7457612752333916459,,,https://www.speedrun.com/mc/runs/m33v8k4m,9,47,12,587012,,,410359,1.43048404,548820,1.069589301,-0.0005,0.4951,0.9007359994,46.5987,94.1203,27.5058,10.03695,,,,,,,,,,,,,,,,,,,,,,,,,,,,,,,,,,,,,,,,,,,,,,,,,,,,,,,,,,,,,,,,,,,,,,,,,,,,,,,,,,1406,0,0,
🇺🇸,doogile,0,0,9:45.866,9:47.031,17 Jan 2024,848,(U),659506891402994010,,,https://www.youtube.com/watch?v=xvG0ou32Tn4,9,47,31,587031,,,410359,1.430530341,421494,1.392738687,-0.0005,0.6544,5.182267029,11.7568,17.9651,27.4704,10.03964,,,,,,,,,,,,,,,,,,,,,,,,,,,,,,,,,,,,,,,,,,,,,,,,,,,,,,,--,,,,,,,,,,,,,,,,,,,,,,,,,,,848,0,0,
🇫🇮,AndrewCrow,0,0,9:45.854,9:47.136,26 Feb 2025,442,(U),unknown,,,https://www.youtube.com/watch?v=mYqtUu-wQLA,9,47,136,587136,,,410359,1.430786214,421494,1.392987801,-0.0005,0.8017,5.188633765,14.3592,17.9106,27.2756,10.05449,,,,,,,,,,,,,,,,,,,,,,,,,,,,,,,,,,,,,,,,,,,,,,,,,,,,,,,,,,,,,,,,,,,,,,,,,,,,,,,,,,442,0.0001777577659,0.03183748072,
🇹🇿,Kxpow,0,0,9:41.724,9:47.267,03 Nov 2023,923,(U),-4292657386397314439,09,Yes,https://www.youtube.com/watch?v=Mvek4DydEWs,9,47,267,587267,,,410359,1.431105447,465828,1.260694935,-0.0005,0.6303,2.630696471,34.2688,54.3658,27.0341,10.07305,,,,,,,,,,,,,,,,,,,,,,,,,,,,,,,,,,,,,,,,,,,,,,,,,,,,,,,--,,,,,,,,,,,,,,,,,,,,,,,,,,,923,0,0,
🇺🇸,meebie,0,0,9:47.293,9:47.293,28 Mar 2024,777,(U),unknown,,,https://www.youtube.com/watch?v=iyNfS8lVaQA&list=PLaTJSsRuu2Ufk7cX7bUTt9V-IJxa8wqSM&index=11,9,47,293,587293,,,410359,1.431168806,421494,1.393360285,-0.0005,0.6781,5.198166303,12.0896,17.8293,26.9863,10.07674,,,,,,,,,,,,,,,,,,,,,,,,,,,,,,,,,,,,,,,,,,,,,,,,,,,,,,,--,,,,,,,,,,,,,,,,,,,,,,,,,,,777,0,0,
🇿🇦,Airpodsz,0,0,9:47.295,9:47.295,25 Feb 2026,78,(U),4742531329891271699,,,https://www.youtube.com/watch?v=MexvV-xiZSY&list=PLjW0OIc7zcEcCMM5essHmBGzf92S0FzKi&index=37,9,47,295,587295,,,410359,1.43117368,410359,1.43117368,-0.0005,0.9618,6.249168429,10.2356,10.6427,26.9826,10.07702,,,,,,,,,,,,,,,,,,,,,,,,,,,,,,,,,,,,,,,,,,,,,,,,,,,,,,,,,,,,,,,,,,,,,,,,,,,,,,,,,,,,,
🇳🇴,skycrab1,0,0,9:46.198,9:47.329,23 Jul 2024,660,(U),-8584715713734940155,,,https://www.youtube.com/watch?v=SxKsNmBrYIo&list=PLU3_fvoJ1GyMStiA29z37DUPtG47PvOJz&index=44,9,47,329,587329,,,410359,1.431256534,421494,1.393445696,-0.0005,0.7189,5.200354264,12.8045,17.8107,26.9203,10.08185,,,,,,,,,,,,,,,,,,,,,,,,,,,,,,,,,,,,,,,,,,,,,,,,,,,,,,,--,,,,,,,,,,,,,,,,,,,,,,,,,,,660,0,0,
🇺🇸,21MashedPotatoes,0,1,9:44.649,9:47.360,25 Dec 2023,871,(V),-7351805823559982561,06,Yes,https://www.speedrun.com/mc/run/z1k9vrjy,9,47,360,587360,,,410359,1.431332078,446254,1.316201087,-0.0005,0.6469,3.521572296,24.5846,38.0013,26.8636,10.08625,,,,,,,,,,,,,,,,,,,,,,,,,,,,,,,,,,,,,,,,,,,,,,,,,,,,,,,,,,,,,,,,,,,,,,,,,,,,,,,,,,,,,
🇫🇮,AndrewCrow,0,0,9:42.268,9:47.403,27 Apr 2025,382,(U),unknown,,,https://www.youtube.com/watch?v=463kp9iPmH4,9,47,403,587403,,,410359,1.431436864,421494,1.393621262,-0.0005,0.8261,5.204854268,14.6824,17.7725,26.7850,10.09235,,,,,,,,,,,,,,,,,,,,,,,,,,,,,,,,,,,,,,,,,,,,,,,,,,,,,,,,,,,,,,,,,,,,,,,,,,,,,,,,,,382,0.003794142685,0.6743124405,
🇺🇸,21MashedPotatoes,0,1,9:46.720,9:47.583,08 Nov 2023,918,(V),-5257780577259106882,09,Yes,https://www.speedrun.com/mc/runs/y4k8qonm,9,47,583,587583,,,410359,1.431875504,465828,1.261373297,-0.0005,0.6319,2.640243994,34.2300,54.1687,26.4581,10.11795,,,,,,,,,,,,,,,,,,,,,,,,,,,,,,,,,,,,,,,,,,,,,,,,,,,,,,,,,,,,,,,,,,,,,,,,,,,,,,,,,,,,,
🇫🇮,sadekeppi,0,0,9:47.221,9:47.714,22 Nov 2025,173,(U),unknown,,,https://www.youtube.com/watch?v=0bzWARh6UHk,9,47,714,587714,,,410359,1.432194737,410359,1.432194737,-0.0005,0.9171,6.279943693,9.6106,10.4789,26.2221,10.13662,,,,,,,,,,,,,,,,,,,,,,,,,,,,,,,,,,,,,,,,,,,,,,,,,,,,,,,,,,,,,,,,,,,,,,,,,,,,,,,,,,173,0.5958467952,62.43819949,
🇮🇱,orachi,0,0,9:41.673,9:47.777,22 Dec 2024,508,(U),-8104953406256303591,,,https://www.youtube.com/watch?v=MReHAsZORLk,9,47,777,587777,,,410359,1.432348261,421494,1.394508581,-0.0005,0.7757,5.227649628,13.6366,17.5799,26.1091,10.14560,,,,,,,,,,,,,,,,,,,,,,,,,,,,,,,,,,,,,,,,,,,,,,,,,,,,,,,,,,,,,,,,,,,,,,,,,,,,,,,,,,,,,
🇨🇦,NoHacsJustRoblox,0,0,9:43.761,9:47.778,10 Nov 2023,916,(V),-4347952844736501796,,,https://www.speedrun.com/mc/runs/mr26ln4y,9,47,778,587778,,,410359,1.432350698,465828,1.261791906,-0.0005,0.6325,2.646151052,34.1873,54.0470,26.1073,10.14575,,,,,,,,,,,,,,,,,,,,,,,,,,,,,,,,,,,,,,,,,,,,,,,,,,,,,,,--,,,,,,,,,,,,,,,,,,,,,,,,,,,916,0,0,
🇨🇦,NoHacsJustRoblox,0,0,9:46.999,9:47.999,11 Oct 2024,580,(U),unknown,,,https://www.youtube.com/watch?v=sbS8Zko1TlQ,9,47,999,587999,,,410359,1.432889251,421494,1.395035279,-0.0005,0.7483,5.241221786,13.0693,17.4661,25.7142,10.17733,,,,,,,,,,,,,,,,,,,,,,,,,,,,,,,,,,,,,,,,,,,,,,,,,,,,,,,--,,,,,,,,,,,,,,,,,,,,,,,,,,,580,0.000000003360419566,0.0000005869356018,
🇷🇸,skylewl,0,1,9:47.407,9:48.024,15 Aug 2023,1003,(V),890221444930485769,09,Yes,https://www.speedrun.com/mc/runs/znv67o7m,9,48,24,588024,,,410359,1.432950173,465828,1.262319998,-0.0005,0.6056,2.653619826,32.6389,53.8933,25.6700,10.18091,,,,,,,,,,,,,,,,,,,,,,,,,,,,,,,,,,,,,,,,,,,,,,,,,,,,,,,,,,,,,,,,,,,,,,,,,,,,,,,,,,,,,
🇨🇦,Aquacorde,0,0,9:48.026,9:48.026,22 Feb 2024,812,(U),9118196624093387626,,,https://www.youtube.com/watch?v=mIFXvcg5exc,9,48,26,588026,,,410359,1.432955047,421494,1.395099337,-0.0005,0.6663,5.242874552,11.6287,17.4523,25.6665,10.18119,,,,,,,,,,,,,,,,,,,,,,,,,,,,,,,,,,,,,,,,,,,,,,,,,,,,,,,--,,,,,,,,,,,,,,,,,,,,,,,,,,,812,0,0,
🇭🇰,hackingnoises,0,1,9:38.340,9:48.065,23 Oct 2023,934,(V),-7758362008447828656,06,Yes,https://www.speedrun.com/mc/runs/y4ovn03z,9,48,65,588065,,,410359,1.433050085,465828,1.262408013,-0.0005,0.6269,2.654866446,33.7686,53.8677,25.5977,10.18678,,,,,,,,,,,,,,,,,,,,,,,,,,,,,,,,,,,,,,,,,,,,,,,,,,,,,,,,,,,,,,,,,,,,,,,,,,,,,,,,,,,,,
🇸🇰,NoFear1337,0,0,9:48.163,9:48.213,27 Aug 2023,991,(U),unknown,,,https://www.youtube.com/watch?v=z-TqSwvseQM,9,48,213,588213,,,410359,1.433410745,465828,1.262725727,-0.0005,0.6093,2.659370779,32.7634,53.7752,25.3378,10.20799,,,,,,,,,,,,,,,,,,,,,,,,,,,,,,,,,,,,,,,,,,,,,,,,,,,,,,,--,,,,,,,,,,,,,,,,,,,,,,,,,,,991,0,0,
🇺🇸,Feinberg,0,0,9:45.144,9:48.285,13 Jun 2025,335,(U),4446857090278773345,,,https://www.youtube.com/watch?v=8_LXKuVw1SU,9,48,285,588285,,,410359,1.433586201,410359,1.433586201,-0.0005,0.8458,6.322095739,8.6762,10.2583,25.2121,10.21833,,,,,,,,,,,,,,,,,,,,,,,,,,,,,,,,,,,,,,,,,,,,,,,,,,,,,,,,,,,,,,,,,,,,,,,,,,,,,,,,,,,,,
🇿🇦,Airpodsz,0,0,9:48.321,9:48.321,11 Dec 2025,154,(U),5951888916887174113,,,https://www.youtube.com/watch?v=GcwHXzxV3kY&list=PLjW0OIc7zcEcCMM5essHmBGzf92S0FzKi&index=19,9,48,321,588321,,,410359,1.433673929,410359,1.433673929,-0.0005,0.9259,6.324761549,9.4852,10.2444,25.1495,10.22350,,,,,,,,,,,,,,,,,,,,,,,,,,,,,,,,,,,,,,,,,,,,,,,,,,,,,,,,,,,,,,,,,,,,,,,,,,,,,,,,,,,,,
🇳🇴,skycrab1,0,0,9:47.690,9:48.353,19 Jul 2024,664,(U),-209222904514390450,,,https://www.youtube.com/watch?v=SHAbsCkd9IA&list=PLU3_fvoJ1GyMStiA29z37DUPtG47PvOJz&index=42,9,48,353,588353,,,410359,1.43375191,421494,1.395875149,-0.0005,0.7175,5.262927572,12.4022,17.2855,25.0939,10.22810,,,,,,,,,,,,,,,,,,,,,,,,,,,,,,,,,,,,,,,,,,,,,,,,,,,,,,,--,,,,,,,,,,,,,,,,,,,,,,,,,,,664,0,0,
🇺🇸,zylenox,0,0,9:43.663,9:48.405,23 Dec 2022,1238,(U),4650296313107653918,,,https://www.youtube.com/watch?v=c6A7e74XY5g,9,48,405,588405,,,410359,1.433878628,495537,1.187408811,-0.0005,0.5385,1.764071088,39.7715,73.8584,25.0038,10.23558,,,,,,,,,,,,,,,,,,,,,,,,,,,,,,,,,,,,,,,,,,,,,,,,,,,,,,,--,,,,,,,,,,,,,,,,,,,,,,,,,,,1238,0,0,
🇬🇧,priffie,0,0,9:48.683,9:48.683,10 Jul 2023,1039,(U),-3758866594075536122,12,Yes,https://www.youtube.com/watch?v=yirO2rZBNk8,9,48,683,588683,,,410359,1.434556084,465828,1.263734683,-0.0005,0.5948,2.673720243,31.8115,53.4811,24.5261,10.27563,,,,,,,,,,,,,,,,,,,,,,,,,,,,,,,,,,,,,,,,,,,,,,,,,,,,,,,,,,,,,,,,,,,,,,,,,,,,,,,,,,,,,
🇨🇳,xiamoys,0,1,9:46.458,9:48.732,25 Nov 2023,901,(U),-2621669063246225494,06,Yes,https://www.bilibili.com/video/BV1ww411H7kc/,9,48,732,588732,,,410359,1.434675491,465828,1.263839872,-0.0005,0.6373,2.675220212,34.0645,53.4504,24.4426,10.28271,,,,,,,,,,,,,,,,,,,,,,,,,,,,,,,,,,,,,,,,,,,,,,,,,,,,,,,,,,,,,,,,,,,,,,,,,,,,,,,,,,,,,
🇺🇸,meebie,0,1,9:47.567,9:48.735,13 Mar 2023,1158,(V),5085481578685051061,12,Yes,https://www.speedrun.com/mc/run/yj8eo2gm,9,48,735,588735,,,410359,1.434682802,465828,1.263846312,-0.0005,0.5605,2.675312071,29.9557,53.4486,24.4375,10.28314,,,,,,,,,,,,,,,,,,,,,,,,,,,,,,,,,,,,,,,,,,,,,,,,,,,,,,,--,,,,,,,,,,,,,,,,,,,,,,,,,,,1158,0,0,
🇵🇱,okshey,0,0,9:45.350,9:48.739,09 Jun 2025,339,(U),-7611614719566896812,,,https://www.youtube.com/watch?v=im7AKnGBPGA,9,48,739,588739,,,410359,1.43469255,421494,1.396790939,-0.0005,0.8441,5.286684937,14.4252,17.0898,24.4307,10.28372,,,,,,,,,,,,,,,,,,,,,,,,,,,,,,,,,,,,,,,,,,,,,,,,,,,,,,,,,,,,,,,,,,,,,,,,,,,,,,,,,,339,0.0203266611,3.473777614,
🇫🇮,AndrewCrow,0,0,9:48.071,9:48.755,06 Jul 2025,312,(U),unknown,,,https://www.youtube.com/watch?v=G3w8ujqom1I,9,48,755,588755,,,410359,1.43473154,410359,1.43473154,-0.0005,0.8556,6.356976493,8.6231,10.0789,24.4035,10.28603,,,,,,,,,,,,,,,,,,,,,,,,,,,,,,,,,,,,,,,,,,,,,,,,,,,,,,,,,,,,,,,,,,,,,,,,,,,,,,,,,,312,0.0479722385,4.835068991,
🇸🇰,NoFear1337,0,0,9:46.172,9:48.868,04 Nov 2025,191,(U),unknown,,,https://www.youtube.com/watch?v=nWG0IBAK484,9,48,868,588868,,,410359,1.435006909,410359,1.435006909,-0.0005,0.9089,6.365387665,9.1220,10.0361,24.2121,10.30236,,,,,,,,,,,,,,,,,,,,,,,,,,,,,,,,,,,,,,,,,,,,,,,,,,,,,,,--,,,,,,,,,,,,,,,,,,,,,,,,,,,191,0.4981833485,49.99801266,
🇳🇴,skycrab1,0,0,9:48.787,9:49.039,08 Dec 2025,157,(U),unknown,,,https://www.youtube.com/watch?v=nuRVx79nIxg&list=PLU3_fvoJ1GyMStiA29z37DUPtG47PvOJz&index=155,9,49,39,589039,,,410359,1.435423617,410359,1.435423617,-0.0005,0.9245,6.378134504,9.2187,9.9715,23.9247,10.32713,,,,,,,,,,,,,,,,,,,,,,,,,,,,,,,,,,,,,,,,,,,,,,,,,,,,,,,--,,,,,,,,,,,,,,,,,,,,,,,,,,,157,0.6790983612,67.71619873,
🇳🇴,skycrab1,0,0,9:49.051,9:49.051,07 Sep 2024,614,(U),-5901488670443987544,,,https://www.youtube.com/watch?v=QTUOtzq4PCM&list=PLU3_fvoJ1GyMStiA29z37DUPtG47PvOJz&index=65,9,49,51,589051,,,410359,1.43545286,421494,1.397531163,-0.0005,0.7357,5.305956202,12.4563,16.9324,23.9046,10.32887,,,,,,,,,,,,,,,,,,,,,,,,,,,,,,,,,,,,,,,,,,,,,,,,,,,,,,,--,,,,,,,,,,,,,,,,,,,,,,,,,,,614,0,0.00000001499212166,
🇫🇮,sadekeppi,0,0,9:49.103,9:49.103,22 Nov 2025,173,(U),unknown,,,https://www.youtube.com/watch?v=qKrWvNJtuGc,9,49,103,589103,,,410359,1.435579578,410359,1.435579578,-0.0005,0.9171,6.382910964,9.1231,9.9474,23.8178,10.33641,,,,,,,,,,,,,,,,,,,,,,,,,,,,,,,,,,,,,,,,,,,,,,,,,,,,,,,,,,,,,,,,,,,,,,,,,,,,,,,,,,173,0.5958467952,59.27117196,
🇺🇸,pizu,0,1,9:44.325,9:49.133,16 Aug 2023,1002,(V),8008279034697202098,??,Yes,https://www.speedrun.com/mc/runs/m3q86pqy,9,49,133,589133,,,410359,1.435652685,465828,1.264700705,-0.0005,0.6059,2.687523656,32.2347,53.1992,23.7678,10.34076,,,,,,,,,,,,,,,,,,,,,,,,,,,,,,,,,,,,,,,,,,,,,,,,,,,,,,,,,,,,,,,,,,,,,,,,,,,,,,,,,,,,,
🇵🇱,kazzruns,0,1,9:47.765,9:49.408,21 Oct 2024,570,(V),-5518127791753338364,,,https://www.speedrun.com/mc/runs/y6ejg9jz,9,49,408,589408,,,410359,1.43632283,421494,1.39837815,-0.0005,0.7520,5.328082236,12.5987,16.7533,23.3134,10.38075,,,,,,,,,,,,,,,,,,,,,,,,,,,,,,,,,,,,,,,,,,,,,,,,,,,,,,,,,,,,,,,,,,,,,,,,,,,,,,,,,,570,0.000000009060876297,0.000001517994507,
🇸🇪,Crookst,0,0,9:49.408,9:49.408,24 May 2022,1451,(U),unknown,06,Yes,https://www.youtube.com/watch?v=uV8TKcBR9fY,9,49,408,589408,,,410359,1.43632283,548820,1.073955031,-0.0005,0.4841,0.9238965447,45.3202,93.6207,23.3134,10.38075,,,,,,,,,,,,,,,,,,,,,,,,,,,,,,,,,,,,,,,,,,,,,,,,,,,,,,,--,,,,,,,,,,,,,,,,,,,,,,,,,,,1451,0,0,
🇹🇿,Kxpow,0,0,9:40.156,9:49.436,30 Jul 2023,1019,(U),-5875652353814320049,08,Yes,https://www.youtube.com/watch?v=c4mVL3Qoois,9,49,436,589436,,,410359,1.436391062,465828,1.26535116,-0.0005,0.6008,2.696853659,31.8477,53.0093,23.2675,10.38483,,,,,,,,,,,,,,,,,,,,,,,,,,,,,,,,,,,,,,,,,,,,,,,,,,,,,,,--,,,,,,,,,,,,,,,,,,,,,,,,,,,1019,0,0,
🇺🇸,doogile,0,0,9:48.125,9:49.511,22 Jan 2023,1208,(U),-5847241643383056057,,,https://www.youtube.com/watch?v=svPe9bvWOZs,9,49,511,589511,,,410359,1.436573829,495537,1.189640733,-0.0005,0.5466,1.78609013,40.0854,73.3332,23.1450,10.39576,,,,,,,,,,,,,,,,,,,,,,,,,,,,,,,,,,,,,,,,,,,,,,,,,,,,,,,--,,,,,,,,,,,,,,,,,,,,,,,,,,,1208,0,0,
🇫🇮,sadekeppi,0,0,9:49.523,9:49.523,03 Jan 2026,131,(U),unknown,,,https://www.youtube.com/watch?v=DuhuMBSklKw,9,49,523,589523,,,410359,1.436603072,410359,1.436603072,-0.0005,0.9366,6.414333845,9.1694,9.7901,23.1254,10.39751,,,,,,,,,,,,,,,,,,,,,,,,,,,,,,,,,,,,,,,,,,,,,,,,,,,,,,,,,,,,,,,,,,,,,,,,,,,,,,,,,,,,,
🇺🇸,zylenox,0,0,9:46.820,9:49.532,02 Jul 2023,1047,(U),8044565015290039310,15,Yes,https://www.youtube.com/watch?v=sDcIlMtOOmE,9,49,532,589532,,,410359,1.436625004,465828,1.265557244,-0.0005,0.5924,2.699815708,31.3693,52.9490,23.1107,10.39882,,,,,,,,,,,,,,,,,,,,,,,,,,,,,,,,,,,,,,,,,,,,,,,,,,,,,,,--,,,,,,,,,,,,,,,,,,,,,,,,,,,1047,0,0,
🇵🇱,okshey,0,0,9:44.226,9:49.660,16 Apr 2025,393,(U),-1149895041785241433,,,https://www.youtube.com/watch?v=FwZbmFXsgSw,9,49,660,589660,,,410359,1.436936926,421494,1.398976023,-0.0005,0.8216,5.343749099,13.6612,16.6275,22.9029,10.41751,,,,,,,,,,,,,,,,,,,,,,,,,,,,,,,,,,,,,,,,,,,,,,,,,,,,,,,,,,,,,,,,,,,,,,,,,,,,,,,,,,393,0.002311529852,0.3843492169,
🇨🇦,Specnr,0,1,9:46.156,9:49.681,27 Dec 2022,1234,(V),7237098484174827022,18,Yes,https://www.speedrun.com/mc/run/y8020ewm,9,49,681,589681,,,410359,1.436988101,495537,1.189983795,-0.0005,0.5396,1.789496655,39.5239,73.2520,22.8690,10.42058,,,,,,,,,,,,,,,,,,,,,,,,,,,,,,,,,,,,,,,,,,,,,,,,,,,,,,,,,,,,,,,,,,,,,,,,,,,,,,,,,,,,,
🇧🇪,boyenn,0,0,9:49.577,9:49.697,09 Mar 2025,431,(U),unknown,,,https://www.youtube.com/watch?v=V12SrHOwNBQ,9,49,697,589697,,,410359,1.437027091,421494,1.399063806,-0.0005,0.8061,5.346052777,13.3892,16.6091,22.8432,10.42292,,,,,,,,,,,,,,,,,,,,,,,,,,,,,,,,,,,,,,,,,,,,,,,,,,,,,,,--,,,,,,,,,,,,,,,,,,,,,,,,,,,431,0.0003333561567,0.05536730607,
🇺🇸,zylenox,0,0,9:39.888,9:49.703,07 May 2024,737,(U),unknown,,,https://www.youtube.com/watch?v=NfuxXQCM1gk,9,49,703,589703,,,410359,1.437041712,421494,1.399078041,-0.0005,0.6918,5.346426428,11.4876,16.6061,22.8335,10.42379,,,,,,,,,,,,,,,,,,,,,,,,,,,,,,,,,,,,,,,,,,,,,,,,,,,,,,,,,,,,,,,,,,,,,,,,,,,,,,,,,,,,,
🇳🇴,skycrab1,0,0,9:49.773,9:49.773,18 Nov 2024,542,(U),8995165694867144478,,,https://www.youtube.com/watch?v=OrzWR9MX7RQ&list=PLU3_fvoJ1GyMStiA29z37DUPtG47PvOJz&index=96,9,49,773,589773,,,410359,1.437212295,421494,1.399244117,-0.0005,0.7626,5.350787377,12.6375,16.5712,22.7207,10.43403,,,,,,,,,,,,,,,,,,,,,,,,,,,,,,,,,,,,,,,,,,,,,,,,,,,,,,,--,,,,,,,,,,,,,,,,,,,,,,,,,,,542,0.0000001216632566,0.00002016110791,
🇺🇸,Semperz,0,1,9:46.795,9:49.877,16 Jan 2023,1214,(V),-9130200200703997782,08,Yes,https://www.speedrun.com/mc/run/mro1w68m,9,49,877,589877,,,410359,1.437465731,495537,1.190379326,-0.0005,0.5450,1.793431498,39.8700,73.1583,22.5540,10.44926,,,,,,,,,,,,,,,,,,,,,,,,,,,,,,,,,,,,,,,,,,,,,,,,,,,,,,,,,,,,,,,,,,,,,,,,,,,,,,,,,,,,,
🇵🇱,watermelon1708,0,0,9:49.338,9:49.896,15 Aug 2025,272,(U),unknown,,,https://www.youtube.com/watch?v=N1MKoW8JtrU,9,49,896,589896,,,410359,1.437512032,410359,1.437512032,-0.0005,0.8728,6.442353197,8.4246,9.6519,22.5236,10.45204,,,,,,,,,,,,,,,,,,,,,,,,,,,,,,,,,,,,,,,,,,,,,,,,,,,,,,,--,,,,,,,,,,,,,,,,,,,,,,,,,,,272,0.1336721926,12.90185614,
🇭🇰,hackingnoises,0,0,9:43.081,9:49.943,16 Aug 2023,1002,(U),-7758362008447828656,06,Yes,https://www.youtube.com/watch?v=zcw53uYt37o,9,49,943,589943,,,410359,1.437626566,465828,1.266439544,-0.0005,0.6059,2.712529745,31.9268,52.6910,22.4487,10.45893,,,,,,,,,,,,,,,,,,,,,,,,,,,,,,,,,,,,,,,,,,,,,,,,,,,,,,,,,,,,,,,,,,,,,,,,,,,,,,,,,,,,,
🇳🇴,skycrab1,0,0,9:49.969,9:50.065,13 Nov 2024,547,(U),4962570127198828524,,,https://www.youtube.com/watch?v=6eV5G75VplI&list=PLU3_fvoJ1GyMStiA29z37DUPtG47PvOJz&index=93,9,50,65,590065,,,410359,1.437923867,421494,1.399936891,-0.0005,0.7607,5.369012294,12.4958,16.4264,22.2550,10.47683,,,,,,,,,,,,,,,,,,,,,,,,,,,,,,,,,,,,,,,,,,,,,,,,,,,,,,,--,,,,,,,,,,,,,,,,,,,,,,,,,,,547,0.0000000779863286,0.00001281033146,
🇦🇺,Erikfzf,0,1,9:47.896,9:50.075,19 Apr 2023,1121,(V),-3556903538673690675,09,Yes,https://www.speedrun.com/mc/run/y2jlp8wz,9,50,75,590075,,,410359,1.437948236,465828,1.266722911,-0.0005,0.5709,2.716624375,30.0352,52.6081,22.2392,10.47830,,,,,,,,,,,,,,,,,,,,,,,,,,,,,,,,,,,,,,,,,,,,,,,,,,,,,,,,,,,,,,,,,,,,,,,,,,,,,,,,,,,,,
🇵🇱,okshey,0,0,9:50.421,9:50.421,15 Nov 2025,180,(U),unknown,,,https://www.youtube.com/watch?v=3ag6jYLEATw,9,50,421,590421,,,410359,1.4387914,410359,1.4387914,-0.0005,0.9139,6.481971151,8.6452,9.4594,21.6973,10.52922,,,,,,,,,,,,,,,,,,,,,,,,,,,,,,,,,,,,,,,,,,,,,,,,,,,,,,,,,,,,,,,,,,,,,,,,,,,,,,,,,,180,0.5581095554,52.7936953,
🇺🇸,doogile,0,0,9:49.649,9:50.424,12 Sep 2023,975,(U),-1655592444366996481,,,https://www.youtube.com/watch?v=FBTXjli9DBQ,9,50,424,590424,,,410359,1.43879871,465828,1.267472114,-0.0005,0.6142,2.727476838,32.1751,52.3887,21.6926,10.52966,,,,,,,,,,,,,,,,,,,,,,,,,,,,,,,,,,,,,,,,,,,,,,,,,,,,,,,--,,,,,,,,,,,,,,,,,,,,,,,,,,,975,0,0,
🇸🇰,NoFear1337,0,0,9:50.463,9:50.463,20 Aug 2023,998,(U),unknown,,,https://www.youtube.com/watch?v=48-PM4b2mhk,9,50,463,590463,,,410359,1.438893749,465828,1.267555836,-0.0005,0.6071,2.728691971,31.7923,52.3642,21.6322,10.53542,,,,,,,,,,,,,,,,,,,,,,,,,,,,,,,,,,,,,,,,,,,,,,,,,,,,,,,--,,,,,,,,,,,,,,,,,,,,,,,,,,,998,0,0,
🇳🇴,skycrab1,0,0,9:49.721,9:50.491,21 Jun 2024,692,(U),-6497843382079027047,,,https://www.youtube.com/watch?v=F8E2ivfO0zk&list=PLU3_fvoJ1GyMStiA29z37DUPtG47PvOJz&index=37,9,50,491,590491,,,410359,1.438961982,421494,1.400947582,-0.0005,0.7075,5.39569794,11.4732,16.2163,21.5889,10.53955,,,,,,,,,,,,,,,,,,,,,,,,,,,,,,,,,,,,,,,,,,,,,,,,,,,,,,,--,,,,,,,,,,,,,,,,,,,,,,,,,,,692,0,0,
🇺🇸,doogile,0,0,9:39.067,9:50.542,28 Oct 2023,929,(U),9080996345703823922,,,https://www.youtube.com/watch?v=_V6MkKldJvY,9,50,542,590542,,,410359,1.439086263,465828,1.267725427,-0.0005,0.6284,2.731154869,32.8770,52.3145,21.5102,10.54708,,,,,,,,,,,,,,,,,,,,,,,,,,,,,,,,,,,,,,,,,,,,,,,,,,,,,,,--,,,,,,,,,,,,,,,,,,,,,,,,,,,929,0,0,
🇳🇴,skycrab1,0,0,9:50.665,9:50.665,23 Sep 2024,598,(U),2493200409668593062,,,https://www.youtube.com/watch?v=EEEQo8N6gQU&list=PLU3_fvoJ1GyMStiA29z37DUPtG47PvOJz&index=72,9,50,665,590665,,,410359,1.439386001,421494,1.401360399,-0.0005,0.7416,5.406630986,11.9620,16.1309,21.3214,10.56527,,,,,,,,,,,,,,,,,,,,,,,,,,,,,,,,,,,,,,,,,,,,,,,,,,,,,,,--,,,,,,,,,,,,,,,,,,,,,,,,,,,598,0.0000000005161007075,0.00000008325178332,
🇺🇸,doogile,0,0,9:43.048,9:50.671,06 Jun 2023,1073,(U),5486779662085254088,,,https://www.youtube.com/watch?v=GNfBvK-DdeI,9,50,671,590671,,,410359,1.439400622,465828,1.268002353,-0.0005,0.5848,2.735180815,30.5456,52.2334,21.3122,10.56615,,,,,,,,,,,,,,,,,,,,,,,,,,,,,,,,,,,,,,,,,,,,,,,,,,,,,,,--,,,,,,,,,,,,,,,,,,,,,,,,,,,1073,0,0,
🇨🇦,Aquacorde,0,0,9:50.705,9:50.705,28 May 2025,351,(U),1875131557642639498,,,https://www.youtube.com/watch?v=WHI4EIF361I,9,50,705,590705,,,410359,1.439483477,421494,1.401455299,-0.0005,0.8390,5.409147063,13.5180,16.1113,21.2602,10.57118,,,,,,,,,,,,,,,,,,,,,,,,,,,,,,,,,,,,,,,,,,,,,,,,,,,,,,,--,,,,,,,,,,,,,,,,,,,,,,,,,,,351,0.01324208717,2.133475804,
🇳🇴,skycrab1,0,0,9:48.924,9:50.706,14 Apr 2024,760,(U),unknown,,,https://www.youtube.com/watch?v=sr2kZbeK9UA&list=PLU3_fvoJ1GyMStiA29z37DUPtG47PvOJz&index=15,9,50,706,590706,,,410359,1.439485914,421494,1.401457672,-0.0005,0.6839,5.409209978,11.0176,16.1108,21.2587,10.57133,,,,,,,,,,,,,,,,,,,,,,,,,,,,,,,,,,,,,,,,,,,,,,,,,,,,,,,--,,,,,,,,,,,,,,,,,,,,,,,,,,,760,0,0,
🇺🇸,doogile,0,0,9:49.586,9:50.726,23 Jan 2024,842,(U),-584548052417778455,,,https://www.youtube.com/watch?v=ql5yaRF0gCE,9,50,726,590726,,,410359,1.439534651,421494,1.401505122,-0.0005,0.6564,5.410468412,10.5686,16.1010,21.2282,10.57429,,,,,,,,,,,,,,,,,,,,,,,,,,,,,,,,,,,,,,,,,,,,,,,,,,,,,,,--,,,,,,,,,,,,,,,,,,,,,,,,,,,842,0,0,
🇳🇴,skycrab1,0,0,9:50.792,9:50.792,07 Nov 2024,553,(U),7554489611952099407,,,https://www.youtube.com/watch?v=6-ETpuXoEEk&list=PLU3_fvoJ1GyMStiA29z37DUPtG47PvOJz&index=91,9,50,792,590792,,,410359,1.439695486,421494,1.401661708,-0.0005,0.7584,5.414623061,12.1871,16.0688,21.1277,10.58407,,,,,,,,,,,,,,,,,,,,,,,,,,,,,,,,,,,,,,,,,,,,,,,,,,,,,,,--,,,,,,,,,,,,,,,,,,,,,,,,,,,553,0.00000004524210306,0.00000726984386,
🇫🇮,AndrewCrow,0,0,9:50.666,9:50.833,12 Aug 2025,275,(U),unknown,,,https://www.youtube.com/watch?v=a9jbQgG4J-I,9,50,833,590833,,,410359,1.439795399,410359,1.439795399,-0.0005,0.8715,6.513210182,8.1141,9.3101,21.0655,10.59015,,,,,,,,,,,,,,,,,,,,,,,,,,,,,,,,,,,,,,,,,,,,,,,,,,,,,,,,,,,,,,,,,,,,,,,,,,,,,,,,,,275,0.124969259,11.63474674,
🇮🇹,drip120,0,1,9:50.878,9:50.878,04 Oct 2023,953,(V),-1789423009707373733,,Yes,https://www.speedrun.com/mc/runs/y6q50l6z,9,50,878,590878,,,410359,1.439905059,465828,1.268446723,-0.0005,0.6210,2.741652089,32.3536,52.1031,20.9974,10.59682,,,,,,,,,,,,,,,,,,,,,,,,,,,,,,,,,,,,,,,,,,,,,,,,,,,,,,,--,,,,,,,,,,,,,,,,,,,,,,,,,,,953,0,0,
🇨🇦,bluescaled,0,1,9:50.982,9:50.982,20 Sep 2023,967,(V),924997636585373701,12,Yes,https://www.speedrun.com/mc/runs/z5k12xdz,9,50,982,590982,,,410359,1.440158495,465828,1.268669981,-0.0005,0.6166,2.744908495,32.0875,52.0376,20.8406,10.61226,,,,,,,,,,,,,,,,,,,,,,,,,,,,,,,,,,,,,,,,,,,,,,,,,,,,,,,,,,,,,,,,,,,,,,,,,,,,,,,,,,,,,
🇸🇰,NoFear1337,0,0,9:48.795,9:51.150,17 Jun 2025,331,(U),unknown,,,https://www.youtube.com/watch?v=EZF1Z0DG-74,9,51,150,591150,,,410359,1.440567893,410359,1.440567893,-0.0005,0.8475,6.537335172,7.7936,9.1963,20.5892,10.63723,,,,,,,,,,,,,,,,,,,,,,,,,,,,,,,,,,,,,,,,,,,,,,,,,,,,,,,--,,,,,,,,,,,,,,,,,,,,,,,,,,,331,0.02660997589,2.447126076,
🇳🇴,skycrab1,0,0,9:51.158,9:51.158,08 Dec 2025,157,(U),unknown,,,https://www.youtube.com/watch?v=fKGyoMdXDzc&list=PLU3_fvoJ1GyMStiA29z37DUPtG47PvOJz&index=156,9,51,158,591158,,,410359,1.440587388,410359,1.440587388,-0.0005,0.9245,6.537945009,8.4993,9.1934,20.5773,10.63843,,,,,,,,,,,,,,,,,,,,,,,,,,,,,,,,,,,,,,,,,,,,,,,,,,,,,,,--,,,,,,,,,,,,,,,,,,,,,,,,,,,157,0.6790983612,62.43231534,
🇺🇸,Dylqn,0,1,9:54.988,9:51.164,01 Aug 2022,1382,(V),-7315821799138863380,,,https://www.speedrun.com/mc/runs/yod43rjm,9,51,164,591164,,,410359,1.440602009,517884,1.141498868,-0.0005,0.5011,1.362694828,41.8390,83.4985,20.5684,10.63932,,,,,,,,,,,,,,,,,,,,,,,,,,,,,,,,,,,,,,,,,,,,,,,,,,,,,,,,,,,,,,,,,,,,,,,,,,,,,,,,,,1382,0,0,
🇳🇴,skycrab1,0,0,9:50.489,9:51.181,20 Mar 2026,55,(U),unknown,,,https://www.youtube.com/watch?v=_SXbQSqj37s&list=PLU3_fvoJ1GyMStiA29z37DUPtG47PvOJz&index=173,9,51,181,591181,,,410359,1.440643437,410359,1.440643437,-0.0005,0.9729,6.539698568,8.9360,9.1852,20.5431,10.64185,,,,,,,,,,,,,,,,,,,,,,,,,,,,,,,,,,,,,,,,,,,,,,,,,,,,,,,,,,,,,,,,,,,,,,,,,,,,,,,,,,55,0.9835001388,90.33637869,
🇨🇦,sockmonkey747,0,1,9:45.214,9:51.192,22 Sep 2022,1330,(V),-7834893168215751805,09,Yes,https://www.speedrun.com/mc/run/yl16p3xm,9,51,192,591192,,,410359,1.440670242,517884,1.141552935,-0.0005,0.5143,1.363113533,42.9359,83.4884,20.5267,10.64349,,,,,,,,,,,,,,,,,,,,,,,,,,,,,,,,,,,,,,,,,,,,,,,,,,,,,,,,,,,,,,,,,,,,,,,,,,,,,,,,,,,,,
🇳🇴,skycrab1,0,0,9:51.202,9:51.202,09 Oct 2024,582,(U),6786942152196432309,,,https://www.youtube.com/watch?v=qIX6RDLk3Fw&list=PLU3_fvoJ1GyMStiA29z37DUPtG47PvOJz&index=79,9,51,202,591202,,,410359,1.440694611,421494,1.402634438,-0.0005,0.7475,5.440494706,11.8623,15.8690,20.5119,10.64498,,,,,,,,,,,,,,,,,,,,,,,,,,,,,,,,,,,,,,,,,,,,,,,,,,,,,,,--,,,,,,,,,,,,,,,,,,,,,,,,,,,582,0.000000002744308243,0.0000004354939517,
🇳🇴,skycrab1,0,0,9:51.237,9:51.237,04 Sep 2024,617,(U),-5564102044404778436,,,https://www.youtube.com/watch?v=J6913JzSFoI&list=PLU3_fvoJ1GyMStiA29z37DUPtG47PvOJz&index=63,9,51,237,591237,,,410359,1.440779902,421494,1.402717476,-0.0005,0.7345,5.442708253,11.6441,15.8520,20.4600,10.65019,,,,,,,,,,,,,,,,,,,,,,,,,,,,,,,,,,,,,,,,,,,,,,,,,,,,,,,--,,,,,,,,,,,,,,,,,,,,,,,,,,,617,0,0.000000009980520496,
🇮🇹,drip120,0,0,9:49.755,9:51.238,17 Dec 2025,148,(U),unknown,,,https://www.youtube.com/watch?v=wz6HL9sHv3A,9,51,238,591238,,,410359,1.440782339,410359,1.440782339,-0.0005,0.9287,6.544046108,8.5111,9.1648,20.4585,10.65034,,,,,,,,,,,,,,,,,,,,,,,,,,,,,,,,,,,,,,,,,,,,,,,,,,,,,,,--,,,,,,,,,,,,,,,,,,,,,,,,,,,148,0.7231206475,66.27285413,
🇫🇮,AndrewCrow,0,0,9:51.066,9:51.257,09 Jun 2025,339,(U),unknown,,,https://www.youtube.com/watch?v=v8YGkPkyD8w,9,51,257,591257,,,410359,1.44082864,421494,1.402764927,-0.0005,0.8441,5.44397349,13.3723,15.8423,20.4303,10.65317,,,,,,,,,,,,,,,,,,,,,,,,,,,,,,,,,,,,,,,,,,,,,,,,,,,,,,,,,,,,,,,,,,,,,,,,,,,,,,,,,,339,0.0203266611,3.220209704,
🇫🇮,megelimc,0,0,9:47.731,9:51.467,01 Jan 2024,864,(U),Unknown,??,Yes,https://www.youtube.com/watch?v=ZnJ9vJWKmrI,9,51,467,591467,,,410359,1.441340387,446254,1.325404366,-0.0005,0.6492,3.692599314,22.9404,35.3359,20.1214,10.68451,,,,,,,,,,,,,,,,,,,,,,,,,,,,,,,,,,,,,,,,,,,,,,,,,,,,,,,,,,,,,,,,,,,,,,,,,,,,,,,,,,,,,
🇫🇷,AstraF,0,0,9:51.720,9:51.720,27 Oct 2023,930,(U),-337439981175768477,01,Yes,https://www.youtube.com/watch?v=2BIv_Ia0X00,9,51,720,591720,,,410359,1.441956921,465828,1.270254257,-0.0005,0.6281,2.768115448,32.3945,51.5726,19.7540,10.72237,,,,,,,,,,,,,,,,,,,,,,,,,,,,,,,,,,,,,,,,,,,,,,,,,,,,,,,,,,,,,,,,,,,,,,,,,,,,,,,,,,,,,
🇷🇺,aleen,0,0,9:51.372,9:51.955,13 Jun 2023,1066,(U),527896806905356617,04,Yes,https://www.youtube.com/watch?v=T3tdEJDfjbA,9,51,955,591955,,,410359,1.44252959,465828,1.270758735,-0.0005,0.5868,2.775541736,30.1779,51.4243,19.4174,10.75765,,,,,,,,,,,,,,,,,,,,,,,,,,,,,,,,,,,,,,,,,,,,,,,,,,,,,,,,,,,,,,,,,,,,,,,,,,,,,,,,,,,,,
🇬🇧,priffie,0,1,9:52.129,9:52.129,06 Apr 2023,1134,(V),-6774371518579710751,12,Yes,https://www.speedrun.com/mc/run/y4g4q23y,9,52,129,592129,,,410359,1.442953609,465828,1.271132263,-0.0005,0.5672,2.781051757,29.1068,51.3145,19.1712,10.78384,,,,,,,,,,,,,,,,,,,,,,,,,,,,,,,,,,,,,,,,,,,,,,,,,,,,,,,--,,,,,,,,,,,,,,,,,,,,,,,,,,,1134,0,0,
🇩🇰,Bloopy,0,0,9:51.888,9:52.213,01 Dec 2024,529,(U),-585511820718115060,,,https://www.youtube.com/watch?v=NZGdtGg7EMI,9,52,213,592213,,,410359,1.443158308,421494,1.405033049,-0.0005,0.7676,5.504752151,11.8073,15.3823,19.0531,10.79650,,,,,,,,,,,,,,,,,,,,,,,,,,,,,,,,,,,,,,,,,,,,,,,,,,,,,,,--,,,,,,,,,,,,,,,,,,,,,,,,,,,529,0.0000003722914208,0.00005726710523,
🇿🇦,Airpodsz,0,0,9:52.329,9:52.329,18 Feb 2026,85,(U),-865004664165552620,,,https://www.youtube.com/watch?v=jvUCdetNvWc&list=PLjW0OIc7zcEcCMM5essHmBGzf92S0FzKi&index=35,9,52,329,592329,,,410359,1.443440987,410359,1.443440987,-0.0005,0.9584,6.627745829,8.4156,8.7810,18.8911,10.81401,,,,,,,,,,,,,,,,,,,,,,,,,,,,,,,,,,,,,,,,,,,,,,,,,,,,,,,,,,,,,,,,,,,,,,,,,,,,,,,,,,,,,
🇧🇪,boyenn,0,0,9:52.329,9:52.329,02 May 2025,377,(U),unknown,,,https://www.youtube.com/watch?v=d_SBrMIiMm4,9,52,329,592329,,,410359,1.443440987,421494,1.405308261,-0.0005,0.8282,5.512167115,12.6939,15.3270,18.8911,10.81401,,,,,,,,,,,,,,,,,,,,,,,,,,,,,,,,,,,,,,,,,,,,,,,,,,,,,,,--,,,,,,,,,,,,,,,,,,,,,,,,,,,377,0.004709077265,0.7217620894,
🇺🇸,doogile,0,0,9:47.627,9:52.339,30 Mar 2025,410,(U),unknown,,,https://www.youtube.com/watch?v=qhwp9ohvjNc,9,52,339,592339,,,410359,1.443465356,421494,1.405331986,-0.0005,0.8146,5.512806744,12.4823,15.3223,18.8772,10.81552,,,,,,,,,,,,,,,,,,,,,,,,,,,,,,,,,,,,,,,,,,,,,,,,,,,,,,,--,,,,,,,,,,,,,,,,,,,,,,,,,,,410,0.001015778465,0.1556403911,
🇫🇮,sadekeppi,0,0,9:52.481,9:52.481,18 Feb 2026,85,(U),unknown,,,https://www.youtube.com/watch?v=2Lpf6uTKLWQ,9,52,481,592481,,,410359,1.443811394,410359,1.443811394,-0.0005,0.9584,6.639480644,8.3652,8.7284,18.6804,10.83699,,,,,,,,,,,,,,,,,,,,,,,,,,,,,,,,,,,,,,,,,,,,,,,,,,,,,,,,,,,,,,,,,,,,,,,,,,,,,,,,,,,,,
🇦🇺,retropog,0,1,9:52.143,9:52.559,14 Mar 2023,1157,(V),-5536233051706105500,01,Yes,https://www.speedrun.com/mc/run/mro0xldm,9,52,559,592559,,,410359,1.444001472,465828,1.272055351,-0.0005,0.5607,2.794710214,28.6218,51.0430,18.5731,10.84879,,,,,,,,,,,,,,,,,,,,,,,,,,,,,,,,,,,,,,,,,,,,,,,,,,,,,,,,,,,,,,,,,,,,,,,,,,,,,,,,,,,,,
🇸🇰,NoFear1337,0,0,9:50.254,9:52.607,29 Aug 2025,258,(U),unknown,,,https://www.youtube.com/watch?v=1CSaPJ3zD9E,9,52,607,592607,,,410359,1.444118443,410359,1.444118443,-0.0005,0.8790,6.649221889,7.6338,8.6849,18.5072,10.85607,,,,,,,,,,,,,,,,,,,,,,,,,,,,,,,,,,,,,,,,,,,,,,,,,,,,,,,--,,,,,,,,,,,,,,,,,,,,,,,,,,,258,0.1795410871,15.59298725,
🇸🇰,NoFear1337,0,0,9:52.674,9:52.674,14 Jul 2023,1035,(U),3311070428506478041,,,https://www.youtube.com/watch?v=0xG_Me1Rz5g,9,52,674,592674,,,410359,1.444281714,465828,1.272302223,-0.0005,0.5960,2.798373149,30.3788,50.9703,18.4156,10.86623,,,,,,,,,,,,,,,,,,,,,,,,,,,,,,,,,,,,,,,,,,,,,,,,,,,,,,,--,,,,,,,,,,,,,,,,,,,,,,,,,,,1035,0,0,
🇸🇰,NoFear1337,0,0,9:51.200,9:52.693,27 Nov 2024,533,(U),unknown,,,https://www.youtube.com/watch?v=fOaCQDFWOJY&list=PLaTJSsRuu2UeeWabBBfNVWALvnefBoL2C&index=14,9,52,693,592693,,,410359,1.444328015,421494,1.406171855,-0.0005,0.7661,5.535491401,11.6090,15.1543,18.3897,10.86911,,,,,,,,,,,,,,,,,,,,,,,,,,,,,,,,,,,,,,,,,,,,,,,,,,,,,,,--,,,,,,,,,,,,,,,,,,,,,,,,,,,533,0.0000002654222985,0.00004022278232,
🇫🇮,AndrewCrow,0,0,9:51.787,9:52.736,08 Feb 2025,460,(U),unknown,,,https://www.youtube.com/watch?v=3nU_mEfgpK0,9,52,736,592736,,,410359,1.444432802,421494,1.406273873,-0.0005,0.7945,5.538252425,12.0244,15.1339,18.3312,10.87563,,,,,,,,,,,,,,,,,,,,,,,,,,,,,,,,,,,,,,,,,,,,,,,,,,,,,,,,,,,,,,,,,,,,,,,,,,,,,,,,,,460,0.00005925857871,0.008968146674,
🇸🇰,NoFear1337,0,0,9:52.350,9:52.741,04 Nov 2025,191,(U),unknown,,,https://www.youtube.com/watch?v=OHpcSW2oLMw,9,52,741,592741,,,410359,1.444444986,410359,1.444444986,-0.0005,0.9089,6.659595272,7.8520,8.6389,18.3244,10.87639,,,,,,,,,,,,,,,,,,,,,,,,,,,,,,,,,,,,,,,,,,,,,,,,,,,,,,,--,,,,,,,,,,,,,,,,,,,,,,,,,,,191,0.4981833485,43.03731264,
🇨🇳,pluginL,0,1,9:50.137,9:52.818,24 Aug 2022,1359,(V),656442864665422707,09,Yes,https://www.speedrun.com/mc/run/mrr1172m,9,52,818,592818,,,410359,1.444632627,517884,1.144692634,-0.0005,0.5069,1.387633364,42.0202,82.9013,18.2200,10.88809,,,,,,,,,,,,,,,,,,,,,,,,,,,,,,,,,,,,,,,,,,,,,,,,,,,,,,,,,,,,,,,,,,,,,,,,,,,,,,,,,,,,,
🇺🇸,zylenox,0,1,9:50.003,9:52.982,01 Oct 2022,1321,(X),7341342396448378050,06,Yes,https://www.speedrun.com/mc/run/zgqlvxey,9,52,982,592982,,,410359,1.445032277,517884,1.145009307,-0.0005,0.5166,1.390128954,42.7953,82.8415,17.9991,10.91303,,,,,,,,,,,,,,,,,,,,,,,,,,,,,,,,,,,,,,,,,,,,,,,,,,,,,,,--,,,,,,,,,,,,,,,,,,,,,,,,,,,1321,0,0,
🇫🇮,AndrewCrow,0,0,9:51.477,9:53.013,04 Jul 2025,314,(U),unknown,,,https://www.youtube.com/watch?v=CjilClmnXOo,9,53,13,593013,,,410359,1.44510782,410359,1.44510782,-0.0005,0.8547,6.680695004,7.3042,8.5458,17.9576,10.91775,,,,,,,,,,,,,,,,,,,,,,,,,,,,,,,,,,,,,,,,,,,,,,,,,,,,,,,,,,,,,,,,,,,,,,,,,,,,,,,,,,314,0.04523363191,3.865597664,
🇨🇦,Mynski,0,0,9:50.933,9:53.151,01 Jul 2023,1047.333333,(U),unknown,??,Yes,https://www.youtube.com/watch?v=cXPQARw8DO8,9,53,151,593151,,,410359,1.445444111,465828,1.273326206,-0.0005,0.5923,2.813611967,30.0134,50.6688,17.7737,10.93879,,,,,,,,,,,,,,,,,,,,,,,,,,,,,,,,,,,,,,,,,,,,,,,,,,,,,,,,,,,,,,,,,,,,,,,,,,,,,,,,,,,,,
🇨🇦,Aquacorde,0,0,9:52.194,9:53.340,22 Sep 2024,599,(U),-9213133469295055645,,,https://www.youtube.com/watch?v=WlkQTuuVfUg,9,53,340,593340,,,410359,1.445904683,421494,1.407706871,-0.0005,0.7412,5.577162395,11.0066,14.8499,17.5244,10.96766,,,,,,,,,,,,,,,,,,,,,,,,,,,,,,,,,,,,,,,,,,,,,,,,,,,,,,,--,,,,,,,,,,,,,,,,,,,,,,,,,,,599,0.0000000004635161444,0.00000006883162748,
🇬🇧,priffie,0,0,9:56.852,9:58.362,12 May 2024,732,(U),unknown,,,https://www.youtube.com/watch?v=9gVNq-W0_m8,9,58,362,598362,,,410359,1.458142748,421494,1.419621632,-0.0005,0.6935,5.910028499,8.7439,12.6083,11.8496,11.76005,,,,,,,,,,,,,,,,,,,,,,,,,,,,,,,,,,,,,,,,,,,,,,,,,,,,,,,,,,,,,,,,,,,,,,,,,,,,,,,,,,,,,
🇫🇮,AndrewCrow,0,1,9:53.628,9:53.628,09 Mar 2022,1527,(V),-4620186726931781022,,,https://www.speedrun.com/mc/runs/yvq5e58m,9,53,628,593628,,,410359,1.446606508,548820,1.081644255,-0.0005,0.4660,0.9660862418,43.2004,92.6982,17.1496,11.01179,,,,,,,,,,,,,,,,,,,,,,,,,,,,,,,,,,,,,,,,,,,,,,,,,,,,,,,,,,,,,,,,,,,,,,,,,,,,,,,,,,1527,0,0,
🇰🇷,temp_gd,0,1,9:49.097,9:53.643,28 Dec 2023,868,(V),6992561561030864143,12,Yes,https://www.speedrun.com/mc/run/ywnx46ny,9,53,643,593643,,,410359,1.446643061,446254,1.330280513,-0.0005,0.6479,3.786146646,21.9912,33.9416,17.1303,11.01409,,,,,,,,,,,,,,,,,,,,,,,,,,,,,,,,,,,,,,,,,,,,,,,,,,,,,,,,,,,,,,,,,,,,,,,,,,,,,,,,,,,,,
🇳🇴,skycrab1,0,0,9:52.003,9:53.778,08 Aug 2024,644,(U),-7456900742999053389,,,https://www.youtube.com/watch?v=nJT3-TIU4ak&list=PLU3_fvoJ1GyMStiA29z37DUPtG47PvOJz&index=49,9,53,778,593778,,,410359,1.446972042,421494,1.408746032,-0.0005,0.7247,5.605527608,10.6138,14.6458,16.9570,11.03483,,,,,,,,,,,,,,,,,,,,,,,,,,,,,,,,,,,,,,,,,,,,,,,,,,,,,,,--,,,,,,,,,,,,,,,,,,,,,,,,,,,644,0,0.0000000003682506623,
🇵🇱,DoWiii,0,1,9:49.255,9:53.787,01 Aug 2023,1017,(X),4890156782028618335,08,Yes,https://www.speedrun.com/mc/runs/m3qw49dy,9,53,787,593787,,,410359,1.446993974,465828,1.274691517,-0.0005,0.6014,2.834045096,30.2300,50.2663,16.9455,11.03622,,,,,,,,,,,,,,,,,,,,,,,,,,,,,,,,,,,,,,,,,,,,,,,,,,,,,,,,,,,,,,,,,,,,,,,,,,,,,,,,,,,,,
🇫🇮,AndrewCrow,0,0,9:51.947,9:53.877,28 May 2025,351,(U),unknown,,,https://www.youtube.com/watch?v=f7zANgiWh0A,9,53,877,593877,,,410359,1.447213294,421494,1.408980911,-0.0005,0.8390,5.611956339,12.2499,14.5999,16.8308,11.05007,,,,,,,,,,,,,,,,,,,,,,,,,,,,,,,,,,,,,,,,,,,,,,,,,,,,,,,,,,,,,,,,,,,,,,,,,,,,,,,,,,351,0.01324208717,1.933336591,
🇮🇹,Tiger,0,1,9:52.512,9:53.934,09 Jan 2024,856,(U),-3526546892064748908,09,Yes,https://www.youtube.com/watch?v=WxdVXejncoc,9,53,934,593934,,,410359,1.447352196,421494,1.409116144,-0.0005,0.6518,5.615660648,9.4992,14.5736,16.7585,11.05884,,,,,,,,,,,,,,,,,,,,,,,,,,,,,,,,,,,,,,,,,,,,,,,,,,,,,,,,,,,,,,,,,,,,,,,,,,,,,,,,,,,,,
🇺🇸,zylenox,0,0,9:52.464,9:53.967,08 Jun 2023,1071,(U),unknown,15,Yes,https://www.youtube.com/watch?v=tgOPJWqSS2A,9,53,967,593967,,,410359,1.447432614,465828,1.275077926,-0.0005,0.5854,2.839851945,29.3580,50.1524,16.7167,11.06393,,,,,,,,,,,,,,,,,,,,,,,,,,,,,,,,,,,,,,,,,,,,,,,,,,,,,,,--,,,,,,,,,,,,,,,,,,,,,,,,,,,1071,0,0,
🇺🇸,Reignex,0,0,9:54.301,9:54.301,27 Oct 2023,930,(U),Unknown,12,Yes,https://www.youtube.com/watch?v=NT6B08BXV4c,9,54,301,594301,,,410359,1.448246535,465828,1.275794929,-0.0005,0.6281,2.850654886,31.3696,49.9408,16.2987,11.11552,,,,,,,,,,,,,,,,,,,,,,,,,,,,,,,,,,,,,,,,,,,,,,,,,,,,,,,,,,,,,,,,,,,,,,,,,,,,,,,,,,,,,
🇸🇰,NoFear1337,0,0,9:54.420,9:54.420,03 Jul 2024,680,(U),unknown,,,https://www.youtube.com/watch?v=wLSjADbTw0g&list=PLaTJSsRuu2UeeWabBBfNVWALvnefBoL2C&index=11,9,54,420,594420,,,410359,1.448536525,421494,1.410269185,-0.0005,0.7118,5.647331513,10.2137,14.3497,16.1518,11.13395,,,,,,,,,,,,,,,,,,,,,,,,,,,,,,,,,,,,,,,,,,,,,,,,,,,,,,,--,,,,,,,,,,,,,,,,,,,,,,,,,,,680,0,0,
🇺🇸,doogile,0,0,9:48.840,9:54.481,30 Nov 2023,896,(U),984680660246125124,,,https://www.youtube.com/watch?v=o4MQAI-5dNk,9,54,481,594481,,,410359,1.448685176,465828,1.276181337,-0.0005,0.6389,2.856491955,31.8345,49.8267,16.0769,11.14341,,,,,,,,,,,,,,,,,,,,,,,,,,,,,,,,,,,,,,,,,,,,,,,,,,,,,,,--,,,,,,,,,,,,,,,,,,,,,,,,,,,896,0,0,
🇿🇦,Airpodsz,0,0,9:54.544,9:54.544,25 Mar 2026,50,(U),-9029504240721945909,,,https://www.youtube.com/watch?v=YG0SUvGeG7Q&list=PLjW0OIc7zcEcCMM5essHmBGzf92S0FzKi&index=42,9,54,544,594544,,,410359,1.4488387,410359,1.4488387,-0.0005,0.9753,6.800547177,7.8364,8.0348,15.9998,11.15318,,,,,,,,,,,,,,,,,,,,,,,,,,,,,,,,,,,,,,,,,,,,,,,,,,,,,,,,,,,,,,,,,,,,,,,,,,,,,,,,,,,,,
🇳🇴,skycrab1,0,0,9:53.575,9:54.586,23 May 2024,721,(U),891404935747886516,,,https://www.youtube.com/watch?v=Jej0PF9SsMc&list=PLU3_fvoJ1GyMStiA29z37DUPtG47PvOJz&index=22,9,54,586,594586,,,410359,1.448941049,421494,1.410663022,-0.0005,0.6973,5.658184785,9.9534,14.2737,15.9486,11.15970,,,,,,,,,,,,,,,,,,,,,,,,,,,,,,,,,,,,,,,,,,,,,,,,,,,,,,,--,,,,,,,,,,,,,,,,,,,,,,,,,,,721,0,0,
🇺🇸,Reignex,0,0,9:54.710,9:54.710,13 Aug 2023,1005,(U),Unknown,12,Yes,https://www.youtube.com/watch?v=NT6B08BXV4c,9,54,710,594710,,,410359,1.449243224,465828,1.276672935,-0.0005,0.6050,2.863933347,30.0581,49.6815,15.7981,11.17898,,,,,,,,,,,,,,,,,,,,,,,,,,,,,,,,,,,,,,,,,,,,,,,,,,,,,,,,,,,,,,,,,,,,,,,,,,,,,,,,,,,,,
🇺🇸,doogile,0,0,9:53.274,9:54.737,30 Apr 2023,1110,(U),8647590348212055728,,,https://www.youtube.com/watch?v=LCDb8vZEG8M,9,54,737,594737,,,410359,1.44930902,465828,1.276730896,-0.0005,0.5741,2.86481185,28.5110,49.6644,15.7655,11.18318,,,,,,,,,,,,,,,,,,,,,,,,,,,,,,,,,,,,,,,,,,,,,,,,,,,,,,,--,,,,,,,,,,,,,,,,,,,,,,,,,,,1110,0,0,
🇳🇴,skycrab1,0,1,9:48.928,9:54.790,17 Aug 2023,1001,(V),4841977551772325086,,,https://www.speedrun.com/mc/runs/zx3pxk8z,9,54,790,594790,,,410359,1.449438175,465828,1.276844672,-0.0005,0.6062,2.866537015,30.0876,49.6308,15.7016,11.19143,,,,,,,,,,,,,,,,,,,,,,,,,,,,,,,,,,,,,,,,,,,,,,,,,,,,,,,--,,,,,,,,,,,,,,,,,,,,,,,,,,,1001,0,0,
🇫🇮,AndrewCrow,0,0,9:52.821,9:54.803,26 May 2025,353,(U),unknown,,,https://www.youtube.com/watch?v=26-ceURSKcg,9,54,803,594803,,,410359,1.449469854,421494,1.411177858,-0.0005,0.8382,5.672399941,11.8812,14.1747,15.6860,11.19345,,,,,,,,,,,,,,,,,,,,,,,,,,,,,,,,,,,,,,,,,,,,,,,,,,,,,,,,,,,,,,,,,,,,,,,,,,,,,,,,,,353,0.0122933391,1.742538297,
🇺🇸,Feinberg,0,0,9:54.890,9:54.890,03 Apr 2023,1137,(U),Unknown,15,Yes,https://www.youtube.com/watch?v=o4EgXKKjRmg,9,54,890,594890,,,410359,1.449681864,465828,1.277059344,-0.0005,0.5664,2.869794556,28.0737,49.5674,15.5817,11.20701,,,,,,,,,,,,,,,,,,,,,,,,,,,,,,,,,,,,,,,,,,,,,,,,,,,,,,,,,,,,,,,,,,,,,,,,,,,,,,,,,,,,,
🇺🇸,Feinberg,0,0,9:50.556,9:55.093,28 May 2024,716,(U),330307922541256134,,,https://www.youtube.com/watch?v=9kp1QTbxTGM,9,55,93,595093,,,410359,1.450176553,421494,1.411865887,-0.0005,0.6991,5.691445794,9.8171,14.0430,15.3405,11.23870,,,,,,,,,,,,,,,,,,,,,,,,,,,,,,,,,,,,,,,,,,,,,,,,,,,,,,,,,,,,,,,,,,,,,,,,,,,,,,,,,,,,,
🇳🇴,skycrab1,0,0,9:51.595,9:55.093,04 Nov 2023,922,(U),unknown,,,https://www.youtube.com/watch?v=6XR2MBsNb6k&list=PLU3_fvoJ1GyMStiA29z37DUPtG47PvOJz&index=3,9,55,93,595093,,,410359,1.450176553,465828,1.277495127,-0.0005,0.6307,2.876417477,31.1786,49.4386,15.3405,11.23870,,,,,,,,,,,,,,,,,,,,,,,,,,,,,,,,,,,,,,,,,,,,,,,,,,,,,,,--,,,,,,,,,,,,,,,,,,,,,,,,,,,922,0,0,
🇵🇱,watermelon1708,0,0,9:55.102,9:55.102,09 Nov 2025,186,(U),unknown,,,https://www.youtube.com/watch?v=ZPS7AydV7hs,9,55,102,595102,,,410359,1.450198485,410359,1.450198485,-0.0005,0.9112,6.844692175,7.1563,7.8538,15.3299,11.24010,,,,,,,,,,,,,,,,,,,,,,,,,,,,,,,,,,,,,,,,,,,,,,,,,,,,,,,--,,,,,,,,,,,,,,,,,,,,,,,,,,,186,0.525457693,41.26829927,
🇺🇸,AceRPx,0,1,9:54.223,9:55.141,30 Mar 2023,1141,(V),8614971074767213425,12,Yes,https://www.speedrun.com/mc/run/zqenvvrz,9,55,141,595141,,,410359,1.450293523,465828,1.277598169,-0.0005,0.5652,2.877985471,27.9276,49.4082,15.2839,11.24620,,,,,,,,,,,,,,,,,,,,,,,,,,,,,,,,,,,,,,,,,,,,,,,,,,,,,,,,,,,,,,,,,,,,,,,,,,,,,,,,,,,,,
🇳🇴,skycrab1,0,0,9:55.288,9:55.288,11 Sep 2024,610,(U),-7383229006023208125,,,https://www.youtube.com/watch?v=hsEjtrLyOUM&list=PLU3_fvoJ1GyMStiA29z37DUPtG47PvOJz&index=68,9,55,288,595288,,,410359,1.450651746,421494,1.412328527,-0.0005,0.7371,5.704283839,10.2864,13.9548,15.1116,11.26921,,,,,,,,,,,,,,,,,,,,,,,,,,,,,,,,,,,,,,,,,,,,,,,,,,,,,,,--,,,,,,,,,,,,,,,,,,,,,,,,,,,610,0.0000000001387843259,0.00000001936709362,
🇬🇧,priffie,0,0,9:55.321,9:55.750,14 Nov 2023,912,(U),unknown,,,https://www.youtube.com/watch?v=d1kM15Jyaco,9,55,750,595750,,,410359,1.45177759,465828,1.278905519,-0.0005,0.6338,2.897945395,31.0706,49.0217,14.5802,11.34180,,,,,,,,,,,,,,,,,,,,,,,,,,,,,,,,,,,,,,,,,,,,,,,,,,,,,,,,,,,,,,,,,,,,,,,,,,,,,,,,,,,,,
🇧🇷,sanjinhu,0,1,9:53.150,9:55.335,07 Jul 2023,1041.291667,(V),-7500588924072040295,04,Yes,https://www.speedrun.com/mc/run/y8600ndm,9,55,335,595335,,,410359,1.45076628,465828,1.278014632,-0.0005,0.5941,2.884330514,29.2821,49.2851,15.0569,11.27657,,,,,,,,,,,,,,,,,,,,,,,,,,,,,,,,,,,,,,,,,,,,,,,,,,,,,,,,,,,,,,,,,,,,,,,,,,,,,,,,,,,,,
🇸🇰,NoFear1337,0,0,9:55.440,9:55.440,02 Oct 2023,955,(U),unknown,,,https://www.youtube.com/watch?v=wSvd77nUE5w,9,55,440,595440,,,410359,1.451022154,465828,1.278240037,-0.0005,0.6203,2.887769866,30.5318,49.2184,14.9351,11.29305,,,,,,,,,,,,,,,,,,,,,,,,,,,,,,,,,,,,,,,,,,,,,,,,,,,,,,,--,,,,,,,,,,,,,,,,,,,,,,,,,,,955,0,0,
🇸🇰,NoFear1337,0,0,9:55.325,9:55.616,06 May 2024,738,(U),unknown,,,https://www.youtube.com/watch?v=SGv4ZI8oRZs&list=PLaTJSsRuu2UeeWabBBfNVWALvnefBoL2C&index=9,9,55,616,595616,,,410359,1.451451047,421494,1.413106711,-0.0005,0.6914,5.725935082,9.5467,13.8073,14.7327,11.32070,,,,,,,,,,,,,,,,,,,,,,,,,,,,,,,,,,,,,,,,,,,,,,,,,,,,,,,--,,,,,,,,,,,,,,,,,,,,,,,,,,,738,0,0,
🇹🇿,Kxpow,0,0,9:54.397,9:55.748,04 Dec 2023,892,(U),5607338791284436984,09,Yes,https://www.youtube.com/watch?v=A7-MF6MUslQ,9,55,748,595748,,,410359,1.451772716,465828,1.278901225,-0.0005,0.6402,2.897879645,31.3837,49.0229,14.5824,11.34148,,,,,,,,,,,,,,,,,,,,,,,,,,,,,,,,,,,,,,,,,,,,,,,,,,,,,,,--,,,,,,,,,,,,,,,,,,,,,,,,,,,892,0,0,
🇭🇷,CroProYT,0,0,9:55.868,9:55.868,14 Oct 2023,943,(U),Unknown,09,Yes,https://www.youtube.com/watch?v=Q7ZSubOMa5Y,9,55,868,595868,,,410359,1.452065143,465828,1.279158831,-0.0005,0.6241,2.901827018,30.5460,48.9467,14.4468,11.36040,,,,,,,,,,,,,,,,,,,,,,,,,,,,,,,,,,,,,,,,,,,,,,,,,,,,,,,,,,,,,,,,,,,,,,,,,,,,,,,,,,,,,
🇺🇸,doogile,0,0,9:54.943,9:55.997,03 Mar 2024,802,(U),-6539725761091483883,,,https://www.youtube.com/watch?v=xPmNTEmWuPM,9,55,997,595997,,,410359,1.452379502,421494,1.414010638,-0.0005,0.6697,5.751174822,9.1320,13.6370,14.3022,11.38077,,,,,,,,,,,,,,,,,,,,,,,,,,,,,,,,,,,,,,,,,,,,,,,,,,,,,,,--,,,,,,,,,,,,,,,,,,,,,,,,,,,802,0,0,
🇵🇱,Comprex,0,1,9:55.317,9:56.068,24 Feb 2023,1175,(V),237696946987480485,09,Yes,https://www.speedrun.com/mc/run/z5e85lez,9,56,68,596068,,,410359,1.452552521,465828,1.279588174,-0.0005,0.5557,2.908416581,27.1298,48.8197,14.2231,11.39200,,,,,,,,,,,,,,,,,,,,,,,,,,,,,,,,,,,,,,,,,,,,,,,,,,,,,,,,,,,,,,,,,,,,,,,,,,,,,,,,,,,,,
🇸🇰,NoFear1337,0,0,9:55.940,9:56.174,17 Jun 2025,331,(U),unknown,,,https://www.youtube.com/watch?v=Ueljb7uj3fA,9,56,174,596174,,,410359,1.452810831,410359,1.452810831,-0.0005,0.8475,6.930201057,6.3677,7.5138,14.1056,11.40878,,,,,,,,,,,,,,,,,,,,,,,,,,,,,,,,,,,,,,,,,,,,,,,,,,,,,,,--,,,,,,,,,,,,,,,,,,,,,,,,,,,331,0.02660997589,1.999415336,
🇸🇰,NoFear1337,0,0,9:56.184,9:56.184,10 Dec 2023,886,(U),unknown,,,https://www.youtube.com/watch?v=qT6Bdh7x3RY,9,56,184,596184,,,410359,1.4528352,446254,1.335974579,-0.0005,0.6421,3.898021042,20.7608,32.3323,14.0946,11.41036,,,,,,,,,,,,,,,,,,,,,,,,,,,,,,,,,,,,,,,,,,,,,,,,,,,,,,,--,,,,,,,,,,,,,,,,,,,,,,,,,,,886,0,0,
🇵🇱,watermelon1708,0,0,9:55.885,9:56.256,03 Oct 2025,223,(U),unknown,,,https://www.youtube.com/watch?v=LJp8oxqNGWs,9,56,256,596256,,,410359,1.453010657,410359,1.453010657,-0.0005,0.8945,6.936779931,6.6981,7.4882,14.0153,11.42177,,,,,,,,,,,,,,,,,,,,,,,,,,,,,,,,,,,,,,,,,,,,,,,,,,,,,,,--,,,,,,,,,,,,,,,,,,,,,,,,,,,223,0.3299029694,24.70377215,
🇮🇱,Megafox,0,1,9:56.371,9:56.371,17 Jul 2023,1032,(U),720747584717436667,06,Yes,https://www.youtube.com/watch?v=PvIWuH2TISQ,9,56,371,596371,,,410359,1.453290899,465828,1.280238629,-0.0005,0.5969,2.918425075,29.0258,48.6272,13.8894,11.44002,,,,,,,,,,,,,,,,,,,,,,,,,,,,,,,,,,,,,,,,,,,,,,,,,,,,,,,,,,,,,,,,,,,,,,,,,,,,,,,,,,,,,
🇺🇸,doogile,0,0,9:54.068,9:56.523,23 Feb 2023,1176,(U),6408064456688013983,,,https://www.youtube.com/watch?v=GdCYkElNK1M,9,56,523,596523,,,410359,1.453661306,465828,1.28056493,-0.0005,0.5554,2.923457342,26.9557,48.5306,13.7244,11.46418,,,,,,,,,,,,,,,,,,,,,,,,,,,,,,,,,,,,,,,,,,,,,,,,,,,,,,,--,,,,,,,,,,,,,,,,,,,,,,,,,,,1176,0,0,
🇳🇴,skycrab1,0,0,9:56.544,9:56.544,17 Jan 2025,482,(U),4734961951437511625,,,https://www.youtube.com/watch?v=b02Hcjv7jIE&list=PLU3_fvoJ1GyMStiA29z37DUPtG47PvOJz&index=109,9,56,544,596544,,,410359,1.453712481,421494,1.415308403,-0.0005,0.7858,5.787581076,10.5262,13.3948,13.7017,11.46752,,,,,,,,,,,,,,,,,,,,,,,,,,,,,,,,,,,,,,,,,,,,,,,,,,,,,,,--,,,,,,,,,,,,,,,,,,,,,,,,,,,482,0.00001370134164,0.001835271032,
🇺🇸,TalkingMime,0,1,9:51.349,9:56.594,14 Aug 2022,1369,(V),1393345256630748585,09,Yes,https://www.speedrun.com/mc/run/mrrkdx4m,9,56,594,596594,,,410359,1.453834326,517884,1.151983842,-0.0005,0.5043,1.446153912,41.1021,81.4965,13.6478,11.47548,,,,,,,,,,,,,,,,,,,,,,,,,,,,,,,,,,,,,,,,,,,,,,,,,,,,,,,,,,,,,,,,,,,,,,,,,,,,,,,,,,,,,
Lysotroph,Lysotroph,0,1,9:55.526,9:56.616,22 Jan 2023,1207.125,(V),9105264807391681609,05,Yes,https://www.speedrun.com/mc/run/ydge7p0y,9,56,616,596616,,,410359,1.453887937,495537,1.203978714,-0.0005,0.5469,1.933587611,38.1938,69.8420,13.6242,11.47898,,,,,,,,,,,,,,,,,,,,,,,,,,,,,,,,,,,,,,,,,,,,,,,,,,,,,,,,,,,,,,,,,,,,,,,,,,,,,,,,,,,,,
🇳🇴,skycrab1,0,0,9:56.649,9:56.649,08 Dec 2025,157,(U),unknown,,,https://www.youtube.com/watch?v=P0qk2AGV3VY&list=PLU3_fvoJ1GyMStiA29z37DUPtG47PvOJz&index=152,9,56,649,596649,,,410359,1.453968355,410359,1.453968355,-0.0005,0.9245,6.968385839,6.8102,7.3664,13.5888,11.48424,,,,,,,,,,,,,,,,,,,,,,,,,,,,,,,,,,,,,,,,,,,,,,,,,,,,,,,--,,,,,,,,,,,,,,,,,,,,,,,,,,,157,0.6790983612,50.02499354,
🇫🇷,emia,0,1,9:52.573,9:56.696,13 Mar 2023,1158,(V),-4604899140506065416,??,Yes,https://www.speedrun.com/mc/run/y4gjx4qy,9,56,696,596696,,,410359,1.454082888,465828,1.280936311,-0.0005,0.5605,2.929194226,27.1378,48.4207,13.5385,11.49173,,,,,,,,,,,,,,,,,,,,,,,,,,,,,,,,,,,,,,,,,,,,,,,,,,,,,,,,,,,,,,,,,,,,,,,,,,,,,,,,,,,,,
🇫🇮,Cube1337x,0,0,9:53.648,9:56.811,11 Aug 2022,1372,(U),3321772121899891075,12,Yes,https://www.youtube.com/watch?v=yMueH_YNJGs,9,56,811,596811,,,410359,1.454363131,517884,1.152402855,-0.0005,0.5036,1.449585123,40.9990,81.4140,13.4160,11.51007,,,,,,,,,,,,,,,,,,,,,,,,,,,,,,,,,,,,,,,,,,,,,,,,,,,,,,,,,,,,,,,,,,,,,,,,,,,,,,,,,,,,,
🇺🇸,oxidiot,0,0,9:55.037,9:56.868,09 Oct 2023,948,(U),-6457179111567451217,06,Yes,https://www.twitch.tv/videos/1947223035,9,56,868,596868,,,410359,1.454502034,465828,1.281305546,-0.0005,0.6225,2.93490785,30.0742,48.3114,13.3557,11.51917,,,,,,,,,,,,,,,,,,,,,,,,,,,,,,,,,,,,,,,,,,,,,,,,,,,,,,,,,,,,,,,,,,,,,,,,,,,,,,,,,,,,,
🇫🇮,AndrewCrow,0,0,9:55.082,9:56.893,07 Oct 2025,219,(U),unknown,,,https://www.youtube.com/watch?v=X6H87b0GOCI,9,56,893,596893,,,410359,1.454562956,410359,1.454562956,-0.0005,0.8963,6.988071794,6.5352,7.2914,13.3293,11.52317,,,,,,,,,,,,,,,,,,,,,,,,,,,,,,,,,,,,,,,,,,,,,,,,,,,,,,,,,,,,,,,,,,,,,,,,,,,,,,,,,,219,0.3498167266,25.50668495,
🇳🇴,skycrab1,0,0,9:56.902,9:56.902,04 Oct 2024,587,(U),-633820598283488717,,,https://www.youtube.com/watch?v=PI6D8MfZuDk&list=PLU3_fvoJ1GyMStiA29z37DUPtG47PvOJz&index=75,9,56,902,596902,,,410359,1.454584888,421494,1.416157763,-0.0005,0.7456,5.811516887,9.8707,13.2377,13.3198,11.52461,,,,,,,,,,,,,,,,,,,,,,,,,,,,,,,,,,,,,,,,,,,,,,,,,,,,,,,--,,,,,,,,,,,,,,,,,,,,,,,,,,,587,0.000000001643890251,0.0000002176130761,
🇧🇷,misfitmcsr,0,1,9:55.677,9:56.907,16 Dec 2023,880,(U),3052884545493129632,06,Yes,https://www.youtube.com/watch?v=OZaMvNf50tY,9,56,907,596907,,,410359,1.454597072,446254,1.337594733,-0.0005,0.6440,3.930379941,20.5309,31.8784,13.3145,11.52541,,,,,,,,,,,,,,,,,,,,,,,,,,,,,,,,,,,,,,,,,,,,,,,,,,,,,,,,,,,,,,,,,,,,,,,,,,,,,,,,,,,,,
🇨🇦,Aquacorde,0,0,9:56.926,9:56.926,27 Mar 2025,413,(U),5157843297046225006,,,https://www.youtube.com/watch?v=hGn2BSJHRhA,9,56,926,596926,,,410359,1.454643373,421494,1.416214703,-0.0005,0.8134,5.813124606,10.7593,13.2272,13.2945,11.52844,,,,,,,,,,,,,,,,,,,,,,,,,,,,,,,,,,,,,,,,,,,,,,,,,,,,,,,--,,,,,,,,,,,,,,,,,,,,,,,,,,,413,0.0008721931119,0.1153666732,
🇹🇿,Kxpow,0,0,9:55.380,9:56.965,01 May 2024,743,(U),unknown,,,https://www.youtube.com/watch?v=nCuW5wIlqNg,9,56,965,596965,,,410359,1.454738412,421494,1.416307231,-0.0005,0.6897,5.815737976,9.1110,13.2101,13.2534,11.53468,,,,,,,,,,,,,,,,,,,,,,,,,,,,,,,,,,,,,,,,,,,,,,,,,,,,,,,,,,,,,,,,,,,,,,,,,,,,,,,,,,,,,
🇨🇦,NoHacsJustRoblox,0,0,9:57.026,9:57.026,17 Apr 2024,757,(U),-3757955350309369688,,,https://www.youtube.com/watch?v=P8t-qbFZ-BY,9,57,26,597026,,,410359,1.454887062,421494,1.416451954,-0.0005,0.6849,5.819827611,9.0292,13.1835,13.1895,11.54444,,,,,,,,,,,,,,,,,,,,,,,,,,,,,,,,,,,,,,,,,,,,,,,,,,,,,,,--,,,,,,,,,,,,,,,,,,,,,,,,,,,757,0,0,
🇿🇦,Airpodsz,0,0,9:56.613,9:57.034,28 Apr 2025,381,(U),-8896362419824518776,,,https://www.youtube.com/watch?v=cr-Z9x-EDyQ&list=PLjW0OIc7zcEcCMM5essHmBGzf92S0FzKi&index=3,9,57,34,597034,,,410359,1.454906557,421494,1.416470934,-0.0005,0.8265,5.820364142,10.8939,13.1800,13.1811,11.54572,,,,,,,,,,,,,,,,,,,,,,,,,,,,,,,,,,,,,,,,,,,,,,,,,,,,,,,,,,,,,,,,,,,,,,,,,,,,,,,,,,,,,
🇮🇹,drip120,0,1,9:55.892,9:57.317,03 Jul 2023,1046,(V),2452531967130653073,,Yes,https://www.speedrun.com/mc/runs/z1lg9prm,9,57,317,597317,,,410359,1.455596197,465828,1.282269421,-0.0005,0.5927,2.949869699,28.4668,48.0259,12.8877,11.59110,,,,,,,,,,,,,,,,,,,,,,,,,,,,,,,,,,,,,,,,,,,,,,,,,,,,,,,--,,,,,,,,,,,,,,,,,,,,,,,,,,,1046,0,0,
🇳🇴,skycrab1,0,1,9:51.461,9:57.147,11 May 2023,1099,(U),2605522184157601882,,,https://www.youtube.com/watch?v=jYU7tFrq3Kw,9,57,147,597147,,,410359,1.455181926,465828,1.28190448,-0.0005,0.5772,2.944196915,27.7848,48.1340,13.0633,11.56382,,,,,,,,,,,,,,,,,,,,,,,,,,,,,,,,,,,,,,,,,,,,,,,,,,,,,,,--,,,,,,,,,,,,,,,,,,,,,,,,,,,1099,0,0,
🇰🇷,dwoh,0,1,9:55.109,9:57.474,13 Apr 2023,1126.583333,(V),6418322400071711774,06,Yes,https://www.speedrun.com/mc/run/zxn1np8m,9,57,474,597474,,,410359,1.455978789,465828,1.282606456,-0.0005,0.5693,2.955117294,27.2858,47.9260,12.7273,11.61634,,,,,,,,,,,,,,,,,,,,,,,,,,,,,,,,,,,,,,,,,,,,,,,,,,,,,,,,,,,,,,,,,,,,,,,,,,,,,,,,,,,,,
🇺🇸,doogile,0,0,9:56.917,9:57.529,17 Oct 2023,940,(U),-5689854122444057127,,,https://www.youtube.com/watch?v=2BCjNspgecU,9,57,529,597529,,,410359,1.456112818,465828,1.282724525,-0.0005,0.6250,2.956957581,29.9320,47.8910,12.6714,11.62520,,,,,,,,,,,,,,,,,,,,,,,,,,,,,,,,,,,,,,,,,,,,,,,,,,,,,,,--,,,,,,,,,,,,,,,,,,,,,,,,,,,940,0,0,
🇳🇴,skycrab1,0,0,9:56.188,9:57.562,02 Jun 2024,711,(U),3940068487217196837,,,https://www.youtube.com/watch?v=iAdpF0Sqc88&list=PLU3_fvoJ1GyMStiA29z37DUPtG47PvOJz&index=26,9,57,562,597562,,,410359,1.456193236,421494,1.417723621,-0.0005,0.7008,5.855870733,9.0763,12.9509,12.6380,11.63052,,,,,,,,,,,,,,,,,,,,,,,,,,,,,,,,,,,,,,,,,,,,,,,,,,,,,,,--,,,,,,,,,,,,,,,,,,,,,,,,,,,711,0,0,
🇳🇴,skycrab1,0,0,9:56.329,9:57.615,29 Aug 2024,623,(U),-4480279023059321104,,,https://www.youtube.com/watch?v=c_knIEDIN0Q&list=PLU3_fvoJ1GyMStiA29z37DUPtG47PvOJz&index=60,9,57,615,597615,,,410359,1.456322391,421494,1.417849364,-0.0005,0.7323,5.859445251,9.4678,12.9280,12.5845,11.63906,,,,,,,,,,,,,,,,,,,,,,,,,,,,,,,,,,,,,,,,,,,,,,,,,,,,,,,--,,,,,,,,,,,,,,,,,,,,,,,,,,,623,0,0.000000004074755397,
🇨🇦,wethr,0,1,9:57.367,9:57.696,21 Jun 2024,692,(V),-6145288381644357549,,,https://www.speedrun.com/mc/runs/m7nk21wz,9,57,696,597696,,,410359,1.456519779,421494,1.418041538,-0.0005,0.7075,5.86491187,9.1220,12.8931,12.5031,11.65212,,,,,,,,,,,,,,,,,,,,,,,,,,,,,,,,,,,,,,,,,,,,,,,,,,,,,,,,,,,,,,,,,,,,,,,,,,,,,,,,,,,,,
🇹🇿,Kxpow,0,0,9:57.510,9:57.747,16 Mar 2025,424,(U),2785234047287094459,,,https://www.youtube.com/watch?v=dlgVvN9lQsA,9,57,747,597747,,,410359,1.45664406,421494,1.418162536,-0.0005,0.8090,5.868356097,10.4123,12.8712,12.4520,11.66036,,,,,,,,,,,,,,,,,,,,,,,,,,,,,,,,,,,,,,,,,,,,,,,,,,,,,,,,,,,,,,,,,,,,,,,,,,,,,,,,,,,,,
🇳🇴,skycrab1,0,0,9:56.538,9:57.820,14 Aug 2024,638,(U),479487356210199051,,,https://www.youtube.com/watch?v=1M8TGn4UPXE&list=PLU3_fvoJ1GyMStiA29z37DUPtG47PvOJz&index=54,9,57,820,597820,,,410359,1.456821953,421494,1.41833573,-0.0005,0.7269,5.873289137,9.3329,12.8398,12.3793,11.67215,,,,,,,,,,,,,,,,,,,,,,,,,,,,,,,,,,,,,,,,,,,,,,,,,,,,,,,--,,,,,,,,,,,,,,,,,,,,,,,,,,,638,0,0.0000000006763750012,
🇸🇪,Crookst,0,0,9:57.002,9:57.919,08 Mar 2022,1528,(U),unknown,06,Yes,https://www.youtube.com/watch?v=vyr9SKotEcg,9,57,919,597919,,,410359,1.457063206,548820,1.089462848,-0.0005,0.4658,1.010871214,42.7152,91.7029,12.2811,11.68816,,,,,,,,,,,,,,,,,,,,,,,,,,,,,,,,,,,,,,,,,,,,,,,,,,,,,,,,,,,,,,,,,,,,,,,,,,,,,,,,,,,,,
🇸🇰,NoFear1337,0,0,9:54.437,9:57.999,09 Oct 2025,217,(U),unknown,,,https://www.youtube.com/watch?v=ksuzNN1cGZo,9,57,999,597999,,,410359,1.457258157,410359,1.457258157,-0.0005,0.8972,7.077911689,6.2428,6.9583,12.2023,11.70112,,,,,,,,,,,,,,,,,,,,,,,,,,,,,,,,,,,,,,,,,,,,,,,,,,,,,,,--,,,,,,,,,,,,,,,,,,,,,,,,,,,217,0.3599351869,25.04536907,
🇳🇴,skycrab1,0,0,9:57.276,9:58.045,20 Jun 2024,693,(U),1800265226031074073,,,https://www.youtube.com/watch?v=wnyuQs9XN68&list=PLU3_fvoJ1GyMStiA29z37DUPtG47PvOJz&index=35,9,58,45,598045,,,410359,1.457370254,421494,1.418869545,-0.0005,0.7072,5.88851647,9.0116,12.7434,12.1571,11.70857,,,,,,,,,,,,,,,,,,,,,,,,,,,,,,,,,,,,,,,,,,,,,,,,,,,,,,,--,,,,,,,,,,,,,,,,,,,,,,,,,,,693,0,0,
🇨🇦,sockmonkey747,0,0,8:57.801,9:58.333,25 Nov 2023,901,(U),-8427285629800657032,??,Yes,https://www.youtube.com/watch?v=3F5CGvGt_LI,9,58,333,598333,,,410359,1.458072078,465828,1.284450484,-0.0005,0.6373,2.98397553,30.1954,47.3795,11.8775,11.75533,,,,,,,,,,,,,,,,,,,,,,,,,,,,,,,,,,,,,,,,,,,,,,,,,,,,,,,,,,,,,,,,,,,,,,,,,,,,,,,,,,,,,
🇺🇸,meebie,0,0,9:57.945,9:58.412,03 Dec 2023,893,(U),unknown,,,https://www.youtube.com/watch?v=nh-UhStAL0s&list=PLaTJSsRuu2Ufk7cX7bUTt9V-IJxa8wqSM&index=7,9,58,412,598412,,,410359,1.458264593,465828,1.284620074,-0.0005,0.6399,2.986642055,30.2842,47.3292,11.8017,11.76819,,,,,,,,,,,,,,,,,,,,,,,,,,,,,,,,,,,,,,,,,,,,,,,,,,,,,,,--,,,,,,,,,,,,,,,,,,,,,,,,,,,893,0,0,
🇫🇮,Cube1337x,0,0,9:55.068,9:58.451,27 Jul 2022,1387,(U),1636443196252554241,09,Yes,https://www.youtube.com/watch?v=_NFvINz4TsM,9,58,451,598451,,,410359,1.458359631,548820,1.0904322,-0.0005,0.4998,1.01655953,45.7715,91.5754,11.7644,11.77454,,,,,,,,,,,,,,,,,,,,,,,,,,,,,,,,,,,,,,,,,,,,,,,,,,,,,,,,,,,,,,,,,,,,,,,,,,,,,,,,,,,,,
🇬🇧,ripfc,0,1,9:55.558,9:58.660,04 Nov 2022,1287,(X),-2253327910789881780,09,Yes,https://www.speedrun.com/mc/run/m3x8v5qm,9,58,660,598660,,,410359,1.458868942,517884,1.155973152,-0.0005,0.5255,1.479126926,42.4057,80.7035,11.5663,11.80863,,,,,,,,,,,,,,,,,,,,,,,,,,,,,,,,,,,,,,,,,,,,,,,,,,,,,,,,,,,,,,,,,,,,,,,,,,,,,,,,,,,,,
🇺🇸,doogile,0,0,9:56.283,9:58.776,24 Oct 2023,933,(U),-7334551745838915059,,,https://www.youtube.com/watch?v=m6JOuubXYqM,9,58,776,598776,,,410359,1.459151621,465828,1.285401479,-0.0005,0.6272,2.998955645,29.5392,47.0975,11.4575,11.82758,,,,,,,,,,,,,,,,,,,,,,,,,,,,,,,,,,,,,,,,,,,,,,,,,,,,,,,--,,,,,,,,,,,,,,,,,,,,,,,,,,,933,0,0,
🇺🇸,21MashedPotatoes,0,1,9:56.111,9:58.823,03 Sep 2023,984,(V),-1035469571452416469,06,Yes,https://www.speedrun.com/mc/runs/y865kpwm,9,58,823,598823,,,410359,1.459266155,465828,1.285502374,-0.0005,0.6114,3.000548863,28.7772,47.0675,11.4136,11.83527,,,,,,,,,,,,,,,,,,,,,,,,,,,,,,,,,,,,,,,,,,,,,,,,,,,,,,,,,,,,,,,,,,,,,,,,,,,,,,,,,,,,,
🇫🇮,Cube1337x,0,0,9:53.821,9:58.933,04 Aug 2022,1379,(U),1141273619118518696,09,Yes,https://www.youtube.com/watch?v=Et8CHmD6UpY,9,58,933,598933,,,410359,1.459534213,517884,1.156500297,-0.0005,0.5018,1.483535304,40.4459,80.5974,11.3115,11.85328,,,,,,,,,,,,,,,,,,,,,,,,,,,,,,,,,,,,,,,,,,,,,,,,,,,,,,,,,,,,,,,,,,,,,,,,,,,,,,,,,,,,,
🇳🇴,skycrab1,0,0,9:58.937,9:58.937,22 Jul 2025,296,(U),unknown,,,https://www.youtube.com/watch?v=GyLMFvz9RwQ&list=PLU3_fvoJ1GyMStiA29z37DUPtG47PvOJz&index=136,9,58,937,598937,,,410359,1.45954396,410359,1.45954396,-0.0005,0.8624,7.154890302,5.7646,6.6841,11.3078,11.85394,,,,,,,,,,,,,,,,,,,,,,,,,,,,,,,,,,,,,,,,,,,,,,,,,,,,,,,--,,,,,,,,,,,,,,,,,,,,,,,,,,,296,0.074762893,4.997239785,
🇨🇦,Mynski,0,0,9:59.220,9:59.220,06 Nov 2023,920,(V),7446447594827026325,??,No,https://youtu.be/mlR8Lt7uwx0?si=KURJjIfR69oRZ5Gs,9,59,220,599220,,,410359,1.4602336,465828,1.28635462,-0.0005,0.6313,3.014036446,29.5534,46.8148,11.0487,11.90039,,,,,,,,,,,,,,,,,,,,,,,,,,,,,,,,,,,,,,,,,,,,,,,,,,,,,,,,,,,,,,,,,,,,,,,,,,,,,,,,,,,,,
🇧🇾,MiGor,0,1,9:58.953,9:59.304,09 Mar 2023,1162,(V),-9045855264029833300,,,https://www.speedrun.com/mc/runs/ywvx7j9z,9,59,304,599304,,,410359,1.460438299,465828,1.286534944,-0.0005,0.5593,3.016897122,26.1554,46.7613,10.9727,11.91421,,,,,,,,,,,,,,,,,,,,,,,,,,,,,,,,,,,,,,,,,,,,,,,,,,,,,,,--,,,,,,,,,,,,,,,,,,,,,,,,,,,1162,0,0,
🇨🇦,dandannyboy,0,0,9:55.330,9:59.330,25 Mar 2023,1146,(U),5058479966883990032,09,Yes,https://www.youtube.com/watch?v=hGloyYoEpBY,9,59,330,599330,,,410359,1.460501658,465828,1.286590759,-0.0005,0.5638,3.017783057,26.3561,46.7447,10.9492,11.91849,,,,,,,,,,,,,,,,,,,,,,,,,,,,,,,,,,,,,,,,,,,,,,,,,,,,,,,,,,,,,,,,,,,,,,,,,,,,,,,,,,,,,
🇳🇴,skycrab1,0,0,9:59.434,9:59.434,03 Feb 2025,465,(U),1510017576030083045,,,https://www.youtube.com/watch?v=2hEq9CQ2tCI&list=PLU3_fvoJ1GyMStiA29z37DUPtG47PvOJz&index=113,9,59,434,599434,,,410359,1.460755095,421494,1.422164966,-0.0005,0.7925,5.983284291,9.6357,12.1579,10.8559,11.93563,,,,,,,,,,,,,,,,,,,,,,,,,,,,,,,,,,,,,,,,,,,,,,,,,,,,,,,--,,,,,,,,,,,,,,,,,,,,,,,,,,,465,0.00004299346201,0.005227081004,
🇵🇱,okshey,0,0,9:58.895,9:59.567,11 Oct 2025,215,(U),unknown,,,https://www.youtube.com/watch?v=8dxPz9_7hnI,9,59,567,599567,,,410359,1.461079201,410359,1.461079201,-0.0005,0.8981,7.206999982,5.8413,6.5042,10.7374,11.95758,,,,,,,,,,,,,,,,,,,,,,,,,,,,,,,,,,,,,,,,,,,,,,,,,,,,,,,,,,,,,,,,,,,,,,,,,,,,,,,,,,215,0.370153498,24.07565342,
🇺🇸,Dav1E,0,1,9:56.187,9:59.801,04 Mar 2023,1167,(V),-4842662315057252519,,,https://www.speedrun.com/mc/runs/ydglnxxy,9,59,801,599801,,,410359,1.461649434,465828,1.287601862,-0.0005,0.5579,3.033872091,25.9135,46.4448,10.5316,11.99627,,,,,,,,,,,,,,,,,,,,,,,,,,,,,,,,,,,,,,,,,,,,,,,,,,,,,,,--,,,,,,,,,,,,,,,,,,,,,,,,,,,1167,0,0,
🇬🇧,biased,0,1,9:59.077,9:59.852,20 Aug 2023,997.5208333,(V),-3140469198043345700,12,Yes,https://www.speedrun.com/mc/runs/z1l4jgjm,9,59,852,599852,,,410359,1.461773715,465828,1.287711344,-0.0005,0.6073,3.035618769,28.1854,46.4123,10.4872,12.00472,,,,,,,,,,,,,,,,,,,,,,,,,,,,,,,,,,,,,,,,,,,,,,,,,,,,,,,,,,,,,,,,,,,,,,,,,,,,,,,,,,,,,
🇹🇿,Kxpow,0,0,9:57.406,9:59.883,13 Nov 2023,913,(U),2010962759059367227,,,https://www.youtube.com/watch?v=Um24X3kHXaQ,9,59,883,599883,,,410359,1.461849259,465828,1.287777892,-0.0005,0.6335,3.036680911,29.3895,46.3925,10.4603,12.00986,,,,,,,,,,,,,,,,,,,,,,,,,,,,,,,,,,,,,,,,,,,,,,,,,,,,,,,,,,,,,,,,,,,,,,,,,,,,,,,,,,913,0,0,
🇧🇷,sanjinhu,0,1,9:55.617,9:59.887,16 Jun 2023,1063,(V),216474505679534839,04,Yes,https://www.speedrun.com/mc/run/mel4ee8z,9,59,887,599887,,,410359,1.461859006,465828,1.287786479,-0.0005,0.5877,3.036817986,27.2644,46.3900,10.4568,12.01052,,,,,,,,,,,,,,,,,,,,,,,,,,,,,,,,,,,,,,,,,,,,,,,,,,,,,,,,,,,,,,,,,,,,,,,,,,,,,,,,,,,,,
🇸🇰,NoFear1337,0,0,9:59.977,9:59.977,26 Jul 2023,1023,(U),unknown,,,https://www.youtube.com/watch?v=jIXSA_OzqEo,9,59,977,599977,,,410359,1.462078327,465828,1.287979683,-0.0005,0.5996,3.039903614,27.7809,46.3327,10.3790,12.02545,,,,,,,,,,,,,,,,,,,,,,,,,,,,,,,,,,,,,,,,,,,,,,,,,,,,,,,--,,,,,,,,,,,,,,,,,,,,,,,,,,,1023,0,0,
,test,0,1,9:59.977,9:59.977,01 Jan 2021,1959,,,,,,,,,,,,,,,,,,,,,,,,,,,,,,,,,,,,,,,,,,,,,,,,,,,,,,,,,,,,,,,,,,,,,,,,,,,,,--,,,,,,,,,,,,,,,,,,,,,,,,,,,1959,,,
,test,0,1,9:59.977,9:59.977,30 Dec 1899,46156,,,,,,,,,,,,,,,,,,,,,,,,,,,,,,,,,,,,,,,,,,,,,,,,,,,,,,,,,,,,,,,,,,,,,,,,,,,,,--,,,,,,,,,,,,,,,,,,,,,,,,,,,46156,,,
,,0,0,,,30 Dec 1899,,,,,,,,,,,,,,,,,,,,,,,,,,,,,,,,,,,,,,,,,,,,,,,,,,,,,,,,,,,,,,,,,,,,,,,,,,,,,,--,,,,,,,,,,,,,,,,,,,,,,,,,,,,,,
,,0,0,,,30 Dec 1899,,,,,,,,,,,,,,,,,,,,,,,,,,,,,,,,,,,,,,,,,,,,,,,,,,,,,,,,,,,,,,,,,,,,,,,,,,,,,,--,,,,,,,,,,,,,,,,,,,,,,,,,,,,,,
,,0,0,,,30 Dec 1899,,,,,,,,,,,,,,,,,,,,,,,,,,,,,,,,,,,,,,,,,,,,,,,,,,,,,,,,,,,,,,,,,,,,,,,,,,,,,,--,,,,,,,,,,,,,,,,,,,,,,,,,,,,,,
,,0,0,,,30 Dec 1899,,,,,,,,,,,,,,,,,,,,,,,,,,,,,,,,,,,,,,,,,,,,,,,,,,,,,,,,,,,,,,,,,,,,,,,,,,,,,,--,,,,,,,,,,,,,,,,,,,,,,,,,,,,,,