,DM hlswan if smthing is wrong,,,,,,,MINECRAFT 1.16+ RSG ANY% SUB-10 LEADERBOARD,,,,,,,,,OVERWORLD,,,,,FIRST STRUCTURE,,,,,SECOND STRUCTURE,,,,BLAZE RATES,,,,S2-E1,ALL RODS?,NETHER EXITS,OVERWORLD II,,,,,,,,,,,THEOR BLIND,NETHER SPLIT,TOTAL NETHER,TOTAL OW2,POST BLIND,STRUC2 TO FINISH,STRUC2 EX TO SH,STRONGHOLD,,,FRAMES FILLED,THE END,,,,,,,,,,,,Bastion Information,,,,Barter/Chest Loot Information,,,,,,TIMELOSS
,last updated 2/17/26,,,,,WR,PB,,,,,,,,,,TYPE,,PORTAL,NETHER,NE-S1,ENTER,TYPE,SPLIT,EXIT,S1-S2,ENTER,TYPE,SPLIT,EXIT,,DROPPED,KILLED,DECIMAL,,,,EXIT 1,TYPE,TRIANG,THROWN,BREAK,LEFT,T LOSS,REENTER,TO 2ND,DIST,EXIT 2,,,,,,,,ENTER,STRAT,SPLIT,,ENTER,STRAT,X USED,ZERO XPLOSIVES,PERCH XPLOSIVES,CG,NODE,TH,TOWER,SH,SPLIT,CREDITS,TYPE,ROUTE,CC,INFO,Obi,String,Glowst,Arrows,Pearls,Cobi,
,📃,🏆,🎌,,  RUNNER,,,IGT,RTT,DATE,SRC,SEED,INST,CALC,VIDEO,,--,,--,1:25,0:28,1:53,--,1:40,3:32,0:17,3:49,--,1:17,5:07,5/7,,,,0:26,--,1.889,4:53,--,0:01,1.185185185,0.07407407407,0.1481481481,0.2222222222,5:14,#VALUE!,1001.4,5:56,0:14,3:28,4:31,0:04,2:18,3:32,0:56,6:03,--,0:21,1.592592593,6:24,--,5,,,--,--,89.42857143,,95,0:58,7:21,--,--,4.074074074,--,22.41,80.70,34.85,21.11,31.30,22.37,
,1,1,,lowkey,,✔,✔,6:48.508,6:50.359,11 Jun 2025,(V),-8717682453392808086,,Yes,https://www.speedrun.com/mc/runs/m7l7960y,,BT,,2x1 Magma,1:39,0:23,2:02,Bridge,1:58,4:00,0:00,4:00,Fort,0:32,4:32,6/6,6,6,1.00,0:12,Yes,2,4:44,Calc,0:25,2,0,0,0,5:09,0:33,1289,5:42,4:44,3:05,4:03,1:12,2:04,2:48,1:10,5:42,Prempt,0:14,1,5:56,Zero,6,6,,O,B Diag,85,M85,99,0:52,6:48,Bridge,DK,6,DT,28,82,22,40,,24,"Nether enter, bastion split, stronghold distance"
,2,2,🇨🇦,Jay12310,,,✔,6:56.051,6:56.731,04 Feb 2026,(Q),6044301913007956989,,,https://www.youtube.com/watch?v=4sFehCZWJv4,,BT,,2x1 Magma,1:08,0:28,1:36,Stables,2:00,3:36,0:03,3:39,Fort,1:49,5:28,6/12,6,12,0.50,--,No,2,4:59,Calc,0:11,1,0,1,1,5:10,0:23,739,5:51,5:17,3:51,4:43,0:47,1:39,3:17,0:23,5:51,Prempt,0:13,1,6:04,Zero,5,5,,B57,F Diag,83,Small Cage,94,0:52,6:56,Stables,GAP,1,B-TST,20,60,30,0,28,16,"bastion split, fortress split, rates"
,3,3,🇮🇹,drip120,,✔,✔,7:00.799,7:01.494,03 Jan 2024,(V),8802654848425114236,15,Yes,https://www.speedrun.com/mc/run/y8ko8qny,,BT,,2x1 Magma,1:18,0:15,1:33,Treasure,1:38,3:11,0:21,3:32,Fort,1:25,4:57,6/9,6,9,0.67,--,No,2,4:26,Calc,0:27,1,0,0,0,4:53,0:25,821,5:22,4:30,3:08,4:04,1:14,2:30,3:28,0:25,5:22,Prempt,0:22,0,5:44,Perch,5,,5,O,--,--,--,--,1:16,7:00,Treasure,BOOMR,4,8/12,21,70,26,0,,22,"fort distance, perch"
,4,4,🇨🇦,Aquacorde,,,✔,7:08.699,7:08.699,10 Mar 2026,(Q),2129033182999502069,,,https://www.youtube.com/watch?v=zhRaEdGVzsQ,,BT,✔,2x1 Magma,1:29,0:07,1:36,Housing,1:37,3:13,0:12,3:25,Fort,1:04,4:29,6/10,6,10,0.60,0:12,Yes,2,4:41,Calc,0:15,1,0,0,0,4:56,1:07,1773,6:03,4:41,3:12,4:34,1:39,2:27,3:43,1:34,6:03,Prempt,0:17,1,6:20,Zero,5,,,O,B 1/8,--,--,93,0:48,7:08,Housing,TOPD,3,--,24,67,31,53,58,13,"rates, terrain to sh"
,5,5,🇺🇦,loodlow,,,✔,7:10.076,7:11.350,21 Oct 2025,(V),-1058044179150873683,,Yes,https://www.speedrun.com/mc/runs/ydo05ojz,,BT,,2x1 Magma,1:31,0:35,2:06,Housing,1:45,3:51,0:05,3:56,Fort,0:37,4:33,6/7,6,7,0.86,0:13,Yes,1,4:46,Blind,1:05,1,0,0,0,--,--,136,4:46,4:46,3:15,3:15,1:34,2:24,3:14,1:18,5:51,Prempt,0:29,0,6:20,Zero,5,5,,O,B Diag,103,Tall Boi,95,0:50,7:10,Housing,TOPD,5,TR,23,80,25,15,,32,"nav, having to dig down"
,6,-,,🇨🇦,Aquacorde,,✔,7:09.181,7:12.114,16 Feb 2026,(Q),-6645733506759892987,,,https://www.youtube.com/watch?v=VAccioV5iEA,,BT,,RP,1:08,0:48,1:56,Bridge,2:04,4:00,0:11,4:11,Fort,1:15,5:26,7/10,7,10,0.70,0:10,Yes,1,5:36,Blind,0:41,2,0,0,0,--,--,180,5:36,5:36,4:28,4:28,0:47,1:33,2:58,0:51,6:17,OEPR,0:06,1,6:23,Zero,5,5,,O,B Diag,91,M91,99,0:46,7:09,Bridge,DK,4,TS,18,109,19,19,24,30,
,7,6,🇩🇰,Bloopy,,,✔,7:13.157,7:13.157,16 Oct 2025,(V),-5449384532227041969,,Yes,https://www.speedrun.com/mc/runs/yv535lom,,BT,,2x1 Magma,1:03,0:24,1:27,Housing,1:49,3:16,0:12,3:28,Fort,1:14,4:42,5/9,5,9,0.56,0:15,Yes,1,4:57,Blind,1:11,1,0,0,0,--,--,587,4:57,4:57,3:54,3:54,1:23,2:16,3:45,1:26,6:08,OEPR,0:12,2,6:20,Zero,6,6,,O,F Diag,103,Tall Boi,95,0:53,7:13,Housing,MANH,3,TS,18,108,43,44,,16,
,8,7,🇵🇱,watermelon1708,,,✔,7:16.326,7:16.326,07 Dec 2025,(Q),-3009416634026052013,,Yes,https://www.youtube.com/watch?v=MBTsE0EC0q0,,BT,,2x1 Magma,1:24,0:05,1:29,Bridge,1:59,3:28,0:15,3:43,Fort,2:02,5:45,6/14,6,14,0.43,--,No,2,5:17,Calc,0:20,1,0,0,0,5:37,0:25,671,6:10,5:25,3:53,4:46,1:01,1:50,3:32,0:25,6:10,Prempt,0:16,2,6:26,Zero,6,6,,O,F Diag,91,M91,99,0:49,7:15,Bridge,SOOG,4,RT,21,128,60,12,32,49,
,9,8,🇳🇴,skycrab1,,,✔,7:16.474,7:16.560,02 Jan 2026,(Q),-8753882162041693203,,Yes,https://youtu.be/RLqLbCwTQWM?si=OdjKGudQYJtaeVd_,,BT,,2x1 Magma,1:47,0:16,2:03,Treasure,1:40,3:43,0:29,4:12,Fort,1:13,5:25,6/9,6,9,0.67,--,No,2,4:56,Calc,0:15,1,0,0,0,5:11,0:30,1066,5:55,5:10,3:09,4:08,1:14,2:04,3:02,0:30,5:55,Prempt,0:29,3,6:24,Zero,6,6,,O,F Diag,88,M88,99,0:50,7:14,Treasure,BOOMR,4,--,22,110,45,31,29,21,
,10,9,🇨🇦,NoHacsJustRoblox,,,✔,7:21.808,7:22.283,29 Apr 2024,(V),8722833245086318634,,Yes,https://www.speedrun.com/mc/runs/z58ewkez,,BT,,2x1 Magma,1:13,0:25,1:38,Bridge,1:40,3:18,0:24,3:42,Fort,0:59,4:41,6/9,6,9,0.67,0:02,Yes,2,4:39,Calc,0:14,1,0,1,1,4:53,0:41,1939,5:34,4:39,3:26,4:21,1:16,2:42,3:39,0:53,5:34,Prempt,0:21,1,5:55,F.PC,4,,4,B57,--,--,--,--,1:26,7:21,Bridge,OLD,3,--,24,49,35,0,,11,
,11,-,,🇳🇴,skycrab1,,✔,7:22.684,7:23.784,19 Apr 2024,(V),6338107534563615641,,Yes,https://www.speedrun.com/mc/runs/mew18n2m,,BT,,1x1 Magma,1:49,0:05,1:54,Housing,1:51,3:45,0:26,4:11,Fort,0:30,4:41,6/7,6,7,0.86,0:09,Yes,2,4:50,Calc,0:25,1,0,0,0,5:15,0:55,1439,6:10,4:50,3:01,4:21,1:38,2:32,3:11,1:29,6:10,Prempt,0:18,2,6:28,Zero,7,7,,O,F Diag,94,T94,99,0:54,7:22,Housing,MANJ,5,DT,21,57,56,0,,38,
,12,-,,🇨🇦,Aquacorde,,✔,7:24.170,7:24.170,16 Oct 2025,(V),-1813865513517318496,,Yes,https://www.speedrun.com/mc/runs/ydo6pewz,,BT,,2x1 Magma,1:16,0:38,1:54,Housing,1:43,3:37,0:39,4:16,Fort,1:25,5:41,6/8,6,8,0.75,--,No,2,5:11,Calc,0:22,2,0,0,0,5:33,0:34,867,6:15,5:19,3:55,4:59,1:17,2:05,3:08,0:34,6:15,Prempt,0:21,1,6:36,Zero,5,5,,H,F Diag,86,Tall Cage,99,0:48,7:24,Housing,TOPD,3,--,27,75,18,46,,26,
,13,10,🇸🇰,NoFear1337,,✔,✔,7:24.504,7:26.283,08 Dec 2023,(V),-8415980398606239765,12,Yes,https://www.speedrun.com/mc/run/m7308v9y,,BT,,RP,1:39,0:33,2:12,Treasure,1:50,4:02,0:19,4:21,Fort,0:34,4:55,5/6,5,6,0.83,0:06,Yes,2,5:01,HP,0:36,2,0,0,0,5:37,0:36,1489,6:13,5:01,3:22,4:34,1:28,2:23,3:03,1:18,6:13,Prempt,0:16,4,6:29,Zero,6,6,,O,F Diag,85,M85,95,0:55,7:24,Treasure,BOOMR,4,8/10,10,121,55,25,44,26,
,14,11,🇫🇮,AndrewCrow,,,✔,7:28.358,7:28.874,17 Feb 2026,(Q),todo,,,https://www.youtube.com/watch?v=RNTNMHEVNBo,,BT,,2x1 Magma,1:25,0:36,2:01,Bridge,1:53,3:54,0:13,4:07,Fort,0:52,4:59,6/7,6,7,0.86,0:09,Yes,2,5:08,Calc,0:30,1,0,0,0,5:38,0:44,1131,6:22,5:08,3:43,4:57,1:26,2:20,3:21,1:23,6:22,N/A,0:12,2,6:34,Zero,7,7,,O,F Diag,91,M91,99,0:54,7:28,Bridge,CRKSMK,3,--,29,94,36,26,32,27,
,15,-,,🇨🇦,Jay12310,,✔,7:28.256,7:29.121,02 Aug 2024,(V),-6421260664080147265,,Yes,https://www.speedrun.com/mc/runs/y8prdrxz,,BT,,2x1 Magma,1:48,0:28,2:16,Fort,0:37,2:53,0:20,3:13,Housing,1:55,5:08,5/6,5,6,0.83,--,No,2,4:23,Calc,0:17,1,0,0,0,4:40,0:42,600,5:50,4:51,2:35,4:02,1:42,2:37,4:15,0:42,5:50,Prempt,0:43,3,6:33,Zero,6,6,,O,F Diag,86,Tall Cage,95,0:55,7:28,Housing,MANH,3,--,22,70,19,0,14,22,
,16,12,🇩🇪,jason_n,,,✔,7:29.374,7:29.374,06 Oct 2024,(V),-4936383011000236174,,Yes,https://www.speedrun.com/mc/runs/znxxp6vy,,BT,,Lava Pool,1:26,1:00,2:26,Stables,1:20,3:46,0:13,3:59,Fort,1:29,5:28,6/9,6,9,0.67,--,No,2,5:06,Calc,0:17,1,0,0,0,5:23,0:23,349,5:51,5:11,3:40,4:25,1:18,2:18,3:30,0:31,5:59,Prempt,0:38,1,6:37,Zero,5,5,,H,F Diag,88,M88,95,0:52,7:29,Stables,DBTRPL,6,--,21,63,6,0,52,17,
,17,13,🇫🇮,sadekeppi,,,✔,7:29.931,7:29.931,02 Apr 2025,(V),6582471955859004032,,Yes,https://www.speedrun.com/mc/runs/z5l4r5gy,,BT,,2x1 Magma,1:23,0:31,1:54,Housing,1:46,3:40,0:19,3:59,Fort,0:51,4:50,6/7,6,7,0.86,0:10,Yes,2,5:00,Calc,0:44,1,0,0,0,5:44,0:25,583,6:09,5:00,3:37,4:46,1:38,2:29,3:30,1:19,6:09,Prempt,0:29,1,6:38,Zero,6,6,,O,F Diag,91,M91,99,0:51,7:29,Housing,MANH,5,--,40,57,8,14,23,1,
,18,14,🇺🇸,doogile,,,✔,7:29.752,7:30.439,12 Dec 2023,(V),-8404662731985464270,18,Yes,https://www.speedrun.com/mc/runs/m3kq8ddy,,SH,,RP,1:46,0:35,2:21,Housing,1:28,3:49,0:31,4:20,Fort,0:31,4:51,5/7,5,7,0.71,0:12,Yes,2,5:03,HP,0:27,1,0,0,0,5:30,0:35,1102,6:05,5:03,3:17,4:19,1:12,2:26,3:09,1:14,6:05,Prempt,0:10,2,6:15,F.Zero,5,,5,B56,F Diag,91,M91,--,1:14,7:29,Housing,MANH,3,--,17,68,15,25,33,21,
,19,-,,🇵🇱,watermelon1708,,✔,7:30.263,7:30.682,04 Dec 2025,(U),-8027616666562891938,,Yes,https://www.youtube.com/watch?v=zaVHr65a7Uk&list=PLZ59bMb0zBUSR6W9smbN1LDkQJlGfPEUk&index=4,,BT,,2x1 Magma,1:12,0:57,2:09,Housing,1:34,3:43,0:10,3:53,Fort,1:47,5:40,5/9,5,9,0.56,--,No,2,5:13,Calc,0:13,1,0,1,1,5:26,0:37,1450,6:17,5:27,4:01,5:05,1:12,2:03,3:37,0:37,6:17,Prempt,0:22,1,6:39,Zero,5,5,,H,F Diag,85,M85,95,0:51,7:30,Housing,TOPD,5,DT,24,57,65,42,19,32,
,20,15,🇺🇸,itsnahan,,,✔,7:32.783,7:32.783,04 Jun 2025,(V),4115833317145621618,,Yes,https://www.speedrun.com/mc/runs/zqp1639m,,BT,,Lava Pool,1:31,0:10,1:41,Bridge,1:58,3:39,0:14,3:53,Fort,1:07,5:00,5/11,5,11,0.45,0:17,Yes,2,5:17,Calc,0:36,1,0,0,0,5:53,0:29,unknown,6:22,5:17,3:46,4:51,1:23,2:15,3:39,1:22,6:22,Prempt,0:18,2,6:40,Zero,6,6,,O,B Diag,85,M85,95,0:52,7:32,Bridge,SOOG,3,DT,24,101,40,32,30,30,
,21,-,,🇳🇴,skycrab1,,🗙,7:25.567,7:32.827,19 Aug 2024,(U),4927231128345776418,,Yes,https://www.youtube.com/watch?v=87ruBPBpgbg&list=PLU3_fvoJ1GyMStiA29z37DUPtG47PvOJz&index=57,,BT,,2x1 Magma,1:13,0:37,1:50,Bridge,1:59,3:49,0:14,4:03,Fort,0:45,4:48,6/11,6,11,0.55,0:10,Yes,2,4:58,Calc,0:19,1,0,0,0,5:17,0:45,1485,6:02,4:58,3:45,4:49,1:28,2:27,3:22,1:14,6:02,Prempt,0:24,2,6:26,Zero,6,6,,O,B Diag,76,Small Boi,90,0:59,7:25,Bridge,OLD,6,DT,20,135,72,0,35,29,
,22,-,,🇸🇰,NoFear1337,,🗙,7:29.999,7:32.999,21 Jan 2024,(U),1330456095954625394,,Yes,https://www.youtube.com/watch?v=u1WAriPLZMQ,,BT,,2x1 Magma,1:23,0:13,1:36,Housing,1:00,2:36,0:15,2:51,Fort,2:19,5:10,6/12,6,12,0.50,--,No,2,3:42,Calc,0:27,1,0,0,0,4:09,0:33,198,5:43,4:43,2:19,4:20,1:19,2:46,4:38,0:33,5:43,Prempt,0:19,1,6:02,Perch,4,,4,B58,--,--,--,--,1:27,7:29,Housing,MANH,3,--,20,56,0,0,17,8,
,23,16,🇵🇱,kazzruns,,,✔,7:33.804,7:33.804,24 Jul 2025,(V),-5890829594904468442,,Yes,https://www.speedrun.com/mc/runs/yjqo30nm,,BT,,2x1 Magma,1:13,0:14,1:27,Stables,1:39,3:06,0:09,3:15,Fort,01:46,5:01,6/8,6,8,0.75,--,No,2,4:20,Calc,0:23,2,1,1,2,4:43,1:13,2302,6:14,4:38,3:07,5:01,1:56,2:55,4:18,1:13,6:14,Prempt,0:20,2,6:34,Perch,5,,5,O,--,--,--,--,0:59,7:33,Stables,DBTRPL,7,TTD,20,72,20,33,17,13,
,24,-,,🇨🇦,Aquacorde,,🗙,7:34.421,7:34.056,03 Mar 2026,(U),6573117783169949946,,,https://www.youtube.com/watch?v=l__1dhyvdjw,,BT,✔,Lava Pool,1:01,0:16,1:17,Housing,1:24,2:41,1:04,3:45,Fort,02:20,6:05,5/12,5,12,0.42,--,No,2,4:42,Calc,0:17,1,0,0,0,4:59,0:32,333,6:37,5:48,3:41,5:36,1:02,1:46,3:49,0:32,6:37,Prempt,0:13,3,6:50,Zero,4,,,O,F Diag,88,M88,99,0:44,7:34,Housing,MANH,3,--,23,31,44,26,47,23,
,25,-,,🇺🇸,itsnahan,,🗙,7:34.447,7:34.546,19 Dec 2025,(U),-7173684177694873982,,Yes,https://www.youtube.com/watch?v=1_O9cZzkKpk,,BT,,2x1 Magma,1:24,0:34,1:58,Housing,1:45,3:43,0:04,3:47,Fort,02:09,5:56,6/7,6,7,0.86,--,No,2,5:07,Calc,0:16,1,0,0,0,5:23,0:24,unknown,6:20,5:40,3:43,4:56,1:02,1:54,3:47,0:24,6:20,Prempt,0:22,1,6:42,Zero,6,6,,O,F 1/8,--,--,92,0:52,7:34,Housing,TOPD,8,DBTRPL,35,128,49,25,26,14,
,26,17,🇦🇿,KenanKardes,,,✔,7:35.447,7:34.838,13 Sep 2024,(V),5361864572335160821,,Yes,https://www.speedrun.com/mc/runs/zx0e765z,,BT,✔,2x1 Magma,1:37,0:52,2:29,Housing,1:14,3:43,0:15,3:58,Fort,01:50,5:48,6/9,6,9,0.67,--,No,2,5:17,Calc,0:12,1,1,0,1,5:29,0:28,895,6:16,5:36,3:40,4:39,1:12,1:59,3:37,0:28,6:16,Prempt,0:32,1,6:48,Zero,4,4,,B56,F Diag,91,M91,95,0:47,7:35,Housing,MANH,3,DBTRPL,20,79,54,27,34,19,
,27,-,,🇩🇪,jason_n,,🗙,7:36.562,7:36.562,27 Dec 2025,(U),5101166286806026119,,Yes,https://www.youtube.com/watch?v=PIIJU2GwFP4&list=PLZ59bMb0zBUSR6W9smbN1LDkQJlGfPEUk&index=1,,BT,,2x1 Magma,1:20,0:32,1:52,Housing,1:39,3:31,0:03,3:34,Fort,0:26,4:00,5/6,5,6,0.83,0:23,Yes,2,4:23,HP,0:36,1,0,0,0,4:59,0:32,1611,5:31,4:23,3:03,4:11,1:36,3:13,4:02,1:31,5:31,Prempt,0:28,2,5:59,F.Zero,5,,5,O,B Diag,97,T97(F),--,1:37,7:36,Housing,MANH,3,N/A,13,52,48,35,32,24,
,28,-,,🇩🇪,jason_n,,🗙,7:38.273,7:38.273,12 Nov 2025,(U),2886416364403862215,,Yes,https://www.youtube.com/watch?v=bA3Sck4VKWw,,BT,✔,2x1 Magma,,,,,,,,,,,,,,,,0:00,,,,,0:00,,,,,,0:00,,,0:00,,,0:00,,,,,,,,,,,,,,,,,,,,,,,,,,,,,,
,29,-,,🇩🇰,Bloopy,,✔,7:35.809,7:38.482,28 Nov 2024,(V),-7640184333545180122,,Yes,https://www.speedrun.com/mc/runs/zxj96rqy,,,,,,,,,,,,,,,,,,,,0:00,,,,,0:00,,,,,,0:00,,,0:00,,,0:00,,,,,,,,,,,,,,,,,,,,,,,,,,,,,,
,30,-,,🇳🇴,skycrab1,,🗙,7:39.667,7:39.667,08 Mar 2026,(U),488777781406333665,,,https://www.youtube.com/watch?v=bCf8wapBEIU,,,,,,,,,,,,,,,,,,,,0:00,,,,,0:00,,,,,,0:00,,,0:00,,,0:00,,,,,,,,,,,,,,,,,,,,,,,,,,,,,,
,31,18,🇺🇸,Infume,,,✔,7:39.778,7:39.778,06 Jun 2025,(Q),-8467677866844055286,,,https://www.youtube.com/watch?v=UnKMvsVNbYU,,,,,,,,,,,,,,,,,,,,0:00,,,,,0:00,,,,,,0:00,,,0:00,,,0:00,,,,,,,,,,,,,,,,,,,,,,,,,,,,,,
,32,-,,🇺🇸,doogile,,🗙,7:38.813,7:40.190,19 Oct 2025,(U),-6371149676202072948,,Yes,https://www.youtube.com/watch?v=HUv4d3f0b0Y,,,,,,,,,,,,,,,,,,,,0:00,,,,,0:00,,,,,,0:00,,,0:00,,,0:00,,,,,,,,,,,,,,,,,,,,,,,,,,,,,,
,33,-,,🇳🇴,skycrab1,,🗙,7:39.953,7:41.343,19 Dec 2025,(U),9053135870907266934,,Yes,https://www.youtube.com/watch?v=9YRVwmSP0e4&list=PLU3_fvoJ1GyMStiA29z37DUPtG47PvOJz&index=162,,,,,,,,,,,,,,,,,,,,0:00,,,,,0:00,,,,,,0:00,,,0:00,,,0:00,,,,,,,,,,,,,,,,,,,,,,,,,,,,,,
,34,19,🇹🇿,Kxpow,,,✔,7:41.490,7:41.490,05 Oct 2025,(V),3413784149860051440,,Yes,https://www.speedrun.com/mc/runs/y2rqdr6m,,,,,,,,,,,,,,,,,,,,0:00,,,,,0:00,,,,,,0:00,,,0:00,,,0:00,,,,,,,,,,,,,,,,,,,,,,,,,,,,,,
,35,20,🇬🇧,priffie,,,✔,7:43.529,7:43.909,24 Oct 2024,(V),-3978494106932821584,,Yes,https://www.speedrun.com/mc/runs/y6e87kpz,,,,,,,,,,,,,,,,,,,,0:00,,,,,0:00,,,,,,0:00,,,0:00,,,0:00,,,,,,,,,,,,,,,,,,,,,,,,,,,,,,
,36,21,🇸🇪,PAPLERR,,,🗙,7:45.368,7:45.368,15 May 2025,(V),2933743551005337304,,Yes,https://www.speedrun.com/mc/runs/zngk8olm,,,,,,,,,,,,,,,,,,,,0:00,,,,,0:00,,,,,,0:00,,,0:00,,,0:00,,,,,,,,,,,,,,,,,,,,,,,,,,,,,,
,37,22,🇫🇷,M4xx,,,✔,7:45.390,7:45.390,04 Mar 2026,(Q),805412740251903790,,,https://www.youtube.com/watch?v=dBMHGH7DJCc,,,,,,,,,,,,,,,,,,,,0:00,,,,,0:00,,,,,,0:00,,,0:00,,,0:00,,,,,,,,,,,,,,,,,,,,,,,,,,,,,,
,38,23,🇹🇷,Ancoboy,,,✔,7:40.016,7:45.590,11 Dec 2025,(Q),unknown,,,https://www.youtube.com/watch?v=cFhBNA3Khpg&list=PLNlBsWHYU3zCJ5XoAac-T3YF54AvqfXXn&index=42,,,,,,,,,,,,,,,,,,,,0:00,,,,,0:00,,,,,,0:00,,,0:00,,,0:00,,,,,,,,,,,,,,,,,,,,,,,,,,,,,,
,39,24,🇺🇸,Zylenox,,✔,✔,7:42.999,7:45.828,07 Feb 2023,(V),7499203634667178692,15,Yes,https://www.speedrun.com/mc/run/zg2q0lny,,,,,,,,,,,,,,,,,,,,0:00,,,,,0:00,,,,,,0:00,,,0:00,,,0:00,,,,,,,,,,,,,,,,,,,,,,,,,,,,,,
,40,25,🇮🇱,orachi,,,✔,7:43.169,7:47.566,08 Jul 2025,(V),4897417229505621926,,Yes,https://www.speedrun.com/mc/runs/me2eeo2m,,,,,,,,,,,,,,,,,,,,0:00,,,,,0:00,,,,,,0:00,,,0:00,,,0:00,,,,,,,,,,,,,,,,,,,,,,,,,,,,,,
,41,26,🇺🇸,meebie,,,✔,7:49.598,7:47.588,23 Nov 2024,(V),-6994443511834809581,,Yes,https://www.speedrun.com/mc/runs/y4lpk63z,,,,,,,,,,,,,,,,,,,,0:00,,,,,0:00,,,,,,0:00,,,0:00,,,0:00,,,,,,,,,,,,,,,,,,,,,,,,,,,,,,
,42,-,,🇳🇴,skycrab1,,🗙,7:48.043,7:48.043,24 Apr 2025,(U),9061699410068612393,,Yes,https://www.youtube.com/watch?v=GoPCnP2PyWo&list=PLU3_fvoJ1GyMStiA29z37DUPtG47PvOJz&index=121,,,,,,,,,,,,,,,,,,,,0:00,,,,,0:00,,,,,,0:00,,,0:00,,,0:00,,,,,,,,,,,,,,,,,,,,,,,,,,,,,,
,43,-,,🇦🇿,KenanKardes,,🗙,7:46.865,7:48.393,21 Aug 2025,(U),-11765461984395005,,Yes,https://www.youtube.com/watch?v=iKXaGZ3zmX8,,,,,,,,,,,,,,,,,,,,0:00,,,,,0:00,,,,,,0:00,,,0:00,,,0:00,,,,,,,,,,,,,,,,,,,,,,,,,,,,,,
,44,-,,🇹🇿,Kxpow,,✔,7:48.623,7:48.623,09 Jun 2025,(V),692932803524010650,,Yes,https://www.speedrun.com/mc/runs/zpo1xonm,,,,,,,,,,,,,,,,,,,,0:00,,,,,0:00,,,,,,0:00,,,0:00,,,0:00,,,,,,,,,,,,,,,,,,,,,,,,,,,,,,
,45,27,🇸🇪,v_strid,,,✔,7:49.149,7:49.149,08 Jun 2025,(V),6117620716132541251,,Yes,https://www.speedrun.com/mc/runs/yw2qgp0y,,,,,,,,,,,,,,,,,,,,0,,,,,0:00,,,,,,0:00,,,0:00,,,0:00,,,,,,,,,,,,,,,,,,,,,,,,,,,,,,
,46,-,,🇺🇸,doogile,,🗙,7:48.748,7:50.206,29 Feb 2024,(U),8277071365134778012,,Yes,https://www.youtube.com/watch?v=ktTRyL2JWz0,,,,,,,,,,,,,,,,,,,,0,,,,,0:00,,,,,,0:00,,,0:00,,,0:00,,,,,,,,,,,,,,,,,,,,,,,,,,,,,,
,47,-,,🇬🇧,priffie,,✔,7:50.291,7:50.291,05 Jun 2024,(V),6555576914548637179,,Yes,https://www.speedrun.com/mc/runs/ywg2ldnz,,,,,,,,,,,,,,,,,,,,0,,,,,0:00,,,,,,0:00,,,0:00,,,0:00,,,,,,,,,,,,,,,,,,,,,,,,,,,,,,
,48,-,,🇳🇴,skycrab1,,🗙,7:50.670,7:50.670,18 Nov 2024,(U),-1765111318942208381,,Yes,https://www.youtube.com/watch?v=JfVKj2Nz5vE&list=PLU3_fvoJ1GyMStiA29z37DUPtG47PvOJz&index=97,,,,,,,,,,,,,,,,,,,,0,,,,,0:00,,,,,,0:00,,,0:00,,,0:00,,,,,,,,,,,,,,,,,,,,,,,,,,,,,,
,49,-,,🇺🇸,doogile,,✔,7:50.112,7:51.014,21 Jun 2023,(V),291596226023214174,15,Yes,https://www.speedrun.com/mc/run/zgedgrvy,,,,,,,,,,,,,,,,,,,,0,,,,,0:00,,,,,,0:00,,,0:00,,,0:00,,,,,,,,,,,,,,,,,,,,,,,,,,,,,,
,50,28,🇦🇺,mikky_,,,✔,7:51.104,7:51.620,19 Sep 2024,(V),-7641908410120115826,,Yes,https://www.speedrun.com/mc/runs/ydljp8jz,,,,,,,,,,,,,,,,,,,,0,,,,,0:00,,,,,,0:00,,,0:00,,,0:00,,,,,,,,,,,,,,,,,,,,,,,,,,,,,,
,51,29,,BlazeMind,,,✔,7:49.832,7:51.665,27 Jan 2026,(Q),tbd,,,https://www.youtube.com/watch?v=0e-OYyUWBT0,,,,,,,,,,,,,,,,,,,,0,,,,,0:00,,,,,,0:00,,,0:00,,,0:00,,,,,,,,,,,,,,,,,,,,,,,,,,,,,,
,52,-,,🇳🇴,skycrab1,,🗙,7:51.826,7:51.826,25 Dec 2024,(U),-7679264656588706480,,Yes,https://www.youtube.com/watch?v=Nag0tKfRWgc&list=PLU3_fvoJ1GyMStiA29z37DUPtG47PvOJz&index=106,,,,,,,,,,,,,,,,,,,,0,,,,,0:00,,,,,,0:00,,,0,,,0:00,,,,,,,,,,,,,,,,,,,,,,,,,,,,,,
,53,-,,🇳🇴,skycrab1,,🗙,7:52.279,7:53.490,14 May 2024,(U),3412336035458832291,,Yes,https://www.youtube.com/watch?v=zY_QWRWxGE0&list=PLU3_fvoJ1GyMStiA29z37DUPtG47PvOJz&index=20,,,,,,,,,,,,,,,,,,,,0,,,,,0:00,,,,,,0:00,,,0,,,0:00,,,,,,,,,,,,,,,,,,,,,,,,,,,,,,
,54,-,,🇺🇸,meebie,,🗙,7:50.698,7:53.506,28 Jun 2025,(U),5748636184496198066,,Yes,https://www.youtube.com/watch?v=giuYrUlLBq8,,,,,,,,,,,,,,,,,,,,0,,,,,0:00,,,,,,0:00,,,0,,,0:00,,,,,,,,,,,,,,,,,,,,,,,,,,,,,,
,55,30,🇹🇷,ulsahin,,,✔,7:51.545,7:53.512,24 Oct 2025,(V),7066468390795139054,,Yes,https://www.speedrun.com/mc/runs/mr5kp38y,,,,,,,,,,,,,,,,,,,,0,,,,,0:00,,,,,,0:00,,,0,,,0:00,,,,,,,,,,,,,,,,,,,,,,,,,,,,,,
,56,-,,🇺🇸,doogile,,🗙,7:52.863,7:53.548,27 Jan 2024,(U),-2273417716457818411,18,Yes,https://www.youtube.com/watch?v=E-qMOVRq0Go,,,,,,,,,,,,,,,,,,,,0,,,,,0,,,,,,0:00,,,0,,,0:00,,,,,,,,,,,,,,,,,,,,,,,,,,,,,,
,57,-,,🇳🇴,skycrab1,,🗙,7:45.964,7:53.929,23 Oct 2025,(U),5643603245218707817,,Yes,https://www.youtube.com/watch?v=zg_t8sgrqFk&list=PLU3_fvoJ1GyMStiA29z37DUPtG47PvOJz&index=147,,,,,,,,,,,,,,,,,,,,0,,,,,0,,,,,,0:00,,,0,,,0:00,,,,,,,,,,,,,,,,,,,,,,,,,,,,,,
,58,-,,🇳🇴,skycrab1,,🗙,7:52.279,7:53.490,14 May 2024,(U),-3412336035458832291,,,https://www.youtube.com/watch?v=zY_QWRWxGE0&list=PLU3_fvoJ1GyMStiA29z37DUPtG47PvOJz&index=20,,,,,,,,,,,,,,,,,,,,0,,,,,0,,,,,,0:00,,,0,,,0:00,,,,,,,,,,,,,,,,,,,,,,,,,,,,,,
,59,-,,🇺🇸,Infume,,🗙,7:53.848,7:53.848,23 Jul 2025,(U),unknown,,,https://www.youtube.com/watch?v=dpJWEh0YCUo&list=PLNlBsWHYU3zCJ5XoAac-T3YF54AvqfXXn&index=22,,,,,,,,,,,,,,,,,,,,0,,,,,0,,,,,,0:00,,,0,,,0:00,,,,,,,,,,,,,,,,,,,,,,,,,,,,,,
,60,31,🇸🇪,ANJOUU,,,✔,7:54.143,7:54.143,28 Apr 2025,(V),5590192376632660897,,Yes,https://www.speedrun.com/mc/runs/y6j7vnpm,,,,,,,,,,,,,,,,,,,,0,,,,,0,,,,,,0:00,,,0,,,0:00,,,,,,,,,,,,,,,,,,,,,,,,,,,,,,
,61,32,🇩🇪,Blad_d,,,✔,7:52.310,7:54.145,14 Apr 2025,(V),-4813633027442683952,,Yes,https://www.speedrun.com/mc/runs/zgj4w4dz,,,,,,,,,,,,,,,,,,,,0,,,,,0,,,,,,0:00,,,0,,,0:00,,,,,,,,,,,,,,,,,,,,,,,,,,,,,,
,62,33,?,nyachloe,,,✔,7:54.377,7:54.377,19 Jul 2025,(B),unknown,,,https://www.youtube.com/watch?v=nyQdh9HJXNM&list=PLZ59bMb0zBUSR6W9smbN1LDkQJlGfPEUk&index=49,,,,,,,,,,,,,,,,,,,,0,,,,,0,,,,,,0:00,,,0,,,0:00,,,,,,,,,,,,,,,,,,,,,,,,,,,,,,
,63,34,🇭🇷,Mar1n,,,✔,7:55.128,7:55.128,22 Jun 2025,(V),-7684621580507828677,,Yes,https://www.speedrun.com/mc/runs/m7lwl84y,,,,,,,,,,,,,,,,,,,,0,,,,,0,,,,,,0:00,,,0,,,0:00,,,,,,,,,,,,,,,,,,,,,,,,,,,,,,
,64,-,,🇺🇸,meebie,,🗙,7:55.456,7:55.456,07 Jun 2025,(U),3603293482983366385,,Yes,https://www.youtube.com/watch?v=caV9b4ltoSQ,,,,,,,,,,,,,,,,,,,,0,,,,,0,,,,,,0:00,,,0,,,0:00,,,,,,,,,,,,,,,,,,,,,,,,,,,,,,
,65,-,,🇺🇸,Zylenox,,🗙,7:52.850,7:55.550,22 Apr 2025,(U),-4019650266393698573,,Yes,http://youtube.com/watch?v=aEZQAJ5LhgA&list=PLZ59bMb0zBUSR6W9smbN1LDkQJlGfPEUk&index=51,,,,,,,,,,,,,,,,,,,,0,,,,,0,,,,,,0:00,,,0,,,0:00,,,,,,,,,,,,,,,,,,,,,,,,,,,,,,
,66,35,🇵🇱,pardonmc,,,✔,7:55.683,7:55.683,17 Jul 2025,(V),6664192904935921173,,Yes,https://www.speedrun.com/mc/runs/yd4j7evy,,,,,,,,,,,,,,,,,,,,0,,,,,0,,,,,,0:00,,,0,,,0:00,,,,,,,,,,,,,,,,,,,,,,,,,,,,,,
,67,-,,🇩🇰,Bloopy,,🗙,7:52.588,7:55.999,02 Jun 2025,(U),-1088594931172127368,,,https://www.youtube.com/watch?v=lAD-2zBAaWk,,,,,,,,,,,,,,,,,,,,0,,,,,0,,,,,,0:00,,,0,,,0:00,,,,,,,,,,,,,,,,,,,,,,,,,,,,,,
,68,36,🇳🇱,HDMICables,,,✔,7:55.623,7:56.598,07 May 2025,(V),-2481499363875064100,,Yes,https://www.speedrun.com/mc/runs/yd437kxy,,,,,,,,,,,,,,,,,,,,0,,,,,0,,,,,,0:00,,,0,,,0:00,,,,,,,,,,,,,,,,,,,,,,,,,,,,,,
,69,-,,,okshey,,✔,7:56.752,7:56.752,17 Feb 2026,(Q),-6419209590101822881,,,https://www.youtube.com/watch?v=htI0L1pBEV0,,,,,,,,,,,,,,,,,,,,0,,,,,0,,,,,,0:00,,,0,,,0:00,,,,,,,,,,,,,,,,,,,,,,,,,,,,,,
,70,-,,🇩🇪,jason_n,,🗙,7:56.903,7:56.903,16 May 2025,(U),8174323531600874073,,Yes,https://www.youtube.com/watch?v=mEjUzh-nDqI,,,,,,,,,,,,,,,,,,,,0,,,,,0,,,,,,0:00,,,0,,,0:00,,,,,,,,,,,,,,,,,,,,,,,,,,,,,,
,71,-,,🇳🇴,skycrab1,,🗙,7:56.326,7:58.380,20 Sep 2024,(U),-630318768044632099,,Yes,https://www.youtube.com/watch?v=5xFvTb5MDmQ&list=PLU3_fvoJ1GyMStiA29z37DUPtG47PvOJz&index=71,,,,,,,,,,,,,,,,,,,,0,,,,,0,,,,,,0:00,,,0,,,0:00,,,,,,,,,,,,,,,,,,,,,,,,,,,,,,
,72,-,,🇨🇦,Aquacorde,,✔,7:57.023,7:57.023,14 Mar 2025,(V),5239949107527415069,,Yes,https://www.speedrun.com/mc/runs/y9pe59em,,,,,,,,,,,,,,,,,,,,0,,,,,0,,,,,,0:00,,,0,,,0:00,,,,,,,,,,,,,,,,,,,,,,,,,,,,,,
,73,38,🇿🇦,Airpodsz,,,✔,7:57.301,7:57.301,20 Oct 2025,(V),1950744630814396345,,Yes,https://www.speedrun.com/mc/runs/z175257z,,,,,,,,,,,,,,,,,,,,0,,,,,0,,,,,,0:00,,,0,,,0:00,,,,,,,,,,,,,,,,,,,,,,,,,,,,,,
,74,-,,🇫🇮,sadekeppi,,✔,7:56.839,7:57.450,21 Feb 2025,(V),-8774410482674782880,,Yes,https://www.speedrun.com/mc/runs/zpkp2jvy,,,,,,,,,,,,,,,,,,,,0,,,,,0,,,,,,0:00,,,0,,,0:00,,,,,,,,,,,,,,,,,,,,,,,,,,,,,,
,75,-,,🇨🇦,Jay12310,,🗙,7:57.965,7:57.965,25 Dec 2025,(U),unknown,,Yes,https://www.youtube.com/watch?v=Dsok_v8zWzA&list=PLZ59bMb0zBUSR6W9smbN1LDkQJlGfPEUk,,,,,,,,,,,,,,,,,,,,0,,,,,0,,,,,,0:00,,,0,,,0:00,,,,,,,,,,,,,,,,,,,,,,,,,,,,,,
,76,39,🇵🇱,MattyLopez,,,✔,7:58.102,7:58.102,01 Mar 2025,(V),-7204778880031266135,,Yes,https://www.speedrun.com/mc/runs/z08d87jm,,,,,,,,,,,,,,,,,,,,0,,,,,0,,,,,,0:00,,,0,,,0:00,,,,,,,,,,,,,,,,,,,,,,,,,,,,,,
,77,40,🇨🇿,kohout135,,,✔,7:57.901,7:58.328,16 Jun 2025,(V),505133867771410090,,Yes,https://www.speedrun.com/mc/runs/yd4epqwy,,,,,,,,,,,,,,,,,,,,0,,,,,0,,,,,,0:00,,,0,,,0:00,,,,,,,,,,,,,,,,,,,,,,,,,,,,,,
,78,-,,🇩🇰,Bloopy,,🗙,7:58.540,7:58.540,04 Feb 2025,(U),9020295482724158911,,,https://www.youtube.com/watch?v=rB_AjEUIYWE,,,,,,,,,,,,,,,,,,,,0,,,,,0,,,,,,0:00,,,0,,,0:00,,,,,,,,,,,,,,,,,,,,,,,,,,,,,,
,79,41,🇦🇺,bigbigmongey,,,✔,7:58.900,7:59.372,20 Oct 2025,(V),4336613090571479730,,Yes,https://www.speedrun.com/mc/runs/zn5kqqvz,,,,,,,,,,,,,,,,,,,,0,,,,,0,,,,,,0:00,,,0,,,0:00,,,,,,,,,,,,,,,,,,,,,,,,,,,,,,
,80,42,🇺🇦,dinonuggieboi,,,✔,7:58.082,7:59.376,10 May 2025,(V),4495867891036383676,,Yes,https://www.speedrun.com/mc/runs/z16jpxwm,,,,,,,,,,,,,,,,,,,,0,,,,,0,,,,,,0:00,,,0,,,0:00,,,,,,,,,,,,,,,,,,,,,,,,,,,,,,
,81,-,,🇺🇸,Infume,,✔,7:59.698,7:59.698,08 May 2025,(V),1457025420686153641,,Yes,https://www.speedrun.com/mc/runs/yd4634jy,,,,,,,,,,,,,,,,,,,,0,,,,,0,,,,,,0:00,,,0,,,0:00,,,,,,,,,,,,,,,,,,,,,,,,,,,,,,
,82,-,,🇨🇦,Aquacorde,,🗙,7:59.882,8:00.035,19 Aug 2025,(U),-6415662147603823754,,,https://www.youtube.com/watch?v=WdnsDM7UisA,,,,,,,,,,,,,,,,,,,,0,,,,,0,,,,,,0:00,,,0,,,0:00,,,,,,,,,,,,,,,,,,,,,,,,,,,,,,
,83,43,🇦🇹,Mescht,,,✔,8:00.384,8:00.384,09 Apr 2025,(V),8206887781532841360,,Yes,https://www.speedrun.com/mc/runs/mko6ex3z,,,,,,,,,,,,,,,,,,,,0,,,,,0,,,,,,0:00,,,0,,,0:00,,,,,,,,,,,,,,,,,,,,,,,,,,,,,,
,84,-,,🇩🇪,jason_n,,🗙,8:00.870,8:00.870,15 Jun 2025,(U),see video,,,https://www.youtube.com/watch?v=WU1fSPhJGAk,,,,,,,,,,,,,,,,,,,,30 Dec '99,,,,,30 Dec '99,,,,,,0:00,,,30 Dec '99,,,0:00,,,,,,,,,,,,,,,,,,,,,,,,,,,,,,
,85,44,🇺🇸,thecamo6,,,✔,8:00.680,8:01.217,28 May 2024,(V),8027147372185455800,,,https://www.speedrun.com/mc/runs/mel636qz,,,,,,,,,,,,,,,,,,,,30 Dec '99,,,,,30 Dec '99,,,,,,0:00,,,30 Dec '99,,,0:00,,,,,,,,,,,,,,,,,,,,,,,,,,,,,,
,86,45,🇺🇦,7rowl,,,✔,8:00.564,8:01.225,19 Jul 2024,(V),4542168202417465956,,,https://www.speedrun.com/mc/runs/y4l3p3qz,,,,,,,,,,,,,,,,,,,,30 Dec '99,,,,,30 Dec '99,,,,,,0:00,,,30 Dec '99,,,0:00,,,,,,,,,,,,,,,,,,,,,,,,,,,,,,
,87,-,,🇩🇪,jason_n,,🗙,8:01.271,8:01.271,25 Oct 2024,(U),-8000908414180372217,,,https://www.youtube.com/watch?v=VmnT8lICQ94,,,,,,,,,,,,,,,,,,,,30 Dec '99,,,,,30 Dec '99,,,,,,0:00,,,30 Dec '99,,,0:00,,,,,,,,,,,,,,,,,,,,,,,,,,,,,,
,88,46,🇧🇪,boyenn,,,✔,7:59.551,8:01.422,08 Jun 2025,(V),254566834946075032,,,https://www.speedrun.com/mc/runs/z00rj59z,,,,,,,,,,,,,,,,,,,,30 Dec '99,,,,,30 Dec '99,,,,,,0:00,,,30 Dec '99,,,0:00,,,,,,,,,,,,,,,,,,,,,,,,,,,,,,
,89,-,,🇬🇧,priffie,,✔,8:03.241,8:03.241,03 Dec 2023,(V),-4868324554498692300,12,Yes,https://www.speedrun.com/mc/run/yoole61y,,,,,,,,,,,,,,,,,,,,30 Dec '99,,,,,30 Dec '99,,,,,,0:00,,,30 Dec '99,,,0:00,,,,,,,,,,,,,,,,,,,,,,,,,,,,,,
,90,-,,🇳🇴,skycrab1,,🗙,8:03.337,8:03.337,17 Jun 2025,(U),-4304452735829751506,,,https://www.youtube.com/watch?v=ul-SUoNx_XU&list=PLU3_fvoJ1GyMStiA29z37DUPtG47PvOJz&index=131,,,,,,,,,,,,,,,,,,,,30 Dec '99,,,,,30 Dec '99,,,,,,0:00,,,30 Dec '99,,,0:00,,,,,,,,,,,,,,,,,,,,,,,,,,,,,,
,91,-,,🇳🇴,skycrab1,,🗙,8:04.394,8:04.394,30 Sep 2025,(U),see video,,,https://www.youtube.com/watch?v=xW_pib-H4zw&list=PLU3_fvoJ1GyMStiA29z37DUPtG47PvOJz&index=143,,,,,,,,,,,,,,,,,,,,30 Dec '99,,,,,30 Dec '99,,,,,,0:00,,,30 Dec '99,,,0:00,,,,,,,,,,,,,,,,,,,,,,,,,,,,,,
,92,-,,🇨🇦,Jay12310,,🗙,8:04.480,8:04.480,26 Jan 2025,(U),unknown,,,https://www.youtube.com/watch?v=jjYvP5zAbZg&list=PLaTJSsRuu2UcsiC6KEkJwrGp1GaGgPoVG&index=5,,,,,,,,,,,,,,,,,,,,30 Dec '99,,,,,30 Dec '99,,,,,,0:00,,,30 Dec '99,,,0:00,,,,,,,,,,,,,,,,,,,,,,,,,,,,,,
,93,-,,🇺🇦,7rowl,,✔,8:04.491,8:05.070,13 May 2024,(U),3390807343358437717,,,https://www.youtube.com/watch?v=1KMm0eJPRws,,,,,,,,,,,,,,,,,,,,30 Dec '99,,,,,30 Dec '99,,,,,,0:00,,,30 Dec '99,,,0:00,,,,,,,,,,,,,,,,,,,,,,,,,,,,,,
,94,-,,🇳🇴,skycrab1,,🗙,8:05.447,8:05.447,13 Jul 2025,(U),8311211913392066784,,,https://www.youtube.com/watch?v=MPlhH010LdE&list=PLU3_fvoJ1GyMStiA29z37DUPtG47PvOJz&index=133,,,,,,,,,,,,,,,,,,,,30 Dec '99,,,,,30 Dec '99,,,,,,0:00,,,30 Dec '99,,,0:00,,,,,,,,,,,,,,,,,,,,,,,,,,,,,,
,95,-,,🇺🇦,loodlow,,✔,8:02.631,8:05.732,30 Jun 2025,(V),6502082647557812063,,,https://www.speedrun.com/mc/runs/z16gg09m,,,,,,,,,,,,,,,,,,,,30 Dec '99,,,,,30 Dec '99,,,,,,0:00,,,30 Dec '99,,,0:00,,,,,,,,,,,,,,,,,,,,,,,,,,,,,,
,96,-,,🇵🇱,watermelon1708,,✔,8:03.854,8:07.194,06 Jul 2025,(V),9122600350394059007,,,https://www.speedrun.com/mc/runs/yw2v45ny,,,,,,,,,,,,,,,,,,,,30 Dec '99,,,,,30 Dec '99,,,,,,0:00,,,30 Dec '99,,,0:00,,,,,,,,,,,,,,,,,,,,,,,,,,,,,,
,97,-,,🇩🇪,jason_n,,🗙,8:07.349,8:07.349,10 Jun 2025,(U),6183710647574302652,,,https://www.youtube.com/watch?v=Logr5V0QDDk,,,,,,,,,,,,,,,,,,,,30 Dec '99,,,,,30 Dec '99,,,,,,0:00,,,30 Dec '99,,,0:00,,,,,,,,,,,,,,,,,,,,,,,,,,,,,,
,98,47,🇮🇱,sagi_enderman,,,✔,8:05.180,8:08.427,24 Jan 2024,(V),-1127568643405241248,,,https://www.speedrun.com/mc/runs/zqdn2l1m,,,,,,,,,,,,,,,,,,,,30 Dec '99,,,,,30 Dec '99,,,,,,0:00,,,30 Dec '99,,,0:00,,,,,,,,,,,,,,,,,,,,,,,,,,,,,,
,99,-,,🇩🇪,jason_n,,✔,8:10.305,8:10.305,12 May 2024,(V),-8081672849157921881,,,https://www.speedrun.com/mc/runs/y46kvjnz,,,,,,,,,,,,,,,,,,,,30 Dec '99,,,,,30 Dec '99,,,,,,0:00,,,30 Dec '99,,,30 Dec '99,,,,,,,,,,,,,,,,,,,,,,,,,,,,,,
,100,-,,🇺🇸,meebie,,✔,8:09.372,8:10.419,07 Jul 2023,(V),-4538563713628989532,12,Yes,https://www.speedrun.com/mc/run/zge2pn0y,,,,,,,,,,,,,,,,,,,,30 Dec '99,,,,,30 Dec '99,,,,,,0:00,,,30 Dec '99,,,30 Dec '99,,,,,,,,,,,,,,,,,,,,,,,,,,,,,,
,101,-,,🇸🇰,NoFear1337,,🗙,7:47.229,8:10.447,27 Dec 2023,(U),unknown,16,Yes,https://www.youtube.com/watch?v=GFz5UcBTrAk,,,,,,,,,,,,,,,,,,,,30 Dec '99,,,,,30 Dec '99,,,,,,0:00,,,30 Dec '99,,,30 Dec '99,,,,,,,,,,,,,,,,,,,,,,,,,,,,,,
,102,-,,🇳🇴,skycrab1,,🗙,8:09.558,8:10.528,23 Jun 2023,(U),-6343411097658357214,,,https://www.youtube.com/watch?v=pmNaJCUang0&list=PLU3_fvoJ1GyMStiA29z37DUPtG47PvOJz&index=38,,,,,,,,,,,,,,,,,,,,30 Dec '99,,,,,30 Dec '99,,,,,,0:00,,,30 Dec '99,,,30 Dec '99,,,,,,,,,,,,,,,,,,,,,,,,,,,,,,
,103,-,,🇨🇦,Aquacorde,,🗙,8:10.818,8:10.818,15 Jul 2025,(U),5155476148031295835,,,https://www.youtube.com/watch?v=m5GWURA89ts,,,,,,,,,,,,,,,,,,,,30 Dec '99,,,,,30 Dec '99,,,,,,0:00,,,30 Dec '99,,,30 Dec '99,,,,,,,,,,,,,,,,,,,,,,,,,,,,,,
,104,-,,🇳🇴,skycrab1,,🗙,8:10.890,8:10.890,06 Jan 2025,(U),-7855142198495008899,,,https://www.youtube.com/watch?v=__bACJwOlow&list=PLU3_fvoJ1GyMStiA29z37DUPtG47PvOJz&index=107,,,,,,,,,,,,,,,,,,,,30 Dec '99,,,,,30 Dec '99,,,,,,0:00,,,30 Dec '99,,,30 Dec '99,,,,,,,,,,,,,,,,,,,,,,,,,,,,,,
,105,-,,🇳🇴,skycrab1,,🗙,8:12.697,8:12.697,16 Jun 2025,(U),8459975692548252643,,,https://www.youtube.com/watch?v=snXcok9zxhU&list=PLU3_fvoJ1GyMStiA29z37DUPtG47PvOJz&index=130,,,,,,,,,,,,,,,,,,,,30 Dec '99,,,,,30 Dec '99,,,,,,0:00,,,30 Dec '99,,,30 Dec '99,,,,,,,,,,,,,,,,,,,,,,,,,,,,,,
,106,-,,🇺🇸,Zylenox,,🗙,8:11.111,8:13.283,16 Mar 2023,(U),3386076644250915113,15,Yes,https://www.youtube.com/watch?v=t_huEH4IZxg,,,,,,,,,,,,,,,,,,,,30 Dec '99,,,,,30 Dec '99,,,,,,0:00,,,30 Dec '99,,,30 Dec '99,,,,,,,,,,,,,,,,,,,,,,,,,,,,,,
,107,-,,🇨🇦,Aquacorde,,🗙,8:14.109,8:14.109,05 Jul 2025,(U),6586350975935929914,,,https://www.youtube.com/watch?v=G0Hp7oeSKuw,,,,,,,,,,,,,,,,,,,,30 Dec '99,,,,,30 Dec '99,,,,,,0:00,,,30 Dec '99,,,30 Dec '99,,,,,,,,,,,,,,,,,,,,,,,,,,,,,,
,108,-,,🇨🇦,Jay12310,,🗙,8:14.911,8:14.911,01 Dec 2025,(U),unknown,,,https://www.youtube.com/watch?v=DQen1iTu-So&list=PLaTJSsRuu2UcsiC6KEkJwrGp1GaGgPoVG&index=9,,,,,,,,,,,,,,,,,,,,30 Dec '99,,,,,30 Dec '99,,,,,,0:00,,,30 Dec '99,,,30 Dec '99,,,,,,,,,,,,,,,,,,,,,,,,,,,,,,
,109,-,,🇺🇸,doogile,✔,✔,8:10.241,8:15.537,06 Nov 2022,(V),9153513292182018950,,,https://www.youtube.com/watch?v=8DYIvJETTDE,,,,,,,,,,,,,,,,,,,,30 Dec '99,,,,,30 Dec '99,,,,,,0:00,,,30 Dec '99,,,30 Dec '99,,,,,,,,,,,,,,,,,,,,,,,,,,,,,,
,110,-,,🇨🇦,Aquacorde,,🗙,8:16.080,8:16.080,19 Jul 2025,(U),-3413707190764289689,,,https://www.youtube.com/watch?v=ip7IP1Srx_o,,,,,,,,,,,,,,,,,,,,30 Dec '99,,,,,30 Dec '99,,,,,,0:00,,,30 Dec '99,,,30 Dec '99,,,,,,,,,,,,,,,,,,,,,,,,,,,,,,
,111,-,,🇨🇦,Aquacorde,,🗙,8:17.895,8:17.895,12 Aug 2025,(U),-7262470716101336113,,,https://www.youtube.com/watch?v=ytYXAwlQPWg,,,,,,,,,,,,,,,,,,,,30 Dec '99,,,,,30 Dec '99,,,,,,0:00,,,30 Dec '99,,,30 Dec '99,,,,,,,,,,,,,,,,,,,,,,,,,,,,,,
,112,-,,🇩🇪,jason_n,,🗙,8:18.588,8:18.588,19 Aug 2025,(U),4176206987315611766,,,https://www.youtube.com/watch?v=GBSM3X1G7Rg,,,,,,,,,,,,,,,,,,,,30 Dec '99,,,,,30 Dec '99,,,,,,0:00,,,30 Dec '99,,,30 Dec '99,,,,,,,,,,,,,,,,,,,,,,,,,,,,,,
,113,-,,🇩🇰,Bloopy,,🗙,8:18.601,8:18.601,02 Aug 2025,(U),121410886578867315,,,https://www.youtube.com/watch?v=EwXtlrbNI1o,,,,,,,,,,,,,,,,,,,,30 Dec '99,,,,,30 Dec '99,,,,,,0:00,,,30 Dec '99,,,30 Dec '99,,,,,,,,,,,,,,,,,,,,,,,,,,,,,,
,114,-,,🇺🇸,Zylenox,,🗙,8:17.546,8:18.731,15 Apr 2024,(U),3379831003145275556,,,https://www.youtube.com/watch?v=JDIyooRslEc,,,,,,,,,,,,,,,,,,,,30 Dec '99,,,,,30 Dec '99,,,,,,0:00,,,30 Dec '99,,,30 Dec '99,,,,,,,,,,,,,,,,,,,,,,,,,,,,,,
,115,-,,🇳🇴,skycrab1,,🗙,8:19.619,8:19.619,09 Oct 2024,(U),-7062641621573021177,,,https://www.youtube.com/watch?v=qIX6RDLk3Fw&list=PLU3_fvoJ1GyMStiA29z37DUPtG47PvOJz&index=79,,,,,,,,,,,,,,,,,,,,30 Dec '99,,,,,30 Dec '99,,,,,,0:00,,,30 Dec '99,,,30 Dec '99,,,,,,,,,,,,,,,,,,,,,,,,,,,,,,
,116,-,,🇳🇴,skycrab1,,🗙,8:17.174,8:19.441,19 May 2024,(U),3087289280453736272,,,https://www.youtube.com/watch?v=82fZlnldpjc&list=PLU3_fvoJ1GyMStiA29z37DUPtG47PvOJz&index=21,,,,,,,,,,,,,,,,,,,,30 Dec '99,,,,,30 Dec '99,,,,,,0:00,,,30 Dec '99,,,30 Dec '99,,,,,,,,,,,,,,,,,,,,,,,,,,,,,,
,117,-,,🇺🇦,7rowl,,✔,8:17.517,8:20.033,31 May 2023,(V),-3529659453233886563,,,https://www.speedrun.com/mc/runs/zqj4529m,,,,,,,,,,,,,,,,,,,,30 Dec '99,,,,,30 Dec '99,,,,,,0:00,,,30 Dec '99,,,30 Dec '99,,,,,,,,,,,,,,,,,,,,,,,,,,,,,,
,118,-,,🇳🇴,skycrab1,,🗙,8:20.209,8:20.209,15 Dec 2024,(U),-6441503782371694371,,,https://www.youtube.com/watch?v=MBNYYvNrJZk&list=PLU3_fvoJ1GyMStiA29z37DUPtG47PvOJz&index=103,,,,,,,,,,,,,,,,,,,,30 Dec '99,,,,,30 Dec '99,,,,,,0:00,,,30 Dec '99,,,30 Dec '99,,,,,,,,,,,,,,,,,,,,,,,,,,,,,,
,119,-,,🇳🇴,skycrab1,,🗙,8:20.575,8:20.575,29 Aug 2024,(U),6341036276828892777,,,https://www.youtube.com/watch?v=mUhBdkUS4Xo&list=PLU3_fvoJ1GyMStiA29z37DUPtG47PvOJz&index=61,,,,,,,,,,,,,,,,,,,,30 Dec '99,,,,,30 Dec '99,,,,,,0:00,,,30 Dec '99,,,30 Dec '99,,,,,,,,,,,,,,,,,,,,,,,,,,,,,,
,120,-,,🇺🇸,doogile,,🗙,8:20.954,8:20.954,22 Sep 2024,(U),5840096564526051748,,,https://www.youtube.com/watch?v=GqY9MGcuvWk,,,,,,,,,,,,,,,,,,,,30 Dec '99,,,,,30 Dec '99,,,,,,0:00,,,30 Dec '99,,,30 Dec '99,,,,,,,,,,,,,,,,,,,,,,,,,,,,,,
,121,-,,🇩🇪,jason_n,,🗙,8:22.273,8:22.273,02 Feb 2026,(U),7995908203394493910,,,https://www.youtube.com/watch?v=JHDFp57LuTQ,,,,,,,,,,,,,,,,,,,,30 Dec '99,,,,,30 Dec '99,,,,,,0:00,,,30 Dec '99,,,30 Dec '99,,,,,,,,,,,,,,,,,,,,,,,,,,,,,,
,122,-,,🇳🇴,skycrab1,,🗙,8:22.292,8:22.292,10 Dec 2024,(U),7706444672099891654,,,https://www.youtube.com/watch?v=VKGDkYwS24I&list=PLU3_fvoJ1GyMStiA29z37DUPtG47PvOJz&index=101,,,,,,,,,,,,,,,,,,,,30 Dec '99,,,,,30 Dec '99,,,,,,0:00,,,30 Dec '99,,,30 Dec '99,,,,,,,,,,,,,,,,,,,,,,,,,,,,,,
,123,-,,🇫🇮,Cube1337x,,✔,8:23.352,8:23.352,29 Feb 2024,(V),5421616656737029560,,,https://www.speedrun.com/mc/runs/yvl3g1ez,,,,,,,,,,,,,,,,,,,,30 Dec '99,,,,,30 Dec '99,,,,,,0:00,,,30 Dec '99,,,30 Dec '99,,,,,,,,,,,,,,,,,,,,,,,,,,,,,,
,124,-,,,lowkey,,✔,8:22.028,8:23.880,22 May 2023,(V),9002087332504975257,,Yes,https://www.youtube.com/watch?v=jFKZ4TUPdmo,,,,,,,,,,,,,,,,,,,,30 Dec '99,,,,,30 Dec '99,,,,,,0:00,,,30 Dec '99,,,30 Dec '99,,,,,,,,,,,,,,,,,,,,,,,,,,,,,,
,125,-,,🇳🇴,skycrab1,,🗙,8:24.266,8:24.266,25 Jan 2025,(U),-2192530939169664687,,,https://www.youtube.com/watch?v=G-ri7QuIsdY&list=PLU3_fvoJ1GyMStiA29z37DUPtG47PvOJz&index=110,,,,,,,,,,,,,,,,,,,,30 Dec '99,,,,,30 Dec '99,,,,,,30 Dec '99,,,30 Dec '99,,,30 Dec '99,,,,,,,,,,,,,,,,,,,,,,,,,,,,,,
,126,-,,🇨🇦,Jay12310,,🗙,8:26.738,8:26.738,24 Nov 2025,(U),unknown,,,https://www.youtube.com/watch?v=fEau7iO9TJQ&list=PLaTJSsRuu2UcsiC6KEkJwrGp1GaGgPoVG&index=8,,,,,,,,,,,,,,,,,,,,30 Dec '99,,,,,30 Dec '99,,,,,,30 Dec '99,,,30 Dec '99,,,30 Dec '99,,,,,,,,,,,,,,,,,,,,,,,,,,,,,,
,127,-,,🇺🇸,Zylenox,,🗙,8:24.513,8:26.865,22 Apr 2023,(U),2931282686903167782,12,Yes,https://www.youtube.com/watch?v=MBJI6KWkH2Q,,,,,,,,,,,,,,,,,,,,30 Dec '99,,,,,30 Dec '99,,,,,,30 Dec '99,,,30 Dec '99,,,30 Dec '99,,,,,,,,,,,,,,,,,,,,,,,,,,,,,,
,128,-,,🇨🇦,Jay12310,,✔,8:26.957,8:26.957,07 May 2024,(V),608766675105077046,,,https://www.speedrun.com/mc/runs/y22k556y,,,,,,,,,,,,,,,,,,,,30 Dec '99,,,,,30 Dec '99,,,,,,30 Dec '99,,,30 Dec '99,,,30 Dec '99,,,,,,,,,,,,,,,,,,,,,,,,,,,,,,
,129,-,,🇺🇸,Zylenox,,✔,8:25.432,8:27.473,17 Dec 2022,(V),-4934318869749955,12,Yes,https://www.speedrun.com/mc/run/yln0kekz,,,,,,,,,,,,,,,,,,,,30 Dec '99,,,,,30 Dec '99,,,,,,30 Dec '99,,,30 Dec '99,,,30 Dec '99,,,,,,,,,,,,,,,,,,,,,,,,,,,,,,
,130,-,,🇨🇦,Aquacorde,,🗙,8:28.191,8:28.191,21 Sep 2025,(U),-1431734441306868324,,,https://www.youtube.com/watch?v=Sr-fxjtImKM,,,,,,,,,,,,,,,,,,,,30 Dec '99,,,,,30 Dec '99,,,,,,30 Dec '99,,,30 Dec '99,,,30 Dec '99,,,,,,,,,,,,,,,,,,,,,,,,,,,,,,
,131,-,,🇳🇴,skycrab1,,🗙,8:27.909,8:28.430,05 Dec 2025,(U),see video,,,https://www.youtube.com/watch?v=whjGQXRNxTo&list=PLU3_fvoJ1GyMStiA29z37DUPtG47PvOJz&index=150,,,,,,,,,,,,,,,,,,,,30 Dec '99,,,,,30 Dec '99,,,,,,30 Dec '99,,,30 Dec '99,,,30 Dec '99,,,,,,,,,,,,,,,,,,,,,,,,,,,,,,
,132,-,,🇨🇦,Aquacorde,,🗙,8:28.441,8:28.441,16 Oct 2025,(U),7318195485466118347,,,https://www.youtube.com/watch?v=RrhnX7u9LCk,,,,,,,,,,,,,,,,,,,,30 Dec '99,,,,,30 Dec '99,,,,,,30 Dec '99,,,30 Dec '99,,,30 Dec '99,,,,,,,,,,,,,,,,,,,,,,,,,,,,,,
,133,-,,🇳🇴,skycrab1,,🗙,8:28.504,8:28.504,25 May 2025,(U),4268670771735988776,,,https://www.youtube.com/watch?v=CTzti8oVBRg&list=PLU3_fvoJ1GyMStiA29z37DUPtG47PvOJz&index=126,,,,,,,,,,,,,,,,,,,,30 Dec '99,,,,,30 Dec '99,,,,,,30 Dec '99,,,30 Dec '99,,,30 Dec '99,,,,,,,,,,,,,,,,,,,,,,,,,,,,,,
,134,-,,🇬🇧,priffie,,🗙,8:26.220,8:29.674,06 Jan 2024,(U),2398058020999821172,12,Yes,https://www.youtube.com/watch?v=sPSq_jhIyhY,,,,,,,,,,,,,,,,,,,,30 Dec '99,,,,,30 Dec '99,,,,,,30 Dec '99,,,30 Dec '99,,,30 Dec '99,,,,,,,,,,,,,,,,,,,,,,,,,,,,,,
,135,-,,🇳🇴,skycrab1,,🗙,8:27.951,8:29.783,18 May 2024,(U),2517517963886160862,,,https://www.youtube.com/watch?v=Hd2X1E-Ms7c&list=PLU3_fvoJ1GyMStiA29z37DUPtG47PvOJz&index=24,,,,,,,,,,,,,,,,,,,,30 Dec '99,,,,,30 Dec '99,,,,,,30 Dec '99,,,30 Dec '99,,,30 Dec '99,,,,,,,,,,,,,,,,,,,,,,,,,,,,,,
,136,-,,🇺🇦,7rowl,,🗙,8:31.022,8:31.022,29 Aug 2023,(U),-849877744345333161,,,https://www.youtube.com/watch?v=rao2ee_878E,,,,,,,,,,,,,,,,,,,,30 Dec '99,,,,,30 Dec '99,,,,,,30 Dec '99,,,30 Dec '99,,,30 Dec '99,,,,,,,,,,,,,,,,,,,,,,,,,,,,,,
,137,-,,🇳🇴,skycrab1,,🗙,8:30.987,8:31.085,08 Dec 2025,(U),unknown,,,https://www.youtube.com/watch?v=tLfXiUo2Dw0&list=PLU3_fvoJ1GyMStiA29z37DUPtG47PvOJz&index=157,,,,,,,,,,,,,,,,,,,,30 Dec '99,,,,,30 Dec '99,,,,,,30 Dec '99,,,30 Dec '99,,,30 Dec '99,,,,,,,,,,,,,,,,,,,,,,,,,,,,,,
,138,-,,🇳🇴,skycrab1,,🗙,8:28.790,8:31.168,21 Oct 2025,(U),see video,,,https://www.youtube.com/watch?v=gGs-3BbCEWA&list=PLU3_fvoJ1GyMStiA29z37DUPtG47PvOJz&index=144,,,,,,,,,,,,,,,,,,,,30 Dec '99,,,,,30 Dec '99,,,,,,30 Dec '99,,,30 Dec '99,,,30 Dec '99,,,,,,,,,,,,,,,,,,,,,,,,,,,,,,
,139,-,,🇺🇸,doogile,,🗙,8:31.156,8:31.904,27 Jan 2024,(U),-4987550100545669891,,,https://www.youtube.com/watch?v=K9wU6ilEDcc,,,,,,,,,,,,,,,,,,,,30 Dec '99,,,,,30 Dec '99,,,,,,30 Dec '99,,,30 Dec '99,,,30 Dec '99,,,,,,,,,,,,,,,,,,,,,,,,,,,,,,
,140,-,,🇨🇦,Aquacorde,,🗙,8:32.755,8:32.755,08 Jul 2025,(U),4813852831291424591,,,https://www.youtube.com/watch?v=9t2wFDDYuWw,,,,,,,,,,,,,,,,,,,,30 Dec '99,,,,,30 Dec '99,,,,,,30 Dec '99,,,30 Dec '99,,,30 Dec '99,,,,,,,,,,,,,,,,,,,,,,,,,,,,,,
,141,-,,🇺🇦,7rowl,,🗙,8:30.604,8:32.840,28 Aug 2023,(U),-3689619904496856440,,,https://www.youtube.com/watch?v=fDjrOqatTAs,,,,,,,,,,,,,,,,,,,,30 Dec '99,,,,,30 Dec '99,,,,,,30 Dec '99,,,30 Dec '99,,,30 Dec '99,,,,,,,,,,,,,,,,,,,,,,,,,,,,,,
,142,-,,🇳🇴,skycrab1,,🗙,8:33.231,8:33.231,23 May 2025,(U),4058006226311107449,,,https://www.youtube.com/watch?v=Gqyss7R7ZB0&list=PLU3_fvoJ1GyMStiA29z37DUPtG47PvOJz&index=125,,,,,,,,,,,,,,,,,,,,30 Dec '99,,,,,30 Dec '99,,,,,,30 Dec '99,,,30 Dec '99,,,30 Dec '99,,,,,,,,,,,,,,,,,,,,,,,,,,,,,,
,143,-,,🇳🇴,skycrab1,,✔,8:31.860,8:33.243,12 Jan 2024,(V),8794223043069861926,,,https://www.speedrun.com/mc/runs/zxw0jlqm,,,,,,,,,,,,,,,,,,,,30 Dec '99,,,,,30 Dec '99,,,,,,30 Dec '99,,,30 Dec '99,,,30 Dec '99,,,,,,,,,,,,,,,,,,,,,,,,,,,,,,
,144,-,,🇨🇦,Aquacorde,,✔,8:33.639,8:33.639,16 Aug 2024,(V),-8818959532856191300,,,https://www.speedrun.com/mc/runs/m3jr41wz,,,,,,,,,,,,,,,,,,,,30 Dec '99,,,,,30 Dec '99,,,,,,30 Dec '99,,,30 Dec '99,,,30 Dec '99,,,,,,,,,,,,,,,,,,,,,,,,,,,,,,
,145,-,,🇨🇦,Jay12310,,🗙,8:33.946,8:33.946,07 Jan 2025,(U),unknown,,,https://www.youtube.com/watch?v=pROA_8k_5eg&list=PLaTJSsRuu2UcsiC6KEkJwrGp1GaGgPoVG&index=12,,,,,,,,,,,,,,,,,,,,30 Dec '99,,,,,30 Dec '99,,,,,,30 Dec '99,,,30 Dec '99,,,30 Dec '99,,,,,,,,,,,,,,,,,,,,,,,,,,,,,,
,146,-,,🇩🇰,Bloopy,,✔,8:33.952,8:33.952,03 Aug 2024,(V),255624109612098462,,,https://www.speedrun.com/mc/runs/yvx9vo8z,,,,,,,,,,,,,,,,,,,,30 Dec '99,,,,,30 Dec '99,,,,,,30 Dec '99,,,30 Dec '99,,,30 Dec '99,,,,,,,,,,,,,,,,,,,,,,,,,,,,,,
,147,-,,🇵🇱,watermelon1708,,🗙,8:33.349,8:34.250,27 Nov 2025,(U),unknown,,,https://www.youtube.com/watch?v=3mEKAQ3Z4RM,,,,,,,,,,,,,,,,,,,,30 Dec '99,,,,,30 Dec '99,,,,,,30 Dec '99,,,30 Dec '99,,,30 Dec '99,,,,,,,,,,,,,,,,,,,,,,,,,,,,,,
,148,-,,🇳🇴,skycrab1,,🗙,8:34.391,8:34.391,14 Jun 2025,(U),unknown,,,https://www.youtube.com/watch?v=mbQO0iA60UA&list=PLU3_fvoJ1GyMStiA29z37DUPtG47PvOJz&index=127,,,,,,,,,,,,,,,,,,,,30 Dec '99,,,,,30 Dec '99,,,,,,30 Dec '99,,,30 Dec '99,,,30 Dec '99,,,,,,,,,,,,,,,,,,,,,,,,,,,,,,
,149,-,,🇩🇰,Bloopy,,🗙,8:34.410,8:34.410,31 Oct 2025,(U),-6611883265830397474,,,https://www.youtube.com/watch?v=WJlhnd9qMjI,,,,,,,,,,,,,,,,,,,,30 Dec '99,,,,,30 Dec '99,,,,,,30 Dec '99,,,30 Dec '99,,,30 Dec '99,,,,,,,,,,,,,,,,,,,,,,,,,,,,,,
,150,-,,🇺🇸,doogile,,🗙,8:34.422,8:34.422,22 May 2025,(U),4475174620258750317,,,https://www.youtube.com/watch?v=rEmLQHlkBMs,,,,,,,,,,,,,,,,,,,,30 Dec '99,,,,,30 Dec '99,,,,,,30 Dec '99,,,30 Dec '99,,,30 Dec '99,,,,,,,,,,,,,,,,,,,,,,,,,,,,,,
,151,-,,🇺🇸,doogile,,🗙,8:31.615,8:34.469,03 Oct 2023,(U),2814215657097519375,,,https://www.youtube.com/watch?v=MruA0trsR5Y,,,,,,,,,,,,,,,,,,,,30 Dec '99,,,,,30 Dec '99,,,,,,30 Dec '99,,,30 Dec '99,,,30 Dec '99,,,,,,,,,,,,,,,,,,,,,,,,,,,,,,
,152,-,,🇳🇴,skycrab1,,🗙,8:34.709,8:34.709,13 Sep 2024,(U),-251105327808432283,,,https://www.youtube.com/watch?v=_Zw3t6qzR0A&list=PLU3_fvoJ1GyMStiA29z37DUPtG47PvOJz&index=69,,,,,,,,,,,,,,,,,,,,30 Dec '99,,,,,30 Dec '99,,,,,,30 Dec '99,,,30 Dec '99,,,30 Dec '99,,,,,,,,,,,,,,,,,,,,,,,,,,,,,,
,153,-,,🇸🇰,NoFear1337,,🗙,8:35.097,8:35.579,27 Dec 2023,(U),unknown,,,https://www.youtube.com/watch?v=op6VlwDM3Xo&list=PLaTJSsRuu2UeeWabBBfNVWALvnefBoL2C,,,,,,,,,,,,,,,,,,,,30 Dec '99,,,,,30 Dec '99,,,,,,30 Dec '99,,,30 Dec '99,,,30 Dec '99,,,,,,,,,,,,,,,,,,,,,,,,,,,,,,
,154,-,,🇳🇴,skycrab1,,🗙,8:34.852,8:35.797,03 Aug 2024,(U),-5772469146569821756,,,https://www.youtube.com/watch?v=b47aZUBK814&list=PLU3_fvoJ1GyMStiA29z37DUPtG47PvOJz&index=47,,,,,,,,,,,,,,,,,,,,30 Dec '99,,,,,30 Dec '99,,,,,,30 Dec '99,,,30 Dec '99,,,30 Dec '99,,,,,,,,,,,,,,,,,,,,,,,,,,,,,,
,155,-,,🇳🇴,skycrab1,,🗙,8:35.819,8:35.819,18 May 2025,(U),see video,,,https://www.youtube.com/watch?v=kDl3PmegjWA&list=PLU3_fvoJ1GyMStiA29z37DUPtG47PvOJz&index=124,,,,,,,,,,,,,,,,,,,,30 Dec '99,,,,,30 Dec '99,,,,,,30 Dec '99,,,30 Dec '99,,,30 Dec '99,,,,,,,,,,,,,,,,,,,,,,,,,,,,,,
,156,-,,🇺🇸,meebie,,🗙,8:35.914,8:35.914,18 Nov 2023,(U),-2503873430617653818,,,https://www.youtube.com/watch?v=c2uu-GXtiIc&list=PLaTJSsRuu2Ufk7cX7bUTt9V-IJxa8wqSM&index=5,,,,,,,,,,,,,,,,,,,,30 Dec '99,,,,,30 Dec '99,,,,,,30 Dec '99,,,30 Dec '99,,,30 Dec '99,,,,,,,,,,,,,,,,,,,,,,,,,,,,,,
,157,-,,🇵🇱,watermelon1708,,🗙,8:34.398,8:35.950,10 Nov 2025,(U),see video,,,https://www.youtube.com/watch?v=fEy7nXScnGI,,,,,,,,,,,,,,,,,,,,30 Dec '99,,,,,30 Dec '99,,,,,,30 Dec '99,,,30 Dec '99,,,30 Dec '99,,,,,,,,,,,,,,,,,,,,,,,,,,,,,,
,158,-,,🇸🇰,NoFear1337,,🗙,8:31.037,8:35.967,25 Dec 2023,(U),4143928542736581557,16,Yes,https://www.youtube.com/watch?v=wOf3KZ159XE,,,,,,,,,,,,,,,,,,,,30 Dec '99,,,,,30 Dec '99,,,,,,30 Dec '99,,,30 Dec '99,,,30 Dec '99,,,,,,,,,,,,,,,,,,,,,,,,,,,,,,
,159,-,,🇳🇴,skycrab1,,🗙,8:36.102,8:36.102,29 Oct 2024,(U),-3646678682630251613,,,https://www.youtube.com/watch?v=okNmE6As3I8&list=PLU3_fvoJ1GyMStiA29z37DUPtG47PvOJz&index=90,,,,,,,,,,,,,,,,,,,,30 Dec '99,,,,,30 Dec '99,,,,,,30 Dec '99,,,30 Dec '99,,,30 Dec '99,,,,,,,,,,,,,,,,,,,,,,,,,,,,,,
,160,-,,🇳🇴,skycrab1,,🗙,8:34.986,8:36.447,30 May 2024,(U),5645148096058568914,,,https://www.youtube.com/watch?v=qmxUkDzqJLA&list=PLU3_fvoJ1GyMStiA29z37DUPtG47PvOJz&index=25,,,,,,,,,,,,,,,,,,,,30 Dec '99,,,,,30 Dec '99,,,,,,30 Dec '99,,,30 Dec '99,,,30 Dec '99,,,,,,,,,,,,,,,,,,,,,,,,,,,,,,
,161,-,,🇳🇴,skycrab1,,🗙,8:35.909,8:36.678,13 Aug 2024,(U),-757577179228035098,,,https://www.youtube.com/watch?v=3jCFZ5mZbuw&list=PLU3_fvoJ1GyMStiA29z37DUPtG47PvOJz&index=53,,,,,,,,,,,,,,,,,,,,30 Dec '99,,,,,30 Dec '99,,,,,,30 Dec '99,,,30 Dec '99,,,30 Dec '99,,,,,,,,,,,,,,,,,,,,,,,,,,,,,,
,162,-,,🇳🇴,skycrab1,,🗙,8:36.197,8:36.807,30 Sep 2025,(U),unknown,,,https://www.youtube.com/watch?v=dGXgTgEdGVY&list=PLU3_fvoJ1GyMStiA29z37DUPtG47PvOJz&index=142,,,,,,,,,,,,,,,,,,,,30 Dec '99,,,,,30 Dec '99,,,,,,30 Dec '99,,,30 Dec '99,,,30 Dec '99,,,,,,,,,,,,,,,,,,,,,,,,,,,,,,
,163,-,,🇺🇸,doogile,,🗙,8:32.663,8:36.891,31 Mar 2024,(U),-8770456777787364691,,,https://www.youtube.com/watch?v=IRTvOCDfvbA,,,,,,,,,,,,,,,,,,,,30 Dec '99,,,,,30 Dec '99,,,,,,30 Dec '99,,,30 Dec '99,,,30 Dec '99,,,,,,,,,,,,,,,,,,,,,,,,,,,,,,
,164,-,,🇳🇴,skycrab1,,🗙,8:36.373,8:37.680,12 Jun 2024,(U),8302535928926204218,,,https://www.youtube.com/watch?v=RUtcNVLefnE&list=PLU3_fvoJ1GyMStiA29z37DUPtG47PvOJz&index=28,,,,,,,,,,,,,,,,,,,,30 Dec '99,,,,,30 Dec '99,,,,,,30 Dec '99,,,30 Dec '99,,,30 Dec '99,,,,,,,,,,,,,,,,,,,,,,,,,,,,,,
,165,-,,🇮🇱,sagi_enderman,✔,✔,8:31.726,8:37.884,29 Jul 2022,(V),-774874644388946464,,,https://www.speedrun.com/mc/runs/mkdld9xy,,,,,,,,,,,,,,,,,,,,30 Dec '99,,,,,30 Dec '99,,,,,,30 Dec '99,,,30 Dec '99,,,30 Dec '99,,,,,,,,,,,,,,,,,,,,,,,,,,,,,,
,166,-,,🇺🇸,meebie,,🗙,8:37.477,8:37.975,07 Aug 2023,(U),1459462342630812192,,,https://www.youtube.com/watch?v=C983h_XUVjM&list=PLaTJSsRuu2Ufk7cX7bUTt9V-IJxa8wqSM&index=3,,,,,,,,,,,,,,,,,,,,30 Dec '99,,,,,30 Dec '99,,,,,,30 Dec '99,,,30 Dec '99,,,30 Dec '99,,,,,,,,,,,,,,,,,,,,,,,,,,,,,,
,167,-,,🇳🇴,skycrab1,,🗙,8:38.021,8:38.021,06 May 2025,(U),unknown,,,https://www.youtube.com/watch?v=VTFc9umQMn8&list=PLU3_fvoJ1GyMStiA29z37DUPtG47PvOJz&index=120,,,,,,,,,,,,,,,,,,,,30 Dec '99,,,,,30 Dec '99,,,,,,30 Dec '99,,,30 Dec '99,,,30 Dec '99,,,,,,,,,,,,,,,,,,,,,,,,,,,,,,
,168,-,,🇨🇦,Jay12310,,🗙,8:36.088,8:38.790,24 Nov 2025,(U),unknown,,,https://www.youtube.com/watch?v=t3Th0f5TeHc&list=PLaTJSsRuu2UcsiC6KEkJwrGp1GaGgPoVG&index=7,,,,,,,,,,,,,,,,,,,,30 Dec '99,,,,,30 Dec '99,,,,,,30 Dec '99,,,30 Dec '99,,,30 Dec '99,,,,,,,,,,,,,,,,,,,,,,,,,,,,,,
,169,-,,🇨🇦,Jay12310,,🗙,8:39.147,8:39.147,06 Dec 2025,(U),unknown,,,https://www.youtube.com/watch?v=SSESxjNH_hk&list=PLaTJSsRuu2UcsiC6KEkJwrGp1GaGgPoVG&index=10,,,,,,,,,,,,,,,,,,,,30 Dec '99,,,,,30 Dec '99,,,,,,30 Dec '99,,,30 Dec '99,,,30 Dec '99,,,,,,,,,,,,,,,,,,,,,,,,,,,,,,
,170,-,,🇺🇸,doogile,,🗙,8:39.037,8:39.282,30 Mar 2025,(U),8886412600271699411,,,https://www.youtube.com/watch?v=u6qbrlizGMM,,,,,,,,,,,,,,,,,,,,30 Dec '99,,,,,30 Dec '99,,,,,,30 Dec '99,,,30 Dec '99,,,30 Dec '99,,,,,,,,,,,,,,,,,,,,,,,,,,,,,,
,171,-,,🇩🇰,Bloopy,,🗙,8:39.524,8:39.524,08 Feb 2025,(U),-1918684009025106856,,,https://www.youtube.com/watch?v=4Ncc5fSS7fU,,,,,,,,,,,,,,,,,,,,30 Dec '99,,,,,30 Dec '99,,,,,,30 Dec '99,,,30 Dec '99,,,30 Dec '99,,,,,,,,,,,,,,,,,,,,,,,,,,,,,,
,172,-,,🇩🇪,jason_n,,🗙,8:39.547,8:39.547,14 Sep 2024,(U),-6811725567637899791,,,https://www.youtube.com/watch?v=vO1lOV6z_rs,,,,,,,,,,,,,,,,,,,,30 Dec '99,,,,,30 Dec '99,,,,,,30 Dec '99,,,30 Dec '99,,,30 Dec '99,,,,,,,,,,,,,,,,,,,,,,,,,,,,,,
,173,-,,🇳🇴,skycrab1,,🗙,8:39.547,8:39.779,30 May 2025,(U),unknown,,,https://www.youtube.com/watch?v=NFMHJvhQb_w&list=PLU3_fvoJ1GyMStiA29z37DUPtG47PvOJz&index=129,,,,,,,,,,,,,,,,,,,,30 Dec '99,,,,,30 Dec '99,,,,,,30 Dec '99,,,30 Dec '99,,,30 Dec '99,,,,,,,,,,,,,,,,,,,,,,,,,,,,,,
,174,-,,🇵🇱,watermelon1708,,🗙,8:39.647,8:40.008,29 Nov 2025,(U),unknown,,,https://www.youtube.com/watch?v=t10Ij-c_N2s,,,,,,,,,,,,,,,,,,,,30 Dec '99,,,,,30 Dec '99,,,,,,30 Dec '99,,,30 Dec '99,,,30 Dec '99,,,,,,,,,,,,,,,,,,,,,,,,,,,,,,
,175,-,,🇩🇪,jason_n,,🗙,8:40.038,8:40.038,21 Aug 2024,(U),8973323366010797251,,,https://www.youtube.com/watch?v=wtVTAwET8cA,,,,,,,,,,,,,,,,,,,,30 Dec '99,,,,,30 Dec '99,,,,,,30 Dec '99,,,30 Dec '99,,,30 Dec '99,,,,,,,,,,,,,,,,,,,,,,,,,,,,,,
,176,-,,🇵🇱,watermelon1708,,🗙,8:39.979,8:40.694,15 Nov 2025,(U),unknown,,,https://www.youtube.com/watch?v=EKR-bvraczI,,,,,,,,,,,,,,,,,,,,30 Dec '99,,,,,30 Dec '99,,,,,,30 Dec '99,,,30 Dec '99,,,30 Dec '99,,,,,,,,,,,,,,,,,,,,,,,,,,,,,,
,177,-,,🇺🇸,doogile,,🗙,8:39.729,8:40.725,09 Dec 2023,(U),-5412281049038794009,,,https://www.youtube.com/watch?v=Jv2jo4YQLrw,,,,,,,,,,,,,,,,,,,,30 Dec '99,,,,,30 Dec '99,,,,,,30 Dec '99,,,30 Dec '99,,,30 Dec '99,,,,,,,,,,,,,,,,,,,,,,,,,,,,,,
,178,-,,🇺🇸,doogile,,🗙,8:40.768,8:40.768,16 Jul 2024,(U),8198000986967179551,,,https://www.youtube.com/watch?v=Ce_A0Sa97Hg,,,,,,,,,,,,,,,,,,,,30 Dec '99,,,,,30 Dec '99,,,,,,30 Dec '99,,,30 Dec '99,,,30 Dec '99,,,,,,,,,,,,,,,,,,,,,,,,,,,,,,
,179,-,,🇳🇴,skycrab1,,🗙,8:40.888,8:40.888,08 Dec 2025,(U),unknown,,,https://www.youtube.com/watch?v=xihX3p1Fp4s&list=PLU3_fvoJ1GyMStiA29z37DUPtG47PvOJz&index=153,,,,,,,,,,,,,,,,,,,,30 Dec '99,,,,,30 Dec '99,,,,,,30 Dec '99,,,30 Dec '99,,,30 Dec '99,,,,,,,,,,,,,,,,,,,,,,,,,,,,,,
,180,-,,🇳🇴,skycrab1,,🗙,8:40.847,8:41.542,18 May 2025,(U),unknown,,,https://www.youtube.com/watch?v=xJ01M7bzZw4&list=PLU3_fvoJ1GyMStiA29z37DUPtG47PvOJz&index=123,,,,,,,,,,,,,,,,,,,,30 Dec '99,,,,,30 Dec '99,,,,,,30 Dec '99,,,30 Dec '99,,,30 Dec '99,,,,,,,,,,,,,,,,,,,,,,,,,,,,,,
,181,-,,🇨🇦,Jay12310,,✔,8:41.613,8:41.613,31 Jan 2024,(V),-2567989600321826795,,,https://www.speedrun.com/mc/runs/z1ke12jy,,,,,,,,,,,,,,,,,,,,30 Dec '99,,,,,30 Dec '99,,,,,,30 Dec '99,,,30 Dec '99,,,30 Dec '99,,,,,,,,,,,,,,,,,,,,,,,,,,,,,,
,182,-,,🇨🇦,Aquacorde,,🗙,8:42.341,8:42.341,21 Jun 2025,(U),-7609881780988686655,,,https://www.youtube.com/watch?v=MuohhSr-XiM,,,,,,,,,,,,,,,,,,,,30 Dec '99,,,,,30 Dec '99,,,,,,30 Dec '99,,,30 Dec '99,,,30 Dec '99,,,,,,,,,,,,,,,,,,,,,,,,,,,,,,
,183,-,,🇺🇸,doogile,,🗙,8:42.117,8:42.986,28 Feb 2024,(U),5949882598636664818,,,https://www.youtube.com/watch?v=oCkkuqlQ9Po,,,,,,,,,,,,,,,,,,,,30 Dec '99,,,,,30 Dec '99,,,,,,30 Dec '99,,,30 Dec '99,,,30 Dec '99,,,,,,,,,,,,,,,,,,,,,,,,,,,,,,
,184,-,,🇺🇸,doogile,,🗙,8:43.991,8:43.991,13 Jul 2024,(U),-7771537069643682878,,,https://www.youtube.com/watch?v=TZ_zdyCgG4M,,,,,,,,,,,,,,,,,,,,30 Dec '99,,,,,30 Dec '99,,,,,,30 Dec '99,,,30 Dec '99,,,30 Dec '99,,,,,,,,,,,,,,,,,,,,,,,,,,,,,,
,185,-,,🇳🇴,skycrab1,,🗙,8:43.592,8:44.066,13 Jul 2025,(U),see video,,,https://www.youtube.com/watch?v=jDNFlZ8Sg58&list=PLU3_fvoJ1GyMStiA29z37DUPtG47PvOJz&index=132,,,,,,,,,,,,,,,,,,,,30 Dec '99,,,,,30 Dec '99,,,,,,30 Dec '99,,,30 Dec '99,,,30 Dec '99,,,,,,,,,,,,,,,,,,,,,,,,,,,,,,
,186,-,,🇩🇰,Bloopy,,🗙,8:44.147,8:44.147,14 Jan 2025,(U),865156050683453436,,,https://www.youtube.com/watch?v=mCIohgnMn6Q,,,,,,,,,,,,,,,,,,,,30 Dec '99,,,,,30 Dec '99,,,,,,30 Dec '99,,,30 Dec '99,,,30 Dec '99,,,,,,,,,,,,,,,,,,,,,,,,,,,,,,
,187,-,,🇸🇰,NoFear1337,,🗙,8:43.284,8:44.223,01 Jan 2024,(U),unknown,,,https://www.youtube.com/watch?v=qY2cZ8Sy2uY&list=PLaTJSsRuu2UeeWabBBfNVWALvnefBoL2C&index=3,,,,,,,,,,,,,,,,,,,,30 Dec '99,,,,,30 Dec '99,,,,,,30 Dec '99,,,30 Dec '99,,,30 Dec '99,,,,,,,,,,,,,,,,,,,,,,,,,,,,,,
,188,-,,🇨🇦,Jay12310,,🗙,8:44.276,8:44.276,10 Nov 2025,(U),unknown,,,https://www.youtube.com/watch?v=zPHrwr8ViFs&list=PLaTJSsRuu2UcsiC6KEkJwrGp1GaGgPoVG&index=6,,,,,,,,,,,,,,,,,,,,30 Dec '99,,,,,30 Dec '99,,,,,,30 Dec '99,,,30 Dec '99,,,30 Dec '99,,,,,,,,,,,,,,,,,,,,,,,,,,,,,,
,189,-,,🇺🇸,doogile,,🗙,8:43.409,8:44.369,22 Mar 2024,(U),3833476757322719608,,,https://www.youtube.com/watch?v=ReityME0-V4,,,,,,,,,,,,,,,,,,,,30 Dec '99,,,,,30 Dec '99,,,,,,30 Dec '99,,,30 Dec '99,,,30 Dec '99,,,,,,,,,,,,,,,,,,,,,,,,,,,,,,
,190,-,,🇳🇴,skycrab1,,🗙,8:43.341,8:44.403,08 May 2024,(U),unknown,,,https://www.youtube.com/watch?v=KxM7quLW_a0&list=PLU3_fvoJ1GyMStiA29z37DUPtG47PvOJz&index=19,,,,,,,,,,,,,,,,,,,,30 Dec '99,,,,,30 Dec '99,,,,,,30 Dec '99,,,30 Dec '99,,,30 Dec '99,,,,,,,,,,,,,,,,,,,,,,,,,,,,,,
,191,-,,🇨🇦,Aquacorde,,🗙,8:44.345,8:44.570,08 Jul 2025,(U),-1775700207608873533,,,https://www.youtube.com/watch?v=oEQpaV4i5Xo,,,,,,,,,,,,,,,,,,,,30 Dec '99,,,,,30 Dec '99,,,,,,30 Dec '99,,,30 Dec '99,,,30 Dec '99,,,,,,,,,,,,,,,,,,,,,,,,,,,,,,
,192,-,,🇳🇴,skycrab1,,🗙,8:41.713,8:44.753,09 Jun 2024,(U),3601997149186064061,,,https://www.youtube.com/watch?v=ARk7_DpxA8k&list=PLU3_fvoJ1GyMStiA29z37DUPtG47PvOJz&index=27,,,,,,,,,,,,,,,,,,,,30 Dec '99,,,,,30 Dec '99,,,,,,30 Dec '99,,,30 Dec '99,,,30 Dec '99,,,,,,,,,,,,,,,,,,,,,,,,,,,,,,
,193,-,,🇸🇰,NoFear1337,,🗙,8:44.741,8:45.020,09 Dec 2025,(U),unknown,,,https://www.youtube.com/watch?v=LrqzlWWtJ5s,,,,,,,,,,,,,,,,,,,,30 Dec '99,,,,,30 Dec '99,,,,,,30 Dec '99,,,30 Dec '99,,,30 Dec '99,,,,,,,,,,,,,,,,,,,,,,,,,,,,,,
,194,-,,🇬🇧,Kxpow,,✔,8:39.054,8:45.890,29 May 2023,(U),-8065244563761891233,08,Yes,https://www.youtube.com/watch?v=_Wdwq60t9tg,,,,,,,,,,,,,,,,,,,,30 Dec '99,,,,,30 Dec '99,,,,,,30 Dec '99,,,30 Dec '99,,,30 Dec '99,,,,,,,,,,,,,,,,,,,,,,,,,,,,,,
,195,-,,🇸🇰,NoFear1337,,✔,8:43.898,8:45.910,06 Apr 2023,(V),-7753826472617365003,06,Yes,https://www.speedrun.com/mc/run/ywv7303z,,,,,,,,,,,,,,,,,,,,30 Dec '99,,,,,30 Dec '99,,,,,,30 Dec '99,,,30 Dec '99,,,30 Dec '99,,,,,,,,,,,,,,,,,,,,,,,,,,,,,,
,196,-,,🇺🇸,doogile,,✔,8:46.031,8:46.031,27 Oct 2022,(V),8426484340228880879,,,https://www.speedrun.com/mc/runs/zq95v58y,,,,,,,,,,,,,,,,,,,,30 Dec '99,,,,,30 Dec '99,,,,,,30 Dec '99,,,30 Dec '99,,,30 Dec '99,,,,,,,,,,,,,,,,,,,,,,,,,,,,,,
,197,-,,🇳🇴,skycrab1,,🗙,8:45.053,8:46.049,08 Nov 2025,(U),see video,,,https://www.youtube.com/watch?v=wAckC_nZcLI&list=PLU3_fvoJ1GyMStiA29z37DUPtG47PvOJz&index=148,,,,,,,,,,,,,,,,,,,,30 Dec '99,,,,,30 Dec '99,,,,,,30 Dec '99,,,30 Dec '99,,,30 Dec '99,,,,,,,,,,,,,,,,,,,,,,,,,,,,,,
,198,-,,🇳🇴,skycrab1,,🗙,8:46.360,8:46.475,05 Dec 2025,(U),see video,,,https://www.youtube.com/watch?v=21D0838rJEA&list=PLU3_fvoJ1GyMStiA29z37DUPtG47PvOJz&index=151,,,,,,,,,,,,,,,,,,,,30 Dec '99,,,,,30 Dec '99,,,,,,30 Dec '99,,,30 Dec '99,,,30 Dec '99,,,,,,,,,,,,,,,,,,,,,,,,,,,,,,
,199,-,,🇳🇴,skycrab1,,🗙,8:46.809,8:46.809,19 Dec 2025,(U),see video,,,https://www.youtube.com/watch?v=C7eIdtsV1E0&list=PLU3_fvoJ1GyMStiA29z37DUPtG47PvOJz&index=161,,,,,,,,,,,,,,,,,,,,30 Dec '99,,,,,30 Dec '99,,,,,,30 Dec '99,,,30 Dec '99,,,30 Dec '99,,,,,,,,,,,,,,,,,,,,,,,,,,,,,,
,200,-,,🇺🇸,doogile,,🗙,8:45.693,8:47.009,10 Jun 2023,(U),3305404777235060755,,,https://www.youtube.com/watch?v=LJc8Ue_wMxc,,,,,,,,,,,,,,,,,,,,30 Dec '99,,,,,30 Dec '99,,,,,,30 Dec '99,,,30 Dec '99,,,30 Dec '99,,,,,,,,,,,,,,,,,,,,,,,,,,,,,,
,201,-,,🇳🇴,skycrab1,,🗙,8:48.708,8:48.708,20 Sep 2025,(U),see video,,,https://www.youtube.com/watch?v=QaK_cdmaPKQ&list=PLU3_fvoJ1GyMStiA29z37DUPtG47PvOJz&index=138,,,,,,,,,,,,,,,,,,,,30 Dec '99,,,,,30 Dec '99,,,,,,30 Dec '99,,,30 Dec '99,,,30 Dec '99,,,,,,,,,,,,,,,,,,,,,,,,,,,,,,
,202,-,,🇺🇸,doogile,,🗙,8:46.578,8:47.860,20 Aug 2023,(U),4103179370625614995,,,https://www.youtube.com/watch?v=uDN8xoI81Ys,,,,,,,,,,,,,,,,,,,,30 Dec '99,,,,,30 Dec '99,,,,,,30 Dec '99,,,30 Dec '99,,,30 Dec '99,,,,,,,,,,,,,,,,,,,,,,,,,,,,,,
,203,-,,🇳🇴,skycrab1,,🗙,8:47.874,8:47.874,27 Nov 2024,(U),6699117318653298892,,,https://www.youtube.com/watch?v=5ukarnI5ByU&list=PLU3_fvoJ1GyMStiA29z37DUPtG47PvOJz&index=99,,,,,,,,,,,,,,,,,,,,30 Dec '99,,,,,30 Dec '99,,,,,,30 Dec '99,,,30 Dec '99,,,30 Dec '99,,,,,,,,,,,,,,,,,,,,,,,,,,,,,,
,204,-,,🇩🇰,Bloopy,,🗙,8:47.901,8:47.901,22 Sep 2024,(U),3928864958060769511,,,https://www.youtube.com/watch?v=aNxuLYPmOdo,,,,,,,,,,,,,,,,,,,,30 Dec '99,,,,,30 Dec '99,,,,,,30 Dec '99,,,30 Dec '99,,,30 Dec '99,,,,,,,,,,,,,,,,,,,,,,,,,,,,,,
,205,52,🇨🇦,silverr,,,✔,9:46.965,8:47.927,22 Oct 2022,(V),2855607942042314683,,,https://www.speedrun.com/mc/runs/zgq688ey,,,,,,,,,,,,,,,,,,,,30 Dec '99,,,,,30 Dec '99,,,,,,30 Dec '99,,,30 Dec '99,,,30 Dec '99,,,,,,,,,,,,,,,,,,,,,,,,,,,,,,
,206,-,,🇺🇸,doogile,,🗙,8:46.669,8:48.064,10 Dec 2023,(U),-842020506674052183,,,https://www.youtube.com/watch?v=lirP0lAFhMI,,,,,,,,,,,,,,,,,,,,30 Dec '99,,,,,30 Dec '99,,,,,,30 Dec '99,,,30 Dec '99,,,30 Dec '99,,,,,,,,,,,,,,,,,,,,,,,,,,,,,,
,207,-,,🇺🇸,doogile,,🗙,8:48.089,8:48.089,23 Jul 2024,(U),-8431738247847193587,,,https://www.youtube.com/watch?v=RMvtU2KWgYM,,,,,,,,,,,,,,,,,,,,30 Dec '99,,,,,30 Dec '99,,,,,,30 Dec '99,,,30 Dec '99,,,30 Dec '99,,,,,,,,,,,,,,,,,,,,,,,,,,,,,,
,208,-,,🇨🇦,NoHacsJustRoblox,,🗙,8:48.505,8:48.505,08 May 2024,(U),unknown,,,https://www.youtube.com/watch?v=5UDUfLkhEoQ,,,,,,,,,,,,,,,,,,,,30 Dec '99,,,,,30 Dec '99,,,,,,30 Dec '99,,,30 Dec '99,,,30 Dec '99,,,,,,,,,,,,,,,,,,,,,,,,,,,,,,
,209,-,,🇳🇴,skycrab1,,🗙,8:48.529,8:48.529,03 Feb 2025,(U),2881897363802283355,,,https://www.youtube.com/watch?v=-3u6nTAXcUM&list=PLU3_fvoJ1GyMStiA29z37DUPtG47PvOJz&index=114,,,,,,,,,,,,,,,,,,,,30 Dec '99,,,,,30 Dec '99,,,,,,30 Dec '99,,,30 Dec '99,,,30 Dec '99,,,,,,,,,,,,,,,,,,,,,,,,,,,,,,
,210,-,,🇳🇴,skycrab1,,🗙,8:48.873,8:48.873,10 Dec 2024,(U),2315176208545760284,,,https://www.youtube.com/watch?v=_u3kwy8rXbI&list=PLU3_fvoJ1GyMStiA29z37DUPtG47PvOJz&index=102,,,,,,,,,,,,,,,,,,,,30 Dec '99,,,,,30 Dec '99,,,,,,30 Dec '99,,,30 Dec '99,,,30 Dec '99,,,,,,,,,,,,,,,,,,,,,,,,,,,,,,
,211,-,,🇵🇱,watermelon1708,,🗙,8:45.180,8:49.596,22 Dec 2025,(U),see video,,,https://www.youtube.com/watch?v=oDrlzG59d00,,,,,,,,,,,,,,,,,,,,30 Dec '99,,,,,30 Dec '99,,,,,,30 Dec '99,,,30 Dec '99,,,30 Dec '99,,,,,,,,,,,,,,,,,,,,,,,,,,,,,,
,212,-,,🇳🇴,skycrab1,,🗙,8:49.936,8:49.936,08 Nov 2025,(U),see video,,,https://www.youtube.com/watch?v=5haOUDeGf-A&list=PLU3_fvoJ1GyMStiA29z37DUPtG47PvOJz&index=149,,,,,,,,,,,,,,,,,,,,30 Dec '99,,,,,30 Dec '99,,,,,,30 Dec '99,,,30 Dec '99,,,30 Dec '99,,,,,,,,,,,,,,,,,,,,,,,,,,,,,,
,213,-,,🇺🇸,meebie,,🗙,8:48.596,8:50.051,03 Sep 2023,(U),7299498132050335302,15,Yes,https://www.youtube.com/watch?v=LMy95QFL1VM,,,,,,,,,,,,,,,,,,,,30 Dec '99,,,,,30 Dec '99,,,,,,30 Dec '99,,,30 Dec '99,,,30 Dec '99,,,,,,,,,,,,,,,,,,,,,,,,,,,,,,
,214,-,,🇸🇰,NoFear1337,,🗙,8:50.451,8:50.501,19 Oct 2023,(U),unknown,,,https://www.youtube.com/watch?v=Wq1CcMWfAsY,,,,,,,,,,,,,,,,,,,,30 Dec '99,,,,,30 Dec '99,,,,,,30 Dec '99,,,30 Dec '99,,,30 Dec '99,,,,,,,,,,,,,,,,,,,,,,,,,,,,,,
,215,-,,🇨🇦,Aquacorde,,🗙,8:50.506,8:50.506,19 Jul 2025,(U),-7616555443413747711,,,https://www.youtube.com/watch?v=68HoZv27LzI,,,,,,,,,,,,,,,,,,,,30 Dec '99,,,,,30 Dec '99,,,,,,30 Dec '99,,,30 Dec '99,,,30 Dec '99,,,,,,,,,,,,,,,,,,,,,,,,,,,,,,
,216,-,,🇳🇴,skycrab1,,🗙,8:50.803,8:50.803,05 May 2025,(U),unknown,,,https://www.youtube.com/watch?v=yXdhGgJyuoQ&list=PLU3_fvoJ1GyMStiA29z37DUPtG47PvOJz&index=119,,,,,,,,,,,,,,,,,,,,30 Dec '99,,,,,30 Dec '99,,,,,,30 Dec '99,,,30 Dec '99,,,30 Dec '99,,,,,,,,,,,,,,,,,,,,,,,,,,,,,,
,217,-,,🇳🇴,skycrab1,,🗙,8:50.545,8:51.236,10 Aug 2024,(U),-3197286302200123556,,,https://www.youtube.com/watch?v=k1eYrv60vEg&list=PLU3_fvoJ1GyMStiA29z37DUPtG47PvOJz&index=50,,,,,,,,,,,,,,,,,,,,30 Dec '99,,,,,30 Dec '99,,,,,,30 Dec '99,,,30 Dec '99,,,30 Dec '99,,,,,,,,,,,,,,,,,,,,,,,,,,,,,,
,218,-,,🇨🇦,NoHacsJustRoblox,,🗙,8:51.843,8:52.318,01 Dec 2024,(U),unknown,,,https://www.youtube.com/watch?v=Z6z82Y5kP4k,,,,,,,,,,,,,,,,,,,,30 Dec '99,,,,,30 Dec '99,,,,,,30 Dec '99,,,30 Dec '99,,,30 Dec '99,,,,,,,,,,,,,,,,,,,,,,,,,,,,,,
,219,-,,🇺🇸,doogile,,🗙,8:51.678,8:52.413,10 Dec 2023,(U),-5260994394316547335,,,https://www.youtube.com/watch?v=OW5kwKZPOzU,,,,,,,,,,,,,,,,,,,,30 Dec '99,,,,,30 Dec '99,,,,,,30 Dec '99,,,30 Dec '99,,,30 Dec '99,,,,,,,,,,,,,,,,,,,,,,,,,,,,,,
,220,-,,🇸🇰,NoFear1337,,🗙,8:51.877,8:53.246,20 Sep 2025,(U),unknown,,,https://www.youtube.com/watch?v=AEz9SIx1tgc,,,,,,,,,,,,,,,,,,,,30 Dec '99,,,,,30 Dec '99,,,,,,30 Dec '99,,,30 Dec '99,,,30 Dec '99,,,,,,,,,,,,,,,,,,,,,,,,,,,,,,
,221,-,,🇵🇱,watermelon1708,,🗙,8:52.609,8:54.133,05 Nov 2025,(U),unknown,,,https://www.youtube.com/watch?v=x_zdSf7bhIg,,,,,,,,,,,,,,,,,,,,30 Dec '99,,,,,30 Dec '99,,,,,,30 Dec '99,,,30 Dec '99,,,30 Dec '99,,,,,,,,,,,,,,,,,,,,,,,,,,,,,,
,222,-,,🇳🇴,skycrab1,,🗙,8:52.230,8:52.230,11 Nov 2024,(U),-2877178576147619973,,,https://www.youtube.com/watch?v=65224Q7ZkCQ&list=PLU3_fvoJ1GyMStiA29z37DUPtG47PvOJz&index=92,,,,,,,,,,,,,,,,,,,,30 Dec '99,,,,,30 Dec '99,,,,,,30 Dec '99,,,30 Dec '99,,,30 Dec '99,,,,,,,,,,,,,,,,,,,,,,,,,,,,,,
,223,-,,🇳🇴,skycrab1,,🗙,8:53.059,8:55.075,17 Jun 2024,(U),-1214553875519321530,,,https://www.youtube.com/watch?v=UbiUU4PS8Yg&list=PLU3_fvoJ1GyMStiA29z37DUPtG47PvOJz&index=34,,,,,,,,,,,,,,,,,,,,30 Dec '99,,,,,30 Dec '99,,,,,,30 Dec '99,,,30 Dec '99,,,30 Dec '99,,,,,,,,,,,,,,,,,,,,,,,,,,,,,,
,224,-,,🇳🇴,skycrab1,,🗙,8:55.209,8:55.494,29 Apr 2025,(U),unknown,,,https://www.youtube.com/watch?v=Jv4hwkbrykA&list=PLU3_fvoJ1GyMStiA29z37DUPtG47PvOJz&index=118,,,,,,,,,,,,,,,,,,,,30 Dec '99,,,,,30 Dec '99,,,,,,30 Dec '99,,,30 Dec '99,,,30 Dec '99,,,,,,,,,,,,,,,,,,,,,,,,,,,,,,
,225,-,,🇺🇸,doogile,,🗙,8:56.053,8:56.053,24 Mar 2025,(U),-4743958313443045268,,,https://www.youtube.com/watch?v=MOF0Iu9SBKo,,,,,,,,,,,,,,,,,,,,30 Dec '99,,,,,30 Dec '99,,,,,,30 Dec '99,,,30 Dec '99,,,30 Dec '99,,,,,,,,,,,,,,,,,,,,,,,,,,,,,,
,226,-,,🇸🇰,NoFear1337,,🗙,8:55.940,8:56.651,09 Sep 2024,(U),unknown,,,https://www.youtube.com/watch?v=OFKGxnx2P38&list=PLaTJSsRuu2UeeWabBBfNVWALvnefBoL2C&index=12,,,,,,,,,,,,,,,,,,,,30 Dec '99,,,,,30 Dec '99,,,,,,30 Dec '99,,,30 Dec '99,,,30 Dec '99,,,,,,,,,,,,,,,,,,,,,,,,,,,,,,
,227,-,,🇸🇰,NoFear1337,,🗙,8:55.740,8:56.923,27 Mar 2024,(U),unknown,,,https://www.youtube.com/watch?v=NMjC1md2rGE&list=PLaTJSsRuu2UeeWabBBfNVWALvnefBoL2C&index=8,,,,,,,,,,,,,,,,,,,,30 Dec '99,,,,,30 Dec '99,,,,,,30 Dec '99,,,30 Dec '99,,,30 Dec '99,,,,,,,,,,,,,,,,,,,,,,,,,,,,,,
,228,-,,🇨🇦,Aquacorde,,✔,8:57.720,8:57.720,25 Jul 2024,(V),3015905876303256572,,,https://www.speedrun.com/mc/runs/m3j14wdz,,,,,,,,,,,,,,,,,,,,30 Dec '99,,,,,30 Dec '99,,,,,,30 Dec '99,,,30 Dec '99,,,30 Dec '99,,,,,,,,,,,,,,,,,,,,,,,,,,,,,,
,229,-,,🇨🇦,Aquacorde,,🗙,8:57.744,8:57.744,21 Jul 2025,(U),2089452302138806331,,,https://www.youtube.com/watch?v=4Cu-z1JTQKs,,,,,,,,,,,,,,,,,,,,30 Dec '99,,,,,30 Dec '99,,,,,,30 Dec '99,,,30 Dec '99,,,30 Dec '99,,,,,,,,,,,,,,,,,,,,,,,,,,,,,,
,230,-,,🇳🇴,skycrab1,,🗙,8:59.293,8:59.293,11 Sep 2024,(U),-6389114711842986192,,,https://www.youtube.com/watch?v=8hzE9Hw6gAU&list=PLU3_fvoJ1GyMStiA29z37DUPtG47PvOJz&index=67,,,,,,,,,,,,,,,,,,,,30 Dec '99,,,,,30 Dec '99,,,,,,30 Dec '99,,,30 Dec '99,,,30 Dec '99,,,,,,,,,,,,,,,,,,,,,,,,,,,,,,
,231,-,,🇳🇴,skycrab1,,🗙,8:49.409,8:49.409,28 May 2025,(U),unknown,,,https://www.youtube.com/watch?v=xyDX6i-JbRU&list=PLU3_fvoJ1GyMStiA29z37DUPtG47PvOJz&index=128,,,,,,,,,,,,,,,,,,,,30 Dec '99,,,,,30 Dec '99,,,,,,30 Dec '99,,,30 Dec '99,,,30 Dec '99,,,,,,,,,,,,,,,,,,,,,,,,,,,,,,
,232,-,,🇩🇰,Bloopy,,🗙,8:59.432,8:59.432,16 May 2025,(U),-18983467290883032,,,https://www.youtube.com/watch?v=514JjNvEQK4,,,,,,,,,,,,,,,,,,,,30 Dec '99,,,,,30 Dec '99,,,,,,30 Dec '99,,,30 Dec '99,,,30 Dec '99,,,,,,,,,,,,,,,,,,,,,,,,,,,,,,
,233,-,,🇺🇸,meebie,,🗙,8:59.573,8:59.573,19 Nov 2023,(U),-1575876630213539597,12,Yes,https://www.youtube.com/watch?v=zJnvTxa-tIw,,,,,,,,,,,,,,,,,,,,30 Dec '99,,,,,30 Dec '99,,,,,,30 Dec '99,,,30 Dec '99,,,30 Dec '99,,,,,,,,,,,,,,,,,,,,,,,,,,,,,,
,234,-,,🇩🇰,Bloopy,,🗙,9:00.170,9:00.170,05 Oct 2024,(U),-5352242782529280836,,,https://www.youtube.com/watch?v=fRLq2qYkV40,,,,,,,,,,,,,,,,,,,,30 Dec '99,,,,,30 Dec '99,,,,,,30 Dec '99,,,30 Dec '99,,,30 Dec '99,,,,,,,,,,,,,,,,,,,,,,,,,,,,,,
,235,-,,🇨🇦,Aquacorde,,🗙,9:00.365,9:00.365,21 Aug 2024,(U),-3831818911159801954,,,https://www.youtube.com/watch?v=3dW5m8cUe6A,,,,,,,,,,,,,,,,,,,,30 Dec '99,,,,,30 Dec '99,,,,,,30 Dec '99,,,30 Dec '99,,,30 Dec '99,,,,,,,,,,,,,,,,,,,,,,,,,,,,,,
,236,-,,🇵🇱,watermelon1708,,🗙,8:59.980,9:00.400,06 Dec 2025,(U),unknown,,,https://www.youtube.com/watch?v=NKfTh40LmXo,,,,,,,,,,,,,,,,,,,,30 Dec '99,,,,,30 Dec '99,,,,,,30 Dec '99,,,30 Dec '99,,,30 Dec '99,,,,,,,,,,,,,,,,,,,,,,,,,,,,,,
,237,-,,🇳🇴,skycrab1,,🗙,9:00.416,9:00.416,18 Dec 2024,(U),-2825863056396066441,,,https://www.youtube.com/watch?v=QuzaLR4dZX0&list=PLU3_fvoJ1GyMStiA29z37DUPtG47PvOJz&index=104,,,,,,,,,,,,,,,,,,,,30 Dec '99,,,,,30 Dec '99,,,,,,30 Dec '99,,,30 Dec '99,,,30 Dec '99,,,,,,,,,,,,,,,,,,,,,,,,,,,,,,
,238,-,,🇳🇴,skycrab1,,🗙,8:59.994,9:00.517,15 Aug 2024,(U),6950286062050709827,,,https://www.youtube.com/watch?v=GdrxXjooUA4&list=PLU3_fvoJ1GyMStiA29z37DUPtG47PvOJz&index=56,,,,,,,,,,,,,,,,,,,,30 Dec '99,,,,,30 Dec '99,,,,,,30 Dec '99,,,30 Dec '99,,,30 Dec '99,,,,,,,,,,,,,,,,,,,,,,,,,,,,,,
,239,-,,🇸🇰,NoFear1337,,🗙,8:57.699,9:00.720,14 Apr 2023,(U),unknown,,,https://www.youtube.com/watch?v=HRrYCllMZvI,,,,,,,,,,,,,,,,,,,,30 Dec '99,,,,,30 Dec '99,,,,,,30 Dec '99,,,30 Dec '99,,,30 Dec '99,,,,,,,,,,,,,,,,,,,,,,,,,,,,,,
,240,-,,🇳🇴,skycrab1,,✔,8:59.353,9:01.102,05 Nov 2023,(V),-7277035047426370667,,,https://www.speedrun.com/mc/runs/yd2e770m,,,,,,,,,,,,,,,,,,,,30 Dec '99,,,,,30 Dec '99,,,,,,30 Dec '99,,,30 Dec '99,,,30 Dec '99,,,,,,,,,,,,,,,,,,,,,,,,,,,,,,
,241,-,,🇺🇸,doogile,,🗙,8:59.983,9:01.127,06 Oct 2023,(U),9195494537967252613,,,https://www.youtube.com/watch?v=lUWGWVc40zo,,,,,,,,,,,,,,,,,,,,30 Dec '99,,,,,30 Dec '99,,,,,,30 Dec '99,,,30 Dec '99,,,30 Dec '99,,,,,,,,,,,,,,,,,,,,,,,,,,,,,,
,242,-,,🇩🇰,Bloopy,,🗙,9:01.143,9:01.143,18 Jan 2025,(U),-7620737076103346510,,,https://www.youtube.com/watch?v=d9vkKsLySa0,,,,,,,,,,,,,,,,,,,,30 Dec '99,,,,,30 Dec '99,,,,,,30 Dec '99,,,30 Dec '99,,,30 Dec '99,,,,,,,,,,,,,,,,,,,,,,,,,,,,,,
,243,-,,🇺🇸,doogile,,🗙,9:01.449,9:01.449,25 May 2024,(U),-7536657347809840728,,,https://www.youtube.com/watch?v=fqNFbLGUKeA,,,,,,,,,,,,,,,,,,,,30 Dec '99,,,,,30 Dec '99,,,,,,30 Dec '99,,,30 Dec '99,,,30 Dec '99,,,,,,,,,,,,,,,,,,,,,,,,,,,,,,
,244,-,,🇩🇰,Bloopy,,🗙,9:01.455,9:01.455,29 Jan 2025,(U),-3030095061520695931,,,https://www.youtube.com/watch?v=VGY1zOH0JTc,,,,,,,,,,,,,,,,,,,,30 Dec '99,,,,,30 Dec '99,,,,,,30 Dec '99,,,30 Dec '99,,,30 Dec '99,,,,,,,,,,,,,,,,,,,,,,,,,,,,,,
,245,-,,🇵🇱,watermelon1708,,🗙,8:59.859,9:01.423,25 Dec 2025,(U),see video,,,https://www.youtube.com/watch?v=cE3J7k4Sshc,,,,,,,,,,,,,,,,,,,,30 Dec '99,,,,,30 Dec '99,,,,,,30 Dec '99,,,30 Dec '99,,,30 Dec '99,,,,,,,,,,,,,,,,,,,,,,,,,,,,,,
,246,-,,🇵🇱,watermelon1708,,🗙,8:57.165,9:01.510,21 Oct 2025,(U),unknown,,,https://www.youtube.com/watch?v=bgofOfS1s1A,,,,,,,,,,,,,,,,,,,,30 Dec '99,,,,,30 Dec '99,,,,,,30 Dec '99,,,30 Dec '99,,,30 Dec '99,,,,,,,,,,,,,,,,,,,,,,,,,,,,,,
,247,-,,🇳🇴,skycrab1,,🗙,9:01.581,9:01.581,24 Oct 2024,(U),5396784990910154852,,,https://www.youtube.com/watch?v=7QvmYogun44&list=PLU3_fvoJ1GyMStiA29z37DUPtG47PvOJz&index=88,,,,,,,,,,,,,,,,,,,,30 Dec '99,,,,,30 Dec '99,,,,,,30 Dec '99,,,30 Dec '99,,,30 Dec '99,,,,,,,,,,,,,,,,,,,,,,,,,,,,,,
,248,-,,🇨🇦,NoHacsJustRoblox,,🗙,9:00.675,9:01.646,03 Sep 2024,(U),7108735323901756884,,,https://www.youtube.com/watch?v=1F8ZBRB354Y,,,,,,,,,,,,,,,,,,,,30 Dec '99,,,,,30 Dec '99,,,,,,30 Dec '99,,,30 Dec '99,,,30 Dec '99,,,,,,,,,,,,,,,,,,,,,,,,,,,,,,
,249,-,,🇳🇴,skycrab1,,🗙,9:01.851,9:01.851,06 Oct 2024,,5584430862827466527,,,https://www.youtube.com/watch?v=XLXBEG_9Z2M&list=PLU3_fvoJ1GyMStiA29z37DUPtG47PvOJz&index=76,,,,,,,,,,,,,,,,,,,,30 Dec '99,,,,,30 Dec '99,,,,,,30 Dec '99,,,30 Dec '99,,,30 Dec '99,,,,,,,,,,,,,,,,,,,,,,,,,,,,,,
,250,-,,🇺🇸,doogile,,🗙,9:01.361,9:01.856,17 Mar 2024,(U),-423824187334230143,,,https://www.youtube.com/watch?v=9aJOIrN2g-A,,,,,,,,,,,,,,,,,,,,30 Dec '99,,,,,30 Dec '99,,,,,,30 Dec '99,,,30 Dec '99,,,30 Dec '99,,,,,,,,,,,,,,,,,,,,,,,,,,,,,,
,251,-,,🇳🇴,skycrab1,,🗙,9:02.423,9:02.423,30 Aug 2024,(U),3049901205395221348,,,https://www.youtube.com/watch?v=PPXIiFSl4dc&list=PLU3_fvoJ1GyMStiA29z37DUPtG47PvOJz&index=62,,,,,,,,,,,,,,,,,,,,30 Dec '99,,,,,30 Dec '99,,,,,,30 Dec '99,,,30 Dec '99,,,30 Dec '99,,,,,,,,,,,,,,,,,,,,,,,,,,,,,,
,252,-,,🇸🇰,NoFear1337,,🗙,9:02.402,9:02.859,30 Jun 2025,(U),unknown,,,https://www.youtube.com/watch?v=6HhUuitsxGs,,,,,,,,,,,,,,,,,,,,30 Dec '99,,,,,30 Dec '99,,,,,,30 Dec '99,,,30 Dec '99,,,30 Dec '99,,,,,,,,,,,,,,,,,,,,,,,,,,,,,,
,253,-,,🇩🇰,Bloopy,,✔,9:02.325,9:02.890,20 Jul 2024,(U),-3162138013269904068,,,https://www.youtube.com/watch?v=LQVoVG-qCYo,,,,,,,,,,,,,,,,,,,,30 Dec '99,,,,,30 Dec '99,,,,,,30 Dec '99,,,30 Dec '99,,,30 Dec '99,,,,,,,,,,,,,,,,,,,,,,,,,,,,,,
,254,-,,🇩🇰,Bloopy,,✔,9:03.208,9:03.208,09 Mar 2024,(V),327741930004183264,,,https://www.speedrun.com/mc/runs/zq8w755z,,,,,,,,,,,,,,,,,,,,30 Dec '99,,,,,30 Dec '99,,,,,,30 Dec '99,,,30 Dec '99,,,30 Dec '99,,,,,,,,,,,,,,,,,,,,,,,,,,,,,,
,255,-,,🇨🇦,Aquacorde,,🗙,9:03.483,9:03.483,15 Jul 2025,(U),3586604150107286256,,,https://www.youtube.com/watch?v=HlKgDCEfr1M,,,,,,,,,,,,,,,,,,,,30 Dec '99,,,,,30 Dec '99,,,,,,30 Dec '99,,,30 Dec '99,,,30 Dec '99,,,,,,,,,,,,,,,,,,,,,,,,,,,,,,
,256,-,,🇺🇸,doogile,,🗙,8:58.672,9:04.680,20 Oct 2023,(U),5170768254742346902,,,https://www.youtube.com/watch?v=nX477DDwCp4,,,,,,,,,,,,,,,,,,,,30 Dec '99,,,,,30 Dec '99,,,,,,30 Dec '99,,,30 Dec '99,,,30 Dec '99,,,,,,,,,,,,,,,,,,,,,,,,,,,,,,
,257,-,,🇳🇴,skycrab1,,🗙,9:03.846,9:05.167,01 Dec 2023,(U),5228422525265565557,,,https://www.youtube.com/watch?v=Qe_QUpUyPbc&list=PLU3_fvoJ1GyMStiA29z37DUPtG47PvOJz&index=5,,,,,,,,,,,,,,,,,,,,30 Dec '99,,,,,30 Dec '99,,,,,,30 Dec '99,,,30 Dec '99,,,30 Dec '99,,,,,,,,,,,,,,,,,,,,,,,,,,,,,,
,258,-,,🇺🇸,doogile,,🗙,9:03.653,9:05.189,03 Jul 2024,(U),-1944357644516820181,,,https://www.youtube.com/watch?v=2PrVhqKEWwk,,,,,,,,,,,,,,,,,,,,30 Dec '99,,,,,30 Dec '99,,,,,,30 Dec '99,,,30 Dec '99,,,30 Dec '99,,,,,,,,,,,,,,,,,,,,,,,,,,,,,,
,259,-,,🇨🇦,Jay12310,,🗙,9:05.451,9:05.451,16 Mar 2024,(U),see video,,,https://www.youtube.com/watch?v=ivDOaiqp9jM&list=PLaTJSsRuu2UcsiC6KEkJwrGp1GaGgPoVG&index=2,,,,,,,,,,,,,,,,,,,,30 Dec '99,,,,,30 Dec '99,,,,,,30 Dec '99,,,30 Dec '99,,,30 Dec '99,,,,,,,,,,,,,,,,,,,,,,,,,,,,,,
,260,-,,🇺🇸,doogile,,🗙,9:05.184,9:05.845,06 Nov 2023,(U),5873759299326194645,,,https://www.youtube.com/watch?v=5MtswX7IfB4,,,,,,,,,,,,,,,,,,,,30 Dec '99,,,,,30 Dec '99,,,,,,30 Dec '99,,,30 Dec '99,,,30 Dec '99,,,,,,,,,,,,,,,,,,,,,,,,,,,,,,
,261,-,,🇳🇴,skycrab1,,🗙,9:04.821,9:06.518,16 Oct 2024,(U),1509054890108880200,,,https://www.youtube.com/watch?v=o2BhtRPoBl8&list=PLU3_fvoJ1GyMStiA29z37DUPtG47PvOJz&index=83,,,,,,,,,,,,,,,,,,,,30 Dec '99,,,,,30 Dec '99,,,,,,30 Dec '99,,,30 Dec '99,,,30 Dec '99,,,,,,,,,,,,,,,,,,,,,,,,,,,,,,
,262,-,,🇳🇴,skycrab1,,🗙,9:07.149,9:07.149,10 Oct 2024,(U),-1175900086044057204,,,https://www.youtube.com/watch?v=A-29KTnAD2I&list=PLU3_fvoJ1GyMStiA29z37DUPtG47PvOJz&index=82,,,,,,,,,,,,,,,,,,,,30 Dec '99,,,,,30 Dec '99,,,,,,30 Dec '99,,,30 Dec '99,,,30 Dec '99,,,,,,,,,,,,,,,,,,,,,,,,,,,,,,
,263,-,,🇳🇴,skycrab1,,🗙,9:07.112,9:07.112,28 Apr 2025,(U),unknown,,,https://www.youtube.com/watch?v=o710MyvzZRc&list=PLU3_fvoJ1GyMStiA29z37DUPtG47PvOJz&index=117,,,,,,,,,,,,,,,,,,,,30 Dec '99,,,,,30 Dec '99,,,,,,30 Dec '99,,,30 Dec '99,,,30 Dec '99,,,,,,,,,,,,,,,,,,,,,,,,,,,,,,
,264,-,,🇳🇴,skycrab1,,🗙,9:07.485,9:07.485,08 Feb 2025,(U),3737533492080781915,,,https://www.youtube.com/watch?v=vIyLdcMlpzU&list=PLU3_fvoJ1GyMStiA29z37DUPtG47PvOJz&index=116,,,,,,,,,,,,,,,,,,,,30 Dec '99,,,,,30 Dec '99,,,,,,30 Dec '99,,,30 Dec '99,,,30 Dec '99,,,,,,,,,,,,,,,,,,,,,,,,,,,,,,
,265,-,,🇳🇴,skycrab1,,🗙,9:07.893,9:07.893,16 Nov 2024,(U),3572344265609154792,,,https://www.youtube.com/watch?v=GB4EvDhnAj0&list=PLU3_fvoJ1GyMStiA29z37DUPtG47PvOJz&index=94,,,,,,,,,,,,,,,,,,,,30 Dec '99,,,,,30 Dec '99,,,,,,30 Dec '99,,,30 Dec '99,,,30 Dec '99,,,,,,,,,,,,,,,,,,,,,,,,,,,,,,
,266,-,,🇺🇸,doogile,,🗙,9:07.950,9:07.950,16 Aug 2024,(U),unknown,,,https://www.youtube.com/watch?v=rVh_EFcoA_Q,,,,,,,,,,,,,,,,,,,,30 Dec '99,,,,,30 Dec '99,,,,,,30 Dec '99,,,30 Dec '99,,,30 Dec '99,,,,,,,,,,,,,,,,,,,,,,,,,,,,,,
,267,-,,🇳🇴,skycrab1,,🗙,9:02.208,9:08.108,24 Aug 2024,(U),8200471492953039268,,,https://www.youtube.com/watch?v=7kCryLBekaY&list=PLU3_fvoJ1GyMStiA29z37DUPtG47PvOJz&index=59,,,,,,,,,,,,,,,,,,,,30 Dec '99,,,,,30 Dec '99,,,,,,30 Dec '99,,,30 Dec '99,,,30 Dec '99,,,,,,,,,,,,,,,,,,,,,,,,,,,,,,
,268,-,,🇳🇴,skycrab1,,🗙,9:08.173,9:08.173,22 Jul 2025,(U),unknown,,,https://www.youtube.com/watch?v=ywxlACuqAe0&list=PLU3_fvoJ1GyMStiA29z37DUPtG47PvOJz&index=137,,,,,,,,,,,,,,,,,,,,30 Dec '99,,,,,30 Dec '99,,,,,,30 Dec '99,,,30 Dec '99,,,30 Dec '99,,,,,,,,,,,,,,,,,,,,,,,,,,,,,,
,269,-,,🇧🇪,boyenn,,🗙,9:08.407,9:08.407,09 Mar 2025,(U),unknown,,,https://www.youtube.com/watch?v=PIdpIYU0iN8,,,,,,,,,,,,,,,,,,,,30 Dec '99,,,,,30 Dec '99,,,,,,30 Dec '99,,,30 Dec '99,,,30 Dec '99,,,,,,,,,,,,,,,,,,,,,,,,,,,,,,
,270,-,,🇸🇰,NoFear1337,,🗙,9:08.371,9:08.421,08 Jun 2023,(U),unknown,,,https://www.youtube.com/watch?v=IffgSK8FXyU,,,,,,,,,,,,,,,,,,,,30 Dec '99,,,,,30 Dec '99,,,,,,30 Dec '99,,,30 Dec '99,,,30 Dec '99,,,,,,,,,,,,,,,,,,,,,,,,,,,,,,
,271,-,,🇨🇦,Aquacorde,,🗙,9:08.473,9:08.473,17 Jul 2025,(U),-4757456621971521047,,,https://www.youtube.com/watch?v=3NgUon3iBFM,,,,,,,,,,,,,,,,,,,,30 Dec '99,,,,,30 Dec '99,,,,,,30 Dec '99,,,30 Dec '99,,,30 Dec '99,,,,,,,,,,,,,,,,,,,,,,,,,,,,,,
,272,-,,🇸🇰,NoFear1337,,🗙,9:05.980,9:08.551,02 Feb 2024,(U),unknown,,,https://www.youtube.com/watch?v=4fdVhFGeQgo&list=PLaTJSsRuu2UeeWabBBfNVWALvnefBoL2C&index=5,,,,,,,,,,,,,,,,,,,,30 Dec '99,,,,,30 Dec '99,,,,,,30 Dec '99,,,30 Dec '99,,,30 Dec '99,,,,,,,,,,,,,,,,,,,,,,,,,,,,,,
,273,-,,🇮🇹,drip120,,🗙,9:07.364,9:08.692,01 Nov 2025,(U),unknown,,,https://www.youtube.com/watch?v=xe-spdcY7jk,,,,,,,,,,,,,,,,,,,,30 Dec '99,,,,,30 Dec '99,,,,,,30 Dec '99,,,30 Dec '99,,,30 Dec '99,,,,,,,,,,,,,,,,,,,,,,,,,,,,,,
,274,-,,🇺🇸,doogile,,🗙,9:08.808,9:08.808,22 May 2025,(U),7495631434322162088,,,https://www.youtube.com/watch?v=p9ACbnS-GcQ,,,,,,,,,,,,,,,,,,,,30 Dec '99,,,,,30 Dec '99,,,,,,30 Dec '99,,,30 Dec '99,,,30 Dec '99,,,,,,,,,,,,,,,,,,,,,,,,,,,,,,
,275,-,,🇫🇮,Cube1337x,✔,✔,9:06.178,9:08.820,22 Jan 2022,(V),5182416045755256460,,,https://www.speedrun.com/mc/runs/mr673jdm,,,,,,,,,,,,,,,,,,,,30 Dec '99,,,,,30 Dec '99,,,,,,30 Dec '99,,,30 Dec '99,,,30 Dec '99,,,,,,,,,,,,,,,,,,,,,,,,,,,,,,
,276,-,,🇳🇴,skycrab1,,🗙,9:09.076,9:09.076,26 Nov 2024,(U),9146773889861471357,,,https://www.youtube.com/watch?v=YABLZ52h9Ug&list=PLU3_fvoJ1GyMStiA29z37DUPtG47PvOJz&index=98,,,,,,,,,,,,,,,,,,,,30 Dec '99,,,,,30 Dec '99,,,,,,30 Dec '99,,,30 Dec '99,,,30 Dec '99,,,,,,,,,,,,,,,,,,,,,,,,,,,,,,
,277,-,,🇳🇴,skycrab1,,🗙,9:02.533,9:09.719,10 Apr 2024,(U),unknown,,,https://www.youtube.com/watch?v=s7Oyw0cBsDM&list=PLU3_fvoJ1GyMStiA29z37DUPtG47PvOJz&index=14,,,,,,,,,,,,,,,,,,,,30 Dec '99,,,,,30 Dec '99,,,,,,30 Dec '99,,,30 Dec '99,,,30 Dec '99,,,,,,,,,,,,,,,,,,,,,,,,,,,,,,
,278,-,,🇺🇸,doogile,,🗙,9:08.362,9:09.903,03 Feb 2024,(U),4060064418388945747,,,https://www.youtube.com/watch?v=z1xyWdGMjq8,,,,,,,,,,,,,,,,,,,,30 Dec '99,,,,,30 Dec '99,,,,,,30 Dec '99,,,30 Dec '99,,,30 Dec '99,,,,,,,,,,,,,,,,,,,,,,,,,,,,,,
,279,-,,🇸🇰,NoFear1337,,🗙,9:09.128,9:10.259,08 Jun 2025,(U),unknown,,,https://www.youtube.com/watch?v=SiADDCUpd7E,,,,,,,,,,,,,,,,,,,,30 Dec '99,,,,,30 Dec '99,,,,,,30 Dec '99,,,30 Dec '99,,,30 Dec '99,,,,,,,,,,,,,,,,,,,,,,,,,,,,,,
,280,-,,🇺🇸,doogile,,🗙,9:07.746,9:10.622,05 Nov 2023,(U),1666689678537156689,,,https://www.youtube.com/watch?v=VZnZzz2vZfk,,,,,,,,,,,,,,,,,,,,30 Dec '99,,,,,30 Dec '99,,,,,,30 Dec '99,,,30 Dec '99,,,30 Dec '99,,,,,,,,,,,,,,,,,,,,,,,,,,,,,,
,281,-,,🇳🇴,skycrab1,,🗙,9:09.863,9:10.809,08 Mar 2024,(U),unknown,,,https://www.youtube.com/watch?v=LhLJ0UepT94&list=PLU3_fvoJ1GyMStiA29z37DUPtG47PvOJz&index=11,,,,,,,,,,,,,,,,,,,,30 Dec '99,,,,,30 Dec '99,,,,,,30 Dec '99,,,30 Dec '99,,,30 Dec '99,,,,,,,,,,,,,,,,,,,,,,,,,,,,,,
,282,-,,🇳🇴,skycrab1,,🗙,9:10.726,9:11.397,13 Jun 2024,(U),-8879598757614006862,,,https://www.youtube.com/watch?v=cIcsjmes9iM&list=PLU3_fvoJ1GyMStiA29z37DUPtG47PvOJz&index=29,,,,,,,,,,,,,,,,,,,,30 Dec '99,,,,,30 Dec '99,,,,,,30 Dec '99,,,30 Dec '99,,,30 Dec '99,,,,,,,,,,,,,,,,,,,,,,,,,,,,,,
,283,-,,🇳🇴,skycrab1,,🗙,9:11.051,9:11.608,20 Sep 2025,(U),unknown,,,https://www.youtube.com/watch?v=jITLzyt8gXQ&list=PLU3_fvoJ1GyMStiA29z37DUPtG47PvOJz&index=141,,,,,,,,,,,,,,,,,,,,30 Dec '99,,,,,30 Dec '99,,,,,,30 Dec '99,,,30 Dec '99,,,30 Dec '99,,,,,,,,,,,,,,,,,,,,,,,,,,,,,,
,284,-,,🇳🇴,skycrab1,,🗙,9:11.538,9:11.538,19 Dec 2025,(U),unknown,,,https://www.youtube.com/watch?v=cGZBFX1-arU&list=PLU3_fvoJ1GyMStiA29z37DUPtG47PvOJz&index=160,,,,,,,,,,,,,,,,,,,,30 Dec '99,,,,,30 Dec '99,,,,,,30 Dec '99,,,30 Dec '99,,,30 Dec '99,,,,,,,,,,,,,,,,,,,,,,,,,,,,,,
,285,-,,🇳🇴,skycrab1,,🗙,9:11.308,9:12.058,19 Dec 2025,(U),see video,,,https://www.youtube.com/watch?v=Z1rqujzYKV8&list=PLU3_fvoJ1GyMStiA29z37DUPtG47PvOJz&index=159,,,,,,,,,,,,,,,,,,,,30 Dec '99,,,,,30 Dec '99,,,,,,30 Dec '99,,,30 Dec '99,,,30 Dec '99,,,,,,,,,,,,,,,,,,,,,,,,,,,,,,
,286,-,,🇮🇹,drip120,,🗙,9:10.678,9:12.062,29 Aug 2024,(U),unknown,,,https://www.youtube.com/watch?v=LSRuTRyAUfA,,,,   ,,,,,,,,,,,,,,,,30 Dec '99,,,,,30 Dec '99,,,,,,30 Dec '99,,,30 Dec '99,,,30 Dec '99,,,,,,,,,,,,,,,,,,,,,,,,,,,,,,
,287,-,,🇳🇴,skycrab1,,🗙,9:11.847,9:13.147,18 Feb 2024,(U),unknown,,,https://www.youtube.com/watch?v=kFt_4d61onA&list=PLU3_fvoJ1GyMStiA29z37DUPtG47PvOJz&index=10,,,,,,,,,,,,,,,,,,,,30 Dec '99,,,,,30 Dec '99,,,,,,30 Dec '99,,,30 Dec '99,,,30 Dec '99,,,,,,,,,,,,,,,,,,,,,,,,,,,,,,
,288,-,,🇺🇸,doogile,,🗙,9:13.305,9:13.305,18 May 2025,(U),5319889205923870675,,,https://www.youtube.com/watch?v=ztGEXhDZfOU,,,,,,,,,,,,,,,,,,,,30 Dec '99,,,,,30 Dec '99,,,,,,30 Dec '99,,,30 Dec '99,,,30 Dec '99,,,,,,,,,,,,,,,,,,,,,,,,,,,,,,
,289,-,,🇨🇦,Aquacorde,,✔,9:13.730,9:13.730,02 May 2023,(V),1132467978693802935,,,https://www.speedrun.com/mc/runs/z5poxedm,,,,,,,,,,,,,,,,,,,,30 Dec '99,,,,,30 Dec '99,,,,,,30 Dec '99,,,30 Dec '99,,,30 Dec '99,,,,,,,,,,,,,,,,,,,,,,,,,,,,,,
,290,-,,🇸🇰,NoFear1337,,🗙,9:10.602,9:13.999,04 Jul 2025,(U),unknown,,,https://www.youtube.com/watch?v=yNwHcISAArA,,,,,,,,,,,,,,,,,,,,30 Dec '99,,,,,30 Dec '99,,,,,,30 Dec '99,,,30 Dec '99,,,30 Dec '99,,,,,,,,,,,,,,,,,,,,,,,,,,,,,,
,291,-,,🇳🇴,skycrab1,,🗙,9:10.467,9:14.159,20 Sep 2025,(U),unknown,,,https://www.youtube.com/watch?v=OEZzZLeynP0&list=PLU3_fvoJ1GyMStiA29z37DUPtG47PvOJz&index=139,,,,,,,,,,,,,,,,,,,,30 Dec '99,,,,,30 Dec '99,,,,,,30 Dec '99,,,30 Dec '99,,,30 Dec '99,,,,,,,,,,,,,,,,,,,,,,,,,,,,,,
,292,-,,🇳🇴,skycrab1,,🗙,9:13.279,9:14.255,15 Feb 2024,(U),unknown,,,https://www.youtube.com/watch?v=WLjCJKEsbRU&list=PLU3_fvoJ1GyMStiA29z37DUPtG47PvOJz&index=9,,,,,,,,,,,,,,,,,,,,30 Dec '99,,,,,30 Dec '99,,,,,,30 Dec '99,,,30 Dec '99,,,30 Dec '99,,,,,,,,,,,,,,,,,,,,,,,,,,,,,,
,293,-,,🇳🇴,skycrab1,,🗙,9:12.682,9:14.598,17 Aug 2024,(U),-7884786286742246917,,,https://www.youtube.com/watch?v=AzF0dGCk1Ow&list=PLU3_fvoJ1GyMStiA29z37DUPtG47PvOJz&index=56,,,,,,,,,,,,,,,,,,,,30 Dec '99,,,,,30 Dec '99,,,,,,30 Dec '99,,,30 Dec '99,,,30 Dec '99,,,,,,,,,,,,,,,,,,,,,,,,,,,,,,
,294,-,,🇵🇱,watermelon1708,,🗙,9:12.401,9:14.662,24 Jul 2025,(U),unknown,,,https://www.youtube.com/watch?v=4QYqWY63NSU,,,,,,,,,,,,,,,,,,,,30 Dec '99,,,,,30 Dec '99,,,,,,30 Dec '99,,,30 Dec '99,,,30 Dec '99,,,,,,,,,,,,,,,,,,,,,,,,,,,,,,
,295,-,,🇺🇸,doogile,,🗙,9:14.024,9:14.498,29 Jan 2024,(U),6589962244023862742,,,https://www.youtube.com/watch?v=-hzOpmkTbDU,,,,,,,,,,,,,,,,,,,,30 Dec '99,,,,,30 Dec '99,,,,,,30 Dec '99,,,30 Dec '99,,,30 Dec '99,,,,,,,,,,,,,,,,,,,,,,,,,,,,,,
,296,-,,🇺🇸,doogile,,🗙,9:14.533,9:15.162,26 Apr 2024,(U),-3919243300877167705,,,https://www.youtube.com/watch?v=GeoFh01Ym_4,,,,,,,,,,,,,,,,,,,,30 Dec '99,,,,,30 Dec '99,,,,,,30 Dec '99,,,30 Dec '99,,,30 Dec '99,,,,,,,,,,,,,,,,,,,,,,,,,,,,,,
,297,-,,🇺🇸,doogile,,🗙,9:14.089,9:15.601,11 Nov 2023,(U),2174062846577023263,,,https://www.youtube.com/watch?v=pUgJefjM1GA,,,,,,,,,,,,,,,,,,,,30 Dec '99,,,,,30 Dec '99,,,,,,30 Dec '99,,,30 Dec '99,,,30 Dec '99,,,,,,,,,,,,,,,,,,,,,,,,,,,,,,
,298,-,,🇳🇴,skycrab1,,🗙,9:14.966,9:16.045,09 Jul 2024,(U),1846406805123780457,,,https://www.youtube.com/watch?v=6Yj7_cuk-uM&list=PLU3_fvoJ1GyMStiA29z37DUPtG47PvOJz&index=41,,,,,,,,,,,,,,,,,,,,30 Dec '99,,,,,30 Dec '99,,,,,,30 Dec '99,,,30 Dec '99,,,30 Dec '99,,,,,,,,,,,,,,,,,,,,,,,,,,,,,,
,299,-,,🇸🇰,NoFear1337,,🗙,9:14.913,9:16.380,10 Feb 2024,(U),unknown,,,https://www.youtube.com/watch?v=5zSaBWQqr4U&list=PLaTJSsRuu2UeeWabBBfNVWALvnefBoL2C&index=6,,,,,,,,,,,,,,,,,,,,30 Dec '99,,,,,30 Dec '99,,,,,,30 Dec '99,,,30 Dec '99,,,30 Dec '99,,,,,,,,,,,,,,,,,,,,,,,,,,,,,,
,300,-,,🇺🇸,Zylenox,,🗙,9:14.387,9:16.437,20 May 2023,(U),8905593962406892009,,,https://www.youtube.com/watch?v=hGU9t4TJ2m0,,,,,,,,,,,,,,,,,,,,30 Dec '99,,,,,30 Dec '99,,,,,,30 Dec '99,,,30 Dec '99,,,30 Dec '99,,,,,,,,,,,,,,,,,,,,,,,,,,,,,,
,301,-,,🇨🇦,Aquacorde,,🗙,9:15.604,9:16.493,26 Jan 2024,(U),-1042044413178476719,,,https://www.youtube.com/watch?v=pAhnFo4AVnE,,,,,,,,,,,,,,,,,,,,30 Dec '99,,,,,30 Dec '99,,,,,,30 Dec '99,,,30 Dec '99,,,30 Dec '99,,,,,,,,,,,,,,,,,,,,,,,,,,,,,,
,302,-,,🇳🇴,skycrab1,,🗙,9:16.645,9:16.645,17 Oct 2024,(U),6561585119955405427,,,https://www.youtube.com/watch?v=MkMf2lrPDJk&list=PLU3_fvoJ1GyMStiA29z37DUPtG47PvOJz&index=85,,,,,,,,,,,,,,,,,,,,30 Dec '99,,,,,30 Dec '99,,,,,,30 Dec '99,,,30 Dec '99,,,30 Dec '99,,,,,,,,,,,,,,,,,,,,,,,,,,,,,,
,303,-,,🇺🇸,Infume,,✔,9:13.433,9:16.955,05 Nov 2023,(V),2006249756228583623,09,Yes,https://www.speedrun.com/mc/runs/yoo68gjy,,,,,,,,,,,,,,,,,,,,30 Dec '99,,,,,30 Dec '99,,,,,,30 Dec '99,,,30 Dec '99,,,30 Dec '99,,,,,,,,,,,,,,,,,,,,,,,,,,,,,,
,304,-,,🇺🇸,doogile,,🗙,9:17.074,9:17.074,22 Sep 2024,(U),7208789671149948230,,,https://www.youtube.com/watch?v=GoOPg6uyw0M,,,,,,,,,,,,,,,,,,,,30 Dec '99,,,,,30 Dec '99,,,,,,30 Dec '99,,,30 Dec '99,,,30 Dec '99,,,,,,,,,,,,,,,,,,,,,,,,,,,,,,
,305,-,,🇨🇦,NoHacsJustRoblox,,🗙,9:17.060,9:17.060,04 Oct 2024,(U),-7707972832259680714,,,https://www.youtube.com/watch?v=OErmac0MJfo,,,,,,,,,,,,,,,,,,,,30 Dec '99,,,,,30 Dec '99,,,,,,30 Dec '99,,,30 Dec '99,,,30 Dec '99,,,,,,,,,,,,,,,,,,,,,,,,,,,,,,
,306,-,,🇸🇰,NoFear1337,,🗙,9:17.140,9:17.140,12 Dec 2022,(U),unknown,,,https://www.youtube.com/watch?v=6nhON_z_fUs,,,,,,,,,,,,,,,,,,,,30 Dec '99,,,,,30 Dec '99,,,,,,30 Dec '99,,,30 Dec '99,,,30 Dec '99,,,,,,,,,,,,,,,,,,,,,,,,,,,,,,
,307,-,,🇩🇰,Bloopy,,🗙,9:17.397,9:17.397,31 Oct 2024,(U),-8999228905854836808,,,https://www.youtube.com/watch?v=3DH8mKGha0g,,,,,,,,,,,,,,,,,,,,30 Dec '99,,,,,30 Dec '99,,,,,,30 Dec '99,,,30 Dec '99,,,30 Dec '99,,,,,,,,,,,,,,,,,,,,,,,,,,,,,,
,308,-,,🇺🇸,Zylenox,,🗙,9:10.985,9:17.522,15 May 2023,(U),-7323274319262585461,15,Yes,https://www.youtube.com/watch?v=EUYjJCqOPdc,,,,,,,,,,,,,,,,,,,,30 Dec '99,,,,,30 Dec '99,,,,,,30 Dec '99,,,30 Dec '99,,,30 Dec '99,,,,,,,,,,,,,,,,,,,,,,,,,,,,,,
,309,-,,🇺🇸,Zylenox,,🗙,9:13.869,9:17.609,31 Jan 2023,(U),-7020151109902988040,15,Yes,https://www.youtube.com/watch?v=LFG9a3caV7M,,,,,,,,,,,,,,,,,,,,30 Dec '99,,,,,30 Dec '99,,,,,,30 Dec '99,,,30 Dec '99,,,30 Dec '99,,,,,,,,,,,,,,,,,,,,,,,,,,,,,,
,310,-,,🇳🇴,skycrab1,,🗙,9:18.049,9:18.049,10 Oct 2024,(U),7717196540961604110,,,https://www.youtube.com/watch?v=zMUJ5AJmou8&list=PLU3_fvoJ1GyMStiA29z37DUPtG47PvOJz&index=80,,,,,,,,,,,,,,,,,,,,30 Dec '99,,,,,30 Dec '99,,,,,,30 Dec '99,,,30 Dec '99,,,30 Dec '99,,,,,,,,,,,,,,,,,,,,,,,,,,,,,,
,311,-,,🇳🇴,skycrab1,,🗙,9:18.430,9:18.430,22 Jul 2025,(U),unknown,,,https://www.youtube.com/watch?v=za-UzBn_QrM&list=PLU3_fvoJ1GyMStiA29z37DUPtG47PvOJz&index=134,,,,,,,,,,,,,,,,,,,,30 Dec '99,,,,,30 Dec '99,,,,,,30 Dec '99,,,30 Dec '99,,,30 Dec '99,,,,,,,,,,,,,,,,,,,,,,,,,,,,,,
,312,-,,🇺🇸,Reignex,,🗙,9:18.705,9:18.705,14 Oct 2023,(U),unknown,12,Yes,https://www.youtube.com/watch?v=4FF1nTxjHGU,,,,,,,,,,,,,,,,,,,,30 Dec '99,,,,,30 Dec '99,,,,,,30 Dec '99,,,30 Dec '99,,,30 Dec '99,,,,,,,,,,,,,,,,,,,,,,,,,,,,,,
,313,-,,🇸🇰,NoFear1337,,🗙,9:16.999,9:18.825,30 Dec 2023,(U),unknown,,,https://www.youtube.com/watch?v=LBJgput7Jd4&list=PLaTJSsRuu2UeeWabBBfNVWALvnefBoL2C&index=2,,,,,,,,,,,,,,,,,,,,30 Dec '99,,,,,30 Dec '99,,,,,,30 Dec '99,,,30 Dec '99,,,30 Dec '99,,,,,,,,,,,,,,,,,,,,,,,,,,,,,,
,314,-,,🇸🇰,NoFear1337,,🗙,9:18.887,9:18.887,23 Jun 2024,(U),unknown,,,https://www.youtube.com/watch?v=07u83rRMp7g&list=PLaTJSsRuu2UeeWabBBfNVWALvnefBoL2C&index=10,,,,,,,,,,,,,,,,,,,,30 Dec '99,,,,,30 Dec '99,,,,,,30 Dec '99,,,30 Dec '99,,,30 Dec '99,,,,,,,,,,,,,,,,,,,,,,,,,,,,,,
,315,-,,🇹🇷,ulsahin,,✔,9:11.907,9:18.901,22 Oct 2022,(V),-9175405862479286955,01,Yes,https://www.speedrun.com/mc/run/yw62x49m,,,,,,,,,,,,,,,,,,,,30 Dec '99,,,,,30 Dec '99,,,,,,30 Dec '99,,,30 Dec '99,,,30 Dec '99,,,,,,,,,,,,,,,,,,,,,,,,,,,,,,
,316,-,,🇳🇴,skycrab1,,🗙,9:17.770,9:18.915,05 Jul 2024,(U),9011816872477408016,,,https://www.youtube.com/watch?v=LWG_qoaOPj0&list=PLU3_fvoJ1GyMStiA29z37DUPtG47PvOJz&index=39,,,,,,,,,,,,,,,,,,,,30 Dec '99,,,,,30 Dec '99,,,,,,30 Dec '99,,,30 Dec '99,,,30 Dec '99,,,,,,,,,,,,,,,,,,,,,,,,,,,,,,
,317,-,,🇩🇰,Bloopy,,🗙,9:18.948,9:19.201,15 May 2024,(U),-4253594903097616882,,,https://www.youtube.com/watch?v=phM9zY5QURA,,,,,,,,,,,,,,,,,,,,30 Dec '99,,,,,30 Dec '99,,,,,,30 Dec '99,,,30 Dec '99,,,30 Dec '99,,,,,,,,,,,,,,,,,,,,,,,,,,,,,,
,318,-,,🇸🇰,NoFear1337,,🗙,9:20.067,9:20.067,17 Mar 2024,(U),unknown,,,https://www.youtube.com/watch?v=wx_CPxzxwnY&list=PLaTJSsRuu2UeeWabBBfNVWALvnefBoL2C&index=7,,,,,,,,,,,,,,,,,,,,30 Dec '99,,,,,30 Dec '99,,,,,,30 Dec '99,,,30 Dec '99,,,30 Dec '99,,,,,,,,,,,,,,,,,,,,,,,,,,,,,,
,319,-,,🇩🇰,Bloopy,,🗙,9:20.313,9:20.313,14 Sep 2024,(U),1197606622777508367,,,https://www.youtube.com/watch?v=uvKQQ_wiAXU,,,,,,,,,,,,,,,,,,,,30 Dec '99,,,,,30 Dec '99,,,,,,30 Dec '99,,,30 Dec '99,,,30 Dec '99,,,,,,,,,,,,,,,,,,,,,,,,,,,,,,
,320,-,,🇸🇰,NoFear1337,,✔,9:20.103,9:20.564,05 Nov 2022,(V),-04661894098057216280,,,https://www.speedrun.com/mc/runs/znq62l9z,,,,,,,,,,,,,,,,,,,,30 Dec '99,,,,,30 Dec '99,,,,,,30 Dec '99,,,30 Dec '99,,,30 Dec '99,,,,,,,,,,,,,,,,,,,,,,,,,,,,,,
,321,-,,🇳🇴,skycrab1,,🗙,9:21.103,9:21.103,20 Sep 2025,(U),see video,,,https://www.youtube.com/watch?v=GHKDc6d-Fes&list=PLU3_fvoJ1GyMStiA29z37DUPtG47PvOJz&index=140,,,,,,,,,,,,,,,,,,,,30 Dec '99,,,,,30 Dec '99,,,,,,30 Dec '99,,,30 Dec '99,,,30 Dec '99,,,,,,,,,,,,,,,,,,,,,,,,,,,,,,
,322,-,,🇺🇸,doogile,,🗙,9:20.519,9:21.114,10 Dec 2023,(U),-3029852224010085717,,,https://www.youtube.com/watch?v=ddJ5zdyslbw,,,,,,,,,,,,,,,,,,,,30 Dec '99,,,,,30 Dec '99,,,,,,30 Dec '99,,,30 Dec '99,,,30 Dec '99,,,,,,,,,,,,,,,,,,,,,,,,,,,,,,
,323,-,,🇺🇸,doogile,,✔,9:18.601,9:21.223,31 Aug 2022,(V),-926914523663257060,,,https://www.speedrun.com/mc/runs/znq7rllz,,,,,,,,,,,,,,,,,,,,30 Dec '99,,,,,30 Dec '99,,,,,,30 Dec '99,,,30 Dec '99,,,30 Dec '99,,,,,,,,,,,,,,,,,,,,,,,,,,,,,,
,324,-,,🇺🇸,doogile,,🗙,9:18.200,9:21.657,13 Oct 2023,(U),5505825860127473867,,,https://www.youtube.com/watch?v=ePu9GV9eOKA,,,,,,,,,,,,,,,,,,,,30 Dec '99,,,,,30 Dec '99,,,,,,30 Dec '99,,,30 Dec '99,,,30 Dec '99,,,,,,,,,,,,,,,,,,,,,,,,,,,,,,
,325,-,,🇳🇴,skycrab1,,🗙,9:21.700,9:21.700,18 Nov 2024,(U),4892185153542737576,,,https://www.youtube.com/watch?v=ZDMheI2JkhE&list=PLU3_fvoJ1GyMStiA29z37DUPtG47PvOJz&index=95,,,,,,,,,,,,,,,,,,,,30 Dec '99,,,,,30 Dec '99,,,,,,30 Dec '99,,,30 Dec '99,,,30 Dec '99,,,,,,,,,,,,,,,,,,,,,,,,,,,,,,
,326,-,,🇳🇴,skycrab1,,🗙,9:21.933,9:21.933,21 Oct 2024,(U),-5604599059233679142,,,https://www.youtube.com/watch?v=IfSVkk_BYyI&list=PLU3_fvoJ1GyMStiA29z37DUPtG47PvOJz&index=87,,,,,,,,,,,,,,,,,,,,30 Dec '99,,,,,30 Dec '99,,,,,,30 Dec '99,,,30 Dec '99,,,30 Dec '99,,,,,,,,,,,,,,,,,,,,,,,,,,,,,,
,327,-,,🇸🇰,NoFear1337,,🗙,9:22.270,9:22.270,06 Dec 2023,(U),unknown,,,https://www.youtube.com/watch?v=4AiI-9WGRVg,,,,,,,,,,,,,,,,,,,,30 Dec '99,,,,,30 Dec '99,,,,,,30 Dec '99,,,30 Dec '99,,,30 Dec '99,,,,,,,,,,,,,,,,,,,,,,,,,,,,,,
,328,-,,🇨🇦,Aquacorde,,🗙,9:22.481,9:22.481,26 May 2024,(U),2029778823013494560,,,https://www.youtube.com/watch?v=A__tIzZKmi4,,,,,,,,,,,,,,,,,,,,30 Dec '99,,,,,30 Dec '99,,,,,,30 Dec '99,,,30 Dec '99,,,30 Dec '99,,,,,,,,,,,,,,,,,,,,,,,,,,,,,,
,329,-,,🇨🇦,Aquacorde,,🗙,9:22.502,9:22.502,07 Jun 2025,(U),-803046318085136033,,,https://www.youtube.com/watch?v=XDNtWhu2Vbk,,,,,,,,,,,,,,,,,,,,30 Dec '99,,,,,30 Dec '99,,,,,,30 Dec '99,,,30 Dec '99,,,30 Dec '99,,,,,,,,,,,,,,,,,,,,,,,,,,,,,,
,330,-,,🇨🇦,Aquacorde,,🗙,9:22.630,9:22.919,24 Jun 2025,(U),-731369506168980347,,,https://www.youtube.com/watch?v=JWt0HXHpP90,,,,,,,,,,,,,,,,,,,,30 Dec '99,,,,,30 Dec '99,,,,,,30 Dec '99,,,30 Dec '99,,,30 Dec '99,,,,,,,,,,,,,,,,,,,,,,,,,,,,,,
,331,-,,🇺🇸,meebie,,🗙,9:22.696,9:23.114,24 Dec 2023,(U),-915907836254045753,06,Yes,https://www.youtube.com/watch?v=Dr2HLNRqUNg,,,,,,,,,,,,,,,,,,,,30 Dec '99,,,,,30 Dec '99,,,,,,30 Dec '99,,,30 Dec '99,,,30 Dec '99,,,,,,,,,,,,,,,,,,,,,,,,,,,,,,
,332,-,,🇸🇰,NoFear1337,,🗙,9:23.530,9:23.530,09 Sep 2024,(U),unknown,,,https://www.youtube.com/watch?v=LcP3_KsnQBU&list=PLaTJSsRuu2UeeWabBBfNVWALvnefBoL2C&index=13,,,,,,,,,,,,,,,,,,,,30 Dec '99,,,,,30 Dec '99,,,,,,30 Dec '99,,,30 Dec '99,,,30 Dec '99,,,,,,,,,,,,,,,,,,,,,,,,,,,,,,
,333,-,,🇨🇦,Aquacorde,,🗙,9:22.799,9:23.620,20 Jun 2025,(U),-4713042810041071084,,,https://www.youtube.com/watch?v=tUPPN8xWm5Q,,,,,,,,,,,,,,,,,,,,30 Dec '99,,,,,30 Dec '99,,,,,,30 Dec '99,,,30 Dec '99,,,30 Dec '99,,,,,,,,,,,,,,,,,,,,,,,,,,,,,,
,334,-,,🇳🇴,skycrab1,,🗙,9:23.687,9:23.687,03 Oct 2024,(U),-7384765236082352690,,,https://www.youtube.com/watch?v=F1V1bKWF_BA&list=PLU3_fvoJ1GyMStiA29z37DUPtG47PvOJz&index=74,,,,,,,,,,,,,,,,,,,,30 Dec '99,,,,,30 Dec '99,,,,,,30 Dec '99,,,30 Dec '99,,,30 Dec '99,,,,,,,,,,,,,,,,,,,,,,,,,,,,,,
,335,-,,🇳🇴,skycrab1,,🗙,9:23.710,9:23.710,05 Sep 2024,(U),9087246093674379559,,,https://www.youtube.com/watch?v=4u3juUdWOrY&list=PLU3_fvoJ1GyMStiA29z37DUPtG47PvOJz&index=64,,,,,,,,,,,,,,,,,,,,30 Dec '99,,,,,30 Dec '99,,,,,,30 Dec '99,,,30 Dec '99,,,30 Dec '99,,,,,,,,,,,,,,,,,,,,,,,,,,,,,,
,336,-,,🇸🇰,NoFear1337,,✔,9:22.527,9:23.863,20 Aug 2022,(V),-6071912128039465735,,,https://www.speedrun.com/mc/runs/y4x2xndz,,,,,,,,,,,,,,,,,,,,30 Dec '99,,,,,30 Dec '99,,,,,,30 Dec '99,,,30 Dec '99,,,30 Dec '99,,,,,,,,,,,,,,,,,,,,,,,,,,,,,,
,337,-,,🇩🇰,Bloopy,,🗙,9:23.928,9:23.928,28 Nov 2024,(U),-2126051371963399188,,,https://www.youtube.com/watch?v=Q0HBLIfoV5A,,,,,,,,,,,,,,,,,,,,30 Dec '99,,,,,30 Dec '99,,,,,,30 Dec '99,,,30 Dec '99,,,30 Dec '99,,,,,,,,,,,,,,,,,,,,,,,,,,,,,,
,338,-,,🇺🇸,doogile,,🗙,9:23.427,9:24.091,02 Mar 2024,(U),-1696208169374363336,,,https://www.youtube.com/watch?v=dGmT4jJ31yM,,,,,,,,,,,,,,,,,,,,30 Dec '99,,,,,30 Dec '99,,,,,,30 Dec '99,,,30 Dec '99,,,30 Dec '99,,,,,,,,,,,,,,,,,,,,,,,,,,,,,,
,339,-,,🇳🇴,skycrab1,,🗙,9:24.105,9:24.105,15 Jan 2025,(U),3842162755449251697,,,https://www.youtube.com/watch?v=XO9rgYbn6Bw&list=PLU3_fvoJ1GyMStiA29z37DUPtG47PvOJz&index=108,,,,,,,,,,,,,,,,,,,,30 Dec '99,,,,,30 Dec '99,,,,,,30 Dec '99,,,30 Dec '99,,,30 Dec '99,,,,,,,,,,,,,,,,,,,,,,,,,,,,,,
,340,-,,🇺🇸,doogile,,🗙,9:22.116,9:24.247,24 Mar 2025,(U),-6047098650778031938,,,https://www.youtube.com/watch?v=NN8rfsl5mJo,,,,,,,,,,,,,,,,,,,,30 Dec '99,,,,,30 Dec '99,,,,,,30 Dec '99,,,30 Dec '99,,,30 Dec '99,,,,,,,,,,,,,,,,,,,,,,,,,,,,,,
,341,-,,🇨🇦,Aquacorde,,🗙,9:24.529,9:24.529,18 Jul 2025,(U),-9197658143197340999,,,https://www.youtube.com/watch?v=LeAZ9kcT4ks,,,,,,,,,,,,,,,,,,,,30 Dec '99,,,,,30 Dec '99,,,,,,30 Dec '99,,,30 Dec '99,,,30 Dec '99,,,,,,,,,,,,,,,,,,,,,,,,,,,,,,
,342,-,,🇵🇱,watermelon1708,,🗙,9:24.119,9:24.537,14 Sep 2025,(U),unknown,,,https://www.youtube.com/watch?v=Y6Sokcc9jqc,,,,,,,,,,,,,,,,,,,,30 Dec '99,,,,,30 Dec '99,,,,,,30 Dec '99,,,30 Dec '99,,,30 Dec '99,,,,,,,,,,,,,,,,,,,,,,,,,,,,,,
,343,-,,🇸🇰,NoFear1337,,🗙,9:23.488,9:24.567,01 Jul 2023,(U),unknown,,,https://www.youtube.com/watch?v=PuoZym6BBOw,,,,,,,,,,,,,,,,,,,,30 Dec '99,,,,,30 Dec '99,,,,,,30 Dec '99,,,30 Dec '99,,,30 Dec '99,,,,,,,,,,,,,,,,,,,,,,,,,,,,,,
,344,-,,🇺🇸,doogile,,🗙,9:23.811,9:24.766,15 May 2023,(U),8584643897871750893,,,https://www.youtube.com/watch?v=JGxZAVwLpq0,,,,,,,,,,,,,,,,,,,,30 Dec '99,,,,,30 Dec '99,,,,,,30 Dec '99,,,30 Dec '99,,,30 Dec '99,,,,,,,,,,,,,,,,,,,,,,,,,,,,,,
,345,-,,🇸🇰,NoFear1337,,🗙,9:25.453,9:25.453,01 Jul 2023,(U),unknown,,,https://www.youtube.com/watch?v=5J0MBJD0At4,,,,,,,,,,,,,,,,,,,,30 Dec '99,,,,,30 Dec '99,,,,,,30 Dec '99,,,30 Dec '99,,,30 Dec '99,,,,,,,,,,,,,,,,,,,,,,,,,,,,,,
,346,-,,🇨🇦,Aquacorde,,🗙,9:24.313,9:25.637,26 Sep 2024,(U),8823111015249469125,,,https://www.youtube.com/watch?v=9xLUevZxPBM,,,,,,,,,,,,,,,,,,,,30 Dec '99,,,,,30 Dec '99,,,,,,30 Dec '99,,,30 Dec '99,,,30 Dec '99,,,,,,,,,,,,,,,,,,,,,,,,,,,,,,
,347,-,,🇺🇸,doogile,,🗙,9:26.244,9:26.244,08 Jul 2024,(U),-6098241121848454577,,,https://www.youtube.com/watch?v=yjRzgyThepc,,,,,,,,,,,,,,,,,,,,30 Dec '99,,,,,30 Dec '99,,,,,,30 Dec '99,,,30 Dec '99,,,30 Dec '99,,,,,,,,,,,,,,,,,,,,,,,,,,,,,,
,348,-,,🇳🇴,skycrab1,,🗙,9:26.342,9:26.342,29 Nov 2024,(U),-573879670804358217,,,https://www.youtube.com/watch?v=ljKL-oDGeS4&list=PLU3_fvoJ1GyMStiA29z37DUPtG47PvOJz&index=100,,,,,,,,,,,,,,,,,,,,30 Dec '99,,,,,30 Dec '99,,,,,,30 Dec '99,,,30 Dec '99,,,30 Dec '99,,,,,,,,,,,,,,,,,,,,,,,,,,,,,,
,349,-,,🇸🇰,NoFear1337,,🗙,9:25.778,9:26.417,11 Jun 2025,(U),unknown,,,https://www.youtube.com/watch?v=oA02Os8avDY,,,,,,,,,,,,,,,,,,,,30 Dec '99,,,,,30 Dec '99,,,,,,30 Dec '99,,,30 Dec '99,,,30 Dec '99,,,,,,,,,,,,,,,,,,,,,,,,,,,,,,
,350,-,,🇨🇦,silverr,,🗙,9:26.582,9:26.582,20 Nov 2022,(U),1572653948546520317,15,No,https://www.youtube.com/watch?v=144OjtguCG0,,,,,,,,,,,,,,,,,,,,30 Dec '99,,,,,30 Dec '99,,,,,,30 Dec '99,,,30 Dec '99,,,30 Dec '99,,,,,,,,,,,,,,,,,,,,,,,,,,,,,,
,351,-,,🇳🇴,skycrab1,,🗙,9:25.953,9:26.605,16 Jun 2024,(U),4052163355630291928,,,https://www.youtube.com/watch?v=5UOYqMnbR5Q&list=PLU3_fvoJ1GyMStiA29z37DUPtG47PvOJz&index=33,,,,,,,,,,,,,,,,,,,,30 Dec '99,,,,,30 Dec '99,,,,,,30 Dec '99,,,30 Dec '99,,,30 Dec '99,,,,,,,,,,,,,,,,,,,,,,,,,,,,,,
,352,-,,🇬🇧,Kxpow,,🗙,9:23.950,9:27.626,29 Oct 2023,(U),-6876585563479815399,09,Yes,https://www.youtube.com/watch?v=cSA8vjfDlfU,,,,,,,,,,,,,,,,,,,,30 Dec '99,,,,,30 Dec '99,,,,,,30 Dec '99,,,30 Dec '99,,,30 Dec '99,,,,,,,,,,,,,,,,,,,,,,,,,,,,,,
,353,-,,🇺🇸,doogile,,🗙,9:27.915,9:27.915,24 Mar 2025,(U),-5268124447019689631,,,https://www.youtube.com/watch?v=uCE8j5wqBaA,,,,,,,,,,,,,,,,,,,,30 Dec '99,,,,,30 Dec '99,,,,,,30 Dec '99,,,30 Dec '99,,,30 Dec '99,,,,,,,,,,,,,,,,,,,,,,,,,,,,,,
,354,-,,🇳🇴,skycrab1,,🗙,9:28.206,9:28.206,22 Jul 2025,(U),unknown,,,https://www.youtube.com/watch?v=ENH9wNoiQAo&list=PLU3_fvoJ1GyMStiA29z37DUPtG47PvOJz&index=135,,,,,,,,,,,,,,,,,,,,30 Dec '99,,,,,30 Dec '99,,,,,,30 Dec '99,,,30 Dec '99,,,30 Dec '99,,,,,,,,,,,,,,,,,,,,,,,,,,,,,,
,355,-,,🇳🇴,skycrab1,,🗙,9:28.538,9:28.538,25 Dec 2025,(U),1919295731799192555,,,https://www.youtube.com/watch?v=1c-F687nKas&list=PLU3_fvoJ1GyMStiA29z37DUPtG47PvOJz&index=105,,,,,,,,,,,,,,,,,,,,30 Dec '99,,,,,30 Dec '99,,,,,,30 Dec '99,,,30 Dec '99,,,30 Dec '99,,,,,,,,,,,,,,,,,,,,,,,,,,,,,,
,356,-,,🇨🇦,Aquacorde,,🗙,9:28.545,9:28.545,28 May 2025,(U),8276441451627221996,,,https://www.youtube.com/watch?v=qGEzygjg50o,,,,,,,,,,,,,,,,,,,,30 Dec '99,,,,,30 Dec '99,,,,,,30 Dec '99,,,30 Dec '99,,,30 Dec '99,,,,,,,,,,,,,,,,,,,,,,,,,,,,,,
,357,-,,🇨🇦,Aquacorde,,🗙,9:28.680,9:28.680,25 Jun 2025,(U),-1610154249394651609,,,https://www.youtube.com/watch?v=SsOvlZxk2S0,,,,,,,,,,,,,,,,,,,,30 Dec '99,,,,,30 Dec '99,,,,,,30 Dec '99,,,30 Dec '99,,,30 Dec '99,,,,,,,,,,,,,,,,,,,,,,,,,,,,,,
,358,-,,🇬🇧,priffie,,✔,9:28.626,9:29.199,08 Apr 2023,(V),-7240688859963036907,12,Yes,https://www.speedrun.com/mc/run/y804n81m,,,,,,,,,,,,,,,,,,,,30 Dec '99,,,,,30 Dec '99,,,,,,30 Dec '99,,,30 Dec '99,,,30 Dec '99,,,,,,,,,,,,,,,,,,,,,,,,,,,,,,
,359,-,,🇺🇸,Zylenox,,🗙,9:23.337,9:29.349,21 Apr 2023,(U),-9047486339153673349,12,Yes,https://www.youtube.com/watch?v=YnxRG1jCZTA,,,,,,,,,,,,,,,,,,,,30 Dec '99,,,,,30 Dec '99,,,,,,30 Dec '99,,,30 Dec '99,,,30 Dec '99,,,,,,,,,,,,,,,,,,,,,,,,,,,,,,
,360,-,,🇺🇸,doogile,,🗙,9:28.970,9:29.443,26 Apr 2024,(U),-2635465260695469451,,,https://docs.google.com/spreadsheets/d/1zgmOYJBULyHLqs9lGB6-cO4QhRoJdgOpd9WpUWpILYo/edit?gid=1452671563#gid=1452671563,,,,,,,,,,,,,,,,,,,,30 Dec '99,,,,,30 Dec '99,,,,,,30 Dec '99,,,30 Dec '99,,,30 Dec '99,,,,,,,,,,,,,,,,,,,,,,,,,,,,,,
,361,-,,🇳🇴,skycrab1,,🗙,9:26.981,9:29.598,07 May 2024,(U),unknown,,,https://www.youtube.com/watch?v=HE41uYZ0V0c&list=PLU3_fvoJ1GyMStiA29z37DUPtG47PvOJz&index=18,,,,,,,,,,,,,,,,,,,,30 Dec '99,,,,,30 Dec '99,,,,,,30 Dec '99,,,30 Dec '99,,,30 Dec '99,,,,,,,,,,,,,,,,,,,,,,,,,,,,,,
,362,-,,🇳🇴,skycrab1,,🗙,9:27.107,9:29.673,13 Aug 2024,(U),-3946489265844514970,,,https://www.youtube.com/watch?v=M5EHSGhejt8&list=PLU3_fvoJ1GyMStiA29z37DUPtG47PvOJz&index=52,,,,,,,,,,,,,,,,,,,,30 Dec '99,,,,,30 Dec '99,,,,,,30 Dec '99,,,30 Dec '99,,,30 Dec '99,,,,,,,,,,,,,,,,,,,,,,,,,,,,,,
,363,-,,🇩🇰,Bloopy,,🗙,9:29.719,9:29.719,04 May 2024,(U),2537181557128625381,,,https://www.youtube.com/watch?v=rmm0JiGtxuA,,,,,,,,,,,,,,,,,,,,30 Dec '99,,,,,30 Dec '99,,,,,,30 Dec '99,,,30 Dec '99,,,30 Dec '99,,,,,,,,,,,,,,,,,,,,,,,,,,,,,,
,364,-,,🇩🇰,Bloopy,,🗙,9:29.416,9:29.779,21 Sep 2024,(U),-4222360412448811712,,,https://www.youtube.com/watch?v=mWQwmeDz0b8,,,,,,,,,,,,,,,,,,,,30 Dec '99,,,,,30 Dec '99,,,,,,30 Dec '99,,,30 Dec '99,,,30 Dec '99,,,,,,,,,,,,,,,,,,,,,,,,,,,,,,
,365,-,,🇸🇰,NoFear1337,,🗙,9:28.431,9:29.817,17 Jan 2024,(U),unknown,,,https://www.youtube.com/watch?v=2cTYxX1bq7o&list=PLaTJSsRuu2UeeWabBBfNVWALvnefBoL2C&index=4,,,,,,,,,,,,,,,,,,,,30 Dec '99,,,,,30 Dec '99,,,,,,30 Dec '99,,,30 Dec '99,,,30 Dec '99,,,,,,,,,,,,,,,,,,,,,,,,,,,,,,
,366,-,,🇺🇸,doogile,,🗙,9:27.467,9:29.905,19 Oct 2022,(U),-6120632814765297894,,,https://www.youtube.com/watch?v=KngO-bBQ6z0,,,,,,,,,,,,,,,,,,,,30 Dec '99,,,,,30 Dec '99,,,,,,30 Dec '99,,,30 Dec '99,,,30 Dec '99,,,,,,,,,,,,,,,,,,,,,,,,,,,,,,
,367,-,,🇳🇴,skycrab1,,🗙,9:29.936,9:29.936,24 Sep 2024,(U),-5978876616461348700,,,https://www.youtube.com/watch?v=lNwP-AfLpC4&list=PLU3_fvoJ1GyMStiA29z37DUPtG47PvOJz&index=73,,,,,,,,,,,,,,,,,,,,30 Dec '99,,,,,30 Dec '99,,,,,,30 Dec '99,,,30 Dec '99,,,30 Dec '99,,,,,,,,,,,,,,,,,,,,,,,,,,,,,,
,368,-,,🇺🇸,Zylenox,,🗙,9:26.907,9:30.104,25 Sep 2023,(U),unknown,,,https://www.youtube.com/watch?v=-xiJj1JVujk,,,,,,,,,,,,,,,,,,,,30 Dec '99,,,,,30 Dec '99,,,,,,30 Dec '99,,,30 Dec '99,,,30 Dec '99,,,,,,,,,,,,,,,,,,,,,,,,,,,,,,
,369,-,,🇵🇱,watermelon1708,,🗙,9:30.313,9:30.785,08 Nov 2025,(U),unknown,,,https://www.youtube.com/watch?v=Pm6Yt1efFdU,,,,,,,,,,,,,,,,,,,,30 Dec '99,,,,,30 Dec '99,,,,,,30 Dec '99,,,30 Dec '99,,,30 Dec '99,,,,,,,,,,,,,,,,,,,,,,,,,,,,,,
,370,-,,🇺🇸,doogile,,🗙,9:30.866,9:30.866,14 Aug 2024,(U),-5785712557054868103,,,https://www.youtube.com/watch?v=IaJnBpkCYeE,,,,,,,,,,,,,,,,,,,,30 Dec '99,,,,,30 Dec '99,,,,,,30 Dec '99,,,30 Dec '99,,,30 Dec '99,,,,,,,,,,,,,,,,,,,,,,,,,,,,,,
,371,-,,🇩🇰,Bloopy,,🗙,9:30.985,9:30.985,23 Feb 2025,(U),4074137476637722037,,,https://www.youtube.com/watch?v=fidYadn3gaU,,,,,,,,,,,,,,,,,,,,30 Dec '99,,,,,30 Dec '99,,,,,,30 Dec '99,,,30 Dec '99,,,30 Dec '99,,,,,,,,,,,,,,,,,,,,,,,,,,,,,,
,372,-,,🇳🇴,skycrab1,,🗙,9:30.274,9:31.319,16 Jun 2024,(U),1613878261208097476,,,https://www.youtube.com/watch?v=8s8EV_O6Ndk&list=PLU3_fvoJ1GyMStiA29z37DUPtG47PvOJz&index=32,,,,,,,,,,,,,,,,,,,,30 Dec '99,,,,,30 Dec '99,,,,,,30 Dec '99,,,30 Dec '99,,,30 Dec '99,,,,,,,,,,,,,,,,,,,,,,,,,,,,,,
,373,-,,🇺🇸,doogile,,🗙,9:29.751,9:32.126,10 May 2023,(U),1251289617466531900,,,https://www.youtube.com/watch?v=y6WViu7_6NI,,,,,,,,,,,,,,,,,,,,30 Dec '99,,,,,30 Dec '99,,,,,,30 Dec '99,,,30 Dec '99,,,30 Dec '99,,,,,,,,,,,,,,,,,,,,,,,,,,,,,,
,374,-,,🇸🇰,NoFear1337,,🗙,8:32.422,8:32.422,14 Jul 2024,(U),unknown,,,https://www.youtube.com/watch?v=yw7-yaW4Nfk&list=PLaTJSsRuu2UeeWabBBfNVWALvnefBoL2C&index=21,,,,,,,,,,,,,,,,,,,,30 Dec '99,,,,,30 Dec '99,,,,,,30 Dec '99,,,30 Dec '99,,,30 Dec '99,,,,,,,,,,,,,,,,,,,,,,,,,,,,,,
,375,-,,🇳🇴,skycrab1,,🗙,9:31.708,9:32.427,14 Jun 2024,(U),2235642990872806134,,,https://www.youtube.com/watch?v=TK7I7irT2Ig&list=PLU3_fvoJ1GyMStiA29z37DUPtG47PvOJz&index=30,,,,,,,,,,,,,,,,,,,,30 Dec '99,,,,,30 Dec '99,,,,,,30 Dec '99,,,30 Dec '99,,,30 Dec '99,,,,,,,,,,,,,,,,,,,,,,,,,,,,,,
,376,-,,🇺🇸,doogile,,🗙,9:32.194,9:32.494,25 May 2025,(U),-1725089180716272190,,,https://www.youtube.com/watch?v=wXXYlwLqc64,,,,,,,,,,,,,,,,,,,,30 Dec '99,,,,,30 Dec '99,,,,,,30 Dec '99,,,30 Dec '99,,,30 Dec '99,,,,,,,,,,,,,,,,,,,,,,,,,,,,,,
,377,-,,🇸🇰,NoFear1337,,🗙,9:32.897,9:32.897,15 Dec 2023,(U),unknown,,,https://www.youtube.com/watch?v=SROkWtFTBvE,,,,,,,,,,,,,,,,,,,,30 Dec '99,,,,,30 Dec '99,,,,,,30 Dec '99,,,30 Dec '99,,,30 Dec '99,,,,,,,,,,,,,,,,,,,,,,,,,,,,,,
,378,-,,🇳🇴,skycrab1,,🗙,9:32.943,9:33.168,21 Oct 2025,(U),see video,,,https://www.youtube.com/watch?v=lHiL5mg3oA4&list=PLU3_fvoJ1GyMStiA29z37DUPtG47PvOJz&index=145,,,,,,,,,,,,,,,,,,,,30 Dec '99,,,,,30 Dec '99,,,,,,30 Dec '99,,,30 Dec '99,,,30 Dec '99,,,,,,,,,,,,,,,,,,,,,,,,,,,,,,
,379,-,,🇸🇰,NoFear1337,,🗙,9:33.243,9:33.243,23 Jul 2025,(U),unknown,,,https://www.youtube.com/watch?v=Ucnbg8kATvI,,,,,,,,,,,,,,,,,,,,30 Dec '99,,,,,30 Dec '99,,,,,,30 Dec '99,,,30 Dec '99,,,30 Dec '99,,,,,,,,,,,,,,,,,,,,,,,,,,,,,,
,380,-,,🇵🇱,watermelon1708,,🗙,9:33.249,9:33.249,20 Nov 2025,(U),unknown,,,https://www.youtube.com/watch?v=FIQZdzOU1z0,,,,,,,,,,,,,,,,,,,,30 Dec '99,,,,,30 Dec '99,,,,,,30 Dec '99,,,30 Dec '99,,,30 Dec '99,,,,,,,,,,,,,,,,,,,,,,,,,,,,,,
,381,-,,🇨🇦,Aquacorde,,🗙,9:33.414,9:33.414,14 Jul 2025,(U),3745240715930610868,,,https://www.youtube.com/watch?v=irG5odl9FWc,,,,,,,,,,,,,,,,,,,,30 Dec '99,,,,,30 Dec '99,,,,,,30 Dec '99,,,30 Dec '99,,,30 Dec '99,,,,,,,,,,,,,,,,,,,,,,,,,,,,,,
,382,-,,🇺🇦,loodlow,,✔,9:31.417,9:34.074,03 Jan 2024,(V),223037202453904849,,,https://www.speedrun.com/mc/runs/y8kod21y,,,,,,,,,,,,,,,,,,,,30 Dec '99,,,,,30 Dec '99,,,,,,30 Dec '99,,,30 Dec '99,,,30 Dec '99,,,,,,,,,,,,,,,,,,,,,,,,,,,,,,
,383,-,,🇳🇴,skycrab1,,🗙,9:31.539,9:34.051,05 Feb 2024,(U),unknown,,,https://www.youtube.com/watch?v=7WaCloKkkXQ&list=PLU3_fvoJ1GyMStiA29z37DUPtG47PvOJz&index=8,,,,,,,,,,,,,,,,,,,,30 Dec '99,,,,,30 Dec '99,,,,,,30 Dec '99,,,30 Dec '99,,,30 Dec '99,,,,,,,,,,,,,,,,,,,,,,,,,,,,,,
,384,-,,🇳🇴,skycrab1,,🗙,9:33.046,9:34.091,21 Jun 2024,(U),6111477306279101383,,,https://www.youtube.com/watch?v=SjpGEQo2qAI&list=PLU3_fvoJ1GyMStiA29z37DUPtG47PvOJz&index=36,,,,,,,,,,,,,,,,,,,,30 Dec '99,,,,,30 Dec '99,,,,,,30 Dec '99,,,30 Dec '99,,,30 Dec '99,,,,,,,,,,,,,,,,,,,,,,,,,,,,,,
,385,-,,🇺🇸,doogile,,🗙,9:34.348,9:34.348,21 Mar 2025,(U),3428741567389448584,,,https://www.youtube.com/watch?v=ON2kExN455Q,,,,,,,,,,,,,,,,,,,,30 Dec '99,,,,,30 Dec '99,,,,,,30 Dec '99,,,30 Dec '99,,,30 Dec '99,,,,,,,,,,,,,,,,,,,,,,,,,,,,,,
,386,-,,🇺🇸,doogile,,🗙,9:27.828,9:34.557,12 Apr 2023,(U),-1996716733981977639,,,https://www.youtube.com/watch?v=uv1DYktuHdQ,,,,,,,,,,,,,,,,,,,,30 Dec '99,,,,,30 Dec '99,,,,,,30 Dec '99,,,30 Dec '99,,,30 Dec '99,,,,,,,,,,,,,,,,,,,,,,,,,,,,,,
,387,-,,🇨🇦,Aquacorde,,🗙,9:35.061,9:35.061,11 Feb 2024,(U),5916322168139045813,,,https://www.youtube.com/watch?v=_kB4l1r6Z_U,,,,,,,,,,,,,,,,,,,,30 Dec '99,,,,,30 Dec '99,,,,,,30 Dec '99,,,30 Dec '99,,,30 Dec '99,,,,,,,,,,,,,,,,,,,,,,,,,,,,,,
,388,-,,🇳🇴,skycrab1,,🗙,9:33.390,9:35.170,05 Jul 2025,(U),3232995416196274049,,,https://www.youtube.com/watch?v=kxZT3ObGb8g&list=PLU3_fvoJ1GyMStiA29z37DUPtG47PvOJz&index=40,,,,,,,,,,,,,,,,,,,,30 Dec '99,,,,,30 Dec '99,,,,,,30 Dec '99,,,30 Dec '99,,,30 Dec '99,,,,,,,,,,,,,,,,,,,,,,,,,,,,,,
,389,-,,🇳🇴,skycrab1,,🗙,9:35.237,9:35.237,16 Sep 2024,(U),3490610711658203102,,,https://www.youtube.com/watch?v=_H66aNYnVX4&list=PLU3_fvoJ1GyMStiA29z37DUPtG47PvOJz&index=71,,,,,,,,,,,,,,,,,,,,30 Dec '99,,,,,30 Dec '99,,,,,,30 Dec '99,,,30 Dec '99,,,30 Dec '99,,,,,,,,,,,,,,,,,,,,,,,,,,,,,,
,390,-,,🇳🇴,skycrab1,,🗙,9:33.936,9:35.543,05 Aug 2024,(U),8022322116352656572,,,https://www.youtube.com/watch?v=4ly8bruecIw&list=PLU3_fvoJ1GyMStiA29z37DUPtG47PvOJz&index=48,,,,,,,,,,,,,,,,,,,,30 Dec '99,,,,,30 Dec '99,,,,,,30 Dec '99,,,30 Dec '99,,,30 Dec '99,,,,,,,,,,,,,,,,,,,,,,,,,,,,,,
,391,-,,🇳🇴,skycrab1,,🗙,9:35.206,9:35.594,10 Sep 2024,(U),4102653367681446187,,,https://www.youtube.com/watch?v=yy661jRyqhw&list=PLU3_fvoJ1GyMStiA29z37DUPtG47PvOJz&index=66,,,,,,,,,,,,,,,,,,,,30 Dec '99,,,,,30 Dec '99,,,,,,30 Dec '99,,,30 Dec '99,,,30 Dec '99,,,,,,,,,,,,,,,,,,,,,,,,,,,,,,
,392,-,,🇸🇰,NoFear1337,,🗙,9:35.670,9:35.670,20 Dec 2023,(U),unknown,,,https://www.youtube.com/watch?v=Dsj0KzbzY60,,,,,,,,,,,,,,,,,,,,30 Dec '99,,,,,30 Dec '99,,,,,,30 Dec '99,,,30 Dec '99,,,30 Dec '99,,,,,,,,,,,,,,,,,,,,,,,,,,,,,,
,393,-,,🇨🇦,silverr,,🗙,9:35.814,9:35.814,05 Feb 2023,(U),8973390315724050418,15,Yes,https://www.youtube.com/watch?v=6EHuNGxSBko,,,,,,,,,,,,,,,,,,,,30 Dec '99,,,,,30 Dec '99,,,,,,30 Dec '99,,,30 Dec '99,,,30 Dec '99,,,,,,,,,,,,,,,,,,,,,,,,,,,,,,
,394,-,,🇵🇱,watermelon1708,,🗙,9:34.440,9:35.912,13 Oct 2025,(U),unknown,,,https://www.youtube.com/watch?v=YxzgDYgm8AE,,,,,,,,,,,,,,,,,,,,30 Dec '99,,,,,30 Dec '99,,,,,,30 Dec '99,,,30 Dec '99,,,30 Dec '99,,,,,,,,,,,,,,,,,,,,,,,,,,,,,,
,395,-,,🇺🇸,doogile,,🗙,9:35.919,9:35.919,23 May 2025,(U),369201841316479078,,,https://www.youtube.com/watch?v=m5WY6SiLPH8,,,,,,,,,,,,,,,,,,,,30 Dec '99,,,,,30 Dec '99,,,,,,30 Dec '99,,,30 Dec '99,,,30 Dec '99,,,,,,,,,,,,,,,,,,,,,,,,,,,,,,
,396,54,🇬🇧,Brentilda,,✔,✔,9:38.000,9:36.000,19 Apr 2021,(V),-8422260959436812016,01,No,https://www.speedrun.com/mc/run/zq13899m,,,,,,,,,,,,,,,,,,,,30 Dec '99,,,,,30 Dec '99,,,,,,30 Dec '99,,,30 Dec '99,,,30 Dec '99,,,,,,,,,,,,,,,,,,,,,,,,,,,,,,
,397,55,🇸🇪,Crookst,,,✔,9:31.823,9:36.696,05 Mar 2022,(V),1234475058860136521,06,Yes,https://www.speedrun.com/mc/run/zn75ro9m,,,,,,,,,,,,,,,,,,,,30 Dec '99,,,,,30 Dec '99,,,,,,30 Dec '99,,,30 Dec '99,,,30 Dec '99,,,,,,,,,,,,,,,,,,,,,,,,,,,,,,
,398,-,,🇩🇰,Bloopy,,🗙,9:36.244,9:36.244,27 Oct 2024,(U),3241660036235146313,,,https://www.youtube.com/watch?v=KEaHoB1_iY4,,,,,,,,,,,,,,,,,,,,30 Dec '99,,,,,30 Dec '99,,,,,,30 Dec '99,,,30 Dec '99,,,30 Dec '99,,,,,,,,,,,,,,,,,,,,,,,,,,,,,,
,399,-,,🇨🇦,Jay12310,,🗙,9:36.303,9:36.303,07 Jan 2026,(U),unknown,,,https://www.youtube.com/watch?v=pROA_8k_5eg&list=PLaTJSsRuu2UcsiC6KEkJwrGp1GaGgPoVG&index=12,,,,,,,,,,,,,,,,,,,,30 Dec '99,,,,,30 Dec '99,,,,,,30 Dec '99,,,30 Dec '99,,,30 Dec '99,,,,,,,,,,,,,,,,,,,,,,,,,,,,,,
,400,-,,🇺🇸,doogile,,🗙,9:36.342,9:36.342,06 Jun 2025,(U),3942752838021789289,,,https://www.youtube.com/watch?v=Kwy4Xk-e0q8,,,,,,,,,,,,,,,,,,,,30 Dec '99,,,,,30 Dec '99,,,,,,30 Dec '99,,,30 Dec '99,,,30 Dec '99,,,,,,,,,,,,,,,,,,,,,,,,,,,,,,
,401,-,,🇳🇴,skycrab1,,🗙,9:35.664,9:36.849,26 Mar 2024,(U),unknown,,,https://www.youtube.com/watch?v=R_kkDzbVPHM&list=PLU3_fvoJ1GyMStiA29z37DUPtG47PvOJz&index=13,,,,,,,,,,,,,,,,,,,,30 Dec '99,,,,,30 Dec '99,,,,,,30 Dec '99,,,30 Dec '99,,,30 Dec '99,,,,,,,,,,,,,,,,,,,,,,,,,,,,,,
,402,-,,🇳🇴,skycrab1,,🗙,9:36.996,9:36.996,08 Oct 2024,(U),7453415470551744389,,,https://www.youtube.com/watch?v=kSKZSx3MlS0&list=PLU3_fvoJ1GyMStiA29z37DUPtG47PvOJz&index=77,,,,,,,,,,,,,,,,,,,,30 Dec '99,,,,,30 Dec '99,,,,,,30 Dec '99,,,30 Dec '99,,,30 Dec '99,,,,,,,,,,,,,,,,,,,,,,,,,,,,,,
,403,-,,🇳🇴,skycrab1,,🗙,9:36.604,9:37.350,26 May 2024,(U),546895512825728469,,,https://www.youtube.com/watch?v=13DWhOeZhQ0&list=PLU3_fvoJ1GyMStiA29z37DUPtG47PvOJz&index=23,,,,,,,,,,,,,,,,,,,,30 Dec '99,,,,,30 Dec '99,,,,,,30 Dec '99,,,30 Dec '99,,,30 Dec '99,,,,,,,,,,,,,,,,,,,,,,,,,,,,,,
,404,-,,🇺🇸,doogile,,🗙,9:36.895,9:37.361,14 Feb 2024,(U),8840188245230081545,,,https://www.youtube.com/watch?v=vGXGBTmZ5tU,,,,,,,,,,,,,,,,,,,,30 Dec '99,,,,,30 Dec '99,,,,,,30 Dec '99,,,30 Dec '99,,,30 Dec '99,,,,,,,,,,,,,,,,,,,,,,,,,,,,,,
,405,-,,🇨🇦,Aquacorde,,🗙,9:37.428,9:37.428,12 Jun 2025,(U),5411072566358981877,,,https://www.youtube.com/watch?v=8qtirJeKx8I,,,,,,,,,,,,,,,,,,,,30 Dec '99,,,,,30 Dec '99,,,,,,30 Dec '99,,,30 Dec '99,,,30 Dec '99,,,,,,,,,,,,,,,,,,,,,,,,,,,,,,
,406,-,,🇨🇦,Aquacorde,,🗙,9:37.634,9:37.634,22 May 2024,(U),-2489974967494847394,,,https://www.youtube.com/watch?v=VE9n0qCjt7w,,,,,,,,,,,,,,,,,,,,30 Dec '99,,,,,30 Dec '99,,,,,,30 Dec '99,,,30 Dec '99,,,30 Dec '99,,,,,,,,,,,,,,,,,,,,,,,,,,,,,,
,407,-,,🇳🇴,skycrab1,,🗙,9:38.062,9:38.159,08 Dec 2025,(U),unknown,,,https://www.youtube.com/watch?v=ZuI2ve_w9q0&list=PLU3_fvoJ1GyMStiA29z37DUPtG47PvOJz&index=158,,,,,,,,,,,,,,,,,,,,30 Dec '99,,,,,30 Dec '99,,,,,,30 Dec '99,,,30 Dec '99,,,30 Dec '99,,,,,,,,,,,,,,,,,,,,,,,,,,,,,,
,408,-,,🇨🇦,Aquacorde,,🗙,9:38.350,9:38.350,13 Apr 2024,(U),-9127982004582887256,,,https://www.youtube.com/watch?v=J3IDVImiBgk,,,,,,,,,,,,,,,,,,,,30 Dec '99,,,,,30 Dec '99,,,,,,30 Dec '99,,,30 Dec '99,,,30 Dec '99,,,,,,,,,,,,,,,,,,,,,,,,,,,,,,
,409,-,,🇨🇦,Aquacorde,,🗙,9:38.736,9:38.736,06 Jun 2025,(U),9010889274559730847,,,https://www.youtube.com/watch?v=bVVdKUflSME,,,,,,,,,,,,,,,,,,,,30 Dec '99,,,,,30 Dec '99,,,,,,30 Dec '99,,,30 Dec '99,,,30 Dec '99,,,,,,,,,,,,,,,,,,,,,,,,,,,,,,
,410,-,,🇳🇴,skycrab1,,🗙,9:37.169,9:38.505,15 Jun 2024,(U),-6835923738561090524,,,https://www.youtube.com/watch?v=DiB9QaNNmPs&list=PLU3_fvoJ1GyMStiA29z37DUPtG47PvOJz&index=31&pp=iAQB,,,,,,,,,,,,,,,,,,,,30 Dec '99,,,,,30 Dec '99,,,,,,30 Dec '99,,,30 Dec '99,,,30 Dec '99,,,,,,,,,,,,,,,,,,,,,,,,,,,,,,
,411,-,,🇵🇱,watermelon1708,,🗙,9:37.975,9:38.760,14 Nov 2025,(U),unknown,,,https://www.youtube.com/watch?v=i8Pi7aIULKc,,,,,,,,,,,,,,,,,,,,30 Dec '99,,,,,30 Dec '99,,,,,,30 Dec '99,,,30 Dec '99,,,30 Dec '99,,,,,,,,,,,,,,,,,,,,,,,,,,,,,,
,412,-,,🇮🇹,drip120,,🗙,9:37.558,9:39.066,24 Oct 2025,(U),unknown,,,https://www.youtube.com/watch?v=wyhD_ahpxGU,,,,,,,,,,,,,,,,,,,,30 Dec '99,,,,,30 Dec '99,,,,,,30 Dec '99,,,30 Dec '99,,,30 Dec '99,,,,,,,,,,,,,,,,,,,,,,,,,,,,,,
,413,-,,🇳🇴,skycrab1,,🗙,9:39.300,9:39.928,28 Jul 2024,(U),1220434626875752910,,,https://www.youtube.com/watch?v=mFNMOnaFXaY&list=PLU3_fvoJ1GyMStiA29z37DUPtG47PvOJz&index=45,,,,,,,,,,,,,,,,,,,,30 Dec '99,,,,,30 Dec '99,,,,,,30 Dec '99,,,30 Dec '99,,,30 Dec '99,,,,,,,,,,,,,,,,,,,,,,,,,,,,,,
,414,-,,🇺🇦,dinonuggieboi,,✔,9:35.023,9:39.334,22 Apr 2023,(V),-6590499565572039174,04,Yes,https://www.speedrun.com/mc/run/m3q9d2dy,,,,,,,,,,,,,,,,,,,,30 Dec '99,,,,,30 Dec '99,,,,,,30 Dec '99,,,30 Dec '99,,,30 Dec '99,,,,,,,,,,,,,,,,,,,,,,,,,,,,,,
,415,-,,🇵🇱,watermelon1708,,🗙,9:37.815,9:39.646,12 Oct 2025,(U),see video,,,https://www.youtube.com/watch?v=0Sux8DzQKHg,,,,,,,,,,,,,,,,,,,,30 Dec '99,,,,,30 Dec '99,,,,,,30 Dec '99,,,30 Dec '99,,,30 Dec '99,,,,,,,,,,,,,,,,,,,,,,,,,,,,,,
,416,-,,🇳🇴,skycrab1,,🗙,9:39.881,9:39.881,20 Oct 2024,(U),-8605506067910459007,,,https://www.youtube.com/watch?v=Qo6r_k863hs&list=PLU3_fvoJ1GyMStiA29z37DUPtG47PvOJz&index=86,,,,,,,,,,,,,,,,,,,,30 Dec '99,,,,,30 Dec '99,,,,,,30 Dec '99,,,30 Dec '99,,,30 Dec '99,,,,,,,,,,,,,,,,,,,,,,,,,,,,,,
,417,-,,🇨🇦,Aquacorde,,🗙,9:39.937,9:39.937,12 Jul 2025,(U),3456563830022902090,,,https://www.youtube.com/watch?v=9W4oVjvPLO8,,,,,,,,,,,,,,,,,,,,30 Dec '99,,,,,30 Dec '99,,,,,,30 Dec '99,,,30 Dec '99,,,30 Dec '99,,,,,,,,,,,,,,,,,,,,,,,,,,,,,,
,418,-,,🇳🇴,skycrab1,,🗙,9:39.675,9:39.946,17 May 2025,(U),unknown,,,https://www.youtube.com/watch?v=7_u4r-5wbBw&list=PLU3_fvoJ1GyMStiA29z37DUPtG47PvOJz&index=122,,,,,,,,,,,,,,,,,,,,30 Dec '99,,,,,30 Dec '99,,,,,,30 Dec '99,,,30 Dec '99,,,30 Dec '99,,,,,,,,,,,,,,,,,,,,,,,,,,,,,,
,419,-,,🇬🇧,Kxpow,,✔,9:35.931,9:40.072,13 Feb 2023,(V),-2352610708955668290,06,Yes,https://www.speedrun.com/mc/run/meeedq3m,,,,,,,,,,,,,,,,,,,,30 Dec '99,,,,,30 Dec '99,,,,,,30 Dec '99,,,30 Dec '99,,,30 Dec '99,,,,,,,,,,,,,,,,,,,,,,,,,,,,,,
,420,-,,🇨🇦,silverr,,🗙,9:39.324,9:40.144,13 Sep 2023,(U),unknown,??,Yes,https://www.youtube.com/watch?v=7Qgs9qVAEYg,,,,,,,,,,,,,,,,,,,,30 Dec '99,,,,,30 Dec '99,,,,,,30 Dec '99,,,30 Dec '99,,,30 Dec '99,,,,,,,,,,,,,,,,,,,,,,,,,,,,,,
,421,-,,🇺🇸,doogile,,🗙,9:38.425,9:40.319,20 Jan 2024,(U),-4077851580953068746,,,https://www.youtube.com/watch?v=qYuK9wNO7GQ,,,,,,,,,,,,,,,,,,,,30 Dec '99,,,,,30 Dec '99,,,,,,30 Dec '99,,,30 Dec '99,,,30 Dec '99,,,,,,,,,,,,,,,,,,,,,,,,,,,,,,
,422,-,,🇳🇱,HDMICables,,✔,9:35.842,9:40.337,30 Dec 2023,(U),-2883304325678276407,06,Yes,https://www.youtube.com/watch?v=fsCAdRBeb3s,,,,,,,,,,,,,,,,,,,,30 Dec '99,,,,,30 Dec '99,,,,,,30 Dec '99,,,30 Dec '99,,,30 Dec '99,,,,,,,,,,,,,,,,,,,,,,,,,,,,,,
,423,-,,🇨🇦,NoHacsJustRoblox,,🗙,9:39.837,9:40.348,22 Apr 2024,(U),7851252288319915185,,,https://www.youtube.com/watch?v=yxr4anf52rI,,,,,,,,,,,,,,,,,,,,30 Dec '99,,,,,30 Dec '99,,,,,,30 Dec '99,,,30 Dec '99,,,30 Dec '99,,,,,,,,,,,,,,,,,,,,,,,,,,,,,,
,424,-,,🇳🇴,skycrab1,,🗙,9:39.314,9:40.387,13 Aug 2024,(U),-7637821071124496857,,,https://www.youtube.com/watch?v=aFxizpVM6-c&list=PLU3_fvoJ1GyMStiA29z37DUPtG47PvOJz&index=51,,,,,,,,,,,,,,,,,,,,30 Dec '99,,,,,30 Dec '99,,,,,,30 Dec '99,,,30 Dec '99,,,30 Dec '99,,,,,,,,,,,,,,,,,,,,,,,,,,,,,,
,425,-,,🇳🇴,skycrab1,,🗙,9:40.817,9:40.817,08 Dec 2025,(U),unknown,,,https://www.youtube.com/watch?v=WAg6hWbZyx4&list=PLU3_fvoJ1GyMStiA29z37DUPtG47PvOJz&index=154,,,,,,,,,,,,,,,,,,,,30 Dec '99,,,,,30 Dec '99,,,,,,30 Dec '99,,,30 Dec '99,,,30 Dec '99,,,,,,,,,,,,,,,,,,,,,,,,,,,,,,
,426,-,,🇺🇸,doogile,,🗙,9:40.835,9:40.835,07 Jul 2024,(U),2139235147472927794,,,https://www.youtube.com/watch?v=SIsWU7n7Y1Q,,,,,,,,,,,,,,,,,,,,30 Dec '99,,,,,30 Dec '99,,,,,,30 Dec '99,,,30 Dec '99,,,30 Dec '99,,,,,,,,,,,,,,,,,,,,,,,,,,,,,,
,427,-,,🇬🇧,Kxpow,,🗙,9:36.126,9:40.897,01 Dec 2023,(U),259107068981043696,09,Yes,https://www.youtube.com/watch?v=QfrFgDFKD5w,,,,,,,,,,,,,,,,,,,,30 Dec '99,,,,,30 Dec '99,,,,,,30 Dec '99,,,30 Dec '99,,,30 Dec '99,,,,,,,,,,,,,,,,,,,,,,,,,,,,,,
,428,-,,🇳🇴,skycrab1,,🗙,9:40.016,9:40.947,25 Jan 2024,(U),unknown,,,https://www.youtube.com/watch?v=BfPtmmhAcv8&list=PLU3_fvoJ1GyMStiA29z37DUPtG47PvOJz&index=7,,,,,,,,,,,,,,,,,,,,30 Dec '99,,,,,30 Dec '99,,,,,,30 Dec '99,,,30 Dec '99,,,30 Dec '99,,,,,,,,,,,,,,,,,,,,,,,,,,,,,,
,429,-,,🇳🇴,skycrab1,,🗙,9:40.952,9:40.952,17 Oct 2024,(U),-6693970200234515187,,,https://www.youtube.com/watch?v=KoyMQIZpl2M&list=PLU3_fvoJ1GyMStiA29z37DUPtG47PvOJz&index=84,,,,,,,,,,,,,,,,,,,,30 Dec '99,,,,,30 Dec '99,,,,,,30 Dec '99,,,30 Dec '99,,,30 Dec '99,,,,,,,,,,,,,,,,,,,,,,,,,,,,,,
,430,-,,🇵🇱,watermelon1708,,🗙,9:40.214,9:40.974,10 Nov 2025,(U),unknown,,,https://www.youtube.com/watch?v=BRWCw1TJJ8I,,,,,,,,,,,,,,,,,,,,30 Dec '99,,,,,30 Dec '99,,,,,,30 Dec '99,,,30 Dec '99,,,30 Dec '99,,,,,,,,,,,,,,,,,,,,,,,,,,,,,,
,431,-,,🇸🇰,NoFear1337,,🗙,9:41.386,9:41.386,29 Jul 2025,(U),unknown,,,https://www.youtube.com/watch?v=IPeeYl5K1dw,,,,,,,,,,,,,,,,,,,,30 Dec '99,,,,,30 Dec '99,,,,,,30 Dec '99,,,30 Dec '99,,,30 Dec '99,,,,,,,,,,,,,,,,,,,,,,,,,,,,,,
,432,-,,🇳🇴,skycrab1,,🗙,9:40.139,9:41.483,30 Apr 2024,(U),unknown,,,https://www.youtube.com/watch?v=eg2ekkY0cNE&list=PLU3_fvoJ1GyMStiA29z37DUPtG47PvOJz&index=17,,,,,,,,,,,,,,,,,,,,30 Dec '99,,,,,30 Dec '99,,,,,,30 Dec '99,,,30 Dec '99,,,30 Dec '99,,,,,,,,,,,,,,,,,,,,,,,,,,,,,,
,433,-,,🇳🇴,skycrab1,,🗙,9:41.890,9:41.890,31 Jan 2025,(U),3885342470278498728,,,https://www.youtube.com/watch?v=UnIxyUgilX4&list=PLU3_fvoJ1GyMStiA29z37DUPtG47PvOJz&index=111,,,,,,,,,,,,,,,,,,,,30 Dec '99,,,,,30 Dec '99,,,,,,30 Dec '99,,,30 Dec '99,,,30 Dec '99,,,,,,,,,,,,,,,,,,,,,,,,,,,,,,
,434,-,,🇳🇴,skycrab1,,🗙,9:41.631,9:42.343,21 Aug 2024,(U),2108680863366446173,,,https://www.youtube.com/watch?v=c-yAb9s6b5Y&list=PLU3_fvoJ1GyMStiA29z37DUPtG47PvOJz&index=58,,,,,,,,,,,,,,,,,,,,30 Dec '99,,,,,30 Dec '99,,,,,,30 Dec '99,,,30 Dec '99,,,30 Dec '99,,,,,,,,,,,,,,,,,,,,,,,,,,,,,,
,435,-,,🇹🇷,Ancoboy,,✔,9:40.615,9:42.910,21 Aug 2023,(U),6827480725930071979,06,Yes,https://www.youtube.com/watch?v=29VY3VmMX2Y,,,,,,,,,,,,,,,,,,,,30 Dec '99,,,,,30 Dec '99,,,,,,30 Dec '99,,,30 Dec '99,,,30 Dec '99,,,,,,,,,,,,,,,,,,,,,,,,,,,,,,
,436,-,,🇳🇴,skycrab1,,🗙,9:42.450,9:43.523,19 Jul 2024,(U),-1964772688075275318,,,https://www.youtube.com/watch?v=HHrKcvSjew0&list=PLU3_fvoJ1GyMStiA29z37DUPtG47PvOJz&index=43,,,,,,,,,,,,,,,,,,,,30 Dec '99,,,,,30 Dec '99,,,,,,30 Dec '99,,,30 Dec '99,,,30 Dec '99,,,,,,,,,,,,,,,,,,,,,,,,,,,,,,
,437,-,,🇳🇴,skycrab1,,🗙,9:41.443,9:43.808,12 Mar 2024,(U),unknown,,,https://www.youtube.com/watch?v=VoCX3_TnqHI&list=PLU3_fvoJ1GyMStiA29z37DUPtG47PvOJz&index=12,,,,,,,,,,,,,,,,,,,,30 Dec '99,,,,,30 Dec '99,,,,,,30 Dec '99,,,30 Dec '99,,,30 Dec '99,,,,,,,,,,,,,,,,,,,,,,,,,,,,,,
,438,-,,🇨🇦,Aquacorde,,🗙,9:43.870,9:43.870,26 Jan 2024,(U),2993955281694429561,,,https://www.youtube.com/watch?v=E1hFL8IGFnc,,,,,,,,,,,,,,,,,,,,30 Dec '99,,,,,30 Dec '99,,,,,,30 Dec '99,,,30 Dec '99,,,30 Dec '99,,,,,,,,,,,,,,,,,,,,,,,,,,,,,,
,439,-,,🇸🇰,NoFear1337,,🗙,9:42.464,9:44.152,09 Dec 2023,(U),Unknown,??,Yes,https://www.youtube.com/watch?v=rlc36sXmCDk,,,,,,,,,,,,,,,,,,,,30 Dec '99,,,,,30 Dec '99,,,,,,30 Dec '99,,,30 Dec '99,,,30 Dec '99,,,,,,,,,,,,,,,,,,,,,,,,,,,,,,
,440,-,,🇨🇦,silverr,,🗙,9:39.420,9:44.275,21 May 2023,(U),Unknown,12,Yes,https://www.youtube.com/watch?v=vJQDBHHepPE,,,,,,,,,,,,,,,,,,,,30 Dec '99,,,,,30 Dec '99,,,,,,30 Dec '99,,,30 Dec '99,,,30 Dec '99,,,,,,,,,,,,,,,,,,,,,,,,,,,,,,
,441,-,,🇨🇦,Aquacorde,,🗙,9:44.349,9:44.349,12 Jul 2025,(U),1087998950322160223,,,https://www.youtube.com/watch?v=H0hSYxjyzsI,,,,,,,,,,,,,,,,,,,,30 Dec '99,,,,,30 Dec '99,,,,,,30 Dec '99,,,30 Dec '99,,,30 Dec '99,,,,,,,,,,,,,,,,,,,,,,,,,,,,,,
,442,-,,🇳🇴,skycrab1,,🗙,9:44.358,9:44.358,02 Feb 2025,(U),1322346143525327365,,,https://www.youtube.com/watch?v=7qXx3IHHQhA&list=PLU3_fvoJ1GyMStiA29z37DUPtG47PvOJz&index=112,,,,,,,,,,,,,,,,,,,,30 Dec '99,,,,,30 Dec '99,,,,,,30 Dec '99,,,30 Dec '99,,,30 Dec '99,,,,,,,,,,,,,,,,,,,,,,,,,,,,,,
,443,-,,🇳🇴,skycrab1,,🗙,9:44.424,9:44.424,26 Oct 2024,(U),-5203179418336138120,,,https://www.youtube.com/watch?v=FwxAelAatn8&list=PLU3_fvoJ1GyMStiA29z37DUPtG47PvOJz&index=89,,,,,,,,,,,,,,,,,,,,30 Dec '99,,,,,30 Dec '99,,,,,,30 Dec '99,,,30 Dec '99,,,30 Dec '99,,,,,,,,,,,,,,,,,,,,,,,,,,,,,,
,444,-,,🇳🇴,skycrab1,,🗙,9:44.489,9:44.489,08 Feb 2025,(U),76808428139630285,,,https://www.youtube.com/watch?v=A1g4bfj2Byw&list=PLU3_fvoJ1GyMStiA29z37DUPtG47PvOJz&index=115,,,,,,,,,,,,,,,,,,,,30 Dec '99,,,,,30 Dec '99,,,,,,30 Dec '99,,,30 Dec '99,,,30 Dec '99,,,,,,,,,,,,,,,,,,,,,,,,,,,,,,
,445,-,,🇸🇪,Crookst,,🗙,9:44.556,9:44.556,14 Mar 2022,(U),Unknown,06,Yes,https://www.youtube.com/watch?v=31OsmvNWQaE,,,,,,,,,,,,,,,,,,,,30 Dec '99,,,,,30 Dec '99,,,,,,30 Dec '99,,,30 Dec '99,,,30 Dec '99,,,,,,,,,,,,,,,,,,,,,,,,,,,,,,
,446,-,,🇺🇸,Zylenox,,🗙,9:38.527,9:44.801,09 Feb 2023,(U),-3251173191348135293,15,Yes,https://www.youtube.com/watch?v=FS5mcKtJB7M,,,,,,,,,,,,,,,,,,,,30 Dec '99,,,,,30 Dec '99,,,,,,30 Dec '99,,,30 Dec '99,,,30 Dec '99,,,,,,,,,,,,,,,,,,,,,,,,,,,,,,
,447,-,,🇵🇱,watermelon1708,,🗙,9:42.792,9:44.899,29 Jul 2025,(U),unknown,,,https://www.youtube.com/watch?v=HecWdO0ujt8,,,,,,,,,,,,,,,,,,,,30 Dec '99,,,,,30 Dec '99,,,,,,30 Dec '99,,,30 Dec '99,,,30 Dec '99,,,,,,,,,,,,,,,,,,,,,,,,,,,,,,
,448,-,,🇩🇪,jason_n,,✔,9:44.284,9:44.931,01 May 2024,(V),-7717725771183973328,,,https://www.speedrun.com/mc/runs/y8w63edy,,,,,,,,,,,,,,,,,,,,30 Dec '99,,,,,30 Dec '99,,,,,,30 Dec '99,,,30 Dec '99,,,30 Dec '99,,,,,,,,,,,,,,,,,,,,,,,,,,,,,,
,449,-,,🇳🇴,skycrab1,,🗙,9:45.037,9:45.037,23 Oct 2025,(U),unknown,,,https://www.youtube.com/watch?v=T9vM7OUlcEI&list=PLU3_fvoJ1GyMStiA29z37DUPtG47PvOJz&index=146,,,,,,,,,,,,,,,,,,,,30 Dec '99,,,,,30 Dec '99,,,,,,30 Dec '99,,,30 Dec '99,,,30 Dec '99,,,,,,,,,,,,,,,,,,,,,,,,,,,,,,
,450,-,,🇳🇴,skycrab1,,🗙,9:42.436,9:45.242,03 Aug 2024,(U),-2702230192878188102,,,https://www.youtube.com/watch?v=-sDFnCpd8j4&list=PLU3_fvoJ1GyMStiA29z37DUPtG47PvOJz&index=46,,,,,,,,,,,,,,,,,,,,30 Dec '99,,,,,30 Dec '99,,,,,,30 Dec '99,,,30 Dec '99,,,30 Dec '99,,,,,,,,,,,,,,,,,,,,,,,,,,,,,,
,451,-,,🇺🇸,doogile,,🗙,9:42.858,9:45.286,13 Mar 2023,(U),7973705383474527466,,,https://www.youtube.com/watch?v=Cf8Sk1XdjME,,,,,,,,,,,,,,,,,,,,30 Dec '99,,,,,30 Dec '99,,,,,,30 Dec '99,,,30 Dec '99,,,30 Dec '99,,,,,,,,,,,,,,,,,,,,,,,,,,,,,,
,452,-,,🇵🇱,watermelon1708,,🗙,9:44.114,9:45.496,26 Sep 2024,(U),unknown,,,https://www.youtube.com/watch?v=fT6s7ACmW9o,,,,,,,,,,,,,,,,,,,,30 Dec '99,,,,,30 Dec '99,,,,,,30 Dec '99,,,30 Dec '99,,,30 Dec '99,,,,,,,,,,,,,,,,,,,,,,,,,,,,,,
,453,-,,🇮🇹,drip120,,🗙,9:45.216,9:45.567,12 Jan 2026,(U),unknown,,,https://www.youtube.com/watch?v=ZZyjifZwkio,,,,,,,,,,,,,,,,,,,,30 Dec '99,,,,,30 Dec '99,,,,,,30 Dec '99,,,30 Dec '99,,,30 Dec '99,,,,,,,,,,,,,,,,,,,,,,,,,,,,,,
,454,-,,🇸🇰,NoFear1337,,🗙,9:44.152,9:44.152,09 Dec 2023,(U),unknown,,,https://www.youtube.com/watch?v=rlc36sXmCDk,,,,,,,,,,,,,,,,,,,,30 Dec '99,,,,,30 Dec '99,,,,,,30 Dec '99,,,30 Dec '99,,,30 Dec '99,,,,,,,,,,,,,,,,,,,,,,,,,,,,,,
,455,-,,🇳🇴,skycrab1,,🗙,9:44.649,9:44.649,10 Oct 2024,(U),-1175900086044057204,,,https://www.youtube.com/watch?v=A-29KTnAD2I&list=PLU3_fvoJ1GyMStiA29z37DUPtG47PvOJz&index=82,,,,,,,,,,,,,,,,,,,,30 Dec '99,,,,,30 Dec '99,,,,,,30 Dec '99,,,30 Dec '99,,,30 Dec '99,,,,,,,,,,,,,,,,,,,,,,,,,,,,,,
,456,-,,🇩🇰,Bloopy,,🗙,9:42.547,9:45.668,23 May 2024,(U),7218213766237196138,,,https://www.youtube.com/watch?v=0A2pZcw7nKA,,,,,,,,,,,,,,,,,,,,30 Dec '99,,,,,30 Dec '99,,,,,,30 Dec '99,,,30 Dec '99,,,30 Dec '99,,,,,,,,,,,,,,,,,,,,,,,,,,,,,,
,457,-,,🇩🇰,Bloopy,,🗙,9:44.536,9:45.834,08 May 2024,(U),5767139754953530122,,,https://www.youtube.com/watch?v=t48Dg8QRZ7I,,,,,,,,,,,,,,,,,,,,30 Dec '99,,,,,30 Dec '99,,,,,,30 Dec '99,,,30 Dec '99,,,30 Dec '99,,,,,,,,,,,,,,,,,,,,,,,,,,,,,,
,458,-,,🇺🇸,doogile,,🗙,9:46.008,9:46.008,16 Aug 2024,(U),see video,,,https://www.youtube.com/watch?v=Qf_GLwKVINE,,,,,,,,,,,,,,,,,,,,30 Dec '99,,,,,30 Dec '99,,,,,,30 Dec '99,,,30 Dec '99,,,30 Dec '99,,,,,,,,,,,,,,,,,,,,,,,,,,,,,,
,459,-,,🇺🇸,doogile,,🗙,9:46.009,9:46.009,22 May 2025,(U),-3736586617850065730,,,https://www.youtube.com/watch?v=ccQtcViua94,,,,,,,,,,,,,,,,,,,,30 Dec '99,,,,,30 Dec '99,,,,,,30 Dec '99,,,30 Dec '99,,,30 Dec '99,,,,,,,,,,,,,,,,,,,,,,,,,,,,,,
,460,-,,🇨🇦,Aquacorde,,🗙,9:46.107,9:46.107,27 Jun 2024,(U),9049033619582385475,,,https://www.youtube.com/watch?v=Ye9k6KJM768,,,,,,,,,,,,,,,,,,,,30 Dec '99,,,,,30 Dec '99,,,,,,30 Dec '99,,,30 Dec '99,,,30 Dec '99,,,,,,,,,,,,,,,,,,,,,,,,,,,,,,
,461,-,,🇩🇰,Bloopy,,🗙,9:46.158,9:46.158,08 Mar 2025,(U),6216282210011845491,,,https://www.youtube.com/watch?v=ONuQrlNvhS8,,,,,,,,,,,,,,,,,,,,30 Dec '99,,,,,30 Dec '99,,,,,,30 Dec '99,,,30 Dec '99,,,30 Dec '99,,,,,,,,,,,,,,,,,,,,,,,,,,,,,,
,462,-,,🇩🇰,Bloopy,,🗙,9:46.195,9:46.195,20 Jan 2025,(U),-7985963383704728573,,,https://www.youtube.com/watch?v=29tEBxruVpI,,,,,,,,,,,,,,,,,,,,30 Dec '99,,,,,30 Dec '99,,,,,,30 Dec '99,,,30 Dec '99,,,30 Dec '99,,,,,,,,,,,,,,,,,,,,,,,,,,,,,,
,463,-,,🇨🇦,Aquacorde,,🗙,9:46.271,9:46.271,28 Mar 2025,(U),-07976283618262231963,,,https://www.youtube.com/watch?v=jSkSLZfGAwQ,,,,,,,,,,,,,,,,,,,,30 Dec '99,,,,,30 Dec '99,,,,,,30 Dec '99,,,30 Dec '99,,,30 Dec '99,,,,,,,,,,,,,,,,,,,,,,,,,,,,,,
,464,-,,🇩🇰,Bloopy,,🗙,9:46.391,9:46.391,27 Jun 2024,(U),-7127755779148304965,,,https://www.youtube.com/watch?v=NYuEksXYaCU,,,,,,,,,,,,,,,,,,,,30 Dec '99,,,,,30 Dec '99,,,,,,30 Dec '99,,,30 Dec '99,,,30 Dec '99,,,,,,,,,,,,,,,,,,,,,,,,,,,,,,
,465,-,,🇨🇦,NoHacsJustRoblox,,✔,9:45.421,9:46.316,13 Jan 2024,(U),-4263921606035060816,,,https://www.youtube.com/watch?v=6KMSa52qjCM,,,,,,,,,,,,,,,,,,,,30 Dec '99,,,,,30 Dec '99,,,,,,30 Dec '99,,,30 Dec '99,,,30 Dec '99,,,,,,,,,,,,,,,,,,,,,,,,,,,,,,
,466,-,,🇺🇸,thecamo6,,✔,9:45.287,9:46.653,02 Jan 2023,(V),-4279335892801629149,,,https://www.speedrun.com/mc/runs/ydg0jj0y,,,,,,,,,,,,,,,,,,,,30 Dec '99,,,,,30 Dec '99,,,,,,30 Dec '99,,,30 Dec '99,,,30 Dec '99,,,,,,,,,,,,,,,,,,,,,,,,,,,,,,
,467,-,,🇺🇸,doogile,,🗙,9:41.283,9:46.909,28 Oct 2023,(U),8031767395139939967,,,https://www.youtube.com/watch?v=qMYf-lt2Gik,,,,,,,,,,,,,,,,,,,,30 Dec '99,,,,,30 Dec '99,,,,,,30 Dec '99,,,30 Dec '99,,,30 Dec '99,,,,,,,,,,,,,,,,,,,,,,,,,,,,,,
,468,-,,🇺🇸,doogile,,🗙,9:45.866,9:47.031,17 Jan 2024,(U),659506891402994010,,,https://www.youtube.com/watch?v=xvG0ou32Tn4,,,,,,,,,,,,,,,,,,,,30 Dec '99,,,,,30 Dec '99,,,,,,30 Dec '99,,,30 Dec '99,,,30 Dec '99,,,,,,,,,,,,,,,,,,,,,,,,,,,,,,
,469,-,,🇬🇧,Kxpow,,🗙,9:41.724,9:47.267,03 Nov 2023,(U),-4292657386397314439,09,Yes,https://www.youtube.com/watch?v=Mvek4DydEWs,,,,,,,,,,,,,,,,,,,,30 Dec '99,,,,,30 Dec '99,,,,,,30 Dec '99,,,30 Dec '99,,,30 Dec '99,,,,,,,,,,,,,,,,,,,,,,,,,,,,,,
,470,-,,🇳🇴,skycrab1,,🗙,9:46.198,9:47.329,23 Jul 2024,(U),-8584715713734940155,,,https://www.youtube.com/watch?v=SxKsNmBrYIo&list=PLU3_fvoJ1GyMStiA29z37DUPtG47PvOJz&index=44,,,,,,,,,,,,,,,,,,,,30 Dec '99,,,,,30 Dec '99,,,,,,30 Dec '99,,,30 Dec '99,,,30 Dec '99,,,,,,,,,,,,,,,,,,,,,,,,,,,,,,
,471,-,,🇨🇦,NoHacsJustRoblox,,🗙,9:43.761,9:47.778,10 Nov 2023,(V),-4347952844736501796,,,https://www.speedrun.com/mc/runs/mr26ln4y,,,,,,,,,,,,,,,,,,,,30 Dec '99,,,,,30 Dec '99,,,,,,30 Dec '99,,,30 Dec '99,,,30 Dec '99,,,,,,,,,,,,,,,,,,,,,,,,,,,,,,
,472,-,,🇨🇦,NoHacsJustRoblox,,🗙,9:46.999,9:47.999,11 Oct 2024,(U),unknown,,,https://www.youtube.com/watch?v=sbS8Zko1TlQ,,,,,,,,,,,,,,,,,,,,30 Dec '99,,,,,30 Dec '99,,,,,,30 Dec '99,,,30 Dec '99,,,30 Dec '99,,,,,,,,,,,,,,,,,,,,,,,,,,,,,,
,473,-,,🇨🇦,Aquacorde,,🗙,9:48.026,9:48.026,22 Feb 2024,(U),9118196624093387626,,,https://www.youtube.com/watch?v=mIFXvcg5exc,,,,,,,,,,,,,,,,,,,,30 Dec '99,,,,,30 Dec '99,,,,,,30 Dec '99,,,30 Dec '99,,,30 Dec '99,,,,,,,,,,,,,,,,,,,,,,,,,,,,,,
,474,-,,🇸🇰,NoFear1337,,🗙,9:48.163,9:48.213,27 Aug 2023,(U),unknown,,,https://www.youtube.com/watch?v=z-TqSwvseQM,,,,,,,,,,,,,,,,,,,,30 Dec '99,,,,,30 Dec '99,,,,,,30 Dec '99,,,30 Dec '99,,,30 Dec '99,,,,,,,,,,,,,,,,,,,,,,,,,,,,,,
,475,-,,🇳🇴,skycrab1,,🗙,9:47.690,9:48.353,19 Jul 2024,(U),-209222904514390450,,,https://www.youtube.com/watch?v=SHAbsCkd9IA&list=PLU3_fvoJ1GyMStiA29z37DUPtG47PvOJz&index=42,,,,,,,,,,,,,,,,,,,,30 Dec '99,,,,,30 Dec '99,,,,,,30 Dec '99,,,30 Dec '99,,,30 Dec '99,,,,,,,,,,,,,,,,,,,,,,,,,,,,,,
,476,-,,🇺🇸,Zylenox,,🗙,9:43.663,9:48.405,23 Dec 2022,(U),4650296313107653918,,,https://www.youtube.com/watch?v=c6A7e74XY5g,,,,,,,,,,,,,,,,,,,,30 Dec '99,,,,,30 Dec '99,,,,,,30 Dec '99,,,30 Dec '99,,,30 Dec '99,,,,,,,,,,,,,,,,,,,,,,,,,,,,,,
,477,-,,🇺🇸,meebie,,✔,9:47.567,9:48.735,13 Mar 2023,(V),5085481578685051061,12,Yes,https://www.speedrun.com/mc/run/yj8eo2gm,,,,,,,,,,,,,,,,,,,,30 Dec '99,,,,,30 Dec '99,,,,,,30 Dec '99,,,30 Dec '99,,,30 Dec '99,,,,,,,,,,,,,,,,,,,,,,,,,,,,,,
,478,-,,🇸🇰,NoFear1337,,🗙,9:46.172,9:48.868,04 Nov 2025,(U),unknown,,,https://www.youtube.com/watch?v=nWG0IBAK484,,,,,,,,,,,,,,,,,,,,30 Dec '99,,,,,30 Dec '99,,,,,,30 Dec '99,,,30 Dec '99,,,30 Dec '99,,,,,,,,,,,,,,,,,,,,,,,,,,,,,,
,479,-,,🇳🇴,skycrab1,,🗙,9:48.787,9:49.039,08 Dec 2025,(U),unknown,,,https://www.youtube.com/watch?v=nuRVx79nIxg&list=PLU3_fvoJ1GyMStiA29z37DUPtG47PvOJz&index=155,,,,,,,,,,,,,,,,,,,,30 Dec '99,,,,,30 Dec '99,,,,,,30 Dec '99,,,30 Dec '99,,,30 Dec '99,,,,,,,,,,,,,,,,,,,,,,,,,,,,,,
,480,-,,🇳🇴,skycrab1,,🗙,9:49.051,9:49.051,07 Sep 2024,(U),-5901488670443987544,,,https://www.youtube.com/watch?v=QTUOtzq4PCM&list=PLU3_fvoJ1GyMStiA29z37DUPtG47PvOJz&index=65,,,,,,,,,,,,,,,,,,,,30 Dec '99,,,,,30 Dec '99,,,,,,30 Dec '99,,,30 Dec '99,,,30 Dec '99,,,,,,,,,,,,,,,,,,,,,,,,,,,,,,
,481,-,,🇸🇪,Crookst,,🗙,9:49.408,9:49.408,24 May 2022,(U),unknown,06,Yes,https://www.youtube.com/watch?v=uV8TKcBR9fY,,,,,,,,,,,,,,,,,,,,30 Dec '99,,,,,30 Dec '99,,,,,,30 Dec '99,,,30 Dec '99,,,30 Dec '99,,,,,,,,,,,,,,,,,,,,,,,,,,,,,,
,482,-,,🇬🇧,Kxpow,,🗙,9:40.156,9:49.436,30 Jul 2023,(U),-5875652353814320049,08,Yes,https://www.youtube.com/watch?v=c4mVL3Qoois,,,,,,,,,,,,,,,,,,,,30 Dec '99,,,,,30 Dec '99,,,,,,30 Dec '99,,,30 Dec '99,,,30 Dec '99,,,,,,,,,,,,,,,,,,,,,,,,,,,,,,
,483,-,,🇺🇸,doogile,,🗙,9:48.125,9:49.511,22 Jan 2023,(U),-5847241643383056057,,,https://www.youtube.com/watch?v=svPe9bvWOZs,,,,,,,,,,,,,,,,,,,,30 Dec '99,,,,,30 Dec '99,,,,,,30 Dec '99,,,30 Dec '99,,,30 Dec '99,,,,,,,,,,,,,,,,,,,,,,,,,,,,,,
,484,-,,🇺🇸,Zylenox,,🗙,9:46.820,9:49.532,02 Jul 2023,(U),8044565015290039310,15,Yes,https://www.youtube.com/watch?v=sDcIlMtOOmE,,,,,,,,,,,,,,,,,,,,30 Dec '99,,,,,30 Dec '99,,,,,,30 Dec '99,,,30 Dec '99,,,30 Dec '99,,,,,,,,,,,,,,,,,,,,,,,,,,,,,,
,485,-,,🇧🇪,boyenn,,🗙,9:46.577,9:46.697,09 Mar 2025,(U),unknown,,,https://www.youtube.com/watch?v=V12SrHOwNBQ,,,,,,,,,,,,,,,,,,,,30 Dec '99,,,,,30 Dec '99,,,,,,30 Dec '99,,,30 Dec '99,,,30 Dec '99,,,,,,,,,,,,,,,,,,,,,,,,,,,,,,
,486,-,,🇳🇴,skycrab1,,🗙,9:49.773,9:49.773,18 Nov 2024,(U),8995165694867144478,,,https://www.youtube.com/watch?v=OrzWR9MX7RQ&list=PLU3_fvoJ1GyMStiA29z37DUPtG47PvOJz&index=96,,,,,,,,,,,,,,,,,,,,30 Dec '99,,,,,30 Dec '99,,,,,,30 Dec '99,,,30 Dec '99,,,30 Dec '99,,,,,,,,,,,,,,,,,,,,,,,,,,,,,,
,487,-,,🇵🇱,watermelon1708,,🗙,9:49.338,9:49.896,15 Aug 2024,(U),unknown,,,https://www.youtube.com/watch?v=N1MKoW8JtrU,,,,,,,,,,,,,,,,,,,,30 Dec '99,,,,,30 Dec '99,,,,,,30 Dec '99,,,30 Dec '99,,,30 Dec '99,,,,,,,,,,,,,,,,,,,,,,,,,,,,,,
,488,-,,🇳🇴,skycrab1,,🗙,9:49.969,9:50.065,13 Nov 2024,(U),4962570127198828524,,,https://www.youtube.com/watch?v=6eV5G75VplI&list=PLU3_fvoJ1GyMStiA29z37DUPtG47PvOJz&index=93,,,,,,,,,,,,,,,,,,,,30 Dec '99,,,,,30 Dec '99,,,,,,30 Dec '99,,,30 Dec '99,,,30 Dec '99,,,,,,,,,,,,,,,,,,,,,,,,,,,,,,
,489,-,,🇺🇸,doogile,,🗙,9:49.649,9:50.424,12 Sep 2023,(U),-1655592444366996481,,,https://www.youtube.com/watch?v=FBTXjli9DBQ,,,,,,,,,,,,,,,,,,,,30 Dec '99,,,,,30 Dec '99,,,,,,30 Dec '99,,,30 Dec '99,,,30 Dec '99,,,,,,,,,,,,,,,,,,,,,,,,,,,,,,
,490,-,,🇸🇰,NoFear1337,,🗙,9:50.463,9:50.463,20 Aug 2023,(U),unknown,,,https://www.youtube.com/watch?v=48-PM4b2mhk,,,,,,,,,,,,,,,,,,,,30 Dec '99,,,,,30 Dec '99,,,,,,30 Dec '99,,,30 Dec '99,,,30 Dec '99,,,,,,,,,,,,,,,,,,,,,,,,,,,,,,
,491,-,,🇳🇴,skycrab1,,🗙,9:49.721,9:50.491,21 Jun 2024,(U),-6497843382079027047,,,https://www.youtube.com/watch?v=F8E2ivfO0zk&list=PLU3_fvoJ1GyMStiA29z37DUPtG47PvOJz&index=37,,,,,,,,,,,,,,,,,,,,30 Dec '99,,,,,30 Dec '99,,,,,,30 Dec '99,,,30 Dec '99,,,30 Dec '99,,,,,,,,,,,,,,,,,,,,,,,,,,,,,,
,492,-,,🇺🇸,doogile,,🗙,9:39.067,9:50.542,28 Oct 2023,(U),9080996345703823922,,,https://www.youtube.com/watch?v=_V6MkKldJvY,,,,,,,,,,,,,,,,,,,,30 Dec '99,,,,,30 Dec '99,,,,,,30 Dec '99,,,30 Dec '99,,,30 Dec '99,,,,,,,,,,,,,,,,,,,,,,,,,,,,,,
,493,-,,🇳🇴,skycrab1,,🗙,9:50.665,9:50.665,23 Sep 2024,(U),2493200409668593062,,,https://www.youtube.com/watch?v=EEEQo8N6gQU&list=PLU3_fvoJ1GyMStiA29z37DUPtG47PvOJz&index=72,,,,,,,,,,,,,,,,,,,,30 Dec '99,,,,,30 Dec '99,,,,,,30 Dec '99,,,30 Dec '99,,,30 Dec '99,,,,,,,,,,,,,,,,,,,,,,,,,,,,,,
,494,-,,🇺🇸,doogile,,🗙,9:43.048,9:50.671,06 Jun 2023,(U),5486779662085254088,,,https://www.youtube.com/watch?v=GNfBvK-DdeI,,,,,,,,,,,,,,,,,,,,30 Dec '99,,,,,30 Dec '99,,,,,,30 Dec '99,,,30 Dec '99,,,30 Dec '99,,,,,,,,,,,,,,,,,,,,,,,,,,,,,,
,495,-,,🇨🇦,Aquacorde,,🗙,9:50.705,9:50.705,28 May 2025,(U),1875131557642639498,,,https://www.youtube.com/watch?v=WHI4EIF361I,,,,,,,,,,,,,,,,,,,,30 Dec '99,,,,,30 Dec '99,,,,,,30 Dec '99,,,30 Dec '99,,,30 Dec '99,,,,,,,,,,,,,,,,,,,,,,,,,,,,,,
,496,-,,🇳🇴,skycrab1,,🗙,9:48.924,9:50.706,14 Apr 2024,(U),unknown,,,https://www.youtube.com/watch?v=sr2kZbeK9UA&list=PLU3_fvoJ1GyMStiA29z37DUPtG47PvOJz&index=15,,,,,,,,,,,,,,,,,,,,30 Dec '99,,,,,30 Dec '99,,,,,,30 Dec '99,,,30 Dec '99,,,30 Dec '99,,,,,,,,,,,,,,,,,,,,,,,,,,,,,,
,497,-,,🇺🇸,doogile,,🗙,9:49.586,9:50.726,23 Jan 2024,(U),-584548052417778455,,,https://www.youtube.com/watch?v=ql5yaRF0gCE,,,,,,,,,,,,,,,,,,,,30 Dec '99,,,,,30 Dec '99,,,,,,30 Dec '99,,,30 Dec '99,,,30 Dec '99,,,,,,,,,,,,,,,,,,,,,,,,,,,,,,
,498,-,,🇳🇴,skycrab1,,🗙,9:50.792,9:50.792,07 Nov 2024,(U),7554489611952099407,,,https://www.youtube.com/watch?v=6-ETpuXoEEk&list=PLU3_fvoJ1GyMStiA29z37DUPtG47PvOJz&index=91,,,,,,,,,,,,,,,,,,,,30 Dec '99,,,,,30 Dec '99,,,,,,30 Dec '99,,,30 Dec '99,,,30 Dec '99,,,,,,,,,,,,,,,,,,,,,,,,,,,,,,
,499,-,,🇮🇹,drip120,,✔,9:50.878,9:50.878,04 Oct 2023,(V),-1789423009707373733,,Yes,https://www.speedrun.com/mc/runs/y6q50l6z,,,,,,,,,,,,,,,,,,,,30 Dec '99,,,,,30 Dec '99,,,,,,30 Dec '99,,,30 Dec '99,,,30 Dec '99,,,,,,,,,,,,,,,,,,,,,,,,,,,,,,
,500,-,,🇸🇰,NoFear1337,,🗙,9:48.795,9:51.150,17 Jun 2025,(U),unknown,,,https://www.youtube.com/watch?v=EZF1Z0DG-74,,,,,,,,,,,,,,,,,,,,30 Dec '99,,,,,30 Dec '99,,,,,,30 Dec '99,,,30 Dec '99,,,30 Dec '99,,,,,,,,,,,,,,,,,,,,,,,,,,,,,,
,501,-,,🇳🇴,skycrab1,,🗙,9:51.158,9:51.158,08 Dec 2025,(U),unknown,,,https://www.youtube.com/watch?v=fKGyoMdXDzc&list=PLU3_fvoJ1GyMStiA29z37DUPtG47PvOJz&index=156,,,,,,,,,,,,,,,,,,,,30 Dec '99,,,,,30 Dec '99,,,,,,30 Dec '99,,,30 Dec '99,,,30 Dec '99,,,,,,,,,,,,,,,,,,,,,,,,,,,,,,
,502,-,,🇳🇴,skycrab1,,🗙,9:51.202,9:51.202,09 Oct 2024,(U),6786942152196432309,,,https://www.youtube.com/watch?v=qIX6RDLk3Fw&list=PLU3_fvoJ1GyMStiA29z37DUPtG47PvOJz&index=79,,,,,,,,,,,,,,,,,,,,30 Dec '99,,,,,30 Dec '99,,,,,,30 Dec '99,,,30 Dec '99,,,30 Dec '99,,,,,,,,,,,,,,,,,,,,,,,,,,,,,,
,503,-,,🇳🇴,skycrab1,,🗙,9:51.237,9:51.237,04 Sep 2024,(U),-5564102044404778436,,,https://www.youtube.com/watch?v=J6913JzSFoI&list=PLU3_fvoJ1GyMStiA29z37DUPtG47PvOJz&index=63,,,,,,,,,,,,,,,,,,,,30 Dec '99,,,,,30 Dec '99,,,,,,30 Dec '99,,,30 Dec '99,,,30 Dec '99,,,,,,,,,,,,,,,,,,,,,,,,,,,,,,
,504,-,,🇮🇹,drip120,,🗙,9:49.755,9:51.238,17 Dec 2025,(U),unknown,,,https://www.youtube.com/watch?v=wz6HL9sHv3A,,,,,,,,,,,,,,,,,,,,30 Dec '99,,,,,30 Dec '99,,,,,,30 Dec '99,,,30 Dec '99,,,30 Dec '99,,,,,,,,,,,,,,,,,,,,,,,,,,,,,,
,505,-,,🇬🇧,priffie,,✔,9:52.129,9:52.129,06 Apr 2023,(V),-6774371518579710751,12,Yes,https://www.speedrun.com/mc/run/y4g4q23y,,,,,,,,,,,,,,,,,,,,30 Dec '99,,,,,30 Dec '99,,,,,,30 Dec '99,,,30 Dec '99,,,30 Dec '99,,,,,,,,,,,,,,,,,,,,,,,,,,,,,,
,506,-,,🇩🇰,Bloopy,,🗙,9:51.888,9:52.213,01 Dec 2024,(U),-585511820718115060,,,https://www.youtube.com/watch?v=NZGdtGg7EMI,,,,,,,,,,,,,,,,,,,,30 Dec '99,,,,,30 Dec '99,,,,,,30 Dec '99,,,30 Dec '99,,,30 Dec '99,,,,,,,,,,,,,,,,,,,,,,,,,,,,,,
,507,-,,🇺🇸,doogile,,🗙,9:47.627,9:52.339,30 Mar 2025,(U),unknown,,,https://www.youtube.com/watch?v=qhwp9ohvjNc,,,,,,,,,,,,,,,,,,,,30 Dec '99,,,,,30 Dec '99,,,,,,30 Dec '99,,,30 Dec '99,,,30 Dec '99,,,,,,,,,,,,,,,,,,,,,,,,,,,,,,
,508,-,,🇧🇪,boyenn,,🗙,9:52.329,9:52.329,02 May 2025,(U),unknown,,,https://www.youtube.com/watch?v=d_SBrMIiMm4,,,,,,,,,,,,,,,,,,,,30 Dec '99,,,,,30 Dec '99,,,,,,30 Dec '99,,,30 Dec '99,,,30 Dec '99,,,,,,,,,,,,,,,,,,,,,,,,,,,,,,
,509,-,,🇸🇰,NoFear1337,,🗙,9:50.254,9:52.607,29 Aug 2025,(U),unknown,,,https://www.youtube.com/watch?v=1CSaPJ3zD9E,,,,,,,,,,,,,,,,,,,,30 Dec '99,,,,,30 Dec '99,,,,,,30 Dec '99,,,30 Dec '99,,,30 Dec '99,,,,,,,,,,,,,,,,,,,,,,,,,,,,,,
,510,-,,🇸🇰,NoFear1337,,🗙,9:52.674,9:52.674,14 Jul 2023,(U),3311070428506478041,,,https://www.youtube.com/watch?v=0xG_Me1Rz5g,,,,,,,,,,,,,,,,,,,,30 Dec '99,,,,,30 Dec '99,,,,,,30 Dec '99,,,30 Dec '99,,,30 Dec '99,,,,,,,,,,,,,,,,,,,,,,,,,,,,,,
,511,-,,🇸🇰,NoFear1337,,🗙,9:51.200,9:52.693,27 Nov 2024,(U),unknown,,,https://www.youtube.com/watch?v=fOaCQDFWOJY&list=PLaTJSsRuu2UeeWabBBfNVWALvnefBoL2C&index=14,,,,,,,,,,,,,,,,,,,,30 Dec '99,,,,,30 Dec '99,,,,,,30 Dec '99,,,30 Dec '99,,,30 Dec '99,,,,,,,,,,,,,,,,,,,,,,,,,,,,,,
,512,-,,🇸🇰,NoFear1337,,🗙,9:52.350,9:52.741,04 Nov 2025,(U),unknown,,,https://www.youtube.com/watch?v=OHpcSW2oLMw,,,,,,,,,,,,,,,,,,,,30 Dec '99,,,,,30 Dec '99,,,,,,30 Dec '99,,,30 Dec '99,,,30 Dec '99,,,,,,,,,,,,,,,,,,,,,,,,,,,,,,
,513,-,,🇺🇸,Zylenox,,✔,9:50.003,9:52.982,01 Oct 2022,(X),7341342396448378050,06,Yes,https://www.speedrun.com/mc/run/zgqlvxey,,,,,,,,,,,,,,,,,,,,30 Dec '99,,,,,30 Dec '99,,,,,,30 Dec '99,,,30 Dec '99,,,30 Dec '99,,,,,,,,,,,,,,,,,,,,,,,,,,,,,,
,514,-,,🇨🇦,Aquacorde,,🗙,9:52.194,9:53.340,22 Sep 2024,(U),-9213133469295055645,,,https://www.youtube.com/watch?v=WlkQTuuVfUg,,,,,,,,,,,,,,,,,,,,30 Dec '99,,,,,30 Dec '99,,,,,,30 Dec '99,,,30 Dec '99,,,30 Dec '99,,,,,,,,,,,,,,,,,,,,,,,,,,,,,,
,515,-,,🇳🇴,skycrab1,,🗙,9:52.003,9:53.778,08 Aug 2024,(U),-7456900742999053389,,,https://www.youtube.com/watch?v=nJT3-TIU4ak&list=PLU3_fvoJ1GyMStiA29z37DUPtG47PvOJz&index=49,,,,,,,,,,,,,,,,,,,,30 Dec '99,,,,,30 Dec '99,,,,,,30 Dec '99,,,30 Dec '99,,,30 Dec '99,,,,,,,,,,,,,,,,,,,,,,,,,,,,,,
,516,-,,🇺🇸,Zylenox,,🗙,9:52.464,9:53.967,08 Jun 2023,(U),unknown,15,Yes,https://www.youtube.com/watch?v=tgOPJWqSS2A,,,,,,,,,,,,,,,,,,,,30 Dec '99,,,,,30 Dec '99,,,,,,30 Dec '99,,,30 Dec '99,,,30 Dec '99,,,,,,,,,,,,,,,,,,,,,,,,,,,,,,
,517,-,,🇸🇰,NoFear1337,,🗙,9:54.420,9:54.420,03 Jul 2024,(U),unknown,,,https://www.youtube.com/watch?v=wLSjADbTw0g&list=PLaTJSsRuu2UeeWabBBfNVWALvnefBoL2C&index=11,,,,,,,,,,,,,,,,,,,,30 Dec '99,,,,,30 Dec '99,,,,,,30 Dec '99,,,30 Dec '99,,,30 Dec '99,,,,,,,,,,,,,,,,,,,,,,,,,,,,,,
,518,-,,🇺🇸,doogile,,🗙,9:48.840,9:54.481,30 Nov 2023,(U),984680660246125124,,,https://www.youtube.com/watch?v=o4MQAI-5dNk,,,,,,,,,,,,,,,,,,,,30 Dec '99,,,,,30 Dec '99,,,,,,30 Dec '99,,,30 Dec '99,,,30 Dec '99,,,,,,,,,,,,,,,,,,,,,,,,,,,,,,
,519,-,,🇳🇴,skycrab1,,🗙,9:53.575,9:54.586,23 May 2024,(U),891404935747886516,,,https://www.youtube.com/watch?v=Jej0PF9SsMc&list=PLU3_fvoJ1GyMStiA29z37DUPtG47PvOJz&index=22,,,,,,,,,,,,,,,,,,,,30 Dec '99,,,,,30 Dec '99,,,,,,30 Dec '99,,,30 Dec '99,,,30 Dec '99,,,,,,,,,,,,,,,,,,,,,,,,,,,,,,
,520,-,,🇺🇸,doogile,,🗙,9:53.274,9:54.737,30 Apr 2023,(U),8647590348212055728,,,https://www.youtube.com/watch?v=LCDb8vZEG8M,,,,,,,,,,,,,,,,,,,,30 Dec '99,,,,,30 Dec '99,,,,,,30 Dec '99,,,30 Dec '99,,,30 Dec '99,,,,,,,,,,,,,,,,,,,,,,,,,,,,,,
,521,-,,🇳🇴,skycrab1,,✔,9:48.928,9:54.790,17 Aug 2023,(V),4841977551772325086,,,https://www.speedrun.com/mc/runs/zx3pxk8z,,,,,,,,,,,,,,,,,,,,30 Dec '99,,,,,30 Dec '99,,,,,,30 Dec '99,,,30 Dec '99,,,30 Dec '99,,,,,,,,,,,,,,,,,,,,,,,,,,,,,,
,522,-,,🇳🇴,skycrab1,,🗙,9:51.595,9:55.093,04 Nov 2023,(U),unknown,,,https://www.youtube.com/watch?v=6XR2MBsNb6k&list=PLU3_fvoJ1GyMStiA29z37DUPtG47PvOJz&index=3,,,,,,,,,,,,,,,,,,,,30 Dec '99,,,,,30 Dec '99,,,,,,30 Dec '99,,,30 Dec '99,,,30 Dec '99,,,,,,,,,,,,,,,,,,,,,,,,,,,,,,
,523,-,,🇵🇱,watermelon1708,,🗙,9:55.102,9:55.102,09 Nov 2024,(U),unknown,,,https://www.youtube.com/watch?v=ZPS7AydV7hs,,,,,,,,,,,,,,,,,,,,30 Dec '99,,,,,30 Dec '99,,,,,,30 Dec '99,,,30 Dec '99,,,30 Dec '99,,,,,,,,,,,,,,,,,,,,,,,,,,,,,,
,524,-,,🇳🇴,skycrab1,,🗙,9:55.288,9:55.288,11 Sep 2024,(U),-7383229006023208125,,,https://www.youtube.com/watch?v=hsEjtrLyOUM&list=PLU3_fvoJ1GyMStiA29z37DUPtG47PvOJz&index=68,,,,,,,,,,,,,,,,,,,,30 Dec '99,,,,,30 Dec '99,,,,,,30 Dec '99,,,30 Dec '99,,,30 Dec '99,,,,,,,,,,,,,,,,,,,,,,,,,,,,,,
,525,-,,🇸🇰,NoFear1337,,🗙,9:55.440,9:55.440,02 Oct 2023,(U),unknown,,,https://www.youtube.com/watch?v=wSvd77nUE5w,,,,,,,,,,,,,,,,,,,,30 Dec '99,,,,,30 Dec '99,,,,,,30 Dec '99,,,30 Dec '99,,,30 Dec '99,,,,,,,,,,,,,,,,,,,,,,,,,,,,,,
,526,-,,🇸🇰,NoFear1337,,🗙,9:55.325,9:55.616,6 May 2024,(U),unknown,,,https://www.youtube.com/watch?v=SGv4ZI8oRZs&list=PLaTJSsRuu2UeeWabBBfNVWALvnefBoL2C&index=9,,,,,,,,,,,,,,,,,,,,30 Dec '99,,,,,30 Dec '99,,,,,,30 Dec '99,,,30 Dec '99,,,30 Dec '99,,,,,,,,,,,,,,,,,,,,,,,,,,,,,,
,527,-,,🇬🇧,Kxpow,,🗙,9:54.397,9:55.748,04 Dec 2023,(U),5607338791284436984,09,Yes,https://www.youtube.com/watch?v=A7-MF6MUslQ,,,,,,,,,,,,,,,,,,,,30 Dec '99,,,,,30 Dec '99,,,,,,30 Dec '99,,,30 Dec '99,,,30 Dec '99,,,,,,,,,,,,,,,,,,,,,,,,,,,,,,
,528,-,,🇺🇸,doogile,,🗙,9:54.943,9:55.997,03 Mar 2024,(U),-6539725761091483883,,,https://www.youtube.com/watch?v=xPmNTEmWuPM,,,,,,,,,,,,,,,,,,,,30 Dec '99,,,,,30 Dec '99,,,,,,30 Dec '99,,,30 Dec '99,,,30 Dec '99,,,,,,,,,,,,,,,,,,,,,,,,,,,,,,
,529,-,,🇸🇰,NoFear1337,,🗙,9:55.940,9:56.174,17 Jun 2025,(U),unknown,,,https://www.youtube.com/watch?v=Ueljb7uj3fA,,,,,,,,,,,,,,,,,,,,30 Dec '99,,,,,30 Dec '99,,,,,,30 Dec '99,,,30 Dec '99,,,30 Dec '99,,,,,,,,,,,,,,,,,,,,,,,,,,,,,,
,530,-,,🇸🇰,NoFear1337,,🗙,9:56.184,9:56.184,10 Dec 2023,(U),unknown,,,https://www.youtube.com/watch?v=qT6Bdh7x3RY,,,,,,,,,,,,,,,,,,,,30 Dec '99,,,,,30 Dec '99,,,,,,30 Dec '99,,,30 Dec '99,,,30 Dec '99,,,,,,,,,,,,,,,,,,,,,,,,,,,,,,
,531,-,,🇵🇱,watermelon1708,,🗙,9:55.885,9:56.256,03 Oct 2025,(U),unknown,,,todo,,,,,,,,,,,,,,,,,,,,30 Dec '99,,,,,30 Dec '99,,,,,,30 Dec '99,,,30 Dec '99,,,30 Dec '99,,,,,,,,,,,,,,,,,,,,,,,,,,,,,,
,532,-,,🇺🇸,doogile,,🗙,9:54.068,9:56.523,23 Feb 2023,(U),6408064456688013983,,,https://www.youtube.com/watch?v=GdCYkElNK1M,,,,,,,,,,,,,,,,,,,,30 Dec '99,,,,,30 Dec '99,,,,,,30 Dec '99,,,30 Dec '99,,,30 Dec '99,,,,,,,,,,,,,,,,,,,,,,,,,,,,,,
,533,-,,🇳🇴,skycrab1,,🗙,9:56.544,9:56.544,17 Jan 2025,(U),4734961951437511625,,,https://www.youtube.com/watch?v=b02Hcjv7jIE&list=PLU3_fvoJ1GyMStiA29z37DUPtG47PvOJz&index=109,,,,,,,,,,,,,,,,,,,,30 Dec '99,,,,,30 Dec '99,,,,,,30 Dec '99,,,30 Dec '99,,,30 Dec '99,,,,,,,,,,,,,,,,,,,,,,,,,,,,,,
,534,-,,🇳🇴,skycrab1,,🗙,9:56.649,9:56.649,08 Dec 2025,(U),unknown,,,https://www.youtube.com/watch?v=P0qk2AGV3VY&list=PLU3_fvoJ1GyMStiA29z37DUPtG47PvOJz&index=152,,,,,,,,,,,,,,,,,,,,30 Dec '99,,,,,30 Dec '99,,,,,,30 Dec '99,,,30 Dec '99,,,30 Dec '99,,,,,,,,,,,,,,,,,,,,,,,,,,,,,,
,535,-,,🇳🇴,skycrab1,,🗙,9:56.902,9:56.902,04 Oct 2024,(U),-633820598283488717,,,https://www.youtube.com/watch?v=PI6D8MfZuDk&list=PLU3_fvoJ1GyMStiA29z37DUPtG47PvOJz&index=75,,,,,,,,,,,,,,,,,,,,30 Dec '99,,,,,30 Dec '99,,,,,,30 Dec '99,,,30 Dec '99,,,30 Dec '99,,,,,,,,,,,,,,,,,,,,,,,,,,,,,,
,536,-,,🇨🇦,Aquacorde,,🗙,9:56.926,9:56.926,27 Mar 2025,(U),5157843297046225006,,,https://www.youtube.com/watch?v=hGn2BSJHRhA,,,,,,,,,,,,,,,,,,,,30 Dec '99,,,,,30 Dec '99,,,,,,30 Dec '99,,,30 Dec '99,,,30 Dec '99,,,,,,,,,,,,,,,,,,,,,,,,,,,,,,
,537,-,,🇨🇦,NoHacsJustRoblox,,🗙,9:57.026,9:57.026,17 Apr 2024,(U),-3757955350309369688,,,https://www.youtube.com/watch?v=P8t-qbFZ-BY,,,,,,,,,,,,,,,,,,,,30 Dec '99,,,,,30 Dec '99,,,,,,30 Dec '99,,,30 Dec '99,,,30 Dec '99,,,,,,,,,,,,,,,,,,,,,,,,,,,,,,
,538,-,,🇮🇹,drip120,,✔,9:55.892,9:57.317,03 Jul 2023,(V),2452531967130653073,,Yes,https://www.speedrun.com/mc/runs/z1lg9prm,,,,,,,,,,,,,,,,,,,,30 Dec '99,,,,,30 Dec '99,,,,,,30 Dec '99,,,30 Dec '99,,,30 Dec '99,,,,,,,,,,,,,,,,,,,,,,,,,,,,,,
,539,-,,🇳🇴,skycrab1,,✔,9:51.461,9:57.147,11 May 2023,(U),2605522184157601882,,,https://www.youtube.com/watch?v=jYU7tFrq3Kw,,,,,,,,,,,,,,,,,,,,30 Dec '99,,,,,30 Dec '99,,,,,,30 Dec '99,,,30 Dec '99,,,30 Dec '99,,,,,,,,,,,,,,,,,,,,,,,,,,,,,,
,540,-,,🇳🇴,skycrab1,,🗙,9:56.329,9:57.615,29 Aug 2024,(U),-4480279023059321104,,,https://www.youtube.com/watch?v=c_knIEDIN0Q&list=PLU3_fvoJ1GyMStiA29z37DUPtG47PvOJz&index=60,,,,,,,,,,,,,,,,,,,,30 Dec '99,,,,,30 Dec '99,,,,,,30 Dec '99,,,30 Dec '99,,,30 Dec '99,,,,,,,,,,,,,,,,,,,,,,,,,,,,,,
,541,-,,🇺🇸,doogile,,🗙,9:56.917,9:57.529,17 Oct 2023,(U),-5689854122444057127,,,https://www.youtube.com/watch?v=2BCjNspgecU,,,,,,,,,,,,,,,,,,,,30 Dec '99,,,,,30 Dec '99,,,,,,30 Dec '99,,,30 Dec '99,,,30 Dec '99,,,,,,,,,,,,,,,,,,,,,,,,,,,,,,
,542,-,,🇳🇴,skycrab1,,🗙,9:56.188,9:57.562,02 Jun 2024,(U),3940068487217196837,,,https://www.youtube.com/watch?v=iAdpF0Sqc88&list=PLU3_fvoJ1GyMStiA29z37DUPtG47PvOJz&index=26,,,,,,,,,,,,,,,,,,,,30 Dec '99,,,,,30 Dec '99,,,,,,30 Dec '99,,,30 Dec '99,,,30 Dec '99,,,,,,,,,,,,,,,,,,,,,,,,,,,,,,
,543,-,,🇳🇴,skycrab1,,🗙,9:56.538,9:57.820,14 Aug 2024,(U),479487356210199051,,,https://www.youtube.com/watch?v=1M8TGn4UPXE&list=PLU3_fvoJ1GyMStiA29z37DUPtG47PvOJz&index=54,,,,,,,,,,,,,,,,,,,,30 Dec '99,,,,,30 Dec '99,,,,,,30 Dec '99,,,30 Dec '99,,,30 Dec '99,,,,,,,,,,,,,,,,,,,,,,,,,,,,,,
,544,-,,🇸🇰,NoFear1337,,🗙,9:54.437,9:57.999,09 Oct 2025,(U),unknown,,,https://www.youtube.com/watch?v=ksuzNN1cGZo,,,,,,,,,,,,,,,,,,,,30 Dec '99,,,,,30 Dec '99,,,,,,30 Dec '99,,,30 Dec '99,,,30 Dec '99,,,,,,,,,,,,,,,,,,,,,,,,,,,,,,
,545,-,,🇳🇴,skycrab1,,🗙,9:57.276,9:58.045,20 Jun 2024,(U),1800265226031074073,,,https://www.youtube.com/watch?v=wnyuQs9XN68&list=PLU3_fvoJ1GyMStiA29z37DUPtG47PvOJz&index=35,,,,,,,,,,,,,,,,,,,,30 Dec '99,,,,,30 Dec '99,,,,,,30 Dec '99,,,30 Dec '99,,,30 Dec '99,,,,,,,,,,,,,,,,,,,,,,,,,,,,,,
,546,-,,🇺🇸,doogile,,🗙,9:56.283,9:58.776,24 Oct 2023,(U),-7334551745838915059,,,https://www.youtube.com/watch?v=m6JOuubXYqM,,,,,,,,,,,,,,,,,,,,0,,,,,0,,,,,,0:00,,,0,,,0,,,,,,,,,,,,,,,,,,,,,,,,,,,,,,
,547,-,,🇳🇴,skycrab1,,🗙,9:58.937,9:58.937,22 Jul 2025,(U),unknown,,,https://www.youtube.com/watch?v=GyLMFvz9RwQ&list=PLU3_fvoJ1GyMStiA29z37DUPtG47PvOJz&index=136,,,,,,,,,,,,,,,,,,,,30 Dec '99,,,,,30 Dec '99,,,,,,30 Dec '99,,,30 Dec '99,,,30 Dec '99,,,,,,,,,,,,,,,,,,,,,,,,,,,,,,
,548,57,🇧🇾,MiGor,,,✔,9:58.953,9:59.304,09 Mar 2023,(V),-9045855264029833300,,,https://www.speedrun.com/mc/runs/ywvx7j9z,,,,,,,,,,,,,,,,,,,,30 Dec '99,,,,,30 Dec '99,,,,,,30 Dec '99,,,30 Dec '99,,,30 Dec '99,,,,,,,,,,,,,,,,,,,,,,,,,,,,,,
,549,-,,🇳🇴,skycrab1,,🗙,9:59.434,9:59.434,03 Feb 2025,(U),1510017576030083045,,,https://www.youtube.com/watch?v=2hEq9CQ2tCI&list=PLU3_fvoJ1GyMStiA29z37DUPtG47PvOJz&index=113,,,,,,,,,,,,,,,,,,,,30 Dec '99,,,,,30 Dec '99,,,,,,30 Dec '99,,,30 Dec '99,,,30 Dec '99,,,,,,,,,,,,,,,,,,,,,,,,,,,,,,
,550,58,🇺🇸,Dav1E,,,✔,9:56.187,9:59.801,04 Mar 2023,(V),-4842662315057252519,,,https://www.speedrun.com/mc/runs/ydglnxxy,,,,,,,,,,,,,,,,,,,,30 Dec '99,,,,,30 Dec '99,,,,,,30 Dec '99,,,30 Dec '99,,,30 Dec '99,,,,,,,,,,,,,,,,,,,,,,,,,,,,,,
,551,-,,🇸🇰,NoFear1337,,🗙,9:59.977,9:59.977,26 Jul 2023,(U),unknown,,,https://www.youtube.com/watch?v=jIXSA_OzqEo,,,,,,,,,,,,,,,,,,,,30 Dec '99,,,,,30 Dec '99,,,,,,30 Dec '99,,,30 Dec '99,,,30 Dec '99,,,,,,,,,,,,,,,,,,,,,,,,,,,,,,
,552,-,,,,,,10:30.000,10:30.000,12 Mar 2026,,,,,,,,,,,,,,,,,,,,,,,,,30 Dec '99,,,,,30 Dec '99,,,,,,30 Dec '99,,,30 Dec '99,,,30 Dec '99,,,,,,,,,,,,,,,,,,,,,,,,,,,,,,
,553,,,,,,,,,,,,,,,,,,,,,,,,,,,,,,,,,,30 Dec '99,,,,,30 Dec '99,,,,,,30 Dec '99,,,30 Dec '99,,,30 Dec '99,,,,,,,,,,,,,,,,,,,,,,,,,,,,,,
,554,,,,,,,,,,,,,,,,,,,,,,,,,,,,,,,,,,30 Dec '99,,,,,30 Dec '99,,,,,,30 Dec '99,,,30 Dec '99,,,30 Dec '99,,,,,,,,,,,,,,,,,,,,,,,,,,,,,,
,555,,,,,,,,,,,,,,,,,,,,,,,,,,,,,,,,,,30 Dec '99,,,,,30 Dec '99,,,,,,30 Dec '99,,,30 Dec '99,,,30 Dec '99,,,,,,,,,,,,,,,,,,,,,,,,,,,,,,
,,,,,,,,,,,,,,,,,,,,,,,,,,,,,,,,,,,30 Dec '99,,,,,30 Dec '99,,,,,,30 Dec '99,,,30 Dec '99,,,30 Dec '99,,,,,,,,,,,,,,,,,,,,,,,,,,,,,,
,,,,,,,,,,,,,,,,,,,,,,,,,,,,,,,,,,,30 Dec '99,,,,,30 Dec '99,,,,,,30 Dec '99,,,30 Dec '99,,,30 Dec '99,,,,,,,,,,,,,,,,,,,,,,,,,,,,,,
,,,,,,,,,,,,,,,,,,,,,,,,,,,,,,,,,,,30 Dec '99,,,,,30 Dec '99,,,,,,30 Dec '99,,,30 Dec '99,,,30 Dec '99,,,,,,,,,,,,,,,,,,,,,,,,,,,,,,
,,,,,,,,,,,,,,,,,,,,,,,,,,,,,,,,,,,30 Dec '99,,,,,30 Dec '99,,,,,,30 Dec '99,,,30 Dec '99,,,30 Dec '99,,,,,,,,,,,,,,,,,,,,,,,,,,,,,,
,,,,,,,,,,,,,,,,,,,,,,,,,,,,,,,,,,,30 Dec '99,,,,,30 Dec '99,,,,,,30 Dec '99,,,30 Dec '99,,,30 Dec '99,,,,,,,,,,,,,,,,,,,,,,,,,,,,,,
,,,,,,,,,,,,,,,,,,,,,,,,,,,,,,,,,,,30 Dec '99,,,,,30 Dec '99,,,,,,30 Dec '99,,,30 Dec '99,,,30 Dec '99,,,,,,,,,,,,,,,,,,,,,,,,,,,,,,
,,,,,,,,,,,,,,,,,,,,,,,,,,,,,,,,,,,30 Dec '99,,,,,30 Dec '99,,,,,,30 Dec '99,,,30 Dec '99,,,30 Dec '99,,,,,,,,,,,,,,,,,,,,,,,,,,,,,,
,,,,,,,,,,,,,,,,,,,,,,,,,,,,,,,,,,,30 Dec '99,,,,,30 Dec '99,,,,,,30 Dec '99,,,30 Dec '99,,,30 Dec '99,,,,,,,,,,,,,,,,,,,,,,,,,,,,,,
,,,,,,,,,,,,,,,,,,,,,,,,,,,,,,,,,,,30 Dec '99,,,,,30 Dec '99,,,,,,30 Dec '99,,,30 Dec '99,,,30 Dec '99,,,,,,,,,,,,,,,,,,,,,,,,,,,,,,
,,,,,,,,,,,,,,,,,,,,,,,,,,,,,,,,,,,30 Dec '99,,,,,30 Dec '99,,,,,,30 Dec '99,,,30 Dec '99,,,30 Dec '99,,,,,,,,,,,,,,,,,,,,,,,,,,,,,,
,,,,,,,,,,,,,,,,,,,,,,,,,,,,,,,,,,,30 Dec '99,,,,,30 Dec '99,,,,,,30 Dec '99,,,30 Dec '99,,,30 Dec '99,,,,,,,,,,,,,,,,,,,,,,,,,,,,,,
,,,,,,,,,,,,,,,,,,,,,,,,,,,,,,,,,,,30 Dec '99,,,,,30 Dec '99,,,,,,30 Dec '99,,,30 Dec '99,,,30 Dec '99,,,,,,,,,,,,,,,,,,,,,,,,,,,,,,
,,,,,,,,,,,,,,,,,,,,,,,,,,,,,,,,,,,30 Dec '99,,,,,30 Dec '99,,,,,,30 Dec '99,,,30 Dec '99,,,30 Dec '99,,,,,,,,,,,,,,,,,,,,,,,,,,,,,,
,,,,,,,,,,,,,,,,,,,,,,,,,,,,,,,,,,,30 Dec '99,,,,,30 Dec '99,,,,,,30 Dec '99,,,30 Dec '99,,,30 Dec '99,,,,,,,,,,,,,,,,,,,,,,,,,,,,,,
,,,,,,,,,,,,,,,,,,,,,,,,,,,,,,,,,,,30 Dec '99,,,,,30 Dec '99,,,,,,30 Dec '99,,,30 Dec '99,,,30 Dec '99,,,,,,,,,,,,,,,,,,,,,,,,,,,,,,
,,,,,,,,,,,,,,,,,,,,,,,,,,,,,,,,,,,30 Dec '99,,,,,30 Dec '99,,,,,,30 Dec '99,,,30 Dec '99,,,30 Dec '99,,,,,,,,,,,,,,,,,,,,,,,,,,,,,,
,,,,,,,,,,,,,,,,,,,,,,,,,,,,,,,,,,,30 Dec '99,,,,,30 Dec '99,,,,,,30 Dec '99,,,30 Dec '99,,,30 Dec '99,,,,,,,,,,,,,,,,,,,,,,,,,,,,,,
,,,,,,,,,,,,,,,,,,,,,,,,,,,,,,,,,,,30 Dec '99,,,,,30 Dec '99,,,,,,30 Dec '99,,,30 Dec '99,,,30 Dec '99,,,,,,,,,,,,,,,,,,,,,,,,,,,,,,
,,,,,,,,,,,,,,,,,,,,,,,,,,,,,,,,,,,,,,,,,,,,,,,,,,,,30 Dec '99,,,,,,,,,,,,,,,,,,,,,,,,,,,,,,
,,,,,,,,,,,,,,,,,,,,,,,,,,,,,,,,,,,,,,,,,,,,,,,,,,,,30 Dec '99,,,,,,,,,,,,,,,,,,,,,,,,,,,,,,
,,,,,,,,,,,,,,,,,,,,,,,,,,,,,,,,,,,,,,,,,,,,,,,,,,,,30 Dec '99,,,,,,,,,,,,,,,,,,,,,,,,,,,,,,
,,,,,,,,,,,,,,,,,,,,,,,,,,,,,,,,,,,,,,,,,,,,,,,,,,,,30 Dec '99,,,,,,,,,,,,,,,,,,,,,,,,,,,,,,
,,,,,,,,,,,,,,,,,,,,,,,,,,,,,,,,,,,,,,,,,,,,,,,,,,,,30 Dec '99,,,,,,,,,,,,,,,,,,,,,,,,,,,,,,
,,,,,,,,,,,,,,,,,,,,,,,,,,,,,,,,,,,,,,,,,,,,,,,,,,,,30 Dec '99,,,,,,,,,,,,,,,,,,,,,,,,,,,,,,
,,,,,,,,,,,,,,,,,,,,,,,,,,,,,,,,,,,,,,,,,,,,,,,,,,,,30 Dec '99,,,,,,,,,,,,,,,,,,,,,,,,,,,,,,
,,,,,,,,,,,,,,,,,,,,,,,,,,,,,,,,,,,,,,,,,,,,,,,,,,,,30 Dec '99,,,,,,,,,,,,,,,,,,,,,,,,,,,,,,
,,,,,,,,,,,,,,,,,,,,,,,,,,,,,,,,,,,,,,,,,,,,,,,,,,,,30 Dec '99,,,,,,,,,,,,,,,,,,,,,,,,,,,,,,
,,,,,,,,,,,,,,,,,,,,,,,,,,,,,,,,,,,,,,,,,,,,,,,,,,,,30 Dec '99,,,,,,,,,,,,,,,,,,,,,,,,,,,,,,
,,,,,,,,,,,,,,,,,,,,,,,,,,,,,,,,,,,,,,,,,,,,,,,,,,,,30 Dec '99,,,,,,,,,,,,,,,,,,,,,,,,,,,,,,
,,,,,,,,,,,,,,,,,,,,,,,,,,,,,,,,,,,,,,,,,,,,,,,,,,,,30 Dec '99,,,,,,,,,,,,,,,,,,,,,,,,,,,,,,
,,,,,,,,,,,,,,,,,,,,,,,,,,,,,,,,,,,,,,,,,,,,,,,,,,,,30 Dec '99,,,,,,,,,,,,,,,,,,,,,,,,,,,,,,
,,,,,,,,,,,,,,,,,,,,,,,,,,,,,,,,,,,,,,,,,,,,,,,,,,,,30 Dec '99,,,,,,,,,,,,,,,,,,,,,,,,,,,,,,
,,,,,,,,,,,,,,,,,,,,,,,,,,,,,,,,,,,,,,,,,,,,,,,,,,,,30 Dec '99,,,,,,,,,,,,,,,,,,,,,,,,,,,,,,
,,,,,,,,,,,,,,,,,,,,,,,,,,,,,,,,,,,,,,,,,,,,,,,,,,,,30 Dec '99,,,,,,,,,,,,,,,,,,,,,,,,,,,,,,
,,,,,,,,,,,,,,,,,,,,,,,,,,,,,,,,,,,,,,,,,,,,,,,,,,,,30 Dec '99,,,,,,,,,,,,,,,,,,,,,,,,,,,,,,
,,,,,,,,,,,,,,,,,,,,,,,,,,,,,,,,,,,,,,,,,,,,,,,,,,,,30 Dec '99,,,,,,,,,,,,,,,,,,,,,,,,,,,,,,
,,,,,,,,,,,,,,,,,,,,,,,,,,,,,,,,,,,,,,,,,,,,,,,,,,,,30 Dec '99,,,,,,,,,,,,,,,,,,,,,,,,,,,,,,
,,,,,,,,,,,,,,,,,,,,,,,,,,,,,,,,,,,,,,,,,,,,,,,,,,,,30 Dec '99,,,,,,,,,,,,,,,,,,,,,,,,,,,,,,
,,,,,,,,,,,,,,,,,,,,,,,,,,,,,,,,,,,,,,,,,,,,,,,,,,,,30 Dec '99,,,,,,,,,,,,,,,,,,,,,,,,,,,,,,
,,,,,,,,,,,,,,,,,,,,,,,,,,,,,,,,,,,,,,,,,,,,,,,,,,,,30 Dec '99,,,,,,,,,,,,,,,,,,,,,,,,,,,,,,
,,,,,,,,,,,,,,,,,,,,,,,,,,,,,,,,,,,,,,,,,,,,,,,,,,,,30 Dec '99,,,,,,,,,,,,,,,,,,,,,,,,,,,,,,
,,,,,,,,,,,,,,,,,,,,,,,,,,,,,,,,,,,,,,,,,,,,,,,,,,,,30 Dec '99,,,,,,,,,,,,,,,,,,,,,,,,,,,,,,
,,,,,,,,,,,,,,,,,,,,,,,,,,,,,,,,,,,,,,,,,,,,,,,,,,,,30 Dec '99,,,,,,,,,,,,,,,,,,,,,,,,,,,,,,
,,,,,,,,,,,,,,,,,,,,,,,,,,,,,,,,,,,,,,,,,,,,,,,,,,,,30 Dec '99,,,,,,,,,,,,,,,,,,,,,,,,,,,,,,
,,,,,,,,,,,,,,,,,,,,,,,,,,,,,,,,,,,,,,,,,,,,,,,,,,,,30 Dec '99,,,,,,,,,,,,,,,,,,,,,,,,,,,,,,
,,,,,,,,,,,,,,,,,,,,,,,,,,,,,,,,,,,,,,,,,,,,,,,,,,,,30 Dec '99,,,,,,,,,,,,,,,,,,,,,,,,,,,,,,
,,,,,,,,,,,,,,,,,,,,,,,,,,,,,,,,,,,,,,,,,,,,,,,,,,,,30 Dec '99,,,,,,,,,,,,,,,,,,,,,,,,,,,,,,
,,,,,,,,,,,,,,,,,,,,,,,,,,,,,,,,,,,,,,,,,,,,,,,,,,,,30 Dec '99,,,,,,,,,,,,,,,,,,,,,,,,,,,,,,
,,,,,,,,,,,,,,,,,,,,,,,,,,,,,,,,,,,,,,,,,,,,,,,,,,,,30 Dec '99,,,,,,,,,,,,,,,,,,,,,,,,,,,,,,
,,,,,,,,,,,,,,,,,,,,,,,,,,,,,,,,,,,,,,,,,,,,,,,,,,,,30 Dec '99,,,,,,,,,,,,,,,,,,,,,,,,,,,,,,